row_id,provinsi_pt,kabupaten_pt,jk,nm_jenj_didik,jumlah_lulusan,jumlah_terdaftar,ExposureRateBaseline,NB2_Offset,PoissonRate,TweedieRate,HistGBPoissonRate,RandomForestLogCount,ExtraTreesLogCount
0,Prov. Aceh,Kab. Aceh Barat,L,D2,21,149.0,33.90132702790626,60.57732304316891,45.349912126935365,38.746165213173775,49.37982563724755,38.06265076890651,40.69674515011379
1,Prov. Aceh,Kab. Aceh Barat,L,Profesi,35,85.0,19.339683203839144,102.52467733148288,84.2654651809552,82.66996635036831,82.23314133537957,136.2303666726472,88.14156904856027
2,Prov. Aceh,Kab. Aceh Barat,L,S1,554,4231.0,962.6611721816872,693.3671565428588,638.4114084081142,663.0974793667964,766.9903242047155,627.9213492857388,573.6118259452983
3,Prov. Aceh,Kab. Aceh Barat,L,S2,5,66.0,15.016695193569216,21.706547853322043,21.61372938907704,22.38345316464925,22.84998775381307,19.173038347551987,20.2527345813685
4,Prov. Aceh,Kab. Aceh Barat,P,D2,4,26.0,5.915667803527267,9.551636025612227,6.72767108209154,5.390839967540442,8.303502471308605,7.148464270370845,10.422530537175646
5,Prov. Aceh,Kab. Aceh Barat,P,D3,14,19.0,4.322988010269926,6.554100181832762,6.2871647805879505,6.924099394937083,6.354057516592308,6.959809623423607,5.360154951176294
6,Prov. Aceh,Kab. Aceh Barat,P,Profesi,55,151.0,34.356378397408356,198.87046069690186,162.36942367947898,159.28879344850986,147.72947131110755,148.9458092614748,138.48189737378658
7,Prov. Aceh,Kab. Aceh Barat,P,S1,1464,7356.0,1673.6789370287145,1403.8919634329777,1307.141204341619,1386.8180930175317,1496.527761777933,1219.4873885686086,1297.1746327177143
8,Prov. Aceh,Kab. Aceh Barat,P,S2,4,43.0,9.783604444295095,17.35329264432859,17.749226734534105,19.121705838835886,17.91546370341516,12.49969189904589,14.83671950648803
9,Prov. Aceh,Kab. Aceh Barat Daya,L,S1,26,345.0,78.4963612391118,37.43189935799732,28.345084413152634,25.02124618992915,33.75747944853266,32.493796546153966,29.087438602058867
10,Prov. Aceh,Kab. Aceh Barat Daya,P,S1,75,754.0,171.55436630229073,97.74084371076296,76.1436119733623,69.82034277273587,68.94137053341748,97.06874590734117,94.10267444393583
11,Prov. Aceh,Kab. Aceh Besar,L,D3,340,1451.0,330.13976857377173,388.8675981419928,349.46078804985393,366.3522652535784,378.7579987197237,384.78213784826846,357.36860348934533
12,Prov. Aceh,Kab. Aceh Besar,L,D4,59,313.0,71.21553932707825,51.11989627848247,47.837679990544714,52.410365942912065,55.806090405182445,30.11097354977258,39.5264998006273
13,Prov. Aceh,Kab. Aceh Besar,L,Profesi,33,120.0,27.303082170125847,104.22536831286475,76.0562625152445,67.18921872561253,81.7857374632791,90.10226309771295,104.97282101637064
14,Prov. Aceh,Kab. Aceh Besar,L,S1,339,4502.0,1024.3206327492214,612.8197221914197,519.9935127437823,508.8830892507425,592.5472625652332,645.0504106179783,618.5811322476519
15,Prov. Aceh,Kab. Aceh Besar,L,S2,10,94.0,21.38741436659858,21.973024948941802,19.352744289255355,17.967461902518743,23.865505924526087,18.07282134393006,20.2030852897306
16,Prov. Aceh,Kab. Aceh Besar,P,D3,1119,4509.0,1025.9133125424787,1253.6139457304866,1102.787876694904,1136.1719515872803,1340.1764883719547,836.7956069001789,811.8955526175761
17,Prov. Aceh,Kab. Aceh Besar,P,D4,460,1573.0,357.89790211339965,273.9585675753772,252.946907032725,274.90305955635836,319.5594989058878,429.0931005332803,525.7527816461347
18,Prov. Aceh,Kab. Aceh Besar,P,Profesi,96,331.0,75.31100165259713,382.0566096628747,293.01491134329035,276.65436720786556,285.4605484880723,289.02547689630546,308.18759591073916
19,Prov. Aceh,Kab. Aceh Besar,P,S1,480,3582.0,814.9970027782565,649.0399427247253,584.7891552955779,616.9615440992847,646.4422923869564,703.6253141149333,663.5363010259213
20,Prov. Aceh,Kab. Aceh Besar,P,S2,3,18.0,4.095462325518877,5.649608817377843,5.245129942183122,5.222757079985103,6.641343965903017,5.395958071133906,6.195784955549584
21,Prov. Aceh,Kab. Aceh Jaya,L,S1,9,106.0,24.117722583611165,18.68740893784996,14.582301598857908,15.693952253750075,11.35657401432058,25.786561568315516,19.306445017358293
22,Prov. Aceh,Kab. Aceh Jaya,P,S1,40,149.0,33.90132702790626,30.34032136168834,23.900920562943625,26.216255557761166,19.970642146263312,35.437287194378676,37.881263242700165
23,Prov. Aceh,Kab. Aceh Selatan,L,S1,20,435.0,98.9736728667062,58.63383120864194,49.408296829629805,45.504235076351826,45.092522531216076,60.73116348210648,48.14271521309921
24,Prov. Aceh,Kab. Aceh Selatan,P,S1,72,433.0,98.5186214972041,57.07632323801693,46.28927795760351,41.06759796111498,36.104653820435075,49.163207813344705,45.55145032636242
25,Prov. Aceh,Kab. Aceh Singkil,L,D3,7,28.0,6.370719173029364,7.387239019401956,6.2561904462257525,6.515303837395276,6.94424860336817,7.5132441687149925,8.256328752273966
26,Prov. Aceh,Kab. Aceh Singkil,L,S1,46,515.0,117.1757276467901,58.208773910763256,44.15100038359947,40.384821487719975,47.63083080719213,45.6606932625067,28.712011931960095
27,Prov. Aceh,Kab. Aceh Singkil,P,D3,40,108.0,24.572773953113263,33.353643537447454,28.62559353361608,30.520745641453104,28.97681717361966,35.95613046523876,34.88359952445253
28,Prov. Aceh,Kab. Aceh Singkil,P,S1,94,619.0,140.83839886089916,83.3694860323645,64.28517022648256,60.46746466002988,71.73043510959084,53.78557110363457,63.73778342199731
29,Prov. Aceh,Kab. Aceh Tamiang,L,S1,93,1664.0,378.6027394257451,256.0153039125332,196.0365377477172,199.1420671916898,311.4966310599016,264.2450986241527,208.84274547487826
30,Prov. Aceh,Kab. Aceh Tamiang,P,S1,51,1282.0,291.68792785084446,189.88023511601185,139.3039672619461,135.594798893339,227.19391246677364,169.21525504528742,193.43291899131398
31,Prov. Aceh,Kab. Aceh Tengah,L,D4,11,48.0,10.921232868050339,4.995031143778463,4.134386104158801,3.7975575227114358,17.89660715760115,8.30932456828447,8.094947481247917
32,Prov. Aceh,Kab. Aceh Tengah,L,Profesi,346,70.0,15.926797932573411,100.77381475184369,85.57859474219457,87.62182814011572,129.4884470198785,56.07104896410738,70.25135454307525
33,Prov. Aceh,Kab. Aceh Tengah,L,S1,209,2486.0,565.6288522911071,220.53266666712548,165.41226813043858,135.96093328052177,173.722039671788,207.9279551706881,217.6768105264091
34,Prov. Aceh,Kab. Aceh Tengah,L,S2,3,207.0,47.097816743467085,42.58548614236461,36.39707268113772,31.606109047663068,91.75350774193393,52.3048766069094,76.69508227995567
35,Prov. Aceh,Kab. Aceh Tengah,P,D4,5,14.0,3.185359586514682,1.7752456869006463,1.5063274476480477,1.4359362752833449,3.1562269130705483,3.252541258002724,2.870286186531638
36,Prov. Aceh,Kab. Aceh Tengah,P,Profesi,1010,146.0,33.21874997365312,243.26598560923645,208.67538041274273,217.90590464715362,223.19704967124164,152.944271438493,194.7268559994417
37,Prov. Aceh,Kab. Aceh Tengah,P,S1,246,2611.0,594.0695628849883,287.84898419346746,222.58820395431508,191.1471770746852,231.6714310604036,219.63132854546802,265.85410946421365
38,Prov. Aceh,Kab. Aceh Tengah,P,S2,13,260.0,59.15667803527267,75.23051460757823,68.6856114791599,64.98203882315717,75.97181862918076,83.50986809436188,87.41992256058411
39,Prov. Aceh,Kab. Aceh Tenggara,L,Profesi,9,47.0,10.69370718329929,69.341814158671,55.031016391387524,59.31599879445603,56.510571169251236,35.78617590406594,29.130805957369258
40,Prov. Aceh,Kab. Aceh Tenggara,L,S1,453,2651.0,603.1705902750302,413.7533307060982,338.68274484250384,351.9306415101365,466.178189583244,377.1769158478488,335.28286127494454
41,Prov. Aceh,Kab. Aceh Tenggara,P,D3,53,186.0,42.31977736369507,62.30115437481407,54.00741489454752,60.43201735477156,55.85455630661189,58.86067152672049,47.08646388791607
42,Prov. Aceh,Kab. Aceh Tenggara,P,Profesi,6,62.0,14.106592454565021,99.53570014559732,78.39262235109179,84.39491908099916,78.52478665111202,47.93050443205097,54.06330870792958
43,Prov. Aceh,Kab. Aceh Tenggara,P,S1,472,2554.0,581.1005988541784,468.4486488626294,389.0351622925859,414.4282199501778,656.5928098911055,423.8640253132419,410.77825165024734
44,Prov. Aceh,Kab. Aceh Timur,L,D3,2,140.0,31.853595865146822,17.93733805272957,12.462955691328364,9.93804798369854,12.905980600407963,15.50744034700973,17.161793771155743
45,Prov. Aceh,Kab. Aceh Timur,P,D3,10,226.0,51.420804753737016,34.647629863166955,24.550360687361856,20.19226721200877,18.428122352043722,35.216753902270206,37.8798063827304
46,Prov. Aceh,Kab. Aceh Utara,L,D3,6,14.0,3.185359586514682,3.621760360792798,3.0370475204256535,2.911644506310154,2.430764977133801,3.1741852949033285,2.980926050030353
47,Prov. Aceh,Kab. Aceh Utara,L,Profesi,293,363.0,82.59182356463069,545.2902116507177,438.9477129741726,432.0663669439133,613.6773812489973,801.6599470664733,711.196954916892
48,Prov. Aceh,Kab. Aceh Utara,L,S1,1630,8837.0,2010.6444761450175,1586.6308424158963,1367.2434422815888,1354.591041838074,1380.4285292080272,1430.4471953933992,1230.1819011342404
49,Prov. Aceh,Kab. Aceh Utara,L,S2,119,401.0,91.23779958517054,118.52258098838449,105.2533341085888,97.92111886114061,128.98511962289479,97.91271111166039,119.07330599049993
50,Prov. Aceh,Kab. Aceh Utara,P,D3,36,68.0,15.471746563071314,21.94312546437034,18.990466037702358,19.04529361433899,16.800377572547355,18.98834637877847,19.95409532957069
51,Prov. Aceh,Kab. Aceh Utara,P,Profesi,1095,1255.0,285.54473436256615,2082.9415400613366,1671.2706103301307,1651.5980275422821,2223.809341838466,1464.6845073599886,1704.0076128292603
52,Prov. Aceh,Kab. Aceh Utara,P,S1,2965,13121.0,2985.3645096185105,2715.8105463411107,2359.8518020921215,2380.1150351920896,2397.5889465256446,2508.048271442831,2202.5167509874623
53,Prov. Aceh,Kab. Aceh Utara,P,S2,91,283.0,64.38976878454679,102.62464944265889,93.61132107192434,90.59391383422263,92.6568367189779,108.91170654902928,108.05973149678081
54,Prov. Aceh,Kab. Bener Meriah,L,S1,7,176.0,40.044520516184576,26.78671901861477,21.21486223146364,21.528193163128737,30.149105457444247,31.89038728046861,31.09152713048472
55,Prov. Aceh,Kab. Bener Meriah,P,S1,11,616.0,140.15582180664603,103.03882481196213,81.21689905550171,82.59523465375679,126.45993113431886,97.78115670296445,101.63182195656141
56,Prov. Aceh,Kab. Bireuen,L,D3,8,24.0,5.4606164340251695,4.570981870217656,3.6923384757177646,3.407868033179565,3.952994471396748,4.739422250738654,5.008665205397596
57,Prov. Aceh,Kab. Bireuen,L,Profesi,906,510.0,116.03809922303485,754.0122300200011,635.4895965851088,664.4249290182966,638.9107879056753,633.1866515934514,613.8583116867646
58,Prov. Aceh,Kab. Bireuen,L,S1,824,8373.0,1905.072558420531,1143.5420626482505,956.1486527716069,920.496050969757,902.2975342086169,698.3134280948985,841.1679662272886
59,Prov. Aceh,Kab. Bireuen,L,S2,180,655.0,149.02932351193692,185.87421136410242,171.59674348242706,168.1522727524715,200.78095933982237,165.4658812985441,164.29691975338397
60,Prov. Aceh,Kab. Bireuen,P,D3,87,293.0,66.66502563205728,60.238112625778065,48.17784173272079,44.29199004234586,55.225464299196815,39.50026219337681,45.98288462411351
61,Prov. Aceh,Kab. Bireuen,P,Profesi,4079,2418.0,550.1571057280358,3985.7017424209944,3356.964797092614,3534.5541711279616,3192.942329866044,2135.6525941338978,2493.301444696897
62,Prov. Aceh,Kab. Bireuen,P,S1,1559,10540.0,2398.1207172760537,1736.6852270326797,1484.367684651676,1478.072863264549,1770.8624761539704,1341.3749289431873,1408.5501796135734
63,Prov. Aceh,Kab. Bireuen,P,S2,243,607.0,138.10809064388658,177.25207392435362,159.80898610279203,153.48034585752347,194.19747348868225,166.3293338807032,181.45828287884578
64,Prov. Aceh,Kab. Nagan Raya,L,S1,182,458.0,104.20676361598032,88.57455181900069,70.97793088806038,78.82173562972206,57.59393166276373,36.23744550664405,41.16780192056143
65,Prov. Aceh,Kab. Nagan Raya,P,S1,117,377.0,85.77718315114537,79.33680011129783,63.091816852239546,69.97976628760024,56.51231157904163,33.45190606715528,42.96410556667965
66,Prov. Aceh,Kab. Pidie,L,D3,25,117.0,26.620505115872703,30.093503613620545,26.616407039469433,27.582965101974434,32.35881468469186,41.93568065162653,46.44336345728894
67,Prov. Aceh,Kab. Pidie,L,Profesi,25,29.0,6.598244857780413,33.85197733534984,26.779131632108655,26.21115935068431,37.77399598551168,20.672065753995952,21.196067249988868
68,Prov. Aceh,Kab. Pidie,L,S1,316,2120.0,482.3544516722233,260.8670940293404,212.63260324783172,200.40044284842534,285.4669996411252,216.5000281220479,181.51095597341217
69,Prov. Aceh,Kab. Pidie,P,D3,80,223.0,50.738227699483865,69.99008602796282,63.62010677803341,68.57610989191781,68.03408390014002,62.97439791686058,62.90131444187853
70,Prov. Aceh,Kab. Pidie,P,Profesi,130,115.0,26.165453746370602,165.6519917759195,134.8247898953592,137.54280060385543,151.65688925557254,99.63365668926134,102.06051912520333
71,Prov. Aceh,Kab. Pidie,P,S1,597,3464.0,788.1489719776328,552.5031614350813,469.93352422238263,469.3737355676371,542.9337889558975,521.8634982913406,532.4971037529906
72,Prov. Aceh,Kab. Pidie Jaya,L,S1,127,456.0,103.75171224647822,90.20193214149423,81.01935000940843,85.20989909817627,82.63265324174888,76.62070267180296,75.05555994557707
73,Prov. Aceh,Kab. Pidie Jaya,P,S1,35,184.0,41.864725994192966,38.681178962430614,34.24619302086363,35.68745130344569,38.37374783458465,36.56836521816304,44.7824170871578
74,Prov. Aceh,Kab. Sabussalam,P,D3,32,91.0,20.704837312345433,30.49118187630897,25.761970368857753,28.39535308679232,27.639670249702196,19.773628145461437,21.69356112690018
75,Prov. Aceh,Kab. Sabussalam,P,S1,5,384.0,87.36986294440271,47.790753469761555,34.60482938426509,31.838442759451205,40.63816207900585,37.86652603363301,39.341440708877364
76,Prov. Aceh,Kota Banda Aceh,L,D3,289,1730.0,393.6194346193143,415.85264769528766,392.22354770880463,376.0749476283328,363.1829847550295,374.7804298573921,366.7060747376933
77,Prov. Aceh,Kota Banda Aceh,L,D4,16,158.0,35.949058190665696,27.923185599114774,28.671252439950177,30.37853660244158,26.27596677644395,25.508828882157527,26.339123611301385
78,Prov. Aceh,Kota Banda Aceh,L,Profesi,4620,4200.0,955.6078759544047,5856.483575551476,5235.02264892947,5098.846836249436,5906.816638695331,6280.2665937815145,4863.672750562732
79,Prov. Aceh,Kota Banda Aceh,L,S1,4628,31757.0,7225.533170639054,5253.268938584558,5056.3805977840875,4977.217676010499,5009.883089953018,4712.7807356870735,4704.303421337969
80,Prov. Aceh,Kota Banda Aceh,L,S2,522,1474.0,335.3728593230458,463.94369336111953,475.89859362386255,458.9581753263574,455.33538239908324,438.45992694664585,453.3220258255377
81,Prov. Aceh,Kota Banda Aceh,L,S3,87,603.0,137.19798790488238,86.88005077699874,95.93479921042359,122.67627663041227,92.86031935475758,130.87756436750382,117.81700984232971
82,Prov. Aceh,Kota Banda Aceh,L,Sp-1,31,284.0,64.61729446929783,59.24408808958553,72.91049896779819,103.46347078989851,106.12354779657387,41.71223478368231,48.89025797677346
83,Prov. Aceh,Kota Banda Aceh,P,D3,472,2291.0,521.2613437646527,651.7218818365195,620.976816496542,608.6804054155907,571.9775445807325,509.0159534801672,524.6020977473124
84,Prov. Aceh,Kota Banda Aceh,P,D4,53,334.0,75.99357870685027,68.6745482239455,71.26094560617291,77.07601734357962,71.19687708946782,62.93932403135565,65.8897255833306
85,Prov. Aceh,Kota Banda Aceh,P,Profesi,11977,11730.0,2668.8762821298014,17641.19552596771,15609.515112994342,15139.67008231089,16799.290086671026,11053.814061966928,12271.824618407534
86,Prov. Aceh,Kota Banda Aceh,P,S1,8610,42119.0,9583.154316029422,8431.102033315965,8365.084963242061,8578.340865682267,8916.945485707887,8106.1526627370595,8023.787497342176
87,Prov. Aceh,Kota Banda Aceh,P,S2,655,1663.0,378.375213740994,648.11587782697,684.6792395900318,689.0099005540827,659.9253354149636,470.67510586576833,573.5108390879632
88,Prov. Aceh,Kota Banda Aceh,P,S3,50,360.0,81.90924651037754,63.20200198922875,71.54392593458658,94.94606287791531,64.01296208214684,70.75194641857378,75.5458744874524
89,Prov. Aceh,Kota Banda Aceh,P,Sp-1,26,263.0,59.839255089525814,59.42196011613319,72.47608927621746,102.56106485919103,44.41254608842669,46.31859655412272,44.02268579231232
90,Prov. Aceh,Kota Langsa,L,D3,3,16.0,3.6404109560167797,2.5065842923499324,1.9312695602734709,1.7010907012756884,2.436243159923674,2.6242521963978063,2.6014579802268116
91,Prov. Aceh,Kota Langsa,L,Profesi,726,481.0,109.43985436525443,716.331817799605,610.3342995640869,652.2504296648187,567.0284654442215,543.8148483876255,559.8500923272787
92,Prov. Aceh,Kota Langsa,L,S1,633,5825.0,1325.3371136748588,769.966061625808,645.4747825765083,628.282784687628,728.7029295076455,695.0767805847395,735.9334667739756
93,Prov. Aceh,Kota Langsa,L,S2,54,169.0,38.45184072292724,46.16670201251358,42.52940840804409,41.948904886740394,50.97757225101415,44.771719962496334,49.26668353514879
94,Prov. Aceh,Kota Langsa,P,D3,60,223.0,50.738227699483865,51.567250142930114,43.03500907924247,41.97926146179527,52.49883098132396,33.965217014036405,38.80170079978366
95,Prov. Aceh,Kota Langsa,P,Profesi,1421,595.0,135.377782426874,959.2121506642094,809.8474143492656,862.9003702275658,751.0097952959136,657.0636748806235,609.4632684122004
96,Prov. Aceh,Kota Langsa,P,S1,1587,10325.0,2349.2026950545783,1770.748980947349,1550.2626255540301,1600.3895054944528,1609.3977382438704,1616.2810591788452,1544.2125531011438
97,Prov. Aceh,Kota Langsa,P,S2,42,133.0,30.260916071889483,45.24435225363113,42.995340153710394,44.33754195273839,45.817061301617215,51.12740183790874,51.886160059068786
98,Prov. Aceh,Kota Lhokseumawe,L,D3,234,1268.0,288.5025682643298,262.0270656207942,224.43745828516487,218.7000855105185,283.88289941816015,239.06361419717126,285.53558291766717
99,Prov. Aceh,Kota Lhokseumawe,L,D4,304,2281.0,518.9860869171422,344.4926879227265,321.72899547028726,346.6695990465409,332.2074103007101,382.2951466246525,394.2352971540477
100,Prov. Aceh,Kota Lhokseumawe,L,Profesi,106,231.0,52.558433177492255,163.72668020277717,113.90613501238023,94.09488163290362,126.59571605374245,150.80452230465693,178.04124670785524
101,Prov. Aceh,Kota Lhokseumawe,L,S1,148,2242.0,510.11258521185124,337.4728947595156,297.6673930903304,301.7488536653597,351.0959638363076,343.81187022593036,316.9488449171573
102,Prov. Aceh,Kota Lhokseumawe,P,D3,288,1188.0,270.30051348424587,333.90428932081227,300.5967104216681,313.80289267157696,332.3155226264781,308.4265094437519,314.04787644467496
103,Prov. Aceh,Kota Lhokseumawe,P,D4,212,1685.0,383.3807788055171,315.26890601888897,301.5523840568916,337.51985272724494,271.8690848185139,406.36843229544525,465.4726412604708
104,Prov. Aceh,Kota Lhokseumawe,P,Profesi,392,681.0,154.9449913154642,687.6610129203314,512.9480496676787,463.66978958088185,473.71240766438905,434.5878876083998,439.6608994804989
105,Prov. Aceh,Kota Lhokseumawe,P,S1,315,5541.0,1260.719819205561,958.010996801582,853.3953535167158,881.4732169112631,975.1927784460464,954.7307542057049,966.4606299462724
106,Prov. Aceh,Kota Lhokseumawe,P,S2 Terapan,6,13.0,2.9578339017636335,5.2994870652725705,4.819597623870697,4.505005401107405,6.123117413729304,3.0077907347454564,5.097013526133129
107,Prov. Aceh,Kota Sabang,L,D3,3,7.0,1.592679793257341,2.1421272423333217,1.7626629223991221,1.9775640488458273,2.4028682024695183,3.59641932990189,1.5355093018704524
108,Prov. Aceh,Kota Sabang,P,D3,26,85.0,19.339683203839144,28.304533041733524,23.113407799474377,25.90013726687995,29.16523485500575,21.99942460726745,20.517288113764145
109,Prov. Bali,Kab. Badung,L,D1,17,20.0,4.687378990445171,18.533526465551557,7.119286312227141,7.154373146397148,25.198813422117183,12.67286517218509,15.635978948174788
110,Prov. Bali,Kab. Badung,L,D2,29,63.0,14.765243819902288,31.643210088588944,24.178007894186976,22.723123261822508,39.771161117079366,17.867682792696684,20.752207292846265
111,Prov. Bali,Kab. Badung,L,D3,257,3251.0,761.9334548968625,1088.5073525172525,973.9542954454147,993.5255374701151,858.0324623443407,735.3920083462615,741.0408831101691
112,Prov. Bali,Kab. Badung,L,D4,201,3485.0,816.775789085071,711.8906262016295,628.3035114315808,653.4100262216263,636.6104020177474,671.6642124588176,712.764911140927
113,Prov. Bali,Kab. Badung,L,Profesi,542,766.0,179.52661533405004,1052.349188664925,836.1522562453831,795.8218720169112,1257.5690639258976,1082.0213046647316,1110.2736378291895
114,Prov. Bali,Kab. Badung,L,S1,2281,13874.0,3251.634805671815,2427.9468360775772,2069.745788946543,1999.6204416115497,2050.2764178602074,2351.431025174723,2227.9754520700462
115,Prov. Bali,Kab. Badung,L,S2,322,1188.0,278.4303120324431,416.7741885532254,367.6100216151716,346.81036271308517,418.15548223062314,331.7579576841083,346.9981288598625
116,Prov. Bali,Kab. Badung,L,S2 Terapan,16,91.0,21.327574406525528,40.609832885219376,31.6527613534309,26.178427925470828,29.81322820590122,26.538846358038434,31.314795394830792
117,Prov. Bali,Kab. Badung,L,S3,90,445.0,104.29418253740505,80.89494650057686,75.70870132205516,96.45988465384167,90.94240787294873,76.2750740371465,72.15837174293257
118,Prov. Bali,Kab. Badung,L,Sp-1,164,762.0,178.589139535961,157.8437163066237,162.73743541460618,222.75290863384444,162.34302281175084,157.700984080614,155.61055246416052
119,Prov. Bali,Kab. Badung,P,D1,5,8.0,1.8749515961780683,8.073654028692827,3.094859967678204,3.09796836652514,10.744367568175083,4.08060971793206,6.014588506106855
120,Prov. Bali,Kab. Badung,P,D2,37,56.0,13.124661173246478,30.63233433713475,23.35675717051487,21.865574962427928,38.271259355866626,15.431806512441131,16.180922265426197
121,Prov. Bali,Kab. Badung,P,D3,173,2224.0,521.236543737503,811.8365890207,725.1318000116214,737.1405156382496,671.1955082169386,472.2463727060211,588.0954326691619
122,Prov. Bali,Kab. Badung,P,D4,246,3859.0,904.4297762063957,903.1380898193866,808.2574414170418,854.4635392722695,949.9649570560149,935.474931026115,907.5954931113166
123,Prov. Bali,Kab. Badung,P,Profesi,1333,1764.0,413.42682695726404,2705.319173288995,2161.7994402849436,2069.7436833012466,2838.6650642266363,2028.6225517178425,1822.4825733328962
124,Prov. Bali,Kab. Badung,P,S1,3895,19875.0,4658.082871754888,4078.0580651227506,3550.0252568259307,3515.5530883020883,3693.4524270282054,3773.2531670773724,3705.352406793838
125,Prov. Bali,Kab. Badung,P,S2,446,1315.0,308.19516862177,566.853395213295,518.2544650344059,510.96431499087413,461.99487912174766,392.1777747327749,424.84043131329497
126,Prov. Bali,Kab. Badung,P,S2 Terapan,10,88.0,20.624467557958752,45.98997637815793,36.59834642847755,31.03391887918599,31.654553156417823,28.273535846305002,33.42618773525679
127,Prov. Bali,Kab. Badung,P,S3,106,355.0,83.20097708040178,75.41556694181565,72.01350144121606,93.99233155604473,71.45182175820452,77.834792244516,62.977433377094776
128,Prov. Bali,Kab. Badung,P,Sp-1,128,601.0,140.85573866287737,134.62256086523013,138.1977172405366,187.89376141721112,133.6515418766398,147.19593018467071,143.15761655619713
129,Prov. Bali,Kab. Bangli,L,S1,79,336.0,78.74796703947887,51.61522708951055,45.25821322105149,44.962596534098076,48.10754876371654,49.82061656929458,35.69410996877618
130,Prov. Bali,Kab. Bangli,P,S1,151,659.0,154.44913773516836,117.60049470212967,105.01307418943351,106.62191043567799,118.4773424410149,86.27720965464287,87.43117463577427
131,Prov. Bali,Kab. Buleleng,L,D3,39,162.0,37.96776982260588,50.44888632300136,43.39829796545149,42.83472915811307,36.7995397362109,42.47371935657275,40.77372888917765
132,Prov. Bali,Kab. Buleleng,L,D4,70,292.0,68.43573326049949,59.71464247195943,52.17262443040645,55.361702083725106,47.747612915988455,42.15181968718048,44.02948669642569
133,Prov. Bali,Kab. Buleleng,L,Profesi,5424,4654.0,1090.7530910765913,7050.086592658929,5681.012761201587,5594.485372797317,6203.93454076894,4719.4783949605935,5539.715990560491
134,Prov. Bali,Kab. Buleleng,L,S1,1183,7197.0,1686.7533297116947,1343.2449729895923,1155.2566185574924,1163.5423193986564,1225.4218249264986,1252.2571384201144,1181.433181898434
135,Prov. Bali,Kab. Buleleng,L,S2,219,863.0,202.26040343770913,320.79678761996126,285.00811556289085,280.0543033474959,252.8826298376672,214.63611065621308,240.46730310371674
136,Prov. Bali,Kab. Buleleng,L,S3,27,287.0,67.2638885128882,54.084460809788894,50.64996894353037,66.7119657418614,46.687786820336434,47.56337777611637,51.89923586544292
137,Prov. Bali,Kab. Buleleng,P,D3,129,354.0,82.96660813087952,125.5227015433608,109.5827032298786,110.88284435823223,86.10912671049806,112.65801842140641,112.38485132922852
138,Prov. Bali,Kab. Buleleng,P,D4,77,276.0,64.68583006814336,62.97314627411181,55.4341085299244,59.62366199918034,52.04031084180375,51.403741219559116,59.28757283851945
139,Prov. Bali,Kab. Buleleng,P,Profesi,11344,9683.0,2269.3945382240295,16105.69916095982,12984.356086600143,12778.127405244584,12536.65173345438,9704.207332379483,10449.088242289678
140,Prov. Bali,Kab. Buleleng,P,S1,2251,11943.0,2799.068364144334,2554.4333723921063,2226.285871003259,2273.1816086624526,2140.2994044980937,2739.7000675471363,2227.5004780099607
141,Prov. Bali,Kab. Buleleng,P,S2,311,1058.0,247.96234859454952,448.3448226278062,403.8793613138254,405.01825304156426,302.9118257132119,291.9377216715257,400.68241554825494
142,Prov. Bali,Kab. Buleleng,P,S3,28,241.0,56.482916834864305,50.38437621843834,47.41831549690418,62.96820920568935,42.086079557430054,46.61653565449979,42.947240844448416
143,Prov. Bali,Kab. Gianyar,L,D3,91,217.0,50.858062046330105,65.40006990278422,59.102569146361645,63.66772187512205,57.212176168486764,47.12176829729986,41.285459275585694
144,Prov. Bali,Kab. Gianyar,P,D3,78,175.0,41.01456616639524,58.273405985467456,52.791213826955435,56.972548890098565,54.528982423444056,42.57944214431611,38.60985433153378
145,Prov. Bali,Kab. Jembrana,L,D3,101,211.0,49.45184834919655,58.75985309865811,55.34242441939144,56.72725139168032,44.6547289215321,37.85214390281301,35.592612973317756
146,Prov. Bali,Kab. Jembrana,L,S1,13,52.0,12.187185375157444,9.925514233185767,9.677908790273985,10.373121095093888,8.61857094525241,10.323247921384247,8.724338947060495
147,Prov. Bali,Kab. Jembrana,P,D3,64,160.0,37.49903192356137,52.98447239177674,51.19570396373164,54.13158711645748,46.13633372168683,35.507597504002426,36.123454390049936
148,Prov. Bali,Kab. Jembrana,P,S1,22,65.0,15.233981718946804,13.511859191462468,13.147285403813397,14.03669491597884,13.681940470018834,15.124409727280414,13.995629621136947
149,Prov. Bali,Kab. Karang Asem,L,S1,115,390.0,91.40389031368083,65.46305968940003,53.967435951712645,55.779890939518104,75.49504541363977,37.03149652447052,43.53470093178293
150,Prov. Bali,Kab. Karang Asem,P,S1,241,751.0,176.01108109121617,154.32370005495508,131.71962072070338,142.07020226351491,189.26222711729537,121.37797924398556,131.47141724140258
151,Prov. Bali,Kab. Tabanan,L,D3,16,61.0,14.29650592085777,19.70737146061105,17.38621671047995,18.206120189079464,15.974025613072238,16.817020639599974,16.275724937912127
152,Prov. Bali,Kab. Tabanan,L,D4,5,55.0,12.89029222372422,10.50009313937421,9.044446771284361,9.527263350116085,9.441924776905706,13.984829651107509,11.770339712172994
153,Prov. Bali,Kab. Tabanan,L,Profesi,711,382.0,89.52893871750275,561.2645279949749,454.1815374892068,462.2927940814169,545.5304202967401,530.9212323969466,394.31523256318985
154,Prov. Bali,Kab. Tabanan,L,S1,199,861.0,201.7916655386646,146.56007985532938,123.3764589436495,122.27434622296427,135.74447986214489,133.38608732350673,125.74605842710912
155,Prov. Bali,Kab. Tabanan,P,D3,32,118.0,27.65553604362651,40.70192255393884,35.609971975494524,36.851702541520964,35.599013525118444,38.20926338049786,39.26817714582356
156,Prov. Bali,Kab. Tabanan,P,D4,5,87.0,20.390098608436492,17.14951524622802,14.495985341254086,14.891156492342658,15.430324302149673,14.350022382788389,14.015439034381863
157,Prov. Bali,Kab. Tabanan,P,Profesi,1892,996.0,233.4314737241695,1603.6122373437915,1297.4728961815897,1318.724432632716,2267.186636511729,1355.9605547018991,1170.3442759351956
158,Prov. Bali,Kab. Tabanan,P,S1,198,772.0,180.9328290311836,150.49161526740895,128.48327015359928,129.581206354746,143.94998860994218,119.66646049990969,130.1731112632048
159,Prov. Bali,Kota Denpasar,L,D3,371,1620.0,379.67769822605885,431.10072190793136,437.6807573386472,443.38663994705615,378.8722791823101,365.0653500382319,376.79216496473714
160,Prov. Bali,Kota Denpasar,L,D4,327,1681.0,393.9742041469166,278.9498170775034,281.71326495386296,295.2562984823788,258.9443757616637,312.263946780641,270.7610282901254
161,Prov. Bali,Kota Denpasar,L,Profesi,2336,1603.0,375.69342608418043,2105.037192532114,2010.2521428716357,2040.5103585625027,1242.2491123111624,1455.7254362636083,1750.6923962338526
162,Prov. Bali,Kota Denpasar,L,S1,5126,35608.0,8345.409554588581,5280.505881882865,5204.215990508533,5092.823174383772,5265.963440965107,5317.9438054841,5268.228821559622
163,Prov. Bali,Kota Denpasar,L,S2,595,2060.0,482.8000360158526,685.0911635092467,724.3821265389187,726.4390855643196,688.8887541494724,661.5982804128693,676.317540995943
164,Prov. Bali,Kota Denpasar,L,S2 Terapan,9,32.0,7.499806384712273,14.817632936658931,14.244324446423283,12.980951446677905,22.51307384094797,7.35365008960842,9.307505689700129
165,Prov. Bali,Kota Denpasar,L,S3,43,442.0,103.59107568883827,75.4768025793537,84.43496216834993,113.93900739670012,69.35831946992869,89.98384915965553,87.16336767172902
166,Prov. Bali,Kota Denpasar,P,D3,775,2366.0,554.5169345696637,757.2499229648446,791.3611425208479,829.9308722982516,696.2593808003062,642.0024876718528,687.781772936444
167,Prov. Bali,Kota Denpasar,P,D4,1036,3628.0,850.290548866754,754.9463197170172,794.4419728253456,873.2576194898734,727.6458523167805,947.6283184028674,860.6502709652864
168,Prov. Bali,Kota Denpasar,P,Profesi,5054,3193.0,748.3400558245716,4701.387535192316,4521.577105169115,4624.973637739583,2729.9075656641144,5067.242410141371,5821.80449699557
169,Prov. Bali,Kota Denpasar,P,S1,5950,31884.0,7472.619586567691,5726.142042586372,5820.582817932872,5908.864728781325,5959.740950785343,5625.808907444046,6273.967641386396
170,Prov. Bali,Kota Denpasar,P,S2,465,1458.0,341.7099284034529,569.8063580481418,615.7946777982164,634.0248804193878,488.7069827983301,471.29616045137806,503.97210812630686
171,Prov. Bali,Kota Denpasar,P,S2 Terapan,9,20.0,4.687378990445171,10.085813444380602,9.675344278396595,8.782778756064578,13.023369911996552,8.835767209956035,8.916691560519691
172,Prov. Bali,Kota Denpasar,P,S3,22,187.0,43.826993560662345,35.52217088308032,39.92093265460894,54.11480801965783,28.88897771095206,28.044132944482143,22.980566492269535
173,Prov. Bangka Belitung,Kab. Bangka,L,D2,3,4.0,0.9374757980890341,1.7362307128422416,1.4155791539767415,1.4048630987752597,1.625273750312404,1.5746083207788035,1.830441443054496
174,Prov. Bangka Belitung,Kab. Bangka,L,D3,281,485.0,113.66894051829539,132.36264712256704,125.0380389367699,135.68005032049786,116.16999840948512,131.29707135876498,119.02593064375914
175,Prov. Bangka Belitung,Kab. Bangka,L,D4,171,604.0,141.55884551144416,107.46664105138275,102.04785737219252,115.00395814255532,105.7013614184745,90.87880342738028,82.00599686030247
176,Prov. Bangka Belitung,Kab. Bangka,L,S1,560,5089.0,1192.7035841187737,871.7563384979994,824.71010599753,884.1926983040099,796.7009542169538,698.5357627147099,672.7683248789219
177,Prov. Bangka Belitung,Kab. Bangka,L,S2,68,173.0,40.54582826735073,56.85472746566752,54.886253953632966,56.461306421655216,50.78803201725344,54.59085733005974,56.4796323628047
178,Prov. Bangka Belitung,Kab. Bangka,P,D2,15,24.0,5.624854788534205,11.345163681235084,9.230600644333139,9.124953403141884,9.692543585387709,5.778587724447617,7.5195033960618956
179,Prov. Bangka Belitung,Kab. Bangka,P,D3,138,309.0,72.42000540237788,97.96209367965137,93.66450245240674,101.38731246772825,88.04399086870835,82.1319141497976,83.66728829720608
180,Prov. Bangka Belitung,Kab. Bangka,P,D4,83,237.0,55.54544103677527,47.62293688289776,45.5971154424603,51.71110323799197,44.83149942446496,43.864893820910346,41.46282594694355
181,Prov. Bangka Belitung,Kab. Bangka,P,S1,1085,7777.0,1822.6873204346045,1492.6941965136677,1422.08633583297,1536.9634604851394,1388.1767062121774,1481.6946240928155,1429.9636879790037
182,Prov. Bangka Belitung,Kab. Bangka,P,S2,55,147.0,34.45223557977201,56.456772834647815,55.60883217239076,58.60186421430307,51.58045897568193,47.30385104411869,39.08996202417595
183,Prov. Bangka Belitung,Kab. Bangka Tengah,L,D3,20,93.0,21.796312305570044,27.610608511282784,25.29146880927355,26.4034006930534,21.97291322026617,27.36726210344381,27.11234030477921
184,Prov. Bangka Belitung,Kab. Bangka Tengah,P,D3,167,870.0,203.90098608436492,290.3908804992081,268.11574780044646,282.36079799937653,230.37299427799263,203.96245685048555,233.2617531420948
185,Prov. Bangka Belitung,Kota Pangkalpinang,L,D3,2,8.0,1.8749515961780683,2.0890035330160703,1.978916932206285,2.048393731828216,2.040316411760602,3.472350031722633,2.8558067051924705
186,Prov. Bangka Belitung,Kota Pangkalpinang,L,Profesi,20,25.0,5.859223738056463,29.657908625094105,25.761522050082174,25.90909003859132,18.939638414735473,15.097626965819938,16.691835812941434
187,Prov. Bangka Belitung,Kota Pangkalpinang,L,S1,409,2752.0,644.9833490852554,382.087642762804,346.35688337834046,340.50780415157897,421.95792940775686,350.6062810847077,360.03021661857895
188,Prov. Bangka Belitung,Kota Pangkalpinang,L,S2,102,215.0,50.389324147285585,71.36196890171476,70.81816877852819,73.21118354678758,74.22637669141444,71.57921190334822,74.83765482957162
189,Prov. Bangka Belitung,Kota Pangkalpinang,P,D3,32,55.0,12.89029222372422,11.218222193347234,9.55168985274963,8.629100115141354,10.724062287767842,12.878769844153606,15.328960914839984
190,Prov. Bangka Belitung,Kota Pangkalpinang,P,Profesi,98,123.0,28.8273807912378,164.51577834602492,144.167479933967,146.4312783252276,103.99636826299223,109.87544369971332,110.88729490581304
191,Prov. Bangka Belitung,Kota Pangkalpinang,P,S1,698,3920.0,918.7262821272535,663.7354298438407,622.0359027901203,636.6137911806793,722.18029921517,672.549623884604,703.9905807562707
192,Prov. Bangka Belitung,Kota Pangkalpinang,P,S2,79,174.0,40.780197216872985,65.40232106108031,65.56952120134646,68.57750249770865,69.93812383052334,56.456339931738,64.74197452043916
193,Prov. Banten,Kab. Lebak,L,D3,67,98.0,27.025770331967152,25.253410267194756,22.97866018983379,22.81131384428351,25.40276134250353,20.1696278918277,22.433369030328958
194,Prov. Banten,Kab. Lebak,L,S1,442,2687.0,741.0024987958749,364.62608362376545,374.6189677441043,363.18916772863105,281.8762964022446,327.99228764655817,319.70703891521697
195,Prov. Banten,Kab. Lebak,L,S2,17,70.0,19.304121665690825,14.693007743392453,16.45468077622948,15.577508915615757,20.834632161481593,18.286235560867567,19.241476775595476
196,Prov. Banten,Kab. Lebak,P,D3,118,235.0,64.80669416339062,72.59464573972569,65.33179933821171,67.05284120147466,72.54071526438027,71.83813115374667,65.0048981238959
197,Prov. Banten,Kab. Lebak,P,S1,742,3167.0,873.3736187891834,522.3027649088681,528.5641235725625,530.1938939737383,470.5786699084423,457.29958036081473,476.85988985793097
198,Prov. Banten,Kab. Lebak,P,S2,4,16.0,4.412370666443617,3.871557338358781,4.341576676740047,4.238881560880848,4.766175514638299,2.5394134312107535,3.090382413464289
199,Prov. Banten,Kab. Pandeglang,L,S1,592,4968.0,1370.041091930743,565.6567363271513,623.2294930121733,590.0344542431311,397.7709392759323,529.3240093875974,574.0453299968124
200,Prov. Banten,Kab. Pandeglang,L,S2,35,252.0,69.49483799648696,52.028304182389014,59.403803986821806,55.479948874416365,80.99617118055605,32.21448948466069,36.921372387216685
201,Prov. Banten,Kab. Pandeglang,P,S1,840,5462.0,1506.2730362571897,809.3090735006946,859.3233492840712,845.4820430941237,554.4580809701064,724.9506610919594,669.2950716822198
202,Prov. Banten,Kab. Pandeglang,P,S2,20,110.0,30.335048331799864,26.34453450320737,30.060300853932116,28.96550143407396,35.50451350211077,22.412168433629546,25.967266418054752
203,Prov. Banten,Kab. Serang,L,D3,218,1074.0,296.1803809850278,301.4151000944127,283.81650945577417,276.8068774333782,224.7794422753596,280.33844441737233,234.09129842616554
204,Prov. Banten,Kab. Serang,L,D4,10,317.0,87.42009382891416,62.332037343891734,60.2601319764181,62.3003768686757,44.103606655283,62.60286031636448,63.52977717627113
205,Prov. Banten,Kab. Serang,L,Profesi,1226,1277.0,352.16233381553116,2017.2477369461037,1685.2123509628725,1553.3612078486374,2455.7320000470327,1462.1733023479494,1512.765830339455
206,Prov. Banten,Kab. Serang,L,S1,2441,15507.0,4276.414495283823,2467.2890116930744,2560.078911059739,2451.064378044664,2009.0085270549603,2397.9566863154055,2195.385335511768
207,Prov. Banten,Kab. Serang,L,S2,149,606.0,167.118538991552,204.2413278546747,209.4288770510297,199.59011142294625,175.20219865838405,161.198069708584,153.88491628988797
208,Prov. Banten,Kab. Serang,L,S3,17,127.0,35.02319216489621,22.527863571073926,23.100163708558426,28.548488570141252,18.861492159782607,21.023574334080987,18.151035155389398
209,Prov. Banten,Kab. Serang,P,D3,343,1430.0,394.35562831339826,438.1112820563275,420.3656331248162,421.32228672388385,384.2017171105417,340.1362307620226,358.0703458739852
210,Prov. Banten,Kab. Serang,P,D4,15,472.0,130.1649346600867,104.45699516978705,101.88918082542696,108.47440858123386,73.28052440770661,111.61421244003408,112.6107888653666
211,Prov. Banten,Kab. Serang,P,Profesi,4721,4748.0,1309.3709952671434,8405.237247087896,7094.287138980853,6732.046228991948,10401.064042887701,5466.360966101745,5756.435478839301
212,Prov. Banten,Kab. Serang,P,S1,4183,21260.0,5862.937523036956,4235.915117117543,4288.93664849849,4256.415479617728,4167.311611079015,3918.7403272763113,3914.7657712452824
213,Prov. Banten,Kab. Serang,P,S2,221,512.0,141.19586132619574,200.72874842064968,205.51734096989802,202.1125035510271,148.75549165921745,143.09484938926292,180.1377376836574
214,Prov. Banten,Kab. Serang,P,S3,23,127.0,35.02319216489621,25.69511555622939,26.472140466616533,33.71792153502125,21.199801525329693,20.640832680741468,20.538138312129906
215,Prov. Banten,Kab. Tangerang,L,D3,504,1892.0,521.7628313069577,426.2425549451226,387.5918746181719,400.3002745842148,571.7340664724165,354.41175549553776,351.4352692709149
216,Prov. Banten,Kab. Tangerang,L,D4,154,435.0,119.96132749393584,82.12782537437742,72.43897823041169,80.21679981033691,75.24790757097773,94.01223210486697,97.48807220713859
217,Prov. Banten,Kab. Tangerang,L,Profesi,155,112.0,30.886594665105317,160.87543298581332,124.74377143407023,122.73757823655495,106.22214615532562,91.10570466615306,139.14885634684768
218,Prov. Banten,Kab. Tangerang,L,S1,1982,11077.0,3054.7393670122465,1570.2809321957338,1521.8433818882797,1553.4161705961571,1706.5710152685224,2062.9696320604116,1749.948325575147
219,Prov. Banten,Kab. Tangerang,L,S2,154,895.0,246.8169841541898,219.53548837846768,224.171352752765,224.8661422470215,264.6448904521944,210.0582648101639,265.74212872978416
220,Prov. Banten,Kab. Tangerang,L,S3,16,157.0,43.29638716447799,16.1341748020954,17.706272642304416,22.70318393427794,28.688483339740266,22.198274606105603,22.114349604883355
221,Prov. Banten,Kab. Tangerang,P,D3,323,997.0,274.9458471527679,242.54600991448245,225.45733028063685,239.15530725723792,307.4771412648803,217.8960398766223,238.4766106250795
222,Prov. Banten,Kab. Tangerang,P,D4,39,285.0,78.59535249602692,59.512546661445555,53.254631023504345,60.66117549583524,68.91327496901432,48.75657582574846,43.5311485885373
223,Prov. Banten,Kab. Tangerang,P,Profesi,204,135.0,37.22937749811802,220.6602304091653,172.0348214923864,174.42746933340538,137.88202374742434,115.41894331496775,134.75729138441204
224,Prov. Banten,Kab. Tangerang,P,S1,3012,13089.0,3609.5949783175315,2314.854575396006,2190.6582255674134,2317.8964113757575,2759.875283846141,2901.5616032623057,2152.87506978908
225,Prov. Banten,Kab. Tangerang,P,S2,105,506.0,139.54122232627938,151.8925655790929,152.4038666573759,158.2603794849055,197.09483562177323,157.36250505100176,189.63209330380874
226,Prov. Banten,Kab. Tangerang,P,S3,7,43.0,11.85824616606722,4.980529442953089,5.512300924611914,7.278972042798792,7.9340567172809475,9.627879278318282,8.563127495567747
227,Prov. Banten,Kota Cilegon,L,D3,116,484.0,133.4742126599194,135.34783762845314,114.52420502674198,115.38198065539123,135.3011517125211,139.43662547326983,126.8494919542247
228,Prov. Banten,Kota Cilegon,L,D4,10,231.0,63.70360149677972,42.542696934204585,37.67909344418035,40.08862052551174,39.229586412429015,56.059141650771465,37.22669836004242
229,Prov. Banten,Kota Cilegon,L,S1,228,2176.0,600.0824106363319,278.0560811870667,277.8801545372578,270.95191357972766,226.9024845782823,237.2299876589381,224.83350880616732
230,Prov. Banten,Kota Cilegon,P,D3,33,161.0,44.3994798310889,41.64400901969113,37.82641852042903,38.761333877301404,43.54816463270464,44.3433556371765,40.989362293009016
231,Prov. Banten,Kota Cilegon,P,D4,5,103.0,28.404636165230784,21.583144553875147,19.174218616924744,21.047191908042436,28.401878732983892,23.47417424376595,21.146355778960334
232,Prov. Banten,Kota Cilegon,P,S1,367,2040.0,562.5772599715611,323.49974010870534,316.2361664896127,319.5128629411104,254.07388062977685,272.00568108700463,289.87720752543237
233,Prov. Banten,Kota Serang,L,D3,115,567.0,156.36338549209566,115.7552183544965,109.51082755818871,109.05865620324309,113.58019294491625,131.63022382206822,128.31599078195558
234,Prov. Banten,Kota Serang,L,D4,26,111.0,30.61082149845259,20.921045356718725,18.62013570411263,20.00411918152822,20.59994467500119,20.518359226767306,18.47583443890336
235,Prov. Banten,Kota Serang,L,Profesi,559,463.0,127.68297616021216,760.2962107919121,569.9411748466372,548.7137564817027,542.5402541542593,451.05256338390905,519.2821404955063
236,Prov. Banten,Kota Serang,L,S1,1996,17564.0,4843.679899088481,2423.732119287045,2393.3036970171743,2364.296537314594,2063.4191353166775,2220.5744445807168,2042.2202474987223
237,Prov. Banten,Kota Serang,L,S2,243,849.0,234.13141848816443,260.40755960723715,249.88855026337936,246.66265634243965,284.6418879379986,217.64029289627115,248.39152735627033
238,Prov. Banten,Kota Serang,L,S3,13,128.0,35.298965331548935,18.88356821461329,18.643928976810912,23.72971887137441,23.475601217534393,22.569194020099616,18.061294776407134
239,Prov. Banten,Kota Serang,P,D3,956,2431.0,670.4045681327771,630.7427577995627,579.3883515661257,598.7423215834646,783.33508465298,470.45783061338307,541.9555033571945
240,Prov. Banten,Kota Serang,P,D4,104,550.0,151.67524165899934,116.44779445415374,104.63245451206964,115.7414555407903,140.50496355029625,139.9617018067574,117.99158928766569
241,Prov. Banten,Kota Serang,P,Profesi,1396,844.0,232.7525526549008,1444.2502377222709,1119.2523525464678,1104.263536312614,816.7907260931032,735.9972489432006,918.698849971666
242,Prov. Banten,Kota Serang,P,S1,3349,20386.0,5621.911775382473,3611.3289840507055,3451.2638753230135,3540.272581515891,3756.654758070236,3395.4445502144918,3419.4481231755353
243,Prov. Banten,Kota Serang,P,S2,205,557.0,153.60565382556842,204.07904651568182,193.90759012219291,197.84329554527588,213.884271494918,188.22512094695924,216.33797635082612
244,Prov. Banten,Kota Serang,P,S3,3,34.0,9.376287666192686,6.384411361813385,6.11740650196873,8.080367626655544,7.178639162699507,4.384066257355434,4.537258642538703
245,Prov. Banten,Kota Tangerang,L,D3,93,466.0,128.51029566017033,131.83480692331588,125.47842735710987,124.8446628800652,116.37305198918163,106.79852249100871,135.55962249924758
246,Prov. Banten,Kota Tangerang,L,Profesi,69,105.0,28.956182498536236,106.84715546657813,103.90991294392269,94.999931266231,100.95081411001752,66.5348636930096,90.76402874248794
247,Prov. Banten,Kota Tangerang,L,S1,2437,17946.0,4949.025248749822,2420.827570516716,2682.191629415392,2591.0384232067713,2385.183924375307,2381.317640256885,2138.990924236475
248,Prov. Banten,Kota Tangerang,L,S2,596,1819.0,501.6313901413087,541.8534739932809,585.2917429533129,564.4023301537276,576.2305217173688,586.9263230230664,583.8828973615971
249,Prov. Banten,Kota Tangerang,L,S3,5,62.0,17.097936332469015,11.128201342115041,11.51754476135544,14.526037199779532,13.09942349834537,11.01403954122763,9.577383850915133
250,Prov. Banten,Kota Tangerang,P,D3,211,597.0,164.63658049167745,165.10809229910708,165.77246267929294,168.34175299079033,161.2142181869707,155.0765303923566,161.11624077070155
251,Prov. Banten,Kota Tangerang,P,Profesi,459,631.0,174.01286815787014,735.9561659481171,717.9928722701749,676.7429540094972,705.7226821069947,593.9640601568298,560.3996625791918
252,Prov. Banten,Kota Tangerang,P,S1,3489,18285.0,5042.512352245096,3188.1440924810554,3411.7980852606684,3423.570859935522,3594.934043445171,2993.6259792213955,3234.9152402411946
253,Prov. Banten,Kota Tangerang,P,S2,312,868.0,239.37110865456623,308.7340635066038,330.2448857825858,329.1626304165839,324.3220837744354,248.65493992962863,251.0254919638104
254,Prov. Banten,Kota Tangerang,P,S3,5,27.0,7.445875499623604,5.480377571726051,5.714302470526764,7.423687225618885,4.549753596216202,7.387021460663167,5.114395969779968
255,Prov. Banten,Kota tangerang Selatan,L,D3,1913,12694.0,3500.6645774897047,1792.3013617480033,1983.8650260722923,1900.5040695521805,1116.403262781718,2272.82652483456,2236.392467861378
256,Prov. Banten,Kota tangerang Selatan,L,D4,580,5183.0,1429.3323227610792,748.502831409964,754.6044585914821,784.9037639283503,695.306129310183,986.892386849225,784.4554768450788
257,Prov. Banten,Kota tangerang Selatan,L,Profesi,2998,1779.0,490.60046347519966,2369.0124592170164,1975.8640816837021,1848.36390241226,2258.9745909500984,2126.1557471872784,1802.529711360168
258,Prov. Banten,Kota tangerang Selatan,L,S1,32072,798816.0,220292.017892864,77110.43621150516,88762.65115568682,84412.84187884934,47625.19617908529,6436.156587998819,8501.18442014004
259,Prov. Banten,Kota tangerang Selatan,L,S2,1138,8238.0,2271.8193468851573,1845.2737552598883,2036.432656085878,1940.3129768543279,1871.4490789057666,1499.122654789029,2060.0196113356014
260,Prov. Banten,Kota tangerang Selatan,L,S3,54,458.0,126.30411032694853,68.5022658357518,70.12335433015743,87.95279605188914,75.53264673306984,79.10891329749764,72.70480932821276
261,Prov. Banten,Kota tangerang Selatan,P,D3,2148,12990.0,3582.2934348189115,2391.9886013928617,2549.8462113186165,2538.9024979045785,1411.5439184872607,2489.448601893923,2649.119549153269
262,Prov. Banten,Kota tangerang Selatan,P,D4,659,6574.0,1812.9327975750211,1104.43619056656,1111.6848872689993,1193.2553943707937,1134.009282668521,1376.8138324179897,1222.1103953493152
263,Prov. Banten,Kota tangerang Selatan,P,Profesi,6751,3146.0,867.5823822894762,4860.5848819242965,4051.1775791563264,3910.0530746714962,4183.298072942858,4381.437586076392,5015.212793608965
264,Prov. Banten,Kota tangerang Selatan,P,S1,63535,925989.0,255362.91881559114,114774.75336600172,127878.78937638564,126270.97999001108,76336.62508048129,7152.893773432369,10564.72440596261
265,Prov. Banten,Kota tangerang Selatan,P,S2,910,5440.0,1500.2060265908297,1573.4375277154693,1677.5645177670565,1660.288070476382,1372.815596900846,1231.7864633118918,1718.6408984513246
266,Prov. Banten,Kota tangerang Selatan,P,S3,14,171.0,47.15721149761615,31.320489996196315,31.497724496162284,40.89936998572739,33.2149140024984,29.084517972886673,26.665133405179827
267,Prov. Bengkulu,Kab. Bengkulu Selatan,L,S1,8,149.0,33.90132702790626,22.868925331696396,18.543600433152715,18.96079872913969,25.422455165833206,30.462840888791792,34.31979808033838
268,Prov. Bengkulu,Kab. Bengkulu Selatan,P,D3,26,51.0,11.603809922303485,15.672967466333073,13.193440961728138,14.189429595588077,15.710682538322333,12.678269703202712,14.546026220311148
269,Prov. Bengkulu,Kab. Bengkulu Selatan,P,S1,70,392.0,89.1900684224111,76.38680435683943,64.25021451105307,69.13564716520283,100.11140771815113,62.82735003332172,73.30300263164281
270,Prov. Bengkulu,Kab. Muko-muko,L,S1,14,61.0,13.879066769813972,8.381638247925729,6.088917271704347,6.022578525259559,8.92334130782891,15.826050401874006,13.79254856821
271,Prov. Bengkulu,Kab. Muko-muko,P,S1,18,86.0,19.56720888859019,14.822475877662342,11.13097573807926,11.538846986535988,21.16788201165891,15.161036474214201,15.354001383243853
272,Prov. Bengkulu,Kab. Rejang Lebong,L,D2,24,45.0,10.238655813797193,23.79492974618768,17.890283624633156,15.953804118649872,20.423404061885957,14.288198338404582,21.86690698019734
273,Prov. Bengkulu,Kab. Rejang Lebong,L,D3,91,497.0,113.08026532127121,122.68850224555004,100.32045655597786,95.1060072336922,113.15673564916872,119.17853835643714,122.66222110355983
274,Prov. Bengkulu,Kab. Rejang Lebong,L,Profesi,717,196.0,44.59503421120555,180.23422726333365,124.55013165169728,104.30637988208694,130.35199848922386,183.79387755254717,230.1239308122126
275,Prov. Bengkulu,Kab. Rejang Lebong,L,S1,275,1938.0,440.94477704753245,266.4983303162342,209.78943335095678,190.44398624333152,215.6788124688771,186.9943403117644,182.72016890114574
276,Prov. Bengkulu,Kab. Rejang Lebong,L,S2,34,126.0,28.66823627863214,37.32414169179991,32.778821943970485,30.66072638249027,35.25399265818166,38.787303139874865,44.03606406760407
277,Prov. Bengkulu,Kab. Rejang Lebong,L,S3,4,23.0,5.233090749274121,4.353554192950182,4.529282994316083,6.289427077607975,9.474924971333047,3.789711250054135,4.299824379368019
278,Prov. Bengkulu,Kab. Rejang Lebong,P,D2,15,41.0,9.328553074792998,24.172768001807476,17.724574088482118,15.600231039901997,47.25183280559258,15.752017277907283,21.692950168297553
279,Prov. Bengkulu,Kab. Rejang Lebong,P,D3,61,276.0,62.79708899128945,79.31797563494794,65.62321615389875,63.57489184093423,72.98858850160866,71.5123863994162,73.11952174291679
280,Prov. Bengkulu,Kab. Rejang Lebong,P,Profesi,706,400.0,91.01027390041949,414.7315866390923,287.33474044723414,243.2540264137821,260.2121528823181,296.72176659521045,238.43673936224272
281,Prov. Bengkulu,Kab. Rejang Lebong,P,S1,731,4159.0,946.2793228796116,738.8943170179464,606.5539453551826,583.0153791418425,726.0726675365208,806.9205406317934,783.7879873236301
282,Prov. Bengkulu,Kab. Rejang Lebong,P,S2,41,123.0,27.985659224378992,41.783133135787466,36.96819500921026,35.15704337244807,39.780004958568924,40.85266391923415,44.751147178606935
283,Prov. Bengkulu,Kab. Rejang Lebong,P,S3,8,22.0,5.005565064523072,4.053270631721306,4.05301099848156,5.412957586589271,3.80386178971567,3.3816129356182545,3.0510967693672595
284,Prov. Bengkulu,Kota Bengkulu,L,D3,185,793.0,180.42786800758165,218.96735496713873,203.3692414842053,207.8309620557822,185.05273507585923,169.8110278443327,173.02367086619563
285,Prov. Bengkulu,Kota Bengkulu,L,D4,46,180.0,40.95462325518877,34.30680107539556,33.92123303336939,37.36600548202646,30.665195789733254,29.28318783976222,32.211798772158524
286,Prov. Bengkulu,Kota Bengkulu,L,Profesi,2478,2419.0,550.3846314127869,1379.0314259608729,901.4084795150058,658.8613949092313,2228.354102672294,1184.5147677708821,1618.0218904899493
287,Prov. Bengkulu,Kota Bengkulu,L,S1,3235,22841.0,5196.914165398704,3593.271509059354,3240.7682484856136,3201.3091609320354,3364.13677174155,3479.606062589517,3303.572360996293
288,Prov. Bengkulu,Kota Bengkulu,L,S2,428,1299.0,295.5558644916123,426.1920684692321,418.194726841293,415.56229969834715,426.5157386457118,376.14266540177414,374.5925859717771
289,Prov. Bengkulu,Kota Bengkulu,L,S3,54,251.0,57.10894687251323,37.44129366060374,39.47145980588435,51.88787969138223,37.24935880285821,34.37082319898837,32.290016158083986
290,Prov. Bengkulu,Kota Bengkulu,P,D3,1378,4577.0,1041.38505910555,1459.3597396515777,1382.0972539898999,1451.42448018397,1308.0805130889476,923.3681554031797,946.0701426158168
291,Prov. Bengkulu,Kota Bengkulu,P,D4,334,1452.0,330.36729425852275,302.02013421897107,296.6034952284892,326.65465455139866,234.8376576218407,316.73205898420025,258.51704076277156
292,Prov. Bengkulu,Kota Bengkulu,P,Profesi,7778,7477.0,1701.2095448835914,4718.2685567079225,3075.712138450598,2258.4505306030155,6788.2040666720195,6080.505248809179,6640.646669833516
293,Prov. Bengkulu,Kota Bengkulu,P,S1,5646,29747.0,6768.206544289446,5760.037664263152,5369.723078804955,5548.233075529097,5598.815639998413,4882.760630044462,5285.395181933325
294,Prov. Bengkulu,Kota Bengkulu,P,S2,586,1647.0,374.73480278497726,636.0315967521996,633.4643942506042,645.6637848435756,597.1806084084643,488.44669300598434,540.1812949440863
295,Prov. Bengkulu,Kota Bengkulu,P,S3,32,162.0,36.8591609296699,29.691615492269477,32.16546346183272,44.006532982347665,25.416859979835472,20.529384671829273,19.02548213529996
296,Prov. D.I. Yogyakarta,Kab. Bantul,L,D1,17,40.0,9.10102739004195,19.296838070150194,6.405001261791717,5.121779987369699,6.74192683688591,12.947345654571846,14.631000035105021
297,Prov. D.I. Yogyakarta,Kab. Bantul,L,D3,400,2170.0,493.7307359097757,442.8668769631951,399.41572110901404,370.0769242938997,469.99249406251926,382.7239691910341,460.4387964445188
298,Prov. D.I. Yogyakarta,Kab. Bantul,L,D4,194,1535.0,349.2519260928598,201.4633995493918,194.43010571901155,193.60743789883176,222.1337204495662,284.2156177672115,308.17501938451954
299,Prov. D.I. Yogyakarta,Kab. Bantul,L,Profesi,449,632.0,143.79623276266278,888.7216309082751,807.7659289914598,813.9497462754182,874.7065102593264,640.6582551118644,624.9371728008335
300,Prov. D.I. Yogyakarta,Kab. Bantul,L,S1,4690,29836.0,6788.4563302322895,4693.504950614025,4504.54043321847,4486.918706422872,4454.020006773836,4253.847931515067,4576.3304056691395
301,Prov. D.I. Yogyakarta,Kab. Bantul,L,S2,268,937.0,213.19156661173267,294.9674874549693,306.9233240613219,305.3724205246408,293.31891171919784,273.2166526561387,256.0960565647612
302,Prov. D.I. Yogyakarta,Kab. Bantul,L,S3,26,182.0,41.409674624690865,30.869155207621052,36.23282939887817,50.51302762421273,29.22476298428293,22.07981463399219,22.4981735067488
303,Prov. D.I. Yogyakarta,Kab. Bantul,P,D1,58,133.0,30.260916071889483,75.49345235855533,25.43123846335164,20.85655269994677,25.64200651427954,20.341036928782188,23.829042028868944
304,Prov. D.I. Yogyakarta,Kab. Bantul,P,D3,741,2338.0,531.9550509479519,651.9398286042247,624.5402889967572,625.6536310500858,606.6456264877246,565.8982475292084,635.3076621398143
305,Prov. D.I. Yogyakarta,Kab. Bantul,P,D4,230,1207.0,274.62350149451584,199.61205948896574,197.82780155770496,205.4308925726432,191.58911057995257,257.2571515815266,220.83142947161983
306,Prov. D.I. Yogyakarta,Kab. Bantul,P,Profesi,1152,1708.0,388.6138695547912,2638.27470074813,2386.1549282253713,2409.2067187108755,2226.80632829068,2323.4088793275246,2722.9588497383083
307,Prov. D.I. Yogyakarta,Kab. Bantul,P,S1,6521,31912.0,7260.799651775467,5916.284881592359,5774.279434393314,5909.61501753039,6198.659617027366,5186.334084949943,5923.431324170756
308,Prov. D.I. Yogyakarta,Kab. Bantul,P,S2,337,967.0,220.0173371542641,333.009847741275,344.39645905303314,342.8597737656017,325.81914233425397,299.76922819442285,320.39197802599034
309,Prov. D.I. Yogyakarta,Kab. Bantul,P,S3,15,81.0,18.42958046483495,15.256129042255854,17.87458845161807,25.061101104940143,14.884755510002135,15.217628192241396,13.967879154790756
310,Prov. D.I. Yogyakarta,Kab. Gunung Kidul,L,S1,140,887.0,201.8152823741802,117.11543968236629,93.35713671345356,89.14277331942762,106.21842317864751,123.30876811172725,129.09090857466288
311,Prov. D.I. Yogyakarta,Kab. Gunung Kidul,P,S1,180,793.0,180.42786800758165,133.41393254102738,109.56116884323896,109.51030918657706,136.4678487584571,132.84684193756263,134.47980050275902
312,Prov. D.I. Yogyakarta,Kab. Kulon Progo,L,S1,28,320.0,72.8082191203356,62.585796409752064,56.07213090760244,58.78107831414899,61.7515643958958,51.27346503152112,51.25416369185666
313,Prov. D.I. Yogyakarta,Kab. Kulon Progo,P,S1,128,746.0,169.73416082428236,163.3570931775723,146.50675160815115,154.9505104617599,161.57353869035236,154.6566857617785,147.10907210605603
314,Prov. D.I. Yogyakarta,Kab. Sleman,L,D1,352,356.0,80.99914377137335,368.06756008352784,147.72505953053917,141.80391835846441,221.2231868610427,72.64490113104621,80.1997440700999
315,Prov. D.I. Yogyakarta,Kab. Sleman,L,D3,838,3061.0,696.4561210229601,823.0029660575476,784.6826583003393,743.3787266131247,736.2537359443095,659.7941609794899,632.6970148784302
316,Prov. D.I. Yogyakarta,Kab. Sleman,L,D4,1519,10154.0,2310.2958029621486,1871.293577201504,1957.8324804191448,2048.4294814440677,1743.4400374329348,2108.248169147322,1820.6150457186184
317,Prov. D.I. Yogyakarta,Kab. Sleman,L,Profesi,11692,12732.0,2896.857018250352,17378.589375412055,15221.435406950799,14083.545294452935,13135.16274412028,11279.18788138106,14231.45593456991
318,Prov. D.I. Yogyakarta,Kab. Sleman,L,S1,17549,101225.0,23031.28743892491,18312.219988418394,17851.70464943759,17349.661969811485,18529.31311492235,17982.686753901104,17439.908074800587
319,Prov. D.I. Yogyakarta,Kab. Sleman,L,S2,4156,12414.0,2824.503850499519,4277.568651974876,4439.418707094006,4224.012972274425,4326.678865976176,3738.9757252340282,3953.25121324363
320,Prov. D.I. Yogyakarta,Kab. Sleman,L,S3,506,4258.0,968.8043656699655,668.0847447033723,745.0928846185785,938.1594336172074,771.9927999392113,868.8830093547846,741.137820380232
321,Prov. D.I. Yogyakarta,Kab. Sleman,L,Sp-1,152,752.0,171.09931493278864,160.29014696181653,195.6180112473901,267.4829215626192,158.63381541763354,172.21462680619075,180.3865340602217
322,Prov. D.I. Yogyakarta,Kab. Sleman,L,Sp-2,46,96.0,21.842465736100678,32.93839918575363,39.47126716211583,38.24163106652559,59.65569083893287,32.15506270735502,35.074342458786596
323,Prov. D.I. Yogyakarta,Kab. Sleman,P,D1,249,250.0,56.881421187762186,281.2596275648816,112.02578897362227,107.40607942544369,158.29858834575063,43.68191745482777,50.394265413705725
324,Prov. D.I. Yogyakarta,Kab. Sleman,P,D3,1474,4513.0,1026.823415281483,1460.2875469091919,1420.0166931731487,1388.4977957183862,1266.7439308368976,1249.57557259099,1245.714763994619
325,Prov. D.I. Yogyakarta,Kab. Sleman,P,D4,2674,13161.0,2994.4655370085525,2779.960906022533,2910.4327823363897,3078.570548107344,2779.2612745749248,2783.6227154814587,2398.293454012105
326,Prov. D.I. Yogyakarta,Kab. Sleman,P,Profesi,25253,29312.0,6669.232871422741,43005.06269159799,37254.03015251941,34288.52884874834,30306.458555935187,20524.37376927709,29735.80043832835
327,Prov. D.I. Yogyakarta,Kab. Sleman,P,S1,22953,114269.0,25999.13247081759,24097.802390805715,23862.95003264311,23780.1077483334,24263.83559617064,23163.94356213537,22955.501722748577
328,Prov. D.I. Yogyakarta,Kab. Sleman,P,S2,5626,14731.0,3351.680862067699,5854.5804478184955,6130.835629551549,5941.860156925037,5397.26779431631,4024.5026246729244,3854.0043998614046
329,Prov. D.I. Yogyakarta,Kab. Sleman,P,S3,418,3244.0,738.0933213324021,615.0997943568574,701.6465061828247,914.3667709804117,632.2107869356144,857.5786986676811,726.2746258209887
330,Prov. D.I. Yogyakarta,Kab. Sleman,P,Sp-1,179,874.0,198.8574484724166,204.22975503908117,247.87438859201873,339.3823831016682,183.38867459689598,201.37060211540253,195.2282331877793
331,Prov. D.I. Yogyakarta,Kab. Sleman,P,Sp-2,32,64.0,14.561643824067119,22.55968040063516,26.38941168295778,25.044062315232694,21.32721602949723,20.583437909754828,21.64845116654839
332,Prov. D.I. Yogyakarta,Kota Yogyakarta,L,D2,13,50.0,11.376284237552436,23.45455941947716,20.134209358506514,17.967630981154958,20.119865302753468,16.760064380113644,25.0945032453683
333,Prov. D.I. Yogyakarta,Kota Yogyakarta,L,D3,581,2369.0,539.0083471752345,607.8585536856115,615.3079211298008,634.19429744532,547.935293600668,483.9487398638767,482.5681699792382
334,Prov. D.I. Yogyakarta,Kota Yogyakarta,L,D4,278,1368.0,311.25513673943465,251.75413844092353,275.85766758057684,311.93246542007677,273.46481373793233,307.9816325463728,248.85340285147973
335,Prov. D.I. Yogyakarta,Kota Yogyakarta,L,Profesi,4723,3846.0,875.0637835525334,5116.919503077624,5368.806078463803,5983.547173625182,9382.517986013989,4275.778929585761,4883.7788219812255
336,Prov. D.I. Yogyakarta,Kota Yogyakarta,L,S1,4990,28908.0,6577.312494783317,4343.232280868975,4282.266483921285,4289.011170106536,4331.444119620312,4724.0313196942025,4989.634415592349
337,Prov. D.I. Yogyakarta,Kota Yogyakarta,L,S2,550,1578.0,359.0355305371549,505.628420850844,549.9582265489628,561.7595978353634,554.2205877811157,462.67113746848986,492.1761735477664
338,Prov. D.I. Yogyakarta,Kota Yogyakarta,L,S3,11,62.0,14.106592454565021,10.562120624272985,12.90955164431518,18.393912609129238,9.968103036515714,6.082577046711351,5.27286615229923
339,Prov. D.I. Yogyakarta,Kota Yogyakarta,P,D2,10,12.0,2.7303082170125847,6.756793441792402,5.920543186025475,5.455417345504918,6.07491635072936,3.419309350715684,5.25705371743578
340,Prov. D.I. Yogyakarta,Kota Yogyakarta,P,D3,1146,3512.0,799.0702048456832,1084.4986359397078,1117.355056271924,1186.6486314067135,1008.0852845792472,1111.358345476246,1086.126237815932
341,Prov. D.I. Yogyakarta,Kota Yogyakarta,P,D4,140,715.0,162.68086459699984,142.6481026987515,155.08107529382727,175.0507140608491,148.8825425331551,119.27630385547569,112.28551494593988
342,Prov. D.I. Yogyakarta,Kota Yogyakarta,P,Profesi,17796,13697.0,3116.4193040351142,19709.40170221863,20700.656883741995,23193.935400763028,32043.632844087657,11422.759696700376,14731.41661053065
343,Prov. D.I. Yogyakarta,Kota Yogyakarta,P,S1,6194,27278.0,6206.445628639107,5051.533662461502,5130.037161002064,5359.504344451495,5220.734519491192,5404.739326246495,5349.372466699863
344,Prov. D.I. Yogyakarta,Kota Yogyakarta,P,S2,746,1657.0,377.01005963248775,650.1022153355083,725.890312503355,770.7720388196936,592.8724204123216,452.2355706636736,556.1961233791819
345,Prov. D.I. Yogyakarta,Kota Yogyakarta,P,S3,5,71.0,16.154323617324458,12.810626639460235,15.418631450936443,21.7425263740968,10.862440407642776,9.05496864346816,8.901683704229614
346,Prov. D.K.I. Jakarta,Kota Jakarta Barat,L,D3,350,1498.0,340.83347575707097,357.73914159444604,323.03037918747873,319.91561055449216,318.0345337895937,417.8938460223205,362.7716676399634
347,Prov. D.K.I. Jakarta,Kota Jakarta Barat,L,D4,88,503.0,114.44541942977752,81.8092561881834,79.85264771264245,86.2057832673298,83.125530628978,94.97695247553068,104.40781718039044
348,Prov. D.K.I. Jakarta,Kota Jakarta Barat,L,Profesi,708,1183.0,269.1628850604906,1583.0861260628303,1356.7445823202381,1361.7323738375674,1161.4294710252477,2078.710019044338,1762.6319301069288
349,Prov. D.K.I. Jakarta,Kota Jakarta Barat,L,S1,13510,76404.0,17383.87241771913,12037.540267136248,11249.276484810849,11520.895273245318,11663.832456282677,12264.367364954038,11727.456512573994
350,Prov. D.K.I. Jakarta,Kota Jakarta Barat,L,S2,2227,6188.0,1407.9289372394896,1923.530284278082,1907.3608390968902,1914.0284738061437,2113.6773018339613,1352.7959364116095,1247.385491183817
351,Prov. D.K.I. Jakarta,Kota Jakarta Barat,L,S3,193,1086.0,247.09289363963893,168.3726541261191,184.20665910932408,252.3285677995788,170.9519982589063,228.4135294995944,189.10653383164635
352,Prov. D.K.I. Jakarta,Kota Jakarta Barat,L,Sp-1,6,18.0,4.095462325518877,3.6133956522128035,4.266898797753738,6.2452622110461,3.9580225308966996,8.536221004093937,4.258552108523133
353,Prov. D.K.I. Jakarta,Kota Jakarta Barat,P,D3,370,1131.0,257.33154945343614,305.895934823292,277.7694417470039,278.9122851786818,266.312066339958,280.0727794168278,295.9610689900868
354,Prov. D.K.I. Jakarta,Kota Jakarta Barat,P,D4,158,828.0,188.39126697386834,148.09828837510605,144.47764996220363,156.8680528620208,156.55780686856326,137.76353283547056,154.3692270793788
355,Prov. D.K.I. Jakarta,Kota Jakarta Barat,P,Profesi,911,1922.0,437.30436609151565,2887.1030664142772,2477.502386590214,2509.9029998615238,1923.0014140524179,3359.7805118707934,2403.092418739028
356,Prov. D.K.I. Jakarta,Kota Jakarta Barat,P,S1,13914,68248.0,15528.172932889574,12302.36794535407,11575.28593321404,12043.86149611011,13174.570876918999,12238.842047172067,12487.383421230654
357,Prov. D.K.I. Jakarta,Kota Jakarta Barat,P,S2,1827,4404.0,1002.0231156436186,1584.846026108246,1587.54291504985,1624.9111732645513,1714.4839857629408,1018.2901020496734,964.1818170411053
358,Prov. D.K.I. Jakarta,Kota Jakarta Barat,P,S3,95,457.0,103.97923793122926,80.40623304845488,88.35738667026938,122.61950591173819,84.64083540154768,74.86770948137641,67.03615135120249
359,Prov. D.K.I. Jakarta,Kota Jakarta Barat,P,Sp-1,8,26.0,5.915667803527267,5.679449011466784,6.6555969206264045,9.729760315929276,5.850599462231388,9.409192567184016,7.277990852838509
360,Prov. D.K.I. Jakarta,Kota Jakarta Pusat,L,D1,42,64.0,14.561643824067119,57.787236263708465,22.786171649196998,21.908411785145923,21.96257496253245,20.205444647930726,17.812069559733
361,Prov. D.K.I. Jakarta,Kota Jakarta Pusat,L,D2,14,149.0,33.90132702790626,79.15620079204511,67.19619705487963,59.59644767783897,55.652495000610884,26.072681719763935,34.64455285402592
362,Prov. D.K.I. Jakarta,Kota Jakarta Pusat,L,D3,1883,6497.0,1478.2343738275636,1827.376968898309,1812.7693927692467,1836.9926304871033,1687.3783972616936,1511.7463149191324,1659.0854571514944
363,Prov. D.K.I. Jakarta,Kota Jakarta Pusat,L,D4,458,3185.0,724.6693059320902,552.60239134114,569.7962662935004,603.2752786945896,576.8483948547865,680.6366236031749,611.3361974419286
364,Prov. D.K.I. Jakarta,Kota Jakarta Pusat,L,Profesi,1290,1826.0,415.46190035541497,2566.6803367235657,2314.828176040444,2267.7839448537607,2444.562407625011,4235.920429861992,4159.796576839254
365,Prov. D.K.I. Jakarta,Kota Jakarta Pusat,L,S1,10385,64351.0,14641.505339414736,10750.753886300812,10650.079846585666,10721.162417418944,11889.395715321358,14632.878821295244,12238.072359902751
366,Prov. D.K.I. Jakarta,Kota Jakarta Pusat,L,S2,3103,8773.0,1996.0828323209505,2714.7067335463844,2789.520318289839,2683.150217133802,2855.092985316276,2498.190742166029,2690.4034310299244
367,Prov. D.K.I. Jakarta,Kota Jakarta Pusat,L,S2 Terapan,62,207.0,47.097816743467085,75.56273822523642,73.20567694809581,63.867537988150474,82.98192878892938,39.374300174994374,61.14319899643494
368,Prov. D.K.I. Jakarta,Kota Jakarta Pusat,L,S3,312,1982.0,450.9559071765786,310.7273053064592,353.8557179075053,467.0699841489488,393.40962059918667,397.9573803489385,396.6410660826736
369,Prov. D.K.I. Jakarta,Kota Jakarta Pusat,L,Sp-1,268,1291.0,293.73565901360394,260.9259046044708,320.3212488184817,451.1073270406003,306.64505812082274,314.0943525975872,290.7808002180287
370,Prov. D.K.I. Jakarta,Kota Jakarta Pusat,L,Sp-2,133,307.0,69.85038521857196,98.44924635879288,118.18466752105113,117.35546183679347,90.93832953756797,52.30358562896986,57.909885720378504
371,Prov. D.K.I. Jakarta,Kota Jakarta Pusat,P,D1,25,31.0,7.053296227282511,32.2206776936584,12.813559431793019,12.541841464319589,11.875618977228477,15.350895398867818,19.232271763339032
372,Prov. D.K.I. Jakarta,Kota Jakarta Pusat,P,D2,7,52.0,11.831335607054534,30.308658653404187,25.593897600040858,22.73525119340078,47.174104741891156,20.944602792348817,27.863941861843188
373,Prov. D.K.I. Jakarta,Kota Jakarta Pusat,P,D3,2733,7906.0,1798.8180636417912,2532.1634882569106,2535.4232135095576,2614.4258296128464,2557.9278543917194,2175.7841893895397,2289.805477554269
374,Prov. D.K.I. Jakarta,Kota Jakarta Pusat,P,D4,764,4660.0,1060.2696909398871,927.4200716349199,966.5331393207974,1043.235817691231,922.3842139747518,1158.9741201649324,969.5200045615138
375,Prov. D.K.I. Jakarta,Kota Jakarta Pusat,P,Profesi,4937,6329.0,1440.0100587893874,10087.799184527952,9136.182873692193,9065.414062948714,9266.242374117513,10622.765446462154,11028.627213019454
376,Prov. D.K.I. Jakarta,Kota Jakarta Pusat,P,S1,13458,69821.0,15886.070835002973,13502.56031495064,13562.159319587061,13967.470872878845,14391.59022615736,18812.090962933366,15872.846225069705
377,Prov. D.K.I. Jakarta,Kota Jakarta Pusat,P,S2,3366,8395.0,1910.078123485054,3028.8893276606077,3150.6222980291877,3098.561195107792,3053.029531166075,2550.746430789758,2838.3379819754214
378,Prov. D.K.I. Jakarta,Kota Jakarta Pusat,P,S2 Terapan,59,142.0,32.308647234648916,59.51154497329943,58.10389187697354,51.55901743366771,74.28534395704125,34.45408361919276,42.32293235771758
379,Prov. D.K.I. Jakarta,Kota Jakarta Pusat,P,S3,261,1510.0,343.5637839740836,275.5385827076478,317.47166927647976,428.19488342584214,337.4803334998683,356.08326908903103,344.2957177790743
380,Prov. D.K.I. Jakarta,Kota Jakarta Pusat,P,Sp-1,493,1872.0,425.92808185396325,406.23973096514,493.02520613398246,690.3575326078516,564.3227796431697,382.3866400475201,373.43955164501415
381,Prov. D.K.I. Jakarta,Kota Jakarta Pusat,P,Sp-2,74,192.0,43.684931472201356,65.46608834034758,77.47563811186404,76.23957839715882,72.11529516895513,42.094687227655704,45.8532332815284
382,Prov. D.K.I. Jakarta,Kota Jakarta Selatan,L,D3,814,3745.0,852.0836893926775,936.104622555551,935.641757825844,972.6739451596173,903.974617103678,848.7750369306818,875.2877296562361
383,Prov. D.K.I. Jakarta,Kota Jakarta Selatan,L,D4,900,4931.0,1121.9291515074212,848.2745170439853,927.7751675776359,1063.169344699043,864.952890354375,874.3151498768098,812.4614985576759
384,Prov. D.K.I. Jakarta,Kota Jakarta Selatan,L,Profesi,3694,3530.0,803.165667171202,2868.8483385359655,2399.5902428260274,2155.7452005293526,3412.5572995740326,4136.374767894807,4508.822657053367
385,Prov. D.K.I. Jakarta,Kota Jakarta Selatan,L,S1,16038,104708.0,23823.75939891281,15470.032459685466,15123.28095844014,15344.677969991828,16034.753198608152,15557.055453436793,16559.089116973784
386,Prov. D.K.I. Jakarta,Kota Jakarta Selatan,L,S2,3384,11049.0,2513.9312908143374,3073.3631581387926,3204.8890319875286,3184.9518808640937,3810.1656892199526,2685.981574480177,3400.8869842344693
387,Prov. D.K.I. Jakarta,Kota Jakarta Selatan,L,S2 Terapan,11,25.0,5.688142118776218,7.237055383027068,7.947077346488024,7.7483017477896485,8.22393203429879,8.78149901227824,6.162808730414596
388,Prov. D.K.I. Jakarta,Kota Jakarta Selatan,L,S3,171,1347.0,306.47709735966265,172.02567745941604,193.4024127166093,255.24468197286018,228.6199211839569,340.67135124751155,289.94086703326906
389,Prov. D.K.I. Jakarta,Kota Jakarta Selatan,P,D3,1603,6146.0,1398.3728584799455,1907.0756945839037,1961.2474545563146,2126.4126800365457,1969.9573236739652,1525.6358448459468,1560.144971154662
390,Prov. D.K.I. Jakarta,Kota Jakarta Selatan,P,D4,1406,5320.0,1210.4366428755793,1024.6269963238399,1112.935204352798,1278.2749229343847,1157.4845965224117,1111.3366539850838,1107.1171129996994
391,Prov. D.K.I. Jakarta,Kota Jakarta Selatan,P,Profesi,14300,13243.0,3013.1226431581385,12326.719882437217,10340.126735132268,9407.956572795669,12613.780424007064,9667.380806253776,15077.649165051813
392,Prov. D.K.I. Jakarta,Kota Jakarta Selatan,P,S1,21584,102360.0,23289.529091117347,18225.23872343057,18271.996296103876,19225.226144588058,20910.871286214122,18980.83557285048,21392.402393595807
393,Prov. D.K.I. Jakarta,Kota Jakarta Selatan,P,S2,3354,9414.0,2141.9267962463728,3212.6598760150205,3441.1471475027765,3557.298089633035,3697.7121241893446,2942.676668255354,3112.015943981212
394,Prov. D.K.I. Jakarta,Kota Jakarta Selatan,P,S2 Terapan,6,15.0,3.412885271265731,5.582007196890847,6.055807365016374,5.976009971775282,6.114949103305046,4.6895164293831755,5.036025566568256
395,Prov. D.K.I. Jakarta,Kota Jakarta Selatan,P,S3,120,608.0,138.33561632863763,95.22481743441713,110.02292044411517,151.10284983477732,110.95983102634627,143.5792504640461,129.59733814525285
396,Prov. D.K.I. Jakarta,Kota Jakarta Timur,L,D1,23,37.0,8.418450335788803,29.772350453835333,11.77707643615551,11.498893413440943,9.170582201653826,14.006830512127141,17.422900324454254
397,Prov. D.K.I. Jakarta,Kota Jakarta Timur,L,D3,805,3199.0,727.8546655186049,763.3021468944933,744.6480508373033,750.0345024121381,714.9988827504627,701.1042370422671,673.7829669667249
398,Prov. D.K.I. Jakarta,Kota Jakarta Timur,L,D4,682,3629.0,825.6907099615559,608.4809446217407,648.5350488871641,720.6397545613167,610.2886222152047,775.9908492758751,753.4324140689663
399,Prov. D.K.I. Jakarta,Kota Jakarta Timur,L,Profesi,5391,5752.0,1308.7277386880323,3622.9134556573176,2690.8829997355924,2120.8968718827614,8966.726769446128,7482.66246784254,6572.717192618082
400,Prov. D.K.I. Jakarta,Kota Jakarta Timur,L,S1,11116,71562.0,16282.19305215455,10180.509353342319,9785.004232126694,9685.968762274224,9640.9923368075,13369.816455193692,12493.95222953652
401,Prov. D.K.I. Jakarta,Kota Jakarta Timur,L,S2,2449,8215.0,1869.1235002298654,2297.1773965645116,2377.440065049691,2333.1516455496485,2524.7339109874456,2040.628889833506,2098.5007729783283
402,Prov. D.K.I. Jakarta,Kota Jakarta Timur,L,S3,317,1894.0,430.9336469184863,231.31157624120573,254.25137737994427,325.6200362919012,312.18998091431376,392.72901214028167,401.53818628172576
403,Prov. D.K.I. Jakarta,Kota Jakarta Timur,P,D1,8,10.0,2.2752568475104873,10.334308941972445,4.25449432680724,4.388580097431264,1.657911322960234,4.216602247321769,6.7257674273908075
404,Prov. D.K.I. Jakarta,Kota Jakarta Timur,P,D3,1336,4002.0,910.557790373697,1161.5164937084612,1159.438024659296,1209.886939426063,1036.4468981718514,1124.308628412302,1261.2630269502354
405,Prov. D.K.I. Jakarta,Kota Jakarta Timur,P,D4,975,4511.0,1026.3683639119809,856.5659272211876,919.6606258004841,1037.5683190855418,782.7110709306825,1024.9910720569883,904.1794771456225
406,Prov. D.K.I. Jakarta,Kota Jakarta Timur,P,Profesi,14528,14949.0,3401.2814613434275,12343.294153166418,9597.699919108445,8047.617223219235,20795.217148361724,14675.059701426313,15212.269837949041
407,Prov. D.K.I. Jakarta,Kota Jakarta Timur,P,S1,14245,69169.0,15737.72408854529,12039.144543750459,11941.414280602217,12340.06413957682,12430.075924266801,15943.112283246535,15059.213408050751
408,Prov. D.K.I. Jakarta,Kota Jakarta Timur,P,S2,1897,5632.0,1281.4246565179064,1858.9979118137635,1954.4306663567154,1969.2480891313382,1912.4871887128409,1232.1958703876035,1526.4202814650098
409,Prov. D.K.I. Jakarta,Kota Jakarta Timur,P,S3,199,1105.0,251.41588164990884,174.73255431844103,200.35183353711537,271.8268300510831,203.20996151416233,233.00688579981968,219.97220261060136
410,Prov. D.K.I. Jakarta,Kota Jakarta Utara,L,D3,668,2310.0,525.5843317749226,702.2776538232242,659.547386135096,727.4893136149269,564.2644420298104,540.0691934078958,552.6417634442547
411,Prov. D.K.I. Jakarta,Kota Jakarta Utara,L,D4,396,1644.0,374.0522257307241,282.49776403090397,269.8175104433283,302.6879001628166,262.2702618865425,416.12665340564064,390.7247452264771
412,Prov. D.K.I. Jakarta,Kota Jakarta Utara,L,Profesi,95,130.0,29.578339017636335,115.27451762317672,85.11749242513066,76.21392830564595,127.00547387757862,100.41656555645027,110.72489769190949
413,Prov. D.K.I. Jakarta,Kota Jakarta Utara,L,S1,1421,8176.0,1860.2499985245745,1232.0310462090488,1079.3849198942146,1097.645817948691,1130.7549594131167,1386.5857849532542,1208.7051702816934
414,Prov. D.K.I. Jakarta,Kota Jakarta Utara,L,S2,117,478.0,108.75727731100129,135.3560219297959,127.22603104437574,127.29765492112386,138.7072076979333,121.45645766111633,152.9572645252387
415,Prov. D.K.I. Jakarta,Kota Jakarta Utara,L,S2 Terapan,41,108.0,24.572773953113263,29.889208296256882,24.99207401478075,21.20856927670379,28.71935213328928,19.82725178478204,24.015263241303085
416,Prov. D.K.I. Jakarta,Kota Jakarta Utara,L,S3,32,177.0,40.27204620093563,20.086447793597745,19.481945530565238,24.623729614786022,28.62196825483608,20.096647542781028,19.88920709551539
417,Prov. D.K.I. Jakarta,Kota Jakarta Utara,P,D3,333,903.0,205.455693330197,286.71439257754645,263.7587491613311,286.2690327918751,287.49519730262716,211.7483166790089,237.8732503053629
418,Prov. D.K.I. Jakarta,Kota Jakarta Utara,P,D4,76,290.0,65.98244857780413,56.805091656433426,54.5657040856338,62.109617161379404,67.28932184627939,27.194678690045144,36.50354643504913
419,Prov. D.K.I. Jakarta,Kota Jakarta Utara,P,Profesi,466,533.0,121.27118997230897,660.1406432175326,519.6667997339403,505.7593419470766,627.4700153897487,541.2488844997991,522.8766226285666
420,Prov. D.K.I. Jakarta,Kota Jakarta Utara,P,S1,1524,7919.0,1801.775897543555,1374.151681756778,1214.9565534819637,1258.469606134636,1393.1847137082332,1480.6549497684682,1439.4347212626385
421,Prov. D.K.I. Jakarta,Kota Jakarta Utara,P,S2,115,292.0,66.43749994730624,96.37080227704287,91.30327018337375,93.07280363113726,97.17793303025465,66.06652661858425,79.49601417724251
422,Prov. D.K.I. Jakarta,Kota Jakarta Utara,P,S2 Terapan,11,27.0,6.143193488278316,8.704345553901343,7.3654755107627405,6.388661059453046,9.519824442468192,6.8324860370848395,7.704377492854368
423,Prov. D.K.I. Jakarta,Kota Jakarta Utara,P,S3,15,63.0,14.33411813931607,8.373684805862537,8.231920633082652,10.654266410281942,10.63709860319637,7.534154966073904,7.678494534105971
424,Prov. Gorontalo,Kab. Bone Bolango,L,D3,50,190.0,42.745448923885824,35.57723360559486,27.82462295795483,24.422348212495017,30.146896220574067,18.065533767652173,21.692142015466494
425,Prov. Gorontalo,Kab. Bone Bolango,P,D3,22,98.0,22.047652602846373,20.844710448129533,16.148112046046652,14.246764829040947,13.39601818920268,13.647962776327525,13.815455807029672
426,Prov. Gorontalo,Kab. Gorontalo,L,Profesi,35,40.0,8.999041878712806,51.09926814072746,39.3407118775737,37.35799600976128,45.02698981278707,16.00358119723975,20.265066359568827
427,Prov. Gorontalo,Kab. Gorontalo,L,S1,366,2937.0,660.7546499444877,362.2569643997859,303.03654767836343,273.912244982334,342.08928723547655,361.69891394054963,306.0072813934148
428,Prov. Gorontalo,Kab. Gorontalo,L,S2,60,308.0,69.2926224660886,68.103385938592,58.69104656651616,49.66303363425629,66.42392922918654,40.293025915277944,49.539956806391466
429,Prov. Gorontalo,Kab. Gorontalo,P,Profesi,217,252.0,56.69396383589068,363.9320253262756,277.12927973733923,264.0519854331882,298.8993055034174,227.82704755028692,208.66838022748792
430,Prov. Gorontalo,Kab. Gorontalo,P,S1,873,4403.0,990.5695347993121,716.1397534277363,620.9287359122326,596.1170931595548,755.0920266894955,726.6655477123335,736.3029639259632
431,Prov. Gorontalo,Kab. Gorontalo,P,S2,71,250.0,56.244011741955035,72.7823039908218,64.98129611030284,58.367754543306,61.37799473595545,49.84093482056324,38.84573622819225
432,Prov. Gorontalo,Kab. Gorontalo Utara,L,S1,93,575.0,129.3612270064966,67.94437889891734,54.76565254457248,48.03044826194456,52.86387768798526,59.44295694425542,54.554578320432455
433,Prov. Gorontalo,Kab. Gorontalo Utara,P,S1,109,699.0,157.25825683050627,114.94789008081123,97.61852519766619,92.7590399531816,115.43732275429525,106.94361296682389,115.729593716459
434,Prov. Gorontalo,Kab. Pohuwato,L,S1,276,806.0,181.33069385606302,97.29112942765431,78.89980022738604,69.84901136476016,79.38624514648423,110.28931031740183,104.59661932935519
435,Prov. Gorontalo,Kab. Pohuwato,P,S1,476,1160.0,260.97221448267135,191.63026820830208,162.90454913674108,155.2913740648703,179.2254492268246,167.7697324273792,177.57082067698843
436,Prov. Gorontalo,Kota Gorontalo,L,D3,31,196.0,44.095305205692746,51.911830949750204,45.65533463413309,44.16668636759728,41.43960008858926,50.44257419262433,48.2176282930158
437,Prov. Gorontalo,Kota Gorontalo,L,D4,10,150.0,33.74640704517302,22.23458634826876,19.72216973950789,18.939504215559165,17.996800405890998,27.73702867522607,28.289031419589623
438,Prov. Gorontalo,Kota Gorontalo,L,Profesi,3671,3744.0,842.3103198475186,5202.78682989839,3983.213377594344,3748.538694266017,4969.917186969959,4674.072080459153,3995.8636930085586
439,Prov. Gorontalo,Kota Gorontalo,L,S1,1828,15537.0,3495.4528417390216,2184.507307015595,1854.6758628441928,1701.2420976247167,1756.873347424248,2205.165698069314,2211.976463325622
440,Prov. Gorontalo,Kota Gorontalo,L,S2,179,762.0,171.43174778947895,212.6987858240206,190.7172224883787,168.97443956846683,168.3990482040195,190.9978516494125,216.29960463984034
441,Prov. Gorontalo,Kota Gorontalo,L,S3,11,80.0,17.99808375742561,10.868164873909965,10.184162302968376,11.729903384558549,12.5587476965533,12.698717517081606,11.735627660141704
442,Prov. Gorontalo,Kota Gorontalo,P,D3,197,949.0,213.5022685724613,273.73296191075497,236.05367590605036,226.61280919856875,234.46371664005642,221.11723278635176,230.62007006917725
443,Prov. Gorontalo,Kota Gorontalo,P,D4,76,454.0,102.13912532339035,65.63394177109116,54.8750168268482,49.89894265143943,56.10239868022289,82.18989869352946,91.88514572520255
444,Prov. Gorontalo,Kota Gorontalo,P,Profesi,10949,10868.0,2445.039678446269,17309.42962089849,13162.217588423626,12491.882829918663,15377.686204813612,8169.734889669508,9617.750380979302
445,Prov. Gorontalo,Kota Gorontalo,P,S1,3836,24266.0,5459.268755721124,4322.36749238216,3763.134076742081,3617.874111034349,4053.235284543939,3638.1092844840136,3646.3524788003724
446,Prov. Gorontalo,Kota Gorontalo,P,S2,190,658.0,148.03423890482566,237.1476590427721,218.98978783019956,204.47658370183098,226.0551868310594,187.48714869537935,207.31332769297384
447,Prov. Gorontalo,Kota Gorontalo,P,S3,11,90.0,20.247844227103812,15.62455122361641,15.031200033953487,18.175853562578247,17.322293424468395,13.815634062885005,13.468076908134364
448,Prov. Jambi,Kab. Batang Hari,L,S1,131,1516.0,341.06368720321535,207.14647690518538,179.4343934643888,165.8419035368434,180.618117265085,178.6990607911564,169.3646501790086
449,Prov. Jambi,Kab. Batang Hari,L,S2,3,25.0,5.624401174195503,9.523726540245708,9.720895884004564,9.902376576514829,12.881020888014401,9.652443514521895,11.307062450596405
450,Prov. Jambi,Kab. Batang Hari,P,S1,288,2042.0,459.40108790828873,357.7684287230923,318.48849912568915,309.42622275443057,345.1975510358353,358.08208297611804,381.79557899062456
451,Prov. Jambi,Kab. Batang Hari,P,S2,1,23.0,5.174449080259864,9.74199908339687,9.78565262734882,9.940869186074657,12.059814546261435,9.895542533894583,9.883279082842101
452,Prov. Jambi,Kab. Bungo,L,D3,14,59.0,13.273586771101389,13.271110028383246,11.4727722380082,10.89060777836973,10.991080888817718,10.900472155259354,10.177032126398567
453,Prov. Jambi,Kab. Bungo,L,S1,600,3443.0,774.5925297102048,422.3623693018677,358.73394132531934,329.30870364081915,408.3191524432285,390.36672065986056,405.1050252310338
454,Prov. Jambi,Kab. Bungo,P,D3,25,170.0,38.24592798452942,49.98511354488214,44.66932148622345,44.89102537153339,47.83685400592526,44.12846401193433,37.98406568809206
455,Prov. Jambi,Kab. Bungo,P,S1,978,4007.0,901.4790202000553,700.4794173896998,631.2684202458028,633.2659353327516,699.9267944451638,610.9144687113452,682.0802166650134
456,Prov. Jambi,Kab. Kerinci,L,D3,71,183.0,41.170616595111085,55.463161475156205,49.11281312922742,51.168346876489764,43.764980093550385,38.16838642459921,24.76003810275119
457,Prov. Jambi,Kab. Kerinci,L,Profesi,519,86.0,19.347940039232533,130.1513572513068,100.2423094096325,101.23740292513902,125.44973649525849,152.10595674429462,161.46182994810573
458,Prov. Jambi,Kab. Kerinci,L,S1,243,1668.0,375.260046342324,225.2228588360129,183.99018136367124,171.76819790864874,161.1460477012448,232.5107235136891,210.16469108054176
459,Prov. Jambi,Kab. Kerinci,L,S2,51,159.0,35.771191467883405,51.48775459346851,47.34532942459415,46.07968578098804,48.30932355697955,52.53989512651138,56.09492886068686
460,Prov. Jambi,Kab. Kerinci,P,D3,7,17.0,3.8245927984529424,5.5333785707807,4.771371276281819,4.894242998144256,4.412701888013157,5.835413983132292,5.10934895127885
461,Prov. Jambi,Kab. Kerinci,P,Profesi,861,219.0,49.26975428595261,368.508665897105,279.3138063227135,281.3090814237034,323.9264810531261,281.9558085608258,238.65141160362018
462,Prov. Jambi,Kab. Kerinci,P,S1,443,2134.0,480.0988842293282,352.1958679326817,291.41289591458246,280.9632107457573,319.6906218106749,316.9832500838393,325.07750948142456
463,Prov. Jambi,Kab. Kerinci,P,S2,65,167.0,37.57099984362596,65.59942611066356,60.95557187857625,61.09707920713231,57.53625493568591,57.73865851500249,66.93001583799858
464,Prov. Jambi,Kab. Merangin,L,S1,113,2155.0,484.82338121565243,281.53385697833875,247.38277673724656,231.02999258723693,278.890401785241,289.7956818335319,227.73754319505935
465,Prov. Jambi,Kab. Merangin,P,Profesi,50,51.0,11.473778395358828,62.44870658113274,46.6891842548373,42.34021428010775,74.7812625424193,21.87414081095582,25.477140824953633
466,Prov. Jambi,Kab. Merangin,P,S1,131,2857.0,642.7565661870622,448.903951756646,397.5598740008438,381.15618227178487,480.73888275083226,390.61865452575273,387.9436159924923
467,Prov. Jambi,Kab. Muaro Jambi,L,D3,78,359.0,80.76640086144744,160.82912720075777,142.0452935854917,103.33151205980289,76.09067267295865,73.15675286739284,98.77924500101952
468,Prov. Jambi,Kab. Muaro Jambi,L,D4,6,142.0,31.94659866943046,41.57496402375934,38.66650590089849,29.44668113513245,29.697220140721967,28.32027367343937,25.12307557251698
469,Prov. Jambi,Kab. Muaro Jambi,L,Profesi,1464,1611.0,362.43641166515823,3737.998881618215,2859.5189998546452,2011.6783531400185,3424.7657302971074,1873.037408889571,1913.1751930528076
470,Prov. Jambi,Kab. Muaro Jambi,L,S1,1757,11110.0,2499.4838818124817,3157.2181486047866,2842.3772147066643,2094.470141278631,2023.1949377021326,2034.4747104261517,1834.5338165952319
471,Prov. Jambi,Kab. Muaro Jambi,L,S2,176,604.0,135.88553236856336,312.80788819685563,289.38608486300234,199.27887413442176,229.69198417590079,144.76787465207929,168.63186723019675
472,Prov. Jambi,Kab. Muaro Jambi,L,S3,60,306.0,68.84267037215297,76.1483466058705,73.33563980874335,65.34064938008046,65.163101487314,62.749816390983156,55.12100222904924
473,Prov. Jambi,Kab. Muaro Jambi,P,D3,100,434.0,97.63960438403394,228.9006759798176,201.5230251904231,148.6135446289436,89.25864747899197,99.83204172886671,127.21932138645914
474,Prov. Jambi,Kab. Muaro Jambi,P,D4,39,352.0,79.19156853267269,119.4575818197922,110.70883945830849,85.3667281218204,88.51352223388871,80.81956272009204,86.94922233385365
475,Prov. Jambi,Kab. Muaro Jambi,P,Profesi,3830,4339.0,976.1710677933715,11251.04215650895,8483.196850313516,5962.68051146748,8842.05735018736,5153.768154471982,5443.88796022772
476,Prov. Jambi,Kab. Muaro Jambi,P,S1,3603,18244.0,4104.463000880911,6028.826618634671,5428.017576054979,4065.7186144594584,3631.7334890000757,3669.434280775255,3474.950468559343
477,Prov. Jambi,Kab. Muaro Jambi,P,S2,265,739.0,166.25729870921907,455.441339559643,423.29244273952014,298.072291737392,266.8251077246759,178.4487570478752,235.54869890479975
478,Prov. Jambi,Kab. Muaro Jambi,P,S3,34,232.0,52.19444289653427,70.73786519177119,69.05077009177138,63.59426073492566,45.30628409808249,51.32387735153485,40.6445207370999
479,Prov. Jambi,Kab. Sarolangun,L,S1,11,645.0,145.109550294244,77.40296442182033,65.32028057764485,58.98376243351105,67.23166809763418,76.05652916279365,78.97763471356059
480,Prov. Jambi,Kab. Sarolangun,P,S1,29,1066.0,239.82446606769628,157.99287882219923,135.46932669134847,126.81883594605168,129.89236594963876,136.98856027823248,156.90151231676563
481,Prov. Jambi,Kab. Sungai Penuh,L,D3,26,158.0,35.54621542091558,36.49257222512344,32.21376244471097,31.164957438421617,35.10188734826546,33.159444427831815,26.386289252940596
482,Prov. Jambi,Kab. Sungai Penuh,L,S1,256,2610.0,587.1874825860106,270.72614992054434,221.0125191118386,192.16262139263685,253.35906117198053,269.5992216615385,221.0724439021167
483,Prov. Jambi,Kab. Sungai Penuh,P,D3,69,274.0,61.64343686918272,79.09439962258506,71.19769349545666,71.72286491193908,76.38590296147397,67.65373252690873,65.64976809993018
484,Prov. Jambi,Kab. Sungai Penuh,P,S1,228,1731.0,389.43353730129667,225.36597020316418,187.85456407046357,170.3433805983472,162.24172229430812,241.5028896135922,245.5431734838479
485,Prov. Jambi,Kab. Tanjung Jabung Barat,L,S1,215,920.0,206.97796321039453,125.76447325729882,111.36584093602457,101.98489156678305,80.87777864620855,111.50620883824195,113.66173158493862
486,Prov. Jambi,Kab. Tanjung Jabung Barat,P,S1,364,1131.0,254.44790912060458,196.87823951150068,178.78969338153064,171.6689295409088,164.70318710521272,177.1487748756226,184.81837363315918
487,Prov. Jambi,Kab. Tanjung Jabung Timur,L,S1,80,931.0,209.45269972704054,162.86191226771882,149.36600971682418,145.58052623217603,137.2716870977841,116.71107612999602,103.22115121924665
488,Prov. Jambi,Kab. Tanjung Jabung Timur,P,S1,89,735.0,165.3573945213478,149.99146192251285,137.3665816974249,135.90609572101752,130.9123571219423,138.28859902437577,145.14936902984599
489,Prov. Jambi,Kab. Tebo,L,S1,79,482.0,108.4384546384893,79.5268202542149,72.95159017344376,72.28957194252851,78.21805005652077,72.2922470221452,67.22860125670347
490,Prov. Jambi,Kab. Tebo,P,S1,134,754.0,169.63193941373638,147.44453324955447,135.71379136728706,137.3135630508425,159.28071847299412,146.0602007473039,168.46328400598776
491,Prov. Jambi,Kota Jambi,L,D3,181,714.0,160.63289753502357,190.39068036483127,184.4662647849438,190.77736806577582,173.6390096788019,155.42349472231095,154.66996102119163
492,Prov. Jambi,Kota Jambi,L,D4,181,473.0,106.41367021577892,88.84361365353722,94.24437108002283,106.67528646228591,92.51425598419891,61.169291398487594,50.1974003689142
493,Prov. Jambi,Kota Jambi,L,Profesi,524,218.0,49.04477823898479,220.4251277672737,170.76678140337182,154.56980544625983,260.5692417362837,165.316031754559,184.72819564162563
494,Prov. Jambi,Kota Jambi,L,S1,2149,16623.0,3739.7768287460744,2486.8316708411644,2383.5951101572714,2404.6702433904834,2451.200589558246,2435.327450582871,2314.6463035117313
495,Prov. Jambi,Kota Jambi,L,S2,165,1223.0,275.14570544164405,401.81096492612744,421.976853711835,429.51693895419385,410.660238951925,416.254553972237,411.4302064160435
496,Prov. Jambi,Kota Jambi,L,S3,30,303.0,68.1677422312495,54.16540751776237,61.49708385888718,84.79595143606575,48.80233020526665,54.21923611713201,45.807805928225896
497,Prov. Jambi,Kota Jambi,P,D3,549,1615.0,363.33631585302953,539.6825435187496,533.3915099260264,574.7051453406024,474.3530911856875,444.9145759990409,453.68619759588097
498,Prov. Jambi,Kota Jambi,P,D4,1538,3388.0,762.2188471269747,711.6785797067133,743.1252897527588,839.3043212828151,610.6763103331277,866.8290091533769,874.7439788328268
499,Prov. Jambi,Kota Jambi,P,Profesi,2489,1512.0,340.16378301534405,2209.614355952258,1824.4305927732426,1814.3917809577356,2214.4975841531245,1859.4737543243896,2053.967166829571
500,Prov. Jambi,Kota Jambi,P,S1,4100,19913.0,4479.948023270203,3660.547009425162,3559.364628904527,3715.6653696526337,3917.24326922321,3668.024319492333,3577.1706796874864
501,Prov. Jambi,Kota Jambi,P,S2,136,820.0,184.48035851361252,317.59131724909923,334.11882185608073,346.56117376486503,307.084538233678,222.87011113297018,276.10201611124995
502,Prov. Jambi,Kota Jambi,P,S3,20,127.0,28.571957964913157,25.01048631148526,27.866131284347986,38.18701112489208,22.852797795752075,19.074414700708125,17.79996548094138
503,Prov. Jawa Barat,Kab. Bandung,L,D3,533,1715.0,472.9509808094252,448.71439184868285,400.95554706902413,408.66506415286796,420.1312105693413,344.69976753179844,370.43703684744753
504,Prov. Jawa Barat,Kab. Bandung,L,D4,79,597.0,164.63658049167745,101.98680976528561,97.84473274460545,104.085505364626,96.5505401818616,137.99550475165051,135.87161273669716
505,Prov. Jawa Barat,Kab. Bandung,L,Profesi,13,2.0,0.5515463333054521,3.364388425028197,2.778873484639364,2.5910128405040886,2.88946404148128,2.914590985022325,3.7505192386701824
506,Prov. Jawa Barat,Kab. Bandung,L,S1,5626,28803.0,7943.0945190984685,4948.870513035717,4841.769867182847,4793.913939093451,5004.9144762661945,4317.563002793124,3777.9112297848487
507,Prov. Jawa Barat,Kab. Bandung,L,S2,507,1420.0,391.597896646871,448.5035425568504,473.43559955346603,452.7363088319815,440.5508699708801,344.9025751287209,378.95019397775195
508,Prov. Jawa Barat,Kab. Bandung,L,S3,3,39.0,10.755153499456316,7.207694997690049,7.357963930009051,9.185650431670213,7.3810227219405204,6.620156675712157,6.62375583635854
509,Prov. Jawa Barat,Kab. Bandung,P,D3,476,1396.0,384.97934064720556,410.9812409723077,376.724281193899,392.1840023678518,378.2361031399011,324.6944339592884,370.9618326832871
510,Prov. Jawa Barat,Kab. Bandung,P,D4,28,366.0,100.93297899489774,62.76917296020397,63.35948651697201,68.71170224286813,69.04444902499091,69.58271188821291,57.21674580719525
511,Prov. Jawa Barat,Kab. Bandung,P,Profesi,9,21.0,5.791236499707247,22.94317754095756,22.747248789843812,21.09627379826228,27.41835895388421,10.920273448272418,12.170729500545534
512,Prov. Jawa Barat,Kab. Bandung,P,S1,4002,21335.0,5883.62051053591,4076.05675033712,4072.687361774877,4132.317485734029,4520.230792675085,3825.2691805478335,3621.487586961507
513,Prov. Jawa Barat,Kab. Bandung,P,S2,500,1012.0,279.08244465255876,365.9160810227563,387.6294042434671,382.12484998781855,369.72654845495,305.8644976020857,331.856148705358
514,Prov. Jawa Barat,Kab. Bandung,P,S3,1,12.0,3.3092779998327124,2.4881011709594487,2.5653093497981434,3.2971829376660553,2.20410678740083,2.9251135716470893,2.442961289166743
515,Prov. Jawa Barat,Kab. Bandung Barat,L,D3,79,226.0,62.32473566351609,64.44237939310699,55.18640877917059,55.2394202495369,66.45973672190924,70.56145276217075,59.54160934984607
516,Prov. Jawa Barat,Kab. Bandung Barat,L,Profesi,47,61.0,16.82216316581629,80.53628139036869,65.0666961252253,60.807764774560106,46.5519742130161,41.20830758750037,43.289533865039
517,Prov. Jawa Barat,Kab. Bandung Barat,L,S1,583,1814.0,500.25252430804505,303.57334934745626,283.8001851412696,279.258275706546,278.56912599598644,278.8024355683719,259.4884544457625
518,Prov. Jawa Barat,Kab. Bandung Barat,L,S2,50,116.0,31.989687331716222,37.673237699397816,35.716549051700056,34.82197579531103,38.20807757627409,40.98918044207468,37.402276997138735
519,Prov. Jawa Barat,Kab. Bandung Barat,P,D3,164,371.0,102.31184482816137,120.38782317708907,103.65679385910093,106.91934462275725,116.76567436798254,110.7019792966536,104.18914659210972
520,Prov. Jawa Barat,Kab. Bandung Barat,P,Profesi,157,205.0,56.53349916380884,309.17289022122566,250.84474517898113,241.62969101519346,181.51253179418515,184.3982415932102,182.54399420619697
521,Prov. Jawa Barat,Kab. Bandung Barat,P,S1,573,2055.0,566.7138574713521,402.6145527453634,375.0639409469835,380.9925411477251,399.53133689869884,300.4132665631962,307.3010008325832
522,Prov. Jawa Barat,Kab. Bandung Barat,P,S2,27,56.0,15.443297332552659,20.76039711912792,19.7700401461053,19.866287866085305,21.048026413342885,16.598340794063088,14.0726362547669
523,Prov. Jawa Barat,Kab. Bekasi,L,D3,548,1751.0,482.8788148089233,471.5076644044972,417.7099191113337,431.6305476600369,511.0466161185001,385.8235483584,363.006841621578
524,Prov. Jawa Barat,Kab. Bekasi,L,D4,424,1790.0,493.6339683083796,335.01852604705937,305.2015997407359,334.2950486280041,382.68416655597446,371.8755956050014,387.0105609530155
525,Prov. Jawa Barat,Kab. Bekasi,L,Profesi,17,16.0,4.412370666443617,23.972333121586697,18.90578448804054,18.45221376936785,20.217791372083248,3.50632415622101,6.239414530983991
526,Prov. Jawa Barat,Kab. Bekasi,L,S1,2443,20714.0,5712.365374044567,2797.136026092536,2841.3422895532217,2858.5800801014425,2565.8830941496385,3419.9221131680833,2588.7594518411242
527,Prov. Jawa Barat,Kab. Bekasi,L,S2,131,421.0,116.10050316079767,93.26557545775573,101.37183140400691,99.95626137597318,112.41004257458754,79.36046955234949,109.16820546485188
528,Prov. Jawa Barat,Kab. Bekasi,P,D3,471,1461.0,402.90459647963274,392.45152682300545,364.41993987794086,384.83282662380725,443.97748319747535,336.449004336399,351.41876127621816
529,Prov. Jawa Barat,Kab. Bekasi,P,D4,254,1118.0,308.31440031774775,231.01598570738093,213.78410016889654,240.757897436286,251.38102941329524,239.43516701913788,228.2718024406897
530,Prov. Jawa Barat,Kab. Bekasi,P,Profesi,122,163.0,44.95102616439435,269.98874352627377,216.05209295843775,216.90041597191617,203.36928459380272,119.28607676740056,130.75819203478898
531,Prov. Jawa Barat,Kab. Bekasi,P,S1,2933,18332.0,5055.473691077774,3000.4373148058953,3002.8068244507826,3126.133316432813,2725.1167594838457,3490.8880133994,3157.680055284831
532,Prov. Jawa Barat,Kab. Bekasi,P,S2,66,273.0,75.28607449619422,70.01706809561352,76.10246353127249,77.41111410616321,79.830249559158,49.412670827264535,66.55935870323145
533,Prov. Jawa Barat,Kab. Bogor,L,D3,187,614.0,169.3247243247738,194.39145429513266,140.84563357575442,150.10896188632182,155.94816574465708,165.86699854260445,148.03031058026238
534,Prov. Jawa Barat,Kab. Bogor,L,D4,1081,4932.0,1360.1132579312448,943.9103318693475,693.4251140939479,799.1300450058578,894.3857654682284,790.1608631752928,736.7372823037863
535,Prov. Jawa Barat,Kab. Bogor,L,Profesi,102,180.0,49.63916999749069,321.6425813590524,205.780064524712,207.70702035927152,425.1428725476695,165.49605030544836,229.98920336614037
536,Prov. Jawa Barat,Kab. Bogor,L,S1,4085,23228.0,6405.659115009521,3676.1597236669004,2899.875983505087,3087.898997540445,3779.4675428064807,4909.9024203059325,3655.038727360313
537,Prov. Jawa Barat,Kab. Bogor,L,S2,1424,3968.0,1094.267925278017,1443.0220177179463,1154.8677483413435,1199.2392046611933,1429.6216105034969,905.2243643316841,990.3063697398712
538,Prov. Jawa Barat,Kab. Bogor,L,S2 Terapan,23,36.0,9.927833999498137,15.749587017923522,13.310811752704165,10.907689865203594,25.580686117395885,10.180787326256306,7.020897411175336
539,Prov. Jawa Barat,Kab. Bogor,L,S3,203,1057.0,291.4922371519314,203.77183602683732,162.71179137086153,219.20737928677548,182.44761366169362,240.97869340469276,208.9658190283029
540,Prov. Jawa Barat,Kab. Bogor,P,D3,436,1609.0,443.71902514423624,504.1831680046139,382.75888243587093,417.26901770181524,485.45528837364634,379.0590257338331,355.93699008608456
541,Prov. Jawa Barat,Kab. Bogor,P,D4,1921,6546.0,1805.2111489087447,1386.2307664715354,1027.3529356451256,1221.2089175689819,1264.0217951599398,1466.2091436221617,1363.8087508167996
542,Prov. Jawa Barat,Kab. Bogor,P,Profesi,181,357.0,98.4510204950232,697.8602591037137,456.37784513787767,472.5706257924487,1078.922974200429,588.6641283548541,837.8689630153558
543,Prov. Jawa Barat,Kab. Bogor,P,S1,5783,27183.0,7496.341989121052,4947.8643803223085,3861.8851586612154,4267.086085109137,5037.633487194296,7022.922018853644,5538.22028320251
544,Prov. Jawa Barat,Kab. Bogor,P,S2,1253,3521.0,970.9973197842485,1449.0617971393308,1168.0657423748164,1249.4801518553295,1300.1630973155227,956.1732406401768,1250.0181565584403
545,Prov. Jawa Barat,Kab. Bogor,P,S2 Terapan,6,10.0,2.7577316665272606,4.759049585971487,4.102041516167555,3.4540925599573704,7.46331636049022,3.5609701786125845,3.683939835723705
546,Prov. Jawa Barat,Kab. Bogor,P,S3,172,901.0,248.47162315410617,195.08357391960223,157.27401882218132,218.15939767214593,164.567473879906,221.6035618972117,200.29523391006944
547,Prov. Jawa Barat,Kab. Ciamis,L,D3,34,95.0,26.198450832008977,25.43999795690974,25.569524757940943,24.264179261737826,35.836827734282984,17.934241011655224,19.848913862916174
548,Prov. Jawa Barat,Kab. Ciamis,L,Profesi,717,747.0,206.00255548958637,1219.955392720505,1060.3770664364058,955.9449934767005,5512.613491848704,936.8568345896773,902.3664581405817
549,Prov. Jawa Barat,Kab. Ciamis,L,S1,1021,5665.0,1562.254989087693,872.1860488765859,962.3410715969645,896.9780336709598,912.8014196794696,836.1832329499226,841.1647267991357
550,Prov. Jawa Barat,Kab. Ciamis,L,S2,137,348.0,95.96906199514866,110.80875838789798,121.63286877482314,112.73006923394793,163.3540111266755,117.04499109003692,110.06734325779077
551,Prov. Jawa Barat,Kab. Ciamis,P,D3,182,352.0,97.07215466175957,110.99172029067552,110.96145355698151,108.74036075763169,166.79673249745346,101.75542701814632,114.06023432274351
552,Prov. Jawa Barat,Kab. Ciamis,P,Profesi,862,893.0,246.26543782088436,1602.141396379042,1415.832376946697,1312.379999091158,4059.9803396796187,1146.139419862185,1278.3293067859913
553,Prov. Jawa Barat,Kab. Ciamis,P,S1,1325,5722.0,1577.9740595868984,1075.0966854064068,1161.8236710946867,1123.1408040227197,1186.2742772542304,992.3536226483267,1015.9937096186726
554,Prov. Jawa Barat,Kab. Ciamis,P,S2,94,220.0,60.67009666359973,80.99003176109768,88.93916788770245,85.02696719715561,107.10914454661584,71.39224852062864,63.65614171478799
555,Prov. Jawa Barat,Kab. Cianjur,L,D3,1,5.0,1.3788658332636303,1.5430065458910656,1.2954666642342276,1.3228424018947527,0.9775889805728287,2.038654947242993,2.160274433223559
556,Prov. Jawa Barat,Kab. Cianjur,L,D4,9,24.0,6.618555999665425,3.832981725027984,3.5911456126252412,3.8369722972645715,3.537297651991479,7.101156963810646,5.54075288415927
557,Prov. Jawa Barat,Kab. Cianjur,L,S1,967,4788.0,1320.4019219332524,708.9177270271151,692.0049684660945,686.0992171910381,663.0868266969047,669.1153129973177,656.6022179800174
558,Prov. Jawa Barat,Kab. Cianjur,L,S2,99,229.0,63.152055163474266,77.74108528680854,73.05567190633278,72.50210034408795,74.7479511553742,59.25629080210248,70.05127248528647
559,Prov. Jawa Barat,Kab. Cianjur,L,S3,1,3.0,0.8273194999581781,0.37640796174475,0.3955192710772267,0.4977894716827935,0.44244205306176754,2.31732480025746,2.357001208099812
560,Prov. Jawa Barat,Kab. Cianjur,P,D3,85,218.0,60.118550330294276,59.33386590071517,54.286141291140105,56.21207519937113,59.7170810256449,54.23620729406401,56.86580828612149
561,Prov. Jawa Barat,Kab. Cianjur,P,D4,11,63.0,17.37370949912174,12.603216951002482,11.658185538129757,12.836886451677115,13.472964342156219,17.452421844202178,14.048651301364686
562,Prov. Jawa Barat,Kab. Cianjur,P,Profesi,6,9.0,2.4819584998745343,16.19180198949604,12.489409999454313,12.348622557777716,7.32848173939734,4.9363592182307,7.55065554816284
563,Prov. Jawa Barat,Kab. Cianjur,P,S1,1049,4589.0,1265.5230617693599,822.7336678205515,791.2940720790433,811.8810857879068,883.0629243241358,848.6990212177166,892.830158517087
564,Prov. Jawa Barat,Kab. Cianjur,P,S2,34,97.0,26.749997165314426,34.53302439096729,33.48170915288869,34.06486036450344,36.384916259073776,25.226016278365055,28.159705114529444
565,Prov. Jawa Barat,Kab. Cianjur,P,S3,2,5.0,1.3788658332636303,1.0192477791646817,0.9622571032805273,1.2763346177928625,0.6924222023615683,2.071080516511597,2.045557838105917
566,Prov. Jawa Barat,Kab. Cirebon,L,D3,199,887.0,244.610798820968,237.0012183291965,212.9843806860382,216.82520677398853,258.4070636843987,244.36107565039896,203.7702992340997
567,Prov. Jawa Barat,Kab. Cirebon,L,Profesi,1163,932.0,257.02059132034066,1293.044314795541,1057.2859438303224,1012.2257551015421,832.1169467556678,879.498608371051,902.5592080070048
568,Prov. Jawa Barat,Kab. Cirebon,L,S1,1406,11603.0,3199.7960526715806,1584.0367596371746,1623.140768941217,1610.4714300335766,1394.8727229638819,1693.0603233333406,1562.288066025432
569,Prov. Jawa Barat,Kab. Cirebon,L,S2,65,334.0,92.1082376620105,118.92657550137208,112.59192318709052,112.75552632275081,115.60434312088395,99.5830477935563,98.24192847313223
570,Prov. Jawa Barat,Kab. Cirebon,P,D3,253,912.0,251.50512798728616,278.89715225187047,251.54367603310143,263.98131537758087,271.3143899048944,264.83229181189205,291.69612116131566
571,Prov. Jawa Barat,Kab. Cirebon,P,Profesi,4458,2759.0,760.8581667948712,4518.426139488714,3671.9763776296745,3631.021625639118,2665.767840740894,3472.009599389648,3772.8072835913517
572,Prov. Jawa Barat,Kab. Cirebon,P,S1,2551,13013.0,3588.636217651924,2212.844434104216,2216.175995878948,2278.592511871381,2267.6854220644814,2111.034585709384,1975.6690454144573
573,Prov. Jawa Barat,Kab. Cirebon,P,S2,57,239.0,65.90978683000152,94.3254583079915,90.53747839949916,93.27783553929785,82.53777596336003,44.18929965195098,40.76904928259925
574,Prov. Jawa Barat,Kab. Garut,L,D3,89,316.0,87.14432066226144,86.96702829851684,82.20222152727182,80.35007282353321,81.65782731584376,84.48028853739444,80.2731329583812
575,Prov. Jawa Barat,Kab. Garut,L,Profesi,625,409.0,112.79122516096496,675.438376170468,554.942593125331,514.7977491049028,397.91296421228844,387.9438693943413,456.2070912777665
576,Prov. Jawa Barat,Kab. Garut,L,S1,1807,10624.0,2929.814122518562,1565.346185850703,1659.4188110239045,1586.9090247578413,1420.954552155368,1477.068758089288,1413.8919394464021
577,Prov. Jawa Barat,Kab. Garut,L,S2,86,331.0,91.28091816205233,75.4606633750932,87.32031297349042,81.48202968931078,78.05529410336605,67.54947555111187,75.36098341380765
578,Prov. Jawa Barat,Kab. Garut,P,D3,338,941.0,259.5025498202152,302.35758992449314,285.03081195068626,287.5659102222156,265.1862353099909,270.15233480745127,300.3959046146912
579,Prov. Jawa Barat,Kab. Garut,P,Profesi,1752,1181.0,325.6881098168695,2133.889288265001,1784.7891814870502,1701.9204748326424,947.2138425595446,1312.5272922223116,1406.8213192875064
580,Prov. Jawa Barat,Kab. Garut,P,S1,2396,11954.0,3296.5924341666873,2149.8191697543316,2238.003918903143,2216.8092478857884,2236.8977503485266,2061.399671137181,1874.956751975222
581,Prov. Jawa Barat,Kab. Garut,P,S2,52,234.0,64.53092099673789,72.86736366769021,80.02676480601065,77.84384202143505,87.67941213691786,68.32138714921467,61.805086126882905
582,Prov. Jawa Barat,Kab. Indramayu,L,D3,428,1294.0,356.85047764862753,353.12129717953775,336.24331755129515,327.83586917607255,316.5087208179907,308.9044627939097,295.5681158942354
583,Prov. Jawa Barat,Kab. Indramayu,L,D4,73,661.0,182.28606315745193,126.92220468199191,122.3188605247344,127.26655747183406,122.7045049932914,130.4002005688425,128.43569451779635
584,Prov. Jawa Barat,Kab. Indramayu,L,Profesi,296,300.0,82.73194999581781,498.2197921907303,410.53682078841587,380.2126202326857,307.23333882532404,287.30968989762425,332.23808042297713
585,Prov. Jawa Barat,Kab. Indramayu,L,S1,536,5382.0,1484.2111829249716,743.9638672160603,810.163172395583,769.3395896943312,660.2672160194813,739.7414426542077,752.0074053981734
586,Prov. Jawa Barat,Kab. Indramayu,L,S2,19,108.0,29.783501998494415,23.397840259499766,27.644216989831836,25.661752444841746,24.72835733260388,21.550193081047095,25.687934560092817
587,Prov. Jawa Barat,Kab. Indramayu,P,D3,264,690.0,190.28348499038097,223.56633007638928,211.1886494204321,212.75363238715832,200.09929571067434,161.42166983643315,184.47457513310493
588,Prov. Jawa Barat,Kab. Indramayu,P,D4,33,343.0,94.59019616188503,73.37867117331399,72.1348259575051,76.94329986777467,97.09312280524203,63.63442507600172,52.46695419320212
589,Prov. Jawa Barat,Kab. Indramayu,P,Profesi,1173,1187.0,327.34274881678584,2148.6493875127608,1804.5501138033258,1717.526265119875,1170.417581975471,1389.7984329833287,1502.7625344348587
590,Prov. Jawa Barat,Kab. Indramayu,P,S1,823,5809.0,1601.9663250856856,1019.7200810685753,1078.473621821159,1062.676029342019,1052.8713529380525,962.8109959444137,931.4461631214868
591,Prov. Jawa Barat,Kab. Indramayu,P,S2,10,49.0,13.512885165983576,16.974886550573956,18.110152625284968,17.699597662470904,18.704990085131428,15.347268913954792,14.710236136120177
592,Prov. Jawa Barat,Kab. Karawang,L,D1,16,16.0,4.412370666443617,14.376032645175492,6.0847140987558985,5.092990400675634,4.773371994255351,3.9913943033511288,8.677583405966946
593,Prov. Jawa Barat,Kab. Karawang,L,D2,52,92.0,25.371131332050798,41.76301206829452,35.68733350933356,29.619021701436594,27.446888966968267,25.186933652571284,28.746641319531477
594,Prov. Jawa Barat,Kab. Karawang,L,D3,121,641.0,176.7705998243974,168.0691855633755,157.87078416138135,156.90756284148117,168.599610310225,181.46166124721876,180.60815117484262
595,Prov. Jawa Barat,Kab. Karawang,L,Profesi,1019,1038.0,286.25254698552965,1687.5822285192753,1363.6793112313478,1288.9576435554102,1141.113555726595,1133.6538649679512,1065.3304669650565
596,Prov. Jawa Barat,Kab. Karawang,L,S1,2239,14927.0,4116.466058625242,2240.898623754354,2292.2564759922243,2247.513119950062,2021.0051636348985,2140.625024209601,1985.8537494069903
597,Prov. Jawa Barat,Kab. Karawang,L,S2,63,166.0,45.77834566435253,50.01190925237599,51.86269939379804,50.23487793793003,55.085264131943234,38.778905217000506,39.891719156649
598,Prov. Jawa Barat,Kab. Karawang,P,D2,2,6.0,1.6546389999163562,2.9628440784381143,2.5821147187722078,2.2021039894384065,1.7966954478801112,3.073337899794693,3.4117098705302022
599,Prov. Jawa Barat,Kab. Karawang,P,D3,206,1081.0,298.11079315159685,308.0807867393884,295.210391428785,301.4794312285307,318.64022357931157,285.5403439852866,293.58268782793044
600,Prov. Jawa Barat,Kab. Karawang,P,Profesi,801,821.0,226.4097698218881,1459.5391347698662,1200.8705466046322,1166.7297929062163,782.3413115824367,975.441067982782,948.5706436464773
601,Prov. Jawa Barat,Kab. Karawang,P,S1,3161,17886.0,4932.478858750658,3169.105474065731,3216.5284504098277,3260.120029617061,3114.643351866387,2757.5278676271905,2906.9123928969693
602,Prov. Jawa Barat,Kab. Karawang,P,S2,50,137.0,37.78092383142347,49.425577409265436,50.71068479073612,50.77928630704304,54.09572393326842,39.095614683681475,32.931883121395295
603,Prov. Jawa Barat,Kab. Kuningan,L,D3,32,82.0,22.613399665523538,23.650203631572932,21.858026642931502,21.24394309686494,22.82728642375183,26.510862358097327,24.21068459007114
604,Prov. Jawa Barat,Kab. Kuningan,L,Profesi,1241,691.0,190.5592581570337,1152.255837657244,936.6108516642928,861.8879269882472,898.6038304723797,993.3522532248603,846.7744516105289
605,Prov. Jawa Barat,Kab. Kuningan,L,S1,986,6401.0,1765.2240397440994,918.7683616316481,965.6800123021217,918.1565362922605,964.9985582972822,921.1391803142905,877.770996783633
606,Prov. Jawa Barat,Kab. Kuningan,L,S2,106,243.0,67.01287949661243,56.13914393395785,64.1971907681293,59.43796297857804,64.93525119681482,44.395418213244355,52.42168580630954
607,Prov. Jawa Barat,Kab. Kuningan,P,D3,110,317.0,87.42009382891416,104.5657375528242,97.01448009823109,97.1938433080927,132.10824653932588,88.66911407465996,106.1954129747412
608,Prov. Jawa Barat,Kab. Kuningan,P,Profesi,4612,2538.0,699.9122969646187,4336.196786278264,3663.3656561107637,3450.9370743158956,2899.1405858885396,3055.5795065026164,3082.956103102089
609,Prov. Jawa Barat,Kab. Kuningan,P,S1,1619,7534.0,2077.675037561638,1359.0338124027217,1391.2310973414358,1371.9543468603442,1503.0205316907939,1414.1716055631252,1419.1683590142716
610,Prov. Jawa Barat,Kab. Kuningan,P,S2,100,186.0,51.29380899740705,60.973802410848,65.38430327668878,63.2568520213082,69.00287755266315,59.20226087365021,63.03878075212542
611,Prov. Jawa Barat,Kab. Majalengka,L,D3,15,48.0,13.23711199933085,13.61831720487171,11.138522387675973,11.168042989185986,13.51883091429075,15.008695690557778,14.364900968244555
612,Prov. Jawa Barat,Kab. Majalengka,L,Profesi,847,506.0,139.54122232627938,837.5636466699801,600.7764052748837,570.6607880564943,544.0771246062374,651.5246903817771,610.8699743226741
613,Prov. Jawa Barat,Kab. Majalengka,L,S1,639,4146.0,1143.3555489422022,574.0573752677709,542.1691445558765,528.7659764676205,468.3419588825838,601.0260142963027,547.2993041234017
614,Prov. Jawa Barat,Kab. Majalengka,L,S2,76,187.0,51.569582164059774,68.1089994828128,59.38349891722065,58.433298878726895,64.51907133493108,55.76729194676662,64.75646101674266
615,Prov. Jawa Barat,Kab. Majalengka,P,D3,116,246.0,67.8401989965706,79.97328588808803,65.62382911311478,67.83295097309157,75.21988696931456,79.07653382549243,75.36084774892976
616,Prov. Jawa Barat,Kab. Majalengka,P,Profesi,2913,1697.0,467.9870638096761,3116.955739970513,2265.918373321043,2214.4167263403515,2257.5703804614045,1313.1004076460767,1436.486723396911
617,Prov. Jawa Barat,Kab. Majalengka,P,S1,959,4766.0,1314.3349122668924,859.6475968611484,782.7585488227323,793.1294906015887,808.8182958300624,798.8539014457738,865.7604536621021
618,Prov. Jawa Barat,Kab. Majalengka,P,S2,42,98.0,27.025770331967152,39.678395543849774,35.04179792100175,35.47973468749478,37.0719191196514,32.18956243105563,34.412738818910675
619,Prov. Jawa Barat,Kab. Pangandaran,L,D3,46,148.0,40.814428664603454,43.71040993336607,39.58445512233761,37.58681093052756,39.17452700963048,28.65361243135995,32.35407061328817
620,Prov. Jawa Barat,Kab. Pangandaran,L,S1,30,183.0,50.46648949744887,38.09913478426429,38.47483133350353,34.94007518142073,35.20212603636546,37.00980692460935,36.96359159777972
621,Prov. Jawa Barat,Kab. Pangandaran,P,D3,39,125.0,34.471645831590756,40.15286742008462,37.12263550307162,36.20309528898348,36.10141142846961,35.62180284650836,42.01423258396986
622,Prov. Jawa Barat,Kab. Pangandaran,P,S1,66,375.0,103.41493749477227,84.94100526763967,87.47859568635945,81.63171428314135,72.48551351229644,81.65340218793641,76.66038432808291
623,Prov. Jawa Barat,Kab. Purwakarta,L,D3,76,283.0,78.04380616272147,75.14854839581507,65.62717890277526,67.09673588478621,81.69930027297339,61.39924755739054,66.66786955461964
624,Prov. Jawa Barat,Kab. Purwakarta,L,D4,45,635.0,175.11596082448105,104.83267890049476,96.98922737242363,104.65507121526527,108.59212906586322,137.90370158525758,125.48275708950833
625,Prov. Jawa Barat,Kab. Purwakarta,L,S1,631,4762.0,1313.2318196002814,644.9548007342279,642.4717736615538,640.1687098967323,589.7071889121104,602.1182731418681,568.7810893636159
626,Prov. Jawa Barat,Kab. Purwakarta,L,S2,12,52.0,14.340204665941755,15.913392814987317,15.32803129713337,15.275433080245376,18.780195717098188,15.63650483870473,17.38678761644398
627,Prov. Jawa Barat,Kab. Purwakarta,P,D3,91,286.0,78.87112566267965,88.48991867208342,77.12121142219203,81.37284217379128,91.45765852190468,66.40404124381733,84.23223898769378
628,Prov. Jawa Barat,Kab. Purwakarta,P,D4,523,930.0,256.4690449870352,183.41884428621748,168.77590340753233,187.82686657054376,201.30695049179764,194.80969622962343,145.93313353714768
629,Prov. Jawa Barat,Kab. Purwakarta,P,Profesi,605,553.0,152.50256115895752,713.9499811882685,606.6380012906675,593.7018181093733,467.7196631007192,465.73362955915496,446.4775546819488
630,Prov. Jawa Barat,Kab. Purwakarta,P,S1,803,4416.0,1217.8143039384383,765.8244693855863,739.2401192271924,764.5755189795805,832.1456313881573,772.338184366811,734.0740861759504
631,Prov. Jawa Barat,Kab. Purwakarta,P,S2,10,47.0,12.961338832678125,16.566004333353014,15.982636405748938,16.425782546340784,18.861179793973857,15.056427109925238,16.325925745855272
632,Prov. Jawa Barat,Kab. Subang,L,D3,112,841.0,231.92523315494262,206.73582497746284,181.37136087877715,184.92656573724818,219.56614121157952,179.8606928226138,186.65325515931315
633,Prov. Jawa Barat,Kab. Subang,L,D4,1,302.0,83.28349632912327,59.10166478326417,51.11634352778574,55.70138147792783,50.06967820947528,51.31883413679388,58.00593680604313
634,Prov. Jawa Barat,Kab. Subang,L,S1,597,5782.0,1594.520449586062,799.7284123175443,773.6672588480814,774.6489076582891,874.6827203169523,795.2850207184524,719.2195962168208
635,Prov. Jawa Barat,Kab. Subang,L,S2,25,136.0,37.505150664770746,35.61723212888052,35.33088517981023,34.93993443367491,45.06922183655412,35.636021204038165,37.448707911708965
636,Prov. Jawa Barat,Kab. Subang,P,D3,148,917.0,252.8839938205498,246.33012038729012,220.08528420812607,230.64914688396516,265.67431934547767,238.97453414769953,258.35565440986016
637,Prov. Jawa Barat,Kab. Subang,P,S1,719,5587.0,1540.7446820887806,951.7552754867286,904.5396075331117,937.127947247165,845.4685861478797,834.7996837677383,838.4577346502317
638,Prov. Jawa Barat,Kab. Subang,P,S2,17,63.0,17.37370949912174,23.48065198714629,21.82131263599056,22.55356535708911,22.914493797722155,22.562603048188276,21.974860689426094
639,Prov. Jawa Barat,Kab. Sukabumi,L,D3,57,129.0,35.57473849820166,38.61178807425548,31.579634785123208,32.84713712370897,39.299775260143555,38.58257612327905,42.818399592204756
640,Prov. Jawa Barat,Kab. Sukabumi,L,S1,1039,8736.0,2409.154383878215,1269.1860751500292,1203.1724313571112,1215.6469659430995,1322.0070119458014,1523.7362786011304,1341.7315842393227
641,Prov. Jawa Barat,Kab. Sukabumi,L,S2,151,387.0,106.72421549460498,105.97740186109296,102.74665608262143,102.70808521010574,137.38696043398335,109.92374847929746,111.22850468823542
642,Prov. Jawa Barat,Kab. Sukabumi,P,D3,48,112.0,30.886594665105317,37.10137504402792,30.779095094863305,32.93246988861198,30.375742821466282,31.073301474690453,37.267699703581
643,Prov. Jawa Barat,Kab. Sukabumi,P,S1,1223,9145.0,2521.9456090391795,1647.908585423071,1528.6527013473897,1600.1951288835774,1948.7544446193222,1759.4903829465425,1789.0939470134556
644,Prov. Jawa Barat,Kab. Sukabumi,P,S2,56,174.0,47.98453099757433,62.100914413274566,58.04501810683482,60.28064789870885,72.57251754626114,47.972880745804396,59.174572134466494
645,Prov. Jawa Barat,Kab. Sumedang,L,D3,14,61.0,16.82216316581629,17.237344582261244,14.360660815261724,14.03120347454033,16.175874560033808,19.18353091844823,23.8039490308906
646,Prov. Jawa Barat,Kab. Sumedang,L,D4,980,3686.0,1016.4998922819483,823.326296047407,673.4124000663086,705.1047990465465,686.4157907130003,487.127051100752,350.96403404850815
647,Prov. Jawa Barat,Kab. Sumedang,L,Profesi,392,626.0,172.6340023246065,1020.669438452939,748.3439768211199,692.2033786086369,742.5514863328066,863.4371015374271,826.8116893375982
648,Prov. Jawa Barat,Kab. Sumedang,L,S1,2804,16237.0,4477.728906940313,3110.8104320448615,2618.2213160644865,2578.0733935146154,3223.7254777762773,2919.7320655796407,2452.1465449724665
649,Prov. Jawa Barat,Kab. Sumedang,L,S2,524,1675.0,461.9200541433161,628.5025499322334,552.2467243339902,530.669612235872,673.9409223480275,503.60367548206756,511.88930665783823
650,Prov. Jawa Barat,Kab. Sumedang,L,S2 Terapan,44,336.0,92.65978399531595,122.3834111726852,121.52394491815465,90.91387805535372,162.11214772966198,88.11919833338393,95.86590022409318
651,Prov. Jawa Barat,Kab. Sumedang,L,S3,218,1330.0,366.7783116481257,246.33969868171846,220.88332998743022,274.13377384767267,257.52125160081704,292.1075352376767,232.87034486081828
652,Prov. Jawa Barat,Kab. Sumedang,L,Sp-1,171,845.0,233.02832582155352,188.48067046981487,188.28314599826942,234.3492085848927,244.42259173972272,169.40456034960823,178.92267355154044
653,Prov. Jawa Barat,Kab. Sumedang,L,Sp-2,52,123.0,33.9200994982853,46.21186373578977,46.53953549487845,39.0094874198768,56.481665780334794,31.716530969037134,25.695200425012892
654,Prov. Jawa Barat,Kab. Sumedang,P,D3,21,72.0,19.855667998996275,27.204137097824194,21.655736442559725,22.026810548294645,23.3873206366112,26.021588189550105,28.533393965832953
655,Prov. Jawa Barat,Kab. Sumedang,P,D4,805,3416.0,942.0411372857122,825.5924127972304,682.5845219759534,737.9994379773432,721.7823671873475,491.2055761514378,449.4903691614887
656,Prov. Jawa Barat,Kab. Sumedang,P,Profesi,837,1651.0,455.3014981436507,2940.1448382512144,2195.7057211399906,2087.483790080222,1893.8027143862357,2820.7080422907425,2360.5595366407592
657,Prov. Jawa Barat,Kab. Sumedang,P,S1,4563,23457.0,6468.811170172995,5178.433090064475,4325.57547782095,4412.205137401059,4737.119095409393,4048.1672847595282,4219.488487169873
658,Prov. Jawa Barat,Kab. Sumedang,P,S2,802,2230.0,614.9741616355791,966.6995160356623,849.9692657278346,842.4593084317016,1083.108858207914,519.9985404905593,550.6479560986063
659,Prov. Jawa Barat,Kab. Sumedang,P,S2 Terapan,40,150.0,41.36597499790891,63.61844473166531,63.056422915141376,48.68191527801361,75.79521760470263,39.931128905173175,49.722689469312975
660,Prov. Jawa Barat,Kab. Sumedang,P,S3,159,905.0,249.57471582071707,196.5453174801572,175.52670021652546,224.90725983581208,202.3757903937414,209.89846793973098,191.9092913196479
661,Prov. Jawa Barat,Kab. Sumedang,P,Sp-1,171,909.0,250.67780848732798,222.47100784215695,226.03674562949064,289.24979489898965,250.82282656305222,210.10700005579704,199.3269477656651
662,Prov. Jawa Barat,Kab. Sumedang,P,Sp-2,26,65.0,17.925255832427194,26.362177139118128,27.1423608589473,23.366366829251543,31.463969321602743,24.13218317638724,26.486244286147667
663,Prov. Jawa Barat,Kab. Tasikmalaya,L,D3,7,27.0,7.445875499623604,5.974947734238961,5.220666673282196,5.372372143875599,6.03047049195886,5.966383178100187,6.282750954231626
664,Prov. Jawa Barat,Kab. Tasikmalaya,L,S1,702,3620.0,998.2988632828683,593.9662959019989,526.2212843848904,540.2425365844736,501.9237868541175,465.59374675030534,422.3724890494297
665,Prov. Jawa Barat,Kab. Tasikmalaya,L,S2,18,88.0,24.268038665439892,17.00561859396028,17.8900092668934,17.63355822519715,22.777277647701194,18.77646200273513,22.079277478277003
666,Prov. Jawa Barat,Kab. Tasikmalaya,P,D3,23,75.0,20.682987498954454,19.080450764213126,16.708650645677448,17.729697101700978,19.998703633323625,18.47703177864502,16.0645934107784
667,Prov. Jawa Barat,Kab. Tasikmalaya,P,Profesi,6,6.0,1.6546389999163562,10.57498869929641,7.692183381152716,7.81685423133045,2.828807750271279,3.220147156647477,3.4290936926785385
668,Prov. Jawa Barat,Kab. Tasikmalaya,P,S1,946,3858.0,1063.9328769462172,750.1844143047766,659.7305355600566,699.7439296198121,603.8185813668958,567.8048677143421,600.3632833871449
669,Prov. Jawa Barat,Kab. Tasikmalaya,P,S2,7,33.0,9.10051449953996,7.634000264104542,7.946570529305893,8.097246329690787,9.08323912436179,5.323240925851571,6.084405625301868
670,Prov. Jawa Barat,Kota Bandung,L,D1,16,18.0,4.963916999749069,16.767634345817882,7.263417172108905,6.211991540379724,11.708784266643763,11.474426516613173,12.750937678669038
671,Prov. Jawa Barat,Kota Bandung,L,D2,31,188.0,51.8453553307125,41.042315259994474,45.753221310108806,36.96505836969354,38.72227517746782,20.392729326959635,27.748795867170315
672,Prov. Jawa Barat,Kota Bandung,L,D3,2473,10876.0,2999.3089605150485,2688.6101225969337,2653.9978706847583,2683.8513173495217,2689.504880952452,2645.9166111073478,2760.5007874291596
673,Prov. Jawa Barat,Kota Bandung,L,D4,1473,9103.0,2510.3631360397653,1661.6509859600685,1650.935329590024,1778.4851319698214,1432.8848483874974,1796.4627422222763,1600.741910908578
674,Prov. Jawa Barat,Kota Bandung,L,Profesi,11310,10923.0,3012.270299347727,18015.540139787106,15001.886502408574,14468.84378571774,12898.417957438196,10530.798565069865,10949.552323482143
675,Prov. Jawa Barat,Kota Bandung,L,S1,21649,134663.0,37136.44194095605,19420.588268488384,20318.755447600714,20506.980131453984,21039.526439014284,18364.817826768438,17555.483679862824
676,Prov. Jawa Barat,Kota Bandung,L,S2,4772,13422.0,3701.4274428128892,4266.77743898167,4501.427129418122,4460.992449542109,4368.788802926416,4216.010860527941,3877.1041803696567
677,Prov. Jawa Barat,Kota Bandung,L,S2 Terapan,37,106.0,29.231955665188963,36.98601636798778,42.43556288459871,32.98847207224313,40.86284093859737,23.051349931238594,33.24610627133702
678,Prov. Jawa Barat,Kota Bandung,L,S3,728,3969.0,1094.5436984446696,615.8115419147042,665.4882108344116,851.0917749114255,653.0787106681812,660.8517351530558,569.106681846491
679,Prov. Jawa Barat,Kota Bandung,P,D1,21,22.0,6.067009666359973,22.293360078689194,9.8489328155363,8.655351749100202,14.899061512096456,14.059443097101491,18.09014709242414
680,Prov. Jawa Barat,Kota Bandung,P,D2,65,296.0,81.62885732920691,76.53972394191061,84.71138171604947,70.70482904697874,69.58422017285285,37.38296091441854,52.03346716596012
681,Prov. Jawa Barat,Kota Bandung,P,D3,4418,14630.0,4034.561428129382,4301.419103598336,4217.918470463654,4403.571976254573,4326.15371541462,4464.724184076606,3716.554496408499
682,Prov. Jawa Barat,Kota Bandung,P,D4,2391,10711.0,2953.8063880173486,2224.7981946872774,2227.6744228912107,2470.1071363059186,2208.6820094469363,2137.983349908971,1970.9116596162282
683,Prov. Jawa Barat,Kota Bandung,P,Profesi,25882,25149.0,6935.419368149407,45183.64198473915,38356.079090000945,38015.94463706592,29932.539549149587,21258.031722379532,28543.3847807336
684,Prov. Jawa Barat,Kota Bandung,P,S1,28899,139555.0,38485.524272221184,25315.558210566775,25963.913668054174,27090.17220873104,28636.62204788996,23918.639052789553,24973.11129934598
685,Prov. Jawa Barat,Kota Bandung,P,S2,4297,11653.0,3213.584711004217,4289.827923246816,4524.3394430893295,4625.976888678534,4323.877520629331,4092.4411027895776,3836.498762432455
686,Prov. Jawa Barat,Kota Bandung,P,S2 Terapan,42,115.0,31.713914165063496,46.611759739521766,53.42250691596598,42.85097770507243,43.52497959946873,43.54416866934617,45.917505417919934
687,Prov. Jawa Barat,Kota Bandung,P,S3,516,2347.0,647.239622133948,425.84595443485586,458.6773524930426,605.5617565188351,443.30266937686685,509.349635112715,442.88897092365494
688,Prov. Jawa Barat,Kota Banjar,L,S1,85,564.0,155.53606599213748,103.47536837472269,90.48662359182418,89.65545625772216,88.23319512891197,113.84523464617764,88.30674620435128
689,Prov. Jawa Barat,Kota Banjar,P,S1,117,769.0,212.06956515594632,156.29541900225374,138.52256964865546,141.2295164490226,125.39776042640788,179.8306501074008,204.81299253154893
690,Prov. Jawa Barat,Kota Bekasi,L,D3,158,922.0,254.26285965381342,163.91099415659065,175.3564721902359,173.00795934980454,155.355296835761,155.46953053168548,156.38120918550328
691,Prov. Jawa Barat,Kota Bekasi,L,D4,99,441.0,121.61596649385218,68.27139101505543,70.0255779601794,74.23923039045899,72.86456760523387,85.60192149432532,86.9058531489383
692,Prov. Jawa Barat,Kota Bekasi,L,Profesi,97,126.0,34.74741899824348,140.05761900148548,128.62126176247017,120.7173522394447,109.60450585057825,68.2445763994443,71.38839411534227
693,Prov. Jawa Barat,Kota Bekasi,L,S1,1921,13816.0,3810.082070474063,1700.6982234136651,1884.6803910392916,1847.3115942454626,1387.3339000050948,2365.588997907988,1658.2252582105557
694,Prov. Jawa Barat,Kota Bekasi,L,S2,160,588.0,162.1546219918029,172.13990395654568,181.5465169416571,178.52502900716138,201.37720457348192,182.13520193585808,176.7954803561175
695,Prov. Jawa Barat,Kota Bekasi,L,S3,6,104.0,28.68040933188351,17.942105618482447,18.258807602453032,23.450161277301405,16.336539004910787,17.132117763032063,16.60754640044932
696,Prov. Jawa Barat,Kota Bekasi,P,D3,569,1549.0,427.17263514507266,358.4179446566669,369.68934395892586,378.96684755152177,376.2825449487895,301.5566624492035,338.86236236505886
697,Prov. Jawa Barat,Kota Bekasi,P,D4,624,1929.0,531.9664384731086,348.7283325098484,356.7125589518451,390.3406481999763,398.82540531460944,378.4029768061075,380.7723669986052
698,Prov. Jawa Barat,Kota Bekasi,P,Profesi,751,1150.0,317.13914165063494,1419.8930121985388,1321.1167009177468,1275.7800540966214,1020.3333597127436,1039.3800889550082,1078.0800989358197
699,Prov. Jawa Barat,Kota Bekasi,P,S1,2851,14269.0,3935.0073149677482,2278.564774101768,2433.997766924474,2479.8081837893537,2180.629473959031,2827.280887226771,2222.958421414023
700,Prov. Jawa Barat,Kota Bekasi,P,S2,187,604.0,166.56699265824653,173.40771804851462,192.72793545709638,193.47341090929888,214.23839719801651,194.95885691436783,238.79160721985286
701,Prov. Jawa Barat,Kota Bekasi,P,S3,4,27.0,7.445875499623604,5.368897167406373,5.471290791106775,7.2469280529075695,3.839835757431431,6.344884123809097,5.191585956242768
702,Prov. Jawa Barat,Kota Bogor,L,D3,309,1226.0,338.09790231624214,328.9529290665497,307.6742566412931,304.2090437390187,296.6274653933841,268.15880112358207,261.83712202726394
703,Prov. Jawa Barat,Kota Bogor,L,D4,119,769.0,212.06956515594632,140.41171982581372,136.6171935962786,142.64966488609434,127.42524715057759,134.48147392195642,113.00094609245666
704,Prov. Jawa Barat,Kota Bogor,L,Profesi,1189,1275.0,351.6107874822257,2104.8949922243087,1704.8769717663713,1599.01803795756,2066.8635634877323,1348.4193977517782,1659.2339560622747
705,Prov. Jawa Barat,Kota Bogor,L,S1,2210,15347.0,4232.290788619387,2290.9427440684753,2382.4436297954026,2306.246834199632,2296.472387946217,2210.7346256656638,2140.101383919342
706,Prov. Jawa Barat,Kota Bogor,L,S2,187,697.0,192.21389715695005,214.41682352609905,222.4820847286673,213.91000788510127,225.52425331904143,161.3796857756259,174.18784772098536
707,Prov. Jawa Barat,Kota Bogor,L,S3,62,368.0,101.48452532820319,50.99814550340033,55.58259704893359,68.62439411384712,65.76573240276508,61.78618266308768,54.51775382861266
708,Prov. Jawa Barat,Kota Bogor,P,D3,605,1779.0,490.60046347519966,557.1982109971524,517.4145309099075,529.2263460943667,504.52536037266407,357.95700504274635,395.88388900219144
709,Prov. Jawa Barat,Kota Bogor,P,D4,190,871.0,240.19842815452438,181.97754330542824,177.71473213018987,191.28473435295,199.90143199307076,180.6541620630495,143.61743654026193
710,Prov. Jawa Barat,Kota Bogor,P,Profesi,4568,4816.0,1328.1235705995286,8838.432089350212,7251.164721796666,6997.898870899129,7078.734537351027,6983.132871746076,7623.9386324840425
711,Prov. Jawa Barat,Kota Bogor,P,S1,2953,14530.0,4006.9841114641094,2714.919698509386,2748.153814023995,2761.0508582066705,2903.5681619122233,2646.243897065683,2674.049438404027
712,Prov. Jawa Barat,Kota Bogor,P,S2,176,513.0,141.47163449284847,177.9470085738725,186.18501439987452,184.36144704703477,187.87135353559637,137.7849116608322,160.79513419482979
713,Prov. Jawa Barat,Kota Bogor,P,S3,44,224.0,61.773189330210634,36.78221002816467,39.79569745085675,50.7602348151215,42.51481845809331,48.153457489762175,32.034391738352106
714,Prov. Jawa Barat,Kota Cimahi,L,D3,157,557.0,153.60565382556842,147.90959887954835,149.1954119301997,142.29584158637385,127.12367599404958,142.43832523359796,134.13295737712804
715,Prov. Jawa Barat,Kota Cimahi,L,D4,124,699.0,192.7654434902555,104.21379785326566,115.71994556848364,115.38609596005824,93.84325469311526,109.10608725459473,84.69923140276066
716,Prov. Jawa Barat,Kota Cimahi,L,Profesi,1004,1150.0,317.13914165063494,1812.5688589567424,1594.7197107072416,1442.474034615121,1390.8443856320991,1229.0241873565267,1131.9774105067738
717,Prov. Jawa Barat,Kota Cimahi,L,S1,2814,14938.0,4119.499563458422,2233.6923852426567,2484.838258773005,2326.991835934233,2336.8866052387707,2264.836623741584,2116.2647347754123
718,Prov. Jawa Barat,Kota Cimahi,L,S2,445,1065.0,293.69842248515323,311.5946340024605,351.6240127861848,325.96656849447004,329.7521555809246,288.79022796733267,359.04434660777497
719,Prov. Jawa Barat,Kota Cimahi,P,D3,477,1381.0,380.8427431474147,468.2581210786041,457.9316982931338,453.34965477793634,451.17561610812515,353.0001184547719,380.7160975939536
720,Prov. Jawa Barat,Kota Cimahi,P,D4,117,597.0,164.63658049167745,125.52530940213433,130.9589762380206,136.39510981785426,103.78422071528966,128.51730527289408,104.989758742419
721,Prov. Jawa Barat,Kota Cimahi,P,Profesi,4322,4616.0,1272.9689372689834,8285.057958540408,7327.388092374467,6830.185727131857,6115.437651507617,4744.104255733765,5128.308885069326
722,Prov. Jawa Barat,Kota Cimahi,P,S1,3351,17242.0,4754.880939426303,3172.0989486139642,3436.0016708777757,3344.387995525765,3716.8751325737217,3050.8439861653446,3086.966764836162
723,Prov. Jawa Barat,Kota Cimahi,P,S2,261,729.0,201.0386384898373,280.5387307034302,304.06760795864534,293.13835965272733,258.64579256141263,175.11191927963978,219.24554872105648
724,Prov. Jawa Barat,Kota Cirebon,L,D3,373,1272.0,350.78346798226755,328.8388056501925,296.3229423109234,292.60209191428504,295.7265264889563,285.94110004283846,255.41535547586727
725,Prov. Jawa Barat,Kota Cirebon,L,D4,35,149.0,41.09020183125618,30.504347357444203,27.144112711357135,28.636419694339317,23.328253906975682,18.542565788049387,14.486291326576069
726,Prov. Jawa Barat,Kota Cirebon,L,Profesi,1834,1136.0,313.27831731749677,1796.7918502802745,1398.7834511933304,1312.4421522696136,1096.1658100205657,1681.0977765562338,1592.2642705117112
727,Prov. Jawa Barat,Kota Cirebon,L,S1,2542,16882.0,4655.602599431321,2923.4015015734594,2756.1501680362144,2698.797824494252,2490.2033362312645,2589.2817685019445,2332.558843652981
728,Prov. Jawa Barat,Kota Cirebon,L,S2,213,651.0,179.52833149092467,231.85067569306483,217.8030990352091,212.00923327452222,211.81128625700666,163.69209736258338,163.04110604828423
729,Prov. Jawa Barat,Kota Cirebon,L,S3,18,123.0,33.9200994982853,21.75816323202265,20.81745203627094,26.181654769907187,20.7264162781246,21.58912848574719,17.88129976852934
730,Prov. Jawa Barat,Kota Cirebon,P,D3,172,570.0,157.19070499205384,173.48159315227878,155.50139506980628,158.5687449834713,158.46427549495473,146.67708536615703,139.95055453284215
731,Prov. Jawa Barat,Kota Cirebon,P,D4,153,348.0,95.96906199514866,73.00178632096029,67.4630744367159,72.8853493244432,55.09844682372478,64.26898427426643,49.91699782404244
732,Prov. Jawa Barat,Kota Cirebon,P,Profesi,5817,3541.0,976.512783117303,6274.739007445201,4935.712812539072,4767.519336645211,3791.5120940703587,4868.359735057837,5030.671904464468
733,Prov. Jawa Barat,Kota Cirebon,P,S1,3994,19275.0,5315.5277872312945,3896.8256076430284,3664.672545032769,3703.5069380689533,3405.535670272774,3799.197342234243,3890.969983775259
734,Prov. Jawa Barat,Kota Cirebon,P,S2,114,398.0,109.75772032778497,159.1221474976152,150.9430054560907,151.2765048500549,141.8637020739045,110.42094356713065,133.44434440246184
735,Prov. Jawa Barat,Kota Cirebon,P,S3,4,39.0,10.755153499456316,7.151810068912565,7.0855722241411385,9.129154174031967,7.215608373366562,5.063960097223712,4.91083861199823
736,Prov. Jawa Barat,Kota Depok,L,D1,10,12.0,3.3092779998327124,10.788491861730892,4.529207925439221,3.8444987523737275,3.981187474070906,4.733028016927435,5.810631263626734
737,Prov. Jawa Barat,Kota Depok,L,D3,594,2063.0,568.9200428045739,607.1684119737481,545.3229003627941,553.74213220257,584.8408525678853,403.4870332299022,415.28326865964215
738,Prov. Jawa Barat,Kota Depok,L,D4,830,3633.0,1001.8839144493537,692.5258769338784,654.7229797156857,701.223159470474,776.7586839667479,718.8326289473106,518.1321055996439
739,Prov. Jawa Barat,Kota Depok,L,S1,1391,10984.0,3029.092462513543,1566.4408153357801,1613.134550502926,1599.9363825170976,1664.9741849596521,1944.4617744118718,1776.184147073064
740,Prov. Jawa Barat,Kota Depok,L,S2,167,811.0,223.65203815536083,253.60179975893274,257.851239261369,253.86777176625375,262.7124903460571,206.69644367389753,243.13289710572366
741,Prov. Jawa Barat,Kota Depok,L,S2 Terapan,16,36.0,9.927833999498137,14.373917531058463,15.145828018069805,11.811859850386197,14.028756077029644,9.542069259162966,5.315700522907481
742,Prov. Jawa Barat,Kota Depok,P,D1,3,3.0,0.8273194999581781,2.9339608017948358,1.2562043068154094,1.0956792163417879,1.0049328207069952,2.4858495962604765,2.666577841991016
743,Prov. Jawa Barat,Kota Depok,P,D3,513,1566.0,431.860778978169,496.87854545719165,456.2274367759006,475.8708635175122,413.7173800459549,400.129153789992,399.9925042916107
744,Prov. Jawa Barat,Kota Depok,P,D4,908,3246.0,895.1596989547488,682.3020411419025,655.0544742441451,721.5296574303813,735.2749307039978,732.6309195624115,867.3986280129749
745,Prov. Jawa Barat,Kota Depok,P,Profesi,176,173.0,47.708757830921606,278.0579647666131,234.31020070825093,229.38858461148422,226.86216200302468,191.24295689058044,142.49867225946545
746,Prov. Jawa Barat,Kota Depok,P,S1,1686,8912.0,2457.690461209095,1401.391390998928,1469.3710487434198,1496.8682440099722,1429.0780378983109,1859.545655831235,1748.073099109429
747,Prov. Jawa Barat,Kota Depok,P,S2,114,455.0,125.47679082699035,147.0479819340222,154.96941547236614,156.27420336615148,159.71785066157918,124.7905485260313,176.2502069152229
748,Prov. Jawa Barat,Kota Depok,P,S2 Terapan,8,10.0,2.7577316665272606,3.8508855332388694,4.298683951949999,3.41876740676857,4.121171598023395,3.6346231183054694,4.016351107910076
749,Prov. Jawa Barat,Kota Sukabumi,L,D3,306,1441.0,397.3891331465782,313.939223793482,316.2816391608277,307.35979825924824,277.8671807140983,296.8459784164707,312.14401119314806
750,Prov. Jawa Barat,Kota Sukabumi,L,D4,5,31.0,8.548968166234507,4.3393625216830225,4.611816655378717,4.725508864558551,4.128163428456753,5.839202677586053,5.377556834370553
751,Prov. Jawa Barat,Kota Sukabumi,L,Profesi,107,146.0,40.262882331298,204.7795220680147,175.38571246090592,162.47281144891167,88.30624293821171,68.42140194454565,56.119002205018866
752,Prov. Jawa Barat,Kota Sukabumi,L,S1,1083,7056.0,1945.855463901635,989.1066996048663,1050.613198958661,1012.3823441633217,853.5937046713473,1056.007724090669,956.4239323106623
753,Prov. Jawa Barat,Kota Sukabumi,L,S2,16,137.0,37.78092383142347,32.55000391137766,36.805685363109106,34.742819447599096,33.90946198171019,26.26724847536273,28.708978726091935
754,Prov. Jawa Barat,Kota Sukabumi,P,D3,549,1515.0,417.79634747887997,427.7479714109529,415.85026673206465,419.86758500473996,386.73601809188796,354.6444624659494,375.4096071836439
755,Prov. Jawa Barat,Kota Sukabumi,P,D4,23,61.0,16.82216316581629,12.41601068845854,12.278740219673727,13.166982910154381,12.165966505716014,17.973685016092162,14.760204465996026
756,Prov. Jawa Barat,Kota Sukabumi,P,Profesi,319,336.0,92.65978399531595,579.1044903849094,486.72812550996525,466.89309325612976,264.3069249585975,267.99878547930365,266.2854309766666
757,Prov. Jawa Barat,Kota Sukabumi,P,S1,1753,8831.0,2435.3528347102238,1467.7917612481315,1544.8942714184057,1539.239284941841,1183.0475768225115,1519.7815593299754,1585.454579705489
758,Prov. Jawa Barat,Kota Sukabumi,P,S2,14,78.0,21.510306998912633,23.743534978839268,26.001664624384816,25.48237254367058,24.68974177569125,16.163229168678974,16.084618955673708
759,Prov. Jawa Barat,Kota Tasikmalaya,L,D3,312,1139.0,314.105636817455,312.07760502778996,306.4110161439223,297.4575673314281,270.56746505137033,277.1344716898347,261.34606859030794
760,Prov. Jawa Barat,Kota Tasikmalaya,L,D4,58,202.0,55.70617966385066,39.25759122921773,39.410634571389124,40.59259993462832,31.088868114989822,38.08788038495491,29.955566297579967
761,Prov. Jawa Barat,Kota Tasikmalaya,L,Profesi,1982,2139.0,589.8788034701811,3314.9854391791755,2882.468948078912,2645.7714862536764,4638.3905159096785,2211.390458700106,2537.3770534064865
762,Prov. Jawa Barat,Kota Tasikmalaya,L,S1,2128,15309.0,4221.811408286583,2437.9967499316363,2617.875590025688,2498.3290727217823,2242.7204225335668,2329.3349413678625,2157.3153096240767
763,Prov. Jawa Barat,Kota Tasikmalaya,L,S2,115,438.0,120.788646993894,131.33008370562501,144.56621418576924,136.35130273280834,125.14855227350434,120.51098254378023,136.54122649088822
764,Prov. Jawa Barat,Kota Tasikmalaya,P,D3,1205,3458.0,953.6236102851267,1149.9798724401824,1112.362904513281,1117.3100604116305,967.6051320696224,755.2608883051265,896.3845877844016
765,Prov. Jawa Barat,Kota Tasikmalaya,P,D4,340,951.0,262.2602814867425,207.23920921241415,210.15836378947762,222.8518693005566,217.94455898546477,189.99332117839268,145.56551051558782
766,Prov. Jawa Barat,Kota Tasikmalaya,P,Profesi,2797,2967.0,818.2189854586383,5193.929836103167,4551.522380592688,4303.102317649154,6793.650731191745,4307.958339941895,4807.368631611935
767,Prov. Jawa Barat,Kota Tasikmalaya,P,S1,3442,19413.0,5353.584484229371,3761.181295634092,3975.4828500186577,3926.2910893191506,4599.2446217866545,3602.580118123263,3772.387343407967
768,Prov. Jawa Barat,Kota Tasikmalaya,P,S2,110,317.0,87.42009382891416,113.43692315982037,123.67575677632173,120.56515209871237,110.17868486765175,92.40944815735936,111.24999577201979
769,Prov. Jawa Tengah,Kab. Banjarnegara,L,D3,21,99.0,27.30154349861988,28.26719860147823,22.107819233792583,22.78464340420142,30.88931024429017,26.44047359763597,26.6054147417342
770,Prov. Jawa Tengah,Kab. Banjarnegara,L,S1,76,812.0,223.92781132201355,118.09025672821514,102.32869984437757,104.28185903816477,143.14463067173872,148.15076316510152,144.34015542905234
771,Prov. Jawa Tengah,Kab. Banjarnegara,P,D3,73,263.0,72.52834282966695,81.16460058653561,64.87177402167869,68.67232929226488,94.13590276119274,57.61712818747376,67.56078434245515
772,Prov. Jawa Tengah,Kab. Banjarnegara,P,S1,136,1048.0,289.0102786520569,180.58964429362246,153.07584888150154,162.33648788175728,217.674533564222,200.497695886621,211.984269357535
773,Prov. Jawa Tengah,Kab. Banyumas,L,D3,303,1474.0,406.4896476461182,380.5153591112705,351.8077595977274,350.1124397483105,344.0982154476146,316.14565866462453,314.1504791654638
774,Prov. Jawa Tengah,Kab. Banyumas,L,D4,111,621.0,171.25513649134288,124.50650611448036,120.62136421633816,124.7753238512746,115.30846163174614,123.192397345668,108.91845219237756
775,Prov. Jawa Tengah,Kab. Banyumas,L,Profesi,1754,1572.0,433.51541797808534,2672.5688425649905,2199.510240785512,2035.4831637678606,2142.911488725641,1993.8457185248217,2130.6892189216633
776,Prov. Jawa Tengah,Kab. Banyumas,L,S1,3980,28152.0,7763.566187607544,4719.596161036102,4824.449767417948,4646.469701961867,4737.791216513887,4120.668219871018,4369.087102815967
777,Prov. Jawa Tengah,Kab. Banyumas,L,S2,413,1281.0,353.26542648214206,420.7695928930393,438.58189672026725,417.0221692108029,362.11850850301914,302.09704880182085,345.47629777165025
778,Prov. Jawa Tengah,Kab. Banyumas,L,S3,47,311.0,85.7654548289978,51.81194073601518,54.64063563150407,67.21652133605568,42.82643150283183,53.654839113939985,53.89790889544072
779,Prov. Jawa Tengah,Kab. Banyumas,L,Sp-1,4,33.0,9.10051449953996,6.8774450334950465,7.9838246008573,9.873373545879065,16.114762003875523,8.469182572380218,7.289198263160803
780,Prov. Jawa Tengah,Kab. Banyumas,P,D3,595,2395.0,660.4767341332789,750.9906377636007,698.9659260439753,712.0482669654671,654.006987666834,540.3391466943922,602.1412678466522
781,Prov. Jawa Tengah,Kab. Banyumas,P,D4,264,1434.0,395.45872098000916,315.0973052031496,310.5969686526063,330.3024825067746,314.56336793851705,282.71308295134236,281.4218319695446
782,Prov. Jawa Tengah,Kab. Banyumas,P,Profesi,6852,5899.0,1626.785910084431,11176.87989022387,9309.812145847283,8866.4799458925,7910.325457725929,8108.086737100277,8571.793978630503
783,Prov. Jawa Tengah,Kab. Banyumas,P,S1,7577,41477.0,11438.243633255119,8403.098261315527,8460.99394323183,8435.598279943579,8723.24147286207,6496.155467195962,7389.877176437498
784,Prov. Jawa Tengah,Kab. Banyumas,P,S2,486,1351.0,372.5695481478329,526.2550866846668,544.379775077938,534.7873230791655,420.36558871418924,355.32157726902125,412.3563577077191
785,Prov. Jawa Tengah,Kab. Banyumas,P,S3,14,148.0,40.814428664603454,27.780160249905126,29.549290386674247,37.4347548346186,21.842143434862397,25.826647366204607,25.526603856355486
786,Prov. Jawa Tengah,Kab. Banyumas,P,Sp-1,2,10.0,2.7577316665272606,2.26707949301886,2.684077540926002,3.410792655418484,5.231915347841622,5.35789859299871,2.8782129214184096
787,Prov. Jawa Tengah,Kab. Blora,L,D3,11,45.0,12.409792499372672,12.354586649469503,10.340921976811085,10.38311586092087,10.986728299454537,11.77578705355049,12.59754769763247
788,Prov. Jawa Tengah,Kab. Blora,L,D4,187,822.0,226.68554298854082,150.21460108296935,128.4402205847605,137.70089868453707,150.87671414985425,169.59501243241482,143.3184014497653
789,Prov. Jawa Tengah,Kab. Blora,L,S1,343,2673.0,737.1416744627368,384.93579460097624,364.43677546829156,357.18185924669586,331.8759890374254,317.72143588323456,340.1300805086242
790,Prov. Jawa Tengah,Kab. Blora,P,D3,1,3.0,0.8273194999581781,1.0241496209174117,0.838091787991911,0.8720249928251992,0.6739565976276404,1.6514948250318802,1.6002845592909496
791,Prov. Jawa Tengah,Kab. Blora,P,D4,99,344.0,94.86596932853776,68.01441354130522,58.725240098621924,65.04450835212279,79.34668030369839,57.69806599467909,42.149301194660076
792,Prov. Jawa Tengah,Kab. Blora,P,S1,379,2656.0,732.4535306296405,444.23148302616227,420.14865692475786,424.88338183762056,382.91377666300554,400.15330497528174,386.04442734246976
793,Prov. Jawa Tengah,Kab. Boyolali,L,Profesi,8,10.0,2.7577316665272606,17.582800209844265,13.88436618986371,12.43540070471757,35.44764620402783,5.841114387783257,7.522232520041848
794,Prov. Jawa Tengah,Kab. Boyolali,L,S1,169,1295.0,357.12625081528023,196.52134783895542,202.75115214291998,186.6213485141601,202.05448033490492,189.0667827868722,162.97040764671746
795,Prov. Jawa Tengah,Kab. Boyolali,P,Profesi,342,405.0,111.68813249435405,691.9222518934324,577.4748231906925,527.6902458851292,838.0508385408784,420.29933523005013,376.6631016147619
796,Prov. Jawa Tengah,Kab. Boyolali,P,S1,605,1999.0,551.2705601387994,408.1603365661705,401.41027655528086,384.85816274297406,427.1721569015409,360.4068309540789,355.966329632376
797,Prov. Jawa Tengah,Kab. Brebes,L,D3,25,88.0,24.268038665439892,23.495648664924293,21.787501695403638,21.461511283787363,24.31255825314149,15.791876826995168,16.794299756241553
798,Prov. Jawa Tengah,Kab. Brebes,L,S1,351,2272.0,626.5566346349935,343.5809138600861,351.3557713061593,339.6520238965986,275.1709477764279,299.42623851008216,267.3675234550051
799,Prov. Jawa Tengah,Kab. Brebes,P,D3,163,446.0,122.99483232711582,142.65522946027062,130.86278475174487,133.26539894166825,144.00844269949593,131.79374752903254,120.83304998204697
800,Prov. Jawa Tengah,Kab. Brebes,P,Profesi,32,34.0,9.376287666192686,61.513521996956094,49.973310831588385,48.11792052532659,22.363303146310603,19.170185910483546,20.91209790119134
801,Prov. Jawa Tengah,Kab. Brebes,P,S1,548,2950.0,813.5308416255418,536.3365802297951,542.4553322643021,542.0074732952596,462.9004303212834,466.2570918784462,508.68171278440377
802,Prov. Jawa Tengah,Kab. Cilacap,L,D3,374,1542.0,425.24222297850355,409.59719599473686,377.98830732831067,372.1897170327409,360.1932013359317,338.4640675915948,372.70277358947976
803,Prov. Jawa Tengah,Kab. Cilacap,L,D4,46,573.0,158.01802449201202,113.11641017924087,104.96498244313047,110.08800500763755,129.6306014666315,141.06874087746138,134.4185606668905
804,Prov. Jawa Tengah,Kab. Cilacap,L,Profesi,84,94.0,25.92267766535625,154.7100044513986,122.87200802471638,115.044092938985,109.50444906179023,97.16707478038133,83.3288176243289
805,Prov. Jawa Tengah,Kab. Cilacap,L,S1,475,2945.0,812.1519757922782,483.9456342923474,477.8759862114991,464.88220620682137,377.449571849848,456.4488017061839,416.16891918415587
806,Prov. Jawa Tengah,Kab. Cilacap,P,D3,286,756.0,208.4845139894609,243.88461451262805,221.72545322529345,225.8842707253945,252.1955116263321,237.65173188103972,226.57772334953995
807,Prov. Jawa Tengah,Kab. Cilacap,P,D4,80,776.0,213.9999773225154,165.80420975676157,156.46117062874674,168.93862192727815,183.05140297677636,163.2846641467794,130.35039308009797
808,Prov. Jawa Tengah,Kab. Cilacap,P,Profesi,174,178.0,49.08762366418524,316.3118549155853,256.81526733256044,246.96360912638656,222.74268175346748,164.4546233256643,82.28862188743375
809,Prov. Jawa Tengah,Kab. Cilacap,P,S1,841,3835.0,1057.5900941132045,716.8639713829685,710.9316074219296,713.1028854301385,577.452051451552,610.7480401829323,697.5493342337201
810,Prov. Jawa Tengah,Kab. Demak,L,S1,77,845.0,233.02832582155352,161.9943132281996,121.49864705995418,125.9711805463634,147.92933350628272,133.94890918338263,131.14563306283628
811,Prov. Jawa Tengah,Kab. Demak,P,S1,74,542.0,149.46905632577753,107.73606427146929,83.66805880600137,88.86911895801663,92.8069955238361,77.25058834211225,72.90280724679866
812,Prov. Jawa Tengah,Kab. Grobogan,L,D3,17,33.0,9.10051449953996,9.018039438913242,7.197678262411179,7.280943327863339,10.664074893708865,6.262187046964108,5.364855190273366
813,Prov. Jawa Tengah,Kab. Grobogan,L,Profesi,27,31.0,8.548968166234507,35.62991362700948,27.65604225500322,25.961834058005053,29.365991902799855,12.615362756860893,13.657890787989206
814,Prov. Jawa Tengah,Kab. Grobogan,L,S1,61,550.0,151.67524165899934,94.87350188366118,80.78366296711201,80.7030220570439,120.9465570517646,92.7742418053897,92.97961291591609
815,Prov. Jawa Tengah,Kab. Grobogan,P,D3,45,104.0,28.68040933188351,34.15349697463629,26.939880697851375,28.17894812337844,31.380310972955826,28.491724418636476,29.707365952989957
816,Prov. Jawa Tengah,Kab. Grobogan,P,Profesi,192,167.0,46.05411883100525,301.2539732013144,212.3989802238223,209.67486262657525,186.43605660541652,117.10021888852523,107.17248929190036
817,Prov. Jawa Tengah,Kab. Grobogan,P,S1,260,1232.0,339.7525413161585,241.05751985889697,206.5864672150303,212.62788988891538,301.58805308305114,237.03250779401756,235.471948756728
818,Prov. Jawa Tengah,Kab. Jepara,L,D4,23,222.0,61.22164299690518,47.29478027440825,42.26896359554383,42.77662598717505,57.607824148256164,46.83227475486051,34.68672018282745
819,Prov. Jawa Tengah,Kab. Jepara,L,S1,524,4182.0,1153.2833829417004,591.7227514340057,597.3783357281847,556.0026737867307,562.9103321533908,651.4333744047591,561.7150241334085
820,Prov. Jawa Tengah,Kab. Jepara,L,S2,42,135.0,37.22937749811802,42.197025751286056,42.014569481860434,38.81207438075183,44.50179683603053,35.31789290403346,37.53628755779178
821,Prov. Jawa Tengah,Kab. Jepara,P,D3,23,53.0,14.615977832594481,16.009525430538485,14.63018084210813,14.268485717322966,15.113530165870714,15.903990381455854,16.18645055454112
822,Prov. Jawa Tengah,Kab. Jepara,P,D4,31,227.0,62.60050883016881,52.33461852545699,47.78074793284191,49.670849065752215,62.18595057509543,44.95380116794893,38.5711643468732
823,Prov. Jawa Tengah,Kab. Jepara,P,S1,821,4329.0,1193.8220384396511,792.4826184618718,769.8154546099912,745.594740928064,897.1690669317398,800.098761378089,939.6955871562038
824,Prov. Jawa Tengah,Kab. Jepara,P,S2,45,103.0,28.404636165230784,40.3524406073537,39.182531608279646,37.52722681015627,40.33245829200005,32.53245745224744,35.27486081482882
825,Prov. Jawa Tengah,Kab. Karanganyar,L,D3,80,300.0,82.73194999581781,68.317472522264,53.818280046387564,56.06534394940179,73.24658434758699,44.43289041781277,47.31537181912398
826,Prov. Jawa Tengah,Kab. Karanganyar,L,D4,19,173.0,47.708757830921606,34.930565375027385,26.21999037262495,29.391612768325928,31.352327205197334,36.940899873419866,33.46152518260309
827,Prov. Jawa Tengah,Kab. Karanganyar,L,Profesi,13,15.0,4.1365974997908905,25.233533839686284,16.180292072400796,16.208089628100247,11.784223841297356,4.818939144535063,7.228887733990302
828,Prov. Jawa Tengah,Kab. Karanganyar,L,S1,79,783.0,215.9303894890845,137.83750986344864,108.65704462240748,113.22578081412874,126.73778307489152,183.31433303422412,188.61483491652857
829,Prov. Jawa Tengah,Kab. Karanganyar,L,S2,24,48.0,13.23711199933085,16.15716629886969,12.97701298760524,13.385885142926018,15.781433353409707,12.067825718165638,13.350659329780086
830,Prov. Jawa Tengah,Kab. Karanganyar,L,S3,12,26.0,7.1701023329708775,3.754087050703544,3.2164973366910314,4.2473422227587605,4.211861234070908,5.182370851443731,4.976356139615115
831,Prov. Jawa Tengah,Kab. Karanganyar,P,D3,181,497.0,137.05926382640484,135.81452477726089,105.78441504025737,113.94122116217349,134.2859888606752,115.9944982935236,129.6513875097729
832,Prov. Jawa Tengah,Kab. Karanganyar,P,D4,85,332.0,91.55669132870506,72.13206425333412,55.41046887329242,63.78087621699889,88.30224014477648,68.37291338258241,59.67718919791998
833,Prov. Jawa Tengah,Kab. Karanganyar,P,Profesi,56,54.0,14.891750999247208,96.63964417176206,63.645241635817676,65.41939965699983,41.87415215840184,38.194015351598615,59.22362864016819
834,Prov. Jawa Tengah,Kab. Karanganyar,P,S1,177,1078.0,297.2834736516387,222.3742264615405,174.62748249412925,187.8640133336583,186.203546416411,223.46193679992825,191.27861627797853
835,Prov. Jawa Tengah,Kab. Karanganyar,P,S2,9,29.0,7.997421832929056,10.19596572398622,8.45975393457823,8.943810455829563,10.05655701095831,6.453596547905983,7.787849500616904
836,Prov. Jawa Tengah,Kab. Karanganyar,P,S3,1,10.0,2.7577316665272606,1.4451092308111195,1.2964499986930704,1.749899219562972,1.597411516738352,3.672004200340665,2.8394672432477868
837,Prov. Jawa Tengah,Kab. Kebumen,L,D3,65,430.0,118.58246166067221,86.47675957233072,82.5997464986447,81.23108426387388,87.64283230576004,76.16522701283859,90.28537817400526
838,Prov. Jawa Tengah,Kab. Kebumen,L,D4,1,23.0,6.342782833012699,2.0970224593247373,2.36117253177438,2.3940496237142685,3.491150427593233,3.2054732811988518,3.563239261562867
839,Prov. Jawa Tengah,Kab. Kebumen,L,Profesi,74,88.0,24.268038665439892,117.73876130770797,94.70165887783952,88.92518542954106,72.74156529525821,63.164552014533506,58.11130184906521
840,Prov. Jawa Tengah,Kab. Kebumen,L,S1,648,3488.0,961.8968052847084,518.551457974569,499.55167716077364,491.54375086455724,512.5452877746176,452.6640508037897,460.5062570590408
841,Prov. Jawa Tengah,Kab. Kebumen,L,S2,45,199.0,54.87886016389248,54.55051627984774,54.54977994385205,52.82445501435349,61.642005227323295,60.60946133632048,66.89020781245488
842,Prov. Jawa Tengah,Kab. Kebumen,P,D3,131,507.0,139.8169954929321,136.010392210393,124.26144710900752,127.17771608607964,132.03960967105093,145.19653248564308,120.91224406036433
843,Prov. Jawa Tengah,Kab. Kebumen,P,Profesi,208,219.0,60.394323496947,351.5269066176218,279.58009687604516,271.43230680827617,209.883789150189,197.11542991570516,202.35337746940345
844,Prov. Jawa Tengah,Kab. Kebumen,P,S1,853,4332.0,1194.6493579396092,794.9785367576962,751.0422954060288,765.1679869946631,804.3089980857134,698.6288130249937,744.5466999139935
845,Prov. Jawa Tengah,Kab. Kebumen,P,S2,50,151.0,41.64174816456163,50.42923571459269,49.62208399778628,49.73093377021015,53.178558014751424,43.022975228164334,39.426379813185626
846,Prov. Jawa Tengah,Kab. Kendal,L,D3,73,287.0,79.14689882933237,83.24791687980047,68.85601512350497,69.21543843070499,71.31851933033866,72.93420175456235,68.06451694050524
847,Prov. Jawa Tengah,Kab. Kendal,L,Profesi,14,15.0,4.1365974997908905,23.30457965964454,17.367220276855356,16.449970872640442,11.082875913917245,3.4337743835951557,3.936038871190109
848,Prov. Jawa Tengah,Kab. Kendal,L,S1,342,3084.0,850.4844459570071,430.604531481501,413.93738766581663,403.96298169979906,347.7961846451263,372.18235649936264,385.72827022856086
849,Prov. Jawa Tengah,Kab. Kendal,P,D3,73,274.0,75.56184766284694,86.88983231768297,73.18048408792399,75.61346530424429,77.14631331039358,77.17347024624883,89.42059091051333
850,Prov. Jawa Tengah,Kab. Kendal,P,Profesi,55,60.0,16.546389999163562,103.45840027617122,78.13527600693341,76.14425387039773,41.53930069374923,34.08058100342587,33.82171423391927
851,Prov. Jawa Tengah,Kab. Kendal,P,S1,389,2995.0,825.9406341249145,515.2790624440559,485.67087339630586,490.8728717268507,426.2575558375399,417.92917925243927,429.9099788300101
852,Prov. Jawa Tengah,Kab. Klaten,L,D3,58,147.0,40.53865549795073,40.65984366062424,38.691245731669724,36.548198352452324,32.141946805446636,31.681418171526982,26.2451277507001
853,Prov. Jawa Tengah,Kab. Klaten,L,Profesi,747,781.0,215.37884315577904,1313.5296085651264,1081.9446412836414,970.748194189958,2269.456230215995,939.9296423137465,997.7596607147988
854,Prov. Jawa Tengah,Kab. Klaten,L,S1,270,1831.0,504.94066814114143,266.72439766936515,286.7206434904068,264.4365749280019,202.13137382080464,267.2264187859517,259.43948163075845
855,Prov. Jawa Tengah,Kab. Klaten,L,S2,12,30.0,8.273194999581781,8.213132450370914,9.044722789512653,8.248392493309924,5.570428930146112,6.957648554359745,9.00413993534179
856,Prov. Jawa Tengah,Kab. Klaten,P,D3,192,454.0,125.20101766033763,149.7554259690896,141.1758298809026,137.82809024389562,120.77370802046975,109.72891174192898,103.48404008833394
857,Prov. Jawa Tengah,Kab. Klaten,P,Profesi,2449,2571.0,709.0128114641586,4735.890592859661,3969.876548769335,3661.5989248975525,7686.279920381064,2865.2012861900666,3028.808088117678
858,Prov. Jawa Tengah,Kab. Klaten,P,S1,471,2388.0,658.5463219667098,442.42833670813627,461.67638779387795,441.86317062283894,406.81918686316465,421.86359116107184,424.5359728707205
859,Prov. Jawa Tengah,Kab. Klaten,P,S2,20,57.0,15.719070499205385,18.510175713945586,20.22851274471117,19.059660006331697,15.131805416558993,11.312315956086927,12.87572312853895
860,Prov. Jawa Tengah,Kab. Kudus,L,D3,36,110.0,30.335048331799864,29.674497757473542,27.19730857107191,26.346876155049678,24.948579701411386,29.98966463207352,28.71338543566452
861,Prov. Jawa Tengah,Kab. Kudus,L,D4,5,35.0,9.652060832845413,6.149828064649475,5.920418114362231,6.052469097497705,5.016735926874723,7.517998975261489,7.22412302792647
862,Prov. Jawa Tengah,Kab. Kudus,L,Profesi,583,679.0,187.24998015720098,1064.020922199775,856.4114289502129,785.7452487893781,717.4817096263502,667.0539413749087,725.3554569655247
863,Prov. Jawa Tengah,Kab. Kudus,L,S1,1092,9989.0,2754.6981616940807,1730.3795791479079,1680.641005989932,1610.6187623531034,1574.6109554151078,1489.8117329334555,1375.4429024531287
864,Prov. Jawa Tengah,Kab. Kudus,L,S2,83,366.0,100.93297899489774,141.72080587349964,133.66458994148383,127.97433521235854,122.28635889587214,109.93891913020887,106.8902288713509
865,Prov. Jawa Tengah,Kab. Kudus,P,D2,9,20.0,5.515463333054521,7.556468997008675,7.055911679451635,5.756554282269311,5.500463140093322,6.976740717494504,9.295589665195216
866,Prov. Jawa Tengah,Kab. Kudus,P,D3,169,496.0,136.78349065975212,164.80043582293803,148.11742825602923,148.5994126536654,139.688713085215,124.20901162099418,140.28221366774395
867,Prov. Jawa Tengah,Kab. Kudus,P,D4,16,98.0,27.025770331967152,20.614543208384365,19.636537087002953,20.75271164537052,18.614273003063975,18.982549129622445,13.6677287286372
868,Prov. Jawa Tengah,Kab. Kudus,P,Profesi,2217,2413.0,665.4406511330279,4291.845416220551,3476.0891489692613,3285.9420079749266,2560.0173579043667,2761.1252201201505,3007.351283718461
869,Prov. Jawa Tengah,Kab. Kudus,P,S1,2143,17067.0,4706.620635262076,3602.246056420684,3441.9558694700195,3414.1188834821196,3184.2510612135607,3317.7525436167666,3268.66834100908
870,Prov. Jawa Tengah,Kab. Kudus,P,S2,122,405.0,111.68813249435405,175.06320820345007,167.021714650056,164.58632727865054,143.21216522366674,121.25113845343216,129.35545409411674
871,Prov. Jawa Tengah,Kab. Magelang,L,D3,74,240.0,66.18555999665425,65.89995749093141,66.13336044171616,62.741970048300004,80.52502904937306,54.571707317731835,59.72321719331187
872,Prov. Jawa Tengah,Kab. Magelang,L,D4,115,549.0,151.3994684923466,114.73903682972328,115.13756791374846,116.41250630802678,250.38993660145908,128.74358453551793,129.43848584022692
873,Prov. Jawa Tengah,Kab. Magelang,L,Profesi,26,30.0,8.273194999581781,50.2941604746127,43.63230957909222,39.32841626096901,65.86697823806297,31.154697629408954,31.538849616181167
874,Prov. Jawa Tengah,Kab. Magelang,L,S1,343,2244.0,618.8349859687173,366.5565535127562,399.75245529361376,373.1927345765902,369.0936387220334,299.10529117066886,286.4190176188119
875,Prov. Jawa Tengah,Kab. Magelang,L,S2,10,39.0,10.755153499456316,12.06012391336924,13.44654891689924,12.416704231274514,14.958979228200006,11.508964663949406,10.139279668575941
876,Prov. Jawa Tengah,Kab. Magelang,P,D3,136,369.0,101.76029849485592,123.25408922887121,121.77084949782679,119.54982512482624,184.70711523988237,107.3149649408743,116.33338891656032
877,Prov. Jawa Tengah,Kab. Magelang,P,D4,152,712.0,196.35049465674095,161.67999577954976,165.5273080134129,171.95917915462306,335.48262203758543,141.16159110681676,127.56626390706555
878,Prov. Jawa Tengah,Kab. Magelang,P,Profesi,97,101.0,27.85308983192533,187.2162255897907,164.79506366802136,152.78976056831718,183.68806100978273,232.73263329978977,230.9626579916803
879,Prov. Jawa Tengah,Kab. Magelang,P,S1,567,2898.0,799.1906369596,580.0769912673325,620.7812579803447,600.2708833364846,755.6500862465866,512.8601483325867,587.2640486676661
880,Prov. Jawa Tengah,Kab. Magelang,P,S2,8,27.0,7.445875499623604,11.118810874340124,11.860572826466003,11.398524878646903,15.129026397296808,11.403702676201771,9.67560116624119
881,Prov. Jawa Tengah,Kab. Pati,L,D3,8,44.0,12.134019332719946,12.41556309438048,9.802159267110195,10.203537479302872,11.952154935552493,10.121971475149545,12.404445625392126
882,Prov. Jawa Tengah,Kab. Pati,L,Profesi,21,23.0,6.342782833012699,32.270526155523406,23.500914773746857,22.943010501285993,17.79933371589024,16.075695495789713,17.56512528803846
883,Prov. Jawa Tengah,Kab. Pati,L,S1,252,2044.0,563.680352638172,292.7787914091827,264.1758708694732,267.86956676652,272.90546330384274,263.0097697155351,255.25370946872337
884,Prov. Jawa Tengah,Kab. Pati,L,S2,13,30.0,8.273194999581781,10.730762730710024,9.067258765645763,9.255590848497796,10.937983809530959,5.048478002914659,5.055055991911574
885,Prov. Jawa Tengah,Kab. Pati,P,D3,61,224.0,61.773189330210634,65.96072018509986,53.812290493162244,57.408849296278554,62.37092524880932,58.224062052100145,52.51131486750586
886,Prov. Jawa Tengah,Kab. Pati,P,Profesi,329,376.0,103.690710661425,555.8781801849418,417.0377310931037,417.516498132389,278.7100885035938,283.3253655019487,303.8407724101972
887,Prov. Jawa Tengah,Kab. Pati,P,S1,732,2471.0,681.4354947988861,415.9347524528669,373.4861056275997,391.0675831234575,323.222879985265,382.32668688654707,407.8973783073899
888,Prov. Jawa Tengah,Kab. Pati,P,S2,6,18.0,4.963916999749069,6.8190021193136205,5.926252570500622,6.205565000666526,6.679607973364509,4.375370627909161,3.9547717156283793
889,Prov. Jawa Tengah,Kab. Pekalongan,L,D3,47,131.0,36.126284831507114,38.53421901808168,35.61150792166703,33.6667561899769,36.99884598884385,33.38730035588364,29.427865878822367
890,Prov. Jawa Tengah,Kab. Pekalongan,L,S1,142,882.0,243.23193298770437,152.75714876309362,153.95480618486465,143.10951940129507,137.46190494864481,140.1846154780298,131.31831892051463
891,Prov. Jawa Tengah,Kab. Pekalongan,P,D3,127,446.0,122.99483232711582,150.80959161431772,139.68369743400783,136.1676800888331,117.52543135917216,110.36203618821844,106.13425011582318
892,Prov. Jawa Tengah,Kab. Pekalongan,P,S1,113,724.0,199.65977265657367,133.88450110085557,138.4279843658504,132.06697478468035,133.67720879735597,129.520214682849,122.07040776608486
893,Prov. Jawa Tengah,Kab. Pemalang,L,S1,157,847.0,233.57987215485898,132.38483664202454,117.87664945470395,115.29029630524704,128.75248839914394,120.33308252481262,120.5146693618307
894,Prov. Jawa Tengah,Kab. Pemalang,P,S1,308,1241.0,342.234499816033,227.41209963820015,201.54011571113074,203.58047015561408,224.77077956590608,231.28310285824432,216.48958165186505
895,Prov. Jawa Tengah,Kab. Purbalingga,L,S1,29,480.0,132.3711199933085,69.17809807085428,66.19866998014285,63.742151979280635,62.80824416830793,77.67350821289273,66.30505428823393
896,Prov. Jawa Tengah,Kab. Purbalingga,P,S1,33,416.0,114.72163732753404,68.7522810584188,65.98520776625391,65.50707416916488,72.39219061470949,65.37907641832098,53.60602882203698
897,Prov. Jawa Tengah,Kab. Purworejo,L,D3,57,146.0,40.262882331298,42.41462547878163,40.51189499828506,38.815369769533994,42.35185851867889,34.183471368238415,30.086392385734285
898,Prov. Jawa Tengah,Kab. Purworejo,L,D4,2,28.0,7.721648666276329,5.019405588016088,5.140792611156464,5.171110042841844,4.205464948608777,6.914248014653795,6.371388847253032
899,Prov. Jawa Tengah,Kab. Purworejo,L,Profesi,471,478.0,131.81957366000304,812.1725663604923,682.2058262129775,618.2385786756781,729.8661930185134,536.6070025782743,605.3754243001589
900,Prov. Jawa Tengah,Kab. Purworejo,L,S1,587,3344.0,922.1854692867159,538.078060787206,573.4474728654394,537.2063371213874,452.7271341852291,495.37756102731447,507.42224896607337
901,Prov. Jawa Tengah,Kab. Purworejo,L,S2,2,15.0,4.1365974997908905,5.780856000280336,5.846014854919448,5.498721843284584,4.323931667873452,3.628741778525372,3.3225673312155197
902,Prov. Jawa Tengah,Kab. Purworejo,P,D3,157,485.0,133.74998582657213,158.4776897673606,152.82170013431423,150.74174515941897,143.68793111499468,142.88651416847185,134.21691408226374
903,Prov. Jawa Tengah,Kab. Purworejo,P,Profesi,902,912.0,251.50512798728616,1685.6554840160861,1444.0438342918117,1344.7041166270799,1204.3208327890306,1110.6829218867808,1420.530750008859
904,Prov. Jawa Tengah,Kab. Purworejo,P,S1,713,3805.0,1049.3168991136226,741.6320868559783,779.1601039162905,755.1370508963021,853.3207510335941,698.4085655636511,784.2867191133694
905,Prov. Jawa Tengah,Kab. Purworejo,P,S2,8,28.0,7.721648666276329,11.24465664066099,11.75589676657472,11.331458537652892,10.6837139542465,9.690936439686721,9.646000302481609
906,Prov. Jawa Tengah,Kab. Rembang,L,S1,203,1446.0,398.7679989798419,221.46077849233734,212.72208162147356,206.3015532466487,196.28934831695534,189.65462873043577,165.571990794482
907,Prov. Jawa Tengah,Kab. Rembang,P,S1,280,1485.0,409.5231524792982,279.50203386347346,263.46372871605,264.57685939508127,251.15551666074188,206.7975873164603,196.62454638561488
908,Prov. Jawa Tengah,Kab. Semarang,L,D3,12,35.0,9.652060832845413,10.1591454540687,9.09376210292131,9.013796933110912,11.10077948619721,7.093299317158855,5.915404238399
909,Prov. Jawa Tengah,Kab. Semarang,L,D4,4,98.0,27.025770331967152,13.060946566309957,13.468678099037156,13.904772684775967,12.84374825777827,19.113809130689024,19.27108930576247
910,Prov. Jawa Tengah,Kab. Semarang,L,Profesi,50,92.0,25.371131332050798,132.7556126464,109.62021785153391,101.90274530255954,97.68530831502657,78.80395712862887,75.82650423793054
911,Prov. Jawa Tengah,Kab. Semarang,L,S1,336,3084.0,850.4844459570071,498.3749043771461,492.66217707014493,479.667128477796,417.3502101937063,465.27868579550835,450.84747865758015
912,Prov. Jawa Tengah,Kab. Semarang,L,S2,59,227.0,62.60050883016881,72.02479728072018,72.30731584328258,69.62860853735589,85.33802648361242,76.80049802001162,78.7832921743797
913,Prov. Jawa Tengah,Kab. Semarang,P,D3,78,269.0,74.18298182958331,81.3555254203631,75.28846110513511,76.47477165245743,94.82527839211335,83.26788237258809,88.72751431664024
914,Prov. Jawa Tengah,Kab. Semarang,P,D4,16,292.0,80.525764662596,49.93186781852158,50.391341551094584,53.726356297498995,51.994511530541395,61.03257055795168,45.76928230572292
915,Prov. Jawa Tengah,Kab. Semarang,P,Profesi,486,605.0,166.84276582489926,1062.290184557021,863.4735647442382,830.6536788235334,848.4688877989698,864.1807039945415,862.6236468346495
916,Prov. Jawa Tengah,Kab. Semarang,P,S1,1000,5018.0,1383.8297502633793,955.360686312556,936.475963907856,942.9784094880725,859.2731261363026,750.3083279163324,830.6874035894414
917,Prov. Jawa Tengah,Kab. Semarang,P,S2,20,85.0,23.440719165481713,29.9069184280746,30.43550137744747,30.152122661345388,36.01098777668248,18.280711205130586,19.914320320801465
918,Prov. Jawa Tengah,Kab. Sragen,L,D3,7,18.0,4.963916999749069,5.802783295165924,4.612084829191373,4.576065498846787,7.958734793652935,5.935538703924285,7.107230224368734
919,Prov. Jawa Tengah,Kab. Sragen,P,D3,35,111.0,30.61082149845259,38.09106901131959,31.088787641686302,31.65267180665518,35.17253732844544,35.58428265787228,38.03547847935823
920,Prov. Jawa Tengah,Kab. Sukoharjo,L,D3,347,1247.0,343.88913881594937,349.5508454655914,320.9360996403447,316.88669137287013,307.14508267829376,270.60243814317596,273.8014462216395
921,Prov. Jawa Tengah,Kab. Sukoharjo,L,D4,46,164.0,45.226799331047076,30.088386515978645,28.70592016759889,30.05720809938623,22.7767558824061,27.420392365515962,25.070657780290663
922,Prov. Jawa Tengah,Kab. Sukoharjo,L,Profesi,4264,3973.0,1095.6467911112807,6872.622102039008,5448.57527993184,5109.128810099823,4689.697676778239,5168.289232761151,4603.759232807442
923,Prov. Jawa Tengah,Kab. Sukoharjo,L,S1,4162,25849.0,7128.460584806316,4380.654690150217,4342.246882841381,4226.287552914368,4077.1610215706096,3559.0416177552383,3529.0390673157003
924,Prov. Jawa Tengah,Kab. Sukoharjo,L,S2,322,1156.0,318.7937806505513,326.1814537186519,345.5071627988067,329.3443018095103,330.20996622887645,288.3002600518506,331.79671102392916
925,Prov. Jawa Tengah,Kab. Sukoharjo,L,S3,25,250.0,68.94329166318151,38.33607061759217,40.19845805395096,49.79046999467562,38.75148121747056,49.236412267497215,49.77190698172636
926,Prov. Jawa Tengah,Kab. Sukoharjo,P,D3,475,1426.0,393.25253564678735,479.1374651248788,435.3779471268435,444.30746571458053,425.1229351383115,330.09695717286104,352.611079327546
927,Prov. Jawa Tengah,Kab. Sukoharjo,P,D4,157,418.0,115.27318366083949,85.81532858613278,81.57542639457073,88.55170293801602,80.217170429257,83.018841077971,75.51663312862158
928,Prov. Jawa Tengah,Kab. Sukoharjo,P,Profesi,13236,12541.0,3458.4712829918376,23625.997086159005,19095.760360278706,18400.859317774968,16080.612690610016,7796.097750072706,11472.187957929045
929,Prov. Jawa Tengah,Kab. Sukoharjo,P,S1,8386,37724.0,10403.266938807437,7547.305912064538,7434.382125803473,7474.073658200843,7509.797877671244,5535.695103749427,5733.821789082032
930,Prov. Jawa Tengah,Kab. Sukoharjo,P,S2,381,1088.0,300.04120531816596,363.97280440649547,382.6483931809532,376.8399307509746,369.62303224520883,316.2507530770278,388.93927014319274
931,Prov. Jawa Tengah,Kab. Sukoharjo,P,S3,22,118.0,32.54123366502167,22.47784998558108,23.050842188959955,29.584617793770473,21.545203212620535,22.239278008861337,20.442936977726017
932,Prov. Jawa Tengah,Kab. Tegal,L,D3,202,796.0,219.51544065556993,189.64152668564367,159.67846433243838,165.22367518210618,195.9470859635856,180.521996851039,189.00888249898912
933,Prov. Jawa Tengah,Kab. Tegal,L,D4,6,70.0,19.304121665690825,11.704431215684398,10.110322432988724,11.092092157994978,11.175578558353227,13.734850284938936,13.359500695115461
934,Prov. Jawa Tengah,Kab. Tegal,L,Profesi,19,22.0,6.067009666359973,27.215444658594745,20.850171416868736,20.288904032575694,14.965985633577587,13.514896414298185,14.082271700914578
935,Prov. Jawa Tengah,Kab. Tegal,L,S1,197,1335.0,368.1571774813893,230.1896800667366,198.02973983053002,204.11472469288117,231.27996288720882,212.64540795728308,182.79247912626533
936,Prov. Jawa Tengah,Kab. Tegal,P,D3,321,952.0,262.5360546533952,287.9955551334555,235.51586660152083,252.8652574979396,303.25918813305327,260.55438841204494,300.96190368229867
937,Prov. Jawa Tengah,Kab. Tegal,P,D4,6,55.0,15.167524165899932,10.93600354095599,9.366863337559066,10.61912892144852,11.338828202429626,13.61248070055483,13.18412950106866
938,Prov. Jawa Tengah,Kab. Tegal,P,Profesi,86,92.0,25.371131332050798,154.45266983421763,112.53428351796897,114.10351363233828,82.98747291902235,80.86837408915291,69.24451452772632
939,Prov. Jawa Tengah,Kab. Tegal,P,S1,445,2340.0,645.3092099673789,461.9706250868524,398.81992651582567,423.7691780383486,419.1326455632928,408.57271638096535,416.1556889369773
940,Prov. Jawa Tengah,Kab. Temanggung,L,D3,5,62.0,17.097936332469015,18.780152651259264,14.908726307152675,15.11402257060413,18.577820976974262,21.699518753618115,20.714191889887957
941,Prov. Jawa Tengah,Kab. Temanggung,L,S1,70,314.0,86.59277432895598,42.644304304639746,40.237987329959246,39.425359574910345,32.020572750888896,25.555785433263566,19.00543358578535
942,Prov. Jawa Tengah,Kab. Temanggung,L,S2,6,53.0,14.615977832594481,20.28733460191338,17.25377959251875,17.148948462641723,14.811200494472843,15.536719438963475,22.209870835270493
943,Prov. Jawa Tengah,Kab. Temanggung,P,D3,32,159.0,43.847933497783444,53.64678430689975,43.11019464413943,44.97529295007615,39.506170771823754,41.90858790185021,48.01660788244582
944,Prov. Jawa Tengah,Kab. Temanggung,P,S1,148,547.0,150.84792215904116,93.53544166874208,85.94738957179274,87.3340502071717,75.30206407048753,79.00186879286491,65.88894191652805
945,Prov. Jawa Tengah,Kab. Temanggung,P,S2,1,15.0,4.1365974997908905,6.245884399480333,5.417484108872893,5.5329478309846545,4.007936335983019,3.538305831146957,3.856218050930996
946,Prov. Jawa Tengah,Kab. Wonogiri,L,D3,7,15.0,4.1365974997908905,4.7518792534141845,4.018327030093354,3.976318250603029,3.21098659069229,3.50045074931476,3.3769880065838582
947,Prov. Jawa Tengah,Kab. Wonogiri,L,S1,79,582.0,160.49998299188655,101.17642967260144,95.40409747539148,92.41416665750039,79.30529808079298,147.82142897471027,90.83239752555554
948,Prov. Jawa Tengah,Kab. Wonogiri,P,D3,30,76.0,20.95876066560718,21.657915768644084,19.83414545331773,19.92734278194313,21.748260912998305,16.924029106064943,25.633974617166672
949,Prov. Jawa Tengah,Kab. Wonogiri,P,S1,106,664.0,183.1133826574101,134.1408350366523,126.33716910775753,126.27508350071624,96.96275175840545,174.34947652127835,134.33792559575664
950,Prov. Jawa Tengah,Kab. Wonosobo,L,D3,19,119.0,32.8170068316744,28.332176389986465,29.680334416396942,27.826253804206768,27.366720994509954,25.049871857941632,24.984063263574214
951,Prov. Jawa Tengah,Kab. Wonosobo,L,Profesi,23,32.0,8.824741332887234,40.050867395513364,38.02679552313876,33.55340521040778,73.13178225986755,20.55765543081879,21.67157558372864
952,Prov. Jawa Tengah,Kab. Wonosobo,L,S1,724,5474.0,1509.5823142570225,910.1221640187881,984.4520443582004,917.6604710500895,1059.515336272246,855.2232995577822,851.6829833119637
953,Prov. Jawa Tengah,Kab. Wonosobo,L,S2,73,182.0,50.19071633079614,65.7978440827438,69.68150473893526,64.7960898407831,66.92085584378452,41.540908374142,58.08206849994867
954,Prov. Jawa Tengah,Kab. Wonosobo,P,D3,59,179.0,49.363396830837964,58.92142888884835,58.35888540193061,57.07781739298596,56.703145355206125,33.97761271761052,35.34515539390714
955,Prov. Jawa Tengah,Kab. Wonosobo,P,Profesi,48,64.0,17.649482665774467,79.3163979500766,79.11989329646647,71.31198702988573,139.15075057977515,57.66806285037248,68.70268747976218
956,Prov. Jawa Tengah,Kab. Wonosobo,P,S1,883,4962.0,1368.3864529308266,1034.1096753121851,1090.8658212918579,1054.24226153518,1280.602860741957,824.8672637956512,1016.0122883519773
957,Prov. Jawa Tengah,Kab. Wonosobo,P,S2,68,125.0,34.471645831590756,50.04595993460421,53.748460916719715,51.41535243745612,51.09932977074035,36.546528685388715,41.583056054177774
958,Prov. Jawa Tengah,Kota Magelang,L,D3,77,433.0,119.40978116063039,130.38987065729827,115.33783757331618,113.31793869403933,107.32471449858275,99.20212591770937,117.50215149076749
959,Prov. Jawa Tengah,Kota Magelang,L,D4,450,1913.0,527.554067806665,408.9358063317154,368.728261896978,384.91700138018246,491.1548099190307,330.73738790707,356.7115614701293
960,Prov. Jawa Tengah,Kota Magelang,L,Profesi,521,283.0,78.04380616272147,371.2455887378069,252.3484985415511,257.58816198580064,1096.4618997842979,475.65407012642635,537.7905025836837
961,Prov. Jawa Tengah,Kota Magelang,L,S1,710,5849.0,1612.9972517517947,1140.0635304664995,1057.2960315404534,1032.3135896587519,1082.8787712377864,1019.9892870192808,915.5811464081578
962,Prov. Jawa Tengah,Kota Magelang,L,S2,3,10.0,2.7577316665272606,2.8353663311134367,2.9486819840959617,2.7880955062384185,2.9899346633596062,3.468620271985069,2.964520084504112
963,Prov. Jawa Tengah,Kota Magelang,P,D3,93,494.0,136.23194432644667,174.66607596572263,153.81571373523317,156.03633341279541,126.09203778408221,117.00540531661356,126.82394913013245
964,Prov. Jawa Tengah,Kota Magelang,P,Profesi,2204,1195.0,329.54893415000765,1721.426441513046,1197.885320544293,1253.0136060319217,4494.32685816472,1278.5157274514004,1390.700962513378
965,Prov. Jawa Tengah,Kota Magelang,P,S1,1420,9056.0,2497.401797207087,1989.043158135364,1850.3350780660726,1865.545708153022,2040.2262197110488,1636.2000712588433,1591.2121054361444
966,Prov. Jawa Tengah,Kota Magelang,P,S2,1,13.0,3.5850511664854388,4.3580275034981035,4.50216478509549,4.397331934504719,5.548801792563177,3.8769130801645497,3.977460994650507
967,Prov. Jawa Tengah,Kota Pekalongan,L,D3,69,181.0,49.914943164143416,47.895046141531616,47.44332462310839,45.6528179950093,38.48680579105601,29.325673738749284,22.369694882128698
968,Prov. Jawa Tengah,Kota Pekalongan,L,D4,10,111.0,30.61082149845259,18.91593782367041,19.603961392062946,19.96711975167245,18.26154022599236,17.20056568078628,17.150754171331545
969,Prov. Jawa Tengah,Kota Pekalongan,L,Profesi,649,216.0,59.56700399698883,389.5488671248023,327.61847922295624,299.1252584079249,338.34460572563705,559.1513822868986,432.08705408489476
970,Prov. Jawa Tengah,Kota Pekalongan,L,S1,1270,7510.0,2071.0564815619728,1380.7664195192292,1435.7953804542979,1363.1597171857115,1313.950994094234,1357.5025162136687,1139.7328237207928
971,Prov. Jawa Tengah,Kota Pekalongan,L,S2,117,338.0,93.2113303286214,132.13081451237395,135.71740505712407,128.2444710753331,116.7076009739251,96.13314251427289,97.69865638635525
972,Prov. Jawa Tengah,Kota Pekalongan,P,D3,179,473.0,130.4407078267394,166.08033623165096,158.44383386013098,158.21119256275543,92.31993036637341,123.45072719639083,127.53292720644944
973,Prov. Jawa Tengah,Kota Pekalongan,P,D4,6,30.0,8.273194999581781,6.75128799106989,6.551123229522183,7.0242303098970895,7.8872089638314735,11.5695923604485,10.004677575219796
974,Prov. Jawa Tengah,Kota Pekalongan,P,Profesi,1435,511.0,140.920088159543,1010.7054526474918,864.6821082971063,811.652770477678,970.3530278925728,1048.2477659978106,897.3380142771247
975,Prov. Jawa Tengah,Kota Pekalongan,P,S1,2705,13058.0,3601.0460101512967,2891.0502415889864,2969.206292979093,2915.26151289651,3065.723387062248,2659.266454199637,2399.730085667283
976,Prov. Jawa Tengah,Kota Pekalongan,P,S2,82,215.0,59.291230830336104,94.06819178065555,97.65908474966099,94.99512361140123,84.05090773160522,68.52284287296334,76.33190191755662
977,Prov. Jawa Tengah,Kota Salatiga,L,D3,31,152.0,41.91752133121436,37.35654702562574,32.72325534555527,32.49111981872971,32.572123434691264,27.240134565021823,29.61178152195516
978,Prov. Jawa Tengah,Kota Salatiga,L,D4,33,229.0,63.152055163474266,45.29027163587807,38.66380701455851,41.221162159275764,33.6032045404375,50.70300526913283,42.1237798400147
979,Prov. Jawa Tengah,Kota Salatiga,L,Profesi,2344,1460.0,402.62882331298005,2539.8021347711824,1839.5419158083441,1749.6873722704522,1951.417141443241,1887.7883865349393,1934.1654547563437
980,Prov. Jawa Tengah,Kota Salatiga,L,S1,2211,11473.0,3163.945541006726,2158.712496087589,1859.8547715553393,1864.657705604058,1911.8354190034127,2134.6759199225435,1899.6116293235382
981,Prov. Jawa Tengah,Kota Salatiga,L,S2,215,570.0,157.19070499205384,196.65616302466395,178.91034147519363,175.13387078596264,176.20103333110106,156.9626547999402,149.10879033582154
982,Prov. Jawa Tengah,Kota Salatiga,L,S3,30,241.0,66.46133316330697,42.75339134806977,39.183141039910446,49.666196915768076,39.591913192197644,51.78712317810002,49.24707020688001
983,Prov. Jawa Tengah,Kota Salatiga,P,D3,45,105.0,28.956182498536236,33.9496606430501,28.624071528550957,29.524721530063253,27.25599617949074,25.210887967439742,26.440826658527026
984,Prov. Jawa Tengah,Kota Salatiga,P,D4,27,111.0,30.61082149845259,24.382217737140742,20.873544006399346,23.0139891623284,22.32549824115497,22.578824118510006,16.734627698179196
985,Prov. Jawa Tengah,Kota Salatiga,P,Profesi,7284,4193.0,1156.3168877748803,7912.582068489283,5849.973347732694,5716.552355139361,5590.948624245528,4897.857603994045,4896.007879174734
986,Prov. Jawa Tengah,Kota Salatiga,P,S1,4261,16907.0,4662.496928597639,3636.038969649322,3140.7307859047046,3248.0769289108775,3216.855989386081,3292.5478343578143,3352.0814429383036
987,Prov. Jawa Tengah,Kota Salatiga,P,S2,244,609.0,167.94585849151017,245.87651372320403,222.9307350648704,225.27386564519446,203.68186191200957,162.56217148569706,176.48392630395327
988,Prov. Jawa Tengah,Kota Salatiga,P,S3,13,98.0,27.025770331967152,20.509894474610732,18.685556885886204,24.46221075191837,17.057251927196713,15.540833598314954,14.624269363055914
989,Prov. Jawa Tengah,Kota Semarang,L,D3,2213,8196.0,2260.2368738857426,2222.1677497139503,2171.9652014463804,2176.044420629286,2244.5083690836436,2098.535023889758,2212.406254571455
990,Prov. Jawa Tengah,Kota Semarang,L,D4,1629,9526.0,2627.0151855338686,1776.6398862729322,1779.7647852153061,1895.0191068560835,1851.9890514136482,1823.1393950623979,1632.8399178341676
991,Prov. Jawa Tengah,Kota Semarang,L,Profesi,11923,12329.0,3400.0073716614597,10911.423323353241,11311.312524707773,10316.00933990414,16238.475537772954,12201.799696412763,12945.384260761228
992,Prov. Jawa Tengah,Kota Semarang,L,S1,18987,108937.0,30041.901455648018,17717.439912518814,18464.68341634426,18361.022946447385,20232.230572648998,17495.136658099233,17052.913023682893
993,Prov. Jawa Tengah,Kota Semarang,L,S2,3865,10425.0,2874.9352623546692,3370.8550841108085,3618.6954201182643,3530.0210140454656,4355.816925292473,3263.6964480799484,3714.9941523435227
994,Prov. Jawa Tengah,Kota Semarang,L,S2 Terapan,1,4.0,1.1030926666109042,1.6908718812076662,1.8672341383500302,1.4449448863529457,4.255511819517196,2.8177240101274346,2.4462265115654116
995,Prov. Jawa Tengah,Kota Semarang,L,S3,451,3262.0,899.5720696211924,535.2304043281159,581.2664855718791,733.6015140712573,659.751472754713,572.5385313366666,517.2099280226367
996,Prov. Jawa Tengah,Kota Semarang,L,Sp-1,112,465.0,128.2345224935176,93.21650601147589,112.27085209103198,142.23255265293702,122.24939064033723,120.89062807755063,123.84760353830653
997,Prov. Jawa Tengah,Kota Semarang,P,D3,4154,12064.0,3326.9274824984873,3889.2414953066764,3782.7509609218205,3909.4018591370677,3839.995491420844,3729.964683899905,3413.4544168404586
998,Prov. Jawa Tengah,Kota Semarang,P,D4,2511,11342.0,3127.819256175219,2399.5077723569575,2405.402784825993,2646.2016151080797,2505.6937914090536,2586.755642273755,2088.0984661667376
999,Prov. Jawa Tengah,Kota Semarang,P,Profesi,25882,26292.0,7250.628097633474,27193.25866503936,28106.194673149825,26458.801171413706,34870.59792971266,20729.165545284053,24780.37594147182
1000,Prov. Jawa Tengah,Kota Semarang,P,S1,31158,141237.0,38949.37473853107,26979.242509994525,27831.578161479585,28655.6930451052,30868.588392539143,23897.155757185064,24246.18967824876
1001,Prov. Jawa Tengah,Kota Semarang,P,S2,3517,9426.0,2599.4378688685956,3489.914249655543,3759.6500181042406,3780.7431326469173,4422.265596519772,3144.2712652164337,3740.4003813409095
1002,Prov. Jawa Tengah,Kota Semarang,P,S2 Terapan,61,99.0,27.30154349861988,43.89362058742032,50.007799652156756,39.67316670531885,73.26850843767699,26.09730660144842,24.757695770048652
1003,Prov. Jawa Tengah,Kota Semarang,P,S3,284,1807.0,498.322112141476,349.0250826523654,377.0533028262744,491.423876203936,388.2097693421182,377.30219918132104,336.4919567404039
1004,Prov. Jawa Tengah,Kota Semarang,P,Sp-1,126,555.0,153.05410749226297,118.98837177628434,146.9451900840166,191.08535004273912,194.80046640259297,139.3387856906012,130.12854517871259
1005,Prov. Jawa Tengah,Kota Surakarta,L,D1,11,20.0,5.515463333054521,15.763956705358915,6.861228439303427,5.707405267247534,5.74952173416114,10.381251300174105,14.64413537045201
1006,Prov. Jawa Tengah,Kota Surakarta,L,D2,35,78.0,21.510306998912633,34.979233314310314,29.605145985539636,24.60269069883666,19.849237270255156,20.819518460107048,21.552605485225474
1007,Prov. Jawa Tengah,Kota Surakarta,L,D3,1088,4549.0,1254.4921351032508,1119.97615883877,1020.1349949177694,1030.7264808930188,1023.7372823593478,913.5060778787879,919.593766536634
1008,Prov. Jawa Tengah,Kota Surakarta,L,D4,717,3236.0,892.4019672882215,580.5274458849367,548.12924664165,582.1766116235807,449.4758007836996,571.3994208136836,491.40044262288075
1009,Prov. Jawa Tengah,Kota Surakarta,L,Profesi,7094,7799.0,2150.7549267246104,12360.164013052958,9934.286984122671,9394.126473039514,13304.011768846503,8314.55895392497,7779.5860977564635
1010,Prov. Jawa Tengah,Kota Surakarta,L,S1,5373,34808.0,9599.11238484809,5429.121274078845,5341.79137489624,5295.761731820453,4922.9169106180125,5974.164093271136,5128.644162443769
1011,Prov. Jawa Tengah,Kota Surakarta,L,S2,772,2767.0,763.064352128093,771.2915017975153,808.7770545567381,781.1638004236722,877.3725692644481,685.0678736386703,749.0024069025864
1012,Prov. Jawa Tengah,Kota Surakarta,L,S3,160,1103.0,304.17780281795683,160.67479587076127,168.8628028920307,211.406554891373,173.3176767324808,221.2455362124934,208.13132118748996
1013,Prov. Jawa Tengah,Kota Surakarta,L,Sp-1,89,498.0,137.33503699305757,80.33130239550927,96.58310170364662,120.62550803405993,108.54596424477238,109.24940048825357,104.15148351400403
1014,Prov. Jawa Tengah,Kota Surakarta,L,Sp-2,1,7.0,1.9304121665690823,2.3832705787990185,2.69003366615995,2.2949463593230197,2.974417083318072,2.5618073803409254,2.2340534872583593
1015,Prov. Jawa Tengah,Kota Surakarta,P,D1,5,23.0,6.342782833012699,13.998235583902776,6.924355575263568,5.792057448581685,8.111488452276213,10.000559709109595,17.55203798440266
1016,Prov. Jawa Tengah,Kota Surakarta,P,D2,65,170.0,46.88143833096343,86.35702957913213,73.59444937494368,63.00500552311828,45.94362634465616,32.72354887494884,52.6922964692025
1017,Prov. Jawa Tengah,Kota Surakarta,P,D3,3112,8952.0,2468.7213878752036,2661.640376911372,2400.175925128597,2504.3070450378573,2523.0288337897678,2186.2408965919767,2676.2927934795234
1018,Prov. Jawa Tengah,Kota Surakarta,P,D4,1478,6126.0,1689.3864189145997,1256.4431019603765,1190.512717033589,1303.6696995770071,1076.327363008342,1268.2219350806656,1226.5203483512169
1019,Prov. Jawa Tengah,Kota Surakarta,P,Profesi,17286,18880.0,5206.597386403468,32318.76539448638,26550.986579081255,25787.80321127922,26048.42744991073,11889.223745961386,18139.784899976134
1020,Prov. Jawa Tengah,Kota Surakarta,P,S1,8981,46212.0,12744.029577355777,8639.911274704325,8369.979135950947,8598.096523531933,8300.236697099968,9767.08841375445,9178.552012034665
1021,Prov. Jawa Tengah,Kota Surakarta,P,S2,907,2820.0,777.6803299606875,905.3619327440072,950.9080603832169,947.158188985302,1031.002136082531,740.3178429415851,843.5804876671106
1022,Prov. Jawa Tengah,Kota Surakarta,P,S3,172,978.0,269.70615698636607,174.5436603717755,180.1855730304906,233.5433774819878,173.07851779915742,214.36981493888266,200.71889510373424
1023,Prov. Jawa Tengah,Kota Surakarta,P,Sp-1,75,463.0,127.68297616021216,84.13731420270386,102.0346411932708,131.23511484092467,115.17779775595777,89.21031920394594,103.67459010504018
1024,Prov. Jawa Tengah,Kota Surakarta,P,Sp-2,4,7.0,1.9304121665690823,2.592548633445548,2.9843910304302246,2.6162318580303143,3.263427140207239,2.518947889996751,2.1861254603302043
1025,Prov. Jawa Tengah,Kota Tegal,L,D3,82,1075.0,296.4561541516805,320.17685972839314,306.4627521661116,290.404435035991,240.30586213804827,260.90102395087246,220.58553161616655
1026,Prov. Jawa Tengah,Kota Tegal,L,D4,133,972.0,268.0515179864497,181.83844688475762,184.92748105957307,184.5055644242109,146.99839008320606,189.6259654424496,130.1569320488763
1027,Prov. Jawa Tengah,Kota Tegal,L,Profesi,642,628.0,173.18554865791197,1073.2118258641226,905.6319525125195,812.1499216331445,1181.214596488654,802.5359158165234,772.9871489205648
1028,Prov. Jawa Tengah,Kota Tegal,L,S1,508,3437.0,947.8323737854195,534.4606493637303,553.1589952568276,523.3718482249252,576.739560727123,445.41799164909213,548.9094855139806
1029,Prov. Jawa Tengah,Kota Tegal,L,S2,106,282.0,77.76803299606874,73.88004784258912,84.94615742338104,77.13610520302191,73.57371897911557,49.026625463337105,65.55744619403924
1030,Prov. Jawa Tengah,Kota Tegal,P,D3,81,1401.0,386.3582064804692,496.6931524015958,471.26213149663096,461.4887710144416,312.1918669154052,346.3536007218439,353.6176833099323
1031,Prov. Jawa Tengah,Kota Tegal,P,D4,85,538.0,148.36596365916662,118.85355637019953,120.11771869084677,123.78556431589047,100.31657524647565,125.31602891294978,116.4132524781548
1032,Prov. Jawa Tengah,Kota Tegal,P,Profesi,2081,2023.0,557.8891161384648,3828.3855710728462,3276.2793960692397,3022.451530234478,3765.2283889323367,1785.3278592023037,1943.607594288894
1033,Prov. Jawa Tengah,Kota Tegal,P,S1,571,3132.0,863.721557956338,601.1514579531921,606.7434696664952,596.0451132266172,687.509466479276,469.7009159248726,605.416197579925
1034,Prov. Jawa Tengah,Kota Tegal,P,S2,123,214.0,59.01545766368338,76.80033206765543,83.73236000654724,79.27356490584674,85.70348896334191,73.94358334032765,81.54634065644397
1035,Prov. Jawa Timur,Kab. Bangkalan,L,D3,15,93.0,20.922772368007273,26.0695802749617,25.02524889553536,25.456355820274005,24.16576148343467,30.66228308721152,29.89276478312443
1036,Prov. Jawa Timur,Kab. Bangkalan,L,Profesi,485,523.0,117.66247256416993,798.8978173921099,747.8737999599113,834.2262585125208,868.4687576445361,740.2411194672329,724.8634514939256
1037,Prov. Jawa Timur,Kab. Bangkalan,L,S1,1729,9901.0,2227.4878410283873,1763.0328872297139,1765.8165354190314,1864.1379736558363,1858.0249690091973,1454.7475780007294,1365.739083708719
1038,Prov. Jawa Timur,Kab. Bangkalan,L,S2,38,105.0,23.622484931621116,37.3291864775931,39.43809074397978,40.17605849457417,34.23038981344922,28.740233988281272,33.79602692109625
1039,Prov. Jawa Timur,Kab. Bangkalan,P,D3,54,539.0,121.26208931565506,109.60016318407185,90.93135862911117,78.77883329444678,117.76594832712237,158.7298127458022,127.48787165361107
1040,Prov. Jawa Timur,Kab. Bangkalan,P,Profesi,1706,1849.0,415.9807108434994,3147.970861315157,2887.3091262623766,3197.5743428818796,3171.7588187895367,1976.7640088188643,2207.050068117356
1041,Prov. Jawa Timur,Kab. Bangkalan,P,S1,2728,14315.0,3220.5321123443455,2913.9683315351776,2900.1620870574047,3088.6958850046713,2916.81308787122,3080.905234314302,2846.0266949043294
1042,Prov. Jawa Timur,Kab. Bangkalan,P,S2,47,108.0,24.297413072524577,44.139820135435514,46.51906844594126,48.01504640311042,38.45602055820563,29.9241819726503,37.11424837751854
1043,Prov. Jawa Timur,Kab. Banyuwangi,L,D2,5,10.0,2.2497604696782014,3.2593008625317,2.949656499442665,2.570598783395071,2.4193568596663764,2.820543341394794,4.222566758155491
1044,Prov. Jawa Timur,Kab. Banyuwangi,L,D3,176,619.0,139.26017307308067,164.78973882661495,162.88550163645164,169.61923076228166,135.32525336371478,124.89924437565368,140.6140158133775
1045,Prov. Jawa Timur,Kab. Banyuwangi,L,D4,365,1767.0,397.5326749921382,303.3526381865912,318.97929453596197,351.1704633390155,283.7134409640072,399.0581722167865,378.7192410536668
1046,Prov. Jawa Timur,Kab. Banyuwangi,L,Profesi,74,129.0,29.0219100588488,122.28223494672636,94.54376843032634,83.93623830819176,105.73388452799462,96.05749107743658,96.00606923924492
1047,Prov. Jawa Timur,Kab. Banyuwangi,L,S1,680,6684.0,1503.7398979329098,791.9342459685593,721.2157606391046,672.025994762415,746.7257743508526,825.3753793052862,835.7604073361281
1048,Prov. Jawa Timur,Kab. Banyuwangi,L,S2,87,391.0,87.96563436441768,90.42072130336537,86.86078807913317,78.0056609083772,85.1835333772239,92.18313738221366,119.1481339195803
1049,Prov. Jawa Timur,Kab. Banyuwangi,P,D1,2,2.0,0.4499520939356403,1.891739728679593,0.8400669225801046,0.8055879607603964,1.2725345769057803,2.241125311442003,3.4711365657097226
1050,Prov. Jawa Timur,Kab. Banyuwangi,P,D2,9,28.0,6.299329315098964,11.239441748988385,10.32604059291579,9.319750149061267,8.20776769176186,9.019213099913529,11.074570934556641
1051,Prov. Jawa Timur,Kab. Banyuwangi,P,D3,185,623.0,140.16007726095194,189.51400689021017,185.92623274320593,195.08296455754,178.10392270015467,144.74064872984843,202.89027758152505
1052,Prov. Jawa Timur,Kab. Banyuwangi,P,D4,406,1651.0,371.43545354387106,329.0305328619737,345.98517290368045,387.12432655862847,447.4020353541255,370.6414396053308,348.39938342624004
1053,Prov. Jawa Timur,Kab. Banyuwangi,P,Profesi,263,336.0,75.59195178118756,453.15783743162064,371.6322047338635,360.4056153768338,383.762658699615,271.8164887557649,265.54171764358847
1054,Prov. Jawa Timur,Kab. Banyuwangi,P,S1,1092,7403.0,1665.4976757027725,1075.6594150476712,994.533114744588,959.5651840370923,985.3000272022988,973.5865706644156,1105.2243346521964
1055,Prov. Jawa Timur,Kab. Banyuwangi,P,S2,71,288.0,64.7931015267322,78.96443821325681,76.12183857543239,69.81009468310408,72.16135938005092,66.92246944542966,69.60493220488864
1056,Prov. Jawa Timur,Kab. Blitar,L,S1,21,285.0,64.11817338582874,45.39372604663672,40.46225183469339,38.09417844163865,45.56228402636496,52.84298473048667,39.6333936508208
1057,Prov. Jawa Timur,Kab. Blitar,P,S1,40,425.0,95.61481996132356,79.1853888125739,70.54156369561197,67.48414571359044,77.23704539652141,41.17830782762969,56.07186842961316
1058,Prov. Jawa Timur,Kab. Bojonegoro,L,D3,31,68.0,15.29837119381177,18.849108907167146,18.812652932660914,19.674136520553986,18.485774127531844,17.712316251846175,15.826315467228293
1059,Prov. Jawa Timur,Kab. Bojonegoro,L,Profesi,56,73.0,16.42325142865087,106.31633221891498,93.73225087512145,96.8237677903205,64.90901259098203,92.32094808621669,84.81064936149623
1060,Prov. Jawa Timur,Kab. Bojonegoro,L,S1,899,6486.0,1459.1946406332816,873.1636064921033,836.377642114653,820.3663359383135,781.5994761664925,814.3223035454954,825.8982735076931
1061,Prov. Jawa Timur,Kab. Bojonegoro,L,S2,39,136.0,30.59674238762354,25.555723648965415,23.065705027816016,19.04772771295801,20.93530212590005,14.345794850590138,15.438817636331926
1062,Prov. Jawa Timur,Kab. Bojonegoro,P,D3,77,208.0,46.79501776930659,67.69672005289554,67.60273670474318,71.93752365624646,63.882659129484004,23.96380425311398,43.34383908376609
1063,Prov. Jawa Timur,Kab. Bojonegoro,P,Profesi,155,189.0,42.52047287691801,302.504210956048,261.5317301820788,268.25577968409084,214.34416863434762,168.26965016654262,192.31138080652184
1064,Prov. Jawa Timur,Kab. Bojonegoro,P,S1,1758,8561.0,1926.0199380915083,1492.1428076104169,1476.6485746152005,1531.6718232911755,1509.0376155735225,1455.7892866329973,1426.9651065906544
1065,Prov. Jawa Timur,Kab. Bojonegoro,P,S2,15,59.0,13.273586771101389,12.560882681566234,11.220785654585121,9.305029419718144,18.03787658305363,15.878585648668876,22.89418752153546
1066,Prov. Jawa Timur,Kab. Bondowoso,L,D3,17,57.0,12.823634677165748,16.93785437101011,16.963513677758005,17.83033898094647,14.543816132996797,12.860509257071088,11.939757724303439
1067,Prov. Jawa Timur,Kab. Bondowoso,L,S1,435,2449.0,550.9663390241915,355.89030180441176,338.7863972788782,330.78430398660953,327.875398501171,438.02522870963276,345.06436160418116
1068,Prov. Jawa Timur,Kab. Bondowoso,L,S2,24,67.0,15.07339514684395,22.516213814510376,23.825352223702943,23.890647367304002,21.253216940308988,17.030556633516717,14.336175497243357
1069,Prov. Jawa Timur,Kab. Bondowoso,P,D3,36,302.0,67.94276618428168,89.8651842080734,85.79742870717371,86.52225420126332,79.77602768530973,52.92147210669135,62.11508450982777
1070,Prov. Jawa Timur,Kab. Bondowoso,P,S1,506,2604.0,585.8376263042037,442.42890191538817,420.8942186618636,417.5422122247315,380.17991814090567,511.1644360512279,537.0295630636471
1071,Prov. Jawa Timur,Kab. Bondowoso,P,S2,20,48.0,10.798850254455367,18.906729390697713,20.00619102387056,20.39928414822509,16.43380562888904,11.72308526701622,13.42539177725911
1072,Prov. Jawa Timur,Kab. Gresik,L,D3,30,211.0,47.46994591021005,59.16923462392264,59.5137763985506,62.77712267529933,57.25831263364127,38.837255727791,49.68372279595257
1073,Prov. Jawa Timur,Kab. Gresik,L,Profesi,476,508.0,114.28783185965263,701.2128242220555,610.4902132090544,620.6203085680557,654.8866472762272,647.9759580373078,652.9312650284919
1074,Prov. Jawa Timur,Kab. Gresik,L,S1,1194,7810.0,1757.0629268186754,1065.5666991784635,1018.7754337249369,998.0243563147995,1152.2205815319082,1102.3978666578344,1039.6947851528225
1075,Prov. Jawa Timur,Kab. Gresik,L,S2,138,318.0,71.54238293576681,102.77974915060614,109.80057581699107,111.21238062064745,104.00742309688425,85.43979905506932,88.78692958291049
1076,Prov. Jawa Timur,Kab. Gresik,P,D3,74,259.0,58.26879616466542,68.16001601911668,64.41501527505359,63.99259738118681,62.204739995945815,53.29745617905071,66.83739203008928
1077,Prov. Jawa Timur,Kab. Gresik,P,Profesi,1823,1952.0,439.1532436811849,3071.5212979224743,2651.6621968824925,2713.122664104679,2246.6328124121187,2164.4419080853763,2240.277263747887
1078,Prov. Jawa Timur,Kab. Gresik,P,S1,1573,8054.0,1811.9570822788235,1353.549127581331,1313.160612596437,1331.6457337197485,1322.1881790979514,1418.5319200494127,1436.9638955877747
1079,Prov. Jawa Timur,Kab. Gresik,P,S2,145,385.0,86.61577808261076,148.0994932546601,158.95659917638451,164.6450312648873,141.50969474695881,115.02479900778961,124.11184559273718
1080,Prov. Jawa Timur,Kab. Jember,L,D2,12,17.0,3.8245927984529424,7.36462892643211,6.9443904430205965,6.40344945995618,4.466034424153699,6.798549540129616,5.603636878141194
1081,Prov. Jawa Timur,Kab. Jember,L,D3,610,2349.0,528.4687343274095,560.5480624957514,514.3618775963981,492.17226120259807,509.3234429947634,496.72905157453056,450.72810295860984
1082,Prov. Jawa Timur,Kab. Jember,L,D4,746,4743.0,1067.061390768371,752.0849220946034,739.1147559577042,754.1604894230801,674.4941194002711,752.4143327484569,663.6210824711084
1083,Prov. Jawa Timur,Kab. Jember,L,Profesi,3193,1143.0,257.14762168421845,1666.3082692018409,1403.2052304935903,1391.1097164203247,1005.1092532316915,1023.479689892853,1161.9918997793354
1084,Prov. Jawa Timur,Kab. Jember,L,S1,5188,33013.0,7427.134238548646,5043.9869428365955,4754.466890431972,4647.673808017316,4706.080695317207,4722.30006951108,4515.691246361556
1085,Prov. Jawa Timur,Kab. Jember,L,S2,617,2648.0,595.7365723707877,607.872580927436,556.7585049117763,474.95397286834674,433.74551805527415,729.4954036173962,733.8360489467098
1086,Prov. Jawa Timur,Kab. Jember,L,S3,72,474.0,106.63864626274675,57.93104894449561,56.98493009106419,65.32570313854268,63.85652162560757,62.270775896257206,66.54774028915132
1087,Prov. Jawa Timur,Kab. Jember,P,D2,16,21.0,4.7244969863242225,10.115202535072005,9.386424260371347,8.631404166425938,5.121565793615202,9.179096451846215,10.119062645473567
1088,Prov. Jawa Timur,Kab. Jember,P,D3,1002,3397.0,764.243631549685,995.0615687453007,923.5992645994392,911.6747971468502,819.5033287308974,799.8149038820502,887.5659269932167
1089,Prov. Jawa Timur,Kab. Jember,P,D4,783,4278.0,962.4475289283346,786.7280009721668,769.9331243677879,794.933127427766,832.8244437800031,764.2637502342186,782.4577039510993
1090,Prov. Jawa Timur,Kab. Jember,P,Profesi,8975,3216.0,723.5229670485096,5204.435047685322,4310.895458547956,4259.402496373886,3015.015005140525,4817.723240682206,5412.904259550251
1091,Prov. Jawa Timur,Kab. Jember,P,S1,10413,49994.0,11247.4524921092,9356.70628987013,8945.329966561552,9044.804007509108,9610.24047354415,8590.30476833641,8820.766946781772
1092,Prov. Jawa Timur,Kab. Jember,P,S2,710,2043.0,459.62606395525654,662.7655317897695,642.603458076878,597.3550099510888,681.1551476358762,557.997888665984,735.4159739358101
1093,Prov. Jawa Timur,Kab. Jember,P,S3,28,204.0,45.89511358143531,33.679216035867434,34.59024941177998,42.49258445790453,36.23525555907893,25.050754582139536,24.44301599949738
1094,Prov. Jawa Timur,Kab. Jombang,L,D3,22,147.0,33.07147890426956,37.96962696991063,36.75641302208705,38.28176343947125,34.73121404121879,35.73980488247833,44.836730842303496
1095,Prov. Jawa Timur,Kab. Jombang,L,Profesi,323,306.0,68.84267037215297,289.90262636328043,222.24466352348642,200.20498251893855,267.0591239606387,246.37267196609065,211.71327197706748
1096,Prov. Jawa Timur,Kab. Jombang,L,S1,1661,9361.0,2106.000775665764,1274.2958070717668,1206.3814859091165,1206.9816430591102,1504.1492023539238,1316.7219850741615,1231.8621306791088
1097,Prov. Jawa Timur,Kab. Jombang,L,S2,86,292.0,65.69300571460349,77.84456647656229,77.43550323503057,74.38293330429048,79.91638144798735,74.22369550778232,77.32588808760451
1098,Prov. Jawa Timur,Kab. Jombang,P,D3,152,476.0,107.08859835668238,143.098341693387,138.23228835878487,146.01751641642102,145.4988793114273,105.79609824661992,120.48805628168599
1099,Prov. Jawa Timur,Kab. Jombang,P,Profesi,1758,1338.0,301.0179508429434,1640.3163631893703,1295.919749567665,1231.3007250410103,1378.8223481434636,2062.567753010775,1637.910859638303
1100,Prov. Jawa Timur,Kab. Jombang,P,S1,3079,11514.0,2590.374204787481,2030.6543627583176,1979.056118789769,2086.2406925777977,2055.8694851645714,2140.3838475109646,2176.1748972261403
1101,Prov. Jawa Timur,Kab. Jombang,P,S2,78,269.0,60.51855663434362,82.15578045205925,81.15965362556477,78.60906641935979,93.65315408715283,64.97026930753317,58.08584585003724
1102,Prov. Jawa Timur,Kab. Kediri,L,D3,43,111.0,24.972341213428034,26.501095009034582,24.026354898924343,23.92851301916291,26.11829275481362,35.186808503228356,34.663690376664874
1103,Prov. Jawa Timur,Kab. Kediri,L,Profesi,81,111.0,24.972341213428034,110.65352117834476,82.63862334139688,74.67770423745642,81.62858780476571,91.67164207398726,90.44587090377286
1104,Prov. Jawa Timur,Kab. Kediri,L,S1,562,6439.0,1448.6207664257938,1076.087711247957,1033.7129428499472,1091.3537379218772,1072.3902736975012,1075.0361542190806,919.1006326231224
1105,Prov. Jawa Timur,Kab. Kediri,P,D3,197,578.0,130.03615514740005,159.38958412124143,143.89402351367397,144.96862143863905,150.04882847387043,155.96764607103208,177.3533154037782
1106,Prov. Jawa Timur,Kab. Kediri,P,Profesi,391,476.0,107.08859835668238,654.6158605210666,513.7187987820168,501.3543839118136,443.5835811740096,367.61443016937204,471.0355397933506
1107,Prov. Jawa Timur,Kab. Kediri,P,S1,953,10819.0,2434.015852144846,2069.0704325058673,1972.984969525837,2099.2365225108174,2107.4183464377566,1865.8904026986954,1915.7277595844407
1108,Prov. Jawa Timur,Kab. Lamongan,L,D3,5,53.0,11.923730489294467,11.7018955010581,10.777583350921006,10.392310832403654,11.593104993419454,13.26672940521887,12.329916454579598
1109,Prov. Jawa Timur,Kab. Lamongan,L,Profesi,34,46.0,10.348898160519727,58.215855021816786,48.632816811773395,47.8338108645513,56.05173567404833,24.090937753246937,30.614368591455655
1110,Prov. Jawa Timur,Kab. Lamongan,L,S1,1358,7779.0,1750.0886693626728,1072.0954084152045,1013.4053157902252,995.9974481799599,1123.5104524887242,1056.8226434815208,971.9211873880627
1111,Prov. Jawa Timur,Kab. Lamongan,L,S2,175,490.0,110.23826301423188,130.87547875991874,129.9870452159359,122.58565485251906,119.9034280626552,122.69243264569866,125.93183247345893
1112,Prov. Jawa Timur,Kab. Lamongan,P,D3,115,295.0,66.36793385550695,86.4662740336549,82.71010581600311,84.91684512381251,87.7067350410435,79.04788928785779,77.15963391388433
1113,Prov. Jawa Timur,Kab. Lamongan,P,Profesi,207,231.0,51.96946684956645,347.6991710626865,291.7610125871918,293.3877563694128,324.4702897220504,216.1823527177567,215.73216919766702
1114,Prov. Jawa Timur,Kab. Lamongan,P,S1,1971,8998.0,2024.3344706164457,1550.0378863313429,1492.360093895697,1525.4482379766455,1591.906036832606,1473.680871088124,1472.7336320303418
1115,Prov. Jawa Timur,Kab. Lamongan,P,S2,217,349.0,78.51664039176923,129.49019436730637,135.430151232551,138.2862917710397,137.3904308050646,111.2977751632512,111.26803060155197
1116,Prov. Jawa Timur,Kab. Lumajang,L,S1,470,3880.0,872.9070622351421,553.1267458089815,528.2551788203376,516.3595854189128,608.4374692948655,634.4818804211949,630.3243379704048
1117,Prov. Jawa Timur,Kab. Lumajang,L,S2,18,65.0,14.623443052908309,17.999214683682517,18.138921695242473,17.090416161931785,22.595748540879253,16.82948293687267,13.553253990050173
1118,Prov. Jawa Timur,Kab. Lumajang,P,S1,768,4269.0,960.4227445056242,745.309432752828,721.4479942076301,728.903688505378,805.0745717851303,782.621216142045,805.7725069187442
1119,Prov. Jawa Timur,Kab. Lumajang,P,S2,21,52.0,11.698754442326647,16.916455800745393,17.05998812123798,16.358949267193715,19.127893755048646,15.427275778369088,14.40255070434593
1120,Prov. Jawa Timur,Kab. Magetan,L,S1,312,1673.0,376.38492657716307,230.64674946419655,201.08163147958942,183.70647014722852,111.83455357749435,140.87510887957268,153.48806367937246
1121,Prov. Jawa Timur,Kab. Magetan,L,S2,5,24.0,5.399425127227683,9.147437668769454,9.373152278144799,9.408777785725865,10.026330630485125,10.075344989113379,11.174895126836631
1122,Prov. Jawa Timur,Kab. Magetan,P,S1,392,1880.0,422.95496829950184,334.7556302791806,300.5898640370503,289.44439596046374,219.66354335671227,253.70871628422785,273.81336095758644
1123,Prov. Jawa Timur,Kab. Magetan,P,S2,5,48.0,10.798850254455367,20.341491557039483,20.512157590978084,20.533373203290402,21.52280223396304,12.581831367072688,15.31696994838116
1124,Prov. Jawa Timur,Kab. Malang,L,D3,103,225.0,50.61961056775953,60.99477868563334,57.54281485482918,59.423498364258215,64.85656079989849,74.76191407736883,69.90054730780687
1125,Prov. Jawa Timur,Kab. Malang,L,D4,102,437.0,98.3145325249374,81.22153881913984,83.07405058532959,92.80583463565036,99.90741403417998,76.17948325495432,62.82994701436978
1126,Prov. Jawa Timur,Kab. Malang,L,Profesi,47,54.0,12.148706536262289,57.281948209533205,43.64568635055416,39.92777063595428,43.3091055038102,36.89640114137169,56.84624182103017
1127,Prov. Jawa Timur,Kab. Malang,L,S1,528,4026.0,905.7535650924439,656.6212129626191,627.1481324567252,649.543033472867,786.0693672061144,732.5716237944246,669.9139472304329
1128,Prov. Jawa Timur,Kab. Malang,L,S2,134,537.0,120.81213722171941,160.48855693546366,158.73097230186897,154.910633481935,198.27318133590413,144.08303675551036,138.4608176510969
1129,Prov. Jawa Timur,Kab. Malang,P,D3,111,339.0,76.26687992209102,107.50938568130228,101.36783652872863,106.37191944150179,118.13101188760494,100.40397188949929,99.45104205541514
1130,Prov. Jawa Timur,Kab. Malang,P,D4,99,433.0,97.41462833706612,89.93105531358626,90.65849173972174,101.18699036225773,118.0868377123164,84.71548465816998,62.037133685107044
1131,Prov. Jawa Timur,Kab. Malang,P,Profesi,233,197.0,44.32028125266057,248.98586591765928,190.664421922203,178.44292326571247,185.85490737797699,185.89852264020027,194.40013752486846
1132,Prov. Jawa Timur,Kab. Malang,P,S1,861,5170.0,1163.1261628236302,964.1189627756465,913.4922290063733,952.8132250653746,1131.7246752784004,981.5048231131417,968.5087146151012
1133,Prov. Jawa Timur,Kab. Malang,P,S2,57,243.0,54.669179413180295,82.96063530710117,81.41447657311588,80.03146163934576,91.57767144787105,80.60770575489558,76.28211379746138
1134,Prov. Jawa Timur,Kab. Mojokerto,L,D3,106,325.0,73.11721526454154,93.93850513487605,95.14597341440576,102.15018579685487,99.59151581788535,90.12415543717954,92.22369630901093
1135,Prov. Jawa Timur,Kab. Mojokerto,L,Profesi,105,163.0,36.671095655754684,197.4446104792673,164.91910745650856,160.87530826307565,178.4636359585864,116.82549797481431,129.1628484072277
1136,Prov. Jawa Timur,Kab. Mojokerto,L,S1,657,4341.0,976.6210198873073,639.5430882024756,622.5564349032416,629.4554036153057,634.9061504286949,735.4000564434593,668.6836283193892
1137,Prov. Jawa Timur,Kab. Mojokerto,L,S2,266,793.0,178.40600524548137,287.252963486099,317.1420748068515,337.38204529751926,256.7292666350013,196.39003160806158,220.01788716503418
1138,Prov. Jawa Timur,Kab. Mojokerto,L,S3,18,151.0,33.97138309214084,27.117401498274287,31.46448901063079,43.81179033162479,22.371712630509123,22.630747665472327,18.192404815377067
1139,Prov. Jawa Timur,Kab. Mojokerto,P,D3,212,666.0,149.83404728056823,204.19825838425257,200.64525922772097,211.12000047495005,221.49558784397652,185.55905170689977,209.28343011561145
1140,Prov. Jawa Timur,Kab. Mojokerto,P,Profesi,499,634.0,142.63481377759797,879.5041556279965,729.4716200584331,717.4157199211978,784.6155206593037,605.6460630616089,629.6634176112187
1141,Prov. Jawa Timur,Kab. Mojokerto,P,S1,1285,6222.0,1399.800964233777,1122.9104737086031,1107.8697855651342,1157.771392791403,1223.9777083070007,1112.0186135956708,1049.5773328645091
1142,Prov. Jawa Timur,Kab. Mojokerto,P,S2,170,447.0,100.5642929946156,180.31569764060205,196.00734105336434,208.06238357376654,167.50027847746162,97.47065771480865,123.35767461766098
1143,Prov. Jawa Timur,Kab. Mojokerto,P,S3,2,21.0,4.7244969863242225,4.193182445442475,4.78805032715558,6.648603616965321,3.0899764655656634,5.785618312999892,5.075648269865689
1144,Prov. Jawa Timur,Kab. Nganjuk,L,D3,4,23.0,5.174449080259864,6.6258590821797485,6.596034651001258,6.938693691211792,6.371497239584835,6.806130700669347,5.026576651036534
1145,Prov. Jawa Timur,Kab. Nganjuk,L,Profesi,28,30.0,6.749281409034604,39.349016378090745,33.12816306493499,32.64838946723155,26.46405718254539,21.23936147885991,21.825351774233713
1146,Prov. Jawa Timur,Kab. Nganjuk,L,S1,422,2380.0,535.4429917834119,379.68934184664784,372.5461802246807,380.5558770921393,387.94277774772644,490.4742130164429,377.5982118635487
1147,Prov. Jawa Timur,Kab. Nganjuk,L,S2,44,179.0,40.270712407239806,53.7273134378694,55.118529656833765,53.66386231857563,54.22588067910252,51.849216562283125,57.601707354404056
1148,Prov. Jawa Timur,Kab. Nganjuk,P,D3,59,169.0,38.020951937561605,53.902490217255654,52.73887566132631,55.23892949053473,51.65741644108879,46.951873674315586,50.32075939351625
1149,Prov. Jawa Timur,Kab. Nganjuk,P,Profesi,63,64.0,14.39846700594049,102.42318434679223,87.29124601675362,88.78590931946782,62.32811035303343,47.11427177298386,46.85707875312748
1150,Prov. Jawa Timur,Kab. Nganjuk,P,S1,670,3260.0,733.4219131150936,617.3123560345678,608.0714562536198,634.612331248619,665.3259465670894,687.9580115450456,662.8835359047985
1151,Prov. Jawa Timur,Kab. Nganjuk,P,S2,30,121.0,27.22210168310624,40.37518838705904,40.760477179286475,39.57313964553427,41.92938900585791,38.49649674818265,44.48142299543922
1152,Prov. Jawa Timur,Kab. Ngawi,L,D3,28,61.0,13.723538865037028,17.587172172350535,17.173968283546426,17.919039224077174,16.698207924624054,15.243229364968714,10.032417257305053
1153,Prov. Jawa Timur,Kab. Ngawi,L,S1,195,2225.0,500.5717045033998,331.04299947777747,311.85531252082535,307.8350024707825,299.4248886800983,335.69581077959043,302.0221567180528
1154,Prov. Jawa Timur,Kab. Ngawi,P,D3,70,197.0,44.32028125266057,65.19219068726227,63.257287993070776,66.59749158577134,56.05715265323171,46.598193459129554,48.73346851924472
1155,Prov. Jawa Timur,Kab. Ngawi,P,S1,316,2414.0,543.0921773803178,392.60376440767953,362.0919764139308,354.2051361270319,388.25743196922656,460.9001297755936,441.7351953720827
1156,Prov. Jawa Timur,Kab. Pacitan,L,D2,48,146.0,32.84650285730174,47.239511940219465,40.49424844485697,34.28208268578991,37.24506423908669,35.04221519937992,29.814714366140056
1157,Prov. Jawa Timur,Kab. Pacitan,L,S1,175,1404.0,315.86636994281946,247.61157559108165,244.2721751103195,259.7650422696835,230.14596802834015,185.25543107894654,156.12749391545165
1158,Prov. Jawa Timur,Kab. Pacitan,P,D2,21,38.0,8.549089784777166,15.615107067518808,13.716148959236984,12.163100977280475,11.064327852267889,10.486805882013122,13.514527600273539
1159,Prov. Jawa Timur,Kab. Pacitan,P,S1,340,1687.0,379.5345912347126,339.669207683331,332.7597270550852,356.726711927812,316.95020268621147,241.31354317602998,261.60750665087954
1160,Prov. Jawa Timur,Kab. Pamekasan,L,D3,7,31.0,6.974257456002425,6.998485433751586,6.566013212508199,6.471462757289551,6.439745793787089,8.29526580288307,7.421542331233508
1161,Prov. Jawa Timur,Kab. Pamekasan,L,S1,1334,11155.0,2509.6078039260337,1562.1277240049096,1495.3111812496124,1492.4770498882854,1522.1448024317285,1654.219059659745,1704.4347627786228
1162,Prov. Jawa Timur,Kab. Pamekasan,L,S2,20,310.0,69.74257456002424,106.03361738705391,114.87750497260262,120.33710401641036,102.82116120604104,90.46619799003317,84.73049614791236
1163,Prov. Jawa Timur,Kab. Pamekasan,P,D3,92,304.0,68.39271827821733,96.72464453405645,95.97941862424598,102.97221962994959,97.66028385901164,88.60237632879732,96.28389091815235
1164,Prov. Jawa Timur,Kab. Pamekasan,P,Profesi,1,167.0,37.57099984362596,269.87414971151077,234.1311726421262,245.02627450432007,159.61528362119773,170.95330068821835,175.9617863301688
1165,Prov. Jawa Timur,Kab. Pamekasan,P,S1,968,8364.0,1881.6996568388477,1508.3266715186444,1485.7106434570912,1561.2310113250942,1593.9767317547082,1283.2791803030846,1312.8797281082884
1166,Prov. Jawa Timur,Kab. Pamekasan,P,S2,4,153.0,34.42133518607648,61.13698781979868,66.17083997254524,70.3990995629001,49.43203179124023,46.12615616184347,51.2441668891497
1167,Prov. Jawa Timur,Kab. Pasuruan,L,D3,70,125.0,28.122005870977517,31.642846256811,31.084229247407382,31.62141362962898,29.940741061494748,39.734735150048294,40.07520498954651
1168,Prov. Jawa Timur,Kab. Pasuruan,L,D4,5,31.0,6.974257456002425,3.874312802766165,3.7342435889713643,3.639995089951098,4.44197288958547,5.906574968384106,4.584760646441811
1169,Prov. Jawa Timur,Kab. Pasuruan,L,S1,1859,8096.0,1821.4060762514719,1344.3279094352913,1393.3918262874254,1490.8255260822368,1421.7486698837834,1322.8696871942154,1181.537199436436
1170,Prov. Jawa Timur,Kab. Pasuruan,L,S2,156,582.0,130.93605933527132,210.82742536282598,235.0424050139477,248.82209946182624,177.82594595256674,138.38402209626054,153.7084407025242
1171,Prov. Jawa Timur,Kab. Pasuruan,L,S3,9,138.0,31.04669448155918,24.72079981013149,28.9421218949534,40.06533277117596,19.12369951877801,16.85307454108992,13.874488049065
1172,Prov. Jawa Timur,Kab. Pasuruan,P,D3,150,341.0,76.71683201602667,96.2365667212037,93.11115930797628,94.55302163768242,97.9099280464376,72.22899018934284,84.81507114056784
1173,Prov. Jawa Timur,Kab. Pasuruan,P,D4,27,114.0,25.647269354331495,18.932105403023705,18.957462336399725,19.682344643074543,22.191961602831157,21.3584588308209,13.708646046028598
1174,Prov. Jawa Timur,Kab. Pasuruan,P,S1,1457,6778.0,1524.887646347885,1295.9891000448613,1341.8933735545359,1456.945932005832,1321.524672817077,1202.543410439462,1148.4656002852278
1175,Prov. Jawa Timur,Kab. Pasuruan,P,S2,25,244.0,54.89415546014811,98.95042360409691,108.78826900451924,115.13929556969445,79.29036336604608,50.254548149404826,61.59624309323544
1176,Prov. Jawa Timur,Kab. Pasuruan,P,S3,4,21.0,4.7244969863242225,4.182693738955241,4.819103488309734,6.652824331658379,2.870580729676626,5.600562483571809,5.171655797721242
1177,Prov. Jawa Timur,Kab. Ponorogo,L,D3,21,111.0,24.972341213428034,32.11771538845758,28.295643271776683,26.251972845222806,21.848683549276927,36.24227974749049,35.998688135937144
1178,Prov. Jawa Timur,Kab. Ponorogo,L,D4,11,112.0,25.197317260395856,23.914911223182475,23.358861173548753,24.090179633578014,43.69956466309812,24.70336461280196,19.190139820597803
1179,Prov. Jawa Timur,Kab. Ponorogo,L,Profesi,64,84.0,18.89798794529689,111.19945321320216,82.97356242361838,72.24849603334084,100.08276661725684,117.27316897374097,197.15023215996086
1180,Prov. Jawa Timur,Kab. Ponorogo,L,S1,1066,10168.0,2287.5564455687954,1772.4051542921522,1579.0836002157494,1467.715877562026,1492.8025730516729,1537.769226759133,1368.452369062037
1181,Prov. Jawa Timur,Kab. Ponorogo,L,S2,110,486.0,109.33835882636059,193.6054391608266,191.31386072729134,182.09232243169018,131.47017050993855,130.57246435144785,132.62291501601047
1182,Prov. Jawa Timur,Kab. Ponorogo,L,S3,4,34.0,7.649185596905885,6.388222300178901,6.534431434656398,7.99195968119052,5.432171690433838,6.546495271025273,5.251595091459285
1183,Prov. Jawa Timur,Kab. Ponorogo,P,D3,116,507.0,114.06285581268482,171.92970578246732,151.53308515486435,143.01909069149477,97.73237120988446,149.06704719951335,150.84183170661203
1184,Prov. Jawa Timur,Kab. Ponorogo,P,Profesi,130,177.0,39.82076031330416,255.5942289835273,186.5983045029773,160.89119505730218,226.59579547108498,235.18690630761097,397.93219110315596
1185,Prov. Jawa Timur,Kab. Ponorogo,P,S1,1668,14610.0,3286.900046199852,3125.214222979308,2823.416555961214,2714.1117119493397,2961.391754475985,2978.816451902177,2823.074428842688
1186,Prov. Jawa Timur,Kab. Ponorogo,P,S2,111,497.0,111.81309534300661,225.87287375794475,221.37662768886835,212.13195523345777,147.9983692760447,141.23159292118493,160.06949867015538
1187,Prov. Jawa Timur,Kab. Ponorogo,P,S3,1,16.0,3.5996167514851223,3.6836040807324717,3.8191867222051563,4.82844580744421,7.013849684809141,2.935135980192663,2.191859320388783
1188,Prov. Jawa Timur,Kab. Probolinggo,L,D3,43,162.0,36.446119608786866,44.78632397333691,44.037244915873806,46.891018828457156,42.19704187775023,39.32132479716588,38.83523950026066
1189,Prov. Jawa Timur,Kab. Probolinggo,L,Profesi,77,111.0,24.972341213428034,139.22918704084907,113.77501762726769,111.44129474349593,99.02040772405309,82.15182815106668,88.7400907906477
1190,Prov. Jawa Timur,Kab. Probolinggo,L,S1,966,6738.0,1515.8886044691722,896.5366578753095,819.6060033917603,791.6496426204694,905.9250686144908,745.0598120238938,791.1535766048194
1191,Prov. Jawa Timur,Kab. Probolinggo,L,S2,58,176.0,39.595784266336345,55.907350852982916,57.41243074758468,57.674968017574614,66.65591156884189,61.48782437433256,65.36316619959487
1192,Prov. Jawa Timur,Kab. Probolinggo,P,D3,54,212.0,47.69492195717787,59.054852820590256,54.86085827468224,55.54602906544209,50.06903499575535,42.670185156774224,61.11361002167116
1193,Prov. Jawa Timur,Kab. Probolinggo,P,Profesi,227,265.0,59.61865244647234,400.27072559900444,329.7958141526306,331.77655368725925,265.7442485097134,262.5729674641479,232.95429727076836
1194,Prov. Jawa Timur,Kab. Probolinggo,P,S1,1531,7447.0,1675.3966217693567,1275.162840314308,1199.4570371641528,1219.5805500086344,1307.996203362729,1357.7459317955534,1398.352684247148
1195,Prov. Jawa Timur,Kab. Probolinggo,P,S2,60,132.0,29.696838199752257,50.15170332702877,51.82056100930902,53.333098945786865,54.54350246338035,45.212110324732954,45.81361216845057
1196,Prov. Jawa Timur,Kab. Sampang,L,D3,132,439.0,98.76448461887304,124.616249179498,123.57855434392943,128.96617245086438,113.07003532616355,128.90613324040564,116.01241363958503
1197,Prov. Jawa Timur,Kab. Sampang,L,Profesi,6,8.0,1.7998083757425611,11.715615525184926,10.205932478722238,10.449679798982219,5.3601066799901895,6.638678958571522,6.136957849972572
1198,Prov. Jawa Timur,Kab. Sampang,L,S1,297,2216.0,498.54692008068946,340.72396070318325,330.79539121623026,332.4940066053526,294.25125455446533,397.7672268807364,331.87559384688257
1199,Prov. Jawa Timur,Kab. Sampang,P,D3,435,852.0,191.67959201658277,221.09200916220271,203.29923289084195,196.814393931381,211.3299224571889,163.33167265624743,152.4669642241525
1200,Prov. Jawa Timur,Kab. Sampang,P,Profesi,12,19.0,4.274544892388583,30.937275521082086,26.522348711573713,27.080937217778516,12.629779460363405,17.58041855143526,14.695531097265793
1201,Prov. Jawa Timur,Kab. Sampang,P,S1,167,1501.0,337.689046498698,269.746542435358,261.6665232397939,267.16932014692986,248.025892261148,290.01762024937733,277.8540801267796
1202,Prov. Jawa Timur,Kab. Sidoarjo,L,D3,192,576.0,129.5862030534644,158.34403949765345,155.44191435485115,158.39280796383315,150.33884680417373,154.70895990475984,138.94807924003084
1203,Prov. Jawa Timur,Kab. Sidoarjo,L,D4,16,128.0,28.79693401188098,19.627212453184715,19.619158547995095,20.03943195737351,17.35283974726696,22.484238214316335,18.4684157717216
1204,Prov. Jawa Timur,Kab. Sidoarjo,L,S1,1716,10356.0,2329.8519423987455,1518.319213542302,1453.1430659689486,1418.8157683264974,1522.11981022917,1572.2790615319557,1532.756552058811
1205,Prov. Jawa Timur,Kab. Sidoarjo,L,S2,298,951.0,213.95222066639695,269.5499105603079,271.8220906492725,255.3649509378809,315.85666958161795,308.776688352793,269.9357308669774
1206,Prov. Jawa Timur,Kab. Sidoarjo,P,D3,294,968.0,217.7768134648499,293.3796143846345,282.6966219150637,286.37201746691346,281.5650628691691,245.69888857653214,240.10106602493175
1207,Prov. Jawa Timur,Kab. Sidoarjo,P,D4,82,450.0,101.23922113551906,86.5809525519637,88.35846928968417,94.11369477203449,89.07201050079192,89.86156074967344,55.899582122770134
1208,Prov. Jawa Timur,Kab. Sidoarjo,P,Profesi,10,22.0,4.949473033292043,33.31552437464474,27.92752196942841,27.430040913922728,26.694147989283334,13.62660604405949,16.27554127913664
1209,Prov. Jawa Timur,Kab. Sidoarjo,P,S1,2241,10740.0,2416.2427444343884,1982.3928636404023,1940.3880443645296,1979.5280808628347,2062.8895746149387,1970.9777505177851,1837.8086313324736
1210,Prov. Jawa Timur,Kab. Sidoarjo,P,S2,222,522.0,117.43749651720212,183.74209475985884,188.58011970513004,184.0417537174953,187.49240227182713,190.0096764420851,181.31991212641375
1211,Prov. Jawa Timur,Kab. Situbondo,L,D3,18,109.0,24.522389119492395,19.663079563686328,16.43227089735937,14.656732922989134,33.564078015125624,15.15350213830473,14.104816798176925
1212,Prov. Jawa Timur,Kab. Situbondo,L,S1,679,5007.0,1126.4550671678755,653.1751203234041,584.061477676673,558.874538539221,586.088412704496,600.7344464534632,594.5412391657649
1213,Prov. Jawa Timur,Kab. Situbondo,L,S2,49,111.0,24.972341213428034,35.3705673519547,35.76382337000372,35.88160260010069,35.244108267120595,34.705019023089434,37.15293366956201
1214,Prov. Jawa Timur,Kab. Situbondo,P,Profesi,18,24.0,5.399425127227683,39.44348772580941,32.798972875144976,33.958290023795435,37.24494935906632,18.691974430643317,17.14680031778885
1215,Prov. Jawa Timur,Kab. Situbondo,P,S1,1026,5874.0,1321.5092998889754,997.9647859702903,922.3866932673837,934.1309414140397,916.5338025711493,881.8103071164929,883.0414267040508
1216,Prov. Jawa Timur,Kab. Situbondo,P,S2,61,111.0,24.972341213428034,44.74109550857168,46.299637269217065,48.58468185964828,45.51828581373915,34.575251087299876,37.53477214713694
1217,Prov. Jawa Timur,Kab. Sumenep,L,D3,4,18.0,4.049568845420763,5.420311133725152,5.530815785373369,5.916957292063592,3.743529331201688,8.490415317002618,7.0921493080743705
1218,Prov. Jawa Timur,Kab. Sumenep,L,Profesi,52,68.0,15.29837119381177,62.03415874883979,47.29712066536125,40.78029129443877,49.44089980340635,46.249674536671385,54.85961986376769
1219,Prov. Jawa Timur,Kab. Sumenep,L,S1,1417,9572.0,2153.4707215759745,1391.2353139991503,1341.951426022031,1325.0841446208374,1482.5613951330793,1346.2736044187504,1201.0776647725443
1220,Prov. Jawa Timur,Kab. Sumenep,L,S2,107,220.0,49.49473033292043,75.6162838197643,81.74929101745643,83.71768692933718,74.29162045379051,57.99843144894165,70.09629264886546
1221,Prov. Jawa Timur,Kab. Sumenep,P,D3,6,84.0,18.89798794529689,24.030506560404024,23.003895081542883,23.156439033713067,22.336634300455664,24.284667850139435,27.832486596946588
1222,Prov. Jawa Timur,Kab. Sumenep,P,Profesi,257,274.0,61.64343686918272,397.20357204886545,332.2032580347246,325.9233325597175,308.33699536376565,229.47248490778622,229.16718850192484
1223,Prov. Jawa Timur,Kab. Sumenep,P,S1,1855,9628.0,2166.0693802061724,1693.077897849509,1649.1051591086493,1675.5290249537384,1698.4410038326807,1324.7895402543809,1308.7474165833826
1224,Prov. Jawa Timur,Kab. Sumenep,P,S2,58,139.0,31.271670528527,55.6381823129237,60.03406840890096,62.36810249153564,50.12982270328506,35.48629054663205,45.51480855359189
1225,Prov. Jawa Timur,Kab. Trenggalek,L,S1,106,917.0,206.30303506949107,138.69445772240434,126.7374285443528,121.98598911505279,170.84415714321298,133.05847516611178,128.10060109899678
1226,Prov. Jawa Timur,Kab. Trenggalek,P,S1,185,1128.0,253.77298097970112,202.53581771793353,185.99316950520486,183.10034517790214,234.29441012786646,211.2948544191654,210.42947388372627
1227,Prov. Jawa Timur,Kab. Tuban,L,D3,12,137.0,30.82171843459136,25.394627799751778,21.030406750383925,18.81440295342383,24.807622306624246,19.120676002633964,18.129752718011265
1228,Prov. Jawa Timur,Kab. Tuban,L,Profesi,398,395.0,88.86553855228895,566.3228234842533,465.9663802640404,474.9974556367183,650.2783565330988,429.3767890553895,450.4270186495132
1229,Prov. Jawa Timur,Kab. Tuban,L,S1,349,3434.0,772.5677452874944,525.2778260670051,484.0227277090785,487.24711670700543,520.8830902160394,630.3255799008972,571.6529945193298
1230,Prov. Jawa Timur,Kab. Tuban,L,S2,30,87.0,19.57291608620035,30.120838788314533,30.696943293299597,31.533960658331647,29.541355859921403,26.374615366563763,27.78847409736505
1231,Prov. Jawa Timur,Kab. Tuban,P,D3,2,34.0,7.649185596905885,9.19442520758196,8.138314570210744,8.027146486249793,9.73464870583308,11.054464872682532,16.682779068293744
1232,Prov. Jawa Timur,Kab. Tuban,P,Profesi,1665,1807.0,406.53171687085097,2786.165913485418,2233.2671450962216,2242.500419747409,2740.8952718172395,2367.3425642146467,2334.2682595106817
1233,Prov. Jawa Timur,Kab. Tuban,P,S1,863,4932.0,1109.5818636452889,931.1065701147286,871.5828997164733,909.3922172985286,1018.8884300798522,981.1910652133076,961.0715433113746
1234,Prov. Jawa Timur,Kab. Tuban,P,S2,46,89.0,20.022868180135994,36.50903150168138,37.330478698160675,39.151475206726055,38.1149340511623,24.897687775835394,24.651273983007016
1235,Prov. Jawa Timur,Kab. Tulungagung,L,D3,13,57.0,12.823634677165748,16.90136211164911,16.217574868668574,16.406626448356825,16.385821472204274,16.743796905571795,16.0666959596295
1236,Prov. Jawa Timur,Kab. Tulungagung,L,Profesi,491,245.0,55.11913150711594,267.8212089634245,203.82925398236907,178.69190424294166,139.0763699411671,227.16722474585526,235.9308812878946
1237,Prov. Jawa Timur,Kab. Tulungagung,L,S1,1908,9395.0,2113.6499612626703,1564.984961239657,1487.9919624348202,1471.0105763576842,1582.2891501749145,1430.7157969771606,1218.6450035383855
1238,Prov. Jawa Timur,Kab. Tulungagung,L,S2,220,497.0,111.81309534300661,157.21686646198862,156.5836816663497,147.89817105207692,160.37450023250003,131.20416469136924,131.09316969344547
1239,Prov. Jawa Timur,Kab. Tulungagung,L,S3,64,240.0,53.994251272276834,34.784697458510095,35.54746527542073,42.68503874869164,40.273183162210486,36.24737572071141,32.56233069241326
1240,Prov. Jawa Timur,Kab. Tulungagung,P,D3,87,194.0,43.64535311175711,65.28467712344283,62.033477809446765,63.05976382797753,62.94680005164102,54.33479521620052,54.410571104272066
1241,Prov. Jawa Timur,Kab. Tulungagung,P,D4,6,29.0,6.524305362066784,5.689321909085888,5.579076010233345,5.778475269049268,5.964283449642418,6.663813558840347,5.819385563331953
1242,Prov. Jawa Timur,Kab. Tulungagung,P,Profesi,1345,326.0,73.34219131150937,409.55166465111677,309.8400109528583,274.20914629190275,197.63215324540658,241.40782860738022,232.96999199604787
1243,Prov. Jawa Timur,Kab. Tulungagung,P,S1,4669,18949.0,4263.071113993224,3825.680471987212,3674.8833137888087,3740.367009595789,3891.9944724342936,3577.2092942281215,3298.4078655223066
1244,Prov. Jawa Timur,Kab. Tulungagung,P,S2,299,585.0,131.61098747617478,226.13673592181186,228.1025478355405,222.48551266565272,221.00191730832134,202.5812154701027,204.27903843050888
1245,Prov. Jawa Timur,Kab. Tulungagung,P,S3,23,102.0,22.947556790717655,16.423996597094877,16.513331217845728,19.76847817362046,21.730686241452737,14.447601857202098,13.263235570622088
1246,Prov. Jawa Timur,Kota Batu,L,D4,60,379.0,85.26592180080384,72.35023308884486,72.92942928736257,78.5125959398683,59.972462351040484,58.70242005566294,49.77402128701466
1247,Prov. Jawa Timur,Kota Batu,L,S1,87,161.0,36.22114356181904,26.468879636234526,24.73319349879003,24.474101848342087,32.09123802479998,12.243429980807543,11.166004201601357
1248,Prov. Jawa Timur,Kota Batu,L,S2,20,111.0,24.972341213428034,25.846655743045158,23.163935996838905,19.671010942403278,26.368626731081143,15.990219795618572,18.513890856265984
1249,Prov. Jawa Timur,Kota Batu,L,S2 Terapan,208,208.0,46.79501776930659,83.29598298429934,78.02961671191343,71.43812903701902,72.9503585188288,17.195813070925595,34.3998444378383
1250,Prov. Jawa Timur,Kota Batu,P,S1,65,172.0,38.695880078465066,31.703044363002768,29.22706349227722,28.929880525098636,37.90468053610911,15.202388507256456,14.656832751199078
1251,Prov. Jawa Timur,Kota Batu,P,S2,10,49.0,11.023826301423187,14.724721593701958,13.5884642159005,12.158906628731744,15.360635701961181,15.886885609454824,16.28965857909838
1252,Prov. Jawa Timur,Kota Batu,P,S2 Terapan,2,2.0,0.4499520939356403,0.8905207812767798,0.8209596466745213,0.7495382942213615,0.6999779496596537,3.6093130132843956,3.871056058006977
1253,Prov. Jawa Timur,Kota Blitar,L,D2,48,96.0,21.597700508910734,39.37507042957434,36.20378318507434,33.7236091923806,40.18646938367175,30.14214197744454,30.07576860328102
1254,Prov. Jawa Timur,Kota Blitar,L,Profesi,13,18.0,4.049568845420763,20.90711145569174,16.29032287305119,15.30686646917527,10.26458968271026,8.324765983688927,6.657590987182133
1255,Prov. Jawa Timur,Kota Blitar,L,S1,1081,4046.0,910.2530860318003,500.3687189016313,436.65774762549535,405.16046610061125,494.06023863793723,486.55234238534234,448.32205862663477
1256,Prov. Jawa Timur,Kota Blitar,P,D2,71,168.0,37.79597589059378,77.49871510514448,70.36939963652432,65.64562558824089,62.59115710770787,45.680018236313444,47.06147369976206
1257,Prov. Jawa Timur,Kota Blitar,P,Profesi,32,45.0,10.123922113551906,68.97342775872774,55.71533994744686,55.61816343551117,49.47780903394087,18.29197569722873,20.819292396408326
1258,Prov. Jawa Timur,Kota Blitar,P,S1,1087,4765.0,1072.010863801663,789.2473068440296,717.4115367891196,711.2316035157381,873.4712907239546,714.7323662242072,766.4444561099483
1259,Prov. Jawa Timur,Kota Kediri,L,D3,104,522.0,117.43749651720212,137.98399623692708,133.62169284585875,126.53845855264477,121.66292362948165,140.05592754652724,128.75942440890427
1260,Prov. Jawa Timur,Kota Kediri,L,D4,37,109.0,24.522389119492395,19.943643123000847,21.061244021480572,21.718279969316917,15.24029941189454,15.860574207222726,14.266541376276207
1261,Prov. Jawa Timur,Kota Kediri,L,Profesi,1495,1754.0,394.60798638155654,2376.7588575997124,2017.9536405849537,1870.4748862324864,1679.6950577396256,1906.0657312301098,1903.511989061541
1262,Prov. Jawa Timur,Kota Kediri,L,S1,2109,14046.0,3160.0135557100016,2188.837862406578,2130.5524973777315,2006.2644987995404,2009.1586825229672,2199.743862714701,2039.2647195379577
1263,Prov. Jawa Timur,Kota Kediri,L,S2,451,1075.0,241.84925049040666,343.30788820964875,358.37439129979873,331.7590209448729,340.67115240248137,357.6339931766044,389.2790858055342
1264,Prov. Jawa Timur,Kota Kediri,L,S3,6,59.0,13.273586771101389,10.946303470092534,12.601917474299794,16.190638841721395,10.15734566280456,8.024597693952716,6.771688687336799
1265,Prov. Jawa Timur,Kota Kediri,P,D3,405,1138.0,256.02274144937934,355.96286790886256,345.7151527346585,334.0864954794392,319.40702680117505,299.42336147308964,280.94514110285746
1266,Prov. Jawa Timur,Kota Kediri,P,D4,66,237.0,53.31932313137337,51.37969742176095,54.324797502666215,57.068915273965274,49.86166926425659,45.40937560045587,50.859514280008035
1267,Prov. Jawa Timur,Kota Kediri,P,Profesi,4118,5221.0,1174.599941218989,7833.1857882073355,6536.606047816654,6032.822210747968,5131.707856280005,4202.610305319751,4613.027647046434
1268,Prov. Jawa Timur,Kota Kediri,P,S1,3833,16472.0,3705.8054456539335,3194.2268996548646,3167.4886927101848,3102.039601414441,3171.991456966228,2821.9953994388325,2801.5879587711397
1269,Prov. Jawa Timur,Kota Kediri,P,S2,373,831.0,186.95509503025855,312.9487940472749,327.2907575757286,308.7860051524387,305.44038360254626,233.08314428426598,292.0581761777007
1270,Prov. Jawa Timur,Kota Kediri,P,S3,3,53.0,11.923730489294467,10.64064960619995,11.956379828617843,15.1662363147787,9.48844682362446,7.789127351562432,5.594718387626116
1271,Prov. Jawa Timur,Kota Madiun,L,D3,412,1510.0,339.71383092140843,441.19408673048054,426.25960126301914,464.4823916638022,372.1497762962898,335.67225671762077,339.67685234235216
1272,Prov. Jawa Timur,Kota Madiun,L,D4,122,941.0,211.70246019671876,173.43143698571095,176.9074746486727,201.96423498201477,162.7701094236991,245.21198813205103,153.54002737747894
1273,Prov. Jawa Timur,Kota Madiun,L,Profesi,1104,1132.0,254.6728851675724,1468.8640286448592,1181.8834213333614,1185.8611613293942,1010.5304595881628,1085.683111453933,1024.839142666061
1274,Prov. Jawa Timur,Kota Madiun,L,S1,596,3875.0,871.782182000303,552.6568060516877,504.20395909250095,506.8534153023509,582.6196399595964,675.0031068334112,606.0095402042607
1275,Prov. Jawa Timur,Kota Madiun,L,S2,90,238.0,53.54429917834119,88.05380333212881,92.30239857922997,99.23741835401911,57.26598117162646,56.75862948543776,74.81340215966398
1276,Prov. Jawa Timur,Kota Madiun,P,D3,516,1633.0,367.3858846984503,513.1545791677786,483.68735988940125,519.9579777163417,476.40773407873445,318.46885367177475,334.8939009846696
1277,Prov. Jawa Timur,Kota Madiun,P,D4,73,605.0,136.1105084155312,125.03424668283796,125.86118207757283,143.76978910671264,125.09739115898324,90.32285256808369,84.13390591895288
1278,Prov. Jawa Timur,Kota Madiun,P,Profesi,3687,3782.0,850.8594096322958,5310.65668064069,4170.692434801461,4131.650466472018,3063.8208734569653,3687.0230490058934,3643.47718236858
1279,Prov. Jawa Timur,Kota Madiun,P,S1,1159,5229.0,1176.3997495947315,969.3322849158724,912.7501702545937,969.5196240107433,1036.440204709163,955.681931316763,1006.3900757758577
1280,Prov. Jawa Timur,Kota Madiun,P,S2,191,479.0,107.76352649758584,197.0482586179835,203.2748411224025,217.94763863244884,118.88182294297994,101.58861532385797,134.75010802612718
1281,Prov. Jawa Timur,Kota Malang,L,D2,6,16.0,3.5996167514851223,6.810923959476367,6.25953659670388,6.008087550809069,4.992384630792206,3.671855432741958,4.7839640913022015
1282,Prov. Jawa Timur,Kota Malang,L,D3,1699,6280.0,1412.8495749579106,1727.7510533030925,1626.0168589476316,1722.276774515268,1414.4914553418866,1645.522080390324,1677.6017136248913
1283,Prov. Jawa Timur,Kota Malang,L,D4,1598,9018.0,2028.833991555802,1654.112500649535,1676.2220971224317,1904.1906883816414,1593.0225869733354,1784.9666537548492,1499.8930145040217
1284,Prov. Jawa Timur,Kota Malang,L,Profesi,19473,14066.0,3164.513076649358,18873.36718122613,15185.54860984483,15296.34338167498,11602.574971486642,13703.334586937792,13429.985086572011
1285,Prov. Jawa Timur,Kota Malang,L,S1,19685,101552.0,22846.767521676073,16370.122347578153,15381.111887658604,16081.470811050474,16718.345361695818,16792.5470474085,16925.313354992086
1286,Prov. Jawa Timur,Kota Malang,L,S2,2425,7536.0,1695.4194899494926,2412.6522413087237,2395.6914563406676,2421.0932630119532,2421.3715544675506,2255.808279971885,2515.611393346101
1287,Prov. Jawa Timur,Kota Malang,L,S2 Terapan,23,57.0,12.823634677165748,20.253548712976393,18.401116111226717,17.053446047695378,14.726991970429463,14.915918484203573,18.44173445194163
1288,Prov. Jawa Timur,Kota Malang,L,S3,591,3495.0,786.2912841525314,545.5358927769805,566.4173771800555,744.6261028643162,493.0102325736401,627.8353152414613,536.2357335575873
1289,Prov. Jawa Timur,Kota Malang,L,Sp-1,111,467.0,105.063813933972,90.15996065672815,108.82970647769999,154.67800194811562,78.81863586107508,99.33917963747867,104.0557703231087
1290,Prov. Jawa Timur,Kota Malang,P,D3,3025,9349.0,2103.3010631021507,2993.2662234664394,2802.981771342319,3002.199779540957,2778.169240104272,2574.330088346905,2949.342338293252
1291,Prov. Jawa Timur,Kota Malang,P,D4,1818,8433.0,1897.2230040796273,1769.0109504821794,1774.444463591855,2025.4575988451322,2093.738405139079,1865.970078786553,1853.3096538848104
1292,Prov. Jawa Timur,Kota Malang,P,Profesi,45652,32130.0,7228.480389076061,49154.89575848949,39220.303835638435,39765.384361306205,26292.770373259373,21085.142514100928,23594.102152448657
1293,Prov. Jawa Timur,Kota Malang,P,S1,26542,120553.0,27121.53739011162,23429.150302767768,22228.18440716009,23907.3526839574,24457.09784955476,22423.515634168627,23401.501555466322
1294,Prov. Jawa Timur,Kota Malang,P,S2,2820,7468.0,1680.1211187556808,2833.066648302794,2822.574699971205,2912.374220052133,2566.5651807053036,2433.0127798240283,2639.8499904872133
1295,Prov. Jawa Timur,Kota Malang,P,S2 Terapan,17,24.0,5.399425127227683,10.368029361601915,9.5252841419941,9.098784279988946,8.675766989155552,7.2144714815527164,9.276086899551764
1296,Prov. Jawa Timur,Kota Malang,P,S3,450,2177.0,489.77285424894444,413.4467562649254,434.1808910158824,588.4782082360276,323.7089551323153,369.4203211100575,371.5867517350404
1297,Prov. Jawa Timur,Kota Malang,P,Sp-1,110,436.0,98.08955647796958,92.15302898165315,108.95339207027092,153.545844611744,92.88639895517467,114.9330945688899,99.26361009518085
1298,Prov. Jawa Timur,Kota Mojokerto,L,D3,15,54.0,12.148706536262289,12.295679603192948,10.73214651912116,9.995487301826552,9.370919223624467,10.845904633403487,9.292820081291621
1299,Prov. Jawa Timur,Kota Mojokerto,L,S1,274,1484.0,333.86445370024506,212.64041505035078,190.1809572770989,180.31732643863802,186.27102935782253,186.35415950989068,169.92126187974196
1300,Prov. Jawa Timur,Kota Mojokerto,L,S2,6,25.0,5.624401174195503,5.828959655696466,5.215502770259781,4.4670335449388485,4.394603429400979,6.676150067144085,8.030555680848115
1301,Prov. Jawa Timur,Kota Mojokerto,P,D3,14,71.0,15.97329933471523,14.629601619938159,11.803773293448613,10.160105508066078,13.843410822316178,12.170073234591984,10.86155762039979
1302,Prov. Jawa Timur,Kota Mojokerto,P,S1,324,1354.0,304.61756759442846,231.4322904476962,208.09962595872764,201.94154752924794,211.73529686108984,225.5058112854664,233.70167947369077
1303,Prov. Jawa Timur,Kota Mojokerto,P,S2,3,7.0,1.574832328774741,2.5171607869682133,2.4482606633423596,2.359836148430904,2.514122952207017,2.2695620908767045,3.076997929762036
1304,Prov. Jawa Timur,Kota Pasuruan,L,S1,278,1759.0,395.73286661639565,244.70676394976542,216.0180084165441,208.36436851841293,268.9135627170509,229.4579431774947,213.90157090255136
1305,Prov. Jawa Timur,Kota Pasuruan,L,S2,2,11.0,2.4747365166460216,2.7872957755442993,2.5414509252992334,2.3030669295501816,2.7103510853920096,3.233244690849595,2.777339395121499
1306,Prov. Jawa Timur,Kota Pasuruan,P,S1,406,2059.0,463.2256807067417,355.01993796360654,319.2551458249312,320.1713320012602,328.6760480220675,327.9690967839498,324.7187662444845
1307,Prov. Jawa Timur,Kota Pasuruan,P,S2,5,28.0,6.299329315098964,8.59543712081365,7.91657707531617,7.384670266143141,7.639120895365437,6.702467685356539,7.288907555167186
1308,Prov. Jawa Timur,Kota Probolinggo,L,S1,51,308.0,69.2926224660886,58.56383929448549,54.84557414453937,56.11333623721676,87.46816040252023,38.688039955701,39.12504316441901
1309,Prov. Jawa Timur,Kota Probolinggo,P,S1,54,204.0,45.89511358143531,43.128299165792846,39.74813115747372,40.554834645461774,61.08919791979718,29.40160089068345,35.36478207255022
1310,Prov. Jawa Timur,Kota Surabaya,L,D2,8,27.0,6.074353268131144,7.8652122799610105,6.647959280625346,5.350743730127719,6.09458889184058,7.886354762607197,7.446233394935074
1311,Prov. Jawa Timur,Kota Surabaya,L,D3,1504,6029.0,1356.3805871689876,1778.9679622998233,1754.4564136045874,1828.1692297166423,1653.1133099532572,1525.8165636170102,1640.0683222433977
1312,Prov. Jawa Timur,Kota Surabaya,L,D4,2405,14757.0,3319.971525104122,2751.7913522229373,2887.4537807319216,3177.8941632733467,2531.683886333455,3233.2775943014954,2248.184002780958
1313,Prov. Jawa Timur,Kota Surabaya,L,Profesi,16693,15638.0,3518.1754224827714,14675.672450110102,10932.056480475985,9308.763718583446,14639.617736532871,13831.29329002751,14321.937687478385
1314,Prov. Jawa Timur,Kota Surabaya,L,S1,18337,117728.0,26485.98005742753,18848.27194095495,18367.85859540177,18613.818298862632,19214.960204361734,19989.617560442286,19283.04216692465
1315,Prov. Jawa Timur,Kota Surabaya,L,S2,4542,11969.0,2692.7383061578394,4046.873768789355,4216.802006737475,4194.8307923102075,4065.9971448219558,3838.5713967740467,3820.155057892324
1316,Prov. Jawa Timur,Kota Surabaya,L,S2 Terapan,212,424.0,95.38984391435574,172.46753925380057,168.50763316944835,158.36932008259924,170.81568665080252,107.68124738375657,112.91938959729669
1317,Prov. Jawa Timur,Kota Surabaya,L,S3,555,3274.0,736.5715777726432,545.948014360721,596.9093351370145,775.7174975095674,576.5439957711442,576.0610915951708,459.4287724806423
1318,Prov. Jawa Timur,Kota Surabaya,L,Sp-1,244,1028.0,231.2753762829191,199.32754179332252,248.65215191994724,341.4750323362807,241.40649995242734,206.3057681209485,199.0104799218146
1319,Prov. Jawa Timur,Kota Surabaya,L,Sp-2,28,92.0,20.697796321039455,27.981793053763905,32.202995106972615,28.83063047921697,21.89741257224491,29.439641274195957,32.60424706837663
1320,Prov. Jawa Timur,Kota Surabaya,P,D3,2229,7933.0,1784.7349805957172,2670.5389249822833,2620.457611499639,2758.007637606372,2468.4258476534596,2237.275068850139,2746.106008300234
1321,Prov. Jawa Timur,Kota Surabaya,P,D4,1862,11161.0,2510.9576602078405,2418.9840037923072,2538.602325834994,2840.162599494081,2507.180988212098,2550.299064728827,2366.02005448933
1322,Prov. Jawa Timur,Kota Surabaya,P,Profesi,40104,36594.0,8232.77346274041,39621.696457733575,29373.73579702275,25286.06692895937,34363.32413476502,23379.815110258412,24568.60059214726
1323,Prov. Jawa Timur,Kota Surabaya,P,S1,27313,146939.0,33057.755365404526,28840.32561400882,28538.67779943956,29951.49882984843,30169.64956032698,27565.72951235523,27448.205375697
1324,Prov. Jawa Timur,Kota Surabaya,P,S2,4054,9853.0,2216.688990773932,3896.342197733348,4057.3958447220925,4101.122070325921,3613.9294181065166,3291.5704585811363,3600.7418029099967
1325,Prov. Jawa Timur,Kota Surabaya,P,S2 Terapan,12,31.0,6.974257456002425,14.426599341088545,13.992335878627749,13.253385771274484,14.846722696241564,9.48601206793262,10.018987349498996
1326,Prov. Jawa Timur,Kota Surabaya,P,S3,414,2288.0,514.7451954623725,459.9118544907345,507.1562044771885,677.1779240299779,436.4442401625864,468.4924192182011,413.5495882472201
1327,Prov. Jawa Timur,Kota Surabaya,P,Sp-1,277,1111.0,249.9483881812482,240.75283093984027,296.0168844097189,406.1705212835327,270.1726043503698,232.8862374546939,231.4218650929657
1328,Prov. Jawa Timur,Kota Surabaya,P,Sp-2,23,66.0,14.848419099876129,23.422647808490133,26.919556055818237,24.46623815886686,22.035913211259274,26.667540421594094,27.878295840014633
1329,Prov. Kalimantan Barat,Kab. Bengkayang,L,D3,14,167.0,46.05411883100525,29.89143482435419,29.73868616360709,28.229541038810304,32.4605036603838,20.13300200032468,22.32268986487759
1330,Prov. Kalimantan Barat,Kab. Bengkayang,L,S1,38,234.0,64.53092099673789,42.481070828289916,38.81476350416549,37.492316456309936,43.09156570210434,48.88698552955112,39.22002710782055
1331,Prov. Kalimantan Barat,Kab. Bengkayang,L,S2,2,10.0,2.7577316665272606,3.066088735562136,2.968509183802691,2.8162279934450014,3.9455816143826974,3.3241406610200803,2.967674248975086
1332,Prov. Kalimantan Barat,Kab. Bengkayang,P,D3,39,231.0,63.70360149677972,61.49580234673553,56.525595581707776,56.23442252140484,72.0160631723368,57.35826058148376,47.610723281822686
1333,Prov. Kalimantan Barat,Kab. Bengkayang,P,S1,95,413.0,113.89431782757586,83.98842579553164,77.54281210212267,77.10738161335684,78.59549581299054,76.23969538763131,69.05773769109095
1334,Prov. Kalimantan Barat,Kab. Bengkayang,P,S2,1,2.0,0.5515463333054521,0.8485930554065021,0.7765553807238608,0.7686016957331109,0.7892096726646823,1.932928777615226,2.1185879530463176
1335,Prov. Kalimantan Barat,Kab. Kapuas Hulu,L,S1,29,92.0,25.371131332050798,18.87003207629042,15.364735749594981,15.108890702524587,22.292837658774783,16.52372830398095,14.23302523320932
1336,Prov. Kalimantan Barat,Kab. Kapuas Hulu,P,S1,55,149.0,41.09020183125618,33.244870058527404,27.607148240640715,27.89553604708395,36.80233926117622,26.321140791877806,25.17973432787861
1337,Prov. Kalimantan Barat,Kab. Ketapang,L,D3,129,591.0,162.9819414917611,150.89157275552984,151.79577733414666,140.8564360867271,157.58311825453262,126.34739824562513,133.60987059968156
1338,Prov. Kalimantan Barat,Kab. Ketapang,L,D4,36,181.0,49.914943164143416,36.872489160769234,36.46790863887711,36.20778290438165,37.67021095843131,26.737502863923368,26.811525229125863
1339,Prov. Kalimantan Barat,Kab. Ketapang,L,S1,18,188.0,51.8453553307125,27.250191880276265,30.303986289058432,27.55780844927801,23.876372360199458,28.628661003055658,23.476665066279274
1340,Prov. Kalimantan Barat,Kab. Ketapang,P,D3,148,570.0,157.19070499205384,161.15938576733623,164.07081861641012,156.78132373666324,149.8860506630664,137.1361889960551,136.30047286773086
1341,Prov. Kalimantan Barat,Kab. Ketapang,P,D4,68,277.0,76.38916716280512,61.24371325529171,61.79709240223326,63.04946028008948,69.07742319831809,46.99229441684611,39.284835170735946
1342,Prov. Kalimantan Barat,Kab. Ketapang,P,S1,23,281.0,77.49225982941603,45.40432867222115,51.099291183496184,47.82288115677111,38.54097434534111,47.37993317796445,37.74759624148455
1343,Prov. Kalimantan Barat,Kab. Kuburaya,L,S1,171,1894.0,522.3143776402632,274.58697181658425,264.32686577919685,257.112979883148,253.5288706456986,280.33766097550904,262.02222164671406
1344,Prov. Kalimantan Barat,Kab. Kuburaya,P,D3,48,179.0,49.363396830837964,57.316333557808896,48.76878655678686,50.136788829545445,56.89283917907633,52.64182502226664,50.01083978258888
1345,Prov. Kalimantan Barat,Kab. Kuburaya,P,S1,347,2645.0,729.4200257964604,488.00886799626676,455.9350411833226,460.246129104907,459.80341429898937,465.1907525243645,466.30183164691033
1346,Prov. Kalimantan Barat,Kab. Kuburaya,P,S2,1,26.0,7.1701023329708775,9.866767476384949,9.178252304278471,9.213624942500863,10.743544134826692,7.064466275184398,8.310506656461431
1347,Prov. Kalimantan Barat,Kab. Landak,L,D3,35,73.0,20.131441165649,17.951501059361874,13.12100778754585,13.8835862842074,19.591566082236213,19.893642119728025,15.286041136325554
1348,Prov. Kalimantan Barat,Kab. Landak,L,S1,64,658.0,181.45874365749376,99.4457722454981,78.20173713216063,81.58119896848537,109.9229461844061,75.80502249271471,85.31027615212787
1349,Prov. Kalimantan Barat,Kab. Landak,P,D3,230,582.0,160.49998299188655,171.44215480306838,123.96594954968874,135.60736686494178,152.33109698004054,95.25027658341018,156.73062264324608
1350,Prov. Kalimantan Barat,Kab. Landak,P,S1,136,873.0,240.74997448782983,155.63170035355785,121.6637432097689,131.08682492230648,167.0250139748277,127.6087439324217,135.68551590018564
1351,Prov. Kalimantan Barat,Kab. Melawi,L,S1,56,356.0,98.17524732837047,62.081805471946836,53.208492381419774,51.78967338032726,58.96260686083155,76.8721566149641,66.32124793888683
1352,Prov. Kalimantan Barat,Kab. Melawi,P,S1,191,852.0,234.9587379881226,176.88549462840353,150.27039257441584,151.1517171533622,154.6984687905712,164.05650642185537,155.96721076314887
1353,Prov. Kalimantan Barat,Kab. Pontianak,L,S1,72,291.0,80.24999149594328,37.61260384396498,42.94661359843441,38.655028415766374,34.1488618840329,32.68056871645371,21.307036812171404
1354,Prov. Kalimantan Barat,Kab. Pontianak,P,S1,87,325.0,89.62627916213597,54.22247188066899,59.819753316234745,55.92607316964527,54.32970400945803,49.94041050581705,34.501218073066354
1355,Prov. Kalimantan Barat,Kab. Sambas,L,D3,106,440.0,121.34019332719946,112.93596878495418,96.11447464677582,95.03008718337594,122.4630977503723,88.87856170780005,102.29957675971676
1356,Prov. Kalimantan Barat,Kab. Sambas,L,D4,151,707.0,194.97162882347732,120.34674812203971,106.97039524302741,111.73954973635105,121.129519307916,116.05869499937752,103.51468754161138
1357,Prov. Kalimantan Barat,Kab. Sambas,L,S1,44,451.0,124.37369816037945,68.2504693608651,63.317402593411664,61.55978787900431,78.57538992148521,69.93349603989054,82.50508237538247
1358,Prov. Kalimantan Barat,Kab. Sambas,L,S2,16,100.0,27.577316665272605,30.077669162269178,28.084971973327566,27.09520714438484,40.57989806790617,27.401977262563488,29.10243900264105
1359,Prov. Kalimantan Barat,Kab. Sambas,P,D3,88,297.0,81.90463049585964,82.36486213633079,71.64307307639871,72.75557559777272,88.62933391714866,62.832685265849015,64.38560859290568
1360,Prov. Kalimantan Barat,Kab. Sambas,P,D4,203,1170.0,322.65460498368947,220.78310031812657,198.95058619507856,213.80221348837688,240.0632747131525,247.7377817649614,226.90613470518358
1361,Prov. Kalimantan Barat,Kab. Sambas,P,S1,134,966.0,266.39687898653335,183.5285071643082,165.95884042184633,167.30403706029196,213.61670171573743,190.5656700677607,175.25206012737954
1362,Prov. Kalimantan Barat,Kab. Sambas,P,S2,15,54.0,14.891750999247208,21.7566300266068,19.400156772433316,19.486409528684103,19.54189611378762,16.773542706431304,14.877854361958297
1363,Prov. Kalimantan Barat,Kab. Sintang,L,S1,297,2103.0,579.9509694706829,333.82416991048956,339.5953326619302,323.5768071117931,269.09318137131066,268.3740949375958,254.2811106215922
1364,Prov. Kalimantan Barat,Kab. Sintang,P,D3,76,309.0,85.21390849569235,85.34419060958594,82.75781575716121,82.09029391240568,85.88789822387102,67.90984793039024,71.74018394811459
1365,Prov. Kalimantan Barat,Kab. Sintang,P,S1,641,3132.0,863.721557956338,610.9175300392895,609.869498050044,601.731715965358,588.654342710003,554.6226120405867,563.7302381764051
1366,Prov. Kalimantan Barat,Kota Pontianak,L,D1,27,29.0,7.997421832929056,24.536494142172316,11.347485531051097,9.254593838170305,5.946705325799982,16.85610823115911,20.219848016091802
1367,Prov. Kalimantan Barat,Kota Pontianak,L,D2,5,12.0,3.3092779998327124,4.560543319593594,4.4193444974572715,3.5474672769003046,2.5977804508984774,4.467980053926665,6.450524832114707
1368,Prov. Kalimantan Barat,Kota Pontianak,L,D3,960,3417.0,942.3169104523649,967.9905724023548,946.614289327401,926.9580039630292,759.676815106254,786.5871491939445,571.1106775008896
1369,Prov. Kalimantan Barat,Kota Pontianak,L,D4,518,3094.0,853.2421776235344,564.0837751207802,584.0867105833004,601.873373964432,430.72694926118544,632.3480226841294,453.2483501337795
1370,Prov. Kalimantan Barat,Kota Pontianak,L,Profesi,3707,3921.0,1081.3065864453388,5688.709726281106,5108.847721435337,4689.232098864822,7769.469525345412,4621.837337416065,4708.133895178142
1371,Prov. Kalimantan Barat,Kota Pontianak,L,S1,4528,30075.0,8293.877987080736,4569.057947372088,4949.348694137737,4770.045953195111,4202.581180206686,4572.602965689077,4534.719491300434
1372,Prov. Kalimantan Barat,Kota Pontianak,L,S2,436,1159.0,319.6211001505095,373.7619705479267,406.7060923349827,386.9602950878484,297.3629611405353,273.62794337107294,309.02921997700145
1373,Prov. Kalimantan Barat,Kota Pontianak,L,S3,13,78.0,21.510306998912633,9.92352490059156,11.827808357442528,14.330420226233057,9.878129810722715,13.58793897151914,12.177583866417752
1374,Prov. Kalimantan Barat,Kota Pontianak,P,D3,1397,4550.0,1254.7679082699035,1410.4717188335167,1402.553845456151,1412.5716826851578,1186.4587459631366,1122.3234045355073,1258.7827152011616
1375,Prov. Kalimantan Barat,Kota Pontianak,P,D4,896,4260.0,1174.793689940613,878.1511382449961,916.0718904300645,972.3651595062054,782.0596457048086,966.3698941232872,899.4832617054088
1376,Prov. Kalimantan Barat,Kota Pontianak,P,Profesi,7345,7953.0,2193.2239943891304,12042.551168124895,11175.156234777663,10512.443911794082,12636.73314881671,8104.196600812525,9311.8569354723
1377,Prov. Kalimantan Barat,Kota Pontianak,P,S1,7374,36731.0,10129.42418432128,6716.464388613497,7167.431486496156,7153.009262086445,7106.894159213862,6243.737990269027,6469.569932471115
1378,Prov. Kalimantan Barat,Kota Pontianak,P,S2,438,1027.0,283.21904215234963,384.21179437409785,417.8063477000152,410.1366478302076,306.8161412109158,301.5590277402225,327.8354195596901
1379,Prov. Kalimantan Barat,Kota Pontianak,P,S3,9,59.0,16.270616832510836,8.110060133403278,9.879608941608938,12.294583344307048,7.7437201895817,7.53549223052385,7.459135114917444
1380,Prov. Kalimantan Barat,Kota Singkawang,L,S1,86,658.0,181.45874365749376,108.99862619901171,102.1008468874105,98.9365440589841,92.68641363911141,103.58592884835652,108.25406110927089
1381,Prov. Kalimantan Barat,Kota Singkawang,P,D3,54,164.0,45.226799331047076,51.928661726718644,45.00335579073444,45.6715175523698,49.98237847604509,45.554986015045955,41.568086081473595
1382,Prov. Kalimantan Barat,Kota Singkawang,P,S1,254,1251.0,344.99223148256027,242.695422085685,226.50971953979945,226.59064459892178,222.00790085179625,220.8372233578618,232.0042285946503
1383,Prov. Kalimantan Selatan,Kab. Banjar,L,D3,35,78.0,17.548131663489972,23.89367981837549,23.3590186623374,24.700210230431598,16.248241051913425,23.868222087964053,26.573932861741916
1384,Prov. Kalimantan Selatan,Kab. Banjar,L,Profesi,58,109.0,24.522389119492395,108.00408271519494,80.4823244434639,70.26922797852875,63.09120232014808,72.29941877718599,68.61163723367062
1385,Prov. Kalimantan Selatan,Kab. Banjar,L,S1,272,2784.0,626.3333147584112,370.7634581887432,331.9181620587419,311.6691932871952,330.14889538540336,347.65468701141947,358.2205709365073
1386,Prov. Kalimantan Selatan,Kab. Banjar,P,D3,111,257.0,57.818844070729774,87.15935468474093,83.74564022622583,88.17027646248684,65.45882432061408,52.32733683872795,77.08895894996748
1387,Prov. Kalimantan Selatan,Kab. Banjar,P,Profesi,143,221.0,49.71970637988825,270.47195225456346,204.78864787434958,185.3708401924451,133.8664402530817,174.41978621433435,173.7398068409536
1388,Prov. Kalimantan Selatan,Kab. Banjar,P,S1,376,3018.0,678.9777097488812,483.5980675857346,436.39823264133935,420.7392674709805,480.0400527246218,425.64733572773184,423.91451657459606
1389,Prov. Kalimantan Selatan,Kab. Barito Kuala,L,D3,55,255.0,57.36889197679414,71.95634590885436,64.80771343197792,62.50152051438425,57.09885758355872,53.14557564542135,53.22167546866303
1390,Prov. Kalimantan Selatan,Kab. Barito Kuala,P,D3,26,146.0,32.84650285730174,47.67433814914901,42.7300469783753,41.66461761651857,43.09451466042756,36.32244977126944,42.746109332474624
1391,Prov. Kalimantan Selatan,Kab. Hulu Sungai Selatan,L,S1,116,903.0,203.15337041194158,127.01002880632156,111.449334113411,102.41512868102701,76.64305308764584,119.88497020651752,132.5676663367124
1392,Prov. Kalimantan Selatan,Kab. Hulu Sungai Selatan,P,S1,204,1389.0,312.4917292383022,242.75485294421728,216.83070911405227,207.0324877183292,158.08621517223605,201.01651896640638,206.02889347210183
1393,Prov. Kalimantan Selatan,Kab. Hulu Sungai Utara,L,D3,9,57.0,12.823634677165748,12.055150417733113,10.128981747111705,9.03818603707381,12.939004573012525,12.608864923386575,12.32347170895207
1394,Prov. Kalimantan Selatan,Kab. Hulu Sungai Utara,L,S1,228,1099.0,247.24867561763435,176.70060723787233,161.97906507410866,158.64404576185126,150.70085835098547,164.16410791742024,158.44862299990515
1395,Prov. Kalimantan Selatan,Kab. Hulu Sungai Utara,P,D3,18,62.0,13.94851491200485,17.964399570640563,15.827441613413239,15.2133263148167,16.246750163634726,13.868436126347508,16.314347857562126
1396,Prov. Kalimantan Selatan,Kab. Hulu Sungai Utara,P,S1,398,1679.0,377.73478285897,324.04238131309955,298.98004783949284,300.1581784969821,312.92874216172197,246.57613394676406,244.1103218980318
1397,Prov. Kalimantan Selatan,Kab. Kota Baru,L,D3,62,271.0,60.96850872827926,54.68376237430717,45.99569261488476,41.01570693410225,53.16154751513969,42.6449353315005,43.368710249673896
1398,Prov. Kalimantan Selatan,Kab. Kota Baru,L,S1,169,538.0,121.03711326868724,79.57313009613428,71.8371519957184,68.99334941190396,73.52841359029371,65.55243495612967,58.54862541593435
1399,Prov. Kalimantan Selatan,Kab. Kota Baru,P,D3,57,155.0,34.87128728001212,41.847303536201466,36.644362335834536,34.89326991106824,38.6785648337732,37.07203315621162,35.95669836761122
1400,Prov. Kalimantan Selatan,Kab. Kota Baru,P,S1,278,855.0,192.35452015748623,156.82482453799835,144.02975544764976,143.62401890895703,161.4755630867101,133.58673878529436,136.55089735679786
1401,Prov. Kalimantan Selatan,Kab. Tabalong,L,S1,62,361.0,81.21635295538307,55.26328188685732,49.552656292105624,47.76255066493156,49.38101355870843,60.659778619379246,57.19824814948092
1402,Prov. Kalimantan Selatan,Kab. Tabalong,P,S1,167,775.0,174.3564364000606,146.7426993205995,133.75043936332025,133.72470813969815,161.74503318097373,145.4108973667922,174.4682656308921
1403,Prov. Kalimantan Selatan,Kab. Tanah Bumbu,L,D3,39,297.0,66.81788594944258,87.13088902094492,80.96886174793396,81.12184639886817,100.97934625182157,54.37260055386415,65.75380747415984
1404,Prov. Kalimantan Selatan,Kab. Tanah Bumbu,L,Profesi,27,27.0,6.074353268131144,40.72616771976963,33.21172618257934,32.605092670034296,40.18918239347399,13.917854357825538,15.821640241449332
1405,Prov. Kalimantan Selatan,Kab. Tanah Bumbu,L,S1,36,54.0,12.148706536262289,8.644609088191837,7.882361376893619,7.62701935959739,9.052041188735942,9.869447477904584,8.393348210185621
1406,Prov. Kalimantan Selatan,Kab. Tanah Bumbu,P,D3,44,139.0,31.271670528527,46.98142659096149,43.43188826173574,43.967812382791394,50.14996063658701,28.142673738357576,40.58126658595005
1407,Prov. Kalimantan Selatan,Kab. Tanah Bumbu,P,Profesi,43,43.0,9.673970019616267,72.11599120908386,57.87510822819222,56.661389933185845,65.38748857142532,12.472817487658533,12.568317020038982
1408,Prov. Kalimantan Selatan,Kab. Tanah Bumbu,P,S1,66,133.0,29.92181424672008,25.653686147541887,23.589036051563216,23.447732796100066,29.597284489335042,7.561554736171761,7.5816776644123705
1409,Prov. Kalimantan Selatan,Kab. Tanah Laut,L,D2,5,6.0,1.3498562818069209,2.5298030209763374,2.259600432059702,2.0454905622648543,3.930417594512592,2.2620067349613175,2.322691668519363
1410,Prov. Kalimantan Selatan,Kab. Tanah Laut,L,D3,160,500.0,112.48802348391007,130.60803874162266,117.86625019253496,115.84962659736632,102.23825237268451,95.37246690980567,114.8534077971733
1411,Prov. Kalimantan Selatan,Kab. Tanah Laut,L,D4,31,339.0,76.26687992209102,62.09503018991348,61.19596341627845,65.63988116764268,65.46850470378688,56.54289654782261,38.8033928509274
1412,Prov. Kalimantan Selatan,Kab. Tanah Laut,P,D3,250,643.0,144.65959820030835,205.23947393210491,188.15901729966046,191.58689814087833,186.99119756521037,123.99559391640209,143.04466159060058
1413,Prov. Kalimantan Selatan,Kab. Tanah Laut,P,D4,29,270.0,60.743532681311436,55.86551850860733,54.328279656037225,58.32603912830449,77.27805334810266,57.36072982672178,58.12928510449447
1414,Prov. Kalimantan Selatan,Kab. Tapin,L,S1,3,31.0,6.974257456002425,5.841035994684012,5.589402923171695,5.773113784837971,8.666737509511282,9.082481975263565,7.027963646341702
1415,Prov. Kalimantan Selatan,Kab. Tapin,P,S1,8,89.0,20.022868180135994,18.416111740833035,17.277555889961732,17.715084750086056,17.05062816752955,16.767022638821953,17.372036912856903
1416,Prov. Kalimantan Selatan,Kota Banjarbaru,L,D3,107,342.0,76.94180806299448,89.41811823841351,83.8494805575236,84.96793638926036,84.13226752110262,77.08251232420855,85.16751745235676
1417,Prov. Kalimantan Selatan,Kota Banjarbaru,L,D4,161,329.0,74.01711945241283,59.93171240412919,61.227937202178,67.51906105744933,69.82145544376318,50.857032357481934,35.356347671204915
1418,Prov. Kalimantan Selatan,Kota Banjarbaru,L,Profesi,31,33.0,7.424209549938064,41.29560460215844,33.25030096707597,32.15390576546944,35.15244094088797,22.390297064153668,24.037438203109375
1419,Prov. Kalimantan Selatan,Kota Banjarbaru,L,S1,185,952.0,214.17719671336476,142.49384861319083,133.13572887087463,132.72765074951656,137.3654287365851,184.27948224255522,149.2554921440988
1420,Prov. Kalimantan Selatan,Kota Banjarbaru,P,D3,469,1425.0,320.5908669291437,439.313232756445,412.7101779918085,426.2106738759027,428.93914204590715,314.8375493196317,341.47461336820714
1421,Prov. Kalimantan Selatan,Kota Banjarbaru,P,D4,738,1564.0,351.8625374576707,324.1160614414308,328.1409322883126,363.92705307436563,387.0496814337608,320.68618827022465,352.6115420780599
1422,Prov. Kalimantan Selatan,Kota Banjarbaru,P,Profesi,121,123.0,27.672053777041878,181.61508530254906,146.53115538217352,144.44491839805485,143.63198232896775,120.76372964592255,109.34106782789299
1423,Prov. Kalimantan Selatan,Kota Banjarbaru,P,S1,333,1394.0,313.6166094731413,258.8060355390039,245.93805357077545,254.51207492226692,253.63664503058965,252.02686970733396,226.95657026674647
1424,Prov. Kalimantan Selatan,Kota Banjarmasin,L,D2,15,24.0,5.399425127227683,9.642101335324268,8.992334731315685,8.357920090871067,7.923096173965387,7.972888015301922,10.367598311181677
1425,Prov. Kalimantan Selatan,Kota Banjarmasin,L,D3,769,2749.0,618.4591531145376,752.8224170385996,723.9582251604317,750.0710151906305,670.4590154399725,618.2782279146247,651.0759276084482
1426,Prov. Kalimantan Selatan,Kota Banjarmasin,L,D4,171,847.0,190.55471178174366,147.65174776817074,150.83938298816486,164.86586453612736,138.9939320912924,156.92934377850437,115.91782772021477
1427,Prov. Kalimantan Selatan,Kota Banjarmasin,L,Profesi,5316,3991.0,897.8794034485702,5708.60714995528,4837.015767465902,4935.493297602909,4521.757075815152,4684.231468609326,4586.852487903905
1428,Prov. Kalimantan Selatan,Kota Banjarmasin,L,S1,4857,32279.0,7262.001820074266,5122.668592127427,4935.195470005428,5062.243474321211,4897.624930594378,4962.768565325882,4706.033465096842
1429,Prov. Kalimantan Selatan,Kota Banjarmasin,L,S2,935,3025.0,680.552542077656,982.26059360896,1011.6589668766243,1016.7163382716433,945.677940057154,793.8442870790357,838.617892456051
1430,Prov. Kalimantan Selatan,Kota Banjarmasin,L,S3,52,376.0,84.59099365990038,64.54974059771314,71.248248623764,95.97513130539434,60.045847928915734,68.763034107852,60.0912584397152
1431,Prov. Kalimantan Selatan,Kota Banjarmasin,L,Sp-1,25,158.0,35.54621542091558,29.246175955947123,35.99539662745416,49.82954850995692,33.883583972697124,36.94641965747751,33.99488892469028
1432,Prov. Kalimantan Selatan,Kota Banjarmasin,P,D3,1018,3093.0,695.8509132714677,959.7455596400767,913.2588716412399,949.9293565140715,860.6565275050283,730.7112262869063,868.0572823473093
1433,Prov. Kalimantan Selatan,Kota Banjarmasin,P,D4,89,668.0,150.28399937450385,137.29161159031264,140.48645810314207,156.45433476865122,146.63489371203048,112.93131901282038,106.53043582702904
1434,Prov. Kalimantan Selatan,Kota Banjarmasin,P,Profesi,12442,9766.0,2197.1160746877317,15655.389649381514,13085.828650945987,13354.53825454524,10664.690619665571,8175.63611802453,10045.363863423288
1435,Prov. Kalimantan Selatan,Kota Banjarmasin,P,S1,8089,41472.0,9330.206619849438,7931.107804641184,7709.716435387058,8128.834988695741,8036.538980662606,7596.2516833671625,7573.324211153679
1436,Prov. Kalimantan Selatan,Kota Banjarmasin,P,S2,885,2701.0,607.6603028600822,1034.0192008999281,1066.8776945907941,1092.6562987304872,951.2941638528005,809.6387043432546,864.6171871392451
1437,Prov. Kalimantan Selatan,Kota Banjarmasin,P,S3,15,193.0,43.420377064789285,38.09218528352936,41.799528663795336,56.848758358319856,35.88838142242388,29.0642494496079,26.203757700336357
1438,Prov. Kalimantan Selatan,Kota Banjarmasin,P,Sp-1,18,102.0,22.947556790717655,20.818292502366344,25.15155021428308,34.61534481306506,22.565933426654027,35.05265503386824,36.96428935898391
1439,Prov. Kalimantan Tengah,Kab. Barito Selatan,L,S1,22,128.0,30.26244197565772,20.581168666926484,17.510847864476396,17.832302251507357,21.56261513285316,21.056113841950843,15.75012593541132
1440,Prov. Kalimantan Tengah,Kab. Barito Selatan,P,S1,40,266.0,62.8891372306637,50.78090557478746,44.10659619482919,46.34762869636778,61.96800878586284,54.92598380902881,53.99143776541169
1441,Prov. Kalimantan Tengah,Kab. Barito Utara,L,D3,14,69.0,16.31334762750299,18.109145192829878,13.941420552119816,14.756348484541054,16.275652462545434,23.007783180501118,25.296201193200368
1442,Prov. Kalimantan Tengah,Kab. Barito Utara,L,S1,19,175.0,41.374432388594535,26.185883665968447,20.597954558484247,21.36942756022337,27.6809542095539,26.696034533796308,16.493024620112195
1443,Prov. Kalimantan Tengah,Kab. Barito Utara,P,D3,24,93.0,21.98755549793881,29.73004020471103,23.585762621399546,26.04010751923368,22.65311950460861,24.230773198063464,27.451164834699064
1444,Prov. Kalimantan Tengah,Kab. Barito Utara,P,S1,54,319.0,75.41967961120947,55.69844563541467,44.44242264053932,47.2283553429739,45.48522463872967,38.27154098122567,39.084083473117474
1445,Prov. Kalimantan Tengah,Kab. Kapuas,L,S1,75,414.0,97.88008576501794,56.64953932073489,41.812296552882124,41.57308296892641,67.68637144556456,36.85921786171523,37.50795158825306
1446,Prov. Kalimantan Tengah,Kab. Kapuas,P,S1,144,740.0,174.95474267177119,115.06689463388554,85.3161198575545,85.92331465442967,130.70389360690476,94.25096358622542,89.26735047789265
1447,Prov. Kalimantan Tengah,Kab. Kotawaringin Barat,L,D3,1,7.0,1.6549772955437816,1.8518713769165114,1.4396835905575012,1.519162668430818,1.5701554620978033,3.3369444408054663,2.617009759822892
1448,Prov. Kalimantan Tengah,Kab. Kotawaringin Barat,L,S1,149,886.0,209.47284055025577,113.03158200900539,84.42821938714386,81.35031311468634,119.92384565660869,122.10981669781363,131.22941544162921
1449,Prov. Kalimantan Tengah,Kab. Kotawaringin Barat,P,D3,3,88.0,20.805428858264683,25.081541201562843,19.207652809062033,20.071749958763977,27.38319874294837,24.02662932271655,23.969319753539445
1450,Prov. Kalimantan Tengah,Kab. Kotawaringin Barat,P,S1,260,1076.0,254.3936528578727,179.98673457576197,142.34042891917036,147.58960034167873,199.33486838801502,163.96869823524716,181.74342907032386
1451,Prov. Kalimantan Tengah,Kab. Kotawaringin Timur,L,D3,15,239.0,56.505653376423396,54.45871323493855,43.81758604893921,42.27695254464334,46.9089877625739,42.02868515043497,30.532084573509024
1452,Prov. Kalimantan Tengah,Kab. Kotawaringin Timur,L,S1,141,1017.0,240.44455850971798,124.6736985989745,100.25724584771127,93.61258855854668,126.1563741141491,128.9891572207065,118.22386068926207
1453,Prov. Kalimantan Tengah,Kab. Kotawaringin Timur,P,D3,101,441.0,104.26356961925823,136.92006432342404,118.29917073753431,124.84046329230445,127.5675771362709,116.21836656546824,131.48820400373515
1454,Prov. Kalimantan Tengah,Kab. Kotawaringin Timur,P,S1,240,1219.0,288.2024747525528,199.7550186578087,171.33325802883377,172.79249566736317,194.19611878885848,211.94715941857373,202.3100890552208
1455,Prov. Kalimantan Tengah,Kab. Seruyan,L,D3,7,25.0,5.910633198370649,4.651886010792954,3.060462519471622,2.787706691091181,9.225288074745716,6.240664449774418,5.248664176322025
1456,Prov. Kalimantan Tengah,Kab. Seruyan,L,D4,9,137.0,32.39026992707115,17.702821591544527,12.396393505148307,12.20486011908415,26.882950809323393,15.706324415903937,14.870152085522006
1457,Prov. Kalimantan Tengah,Kab. Seruyan,P,D3,1,22.0,5.201357214566171,3.636989560651342,2.1958685467583896,1.8256775141711226,2.7718118650560424,5.042014499307592,4.927900449386488
1458,Prov. Kalimantan Tengah,Kab. Seruyan,P,D4,13,108.0,25.5339354169612,18.14292176832967,13.409130819825068,14.155612521708308,21.329718463240617,16.551541760534057,12.879803848267798
1459,Prov. Kalimantan Tengah,Kota Palangka Raya,L,D3,71,399.0,94.33370584599555,115.95511645341536,108.18247404419668,112.58628464424123,106.07329093618539,111.74555657898848,108.84525718270716
1460,Prov. Kalimantan Tengah,Kota Palangka Raya,L,D4,16,142.0,33.57239656674528,27.357462013095265,26.70736305365052,29.458361957545325,21.946812104829775,26.28719557945487,21.25999516024203
1461,Prov. Kalimantan Tengah,Kota Palangka Raya,L,Profesi,1159,1184.0,279.9275882748339,1658.5082113294072,1520.6681978308761,1579.2185003953934,1148.6580433786476,1490.2137997087145,1291.1322966111436
1462,Prov. Kalimantan Tengah,Kota Palangka Raya,L,S1,2402,17778.0,4203.169480025335,2748.4660147104796,2552.36880704945,2556.2008776059097,2656.7568748346475,2491.5119596632644,2296.1124526904277
1463,Prov. Kalimantan Tengah,Kota Palangka Raya,L,S2,441,1080.0,255.339354169612,363.1344129796871,364.8508205797951,373.70339831176307,368.93599852020503,280.4184498822276,321.00660281301185
1464,Prov. Kalimantan Tengah,Kota Palangka Raya,L,S3,10,68.0,16.076922299568164,9.761318652099689,10.075427809000253,13.043571354438075,9.819606526041282,10.874642229669831,8.705261409606011
1465,Prov. Kalimantan Tengah,Kota Palangka Raya,P,D3,284,1687.0,398.84952822605135,559.4192417988829,525.0882702397556,554.480982314523,460.6063410934979,458.36357405591974,509.266187924954
1466,Prov. Kalimantan Tengah,Kota Palangka Raya,P,D4,113,1027.0,242.80881178906623,219.35540954574117,213.17396356843014,235.69148416924537,172.2537878896868,240.82775000210637,270.57424470639427
1467,Prov. Kalimantan Tengah,Kota Palangka Raya,P,Profesi,3769,3926.0,928.2058374721266,6140.203034361787,5619.014665450737,5866.798973869287,4295.170509105712,4631.701352914465,5171.2728009223565
1468,Prov. Kalimantan Tengah,Kota Palangka Raya,P,S1,3566,21755.0,5143.433009222138,3989.9000419402564,3781.18308089489,3908.9114021013247,4730.444285204026,3415.481231285346,3515.7135975600913
1469,Prov. Kalimantan Tengah,Kota Palangka Raya,P,S2,553,1105.0,261.24998736798267,420.6091586902884,423.92950384305135,439.1159586566556,392.9553260321282,316.92383009604424,376.201283239197
1470,Prov. Kalimantan Tengah,Kota Palangka Raya,P,S3,5,41.0,9.693438445327864,5.745148837370186,5.633555339125426,6.927366672035487,5.519219789137648,5.801666783435021,5.197609795921643
1471,Prov. Kalimantan Timur,Kab. Berau,L,D3,30,162.0,44.67525299774162,50.670647008533685,39.98220274790843,40.544435740542305,44.35205485681112,42.98488092570375,42.69507488234226
1472,Prov. Kalimantan Timur,Kab. Berau,L,D4,8,66.0,18.20102899907992,13.136106407124151,10.967862135933226,11.719928789546941,9.892447361921217,15.854650623116392,11.078115400982973
1473,Prov. Kalimantan Timur,Kab. Berau,L,S1,157,1054.0,290.66491765197327,154.68600792772202,143.0068779528578,140.56165799861515,127.46893425125211,122.57935750549514,130.35679355447553
1474,Prov. Kalimantan Timur,Kab. Berau,L,S2,45,76.0,20.95876066560718,28.654053668928572,24.586359075112725,24.371299121533774,18.97586479357606,25.083178348887884,25.46810086480982
1475,Prov. Kalimantan Timur,Kab. Berau,P,D3,23,80.0,22.061853332218085,26.609998764553936,21.567927888408725,22.44181266246611,24.109695089249094,27.73396509716116,29.141643886401386
1476,Prov. Kalimantan Timur,Kab. Berau,P,D4,9,92.0,25.371131332050798,20.021752874491355,17.021381731768184,18.695825828510515,18.87481132509596,18.194618807376642,15.802124001614214
1477,Prov. Kalimantan Timur,Kab. Berau,P,S1,250,1360.0,375.0515066477074,248.58613048679135,224.57345210875093,228.76074134945117,226.386360302025,220.66878610244748,237.61768250545808
1478,Prov. Kalimantan Timur,Kab. Berau,P,S2,31,43.0,11.85824616606722,17.91725794755211,15.600964125169257,15.906527531149953,13.477302227369226,9.426411588226802,7.0761727897169955
1479,Prov. Kalimantan Timur,Kab. Kutai Barat,L,D3,13,35.0,9.652060832845413,7.3348260318643,5.469776694029905,5.675403916358137,7.2043260256975055,5.937324416325616,5.679783657252792
1480,Prov. Kalimantan Timur,Kab. Kutai Barat,P,D3,8,28.0,7.721648666276329,5.2832566654384845,4.2655426127647775,4.493929889336803,4.948149191451703,6.624757539325098,7.4261133637987315
1481,Prov. Kalimantan Timur,Kab. Kutai Kartanegara,L,S1,232,1794.0,494.7370609749905,310.5645173342535,269.3489957297836,258.7333831119847,309.12295202401435,299.4601268380455,278.54689398590375
1482,Prov. Kalimantan Timur,Kab. Kutai Kartanegara,L,S2,21,66.0,18.20102899907992,22.575931396760108,19.743534875342284,18.812481232001158,22.254679294972103,17.307189409688796,15.37661390041659
1483,Prov. Kalimantan Timur,Kab. Kutai Kartanegara,P,S1,343,1993.0,549.615921138883,395.1158232146106,343.85570241952945,340.5084181648377,436.25337958190164,351.0582270056447,361.63607921975375
1484,Prov. Kalimantan Timur,Kab. Kutai Kartanegara,P,S2,12,40.0,11.030926666109043,15.366451711291877,13.568097128428228,13.311284687230337,14.730730239408974,9.927879827351626,7.471927888094442
1485,Prov. Kalimantan Timur,Kab. Kutai Timur,L,S1,114,1221.0,336.71903648297854,130.64451614118389,136.2631852882125,129.19595954735794,142.15114810257384,120.09922847341471,116.77045071607274
1486,Prov. Kalimantan Timur,Kab. Kutai Timur,P,S1,259,1692.0,466.6081979764125,257.6652328690992,251.77323456675092,249.4874565227311,231.58685044722927,264.92326078931535,262.57865800760266
1487,Prov. Kalimantan Timur,Kab. Pasir,L,S1,54,215.0,59.291230830336104,30.324084604435047,23.64117470054562,24.323363207123492,30.39659124408722,29.266552838876176,27.24928926470858
1488,Prov. Kalimantan Timur,Kab. Pasir,P,S1,96,359.0,99.00256682832865,64.81029608509282,48.94969107785751,52.28373367654954,62.95951618643154,56.95571799563412,56.81161721651049
1489,Prov. Kalimantan Timur,Kota Balikpapan,L,D3,239,1185.0,326.7912024834804,292.8481534615994,266.22649513384744,266.9700043669606,301.0989298819921,256.4021656289859,247.9767293664454
1490,Prov. Kalimantan Timur,Kota Balikpapan,L,D4,175,1115.0,307.48708081778955,178.37682995273053,170.61661073851988,180.50863772365759,166.94906370163451,211.98260704311332,162.4610348024895
1491,Prov. Kalimantan Timur,Kota Balikpapan,L,S1,1381,9415.0,2596.4043640354157,1415.8983752969605,1380.5416749042975,1368.2548945220844,1420.5333761854909,1609.3957413188755,1564.3503061144277
1492,Prov. Kalimantan Timur,Kota Balikpapan,L,S2,29,48.0,13.23711199933085,12.327815999447209,12.771512582563238,12.40253485519393,12.72972415140914,12.028366307930774,13.523983647107059
1493,Prov. Kalimantan Timur,Kota Balikpapan,P,D3,206,618.0,170.4278169913847,172.73119476674847,158.04580147788877,163.32913619879045,186.28373522294248,177.75301966139935,182.76066257958217
1494,Prov. Kalimantan Timur,Kota Balikpapan,P,D4,177,1070.0,295.0772883184169,214.0958866039268,199.8469420612538,219.17856192628355,195.73439045128916,224.1789379983176,181.84618639238178
1495,Prov. Kalimantan Timur,Kota Balikpapan,P,S1,1460,8138.0,2244.242030219885,1457.5191489325598,1409.5588023174687,1443.188239642063,1538.622453812255,1496.3854262206569,1473.2229828494417
1496,Prov. Kalimantan Timur,Kota Balikpapan,P,S2,21,19.0,5.239690166401795,6.811858910662506,6.651906393469251,6.742987155856933,7.414780189247419,4.2889137047737425,4.363578507532291
1497,Prov. Kalimantan Timur,Kota Bontang,L,S1,60,630.0,173.73709499121742,98.38708183254393,88.88584219452737,86.39443851233062,91.44889283047965,79.45336070254744,66.27253657441527
1498,Prov. Kalimantan Timur,Kota Bontang,P,S1,46,427.0,117.75514216071403,77.2191435314199,69.75695902844747,69.9453392065991,76.79238966485369,68.64720503489893,58.81774109732511
1499,Prov. Kalimantan Timur,Kota Samarinda,L,D3,752,2655.0,732.1777574629876,756.1810557096167,673.8294134358788,680.0133274459283,718.2297130723706,635.4765616728762,617.6753405831255
1500,Prov. Kalimantan Timur,Kota Samarinda,L,D4,586,3070.0,846.623621623869,554.8424453481217,522.0725098283348,555.9006239143667,513.492084071015,701.1279994578159,502.84811555810995
1501,Prov. Kalimantan Timur,Kota Samarinda,L,Profesi,1584,2639.0,727.765386796544,4391.855406727632,3430.471999465232,3280.0373138225905,3402.4785236497123,4484.886694773704,4472.532715174778
1502,Prov. Kalimantan Timur,Kota Samarinda,L,S1,3997,26770.0,7382.447671293477,4500.596109787789,4353.973850334573,4328.9294740575,4390.54186384241,4543.362734095685,4035.7582044987257
1503,Prov. Kalimantan Timur,Kota Samarinda,L,S2,357,1300.0,358.5051166485439,463.4182529590541,443.7451241316338,438.7847604252779,435.0558277979783,355.31899007621854,331.70721911227764
1504,Prov. Kalimantan Timur,Kota Samarinda,L,S2 Terapan,21,42.0,11.582472999414493,14.212839950000646,15.488726394040931,11.906927430792424,15.61145288567169,10.693734901194711,9.893552227755
1505,Prov. Kalimantan Timur,Kota Samarinda,L,S3,22,160.0,44.12370666443617,28.780517983736512,27.928118697337297,35.716680806404966,30.53889333053226,23.467229390479847,24.452880886177525
1506,Prov. Kalimantan Timur,Kota Samarinda,L,Sp-1,6,11.0,3.0335048331799865,2.191122693384574,2.4324058079831077,3.1032714221913156,3.9143220935298313,3.1588556436882644,2.290743289899738
1507,Prov. Kalimantan Timur,Kota Samarinda,P,D3,873,2933.0,808.8426977924455,921.3701918455012,833.6905293331686,865.2805572689604,838.4459060712633,785.4414296439633,885.5401553649933
1508,Prov. Kalimantan Timur,Kota Samarinda,P,D4,908,3316.0,914.4638206204396,700.0844343879157,657.8204746201068,722.4719701184017,796.9883875261088,863.7845871387881,953.6010950966476
1509,Prov. Kalimantan Timur,Kota Samarinda,P,Profesi,4278,6757.0,1863.3992870724699,12191.677521415635,9722.382626745628,9550.182283188838,9001.071028354476,7975.81185523755,7801.365921043124
1510,Prov. Kalimantan Timur,Kota Samarinda,P,S1,7009,38053.0,10493.996310636185,7583.133733026817,7260.689730496904,7468.7450292633575,7319.099805059268,6371.6547002700345,6859.557812409317
1511,Prov. Kalimantan Timur,Kota Samarinda,P,S2,449,1322.0,364.57212631490387,526.5585599480563,509.890190655096,518.9601559940317,545.2365526346875,379.15842861989717,384.9253586930576
1512,Prov. Kalimantan Timur,Kota Samarinda,P,S2 Terapan,13,23.0,6.342782833012699,8.393162067927237,9.354088322955766,7.385029572154925,8.826473449724405,5.922845994738606,7.0031338048468195
1513,Prov. Kalimantan Timur,Kota Samarinda,P,S3,19,85.0,23.440719165481713,16.81724815986448,16.58535447840046,21.81036197918347,18.08449926159167,13.921506148767934,13.02339023598516
1514,Prov. Kalimantan Utara,Kab. Bulungan,L,S1,44,496.0,116.24699896304023,59.07623124134145,45.17643749884329,41.201873930932294,66.89959209441137,45.24377445255925,37.609542727906
1515,Prov. Kalimantan Utara,Kab. Bulungan,P,S1,40,468.0,109.684668376417,67.6029076559838,53.36607560144262,50.60079193753193,62.5431781928737,54.687524882716595,55.2068259695355
1516,Prov. Kalimantan Utara,Kab. Nunukan,L,D3,60,177.0,41.48330406543976,52.8658491092095,44.783758350417024,49.608864935324334,43.1054009317085,24.56799511311869,31.502778173309707
1517,Prov. Kalimantan Utara,Kab. Nunukan,L,S1,16,101.0,23.671263901748112,11.485115818662829,8.370951352534066,7.674745764158974,11.807158447527769,14.364156057114661,16.664443346437693
1518,Prov. Kalimantan Utara,Kab. Nunukan,P,D3,61,186.0,43.59262461114009,61.675320558419976,52.453595429730875,58.32211960401795,68.16372865116298,30.925309758356487,33.89379846631218
1519,Prov. Kalimantan Utara,Kab. Nunukan,P,S1,59,221.0,51.79553784441914,31.50960624487266,23.956869814854077,23.139402234391664,27.6506508680155,36.20975251633765,36.79711507576906
1520,Prov. Kalimantan Utara,Kota Tarakan,L,D3,30,113.0,26.483691296015216,23.10542047045945,20.469681183043274,19.023857677715213,26.00655511894185,23.35079642950079,20.90156842516645
1521,Prov. Kalimantan Utara,Kota Tarakan,L,D4,6,40.0,9.374757980890342,5.694303806497124,5.186348333858005,5.175394134055658,5.923124244701983,5.750439163155448,5.021168287235806
1522,Prov. Kalimantan Utara,Kota Tarakan,L,Profesi,507,516.0,120.93437795348541,665.7090052184525,599.6757122762835,617.0598710127296,716.778476471775,664.9024572088013,594.1593698546918
1523,Prov. Kalimantan Utara,Kota Tarakan,L,S1,416,4034.0,945.444342372791,644.8169552569752,616.7331495018973,632.8938906391487,652.3415268437353,638.343162521813,578.3185777439091
1524,Prov. Kalimantan Utara,Kota Tarakan,L,S2,64,245.0,57.420392632953345,87.166465013486,89.30015668632093,93.9113362891167,79.99181141244068,70.62809034662634,62.9920824565683
1525,Prov. Kalimantan Utara,Kota Tarakan,P,D3,170,772.0,180.9328290311836,188.41948958584294,171.453920676206,164.61593980740838,203.5053537043434,161.1874215716746,141.36441365681168
1526,Prov. Kalimantan Utara,Kota Tarakan,P,D4,15,103.0,24.14000180079263,17.89046651856741,16.852583320689988,17.525700227259236,20.143167275679847,14.924895323081723,12.29464245858328
1527,Prov. Kalimantan Utara,Kota Tarakan,P,Profesi,1679,1769.0,414.59867170487536,2550.2609091216586,2311.1299931991884,2393.1954239102565,2526.4439726212754,1992.532594319551,1847.8596360663366
1528,Prov. Kalimantan Utara,Kota Tarakan,P,S1,901,6518.0,1527.6168129860812,1250.4968816106077,1230.3812440296235,1306.2939822817495,1265.6864111202533,1174.1121011984972,1173.5259054591058
1529,Prov. Kalimantan Utara,Kota Tarakan,P,S2,36,147.0,34.45223557977201,57.39867882216321,58.82353875528678,61.808710583984876,53.40357915952721,50.308722227707044,37.64493929298228
1530,Prov. Kepulauan Riau,Kab. Bintan,L,D3,14,49.0,11.58484106880647,15.429931573642993,13.18213347491148,14.552068658076642,20.516214381909887,10.954497073729293,13.469359911066503
1531,Prov. Kepulauan Riau,Kab. Bintan,L,D4,9,48.0,11.348415740871644,9.528433004565526,8.361839876686934,9.57732438537999,13.488737857444011,8.8945075518753,8.077032990587751
1532,Prov. Kepulauan Riau,Kab. Bintan,L,S1,82,791.0,187.0124343964473,125.84970624259822,105.08626775936219,108.0405409897851,133.22245552038223,149.62743929921288,128.52060865424914
1533,Prov. Kepulauan Riau,Kab. Bintan,P,D3,8,48.0,11.348415740871644,16.206632352219728,13.614949178493863,14.854259710011961,13.545654249301464,11.60397514659819,15.262875626475592
1534,Prov. Kepulauan Riau,Kab. Bintan,P,D4,5,36.0,8.511311805653733,7.830068444868753,6.810833162017283,7.78062132562846,13.273485865803911,9.600735333353994,5.630869121109994
1535,Prov. Kepulauan Riau,Kab. Bintan,P,S1,185,1110.0,262.43211400765676,201.1072458088195,168.82140225238874,175.96382377079735,232.90403625756733,241.4366259800908,231.8187631635908
1536,Prov. Kepulauan Riau,Kab. Karimun,L,S1,110,464.0,109.70135216175923,70.57877159094588,61.178713904673955,58.68566786089102,66.14315020537764,50.74418638327727,44.57805280981738
1537,Prov. Kepulauan Riau,Kab. Karimun,P,S1,170,577.0,136.41741421839455,105.1140906116738,93.31473380557647,92.66468080883925,95.54544212184042,107.76064014991259,86.95804417040912
1538,Prov. Kepulauan Riau,Kab. Natuna,L,S1,48,568.0,134.28958626698113,66.17181619025894,46.03769126307372,42.762897441347405,81.84507292831938,50.495178978613524,66.2646291442988
1539,Prov. Kepulauan Riau,Kab. Natuna,P,S1,82,700.0,165.49772955437814,102.80024471566006,74.63736661109968,73.37305911062481,110.90296885627619,80.12229957148304,73.36042975173206
1540,Prov. Kepulauan Riau,Kota Batam,L,D2,6,13.0,3.073529263152737,4.991721543625238,4.383884435602828,3.89389929118086,4.144533559043073,5.332631618745368,6.378500798023192
1541,Prov. Kepulauan Riau,Kota Batam,L,D3,357,2263.0,535.0305171165111,626.705276977794,617.983344181714,653.1590493772619,616.744027791869,494.03025554386403,539.1267082955259
1542,Prov. Kepulauan Riau,Kota Batam,L,D4,482,5058.0,1195.8393086943495,914.8933407924626,938.6099716495244,1049.0941379358896,1016.7952117858526,860.9300486751354,774.5082478018526
1543,Prov. Kepulauan Riau,Kota Batam,L,Profesi,408,319.0,75.41967961120947,367.68708035898027,337.7707261703446,332.4847656048044,242.88955506486255,293.9290415444212,322.2096716893457
1544,Prov. Kepulauan Riau,Kota Batam,L,S1,1567,13775.0,3256.758892302227,2018.2136117828002,1978.4244248844795,1984.0339832825136,2343.5361934871025,2245.1060526499336,2005.446943933547
1545,Prov. Kepulauan Riau,Kota Batam,L,S2,341,827.0,195.52374620210105,236.2882993423162,240.68513913717743,236.87141075253544,256.3209810408257,206.09662013334545,222.27937385241322
1546,Prov. Kepulauan Riau,Kota Batam,L,S2 Terapan,1,33.0,7.802035821849255,10.006567225933283,8.960777436958596,7.113913184730489,11.398300598046307,6.667332114044369,9.735383130346255
1547,Prov. Kepulauan Riau,Kota Batam,L,S3,16,45.0,10.639139757067166,4.912152444393515,4.934776917343146,5.856662010412572,6.250071268273055,5.56200001542902,5.428020546433876
1548,Prov. Kepulauan Riau,Kota Batam,P,D2,4,12.0,2.837103935217911,5.92352790888814,5.468156960522275,5.183194499880694,5.2873489372529745,5.927201522037698,7.2328260815425045
1549,Prov. Kepulauan Riau,Kota Batam,P,D3,307,1549.0,366.22283297104536,488.73148279054715,484.2887845894625,523.8962559894088,479.0882415784764,446.5605550384064,512.5668275861025
1550,Prov. Kepulauan Riau,Kota Batam,P,D4,661,4198.0,992.5135266703993,848.2014702951114,867.9967915701483,987.0517196719403,1002.5333158401476,877.3667233748167,859.1593845752151
1551,Prov. Kepulauan Riau,Kota Batam,P,Profesi,1313,1002.0,236.89817859069558,1328.6578703651344,1231.6568250260764,1234.4339657595635,810.4046061434871,873.0803352068651,981.9964961414761
1552,Prov. Kepulauan Riau,Kota Batam,P,S1,2187,15450.0,3652.7713165930604,2676.43597969763,2674.756294218611,2755.8544284741724,3188.846286157828,2804.802295901568,2946.870333008043
1553,Prov. Kepulauan Riau,Kota Batam,P,S2,253,559.0,132.16175831556768,191.39152994047333,199.69666249183618,203.58997761319387,209.29900384928493,183.8030084342102,173.30711259212552
1554,Prov. Kepulauan Riau,Kota Batam,P,S3,9,28.0,6.619909182175126,3.6668001063948896,3.7749051599654653,4.643233948652124,3.8978920787476996,4.829323376571536,4.811863014222068
1555,Prov. Kepulauan Riau,Kota Tanjungpinang,L,D3,53,180.0,42.556559028268666,53.72134309314948,49.06363655979123,51.31277660609088,51.548826009909696,53.106737428979436,55.825845852547424
1556,Prov. Kepulauan Riau,Kota Tanjungpinang,L,Profesi,228,133.0,31.44456861533185,190.4308735802831,170.6285060893427,177.71934263371807,188.60788124483176,169.60019713953264,305.11044121445696
1557,Prov. Kepulauan Riau,Kota Tanjungpinang,L,S1,758,5294.0,1251.6356860869685,841.136585486885,765.2499664410444,764.392270179621,803.8656769445745,788.4893157877353,819.0276792303572
1558,Prov. Kepulauan Riau,Kota Tanjungpinang,L,S2,9,63.0,14.894795659894033,18.656293566339677,17.34247393684002,16.72784272581676,18.5972723372584,16.888204976710814,16.58789103480594
1559,Prov. Kepulauan Riau,Kota Tanjungpinang,P,D3,391,1101.0,260.30428605624337,371.29300926064445,339.93529730215425,359.2444155091556,345.2099818382516,284.02989447696075,273.7632699274266
1560,Prov. Kepulauan Riau,Kota Tanjungpinang,P,Profesi,1146,640.0,151.3122098782886,1016.2264476227859,906.5352235208808,946.5787939801814,1018.0618772502942,730.7627949455181,756.1739159715532
1561,Prov. Kepulauan Riau,Kota Tanjungpinang,P,S1,1343,8177.0,1933.2499065230716,1541.944636451543,1431.9044342040738,1475.4468069215977,1559.0270875741774,1353.526159066607,1291.638083504785
1562,Prov. Kepulauan Riau,Kota Tanjungpinang,P,S2,3,38.0,8.984162461523386,14.546299860494587,14.241924480076127,14.694006695385152,13.625131343534376,10.594796207044013,10.209941651485918
1563,Prov. Lampung,Kab. Lampung Selatan,L,S1,2278,14535.0,3406.552681306028,2387.3329234565404,2138.429317517594,2263.022514405137,2482.8562391633745,2306.7305589011307,1940.8448008302912
1564,Prov. Lampung,Kab. Lampung Selatan,L,S2,895,2452.0,574.6726642285779,496.22412229711165,395.1823986060492,338.51203716454637,498.561441201382,314.20261307275035,400.31655204506325
1565,Prov. Lampung,Kab. Lampung Selatan,L,S3,18,172.0,40.311459317828465,29.858566026693822,29.56770900862909,41.797035820961945,35.87949889206036,22.23406007458179,20.859888405842796
1566,Prov. Lampung,Kab. Lampung Selatan,P,D3,16,55.0,12.89029222372422,16.690798052010756,15.100798840164304,16.1176108201569,18.400120130824128,18.075499948735985,18.97517639587091
1567,Prov. Lampung,Kab. Lampung Selatan,P,S1,2792,14991.0,3513.4249222881776,2770.547131787548,2502.607794614471,2674.7181299033186,2854.9759361475562,2434.7925847280153,2279.4238111377954
1568,Prov. Lampung,Kab. Lampung Selatan,P,S2,727,1703.0,399.13032103640626,409.58663023467983,334.5739651790878,295.56314260420805,358.38677865688334,332.126628713715,430.82330489917786
1569,Prov. Lampung,Kab. Lampung Selatan,P,S3,7,60.0,14.062136971335512,10.941991708121499,10.690874470722605,14.839496708321555,12.862646210250674,6.8044622646560535,5.732839410601271
1570,Prov. Lampung,Kab. Lampung Tengah,L,S1,301,758.0,177.65166373787196,136.04973529671844,129.8958954174957,141.83453083248745,128.2469115387744,129.10399054574765,116.43552350303796
1571,Prov. Lampung,Kab. Lampung Tengah,P,D3,45,36.0,8.437282182801308,11.420270845390098,10.86848699495499,11.793775065254023,11.7448484453564,9.802590372098507,9.175442276037668
1572,Prov. Lampung,Kab. Lampung Tengah,P,S1,210,792.0,185.62020802162877,155.05113219252635,147.8004433215836,160.85303305284248,156.97352355082924,141.80525017854865,136.37513086087003
1573,Prov. Lampung,Kab. Lampung Timur,L,D3,19,41.0,9.6091269304126,7.917893562426588,6.613446990826714,6.12370879831167,8.085311833587278,11.083480067082,11.111143548979868
1574,Prov. Lampung,Kab. Lampung Timur,L,S1,1063,4194.0,982.9433742963523,447.8015700638626,361.89822232794586,321.70346639966897,349.37519641409875,368.724308381207,361.09790933270983
1575,Prov. Lampung,Kab. Lampung Timur,P,D3,15,37.0,8.671651132323566,8.132559974172116,6.873277144274757,6.451579356577144,7.975306399618321,9.660515405652726,8.366563416241016
1576,Prov. Lampung,Kab. Lampung Timur,P,S1,715,4765.0,1116.768044473562,570.1879789622087,464.0153404333149,415.59317128940734,389.26001036936896,500.1515436398802,531.0627382057222
1577,Prov. Lampung,Kab. Lampung Utara,L,D3,1,9.0,2.109320545700327,1.4361862680882027,1.1522348313895099,0.990195739927377,1.3294650778756618,3.344238979445092,3.426413888719441
1578,Prov. Lampung,Kab. Lampung Utara,L,S1,288,1981.0,464.2848890035942,269.9891868464359,240.5829196633074,236.96355323537477,263.228063593742,240.15913295445017,238.6173748119891
1579,Prov. Lampung,Kab. Lampung Utara,L,S2,19,109.0,25.54621549792618,26.82139115413585,23.95560740874874,22.202535480287317,28.354738445828943,22.908241912968478,23.162246076496345
1580,Prov. Lampung,Kab. Lampung Utara,P,D3,36,61.0,14.29650592085777,12.97874889213765,11.074210100872207,10.274082087256833,15.148240202934105,13.9765233780608,14.650732010314877
1581,Prov. Lampung,Kab. Lampung Utara,P,S1,459,2677.0,627.4056778710861,442.2209498347041,407.2296712853056,419.0382226569146,436.23424717859643,486.30272491032,448.45714899162573
1582,Prov. Lampung,Kab. Lampung Utara,P,S2,7,50.0,11.718447476112926,18.77973839842751,18.614347914974424,19.653925660469014,20.349921921670873,18.550771161704244,17.094655317637425
1583,Prov. Lampung,Kab. Mesuji,L,S1,104,190.0,44.53010040922912,36.17698553888251,32.67883600279518,35.72995301875194,34.75878415017111,35.46929483122324,26.002958262368576
1584,Prov. Lampung,Kab. Mesuji,P,S1,35,122.0,28.59301184171554,25.29826207355125,22.804332340470715,24.836138597349706,25.280065640619213,24.605469118146555,14.80201593261725
1585,Prov. Lampung,Kab. Pasawaran,L,S1,4,340.0,79.6854428375679,40.676015959704074,32.49174152861549,29.769082406004188,43.15368308101892,45.96642137579464,40.02402497833486
1586,Prov. Lampung,Kab. Pasawaran,P,S1,6,209.0,48.98311045015203,29.895716720265447,24.54130841212631,23.24435371853489,25.816222239337367,32.70299530354121,37.956507545697036
1587,Prov. Lampung,Kab. Pesisir Barat,L,S1,9,42.0,9.843495879934858,4.7068326442098165,3.3349324679946637,2.9550991266547397,6.094228492857788,7.920628835343214,7.0196109184833615
1588,Prov. Lampung,Kab. Pesisir Barat,P,S1,25,101.0,23.671263901748112,9.858880689756809,6.497464122205931,5.24740400277498,11.05769913606728,12.070717373101697,16.701831709859448
1589,Prov. Lampung,Kab. Pringsewu,L,D3,23,88.0,20.624467557958752,24.909651143742064,23.276620547310987,24.954837802090093,23.391416560650317,27.17896307486805,27.054915125488062
1590,Prov. Lampung,Kab. Pringsewu,L,Profesi,137,193.0,45.2332072577959,171.4311404151056,130.7404779251396,117.55214914947604,205.8134700371021,238.34729377660818,264.62830078205616
1591,Prov. Lampung,Kab. Pringsewu,L,S1,430,2864.0,671.2326714317485,457.9374803661244,416.89737636538814,432.984265430254,485.4613943667383,354.50858851914916,372.177905742563
1592,Prov. Lampung,Kab. Pringsewu,L,S2,78,219.0,51.32679994537462,58.49963319597723,52.14180093825849,49.59358196786184,60.78820061874811,59.97423480667058,58.45623199486004
1593,Prov. Lampung,Kab. Pringsewu,P,D3,70,354.0,82.96660813087952,104.65315320359083,96.45675315866481,101.91304931544035,101.63521581295937,91.63791596908696,100.66636266865534
1594,Prov. Lampung,Kab. Pringsewu,P,Profesi,508,583.0,136.63709757147672,766.0673946421929,642.0075454098943,649.4695092058045,663.319781392431,731.5214203943436,689.7284397391926
1595,Prov. Lampung,Kab. Pringsewu,P,S1,1305,6283.0,1472.5401098483503,1149.0925411095334,1060.2545225273007,1118.8340480806394,1228.5583039859819,1148.2083911460643,1212.3713131578506
1596,Prov. Lampung,Kab. Pringsewu,P,S2,136,317.0,74.29495699855596,99.28291915164097,90.38316456737714,88.18103924407447,101.06278011849871,83.40968678948002,80.69929194871946
1597,Prov. Lampung,Kab. Tenggamus,L,D3,17,18.0,4.218641091400654,5.533185364269051,4.860100948451877,5.327534733602697,5.880469850768263,5.5931545715569895,5.889150766225024
1598,Prov. Lampung,Kab. Tenggamus,L,S1,73,385.0,90.23204556606953,71.3302437525575,62.29041727771128,67.84058168608446,74.10913851733615,58.28614204456143,36.60073673703594
1599,Prov. Lampung,Kab. Tenggamus,P,D3,2,2.0,0.46873789904451707,0.6695527395652593,0.5868773296686277,0.6408098522609585,0.635936200479235,2.2355185080525226,1.4839430191833112
1600,Prov. Lampung,Kab. Tenggamus,P,S1,119,508.0,119.05942635730733,101.78892550086671,88.50901889473154,95.7530063195111,119.77915371511027,62.20573775210769,62.92832617936114
1601,Prov. Lampung,Kab. Tulang Bawang,L,S1,248,702.0,164.5270025646255,125.89221061859025,114.12751801195529,124.24147367198418,145.85665844549402,95.9462939309703,93.31918242195468
1602,Prov. Lampung,Kab. Tulang Bawang,P,S1,272,769.0,180.22972218261683,147.48500988732067,132.6624805579723,142.81918798284516,183.97375483505394,120.38036247168411,133.35437341719444
1603,Prov. Lampung,Kab. Tulang Bawang Barat,L,D3,56,151.0,35.38971137786104,46.86164289463633,37.98654431621471,41.90683676511752,55.12712526373565,25.026159841868274,36.37540763911245
1604,Prov. Lampung,Kab. Tulang Bawang Barat,P,D3,29,83.0,19.45262281034746,28.052446097929586,22.692141610706425,24.936266193995284,30.913961091217242,21.772382993250925,22.32605116599287
1605,Prov. Lampung,Kab. Way Kanan,L,S1,167,919.0,215.3850646109556,113.00136005353552,84.04441026000673,78.44196842524423,79.70515977441245,112.74319383230817,126.47818309934188
1606,Prov. Lampung,Kab. Way Kanan,P,S1,289,1575.0,369.13109549755717,248.34242134487334,194.04256023570085,192.50991093067478,168.88562185336784,171.64546972946556,220.41917756272798
1607,Prov. Lampung,Kota Bandar Lampung,L,D3,540,2251.0,527.564505374604,572.9567807436692,538.9114693010839,534.016069807761,536.5870110434422,445.2025255307333,485.2311096113396
1608,Prov. Lampung,Kota Bandar Lampung,L,D4,308,2710.0,635.1398532053206,504.6466810315605,497.04808918721517,545.3541132607071,450.53467217728166,561.4555950828811,502.3295827563378
1609,Prov. Lampung,Kota Bandar Lampung,L,Profesi,3000,934.0,218.90059885378946,900.4810245294425,733.1053949793563,655.4355653879628,1153.9344364502897,930.8732994422825,946.180901546793
1610,Prov. Lampung,Kota Bandar Lampung,L,S1,5517,41846.0,9807.40306170843,5973.080290067456,5460.810268566519,5226.197861943946,6187.386902874488,7230.25220678314,5748.116948278895
1611,Prov. Lampung,Kota Bandar Lampung,L,S2,795,3010.0,705.4505380619981,844.7090223288878,795.5255179746667,742.6838928096448,918.4151447525699,792.6578716512106,891.2412404034329
1612,Prov. Lampung,Kota Bandar Lampung,L,S2 Terapan,4,28.0,6.562330586623239,11.553439273979148,10.063508776944293,8.724561843134985,12.87290751080379,7.292634945986385,8.799236331232827
1613,Prov. Lampung,Kota Bandar Lampung,L,S3,63,483.0,113.20020261925087,59.13471924483461,55.97728584684176,65.90862301564181,78.5181361152003,82.9608010901283,83.1437759379476
1614,Prov. Lampung,Kota Bandar Lampung,L,Sp-1,6,24.0,5.624854788534205,4.746344895448406,5.524023136463959,8.027610799555047,10.414622741805918,7.253868500791985,6.18360353472502
1615,Prov. Lampung,Kota Bandar Lampung,P,D2,18,27.0,6.32796163710098,13.444870007204171,11.400359534931829,11.118334803025514,17.00092175439081,8.281267102613056,10.093019006542667
1616,Prov. Lampung,Kota Bandar Lampung,P,D3,1790,5100.0,1195.2816425635185,1603.294740204546,1565.630142099389,1624.507322855117,1624.8510481064889,1256.133333892847,1359.802390750925
1617,Prov. Lampung,Kota Bandar Lampung,P,D4,814,3983.0,933.4915259471558,844.3440442664935,840.5682216117416,930.7217845812437,861.3408856250692,961.1193337300435,870.3826262357021
1618,Prov. Lampung,Kota Bandar Lampung,P,Profesi,7039,1759.0,412.2549822096528,2031.2266769792755,1700.3726364289155,1572.671086515279,2196.4104082282515,1908.439697218907,2689.0474958258137
1619,Prov. Lampung,Kota Bandar Lampung,P,S1,10351,57688.0,13520.27596004005,10036.787400414847,9486.786158674213,9456.31352467003,9870.708339904824,9290.885284991982,9968.418881957095
1620,Prov. Lampung,Kota Bandar Lampung,P,S2,825,2662.0,623.8901436282522,892.0939411021081,863.0607916579295,832.53657065269,918.0888239185178,820.1327358126716,855.2998808008515
1621,Prov. Lampung,Kota Bandar Lampung,P,S2 Terapan,11,33.0,7.734175334234532,16.178908883920794,14.453904152764373,12.921844612520726,16.03753268330476,7.666607011147754,9.62514423451689
1622,Prov. Lampung,Kota Bandar Lampung,P,S3,34,296.0,69.37320905858853,44.71588830486752,43.93269519815534,54.148008177382735,51.537706298190955,45.79421535109937,53.20093932620409
1623,Prov. Lampung,Kota Bandar Lampung,P,Sp-1,1,13.0,3.046796343789361,2.7999062185644443,3.2518623401008258,4.707212659332428,5.76020876445481,4.945861752551093,3.562627303512701
1624,Prov. Lampung,Kota Metro,L,D3,46,134.0,31.405439235982644,32.69993978819998,28.03627426067415,27.400889744619473,26.377835537117925,36.67315206418298,37.96458729861078
1625,Prov. Lampung,Kota Metro,L,Profesi,188,186.0,43.59262461114009,264.2811602083739,224.6440096266956,235.44427113981155,120.46297793358987,189.3217030223332,214.35111587167958
1626,Prov. Lampung,Kota Metro,L,S1,679,8090.0,1896.0448016350715,1146.7247880867558,966.2732134425925,924.9176598320931,1001.3556916513011,926.8136132995871,876.4049785787444
1627,Prov. Lampung,Kota Metro,L,S2,113,553.0,129.60602908580896,195.05729660841197,182.42762015648086,187.40395338762278,153.63846587456513,162.59660647595817,156.79414325528705
1628,Prov. Lampung,Kota Metro,P,D3,203,521.0,122.1062227010967,165.73904677587802,150.06070356192507,156.916402302014,120.01161235254808,150.28357823006704,146.8227746965569
1629,Prov. Lampung,Kota Metro,P,Profesi,584,577.0,135.23088387434316,892.8554520939898,757.3598255922507,790.6720673188374,366.56237968175964,741.5115893863148,878.7166832941647
1630,Prov. Lampung,Kota Metro,P,S1,1016,9720.0,2278.066189356353,1722.96889235615,1513.2800576678162,1524.568464165116,1598.6164342236136,1362.7771926432495,1488.1578981309026
1631,Prov. Lampung,Kota Metro,P,S2,133,427.0,100.0755414460044,171.38116005095551,162.1727402075224,168.86557945354107,124.46929471535928,120.48681465984897,137.42902480207758
1632,Prov. Maluku,Kab. Buru,L,S1,139,772.0,180.9328290311836,98.94555551915083,79.30599974712017,72.48773077469866,123.4429845468812,114.11758728450972,135.45466654385262
1633,Prov. Maluku,Kab. Buru,P,S1,291,1291.0,302.5703138332358,209.9286060661556,176.17463463335113,170.44124972310158,270.4714691798714,214.66641179663995,180.95298355545646
1634,Prov. Maluku,Kab. Maluku Tengah,L,S1,131,909.0,213.04137511573302,162.67468914906163,140.06006869733818,152.77828589033138,93.01239489372121,119.31669155289255,116.54077543916203
1635,Prov. Maluku,Kab. Maluku Tengah,P,S1,323,1950.0,457.0194515684041,381.623493383386,328.3114087337171,357.31141317811506,241.79367652924304,342.144627302242,348.00933059040216
1636,Prov. Maluku,Kab. Maluku Tenggara,L,D3,43,287.0,67.2638885128882,53.625269051720124,46.327248805699725,40.66547637457656,40.93549218338379,35.99005768545392,40.110883425531526
1637,Prov. Maluku,Kab. Maluku Tenggara,L,D4,52,754.0,176.71418793978293,108.89179501382422,99.94725424795723,98.19868224932661,100.66927353284107,125.19890080753301,137.2274494115319
1638,Prov. Maluku,Kab. Maluku Tenggara,L,S1,31,286.0,67.02951956336594,27.513021216979823,22.487894764883077,18.421026613466772,16.58789984075902,32.42283526216808,35.74911582063049
1639,Prov. Maluku,Kab. Maluku Tenggara,P,D3,75,348.0,81.56039443374597,85.69906739821506,78.45331036896049,74.003507833209,78.72317533793793,86.50124483932083,92.48749744818794
1640,Prov. Maluku,Kab. Maluku Tenggara,P,D4,93,815.0,191.0106938606407,141.2267455837352,133.36106718299123,135.64398579407546,141.92596269643067,138.63401313026804,140.26647313369642
1641,Prov. Maluku,Kab. Maluku Tenggara,P,S1,46,353.0,82.73223918135726,39.065330725519615,32.41769522236412,27.033971656734348,20.649102361099075,35.00722493128171,34.488709766008455
1642,Prov. Maluku,Kab. Maluku Tenggara Barat,L,D3,4,25.0,5.859223738056463,3.5559272051095605,2.466221166783476,1.986357815220201,3.6724499704818347,3.855889069923696,3.081877279312313
1643,Prov. Maluku,Kab. Maluku Tenggara Barat,L,S1,15,680.0,159.3708856751358,63.924389478780974,45.37559561441054,37.66657727467473,42.68959596282917,51.68659180450696,52.34048819335891
1644,Prov. Maluku,Kab. Maluku Tenggara Barat,P,D3,7,75.0,17.57767121416939,10.772207665105375,7.280265541127154,5.66788472806945,11.371775095109333,9.206162045582593,10.762804155048126
1645,Prov. Maluku,Kab. Maluku Tenggara Barat,P,S1,29,1085.0,254.29031023165052,118.01226690512306,85.20170125895103,72.16673672417625,93.8224286791721,95.19866059054311,100.60259255068603
1646,Prov. Maluku,Kab. Seram Bagian Timur,L,S1,79,506.0,118.59068845826282,73.36326528871862,57.71969890717399,58.28735313747481,74.27398429946317,56.88254552850955,58.0451158043587
1647,Prov. Maluku,Kab. Seram Bagian Timur,P,S1,135,870.0,203.90098608436492,154.2969736371534,125.65353652553637,132.37076143616744,120.7378680603665,132.15158665109792,146.54844453373545
1648,Prov. Maluku,Kota Ambon,L,D3,277,1301.0,304.91400332845836,330.50106782053064,301.9253890044425,299.7508207498869,302.98987913817115,328.7409748068635,333.8146447250024
1649,Prov. Maluku,Kota Ambon,L,D4,152,1238.0,290.14875950855605,221.85647040474043,209.22804534548342,224.20532096657476,213.5179762436211,282.02487942797814,236.82439454286325
1650,Prov. Maluku,Kota Ambon,L,Profesi,2736,2943.0,689.7478184440068,1457.8654000134788,935.8127480013814,644.8637027037048,3221.7775197742476,1705.073929107746,1783.4389013927407
1651,Prov. Maluku,Kota Ambon,L,S1,2001,18365.0,4304.185757976278,2666.146282330465,2381.772754576609,2301.943512194279,2880.632674580925,2504.1177026268806,2369.038298491658
1652,Prov. Maluku,Kota Ambon,L,S2,144,634.0,148.58991399711192,199.51116242163857,189.3911754598792,185.87225868961764,207.98671898651824,159.8203471189507,163.69681424976426
1653,Prov. Maluku,Kota Ambon,L,S3,17,118.0,27.65553604362651,18.085974981896655,17.86521745110092,23.10275039246107,19.30709508189925,16.713802052464146,13.726151087323457
1654,Prov. Maluku,Kota Ambon,P,D3,888,4066.0,952.9441487575032,1021.0507006657507,902.8748788779133,859.1313715503442,1081.7269830880118,872.6175232168255,991.9156198396338
1655,Prov. Maluku,Kota Ambon,P,D4,173,1323.0,310.07012021794804,258.6458576187534,243.54507737686941,260.1365396914228,267.4730156500568,300.90553829571775,282.96481079732075
1656,Prov. Maluku,Kota Ambon,P,Profesi,6624,6779.0,1588.7871088113907,3742.0943876250803,2414.439426279124,1672.4801476075554,7514.006247807705,4350.7344661280595,4591.901059228186
1657,Prov. Maluku,Kota Ambon,P,S1,3568,30613.0,7174.7366517249,5239.806340526739,4789.606219213349,4760.11487627715,4998.526205769167,4046.606104496631,4669.308641322442
1658,Prov. Maluku,Kota Ambon,P,S2,187,588.0,137.80894231908803,213.34240220495883,205.75832519948457,205.76126577359545,218.1250738132978,172.8999307629959,194.37298187130688
1659,Prov. Maluku,Kota Ambon,P,S3,12,77.0,18.046409113213908,13.774480703135874,13.877080160733282,18.374419471803876,14.136644805057587,11.569122500791124,10.658251068849905
1660,Prov. Maluku,Kota. Tual,L,S1,64,1145.0,268.352447202986,150.5277823698743,118.9896900427841,115.73483317278514,154.65037004179044,95.30854848975953,111.79927382273603
1661,Prov. Maluku,Kota. Tual,P,S1,156,1752.0,410.61439956299694,280.875266367382,229.59149616812525,232.6719438154012,347.60776885203654,204.32316074427922,234.96241331797953
1662,Prov. Maluku Utara,Kab. Halmahera Selatan,L,S1,23,252.0,59.06097527960915,26.79084026004437,18.677265233542492,16.53835786002809,28.211695272089017,24.719507126668756,31.661202695288967
1663,Prov. Maluku Utara,Kab. Halmahera Selatan,P,S1,31,370.0,86.71651132323566,54.13820085623617,40.54316190407904,39.248911561520266,47.093260737632804,42.04573141383848,31.195432660567278
1664,Prov. Maluku Utara,Kab. Kepulauan Morotai,L,S1,72,1027.0,240.6969111593595,194.614642994108,167.31331669291646,181.2885857154533,196.45789505658544,163.65626584033672,151.5452347428202
1665,Prov. Maluku Utara,Kab. Kepulauan Morotai,P,S1,120,1032.0,241.86875590697082,211.82834975035783,181.42248810651017,195.38726998533474,228.46378783125022,183.34806706357205,185.54951911337147
1666,Prov. Maluku Utara,Kab. Kepulauan Sula,L,S1,13,115.0,26.952429195059732,16.272135603067237,12.011315962553248,11.782359860271429,16.794950591655738,15.954521645792338,13.67812971745711
1667,Prov. Maluku Utara,Kab. Kepulauan Sula,P,S1,75,225.0,52.73301364250817,38.280906217146175,29.090646501334618,29.566274512118206,43.01534805531157,40.37052979963053,42.79490765444953
1668,Prov. Maluku Utara,Kab. halmahera Utara,L,D3,6,46.0,10.780971678023892,9.416528886752573,8.017666906869211,7.468862782854564,9.445064560607996,11.69216483929001,11.486412423853741
1669,Prov. Maluku Utara,Kab. halmahera Utara,L,D4,13,47.0,11.01534062754615,5.398113180581599,4.414934710429743,4.05273874434422,9.038182934706382,8.41581743452368,6.731071152387244
1670,Prov. Maluku Utara,Kab. halmahera Utara,L,Profesi,2,16.0,3.7499031923561366,10.067315936680806,6.95041532642258,5.385537403594274,14.560841023850939,4.806264264517597,5.163071189151067
1671,Prov. Maluku Utara,Kab. halmahera Utara,L,S1,109,1085.0,254.29031023165052,127.36822324183385,106.20094388188951,96.57137344794805,154.30350934704524,129.35669786463217,122.00074498445053
1672,Prov. Maluku Utara,Kab. halmahera Utara,L,S2,9,31.0,7.265437435190014,8.347014046096266,7.5258137167272645,7.0976612280651095,8.15213038726738,7.832820861677542,8.8363244195959
1673,Prov. Maluku Utara,Kab. halmahera Utara,P,D3,47,253.0,59.29534422913141,54.41744074919328,45.7181407465421,41.822015583899166,56.00498323112146,45.03245221855531,41.20744448801811
1674,Prov. Maluku Utara,Kab. halmahera Utara,P,D4,13,48.0,11.24970957706841,7.333176919523581,6.373832747473771,6.310538378086009,6.5277513126430575,9.819215903535968,7.041621711307978
1675,Prov. Maluku Utara,Kab. halmahera Utara,P,Profesi,21,52.0,12.187185375157444,40.3913729340865,28.94746873798925,23.484393206851134,44.23974850771093,39.57697817286048,42.3735301056767
1676,Prov. Maluku Utara,Kab. halmahera Utara,P,S1,317,2453.0,574.9070331781002,357.11243161312655,309.62766992190603,295.64049809461665,312.1151743293657,290.34512673714386,347.34755155477063
1677,Prov. Maluku Utara,Kab. halmahera Utara,P,S2,7,33.0,7.734175334234532,9.871838288138619,8.937971940090655,8.463433436608716,10.546347874654783,6.7321694071287705,6.591742450331339
1678,Prov. Maluku Utara,Kota Ternate,L,D3,80,831.0,194.76059705299684,119.53055838501386,99.21561154934244,80.74505860956305,104.9127726664922,78.16655897605808,75.19331247868806
1679,Prov. Maluku Utara,Kota Ternate,L,Profesi,924,82.0,19.2182538608252,102.44210310603962,95.60743213019138,97.8237303313975,90.50179279881431,108.26750534951105,94.01601487103537
1680,Prov. Maluku Utara,Kota Ternate,L,S1,1337,12823.0,3005.313039723921,1430.1972913521363,1278.5582532059411,1145.9953760785677,1085.0718965629662,2002.8472229312692,1543.5368759520252
1681,Prov. Maluku Utara,Kota Ternate,L,S2,151,627.0,146.9493313504561,173.84402114342362,172.3297505962442,165.2943384636979,225.1565490264943,167.01359433253901,159.6689133734723
1682,Prov. Maluku Utara,Kota Ternate,L,S3,3,13.0,3.046796343789361,1.958154319710712,2.090487514872436,2.7593555075858682,2.3059452578748725,2.4806652579395543,1.7196052521846874
1683,Prov. Maluku Utara,Kota Ternate,P,D3,447,2576.0,603.734413969338,635.4744872740238,607.2377311909746,589.6948397624938,827.6289958334454,463.2137718338814,688.8204450911287
1684,Prov. Maluku Utara,Kota Ternate,P,Profesi,3871,172.0,40.311459317828465,246.0124271853514,232.7531423564112,241.98218668786564,217.96365949863068,165.70947626707803,114.34404857556103
1685,Prov. Maluku Utara,Kota Ternate,P,S1,2416,17463.0,4092.784965507201,2560.106704708364,2423.068299760154,2331.058355420369,2681.350124732772,2513.2858570912654,2735.1672916546745
1686,Prov. Maluku Utara,Kota Ternate,P,S2,105,335.0,78.5135980899566,115.22573765731877,118.75239641175114,119.49067438036542,141.0324461672595,99.99126096622719,109.84570103661783
1687,Prov. Maluku Utara,Kota Tidore Kepulauan,L,D3,6,18.0,4.218641091400654,5.504862942306308,5.383536178158238,5.797977534080373,5.344103833467941,6.203365740708882,5.7465831595798855
1688,Prov. Maluku Utara,Kota Tidore Kepulauan,L,S1,90,934.0,218.90059885378946,98.12752914647761,79.93867721847636,68.40107303479476,82.06326027697804,95.51178409870954,103.49615903155467
1689,Prov. Maluku Utara,Kota Tidore Kepulauan,P,D3,6,12.0,2.8124273942671025,3.9967532131713064,3.900505816553087,4.184375677844407,3.700852474789196,4.834489235529921,5.72612514031313
1690,Prov. Maluku Utara,Kota Tidore Kepulauan,P,S1,157,1154.0,270.4617677486863,161.85086443226285,140.28064884931257,129.64772768375659,119.02246928105524,110.49213623722719,133.1823411028899
1691,Prov. Nusa Tenggara Barat,Kab. Bima,L,Profesi,40,53.0,12.421554324679702,60.97527319624508,52.05063854836456,51.42494367092662,52.43466267991128,40.21936236939194,43.68008025325603
1692,Prov. Nusa Tenggara Barat,Kab. Bima,L,S1,487,3508.0,822.1662749240829,512.7411247276824,468.1546962108582,464.89403041243935,510.8817383793891,559.273661523683,537.5248599031692
1693,Prov. Nusa Tenggara Barat,Kab. Bima,P,D3,125,244.0,57.18602368343108,71.49900766492172,67.70315259439433,70.2480580974665,71.72345461120206,56.25649634829908,56.26357352920702
1694,Prov. Nusa Tenggara Barat,Kab. Bima,P,Profesi,133,155.0,36.32718717595007,217.35231615722589,191.8310975037327,197.4309888197085,254.9365069736745,104.6557043389473,113.10154286182117
1695,Prov. Nusa Tenggara Barat,Kab. Bima,P,S1,715,4114.0,964.1938583345716,677.3864154701246,623.7976723049866,625.4035047930323,706.9857110491446,777.9839928059182,820.2018037899509
1696,Prov. Nusa Tenggara Barat,Kab. Dompu,L,S1,414,2164.0,507.17440676616746,341.44132278636624,319.21882169139263,320.2327063208847,356.9757657677089,269.96122979010374,216.5160301373457
1697,Prov. Nusa Tenggara Barat,Kab. Dompu,P,S1,541,2674.0,626.7025710225194,475.7430151867362,448.7344409581613,454.64507687583904,495.26391879053403,332.4780538451511,283.96837269712273
1698,Prov. Nusa Tenggara Barat,Kab. Lombok Barat,L,S1,145,1512.0,354.3658516776549,277.13628837052846,253.8339211564256,281.0380063494051,273.50924979838265,253.00010825216705,192.49133861127322
1699,Prov. Nusa Tenggara Barat,Kab. Lombok Barat,P,S1,167,1282.0,300.4609932875354,255.75950893797614,233.7232256807185,257.7025559829959,271.74739449755157,221.73310208134762,232.17642324332354
1700,Prov. Nusa Tenggara Barat,Kab. Lombok Tengah,L,D3,152,559.0,131.0122427829425,159.7551661994557,157.3750259555907,164.12235088416995,147.2965191418697,140.46701143487846,135.04315406078996
1701,Prov. Nusa Tenggara Barat,Kab. Lombok Tengah,L,D4,37,169.0,39.60835246926169,31.439900675225985,31.227356397794832,34.27286034016069,26.534800518928243,32.95135112400424,34.04461713380122
1702,Prov. Nusa Tenggara Barat,Kab. Lombok Tengah,L,Profesi,37,27.0,6.32796163710098,38.03360768649256,35.24800743436671,36.8929102445288,35.741386470637906,19.63877530425519,20.4514249798237
1703,Prov. Nusa Tenggara Barat,Kab. Lombok Tengah,L,S1,936,3061.0,717.4033544876334,562.1397584022795,561.7721320476148,597.0984909684092,486.5010445103317,550.8212015828159,444.3057444792018
1704,Prov. Nusa Tenggara Barat,Kab. Lombok Tengah,L,S2,36,111.0,26.014953396970697,42.65433812785574,44.80413245280101,47.72076897128398,37.391722870864676,35.915696747857034,45.439088801764996
1705,Prov. Nusa Tenggara Barat,Kab. Lombok Tengah,P,D3,154,539.0,126.32486379249735,177.35927304132602,177.4327205099426,188.44231593293588,177.33687716322464,143.07152643277374,138.10649732813852
1706,Prov. Nusa Tenggara Barat,Kab. Lombok Tengah,P,D4,39,192.0,44.99883830827364,40.65238435909798,40.85060314060724,45.425645957598626,38.15996737878689,38.94697716920099,50.50944474818516
1707,Prov. Nusa Tenggara Barat,Kab. Lombok Tengah,P,Profesi,199,197.0,46.17068305588493,302.2192098206754,279.49985467583394,291.4008251126787,270.73417479850286,386.0326438867089,251.39372692589868
1708,Prov. Nusa Tenggara Barat,Kab. Lombok Tengah,P,S1,1029,3769.0,883.3365707493924,767.7617129231302,770.0911951058271,821.2913042707831,784.8349707586103,868.8476160264727,766.2543565088142
1709,Prov. Nusa Tenggara Barat,Kab. Lombok Tengah,P,S2,25,52.0,12.187185375157444,21.761842032573895,22.810929921792578,24.200993665610227,19.668548967778857,16.205809743243158,13.072858333695303
1710,Prov. Nusa Tenggara Barat,Kab. Lombok Timur,L,Profesi,3259,2744.0,643.1083974890774,3071.0084376982677,2725.8729588700794,2741.7847662538693,2414.8076646166514,3461.253352820345,2956.2509361621883
1711,Prov. Nusa Tenggara Barat,Kab. Lombok Timur,L,S1,1825,11046.0,2588.839416422868,1556.6925656926853,1474.8843722445208,1490.223264017622,1683.1326695527544,1680.5827956912751,1637.35684610828
1712,Prov. Nusa Tenggara Barat,Kab. Lombok Timur,L,S2,42,189.0,44.295731459706865,42.94554870056026,39.369598245710314,35.830779186263946,36.47453292852325,39.932833217723854,45.01813221818967
1713,Prov. Nusa Tenggara Barat,Kab. Lombok Timur,P,D3,33,29.0,6.796699536145497,8.994749877953915,9.094691919955443,9.93512167745101,9.88062539769168,7.53244168222739,7.876821806375017
1714,Prov. Nusa Tenggara Barat,Kab. Lombok Timur,P,Profesi,6362,5731.0,1343.1684497120636,6855.520696874852,6036.652020244706,6003.272013265398,4905.698011857485,4133.214326235646,4445.923393919615
1715,Prov. Nusa Tenggara Barat,Kab. Lombok Timur,P,S1,2118,12533.0,2937.3460443624663,2152.0885884181957,2107.659890854694,2217.0936043685224,2449.1821120910995,2633.11480783949,2514.2797370429416
1716,Prov. Nusa Tenggara Barat,Kab. Lombok Timur,P,S2,47,119.0,27.889904993148765,33.56626794419089,31.998430365325444,30.558504625547783,38.351957523455525,30.938582916722297,30.89449499132317
1717,Prov. Nusa Tenggara Barat,Kab. Lombok Utara,L,S1,144,386.0,90.4664145155918,63.07250135082231,53.69682661289901,56.221767313548774,71.96094870634201,33.36122934874078,34.605583290292905
1718,Prov. Nusa Tenggara Barat,Kab. Lombok Utara,P,S1,248,802.0,187.96389751685135,148.85984341658394,128.1554867458809,135.91608508398681,181.95842992509125,113.08423433771769,147.43874304032826
1719,Prov. Nusa Tenggara Barat,Kab. Sumbawa,L,D1,765,803.0,188.1982664663736,358.2022554046608,131.2711762002029,109.78052290811638,199.74777895159207,105.40747676971895,92.64450498036837
1720,Prov. Nusa Tenggara Barat,Kab. Sumbawa,L,D2,29,45.0,10.546602728501634,19.409291772298847,16.975432423960584,16.713042685639277,24.059336072086186,12.08061524454916,12.986525017170116
1721,Prov. Nusa Tenggara Barat,Kab. Sumbawa,L,D3,7,20.0,4.687378990445171,4.784974723073232,4.6252388225557945,4.594144213653707,5.674766151511253,3.996963549899501,3.7062559143992946
1722,Prov. Nusa Tenggara Barat,Kab. Sumbawa,L,Profesi,9,9.0,2.109320545700327,12.202429840336253,11.594609815554747,12.217996324399824,12.602205983376038,7.378062327120373,7.221980719495903
1723,Prov. Nusa Tenggara Barat,Kab. Sumbawa,L,S1,719,3583.0,839.7439461382523,526.8814032321656,510.3971061618547,511.2611914272783,569.3427487601402,556.5253971482348,523.1984935087802
1724,Prov. Nusa Tenggara Barat,Kab. Sumbawa,L,S2,83,225.0,52.73301364250817,53.95681539119973,50.70182727905565,45.76295181772954,68.3112319749814,50.910916039246935,48.999101547567555
1725,Prov. Nusa Tenggara Barat,Kab. Sumbawa,P,D1,31,32.0,7.499806384712273,15.185921203656276,5.512809054882117,4.5497110986302545,7.2813288092739405,10.391400161256858,18.04128254197996
1726,Prov. Nusa Tenggara Barat,Kab. Sumbawa,P,D2,1,3.0,0.7031068485667756,1.4091931092441419,1.2299122865895595,1.206173168238339,1.6919468759518177,2.2294476928375166,1.953334109252388
1727,Prov. Nusa Tenggara Barat,Kab. Sumbawa,P,D3,75,114.0,26.718060245537472,30.54208695868665,29.720161397630193,29.732490950492323,35.84687493563272,40.213388936708164,37.48412105147059
1728,Prov. Nusa Tenggara Barat,Kab. Sumbawa,P,Profesi,40,43.0,10.077864829457116,58.66462319740609,54.258654987783764,55.18920120292971,51.62263854219538,27.670066397962408,26.542419192782525
1729,Prov. Nusa Tenggara Barat,Kab. Sumbawa,P,S1,969,4229.0,991.1462875296313,752.5387439355778,752.1456523160509,783.1701877733389,851.0781171602167,733.973725894979,730.0766301102017
1730,Prov. Nusa Tenggara Barat,Kab. Sumbawa,P,S2,32,102.0,23.905632851270372,27.845719337284496,26.477923309410475,24.228556766232376,27.48478423308153,19.750760046182453,20.897879077993974
1731,Prov. Nusa Tenggara Barat,Kab. Sumbawa Barat,L,S1,63,660.0,154.68350668469063,63.71758799660782,42.30949893504505,35.54969484970755,35.066752334789115,53.52975818508234,64.01526788999684
1732,Prov. Nusa Tenggara Barat,Kab. Sumbawa Barat,P,S1,98,698.0,163.58952676653647,88.30544138734292,62.024566274817474,55.88268216273757,70.40347301832807,84.57121186545605,81.16668916222726
1733,Prov. Nusa Tenggara Barat,Kota Bima,L,S1,1079,5522.0,1294.1853392619116,931.0245135100895,905.8600458493071,961.0315748396034,887.7380727598418,786.1913493557824,692.8046260213131
1734,Prov. Nusa Tenggara Barat,Kota Bima,L,S2,26,90.0,21.09320545700327,33.24767221855383,34.49790240383465,37.352904972955564,28.273255641822274,32.03119933894288,38.70698754487399
1735,Prov. Nusa Tenggara Barat,Kota Bima,P,D3,100,534.0,125.15301904488605,142.49527880467485,133.47654943914827,134.6819828438138,159.19250105908029,148.07043645276954,151.11904517767368
1736,Prov. Nusa Tenggara Barat,Kota Bima,P,S1,862,4701.0,1101.7684317041374,891.2632836999506,874.1230457462107,935.572273343847,955.8188622246518,951.1056215142131,945.7614791457556
1737,Prov. Nusa Tenggara Barat,Kota Bima,P,S2,14,24.0,5.624854788534205,9.655662069166727,9.997835217005777,10.782972934748328,7.964918665040761,5.999970031083019,3.0667036398406315
1738,Prov. Nusa Tenggara Barat,Kota Mataram,L,D3,388,2380.0,557.7980998629753,566.4091797977206,544.1234602935936,538.6123280277052,535.7377422315453,574.2808325691298,588.2062135466495
1739,Prov. Nusa Tenggara Barat,Kota Mataram,L,D4,37,396.0,92.81010401081438,78.03715949735019,81.21792638385858,91.70090998315689,85.63194431910378,75.09964521743125,73.22917984564826
1740,Prov. Nusa Tenggara Barat,Kota Mataram,L,Profesi,7419,2611.0,611.937327202617,3536.2227802969933,3336.538361109599,3479.960782713434,2495.583348162624,2241.22671651689,2314.9030554638366
1741,Prov. Nusa Tenggara Barat,Kota Mataram,L,S1,5222,39978.0,9369.601864000851,6060.641346310705,5882.384351889172,5883.303527496788,5927.616325102529,7045.445830063314,5566.0447124175225
1742,Prov. Nusa Tenggara Barat,Kota Mataram,L,S2,515,1664.0,389.9899320050382,527.8005165247788,537.9773350038097,537.372811645733,528.132494881332,590.8049782291148,547.7989135122738
1743,Prov. Nusa Tenggara Barat,Kota Mataram,L,S3,42,226.0,52.96738259203043,34.38420950488447,36.29400787166353,47.47920574944282,35.815902396358446,37.34158789626411,35.61172839437276
1744,Prov. Nusa Tenggara Barat,Kota Mataram,P,D3,715,3741.0,876.7742401627692,1116.5405360991087,1118.0721206013077,1162.3666955610884,1116.0691918694988,1086.4494453028,1109.037361951169
1745,Prov. Nusa Tenggara Barat,Kota Mataram,P,D4,329,1937.0,453.97265522461475,412.6934390518977,427.6375976598042,479.5585512300902,485.8881748783625,493.94981554437265,471.0221357152442
1746,Prov. Nusa Tenggara Barat,Kota Mataram,P,Profesi,16790,4168.0,976.8497816087736,6155.9249719654135,5798.6256197577795,6027.470734375107,4006.695945988335,4766.295674490511,4829.100725722816
1747,Prov. Nusa Tenggara Barat,Kota Mataram,P,S1,8128,46426.0,10880.812850520375,8601.558683656453,8642.602195685948,9029.158066335436,9454.89838594756,8278.390023480706,8679.581264259727
1748,Prov. Nusa Tenggara Barat,Kota Mataram,P,S2,386,1148.0,269.0555540515528,430.5787577255252,449.45634828733347,462.0767232634845,397.94424689240634,372.1620759719393,414.2578820425936
1749,Prov. Nusa Tenggara Barat,Kota Mataram,P,S3,2,56.0,13.124661173246478,10.40598268215264,11.363743810988371,15.498595561511276,8.67052247660786,7.569195890628315,6.455583111740553
1750,Prov. Nusa Tenggara Timur,Kab. Alor,L,S1,180,1104.0,304.4535759846096,179.97639877214624,171.1274220461625,162.25075641182673,193.5542424142528,214.32637511785313,165.3493036733896
1751,Prov. Nusa Tenggara Timur,Kab. Alor,P,S1,271,1721.0,474.60561980934153,325.6606151027897,309.39215485217517,302.66343868551957,335.3822391232746,312.7603030771035,313.4430542458263
1752,Prov. Nusa Tenggara Timur,Kab. Belu,L,S1,2,391.0,107.82730816121588,67.4849065000867,50.24880995763275,52.65320303825518,63.94258231953104,65.7629733528194,82.80508257696694
1753,Prov. Nusa Tenggara Timur,Kab. Belu,P,S1,40,667.0,183.94070215736826,120.21626452009889,92.47693521131852,99.31588219285781,126.47076700198429,84.14189517710129,86.85465563983361
1754,Prov. Nusa Tenggara Timur,Kab. Ende,L,Profesi,395,397.0,109.48194716113224,688.213095494448,599.574878182176,527.2363006113278,851.6065485494898,542.747187500905,486.55977941902097
1755,Prov. Nusa Tenggara Timur,Kab. Ende,L,S1,426,2712.0,747.896827962193,436.46094869840545,482.11702796041317,439.20559608390846,489.2964551136603,413.7292955471855,407.38344052010524
1756,Prov. Nusa Tenggara Timur,Kab. Ende,L,S2,12,19.0,5.239690166401795,7.493470697450194,7.85214353641555,7.167939156289807,8.080569146649491,5.912432980931263,4.373017777217145
1757,Prov. Nusa Tenggara Timur,Kab. Ende,P,Profesi,993,1000.0,275.77316665272605,1886.9360755073712,1676.2409700123815,1514.680780866531,2099.8000945019776,1339.232119812406,1558.1547782087052
1758,Prov. Nusa Tenggara Timur,Kab. Ende,P,S1,830,4289.0,1182.791111773542,826.3277184821288,899.9045943881665,849.0137731138476,934.9863570054174,812.91234729001,862.3663893222064
1759,Prov. Nusa Tenggara Timur,Kab. Ende,P,S2,4,8.0,2.2061853332218084,2.95284711099826,3.3092635662734393,3.0748362080381817,3.1308590319855343,3.9240575350583806,4.039161550900756
1760,Prov. Nusa Tenggara Timur,Kab. Flores Timur,L,S1,63,383.0,105.62112282799409,58.97262195890633,51.39528351636152,50.77679780918275,58.94833608946366,71.57653602994444,62.179923035250724
1761,Prov. Nusa Tenggara Timur,Kab. Flores Timur,P,S1,121,539.0,148.64173682581935,91.62513313890278,81.05940096917851,82.36754562256279,86.1400311302633,65.36056465954815,57.65753277689539
1762,Prov. Nusa Tenggara Timur,Kab. Kupang,L,D3,141,530.0,146.1597783259448,109.48879104226707,82.9567908958274,88.64138916289,127.54400327241106,109.32064234864937,168.99530623714773
1763,Prov. Nusa Tenggara Timur,Kab. Kupang,L,Profesi,31,60.0,16.546389999163562,95.84008155138845,63.112595024331014,62.51612005133448,76.21266892039775,28.062472154189216,24.13325856993718
1764,Prov. Nusa Tenggara Timur,Kab. Kupang,L,S1,84,1211.0,333.9613048164513,161.2076409941958,140.24077521967925,142.44766516950398,113.90933521983133,104.07636418179317,104.73008105885874
1765,Prov. Nusa Tenggara Timur,Kab. Kupang,P,D3,123,772.0,212.8968846559045,193.94917630486592,152.00837027818375,164.03200225425982,223.16318935005626,166.73372058688827,213.66633937206646
1766,Prov. Nusa Tenggara Timur,Kab. Kupang,P,Profesi,66,92.0,25.371131332050798,157.91922527387703,106.46908159450983,108.28559770557143,99.63109593743134,112.44951437913602,69.69911072174207
1767,Prov. Nusa Tenggara Timur,Kab. Kupang,P,S1,183,1881.0,518.7293264737777,297.83816013460654,256.7201306352366,269.55048598914243,244.01213899756445,251.61755266841035,271.479269288851
1768,Prov. Nusa Tenggara Timur,Kab. Malaka,L,S1,12,139.0,38.332470164728925,22.607762290807752,19.02281067876995,18.754431641165812,20.64842397769017,14.792355740644968,13.040824254751229
1769,Prov. Nusa Tenggara Timur,Kab. Malaka,P,S1,27,355.0,97.89947416171775,66.25397457062347,55.815843957721626,56.780031874250476,73.64722355860246,71.90415464999583,64.2524894277063
1770,Prov. Nusa Tenggara Timur,Kab. Manggarai,L,Profesi,506,513.0,141.47163449284847,890.6662726066658,750.4120788033257,660.5318918936104,1757.9924283012801,719.3432653005838,595.750034314446
1771,Prov. Nusa Tenggara Timur,Kab. Manggarai,L,S1,393,2721.0,750.3787864620676,467.7162542859725,491.459193082497,449.13678035311455,536.5195022267922,449.3662349933775,433.1600239397203
1772,Prov. Nusa Tenggara Timur,Kab. Manggarai,P,D3,134,401.0,110.58503982774315,127.57331468691588,125.68507422423346,119.86472656483647,113.87744868564171,94.2404334408109,100.66354430241314
1773,Prov. Nusa Tenggara Timur,Kab. Manggarai,P,Profesi,1556,1564.0,431.3092326448635,2972.6433765128104,2549.1870920161437,2306.615159740812,6610.185403323468,1699.5025119306051,1772.7046921161111
1774,Prov. Nusa Tenggara Timur,Kab. Manggarai,P,S1,889,5007.0,1380.7962454301994,1000.4383702443083,1050.0342029751419,990.1149157102251,1073.527273127752,932.5748282723944,942.3940228928875
1775,Prov. Nusa Tenggara Timur,Kab. Manggarai Barat,L,D3,17,88.0,24.268038665439892,17.001256802978123,12.130757072707425,12.96141784741729,18.084235771870247,15.39680210384989,13.449220857387376
1776,Prov. Nusa Tenggara Timur,Kab. Manggarai Barat,L,D4,33,157.0,43.29638716447799,23.950973272898516,16.892155618782628,19.279161248478623,22.0472119525829,19.854264807191914,19.94179992689007
1777,Prov. Nusa Tenggara Timur,Kab. Manggarai Barat,P,D3,29,94.0,25.92267766535625,21.31927364814271,14.72990259823706,16.474494510755825,27.377246544364578,16.53392350114007,13.83860792758244
1778,Prov. Nusa Tenggara Timur,Kab. Manggarai Barat,P,D4,55,294.0,81.07731099590146,52.94938829874789,37.682470508064284,44.08935727191973,46.676572988518586,42.105259202245385,39.750730669823895
1779,Prov. Nusa Tenggara Timur,Kab. Nagakeo,L,D3,57,181.0,49.914943164143416,43.65361832654055,31.70011920942774,33.36958154753144,51.953715286493185,21.260919282123158,26.929943083411548
1780,Prov. Nusa Tenggara Timur,Kab. Nagakeo,L,S1,19,92.0,25.371131332050798,13.241935603054518,10.442086548492027,10.81711466174979,15.401098628666475,14.438414458150184,14.864335151625237
1781,Prov. Nusa Tenggara Timur,Kab. Nagakeo,P,D3,69,185.0,51.01803583075432,53.46311473508239,38.403787478287775,41.79440575608321,51.4393748522636,36.66576071478813,38.144176190800906
1782,Prov. Nusa Tenggara Timur,Kab. Nagakeo,P,S1,17,83.0,22.889172832176264,14.520497485716351,11.275557102840722,12.086690766523674,16.080752364453435,17.650446729845132,16.85940516373789
1783,Prov. Nusa Tenggara Timur,Kab. Ngada,L,S1,53,834.0,229.99482098837353,149.87957572805132,149.76855761089882,138.3707673636939,150.70482395613195,153.24643880475114,140.47392554457502
1784,Prov. Nusa Tenggara Timur,Kab. Ngada,P,S1,189,1586.0,437.3762423112235,299.31249394042044,304.38376058142137,290.2206401468933,302.40060159829676,333.7326664388305,296.33622152919565
1785,Prov. Nusa Tenggara Timur,Kab. Rote-Ndao,L,S1,46,1256.0,346.37109731582393,90.08121582318094,86.95758278941798,85.73046729317043,109.94208000911583,97.62736604287227,96.52507946576732
1786,Prov. Nusa Tenggara Timur,Kab. Rote-Ndao,P,S1,68,949.0,261.70873515343703,84.15175931637594,79.56374180080606,81.25606302610808,93.48911967750868,84.81808520280845,101.42050751634702
1787,Prov. Nusa Tenggara Timur,Kab. Sikka,L,D3,36,251.0,69.21906482983424,67.66102003183497,56.23768889761527,56.993953259363074,66.26130606103975,61.22092492341131,64.87227174579012
1788,Prov. Nusa Tenggara Timur,Kab. Sikka,L,Profesi,3,6.0,1.6546389999163562,5.483505316441674,4.744798471281508,4.402142874613441,4.195449636655889,2.550998055979281,2.6602542509816534
1789,Prov. Nusa Tenggara Timur,Kab. Sikka,L,S1,559,4210.0,1161.0050316079767,654.8800328206768,596.416812684187,594.0387761060744,624.7869390122847,565.8702290089475,505.67088402936156
1790,Prov. Nusa Tenggara Timur,Kab. Sikka,L,S2,60,174.0,47.98453099757433,58.53298109712693,52.3276059145038,51.95194354736824,63.07530722114472,49.74023307154378,61.1901433494152
1791,Prov. Nusa Tenggara Timur,Kab. Sikka,P,D3,83,806.0,222.2731723220972,238.95142824266497,201.85538862329219,210.35234865919392,227.64800534165866,223.7333283487999,242.54686722326997
1792,Prov. Nusa Tenggara Timur,Kab. Sikka,P,Profesi,35,40.0,11.030926666109043,68.34641905277161,50.829178447661526,50.14194859144454,42.302448184411915,17.341252755868595,15.144866590053804
1793,Prov. Nusa Tenggara Timur,Kab. Sikka,P,S1,785,4924.0,1357.907072598023,895.8792071441915,812.8905501043541,835.9639164937216,863.4513762932515,753.3252465727222,783.3958111447168
1794,Prov. Nusa Tenggara Timur,Kab. Sumba Barat Daya,L,S1,84,2145.0,591.5334424700974,299.6448996935786,252.4619762673813,257.19192344884,311.6900185512993,229.85685381903886,238.38745214923284
1795,Prov. Nusa Tenggara Timur,Kab. Sumba Barat Daya,P,D3,1,208.0,57.36081866376702,65.49589249645871,48.46303862736297,52.247058622456585,51.15078739925835,39.4532119846689,28.777269302734613
1796,Prov. Nusa Tenggara Timur,Kab. Sumba Barat Daya,P,S1,209,2628.0,724.7318819633641,427.03737569637167,359.2554447255604,377.6647716616932,402.31764108763963,296.32504871814484,359.61629127493694
1797,Prov. Nusa Tenggara Timur,Kab. Sumba Timur,L,S1,325,2019.0,556.7860234718539,342.22897939946506,320.37395314821583,307.9454626251127,297.5798281312018,309.7050665926597,297.3900921713477
1798,Prov. Nusa Tenggara Timur,Kab. Sumba Timur,P,S1,565,2668.0,735.762808629473,514.5055094046178,484.3200128591772,479.7097161116534,473.81916133331237,455.73402559734905,472.1912226030861
1799,Prov. Nusa Tenggara Timur,Kab. Timor Tengah Selatan,L,S1,28,336.0,92.65978399531595,53.18165074570231,48.438877966306826,46.3694082486645,56.5414835189944,48.98987438212758,52.328151385560425
1800,Prov. Nusa Tenggara Timur,Kab. Timor Tengah Selatan,P,S1,104,969.0,267.22419848649156,164.13512562591683,151.63218261728133,149.785880286431,187.34401197772803,182.46798808194768,167.54322675370278
1801,Prov. Nusa Tenggara Timur,Kab. Timor Tengah Utara,L,D3,3,36.0,9.927833999498137,9.161669197666308,9.071368671483807,8.525748105776893,8.769315667435738,9.619344749270082,9.670800827456837
1802,Prov. Nusa Tenggara Timur,Kab. Timor Tengah Utara,L,S1,427,3724.0,1026.9792726147518,617.5798213498837,644.3273600014471,599.9430842895839,612.99090595014,581.3760606508038,550.8041420622918
1803,Prov. Nusa Tenggara Timur,Kab. Timor Tengah Utara,P,D3,48,369.0,101.76029849485592,117.43664639517905,113.47909656425911,110.56070892959814,137.87056503324501,91.061547531561,101.24011156560059
1804,Prov. Nusa Tenggara Timur,Kab. Timor Tengah Utara,P,S1,1084,7367.0,2031.6209187306329,1439.6857602997218,1495.3987894444765,1437.1676235348502,1673.6083668768963,1233.725230775517,1317.4494820669113
1805,Prov. Nusa Tenggara Timur,Kota Kupang,L,D3,812,4673.0,1288.6880077681888,1196.9297881974223,1149.989749722967,1147.20384231834,997.2859846785622,839.0401633917561,896.0559607410003
1806,Prov. Nusa Tenggara Timur,Kota Kupang,L,D4,624,4272.0,1178.1029679404458,776.8953613825174,760.3446122989976,806.1806538914119,697.082270787403,738.3842504066919,604.057345194816
1807,Prov. Nusa Tenggara Timur,Kota Kupang,L,Profesi,3611,3883.0,1070.8272061125354,5031.50876374738,4512.735791302138,4190.4982904495055,3499.705415777006,4257.409070498895,4340.696549471203
1808,Prov. Nusa Tenggara Timur,Kota Kupang,L,S1,4101,36070.0,9947.138121163829,4820.229986006742,5299.042958989205,5133.232218634058,4019.510457539468,4741.153709781778,4238.922488989688
1809,Prov. Nusa Tenggara Timur,Kota Kupang,L,S2,125,628.0,173.18554865791197,134.30497952763508,160.34614413984954,151.47307744399436,133.58222970525057,116.8678476297335,149.91334909578424
1810,Prov. Nusa Tenggara Timur,Kota Kupang,L,S2 Terapan,6,9.0,2.4819584998745343,3.1748594041167775,3.622906825339325,2.7550914143796246,3.2028234891657283,2.8468106695862034,2.6293792657513055
1811,Prov. Nusa Tenggara Timur,Kota Kupang,L,S3,5,111.0,30.61082149845259,11.228559837844232,13.865790588504199,16.871812409527795,13.291367611921638,20.73233492546333,18.130923532472426
1812,Prov. Nusa Tenggara Timur,Kota Kupang,P,D3,1364,6158.0,1698.211160247487,1569.9838025776528,1594.132067057967,1618.9316299934585,1584.1755368879071,1423.4349385199596,1532.4180741544196
1813,Prov. Nusa Tenggara Timur,Kota Kupang,P,D4,791,4866.0,1341.912228932165,954.8965289746748,948.2551312858133,1036.5127839726815,1039.9082204533315,977.5641543722417,943.339670045284
1814,Prov. Nusa Tenggara Timur,Kota Kupang,P,Profesi,7703,8061.0,2223.0074963876245,11053.23457337282,10199.095737054951,9714.873813981347,7462.924668089811,7540.376378828932,8380.422166341632
1815,Prov. Nusa Tenggara Timur,Kota Kupang,P,S1,7084,48514.0,13378.859406990352,7741.635999888445,8407.139210557996,8428.059319158621,7799.780346007611,8080.856644640198,8018.7278546093385
1816,Prov. Nusa Tenggara Timur,Kota Kupang,P,S2,128,566.0,156.08761232544293,147.68746694172742,173.42347159500898,169.56431398552985,143.9782729700082,134.3077137301674,189.3073743272449
1817,Prov. Nusa Tenggara Timur,Kota Kupang,P,S2 Terapan,5,6.0,1.6546389999163562,2.6318412322859004,2.9362260597125887,2.3138608901587325,2.4789912966532697,2.5781616036307025,2.7069404368245613
1818,Prov. Nusa Tenggara Timur,Kota Kupang,P,S3,4,29.0,7.997421832929056,4.247785595577795,4.8874825894869485,6.222188270364397,4.645258256466585,6.55598235166141,6.1595800530876055
1819,Prov. Papua,Kab. Biak Numfor,L,D3,22,280.0,62.99329315098964,53.072001538239974,44.763546128147404,39.9110536707223,62.67004001005992,42.90097209113983,47.039890327766614
1820,Prov. Papua,Kab. Biak Numfor,L,S1,145,1191.0,267.94647193867377,147.55221529542183,129.00294480055175,118.74278317640096,159.8354932492565,136.61540989134716,134.26903765610004
1821,Prov. Papua,Kab. Biak Numfor,L,S2,18,72.0,16.19827538168305,17.06178538542443,15.675014240978491,13.835963132176609,17.235238484519535,17.005068770568847,18.987420114780445
1822,Prov. Papua,Kab. Biak Numfor,P,D3,21,242.0,54.44420336621248,50.181816329899085,41.44868607536625,36.63395942447916,68.58203742876181,40.63421536684644,42.84714139168984
1823,Prov. Papua,Kab. Biak Numfor,P,S1,209,1402.0,315.41641784888384,221.44859849975413,198.62662215609524,191.78063661370882,241.9706710734816,211.17172360529688,230.48198228962474
1824,Prov. Papua,Kab. Biak Numfor,P,S2,4,21.0,4.7244969863242225,7.098068432196583,6.922293620217457,6.680617909491426,7.734646240918612,5.294296732042002,6.177713208004035
1825,Prov. Papua,Kab. Jayapura,L,S1,243,3938.0,885.9556729592757,425.9404059918174,373.65441989866537,330.3087727233772,453.28490520353085,621.9249386772672,565.4256525551276
1826,Prov. Papua,Kab. Jayapura,L,S2,32,114.0,25.647269354331495,25.973895013806523,24.656155247894105,21.659522967193258,25.421879133714942,19.87906733438256,20.068739643211366
1827,Prov. Papua,Kab. Jayapura,P,S1,279,3562.0,801.3646792993753,486.8869720171118,437.0144976229908,403.9156260090947,446.76218860889776,644.0887067248922,555.1189647961612
1828,Prov. Papua,Kab. Jayapura,P,S2,19,46.0,10.348898160519727,14.515701187404371,14.496641856531678,13.77318517875333,14.130630032568455,12.615324730269139,12.382314339088323
1829,Prov. Papua,Kab. Jayawijaya,L,S1,321,4438.0,998.4436964431858,503.70326639999354,438.8905359882008,385.3841970136402,638.6334006159436,558.8084034239564,618.307945666054
1830,Prov. Papua,Kab. Jayawijaya,L,S2,36,122.0,27.447077730074056,44.67189458484043,47.94677673958472,48.97373660459217,37.09316486306613,28.90749975076458,38.53780069217006
1831,Prov. Papua,Kab. Jayawijaya,P,S1,397,3069.0,690.45148814424,490.41709821907955,451.8107895877837,431.6910146617979,565.7026038832258,509.4624288835175,470.88576563877217
1832,Prov. Papua,Kab. Jayawijaya,P,S2,11,59.0,13.273586771101389,24.00568620201224,25.35132805914913,25.81711880486906,21.925954658655126,19.07876463776282,25.13098814367364
1833,Prov. Papua,Kab. Merauke,L,D3,37,380.0,85.49089784777165,63.31200077148689,52.815224638773444,46.083230689541615,124.52131585979392,64.89175854416264,85.11886501928777
1834,Prov. Papua,Kab. Merauke,L,Profesi,1462,1253.0,281.89498685067866,1834.373772524518,1722.4962866312817,1962.6199292383646,1664.0327494274175,1350.9847389567185,1386.1293807595684
1835,Prov. Papua,Kab. Merauke,L,S1,454,9891.0,2225.238080558709,1023.7354587875068,872.4699397606336,772.0360888426842,1039.1101196207771,1041.5123863950214,1049.8365478920043
1836,Prov. Papua,Kab. Merauke,L,S2,21,65.0,14.623443052908309,18.999620704496593,19.136944818564533,18.73481320337523,21.32974171540297,13.494893597086406,10.444485810181165
1837,Prov. Papua,Kab. Merauke,P,D3,95,642.0,144.43462215334054,117.3153482522666,95.91042162502916,83.03440005632821,187.77981265108616,155.47130569522744,151.46205957537865
1838,Prov. Papua,Kab. Merauke,P,Profesi,2960,2604.0,585.8376263042037,4262.989201741429,3950.5868511415165,4503.555588178272,3746.4995745691417,2780.1315680450125,3583.902512817702
1839,Prov. Papua,Kab. Merauke,P,S1,502,8173.0,1838.729231867994,1051.827849419726,912.7774181351974,839.5542277914406,853.6029365941209,772.7609472027893,811.083518513143
1840,Prov. Papua,Kab. Merauke,P,S2,16,37.0,8.324113737809345,13.13608479653751,13.37527698733878,13.49147987055188,15.285620148114576,7.5807265168649955,7.586285548743624
1841,Prov. Papua,Kab. Mimika,L,D3,50,142.0,31.94659866943046,31.8633925331894,29.092683365845517,27.55956110635686,34.05102228440512,34.920909793500776,35.69009426643247
1842,Prov. Papua,Kab. Mimika,L,S1,93,811.0,182.45557409090213,91.68204101159614,80.16780875896623,71.21257486383261,104.52515997356133,122.74530342599886,116.90435704831752
1843,Prov. Papua,Kab. Mimika,P,D3,27,157.0,35.32123937394776,37.85214170737999,33.65932620568759,31.398092797610584,46.0712653520797,36.324885199585495,37.0155059179802
1844,Prov. Papua,Kab. Mimika,P,S1,147,1061.0,238.69958583285717,150.48069097051732,134.33296050966405,124.42767752069227,145.2938467920504,157.78875763693512,149.1810479694342
1845,Prov. Papua,Kab. Nabire,L,S1,327,2893.0,650.8557038779037,501.0908596395694,503.5305479180367,520.1806981359799,342.1834462463082,419.67398755042893,451.9003083037673
1846,Prov. Papua,Kab. Nabire,P,S1,206,1995.0,448.82721370080117,384.8878631176262,380.95112815105085,392.86043529982453,281.45075676887865,355.8957869142507,397.69570870772935
1847,Prov. Papua,Kab. Yapen Waropen,L,S1,15,518.0,116.53759232933083,54.654903684023544,43.333435063139405,37.94684408852744,40.91111472373232,67.41002597633012,48.99539312055427
1848,Prov. Papua,Kab. Yapen Waropen,P,S1,38,917.0,206.30303506949107,128.76016045120824,106.25956193701836,99.3124145683705,112.49278488546547,120.51560594334467,131.46835733568844
1849,Prov. Papua,Kota Jayapura,L,D3,272,3156.0,710.0244042304404,445.3360000303274,352.2518147354625,292.7823358356043,306.4349540128998,553.34754786775,694.3571060343113
1850,Prov. Papua,Kota Jayapura,L,D4,13,273.0,61.4184608222149,24.867636884595832,20.936368967115552,18.40890351845694,27.57141485000877,31.75338038466353,19.91995001570764
1851,Prov. Papua,Kota Jayapura,L,Profesi,399,1008.0,226.7758553435627,1145.203703414987,910.9355291502075,875.5216196212413,868.9200593297174,1063.8853688873364,985.0744993473111
1852,Prov. Papua,Kota Jayapura,L,S1,1834,31667.0,7124.31647932996,3231.4640727517094,2736.9130124836724,2442.273877870299,2238.241767571627,4426.244890936971,4588.964759229357
1853,Prov. Papua,Kota Jayapura,L,S2,337,2184.0,491.3476865777192,449.3875421556801,405.68121058001833,353.3098048800798,434.4950211493474,621.467493931202,696.2423476663233
1854,Prov. Papua,Kota Jayapura,L,S3,23,179.0,40.270712407239806,16.145663315891166,14.755580759076208,16.07255015220048,16.024709780133303,18.525891497947796,21.021798068860843
1855,Prov. Papua,Kota Jayapura,P,D3,804,5140.0,1156.3768814145956,1046.1554872348368,881.4151158309011,804.3554493566684,906.797369058736,858.0139964781783,1095.7093755491433
1856,Prov. Papua,Kota Jayapura,P,D4,86,770.0,173.23155616522152,89.51518360129242,77.34084266218869,71.36066293471046,158.40578776378416,124.81114516967894,115.70429635707148
1857,Prov. Papua,Kota Jayapura,P,Profesi,751,1793.0,403.3820522133015,2135.2568829886304,1641.7746496484192,1539.6945513120095,1434.2265147748274,2659.0584217238174,2952.4444562415174
1858,Prov. Papua,Kota Jayapura,P,S1,2268,25708.0,5783.68421544872,3213.582783226513,2759.3789557037985,2545.7885666858483,2202.9877567075305,4062.3906078060936,4113.261223200913
1859,Prov. Papua,Kota Jayapura,P,S2,339,1414.0,318.1161304124977,348.488907379885,316.67907922871,282.7033084580961,295.8447539321258,394.35139834063057,454.3131779708291
1860,Prov. Papua,Kota Jayapura,P,S3,9,65.0,14.623443052908309,7.176134009974561,6.645320815018315,7.479266474078087,11.541876969443626,9.46359998580428,9.392026077663603
1861,Prov. Papua Barat,Kab. Fak-Fak,L,D3,149,543.0,128.37895306861049,121.31153605875603,95.08097987830936,92.61534658280182,109.50396067934783,115.3762049305664,114.2532450499765
1862,Prov. Papua Barat,Kab. Fak-Fak,L,D4,15,71.0,16.78619828337264,11.958497127098003,10.281847672020586,11.208084235490542,12.726578122530858,8.331023354273267,6.636899366201266
1863,Prov. Papua Barat,Kab. Fak-Fak,L,S1,72,1109.0,262.19568867972197,110.02755191500455,80.38569212157202,69.0503019120619,49.347867697037195,82.96239297140274,94.5922373863439
1864,Prov. Papua Barat,Kab. Fak-Fak,P,D3,188,576.0,136.18098889045973,135.10419591970702,103.32478794216132,98.58796127552444,129.92745791028358,135.0959136137061,162.3707801443714
1865,Prov. Papua Barat,Kab. Fak-Fak,P,D4,14,57.0,13.476243692285077,9.43426889075602,7.724909559272493,8.021059298740626,9.238850215379085,10.935384210257197,8.855045191762006
1866,Prov. Papua Barat,Kab. Fak-Fak,P,S1,177,1776.0,419.89138241225083,233.28502125879697,181.09702915132743,168.08756821469547,205.7321815335741,234.13852968211944,244.67175161894585
1867,Prov. Papua Barat,Kab. Manokwari,L,D3,34,832.0,196.70587284177518,136.70389668268217,95.43935214388695,77.77155800804425,112.53446702744439,118.02137398233228,117.75516577913801
1868,Prov. Papua Barat,Kab. Manokwari,L,D4,50,242.0,57.21492936022788,46.54141299077508,41.80488230712461,47.48627911862774,52.748855666896766,49.299385539901124,31.92052238352155
1869,Prov. Papua Barat,Kab. Manokwari,L,Profesi,2,425.0,100.48076437230102,227.3347048796931,135.03769418299686,93.01180537868579,407.9565060473707,418.8953322360952,483.94928952979467
1870,Prov. Papua Barat,Kab. Manokwari,L,S1,372,8075.0,1909.1345230737195,992.2657183470025,782.0122213909448,700.5702605865328,1096.1421142911745,810.7901537019293,746.8698221874537
1871,Prov. Papua Barat,Kab. Manokwari,L,S2,74,223.0,52.72284812946618,56.196495499582305,46.86058134058252,42.341496523429626,65.71242186762056,66.5011362694572,68.11712552451327
1872,Prov. Papua Barat,Kab. Manokwari,L,S3,8,47.0,11.11199041293682,5.626799027727024,5.013177871818746,5.989918242025674,9.10210578211657,5.803439053682408,5.667934217749542
1873,Prov. Papua Barat,Kab. Manokwari,P,D3,43,476.0,112.53845609697714,96.8211893916347,70.07277198609408,59.97114586781513,173.66546497877636,83.71032605799141,106.2472495933601
1874,Prov. Papua Barat,Kab. Manokwari,P,D4,38,243.0,57.4513546881627,52.42917437195454,47.095360617199916,53.71235222797558,61.46062863016555,57.177479931740585,58.58771750352709
1875,Prov. Papua Barat,Kab. Manokwari,P,Profesi,12,1174.0,277.56333499548566,677.385840583015,396.53800837981464,270.62431375935523,1097.3320320427995,1995.176535541715,1712.9858105129088
1876,Prov. Papua Barat,Kab. Manokwari,P,S1,580,8301.0,1962.56664718699,1220.752450277059,985.0257187565225,913.6293223973947,1184.609588375641,897.3511953165689,1037.578652724726
1877,Prov. Papua Barat,Kab. Manokwari,P,S2,80,199.0,47.04864025903036,62.81486403974553,54.53386799634556,52.00934810961731,68.8089944398726,60.25459487481748,65.80075686309168
1878,Prov. Papua Barat,Kab. Manokwari,P,S3,1,15.0,3.546379919022389,1.5704571079060177,1.2766281305321505,1.3830205219250633,1.99909187098256,2.283890360771113,1.8230810034037843
1879,Prov. Papua Barat,Kab. Sorong,L,Profesi,244,246.0,58.160630671967176,348.49550647565184,277.13309741917817,294.6059468562236,344.3784789064526,378.4719440020357,331.51232922780974
1880,Prov. Papua Barat,Kab. Sorong,L,S1,156,2541.0,600.7567582823926,277.57454323203825,196.0997829047653,171.05428093358813,255.3615448019514,330.5784928069613,239.58629114244417
1881,Prov. Papua Barat,Kab. Sorong,P,Profesi,413,420.0,99.29863773262689,650.5055143633496,512.3302932744115,542.7200645012781,576.8931913650285,597.9508555394206,577.0627690833659
1882,Prov. Papua Barat,Kab. Sorong,P,S1,402,4879.0,1153.5191749940157,644.3912132596874,467.83477471848124,424.59261850745105,610.316880268473,720.8621216899701,658.3817070484746
1883,Prov. Papua Barat,Kota Sorong,L,D3,200,740.0,174.95474267177119,205.44181983643634,191.71587112972657,199.69186389103498,184.3720242519188,173.7052899069867,174.64601853812385
1884,Prov. Papua Barat,Kota Sorong,L,D4,80,968.0,228.8597174409115,120.12667326486995,101.4892746832629,94.8356498348304,132.13964134466,200.5126779472064,144.68230969202284
1885,Prov. Papua Barat,Kota Sorong,L,Profesi,10,20.0,4.728506558696519,11.252261614112529,7.506316204468148,5.40804305983827,9.686654523564815,9.644259160322973,9.002570460462898
1886,Prov. Papua Barat,Kota Sorong,L,S1,470,7312.0,1728.741997859447,848.9813752804185,722.3877285243002,647.1116137759057,651.5994616879545,756.9657618727499,787.8856747370701
1887,Prov. Papua Barat,Kota Sorong,L,S2,36,172.0,40.66515640479006,48.59467504324753,46.58743955557955,45.235978506631966,51.44718851674417,52.11839309048135,55.3188228905898
1888,Prov. Papua Barat,Kota Sorong,P,D3,345,1283.0,303.33369574038164,406.14609611511315,381.21213471481946,402.77731826307104,394.2933515305937,342.2819133319313,384.3434471414485
1889,Prov. Papua Barat,Kota Sorong,P,D4,135,816.0,192.92306759481795,145.97404313548918,135.19780501103355,141.5423051830971,139.5377794691306,128.838664534275,119.54807862729604
1890,Prov. Papua Barat,Kota Sorong,P,Profesi,38,69.0,16.31334762750299,55.858562608593324,40.82311477615064,32.91930999043712,32.69468854358112,51.420361807293254,53.00184891433017
1891,Prov. Papua Barat,Kota Sorong,P,S1,799,8454.0,1998.7397223610185,1228.73847210791,1088.270447281082,1028.7412127279902,963.0548342433999,843.467374304691,1026.268735216385
1892,Prov. Papua Barat,Kota Sorong,P,S2,14,87.0,20.569003530329855,28.849660690340347,28.115835562143086,28.033414040747985,28.458662063981485,18.681413622297644,18.194386496071626
1893,Prov. Riau,Kab. Bengkalis,L,D2,12,24.0,6.618555999665425,11.032266824054586,9.613474779629856,7.529361974737489,7.880435604982101,9.49730386720236,11.043806453958187
1894,Prov. Riau,Kab. Bengkalis,L,D3,230,832.0,229.44327465506808,229.87066982584273,216.85174876935847,204.17030582361284,188.13446283742846,146.32907776551366,152.6078568413104
1895,Prov. Riau,Kab. Bengkalis,L,D4,288,1495.0,412.28088414582544,284.69434015202137,276.20338297067127,275.8561188537401,266.7449237387502,293.48651232260596,311.80301672323617
1896,Prov. Riau,Kab. Bengkalis,L,S1,84,2079.0,573.3324134710175,299.4107106208172,320.97950352427205,294.4813285905718,243.62426785065108,291.5053816706365,260.1276637286454
1897,Prov. Riau,Kab. Bengkalis,P,D2,2,3.0,0.8273194999581781,1.5772686207224496,1.379702669674318,1.1138909624113045,1.4075238908799745,2.091050622544327,1.6484107265352088
1898,Prov. Riau,Kab. Bengkalis,P,D3,101,333.0,91.83246449535777,102.09541681059116,97.63187825032291,94.56407804995376,96.27249758510077,74.48454042616282,97.54386833791642
1899,Prov. Riau,Kab. Bengkalis,P,D4,321,1443.0,397.94067947988367,319.0544628160982,309.97892367491556,319.06253198722993,323.4845036153993,305.08517599709535,331.1970807645955
1900,Prov. Riau,Kab. Bengkalis,P,S1,86,2832.0,780.9896079605202,531.1877984230784,548.6557916245484,523.1403573506882,519.2596535218956,481.4300498030492,457.72299131605297
1901,Prov. Riau,Kab. Indragiri Hilir,L,S1,341,2586.0,713.1494089639496,381.0742292350231,362.775683533165,349.5973223301919,421.04599171275805,312.518347571191,347.42910920530693
1902,Prov. Riau,Kab. Indragiri Hilir,L,S2,2,54.0,14.891750999247208,17.955049710462564,16.58641664080674,15.960502891695121,20.448732773098516,19.36304934296032,21.758302672613464
1903,Prov. Riau,Kab. Indragiri Hilir,P,D3,50,121.0,33.36855316497985,38.47923441287841,32.731751690929464,33.230757727067854,41.13960247772878,36.99809119696662,38.34208869187611
1904,Prov. Riau,Kab. Indragiri Hilir,P,S1,523,2810.0,774.9225982941603,510.9564396788848,475.98287634463526,475.45655284839415,571.261373926551,459.9216046803564,450.80893450268064
1905,Prov. Riau,Kab. Indragiri Hulu,L,S1,232,1397.0,385.2551138138583,196.43900286694057,181.62900149514627,180.12194123714784,212.3216281431085,175.27857813305357,159.1524279924141
1906,Prov. Riau,Kab. Indragiri Hulu,P,D3,27,106.0,29.231955665188963,32.49925823843562,26.668519473964924,27.929273347180416,38.47916446486621,29.545944139786556,31.78097377642214
1907,Prov. Riau,Kab. Indragiri Hulu,P,Profesi,8,9.0,2.4819584998745343,16.379019316362474,11.722953673497408,11.643568081334225,4.744237626034459,5.495802043733541,6.606733255903659
1908,Prov. Riau,Kab. Indragiri Hulu,P,S1,428,2104.0,580.2267426373356,371.59881836277896,334.84824920562096,344.32937570750386,399.11440283494966,319.21344011995313,325.84238530577454
1909,Prov. Riau,Kab. Kampar,L,D2,20,36.0,9.927833999498137,17.222127411325552,13.951204906323797,11.239377875618276,20.84380438238277,12.420413131659805,14.264897192574567
1910,Prov. Riau,Kab. Kampar,L,D3,94,420.0,115.82472999414495,122.4519850993872,107.20594727672533,103.77794894372713,119.91488779078546,91.68444476401248,104.04958920999337
1911,Prov. Riau,Kab. Kampar,L,Profesi,210,120.0,33.092779998327124,151.89180318867116,128.03485766485895,115.24813108473445,108.87466558585136,89.36754054375609,72.64263765271531
1912,Prov. Riau,Kab. Kampar,L,S1,240,1699.0,468.53861014298155,278.6840831876918,269.9321262683636,256.188111065628,329.4882866842016,284.5320019539913,256.9532621735884
1913,Prov. Riau,Kab. Kampar,L,S2,67,128.0,35.298965331548935,37.823829833087814,38.03679370840165,35.60087005110248,45.806872246883486,34.0937828917254,35.27202858900146
1914,Prov. Riau,Kab. Kampar,P,D2,8,22.0,6.067009666359973,11.448815014191451,9.458666393676843,7.830078994971084,12.192323374257503,8.297702101920091,9.612984064569154
1915,Prov. Riau,Kab. Kampar,P,D3,59,297.0,81.90463049585964,94.09934557908562,84.0471704537365,83.59633346706482,95.99871480678335,68.39203306695576,80.51145132711426
1916,Prov. Riau,Kab. Kampar,P,D4,2,44.0,12.134019332719946,8.894822927825281,8.39939887334648,8.804907331296617,9.361459502438688,10.071618842889082,8.50048251935179
1917,Prov. Riau,Kab. Kampar,P,Profesi,1297,889.0,245.16234515427345,1498.9761297431687,1208.7458952975107,1132.3912953835722,747.3991939885232,820.7533192901843,1036.5084617531656
1918,Prov. Riau,Kab. Kampar,P,S1,611,2831.0,780.7138347938675,568.3178565456112,540.889869534324,531.431498254833,640.5810484147863,481.04769125795536,467.33392956326026
1919,Prov. Riau,Kab. Kampar,P,S2,160,217.0,59.84277716364156,77.01655274921394,76.55558166164556,74.088814581974,84.02300365529504,65.92321861647763,62.05965305893677
1920,Prov. Riau,Kab. Kepulauan Meranti,L,D3,4,21.0,5.791236499707247,5.527290739191624,3.9044760452890337,4.132820969752261,5.403300638260668,6.454851033473932,5.299407778509283
1921,Prov. Riau,Kab. Kepulauan Meranti,L,S1,55,585.0,161.32730249184473,77.80716724176472,62.90598918865282,64.84141867265937,77.6162474826714,58.38728177239247,49.38883811442012
1922,Prov. Riau,Kab. Kepulauan Meranti,P,D3,17,31.0,8.548968166234507,10.540796040855486,7.192484062808514,7.908211629634638,11.510636055811867,7.687763863434876,11.425476013390119
1923,Prov. Riau,Kab. Kepulauan Meranti,P,S1,135,756.0,208.4845139894609,134.06459989188917,103.65973833051316,111.21182878921027,147.81748441085193,116.37439069741255,120.58667445346427
1924,Prov. Riau,Kab. Kuantan Singingi,L,S1,119,1400.0,386.08243331381647,214.25048218861124,232.36073112030007,206.51884714084187,198.45957990100695,181.27643187925213,163.8833778411434
1925,Prov. Riau,Kab. Kuantan Singingi,P,S1,155,1294.0,356.85047764862753,241.59342161408824,257.71266649427093,237.07185533698078,252.17293728743337,262.83493043433157,221.76119167954622
1926,Prov. Riau,Kab. Pelalawan,L,S1,25,426.0,117.4793689940613,72.87418053771134,54.41443979521883,56.98615075891585,69.57936825095568,61.050304785713344,70.8798202414076
1927,Prov. Riau,Kab. Pelalawan,P,S1,19,371.0,102.31184482816137,73.31903636990712,54.78324937638584,59.1774982578391,65.95677561248607,63.67080653749898,78.311886146915
1928,Prov. Riau,Kab. Rokan Hilir,L,S1,99,948.0,261.4329619867843,157.6387822931715,130.62438818336463,134.11165499792097,163.59389847545384,169.1258898781684,163.15510970673358
1929,Prov. Riau,Kab. Rokan Hilir,P,S1,233,1690.0,466.05665164310705,313.3783549311055,262.76695667854415,277.6504014518206,325.28038974021274,262.42114608230355,250.77263424804923
1930,Prov. Riau,Kab. Rokan Hulu,L,D3,1,1.0,0.27577316665272605,0.31862087731445116,0.26679900655142685,0.2634465337276075,0.2926254265610053,1.8019965617836649,1.5705727662156528
1931,Prov. Riau,Kab. Rokan Hulu,L,S1,771,3782.0,1042.97411628061,735.5098966142921,664.0590847020668,646.1980196822207,691.5359148782477,587.987654511968,514.2376599477427
1932,Prov. Riau,Kab. Rokan Hulu,P,D3,18,72.0,19.855667998996275,24.955155815721277,21.311534197853003,21.623633701529364,20.790802570423754,27.586709963183512,25.63214851913218
1933,Prov. Riau,Kab. Rokan Hulu,P,Profesi,45,57.0,15.719070499205385,97.30303399006627,76.87982824857441,73.11421064348046,64.41426084252979,34.09000116814315,34.054768300090146
1934,Prov. Riau,Kab. Rokan Hulu,P,S1,1286,4556.0,1256.42254726982,964.6998814447987,887.9910491562719,887.9925942203338,839.8534485028638,856.9915717803709,863.7095889407302
1935,Prov. Riau,Kota Dumai,L,D3,68,262.0,72.25256966301423,72.37106407712925,70.21853387856306,66.51059777787196,74.86154601671633,64.26629701370433,67.31513408003366
1936,Prov. Riau,Kota Dumai,L,S1,124,1561.0,430.4819131449054,242.970194260053,260.6831760876891,242.11040103074808,233.42682611243438,265.46325251990805,202.98627223730165
1937,Prov. Riau,Kota Dumai,P,D3,71,333.0,91.83246449535777,99.22182114775282,98.4448401276617,95.76509001338552,103.34431833895161,91.13321686783485,103.7412898422359
1938,Prov. Riau,Kota Dumai,P,S1,187,2001.0,551.8221064721048,368.72573146456256,392.8225391727782,376.8954340597343,379.23213758075735,338.983443281426,326.03942435698434
1939,Prov. Riau,Kota Pekanbaru,L,D3,426,1769.0,487.8427318086724,450.87951887011087,457.8757768518483,451.7868816280555,432.16336006344903,366.2603217252351,377.48506317612856
1940,Prov. Riau,Kota Pekanbaru,L,D4,313,2198.0,606.1494203026919,399.73901640130504,409.1172132756385,431.1191683385672,335.31033845781826,418.7263033278698,408.40313524161104
1941,Prov. Riau,Kota Pekanbaru,L,Profesi,2468,2545.0,701.8427091311878,3731.2908559437496,3351.801976861852,3123.95319225136,2862.2903606923082,3797.529053952376,4523.4172649925185
1942,Prov. Riau,Kota Pekanbaru,L,S1,8738,59477.0,16402.160633004187,9130.932593655227,10004.040920080943,9736.789045111154,9115.355209687976,9199.344442697367,8715.23130313374
1943,Prov. Riau,Kota Pekanbaru,L,S2,1110,3593.0,990.8529877832447,1005.2842950494082,1148.3035563055896,1098.7247478818515,1205.4386093849098,879.9801469881123,944.2071751204047
1944,Prov. Riau,Kota Pekanbaru,L,S2 Terapan,11,44.0,12.134019332719946,12.192118810051495,15.639049698926103,11.664572953052845,16.880374724330196,8.607628968904281,10.330902821012515
1945,Prov. Riau,Kota Pekanbaru,L,S3,114,458.0,126.30411032694853,67.30950389340605,76.93428657933693,95.44718041133329,83.12097289010545,71.52744729271538,66.21412834392606
1946,Prov. Riau,Kota Pekanbaru,L,Sp-1,17,122.0,33.64432633163258,23.644765584511187,29.257357785434923,36.611573232127554,27.63706279844072,22.384722777457853,27.166046369355254
1947,Prov. Riau,Kota Pekanbaru,P,D3,1613,4190.0,1155.4895682749222,1263.617091342206,1277.3910129950802,1300.5257372735819,1307.5088597711092,1149.3940000150146,1235.8741938889634
1948,Prov. Riau,Kota Pekanbaru,P,D4,231,1630.0,449.51026164394347,325.12005570425015,334.68741180176613,364.61542205008806,322.3397397770369,391.23126654639674,364.13883648583027
1949,Prov. Riau,Kota Pekanbaru,P,Profesi,8880,8915.0,2458.5177807090527,14443.8195614416,13167.986757933993,12623.099162801764,10765.04180815741,8787.867409172262,10191.25584607416
1950,Prov. Riau,Kota Pekanbaru,P,S1,14941,75730.0,20884.301910610942,14131.91437700208,15185.972057252451,15324.412241091353,14930.223458079798,11353.931677334633,13474.740177164218
1951,Prov. Riau,Kota Pekanbaru,P,S2,1178,3237.0,892.6777404548742,1108.2449119525386,1243.9450983242725,1232.1482428760398,1249.1488740178504,923.5030017483771,1072.4883360623455
1952,Prov. Riau,Kota Pekanbaru,P,S2 Terapan,7,22.0,6.067009666359973,7.004221008676447,9.005954434451281,6.92615972318239,9.377353350517808,5.056042713797477,5.772528536166437
1953,Prov. Riau,Kota Pekanbaru,P,S3,29,204.0,56.257725997156115,37.742466776753005,42.01232056130653,54.05389990393316,41.14867680066193,33.85598341884168,24.05019739393396
1954,Prov. Riau,Kota Pekanbaru,P,Sp-1,9,62.0,17.097936332469015,12.698272036773467,16.171947270377235,20.75668552092582,18.20249414273182,19.7643571735121,20.83130399663586
1955,Prov. Sulawesi Barat,Kab. Majene,L,D3,16,239.0,53.769275225309016,50.875646961128915,45.5891518387955,42.81646962369922,58.72968187967291,49.598141920991615,40.74814167945069
1956,Prov. Sulawesi Barat,Kab. Majene,L,Profesi,18,23.0,5.174449080259864,23.062287549743047,17.658948334299943,15.733966141166254,15.080590943428355,12.315417753982187,13.663138895814923
1957,Prov. Sulawesi Barat,Kab. Majene,L,S1,821,7681.0,1728.0410167598266,1043.7491395248883,963.019770896929,926.0880641936305,1109.054545095337,818.224234799139,836.6768479878758
1958,Prov. Sulawesi Barat,Kab. Majene,L,S2,26,69.0,15.52334724077959,23.673412941625525,24.961538136687,25.49221818213578,28.023323459101285,19.973133106477327,15.929211869749885
1959,Prov. Sulawesi Barat,Kab. Majene,P,D3,195,947.0,213.05231647852568,259.5362685432552,239.30441299187774,236.6072392070792,285.7823312010671,223.99970430617964,217.61157667305505
1960,Prov. Sulawesi Barat,Kab. Majene,P,Profesi,81,97.0,21.822676555878555,143.21011916016832,117.53226404348591,115.84926561171058,103.05704542849512,79.70892009334328,81.14119372995413
1961,Prov. Sulawesi Barat,Kab. Majene,P,S1,1574,12882.0,2898.141437039459,2185.5659225801473,2056.761331628797,2059.892900127224,2393.3821530393416,2208.7232885015997,2286.1384565340745
1962,Prov. Sulawesi Barat,Kab. Majene,P,S2,11,39.0,8.774065831744986,15.664722338854524,16.511354116807198,17.139301582739737,18.93832347306077,12.222761941027182,9.400817028950646
1963,Prov. Sulawesi Barat,Kab. Mamasa,L,S1,32,254.0,57.14391592982631,31.568208557836076,26.638667164947442,23.524116827873318,39.09567946486666,33.21109333528914,29.139304407708156
1964,Prov. Sulawesi Barat,Kab. Mamasa,P,S1,65,487.0,109.56333487332842,70.90014647072857,59.81869289998889,53.70396388477415,78.22795721983609,41.655293366039295,43.67616856682277
1965,Prov. Sulawesi Barat,Kab. Mamuju,L,D3,19,78.0,17.548131663489972,18.54924120106253,17.466413245446656,16.936497439747253,21.992920138291144,25.452445869698845,27.949744630043515
1966,Prov. Sulawesi Barat,Kab. Mamuju,L,Profesi,10,30.0,6.749281409034604,28.28893372094686,21.600667051297105,18.645664390236053,19.286443674941534,19.98624922224902,20.261468455483982
1967,Prov. Sulawesi Barat,Kab. Mamuju,L,S1,333,3860.0,868.4075412957858,584.030657486477,565.3904706983578,560.3782432742211,626.3055506300805,683.0841491652241,632.4813098820244
1968,Prov. Sulawesi Barat,Kab. Mamuju,L,S2,1,35.0,7.874161643873705,12.954139224961205,14.201271811960966,14.781620973170648,7.925412872374194,13.27158047515098,11.155527683133922
1969,Prov. Sulawesi Barat,Kab. Mamuju,P,D3,212,932.0,209.67767577400838,239.58031878013176,220.11382074008534,210.64112080266733,333.29737415607747,225.66129706525265,202.51184917376614
1970,Prov. Sulawesi Barat,Kab. Mamuju,P,Profesi,92,172.0,38.695880078465066,184.77495124382094,139.8775269490882,121.49642486196655,118.82316135751525,139.74442110341755,149.06487415708344
1971,Prov. Sulawesi Barat,Kab. Mamuju,P,S1,540,4207.0,946.4742295936194,715.1825802756036,683.5228508208256,678.2120125911297,780.420966313489,788.6314569364222,774.2904060615333
1972,Prov. Sulawesi Barat,Kab. Mamuju,P,S2,2,23.0,5.174449080259864,9.465023405526814,10.211339313097618,10.599343018965286,5.328421011053752,10.547176536301288,10.884029691642532
1973,Prov. Sulawesi Barat,Kab. Polewali Mamasa,L,Profesi,369,196.0,44.095305205692746,272.55580842591513,227.3254280519345,225.69282952829448,250.9799321413227,192.80286012281795,205.9621159528439
1974,Prov. Sulawesi Barat,Kab. Polewali Mamasa,L,S1,432,3166.0,712.2741647001186,455.9695533578994,422.0795297534287,409.3045229892977,432.3083342533105,543.284473321939,490.8056874114524
1975,Prov. Sulawesi Barat,Kab. Polewali Mamasa,P,Profesi,1002,483.0,108.66343068545713,772.96247600899,641.1217971628056,642.8918349390873,537.8547116335351,530.5461752525057,557.8106574334611
1976,Prov. Sulawesi Barat,Kab. Polewali Mamasa,P,S1,520,3407.0,766.4933920193632,603.5704502560837,566.9790145264466,569.1549599521888,557.1285675568956,607.4024084674955,565.2301585741166
1977,Prov. Sulawesi Selatan,Kab. Bantaeng,L,D2,66,152.0,34.58390408215941,71.63853281726317,49.53663791585414,43.994536401939385,47.19241435464772,37.56020871252524,41.51917884649213
1978,Prov. Sulawesi Selatan,Kab. Bantaeng,P,D2,60,150.0,34.128852712657306,77.45947221255985,53.259438084879875,47.354195519562296,54.37876469606565,41.060302305627836,45.404808010826386
1979,Prov. Sulawesi Selatan,Kab. Barru,L,D3,1,1.0,0.22752568475104873,0.30860245932021757,0.2756225475186546,0.3085382833636532,0.2745497154171285,1.8847737771267685,1.286449191083961
1980,Prov. Sulawesi Selatan,Kab. Barru,L,S1,139,1198.0,272.57577033175636,142.76238520123462,110.49969125237496,104.62104322222568,150.04167583280181,119.1307289578545,116.26968735037994
1981,Prov. Sulawesi Selatan,Kab. Barru,P,D3,20,49.0,11.148758552801388,10.486165022392864,8.166943993750259,7.8388960700184045,12.316376682360001,13.435944770877228,15.832852672044385
1982,Prov. Sulawesi Selatan,Kab. Barru,P,S1,290,1708.0,388.6138695547912,255.20146915950784,204.163779912007,202.56333221343823,218.52960605684672,230.8228786686131,236.27761806268697
1983,Prov. Sulawesi Selatan,Kab. Bone,L,D3,176,431.0,98.06357012770201,135.54133895845442,127.64656160229859,138.11612427453028,112.80627989441795,110.83931125406396,96.3253491066625
1984,Prov. Sulawesi Selatan,Kab. Bone,L,S1,776,5847.0,1330.3426787393819,819.4071927405081,696.826206588429,669.4164477042067,589.8331811096116,674.991912616159,723.3356418744169
1985,Prov. Sulawesi Selatan,Kab. Bone,L,S2,61,304.0,69.16780816431881,65.74565845131232,56.68054950566843,50.11272571086937,59.489599027229545,48.26881980588587,61.45119036938437
1986,Prov. Sulawesi Selatan,Kab. Bone,P,D3,468,939.0,213.64661798123475,315.5361725073443,293.361405339101,315.09312314781283,400.11658398583194,225.86419969457526,269.6738138273853
1987,Prov. Sulawesi Selatan,Kab. Bone,P,S1,1780,8707.0,1981.0661371273814,1440.5993678332854,1244.5628581592107,1227.6149636097741,1291.031205076447,1049.3388241142336,1160.098625172335
1988,Prov. Sulawesi Selatan,Kab. Bone,P,S2,89,353.0,80.3165667171202,98.85056718442739,88.90056316015504,83.26747064837429,96.42919758850034,99.53365683619607,111.35506141411877
1989,Prov. Sulawesi Selatan,Kab. Bulukumba,L,D3,5,18.0,4.095462325518877,5.365889654110952,5.013361836621095,5.373592189923026,4.668409143537743,5.107066075039174,4.462151941894056
1990,Prov. Sulawesi Selatan,Kab. Bulukumba,L,Profesi,8,11.0,2.502782532261536,15.04994008965747,12.61701437523456,12.821571672979669,9.947373752820491,7.122511643232169,7.879695809951466
1991,Prov. Sulawesi Selatan,Kab. Bulukumba,L,S1,155,1299.0,295.5558644916123,142.77810405263648,114.08263278617544,101.816784249338,198.46261818458154,138.71704414306387,133.382733341602
1992,Prov. Sulawesi Selatan,Kab. Bulukumba,P,D3,62,189.0,43.00235441794821,52.29657050951871,46.3263388457831,46.995144154799945,49.37926014170085,46.0283370415096,42.216743692837596
1993,Prov. Sulawesi Selatan,Kab. Bulukumba,P,Profesi,105,116.0,26.392979431121653,159.60990462128836,129.82002578326555,128.2947634989219,102.30156927251244,152.96512354104925,121.21503374292193
1994,Prov. Sulawesi Selatan,Kab. Bulukumba,P,S1,457,2952.0,671.6558213850958,446.4427749614097,378.66470435195083,365.4675991279313,345.45271617117356,352.48348504295177,351.03529015367815
1995,Prov. Sulawesi Selatan,Kab. Enrekang,L,S1,80,688.0,156.53767110872153,91.84442515323786,71.56789295878123,67.18363736502009,95.2617766638672,88.61297446718783,77.04392996644468
1996,Prov. Sulawesi Selatan,Kab. Enrekang,P,S1,168,1177.0,267.79773095198436,189.89749471843876,151.95235171790864,148.12198974045225,170.177979351018,247.33238434569122,246.63011303719355
1997,Prov. Sulawesi Selatan,Kab. Gowa,L,D3,28,87.0,19.794734573341238,28.520059642754237,24.492017160785153,24.801945355412318,16.406061050322297,21.471114980473082,21.610363149099566
1998,Prov. Sulawesi Selatan,Kab. Gowa,L,D4,76,300.0,68.25770542531461,62.770772162425324,56.882923798385114,61.149907092311615,193.6084146915312,25.679475041248246,33.566314892851345
1999,Prov. Sulawesi Selatan,Kab. Gowa,L,Profesi,1732,1047.0,238.219391934348,1676.3874644741916,1315.0394537868929,1289.4434529752755,1962.3927450463254,1235.7880273680346,1338.502489472311
2000,Prov. Sulawesi Selatan,Kab. Gowa,L,S1,1647,10480.0,2384.4691761909908,1927.9448586202827,1597.3245440912099,1552.7676075658705,1556.9376585268144,1705.4644435702846,1360.2987883109727
2001,Prov. Sulawesi Selatan,Kab. Gowa,L,S2,273,1035.0,235.48908371733543,334.57490885440023,291.6881742400791,272.6938035509267,326.7963477803796,187.21759791067493,279.9484494516614
2002,Prov. Sulawesi Selatan,Kab. Gowa,L,S3,200,587.0,133.5575769488656,89.61170751569279,84.85603472105096,106.30425552985207,85.42740744051201,129.34478792695674,114.76030696307423
2003,Prov. Sulawesi Selatan,Kab. Gowa,P,D3,144,438.0,99.65624992095934,145.31225314251282,121.28915070828431,119.69963986279949,80.4455844304574,99.76885922421354,117.00645639874236
2004,Prov. Sulawesi Selatan,Kab. Gowa,P,D4,136,455.0,103.52418656172718,103.59468099570086,93.16351803362816,100.0314502747466,387.38566264241445,65.44947829670267,69.62000575645304
2005,Prov. Sulawesi Selatan,Kab. Gowa,P,Profesi,2698,1082.0,246.18279090063473,1723.0230143796962,1307.1670762033107,1241.7762412944787,1347.0115381096375,1241.8048484736294,1341.445709792554
2006,Prov. Sulawesi Selatan,Kab. Gowa,P,S1,3359,16604.0,3777.836469606413,3578.245330066158,3005.0133148657824,2991.4857943025086,2957.906630821194,2352.461224255013,2522.5569965419845
2007,Prov. Sulawesi Selatan,Kab. Gowa,P,S2,320,982.0,223.43022242552985,389.2102395048949,348.4726997796243,338.8110290010451,341.9049959269933,197.15515905912102,287.91417320961415
2008,Prov. Sulawesi Selatan,Kab. Gowa,P,S3,82,306.0,69.62285953382091,55.40016087197506,53.36284623595644,68.74522004819445,42.087342738084764,47.94288893629296,45.88102104426766
2009,Prov. Sulawesi Selatan,Kab. Jeneponto,L,S1,362,1115.0,253.69113849741933,197.40977724396393,167.54705618069417,181.69772776950296,213.77526995742525,170.83264046953065,127.2046507404398
2010,Prov. Sulawesi Selatan,Kab. Jeneponto,P,S1,429,1942.0,441.8548797865366,398.7446663725976,342.0471307794076,378.56893066286636,415.56651612897326,347.82723983697787,319.11954086200444
2011,Prov. Sulawesi Selatan,Kab. Luwu,L,S1,2,48.0,10.921232868050339,9.151725585232283,7.732284378246266,8.468764349258134,8.948907680105984,10.463056333488923,12.746709391926656
2012,Prov. Sulawesi Selatan,Kab. Luwu,P,D3,14,13.0,2.9578339017636335,4.017503001572206,3.3165126981870903,3.5567571090007215,3.8698369823726617,5.032821761679161,6.352710634314588
2013,Prov. Sulawesi Selatan,Kab. Luwu,P,S1,3,138.0,31.398544495644725,27.84638245551391,23.16305599819796,25.101480851092166,33.083246237329845,44.17352636861437,46.2670777712489
2014,Prov. Sulawesi Selatan,Kab. Luwu Timur,L,D3,71,205.0,46.64276537396499,67.1370139999775,63.5810995242934,68.07018722445123,49.08820901295322,54.632710328528184,71.47667304466529
2015,Prov. Sulawesi Selatan,Kab. Luwu Timur,L,S1,11,35.0,7.9633989662867055,5.271920148680491,4.549460790032019,4.370919320168567,3.796493170049742,7.410681626845577,7.434267799768445
2016,Prov. Sulawesi Selatan,Kab. Luwu Timur,P,D3,45,155.0,35.26648113641255,47.43495943503776,42.67455801417986,43.338627888937445,33.549264301977125,46.936103464517124,47.51237612603264
2017,Prov. Sulawesi Selatan,Kab. Luwu Timur,P,S1,80,231.0,52.558433177492255,41.747494084294686,36.76903081148693,36.470586857667435,33.540374184747215,44.3720036944675,38.94876202878266
2018,Prov. Sulawesi Selatan,Kab. Maros,L,D3,3,16.0,3.6404109560167797,4.426691772655476,4.118863667220255,4.261918936408513,4.403132253218131,3.6852943473112276,4.239530843710057
2019,Prov. Sulawesi Selatan,Kab. Maros,L,S1,112,1159.0,263.70226862646547,144.38831870246702,122.36120138959367,113.32968415955287,157.0423247141264,140.17361938459027,128.21793160234523
2020,Prov. Sulawesi Selatan,Kab. Maros,L,S2,2,5.0,1.1376284237552436,0.9299512029864588,0.7869656642770975,0.6602672895796476,1.3336708044445431,1.8048572136265728,1.687986367626014
2021,Prov. Sulawesi Selatan,Kab. Maros,P,D3,44,232.0,52.785958862243305,77.63463795819126,73.89518253483928,79.15419086323412,84.06250904668768,66.13475956183781,64.58324716774342
2022,Prov. Sulawesi Selatan,Kab. Maros,P,S1,248,1739.0,395.66716578207377,271.69413164864005,238.1538376139836,231.2880541188584,279.0795218557549,225.88622199024854,240.5820249362721
2023,Prov. Sulawesi Selatan,Kab. Maros,P,S2,5,8.0,1.8202054780083898,3.379574819166271,3.5056122526789038,3.769251492807829,2.5742464413938584,3.1881218515974044,3.4994147274947323
2024,Prov. Sulawesi Selatan,Kab. Pangkajene Kepulauan,L,D3,22,53.0,12.058861291805583,15.731162462169934,14.209683088186255,14.410537260065313,13.678016851658782,11.198592980477489,13.184222123540284
2025,Prov. Sulawesi Selatan,Kab. Pangkajene Kepulauan,L,D4,134,575.0,130.82726873185302,108.89545613601169,105.25619558877098,114.62682413572324,96.00707904688285,108.51222912704812,97.1073668977959
2026,Prov. Sulawesi Selatan,Kab. Pangkajene Kepulauan,L,S1,39,403.0,91.69285095467264,60.26475518683962,51.032341713153954,47.98832710765468,52.2981895491253,49.91199221951796,58.12533201855713
2027,Prov. Sulawesi Selatan,Kab. Pangkajene Kepulauan,L,S2 Terapan,3,12.0,2.7303082170125847,4.269524271670416,3.7233832191478244,3.194280459505808,3.396653207466985,3.590821465437647,4.473830810320651
2028,Prov. Sulawesi Selatan,Kab. Pangkajene Kepulauan,P,D3,32,69.0,15.699272247822362,22.891599095127162,20.678920294780976,21.13718846509481,19.742246223816576,19.716294125479916,20.416050667790405
2029,Prov. Sulawesi Selatan,Kab. Pangkajene Kepulauan,P,D4,318,1018.0,231.6211470765676,219.38904669373878,212.5033440104274,234.07270183947205,192.90195768135098,151.53233359812975,151.63378723070744
2030,Prov. Sulawesi Selatan,Kab. Pangkajene Kepulauan,P,S1,152,1095.0,249.14062480239835,204.8596397830414,179.51179040111458,177.02226198057423,185.1270405154608,203.21738294364332,177.4753701393503
2031,Prov. Sulawesi Selatan,Kab. Pangkajene Kepulauan,P,S2 Terapan,3,13.0,2.9578339017636335,5.1128179353322345,4.444904525871293,3.8290195462637597,4.062829643493376,3.2858333046880066,4.972659434704101
2032,Prov. Sulawesi Selatan,Kab. Pinrang,L,Profesi,24,41.0,9.328553074792998,60.67093604220272,49.27286919856205,53.05327715049917,48.83258493759729,24.291364405417326,21.28318225477436
2033,Prov. Sulawesi Selatan,Kab. Pinrang,L,S1,163,1309.0,297.8311213391228,161.3868113797536,126.23271975482685,120.8510254829033,178.6473532769198,146.31398531528816,144.03599718252656
2034,Prov. Sulawesi Selatan,Kab. Pinrang,P,Profesi,82,160.0,36.4041095601678,257.63606995523946,207.6432439601217,223.3052654290901,184.7507133821577,77.6850208932018,118.14595634099645
2035,Prov. Sulawesi Selatan,Kab. Pinrang,P,S1,233,1287.0,292.8255562745997,208.50126454307505,170.8461148288173,174.14260891875946,212.25265291712762,229.50517034050284,218.71834630118173
2036,Prov. Sulawesi Selatan,Kab. Sidenreng Rappang,L,D3,4,15.0,3.412885271265731,4.459566379793466,4.081099596518897,4.295938732566427,3.616496974897274,2.7674547021778175,3.624025230956677
2037,Prov. Sulawesi Selatan,Kab. Sidenreng Rappang,L,D4,18,52.0,11.831335607054534,6.874101141226843,5.984032105722286,5.916316824313088,6.033569963089709,11.229070170094952,7.460364117267943
2038,Prov. Sulawesi Selatan,Kab. Sidenreng Rappang,L,Profesi,281,306.0,69.62285953382091,438.4941597196656,365.1630297002392,370.52757367413017,217.59649546750407,350.0635521306221,385.23088921129914
2039,Prov. Sulawesi Selatan,Kab. Sidenreng Rappang,L,S1,351,2240.0,509.65753384234915,263.1000774697834,213.99175627401775,194.98314968366196,172.02568942848262,283.19166665670383,228.6207073864154
2040,Prov. Sulawesi Selatan,Kab. Sidenreng Rappang,L,S2,31,126.0,28.66823627863214,32.514138079283526,29.120731821077737,27.10231323695304,27.332328172016872,23.19614989925576,28.793155996422247
2041,Prov. Sulawesi Selatan,Kab. Sidenreng Rappang,P,D3,33,109.0,24.800299637864313,34.58178335006655,31.230933336329123,32.619223668491934,30.436968012093356,37.80779978766502,34.8884348199739
2042,Prov. Sulawesi Selatan,Kab. Sidenreng Rappang,P,D4,82,171.0,38.90689209242933,25.296401537204364,22.029806421619362,21.961592291655087,19.23519843383742,18.51712761645129,19.24087088653146
2043,Prov. Sulawesi Selatan,Kab. Sidenreng Rappang,P,Profesi,1523,1642.0,373.597174361222,2657.725953021771,2220.0763635231847,2278.5955389417386,1870.5847949208328,1863.2901916252413,1901.4689590587486
2044,Prov. Sulawesi Selatan,Kab. Sidenreng Rappang,P,S1,1107,4431.0,1008.1663091318969,709.871570857998,611.6761188337463,601.1949628010548,584.5632126102855,797.3072888882484,828.1740024128036
2045,Prov. Sulawesi Selatan,Kab. Sidenreng Rappang,P,S2,40,125.0,28.440710593881093,44.27418890424361,42.0637596390563,42.30074212509385,43.5143486659246,49.080765156061275,51.764049678031945
2046,Prov. Sulawesi Selatan,Kab. Sinjai,L,D4,8,81.0,18.42958046483495,15.665582250371443,13.735755104772307,15.752031041229321,23.019449588148344,14.010858290952982,10.558000858097543
2047,Prov. Sulawesi Selatan,Kab. Sinjai,L,S1,278,1636.0,372.2320202527157,290.4921469726903,235.78051179282673,248.1170517646977,264.87106864293605,283.592896220865,258.19783128461177
2048,Prov. Sulawesi Selatan,Kab. Sinjai,L,S2,28,58.0,13.196489715560826,17.123357454052528,14.39456528718614,14.297428180828698,19.777815959079902,12.038988035955752,8.897215326321147
2049,Prov. Sulawesi Selatan,Kab. Sinjai,P,D3,32,36.0,8.190924651037754,11.17965496063555,9.06150348848066,9.58064798765388,6.004009319590436,11.265130370902384,17.939680686747323
2050,Prov. Sulawesi Selatan,Kab. Sinjai,P,D4,2,5.0,1.1376284237552436,1.052255903602009,0.9156117377425629,1.048750464724997,1.739315353586778,2.270312855904036,2.4440213381861695
2051,Prov. Sulawesi Selatan,Kab. Sinjai,P,S1,514,2522.0,573.8197769421449,500.0278927255924,405.759272670823,430.21974227468706,499.76386832607,446.76709275452185,487.53815640901524
2052,Prov. Sulawesi Selatan,Kab. Sinjai,P,S2,21,46.0,10.466181498548242,13.831194631449216,11.32145991190571,10.98249278944714,17.65115886703974,12.067581657729137,13.881595514422218
2053,Prov. Sulawesi Selatan,Kab. Soppeng,L,D3,16,43.0,9.783604444295095,11.613196152466298,10.284657365182744,10.915502732539384,11.82718173898012,13.532956618618096,10.526516482739552
2054,Prov. Sulawesi Selatan,Kab. Soppeng,L,S1,191,1048.0,238.44691761909905,171.63458812109633,149.94331244617055,156.83160869729238,181.63575373178773,161.31329226227103,154.88503347281733
2055,Prov. Sulawesi Selatan,Kab. Soppeng,P,D3,60,197.0,44.8225598959566,48.53203783406472,40.60851490130352,40.60113303782754,52.35272714914864,39.87432745110404,39.639150228768834
2056,Prov. Sulawesi Selatan,Kab. Soppeng,P,S1,225,1542.0,350.84460588611717,281.37087159773955,245.6011535448503,258.6362375794796,285.84459039068565,284.3435972728457,252.55846159752804
2057,Prov. Sulawesi Selatan,Kab. Takalar,L,Profesi,2,6.0,1.3651541085062924,6.063070521016258,4.442089947792265,4.088877642368856,5.740278120829529,2.766251076475478,2.325651430941345
2058,Prov. Sulawesi Selatan,Kab. Takalar,L,S1,13,326.0,74.17337322884188,64.82886671086081,58.54230491912901,64.1054906502032,76.06365719843686,56.62815652987794,58.03924412095599
2059,Prov. Sulawesi Selatan,Kab. Takalar,P,Profesi,8,25.0,5.688142118776218,27.94301529732084,20.412220491895802,18.870759411006258,25.347492590273312,11.321278734831528,14.243826479917333
2060,Prov. Sulawesi Selatan,Kab. Takalar,P,S1,37,518.0,117.85830470104324,111.29754072968514,99.53723874991094,108.60327116069712,127.22352716425227,106.08410594343574,101.20807056155797
2061,Prov. Sulawesi Selatan,Kab. Tana Toraja,L,D3,11,44.0,10.011130129046144,10.397288621336942,8.922238526044719,8.740271694727157,8.841050918333213,10.671932504640457,11.062593593137917
2062,Prov. Sulawesi Selatan,Kab. Tana Toraja,L,Profesi,3,4.0,0.9101027390041949,4.530346827259356,3.532028518664483,3.328915041653394,2.932240153914565,3.287133921915757,4.192373023433719
2063,Prov. Sulawesi Selatan,Kab. Tana Toraja,L,S1,958,5144.0,1170.3921223593948,719.8521558029977,607.916451925894,584.3109281141942,602.3759649278506,678.5927961140526,650.094261817003
2064,Prov. Sulawesi Selatan,Kab. Tana Toraja,L,S2,51,147.0,33.44627565840416,39.68982442209684,36.069840438334566,34.28933126971533,37.22965652655403,28.589521572392506,34.93892168372895
2065,Prov. Sulawesi Selatan,Kab. Tana Toraja,L,S3,3,10.0,2.2752568475104873,1.4291852322915966,1.45769848535847,1.9300932707053193,1.5263631539952163,2.064196863449697,1.7134667314553893
2066,Prov. Sulawesi Selatan,Kab. Tana Toraja,P,D3,172,596.0,135.60530811162505,167.77488025863553,146.6393003019155,147.94411158090253,151.83422355528438,167.35775294902103,181.04276551606736
2067,Prov. Sulawesi Selatan,Kab. Tana Toraja,P,Profesi,51,76.0,17.291952041079703,72.34979842471421,51.979348023759464,44.833590503595445,41.44830777433318,91.4414560479095,92.14310583933698
2068,Prov. Sulawesi Selatan,Kab. Tana Toraja,P,S1,1555,7415.0,1687.1029524290263,1277.9377980520703,1111.3995295270238,1114.0149441552746,1134.386588040193,1260.675909911012,1221.438879844182
2069,Prov. Sulawesi Selatan,Kab. Tana Toraja,P,S2,66,215.0,48.918022221475475,67.98724541448287,62.62423074048364,60.96093461375384,71.87734154417494,83.21381425214945,92.36194829668284
2070,Prov. Sulawesi Selatan,Kab. Tana Toraja,P,S3,2,4.0,0.9101027390041949,0.7950035141692596,0.8633885446277624,1.2407296267055072,0.7744064105174852,1.4383698741527309,1.4069717021286772
2071,Prov. Sulawesi Selatan,Kab. Toraja Utara,L,Profesi,10,30.0,6.825770542531462,22.744057203221907,15.314829399337714,12.803841851214225,18.594372184319464,16.172751664014417,18.18072514109215
2072,Prov. Sulawesi Selatan,Kab. Toraja Utara,L,S1,15,106.0,24.117722583611165,11.403051514790448,8.616016950152607,7.670647381717423,12.733842098104818,14.865644932092449,17.696366152924956
2073,Prov. Sulawesi Selatan,Kab. Toraja Utara,P,D3,10,59.0,13.424015400311875,15.209996669129014,12.562339163233874,12.501832088020421,16.06365108920778,13.792016924898821,18.338358293731037
2074,Prov. Sulawesi Selatan,Kab. Toraja Utara,P,Profesi,35,111.0,25.255351007366407,92.48649461222287,61.97920701247383,51.92945828389616,72.26264742926068,88.49623169292789,93.19568957299084
2075,Prov. Sulawesi Selatan,Kab. Toraja Utara,P,S1,115,770.0,175.1947772583075,86.15090255532428,63.805941979317545,55.90273573159745,52.49789382375795,83.04298336570952,88.18600006065515
2076,Prov. Sulawesi Selatan,Kab. Wajo,L,S1,268,1754.0,399.08005105333945,197.61575434144385,147.25642942010555,132.9993646480958,202.59629627125997,191.1567063013977,201.615099566987
2077,Prov. Sulawesi Selatan,Kab. Wajo,L,S2,38,84.0,19.112157519088093,20.382599732721054,16.94340804119137,15.767068208822673,18.54401172166178,17.30621619765368,18.611380517173146
2078,Prov. Sulawesi Selatan,Kab. Wajo,P,D3,34,141.0,32.08112154989787,34.341172844746765,27.156785343197605,26.47714803772206,37.77150649946365,27.79274940912596,35.818337947790766
2079,Prov. Sulawesi Selatan,Kab. Wajo,P,S1,388,2063.0,469.38548764141353,302.0981861146347,235.08860375070128,225.22742476787107,238.67207426453808,181.64533140717646,268.45878108817305
2080,Prov. Sulawesi Selatan,Kab. Wajo,P,S2,55,140.0,31.853595865146822,47.10430931291882,41.65775949396176,42.03168454152555,49.20229324253531,44.87944688137086,47.904503068024255
2081,Prov. Sulawesi Selatan,Kota Makassar,L,D3,1610,6834.0,1554.910529588667,1729.562513138634,1724.3209804427775,1701.4526755269076,1691.499977782712,1791.9386524721865,1843.7617534095841
2082,Prov. Sulawesi Selatan,Kota Makassar,L,D4,1160,8067.0,1835.4496988867102,1302.520426562858,1398.7828516050572,1490.248633630902,1408.6001285154025,1809.8177417144007,1579.1545594738932
2083,Prov. Sulawesi Selatan,Kota Makassar,L,Profesi,12939,12134.0,2760.7966587692254,16009.340625954273,15996.357013298877,16609.295230351374,15429.516709844065,10411.141486243023,12944.610127160302
2084,Prov. Sulawesi Selatan,Kota Makassar,L,S1,13286,90741.0,20645.908159994913,12794.437536709896,12654.17076504363,12256.30581719453,14323.34527326512,16516.92526130496,15807.69488752548
2085,Prov. Sulawesi Selatan,Kota Makassar,L,S2,2842,10755.0,2447.038739497529,2708.2325438202465,2741.935471902874,2500.71727673777,2851.094842036241,2597.4156751698847,3565.6272690296296
2086,Prov. Sulawesi Selatan,Kota Makassar,L,S2 Terapan,74,157.0,35.72153250591465,48.46693766858331,46.77955116863554,39.20611372274529,52.598820156808614,29.811204921820945,40.04558369162809
2087,Prov. Sulawesi Selatan,Kota Makassar,L,S3,389,2570.0,584.7410098101952,331.4907252999467,373.13249755945196,468.74303950555435,436.12115515697485,572.1264813399936,480.8367247737132
2088,Prov. Sulawesi Selatan,Kota Makassar,L,Sp-1,194,911.0,207.2758988082054,183.8610241768841,235.8548191931518,337.5567772480665,188.91181503286435,191.1341219455443,205.46090968783489
2089,Prov. Sulawesi Selatan,Kota Makassar,L,Sp-2,20,68.0,15.471746563071314,21.73473827497837,27.249437639856264,27.481072980817657,17.350651171749817,21.019980236175083,23.141695564635867
2090,Prov. Sulawesi Selatan,Kota Makassar,P,D3,3372,11547.0,2627.23908182036,3240.6898542460362,3223.7934508607086,3197.670131866008,3205.986513661775,2921.3614562294115,3385.402249858346
2091,Prov. Sulawesi Selatan,Kota Makassar,P,D4,1935,9825.0,2235.4398526790537,1867.0597487595041,2023.3667177129978,2200.5249154963954,1903.9158727104505,2265.6124631740913,1854.7410420805818
2092,Prov. Sulawesi Selatan,Kota Makassar,P,Profesi,30259,27328.0,6217.82191287666,38658.321715694176,38025.563996016805,39114.73584880559,35471.366761336525,18475.5915149737,30786.59150655224
2093,Prov. Sulawesi Selatan,Kota Makassar,P,S1,21767,122562.0,27886.002974458035,21603.133697314934,22221.85500844499,22663.624167209364,24164.80268788831,22664.442965292794,24633.68127484971
2094,Prov. Sulawesi Selatan,Kota Makassar,P,S2,3730,11347.0,2581.73394487015,3598.867469294874,3770.9523370918646,3609.525754357391,3582.5847881427876,3039.4882631436953,3820.235057897168
2095,Prov. Sulawesi Selatan,Kota Makassar,P,S2 Terapan,55,131.0,29.80586470238738,48.41972142056161,47.66850302111401,41.21619123071278,48.08390602798218,36.3122058254839,42.00893746234876
2096,Prov. Sulawesi Selatan,Kota Makassar,P,S3,274,1661.0,377.9201623714919,262.52025193778604,303.4652613752506,396.444439730244,314.4475728367009,385.6243391302626,365.4708522455607
2097,Prov. Sulawesi Selatan,Kota Makassar,P,Sp-1,264,1345.0,306.02204599016056,294.370665492683,374.3745189153869,534.5407800525734,302.7126996197146,336.39945779454456,338.7584022768551
2098,Prov. Sulawesi Selatan,Kota Makassar,P,Sp-2,5,34.0,7.735873281535657,12.040579866682897,15.058531009817163,15.261202017714977,16.257105033156975,9.923146368858168,7.34226430113162
2099,Prov. Sulawesi Selatan,Kota Palopo,L,D3,96,836.0,190.21147245187674,215.3126764812424,196.17908624120753,200.02545605428998,208.74199942856654,177.1470699727965,170.2696796704492
2100,Prov. Sulawesi Selatan,Kota Palopo,L,Profesi,383,436.0,99.20119855145725,611.912672763918,525.5421670098749,538.4507507865757,419.3732472592749,387.530988967942,466.7593792587973
2101,Prov. Sulawesi Selatan,Kota Palopo,L,S1,993,9434.0,2146.4773099413937,1169.4824569589912,992.0121949188035,928.1804715384579,1179.934114558346,883.9416305555005,944.1522352936637
2102,Prov. Sulawesi Selatan,Kota Palopo,L,S2,111,461.0,104.88934067023347,110.9918848692502,101.10410505404077,93.46309813596402,117.87039548784702,103.58097697270699,124.35420842078192
2103,Prov. Sulawesi Selatan,Kota Palopo,P,D3,207,1062.0,241.63227720561375,302.25399179547156,274.782054885208,281.5259541968516,310.38252446225255,231.4107341396533,259.39169943277176
2104,Prov. Sulawesi Selatan,Kota Palopo,P,Profesi,2870,4297.0,977.6778673752564,5662.735559668623,4626.779094446201,4504.307828413757,4293.067738849089,3228.041642719286,4312.280848419554
2105,Prov. Sulawesi Selatan,Kota Palopo,P,S1,3057,20841.0,4741.862795896606,3428.691749324933,3056.163020713022,3055.287052107151,3572.4408147290806,3038.6708512034543,3132.2239472314045
2106,Prov. Sulawesi Selatan,Kota Palopo,P,S2,196,542.0,123.31892113506841,171.6262066916199,163.81975068882454,161.28428336603704,198.97116449472676,150.13384558918742,164.40286285488494
2107,Prov. Sulawesi Selatan,Kota Pare-Pare,L,D3,10,93.0,21.159888681847534,14.83647184454069,11.315135181291145,9.40509526281649,10.306358054590284,13.608978236673822,12.715344935409213
2108,Prov. Sulawesi Selatan,Kota Pare-Pare,L,Profesi,535,538.0,122.40881839606422,849.657926239669,724.969000340724,741.2227859458037,1483.8077675585794,602.7218387974666,593.9000588737371
2109,Prov. Sulawesi Selatan,Kota Pare-Pare,L,S1,832,6065.0,1379.9432780151105,815.9510421006913,675.7504822832524,619.6594539352037,661.2268819709642,763.9154664637852,684.61170984232
2110,Prov. Sulawesi Selatan,Kota Pare-Pare,L,S2,132,611.0,139.0181933828908,165.8345875856252,150.153373939476,138.59998459291143,126.45388209754881,146.74138237622208,150.58807732930768
2111,Prov. Sulawesi Selatan,Kota Pare-Pare,L,S3,11,95.0,21.614940051349627,8.206483790506681,7.206521116620453,7.79863089853137,6.333367964095528,11.749685107271784,10.156133561123161
2112,Prov. Sulawesi Selatan,Kota Pare-Pare,P,D3,50,244.0,55.51626707925589,68.7310824598554,59.772389032074585,58.46384564553895,57.29258814148087,65.8888401590265,75.09399715680928
2113,Prov. Sulawesi Selatan,Kota Pare-Pare,P,Profesi,2143,2150.0,489.1802222147548,3694.7932524484877,3128.5957259620923,3194.8874812947515,6057.2969702366345,2188.8450531764834,2149.220463620448
2114,Prov. Sulawesi Selatan,Kota Pare-Pare,P,S1,1487,8018.0,1824.3009403339088,1469.491056876201,1289.8151817921066,1276.0735349618758,1204.397226745889,1246.3617027549633,1118.6087938570952
2115,Prov. Sulawesi Selatan,Kota Pare-Pare,P,S2,147,575.0,130.82726873185302,191.72022267211108,178.3733117381424,171.3471913634566,186.5554986972982,159.04861670828464,184.00686893454872
2116,Prov. Sulawesi Selatan,Kota Pare-Pare,P,S3,2,15.0,3.412885271265731,1.8731214728829775,1.7710059727605256,2.1075136523811824,1.7401630088422455,1.7300904932988814,1.260621022597398
2117,Prov. Sulawesi Tengah,Kab. Banggai,L,D3,143,369.0,83.95697767313698,65.26772623118906,55.459773745075395,52.95969161471746,60.01853479304238,56.97490014817709,54.52209118477046
2118,Prov. Sulawesi Tengah,Kab. Banggai,L,S1,308,4220.0,960.1583896494257,479.29001052308865,385.1251602243569,352.0450109740578,419.65213493281595,654.463725261205,738.5960739887391
2119,Prov. Sulawesi Tengah,Kab. Banggai,L,S2,33,55.0,12.51391266130768,20.878208196487847,21.206377907343352,23.156646126989102,16.34310474611292,14.082369334440724,8.467651416088522
2120,Prov. Sulawesi Tengah,Kab. Banggai,P,D3,250,576.0,131.05479441660407,96.92050688382248,80.09889210639778,74.11439618265005,105.58511049945464,103.44542222338741,95.34222784280723
2121,Prov. Sulawesi Tengah,Kab. Banggai,P,S1,623,4940.0,1123.9768826701807,744.6304203186036,629.0301989935589,614.6057019702578,699.5753938332025,859.8616344669426,820.2422247968186
2122,Prov. Sulawesi Tengah,Kab. Banggai,P,S2,38,61.0,13.879066769813972,25.197079947157377,25.39846492866357,27.700871095599624,19.876088177020765,17.557688782908244,15.241743321101161
2123,Prov. Sulawesi Tengah,Kab. Buol,L,S1,46,458.0,104.20676361598032,69.79142531792377,52.22881751148087,53.502438229123115,84.66945372123233,48.089194802730646,53.846891554571904
2124,Prov. Sulawesi Tengah,Kab. Buol,P,S1,36,431.0,98.06357012770201,70.80945038991422,52.44834135604324,53.494957808379745,101.51302036168815,47.51551014066161,54.184283953412915
2125,Prov. Sulawesi Tengah,Kab. Marowali,L,D3,76,299.0,68.03017974056357,97.40027023620421,90.57845323033366,95.42916303802903,76.59427692807976,68.00394384086512,67.30214367823223
2126,Prov. Sulawesi Tengah,Kab. Marowali,P,D3,14,201.0,45.732662634960796,71.26290212192798,65.77148717061229,69.21507464819757,56.4076431249735,56.76801946598872,56.601168813619836
2127,Prov. Sulawesi Tengah,Kab. Poso,L,Profesi,3,4.0,0.9101027390041949,5.977496923452969,4.760576080579959,5.08682633026646,7.004455412006827,2.8616953461130996,1.5509692443730214
2128,Prov. Sulawesi Tengah,Kab. Poso,L,S1,37,494.0,112.39768826701807,64.2410012147894,49.89440512412924,48.107534617292785,73.98103055364432,63.15274473120536,49.44508157155172
2129,Prov. Sulawesi Tengah,Kab. Poso,P,D3,41,163.0,37.08668661442094,39.714493225751035,31.417275585173805,31.153272883095735,48.34825551674971,34.157842110626824,34.479326586041374
2130,Prov. Sulawesi Tengah,Kab. Poso,P,Profesi,15,18.0,4.095462325518877,27.34197364564868,21.191475424770477,22.10050517832216,20.210176674319914,10.36584470377901,8.971739727920884
2131,Prov. Sulawesi Tengah,Kab. Poso,P,S1,74,1002.0,227.98073612055083,157.26817665127493,124.87591626727418,124.55414467252147,189.4687560660519,144.9650914653065,130.1777487824788
2132,Prov. Sulawesi Tengah,Kab. Sigi,L,S1,7,15.0,3.412885271265731,2.4632828477471453,1.8834146387158084,1.9788503230123584,2.0378916356756585,4.801223915048483,3.9410889762492585
2133,Prov. Sulawesi Tengah,Kab. Sigi,L,S2,3,12.0,2.7303082170125847,3.28050174949249,2.5987174579815635,2.5781902062446433,4.123916281988461,3.991081856650002,2.6638558227012825
2134,Prov. Sulawesi Tengah,Kab. Sigi,P,S1,6,22.0,5.005565064523072,4.629733693497488,3.6817505855418298,4.083699889462083,3.297800675700042,4.104991453035622,4.672487578778974
2135,Prov. Sulawesi Tengah,Kab. Sigi,P,S2,3,12.0,2.7303082170125847,4.850577902115887,4.164029932161404,4.577737440618512,3.6987433265448755,4.339085574959707,2.3777329109608565
2136,Prov. Sulawesi Tengah,Kab. Toli-Toli,L,S1,201,1827.0,415.68942604016604,212.00752497799613,174.73851392914636,158.5371617027935,196.35823476758273,191.98430032733606,216.89591473817651
2137,Prov. Sulawesi Tengah,Kab. Toli-Toli,P,S1,354,2803.0,637.7544943571896,418.87931737713365,359.95356035622666,345.62815309033516,384.2362084541253,311.0117210512529,326.10798313172234
2138,Prov. Sulawesi Tengah,Kota Palu,L,D3,180,919.0,209.09610428621377,173.31195254756133,149.49378992869364,134.4280852252463,167.1787550260075,127.83674589995803,134.23052095459562
2139,Prov. Sulawesi Tengah,Kota Palu,L,D4,52,725.0,164.95612144451033,112.50863062981225,110.81675023017615,115.86431861268714,115.81665198327957,106.98223262529342,103.23252749471521
2140,Prov. Sulawesi Tengah,Kota Palu,L,Profesi,2011,802.0,182.47559917034107,1072.5597455320303,941.1361585123489,930.240812076953,820.1467851746222,639.7846541893257,948.3418677684361
2141,Prov. Sulawesi Tengah,Kota Palu,L,S1,3814,33610.0,7647.138264482748,4472.764854423372,4023.021554242524,3790.229045109906,4182.721578651556,4525.106008147556,4366.0197813249615
2142,Prov. Sulawesi Tengah,Kota Palu,L,S2,298,1527.0,347.43172061485143,392.4430726523259,377.3373616801198,349.71639215439404,352.5800347225507,400.90390092335906,468.7125396958343
2143,Prov. Sulawesi Tengah,Kota Palu,L,S3,46,333.0,75.76605302209923,41.67912732158496,43.969323205273994,55.236726582737475,48.58199497183179,52.50589036480214,53.091421535060334
2144,Prov. Sulawesi Tengah,Kota Palu,P,D3,1143,3568.0,811.8116431917418,937.6537732800805,861.6857961705766,841.541494717049,872.9588298501748,866.2786594950264,888.1163414890768
2145,Prov. Sulawesi Tengah,Kota Palu,P,D4,357,1088.0,247.54794500914102,205.0493183048297,206.07292943140408,222.66496493768756,197.67592806964146,213.6858535112766,199.11742371897694
2146,Prov. Sulawesi Tengah,Kota Palu,P,Profesi,5911,1792.0,407.7260270738793,2611.3618733360654,2275.644382429336,2248.280571898573,1967.6416936125313,1774.9706799711635,2860.0420251763753
2147,Prov. Sulawesi Tengah,Kota Palu,P,S1,6656,41713.0,9490.778888020495,7095.865859295513,6628.215788173166,6582.5454656545935,6558.495806260305,7487.922834306132,7316.291309257929
2148,Prov. Sulawesi Tengah,Kota Palu,P,S2,387,1441.0,327.86451172626124,469.6248785232191,468.2905873276638,456.59731490804035,446.20890464951844,421.0286334861765,443.11468795732327
2149,Prov. Sulawesi Tengah,Kota Palu,P,S3,16,199.0,45.277611265458695,29.086672188753184,31.015574660185255,39.795820658390966,29.80252843567997,28.43277629941615,25.96342640687165
2150,Prov. Sulawesi Tenggara,Kab. Kolaka,L,D3,1,18.0,4.255655902826867,3.807991647961222,2.932473237325641,2.714945870465364,4.13667941079383,4.91559679516135,5.0485736695170225
2151,Prov. Sulawesi Tenggara,Kab. Kolaka,L,D4,9,44.0,10.402714429132342,8.789010529755506,8.064707845574098,9.190363389958682,13.342735381516396,10.613834816040022,6.223784619058251
2152,Prov. Sulawesi Tenggara,Kab. Kolaka,L,S1,460,4266.0,1008.5904489699674,531.6440607293648,423.24859042852205,391.176017109129,554.1875686093074,582.1826578173918,602.1500221952092
2153,Prov. Sulawesi Tenggara,Kab. Kolaka,L,S2,3,12.0,2.837103935217911,4.456518082157502,4.3075314666859645,4.681946742700361,4.6200284931382285,3.0333065579811826,2.4359281752923527
2154,Prov. Sulawesi Tenggara,Kab. Kolaka,P,D3,55,311.0,73.52827698773086,90.15328249740388,74.70488131334604,75.82738095773082,80.88566125942687,85.10625912371994,87.49231907653106
2155,Prov. Sulawesi Tenggara,Kab. Kolaka,P,D4,12,60.0,14.185519676089555,13.131712590704922,11.943300092854237,13.575007439892332,24.315744347388726,13.339022911545861,11.377648172383402
2156,Prov. Sulawesi Tenggara,Kab. Kolaka,P,S1,923,5543.0,1310.5055927427402,913.0645652895352,771.8764815413373,770.6210997218167,953.1011379164448,738.0693186589165,749.2833785364782
2157,Prov. Sulawesi Tenggara,Kab. Kolaka,P,S2,10,31.0,7.329185165979604,12.614177300989923,12.084982842213302,13.101340548223828,12.614290245056846,6.398734275174853,7.832651423872243
2158,Prov. Sulawesi Tenggara,Kab. Konawe,L,D3,1,181.0,42.79298435620349,53.71702407529109,48.15027286372841,50.64655107990609,56.13972233978076,53.65206453377026,55.46391138128451
2159,Prov. Sulawesi Tenggara,Kab. Konawe,L,S1,138,861.0,203.56220735188512,95.99468515713919,75.42742712484979,65.18460301844986,80.16944653654615,105.28076452849432,106.41177871576761
2160,Prov. Sulawesi Tenggara,Kab. Konawe,P,D3,25,238.0,56.26922804848857,82.41514557945415,74.93451310162013,80.73430422082656,82.96090201825452,73.78400422909166,74.8594802796164
2161,Prov. Sulawesi Tenggara,Kab. Konawe,P,S1,156,804.0,190.08596365960005,119.61346535932145,100.15220924936109,93.83273983746736,97.19321235631142,127.89393491639039,99.14416687791363
2162,Prov. Sulawesi Tenggara,Kab. Muna,L,D3,6,23.0,5.4377825425009965,4.793915628829694,3.655058627965677,3.412066900367289,5.328331592319158,5.1979929002679315,4.629837857628479
2163,Prov. Sulawesi Tenggara,Kab. Muna,L,D4,2,46.0,10.875565085001993,7.575497983944482,6.446186005870672,6.869343132044678,9.402368908084778,9.719436753811133,6.694866129795453
2164,Prov. Sulawesi Tenggara,Kab. Muna,L,Profesi,2,6.0,1.4185519676089555,7.154168864637328,5.708768919495642,5.717596979185263,7.158390238487456,4.432718437665254,3.912563070347576
2165,Prov. Sulawesi Tenggara,Kab. Muna,L,S1,27,574.0,135.70813823459008,83.1432704975541,69.65634744932962,69.30202728031045,79.50820343480089,92.81420058116754,90.0269413083645
2166,Prov. Sulawesi Tenggara,Kab. Muna,P,D3,46,198.0,46.81221493109553,57.102919248729066,47.016098620503634,48.3181385856014,57.19947490246755,48.43369999697228,39.67795189674582
2167,Prov. Sulawesi Tenggara,Kab. Muna,P,D4,9,160.0,37.82805246957215,31.174739314365873,27.045727463358592,29.695314313585335,37.175754625691475,32.74930300317799,34.53317936324486
2168,Prov. Sulawesi Tenggara,Kab. Muna,P,Profesi,6,12.0,2.837103935217911,18.640840580602838,15.711778399058042,16.88783352357144,13.317920081284665,7.430360089428516,9.1064900606465
2169,Prov. Sulawesi Tenggara,Kab. Muna,P,S1,67,845.0,199.7794021049279,145.56502455712766,124.57285682869845,127.9792751551068,161.09687653435813,154.0692420407871,168.0666069089469
2170,Prov. Sulawesi Tenggara,Kab. Wakatobi,L,D1,22,22.0,5.201357214566171,18.536709854949812,6.670638048507011,6.798251308996089,18.445531000437327,11.006459871365577,14.034532955884394
2171,Prov. Sulawesi Tenggara,Kab. Wakatobi,L,S1,48,382.0,90.3144752711035,45.09887947130222,32.51715645984798,30.51720204621542,53.41328644876586,17.541119783801232,15.454969076363193
2172,Prov. Sulawesi Tenggara,Kab. Wakatobi,P,D1,19,21.0,4.964931886631344,19.387065444724403,6.915142307045543,7.02914735004904,18.849153214731764,10.470927546689028,12.107633017678637
2173,Prov. Sulawesi Tenggara,Kab. Wakatobi,P,S1,80,618.0,146.11085266372243,91.75561232436651,68.97995344336205,68.44571534162182,99.01090473412198,47.120598750254814,42.538923792682006
2174,Prov. Sulawesi Tenggara,Kota Baubau,L,D3,17,73.0,17.259048939242295,20.559541192614432,19.046979263924932,19.37728869294142,22.0643068212425,20.528427157375873,23.305992637053734
2175,Prov. Sulawesi Tenggara,Kota Baubau,L,D4,6,211.0,49.88574419424827,38.37702692310369,36.84636845008295,39.291656727086746,44.813019400159824,31.02593730480117,28.760472318099715
2176,Prov. Sulawesi Tenggara,Kota Baubau,L,Profesi,6,14.0,3.309954591087563,8.452976668737355,5.715017916679559,4.118438496857977,19.23068594300663,5.627387688593647,6.803957899915311
2177,Prov. Sulawesi Tenggara,Kota Baubau,L,S1,887,7370.0,1742.454666879667,965.0443388481308,847.5185718766406,775.6510958825512,930.0140389150325,811.7655209219549,835.791046291535
2178,Prov. Sulawesi Tenggara,Kota Baubau,L,S2,51,116.0,27.425338040439808,38.59678102184917,38.80419947074661,39.198347264266836,46.9014043242665,47.66973983867301,43.86023104933099
2179,Prov. Sulawesi Tenggara,Kota Baubau,P,D3,223,975.0,230.51469473645528,300.7288851531229,276.1007859505345,280.104722981376,317.72438688809865,224.1549307733136,243.4638651439036
2180,Prov. Sulawesi Tenggara,Kota Baubau,P,D4,29,298.0,70.45474772457813,60.40875806688265,57.84960112586442,61.974476290301105,77.12091062505613,37.80644013782927,35.74400473270564
2181,Prov. Sulawesi Tenggara,Kota Baubau,P,Profesi,37,57.0,13.476243692285077,38.30219618284721,25.81535831007092,18.678178941864047,74.29653758377509,44.9660392897044,59.83353064487145
2182,Prov. Sulawesi Tenggara,Kota Baubau,P,S1,1690,10427.0,2465.20689437643,1698.9736717023918,1549.6439028225789,1493.4436812894814,1480.3287386281556,1482.598658387625,1474.725415873096
2183,Prov. Sulawesi Tenggara,Kota Baubau,P,S2,20,48.0,11.348415740871644,17.96226053005129,18.072161775477174,18.41064965233117,27.51227350729075,13.377489204880433,13.70508951567584
2184,Prov. Sulawesi Tenggara,Kota Kendari,L,D3,249,2028.0,479.470565051827,453.85211697434505,380.59695675871836,357.7660934196245,412.30658383210056,374.3306622480201,397.7640449177148
2185,Prov. Sulawesi Tenggara,Kota Kendari,L,D4,29,182.0,43.02940968413832,26.047924616671626,22.57196685056025,21.919150008438226,22.074503115753355,35.542368129204455,27.50477315659589
2186,Prov. Sulawesi Tenggara,Kota Kendari,L,Profesi,2338,2338.0,552.762416711623,3372.8694523419026,3095.1023244999756,3249.156424831842,3197.127486968477,2794.201125241319,3067.128611723466
2187,Prov. Sulawesi Tenggara,Kota Kendari,L,S1,4871,33714.0,7970.843505994721,4760.289942877674,4235.293325509715,4045.7983110244127,4162.002691445255,3368.6539707728125,3585.6553695392045
2188,Prov. Sulawesi Tenggara,Kota Kendari,L,S2,648,2280.0,539.0497476914031,592.5279742037935,536.1942605005331,491.6915800783926,485.21963376374146,474.34035849437424,552.8469708222086
2189,Prov. Sulawesi Tenggara,Kota Kendari,L,S3,71,310.0,73.29185165979604,43.8702651845264,44.59760964288764,57.29333764949364,38.904735187265004,47.290395422728245,42.15196773003496
2190,Prov. Sulawesi Tenggara,Kota Kendari,P,D3,842,3702.0,875.2465640147255,1016.1737768614678,880.857531476163,859.1498345462494,886.1570607087825,848.41947718471,969.458753255595
2191,Prov. Sulawesi Tenggara,Kota Kendari,P,D4,286,1311.0,309.9536049225568,216.0039251319659,188.92996390217053,186.8573626729265,173.68941154151352,218.6967969045646,199.15112429210131
2192,Prov. Sulawesi Tenggara,Kota Kendari,P,Profesi,8047,7724.0,1826.1492329685955,12159.316270693282,11043.033779329657,11542.67878706139,10886.680048671918,6698.372506811776,7270.438384555473
2193,Prov. Sulawesi Tenggara,Kota Kendari,P,S1,7758,42156.0,9966.746124420522,7392.554190445225,6825.774528957686,6867.633197898955,6407.5539592333125,6353.662543737469,6143.977071766986
2194,Prov. Sulawesi Tenggara,Kota Kendari,P,S2,567,1594.0,376.8619727281125,517.5742102579059,487.17976401187644,471.0352328624162,465.5899891562188,508.38740829670473,559.1353704107031
2195,Prov. Sulawesi Tenggara,Kota Kendari,P,S3,31,150.0,35.46379919022389,23.56714877341608,23.861928642178505,30.746176628282196,21.14135998105527,17.243049088057713,15.947355909735707
2196,Prov. Sulawesi Utara,Kab. Bolaang Mongondaw,L,S1,6,39.0,9.220587789458211,6.03940621714786,4.664884132862526,4.887397396157109,6.489479306861868,9.343629586128172,7.70651871990774
2197,Prov. Sulawesi Utara,Kab. Bolaang Mongondaw,P,S1,15,48.0,11.348415740871644,8.39204766384536,6.49605446490604,6.874846277765253,6.846682143968337,8.39424536618007,7.17135156531017
2198,Prov. Sulawesi Utara,Kab. Kep. Sangihe,L,D3,32,280.0,66.19909182175127,55.11619682768049,41.63664194840514,35.96170051560529,83.54252770674492,34.51482361946338,33.736130995864436
2199,Prov. Sulawesi Utara,Kab. Kep. Sangihe,L,D4,6,56.0,13.239818364350253,7.8540581330570705,6.375028082185135,6.016462483597749,8.11472456173236,11.402491364854162,10.540236758632801
2200,Prov. Sulawesi Utara,Kab. Kep. Sangihe,P,D3,101,651.0,153.91288848557167,154.47660437386853,119.79819682982703,107.4560814284627,149.48001865235162,79.16611790669845,153.02033196916443
2201,Prov. Sulawesi Utara,Kab. Kep. Sangihe,P,D4,7,71.0,16.78619828337264,12.560535439951998,10.641867870960793,10.632096167881516,11.209053297636467,11.0846430045143,12.20525900147355
2202,Prov. Sulawesi Utara,Kab. Kepulauan Sitaro,L,S1,4,24.0,5.674207870435822,3.0843472109746144,2.224655859364046,2.1540074245119722,3.4296065944164305,6.000934504647715,5.533528589707817
2203,Prov. Sulawesi Utara,Kab. Kepulauan Sitaro,P,S1,22,161.0,38.064477797506974,24.442945078560538,17.96458154577457,17.910255147114903,27.44275305818241,27.508403878204067,29.833061399492166
2204,Prov. Sulawesi Utara,Kab. Minahasa,L,Profesi,1416,75.0,17.731899595111944,111.40144484077017,94.52084701368622,97.24135677084158,137.21549896710337,94.22790059856321,161.50600536243442
2205,Prov. Sulawesi Utara,Kab. Minahasa,L,S1,1003,8364.0,1977.461442846884,1098.2806189926807,869.896794756949,786.1863626954361,1237.8185588713955,925.2951943602018,1111.2610805642905
2206,Prov. Sulawesi Utara,Kab. Minahasa,L,S2,135,202.0,47.75791624283484,61.274971307566595,53.68736235341105,50.87637149684862,54.88546547184789,57.15983737958265,65.24474881387219
2207,Prov. Sulawesi Utara,Kab. Minahasa,L,S3,12,97.0,22.933256809678117,11.95453464093836,10.566250160585106,12.39312235965653,18.623829815688485,12.903093800036249,11.929186623973415
2208,Prov. Sulawesi Utara,Kab. Minahasa,P,Profesi,5848,312.0,73.76470231566569,507.7699135037222,427.02968596380776,438.1806133074847,587.2575983383426,551.6930484137305,616.0532946759589
2209,Prov. Sulawesi Utara,Kab. Minahasa,P,S1,1896,12873.0,3043.503246505014,2010.10483750026,1625.0215428122758,1534.3317782113018,1956.8230460150369,2137.220663607149,2271.114222634539
2210,Prov. Sulawesi Utara,Kab. Minahasa,P,S2,167,242.0,57.21492936022788,82.21564613702493,71.97747060709274,68.66589511657685,73.42804755696287,78.87445963275455,86.3048888610049
2211,Prov. Sulawesi Utara,Kab. Minahasa,P,S3,8,77.0,18.204750250981597,9.534600267848305,8.091349384634675,9.125037758256724,14.381461888079837,11.809597495133097,11.106900955788815
2212,Prov. Sulawesi Utara,Kab. Minahasa Selatan,L,D3,91,515.0,121.75904388643535,152.26688111919376,130.7025824801657,136.85064131476693,159.64361037513953,131.34956104965468,130.08670603086512
2213,Prov. Sulawesi Utara,Kab. Minahasa Selatan,P,D3,28,91.0,21.51470484206916,31.78588923763867,27.802516104334412,29.97472197004466,31.665516574792697,27.991313585350355,27.957867697760886
2214,Prov. Sulawesi Utara,Kab. Minahasa Utara,L,Profesi,6,23.0,5.4377825425009965,24.540472559156772,19.138316195721917,17.652455910665346,23.89904858536693,14.091400558808813,14.869070346412167
2215,Prov. Sulawesi Utara,Kab. Minahasa Utara,L,S1,268,1711.0,404.52373609648714,279.6605160759336,249.2831912450533,252.91831010610355,303.5097354333486,270.62438747397016,266.57541106154434
2216,Prov. Sulawesi Utara,Kab. Minahasa Utara,L,S2,44,91.0,21.51470484206916,31.097669813747448,29.545512696382044,30.365294269403552,30.827891843338456,27.635123375271196,25.93088468872483
2217,Prov. Sulawesi Utara,Kab. Minahasa Utara,P,D3,8,91.0,21.51470484206916,20.6412891495706,15.840708665422875,14.195880589057177,18.40456314715859,16.552144757496713,18.34000772056236
2218,Prov. Sulawesi Utara,Kab. Minahasa Utara,P,Profesi,100,166.0,39.246604437181105,158.37088868340834,113.61203913435018,95.90917848650821,136.34848291686825,92.3406423121228,111.44781662500161
2219,Prov. Sulawesi Utara,Kab. Minahasa Utara,P,S1,341,2107.0,498.14816595867825,396.7219461721073,357.0020934832181,369.32424299721794,454.5448793457938,379.0766851783039,413.30217450239115
2220,Prov. Sulawesi Utara,Kab. Minahasa Utara,P,S2,27,76.0,17.968324923046772,28.658197693131065,27.05784322350506,27.819396844918913,28.17643005320637,29.83478642612422,28.11558129237982
2221,Prov. Sulawesi Utara,Kota Bitung,L,D3,91,330.0,78.02035821849256,98.88514070463343,87.60389648735847,95.29390283003279,95.5123594749792,88.6991451135277,90.92447840070813
2222,Prov. Sulawesi Utara,Kota Bitung,L,S1,108,847.0,200.25225276079757,99.30857494732659,78.28301426277287,71.1787516928356,116.58207355853017,126.05703699370379,113.51204128515529
2223,Prov. Sulawesi Utara,Kota Bitung,P,D3,55,171.0,40.428731076855236,58.31735412495455,51.92857894593938,57.25321135088433,44.2287615371799,49.87295590282285,48.7582826826491
2224,Prov. Sulawesi Utara,Kota Bitung,P,S1,250,1658.0,391.9931937159414,226.20911120189396,180.69556465518025,168.09648270576884,222.3047900258334,218.21480147101124,251.66134403996685
2225,Prov. Sulawesi Utara,Kota Manado,L,D3,207,1074.0,253.92080220200305,273.95446467981276,248.6022762729961,242.68535944787106,224.77965962446865,253.18790396847078,236.55743257608486
2226,Prov. Sulawesi Utara,Kota Manado,L,D4,472,2757.0,651.8246291163151,458.2570229385845,432.2683297731088,445.9842726901589,367.3736926970536,543.0830249792544,422.9709044533277
2227,Prov. Sulawesi Utara,Kota Manado,L,Profesi,388,382.0,90.3144752711035,445.2171587450649,389.373801350171,370.2152221952109,835.0348491067011,513.8282432418707,564.1423052548705
2228,Prov. Sulawesi Utara,Kota Manado,L,S1,2361,19278.0,4557.807471927575,2639.9738120477255,2394.1502558410557,2235.5431545524616,2235.6093040106525,3017.1693919406157,2673.8585193693066
2229,Prov. Sulawesi Utara,Kota Manado,L,S2,226,910.0,215.1470484206916,263.6885738882489,255.99077603141734,243.6532132720052,283.48822561986424,232.47800406893631,240.03621400951124
2230,Prov. Sulawesi Utara,Kota Manado,L,S3,26,149.0,35.22737386228906,20.714297548579374,21.563877094998684,27.25411759583314,22.20745700184361,17.065282515010473,15.771573163845742
2231,Prov. Sulawesi Utara,Kota Manado,L,Sp-1,81,379.0,89.60519928729903,73.92816610400293,86.86273435382431,122.46399793849528,74.81039412165522,87.35003622456662,84.46020103722961
2232,Prov. Sulawesi Utara,Kota Manado,P,D3,854,3287.0,777.1300529217729,911.177760846777,817.1425011080588,792.3398109643305,876.980565359754,887.3394191767043,1008.1665302283103
2233,Prov. Sulawesi Utara,Kota Manado,P,D4,597,3218.0,760.8167052942698,617.0226433267335,587.672829416899,621.9797356525826,558.323127503408,693.8982439369851,822.3608077512441
2234,Prov. Sulawesi Utara,Kota Manado,P,Profesi,1246,1000.0,236.42532793482593,1257.1198504454683,1083.4839484078577,1020.7025638386293,2601.454481106869,2240.1664911956227,2442.529030201909
2235,Prov. Sulawesi Utara,Kota Manado,P,S1,4455,27712.0,6551.818687729896,4595.925389785284,4286.17462840461,4162.0602298809035,4182.1511662074645,4595.640573648462,4975.175817943739
2236,Prov. Sulawesi Utara,Kota Manado,P,S2,263,912.0,215.61989907656124,315.5623086463411,313.397632676193,308.54390029987854,310.18799704052316,245.5423288452265,285.0688533426049
2237,Prov. Sulawesi Utara,Kota Manado,P,S3,21,110.0,26.006786072830852,16.68880581601715,17.194880926194156,21.639269922679695,16.434333709404207,15.772109651191766,13.352210572198082
2238,Prov. Sulawesi Utara,Kota Manado,P,Sp-1,36,273.0,64.54411452620748,58.67684363500911,68.47701821039993,96.52237953857562,57.40439892885152,47.08375641589295,37.379860495078745
2239,Prov. Sulawesi Utara,Kota Tomohon,L,D3,47,135.0,31.9174192712015,36.10392672145011,32.181105517800844,32.662759411160984,32.011128921959155,42.65593858244282,42.329785652488376
2240,Prov. Sulawesi Utara,Kota Tomohon,L,Profesi,5,15.0,3.546379919022389,11.6299386392553,8.452189611338824,6.904177280693818,9.448521883437406,5.328355623497861,5.763251399383736
2241,Prov. Sulawesi Utara,Kota Tomohon,L,S1,425,3666.0,866.7352522090719,429.31190370991646,354.86364017655154,315.7384004151208,489.6781768998132,508.21964912377166,506.26172335793564
2242,Prov. Sulawesi Utara,Kota Tomohon,L,S3,3,42.0,9.929863773262689,3.5281478242255613,2.946173975717159,3.0715188135781335,5.370970881150179,5.606506211971471,5.194772625554925
2243,Prov. Sulawesi Utara,Kota Tomohon,P,D3,147,373.0,88.18664731969007,110.69130589496561,98.25060028529506,99.9967175718629,102.0773729183634,100.97523008239135,99.18231518891454
2244,Prov. Sulawesi Utara,Kota Tomohon,P,Profesi,57,71.0,16.78619828337264,82.7336027122798,66.93425071086023,62.33323084231904,58.246062064027626,56.86703482900265,60.34788350414238
2245,Prov. Sulawesi Utara,Kota Tomohon,P,S1,615,4499.0,1063.677550378782,647.0414375329246,552.8128967007322,514.8443205257338,582.5837311770317,700.4881566015052,790.0567370776113
2246,Prov. Sulawesi Utara,Kota. Kotamobagu,L,Profesi,18,20.0,4.728506558696519,14.08735420047575,9.384591227970324,7.728502770534505,8.615773934949356,10.378800776233472,9.895291062386498
2247,Prov. Sulawesi Utara,Kota. Kotamobagu,L,S1,68,2682.0,634.0927295212032,274.4366706836555,204.78681408787807,183.35312548866008,204.88468458383474,382.1201591229408,339.7482677632159
2248,Prov. Sulawesi Utara,Kota. Kotamobagu,P,D3,37,307.0,72.58257567599156,91.89280604457909,77.69341792690213,83.32710627412438,66.97402644862576,51.51829664631591,52.03860353967644
2249,Prov. Sulawesi Utara,Kota. Kotamobagu,P,Profesi,62,59.0,13.94909434815473,52.74545120278858,36.76044558147858,32.132200104030304,25.474139595642477,30.748591787081438,33.371993062977666
2250,Prov. Sulawesi Utara,Kota. Kotamobagu,P,S1,162,3371.0,796.9897804682982,424.13640703006723,327.31373580934473,306.3895675704099,289.6739062943839,451.0679995671108,466.89862323576676
2251,Prov. Sumatera Barat,Kab. Agam,L,Profesi,327,141.0,31.72162262246264,262.3407667762892,195.67735167503707,167.7263265728201,207.94688692626565,572.3789939538087,582.3271694208462
2252,Prov. Sumatera Barat,Kab. Agam,L,S1,565,3410.0,767.1683201602667,758.1050102844557,655.4634521314945,578.5415320767042,592.2072160888534,497.1836123460307,499.0447921331772
2253,Prov. Sumatera Barat,Kab. Agam,L,S2,71,220.0,49.49473033292043,99.26405153930652,91.82569269999753,79.44233524688443,70.98596754947494,91.78349925107344,111.02293174157347
2254,Prov. Sumatera Barat,Kab. Agam,L,S3,3,60.0,13.498562818069209,13.082692063787531,12.620523047880393,14.156811217040985,8.789931943581758,8.827898746653418,7.95795817533926
2255,Prov. Sumatera Barat,Kab. Agam,P,Profesi,1369,380.0,85.49089784777165,778.1215334529603,569.3980905496246,484.8855292085889,513.380350457569,878.9350001292329,1342.3960759572842
2256,Prov. Sumatera Barat,Kab. Agam,P,S1,1612,7630.0,1716.5672383644676,1951.824615570484,1678.1392103660562,1495.9448064070161,1427.0510159706935,1283.6120919647458,1371.951159178308
2257,Prov. Sumatera Barat,Kab. Agam,P,S2,87,230.0,51.744490802598634,117.46291852313398,107.51556271979211,93.37352658844485,73.86880049831892,88.66092280407321,116.0215796970113
2258,Prov. Sumatera Barat,Kab. Agam,P,S3,3,33.0,7.424209549938064,7.93396067953558,7.512962752137303,8.378422191513964,4.729577144459038,6.93578587600157,4.716300918229734
2259,Prov. Sumatera Barat,Kab. Dharmas Raya,L,Profesi,9,11.0,2.4747365166460216,13.55721270488377,10.261923904835234,9.852208152166599,12.600333492503436,4.636263370893283,6.262566259805254
2260,Prov. Sumatera Barat,Kab. Dharmas Raya,L,S1,110,700.0,157.4832328774741,108.86151696769149,97.14448239922336,98.02656883355388,103.72776601725023,103.01207788059797,102.28774790068265
2261,Prov. Sumatera Barat,Kab. Dharmas Raya,L,S2,17,29.0,6.524305362066784,9.124700320472499,8.70080636890297,8.592850721214628,9.373979990292936,8.838429323839557,9.877563920407706
2262,Prov. Sumatera Barat,Kab. Dharmas Raya,P,D3,24,43.0,9.673970019616267,9.132812620443271,7.235354310482934,6.500777151736556,5.8822611615899,10.190390918179155,10.236218091498513
2263,Prov. Sumatera Barat,Kab. Dharmas Raya,P,Profesi,42,46.0,10.348898160519727,73.40910811909363,57.27469713422951,58.01110768262484,46.185487388620025,19.189729978017713,26.433426118378225
2264,Prov. Sumatera Barat,Kab. Dharmas Raya,P,S1,401,1906.0,428.8043455206652,359.7495900879197,324.6909820013967,337.7402426272999,360.21717791138735,326.06959203046915,374.90163590630345
2265,Prov. Sumatera Barat,Kab. Dharmas Raya,P,S2,12,30.0,6.749281409034604,12.232364694209206,12.025785388160966,12.533305336744364,9.789883856333732,9.675231283859123,7.853623652481008
2266,Prov. Sumatera Barat,Kab. Lima Puluh Koto,L,D3,103,351.0,78.96659248570487,106.67921892739638,96.59960006165201,101.97956832433522,103.86355852447318,92.55545272500649,91.29495625045674
2267,Prov. Sumatera Barat,Kab. Lima Puluh Koto,L,D4,158,726.0,163.33261009863742,138.01766786681605,131.83651519660003,145.62167189451827,137.7323040626177,108.03578297425952,98.14810080610675
2268,Prov. Sumatera Barat,Kab. Lima Puluh Koto,P,D2,2,2.0,0.4499520939356403,0.9449545648477954,0.8049664416171132,0.7470328138415576,0.9107953331225154,2.2019521664547295,2.3906167104098186
2269,Prov. Sumatera Barat,Kab. Lima Puluh Koto,P,D3,133,337.0,75.81692782815539,117.1510025530937,105.45098565246728,112.3528350476852,115.52236822514469,62.559508904784074,87.52206670969967
2270,Prov. Sumatera Barat,Kab. Lima Puluh Koto,P,D4,160,684.0,153.88361612598896,146.5298625255253,138.33212938657783,153.16242410425122,147.72443450004957,111.71081220030239,107.20940144152878
2271,Prov. Sumatera Barat,Kab. Padang Pariaman,L,D3,104,384.0,86.39080203564293,117.72632419083638,110.11086805841822,115.26834222662129,104.03759825127504,84.73798632974108,101.81098096887182
2272,Prov. Sumatera Barat,Kab. Padang Pariaman,L,D4,47,165.0,37.12104774969033,30.841438651253796,30.17812934484885,32.725358711327544,32.06660801625207,31.018335282316556,28.016142427291918
2273,Prov. Sumatera Barat,Kab. Padang Pariaman,L,S1,37,208.0,46.79501776930659,35.98297464850905,33.378200761591884,34.184266624433555,35.29647065126891,21.182993174311317,35.504636907594744
2274,Prov. Sumatera Barat,Kab. Padang Pariaman,P,D3,10,42.0,9.448993972648445,14.523530543354138,13.426540791971187,14.091134444027182,19.127087287512246,14.516652136320504,15.539341985889305
2275,Prov. Sumatera Barat,Kab. Padang Pariaman,P,D4,24,82.0,18.44803585136125,17.26948941690369,16.696712993298895,18.14483564921912,18.15521049415504,10.817644077360583,8.390796625673781
2276,Prov. Sumatera Barat,Kab. Padang Pariaman,P,S1,200,937.0,210.80255600884746,183.00881848605232,167.75707149433228,172.215856547534,189.10151202148768,158.19691473597462,172.91625718224867
2277,Prov. Sumatera Barat,Kab. Pasaman,L,S1,18,181.0,40.72066450117545,34.43663887457429,32.39963679722064,32.573600987808724,49.9384603779384,32.86747287653606,31.21615472025984
2278,Prov. Sumatera Barat,Kab. Pasaman,P,S1,39,325.0,73.11721526454154,68.286649813684,63.0961512838894,63.10193022957646,65.31210709401653,50.124049871583864,67.80368524832174
2279,Prov. Sumatera Barat,Kab. Pasaman Barat,L,S1,89,925.0,208.10284344523365,102.05002883470834,84.84775289575383,75.6115502885592,102.80077904994795,121.47440292189223,115.26243830900096
2280,Prov. Sumatera Barat,Kab. Pasaman Barat,P,D3,19,100.0,22.497604696782012,31.29076085804647,28.852369834408556,29.99941692898794,32.21194738802899,31.467163252455006,33.15265991183919
2281,Prov. Sumatera Barat,Kab. Pasaman Barat,P,S1,154,1374.0,309.11708853378485,191.77116329771042,163.19167196584468,152.1115021601312,185.94742834799297,185.87825181269955,205.45264819666423
2282,Prov. Sumatera Barat,Kab. Pesisir Selatan,L,S1,69,426.0,95.83979600829139,71.51943024478463,67.87172164217456,69.33995718605118,76.92122753410084,73.15384041937278,65.43117286645807
2283,Prov. Sumatera Barat,Kab. Pesisir Selatan,P,S1,96,699.0,157.25825683050627,126.75904724914356,117.34543921784748,118.28237267870315,134.60469390187347,120.61610319029626,120.43884880169446
2284,Prov. Sumatera Barat,Kab. Sawahlunto/ Sijunjung,L,S1,7,42.0,9.448993972648445,5.392472541333133,4.501789417216729,3.9139038506512898,5.916682672135178,8.68373176081704,7.709511428801051
2285,Prov. Sumatera Barat,Kab. Sawahlunto/ Sijunjung,P,S1,11,77.0,17.32315561652215,12.062975914594821,10.194514283734119,9.147609834420706,11.69074277868964,19.347080704831175,21.086256230946393
2286,Prov. Sumatera Barat,Kab. Solok,L,S1,12,71.0,15.97329933471523,13.300397368640551,12.454788804223707,12.450119545312276,11.380192943282285,16.381255103532734,17.265143353527797
2287,Prov. Sumatera Barat,Kab. Solok,P,S1,5,55.0,12.373682583230108,11.634780950836667,10.772585072360696,10.800577566959376,17.027543289241073,13.532310847941558,15.449933385916761
2288,Prov. Sumatera Barat,Kab. Solok Selatan,L,S1,33,136.0,30.59674238762354,23.08859755638327,21.567977464833184,21.127797680575153,16.86132185189731,9.231181340028924,6.008774319440777
2289,Prov. Sumatera Barat,Kab. Solok Selatan,P,S1,66,267.0,60.068604540407975,51.329112938370024,47.31868344224283,46.40550825666784,43.01106699309657,36.92258367696762,40.61231457965404
2290,Prov. Sumatera Barat,Kab. Tanah Datar,L,D3,20,40.0,8.999041878712806,8.88540862678773,7.753307689690489,6.412092015047512,7.688382668950899,12.007733659667135,14.248943686247742
2291,Prov. Sumatera Barat,Kab. Tanah Datar,L,Profesi,743,187.0,42.07052078298236,312.67182988317177,268.83831560323694,250.80293169688971,391.33156843991935,309.0343559172764,277.1771827755752
2292,Prov. Sumatera Barat,Kab. Tanah Datar,L,S1,430,2579.0,580.2132251300081,468.14713267636563,453.17894201627035,420.1957674261701,421.09828843143515,450.20101630753726,421.24186624383316
2293,Prov. Sumatera Barat,Kab. Tanah Datar,L,S2,72,226.0,50.844586614727355,72.67690624580673,72.22545096763818,62.425715166311576,69.61153128240174,91.47469513072404,87.39520300684406
2294,Prov. Sumatera Barat,Kab. Tanah Datar,P,D3,5,11.0,2.4747365166460216,3.454688292138828,3.191394797299671,2.8763613193043462,2.3936202563269555,3.2122994924671975,4.64706341584904
2295,Prov. Sumatera Barat,Kab. Tanah Datar,P,Profesi,1034,407.0,91.5652511159028,748.5049102596153,631.2633619270146,584.9476676142264,733.9008873373039,584.7387581515314,638.8518369947462
2296,Prov. Sumatera Barat,Kab. Tanah Datar,P,S1,1459,5988.0,1347.156569243307,1280.3694721889374,1241.3255978780007,1172.54759930129,1242.3831564339134,992.3059568950363,1025.8837036301236
2297,Prov. Sumatera Barat,Kab. Tanah Datar,P,S2,109,283.0,63.6682212918931,107.73975972865986,107.39777743598779,94.74065944563391,105.9239650209295,107.08483570472228,102.13547361849183
2298,Prov. Sumatera Barat,Kota Bukittinggi,L,D3,58,259.0,58.26879616466542,64.15495331830631,60.91075643543039,59.285189019334496,60.294815529442424,57.81585011967924,63.69781785812582
2299,Prov. Sumatera Barat,Kota Bukittinggi,L,D4,1,16.0,3.5996167514851223,3.104065241713493,3.3270635351886644,3.679676826167666,3.0174028129416173,3.1909871252148587,3.526931296341007
2300,Prov. Sumatera Barat,Kota Bukittinggi,L,Profesi,29,41.0,9.224017925680625,44.036139736150574,34.837761259868216,31.198868774450773,37.79449766028556,22.751312073245657,31.327112178686697
2301,Prov. Sumatera Barat,Kota Bukittinggi,L,S1,197,1634.0,367.6108607454181,214.3256673731289,197.939531825525,184.09683850948304,191.70961992295844,292.5640152982329,249.5186805614064
2302,Prov. Sumatera Barat,Kota Bukittinggi,L,S2,64,182.0,40.94564054814327,50.817307230401234,50.92466098980247,47.22782127025423,51.621266507499705,49.89950808890424,52.54667777073064
2303,Prov. Sumatera Barat,Kota Bukittinggi,P,D3,296,880.0,197.97892133168173,283.8507277314373,278.2638954992018,286.3270528982788,278.79120586132456,221.7787159218564,228.5081513100152
2304,Prov. Sumatera Barat,Kota Bukittinggi,P,D4,14,53.0,11.923730489294467,11.432469934608486,12.05903782674711,13.300337397610818,10.074315110256135,10.907350617285191,10.000858892237995
2305,Prov. Sumatera Barat,Kota Bukittinggi,P,Profesi,637,636.0,143.08476587153362,940.8551349763436,781.759129203327,755.6410268830213,803.2463826792361,712.183269967123,688.997023908413
2306,Prov. Sumatera Barat,Kota Bukittinggi,P,S1,1215,5166.0,1162.2262586357588,920.6467954495903,889.6967079478434,889.0169972028738,936.2287931610484,857.9411215651227,858.6206390423142
2307,Prov. Sumatera Barat,Kota Bukittinggi,P,S2,100,279.0,62.76831710402182,91.98859662116362,92.39275224138372,87.37047294776875,93.40298298179376,72.74594756839552,77.89049723373822
2308,Prov. Sumatera Barat,Kota Padang,L,D2,10,13.0,2.924688610581662,4.223792405577728,3.529492378058762,3.125318396615196,2.8154311817991755,3.2414012087677806,5.032639710901411
2309,Prov. Sumatera Barat,Kota Padang,L,D3,1923,7491.0,1685.2955678359406,1957.8209119322798,1775.941365046602,1865.6198999795117,1798.1566415439802,2023.6052099855021,2072.7584814809293
2310,Prov. Sumatera Barat,Kota Padang,L,D4,766,4223.0,950.0738463451045,715.9533062946355,692.9127307733403,772.1421350274137,707.926972273447,784.6287838994474,702.0171904115654
2311,Prov. Sumatera Barat,Kota Padang,L,Profesi,8124,1780.0,400.45736360271985,2367.693430877019,1875.4218025857413,1919.5286455802454,1499.0884852083414,1829.2585200670426,1983.5946603956124
2312,Prov. Sumatera Barat,Kota Padang,L,S1,10220,64914.0,14604.095112869076,9331.87655293161,8355.444933314904,8533.062271808416,9864.043610954446,11993.733884151681,10380.912608686089
2313,Prov. Sumatera Barat,Kota Padang,L,S2,1114,3045.0,685.0520630170123,896.6529261466287,856.7618396966992,855.7690699234198,900.4434901378003,737.330823188306,873.9614839615658
2314,Prov. Sumatera Barat,Kota Padang,L,S2 Terapan,3,24.0,5.399425127227683,7.295347897933379,6.239082105820601,5.563866208004646,5.593737846953773,7.51075911378576,7.019517007577215
2315,Prov. Sumatera Barat,Kota Padang,L,S3,205,1107.0,249.0484839933769,152.90400363075912,150.98308510081358,193.3943150430074,171.30585058538125,193.88996996987132,183.98641656735697
2316,Prov. Sumatera Barat,Kota Padang,L,Sp-1,69,332.0,74.69204759331629,61.71596494893173,72.68987768059853,103.85202945705956,70.91248506146268,81.11369689806001,64.44776668185202
2317,Prov. Sumatera Barat,Kota Padang,P,D3,3449,10385.0,2336.376247760812,3196.1664005961493,2899.9828452627025,3099.3652834303516,3021.87788417169,2850.928557367732,3183.8581307637614
2318,Prov. Sumatera Barat,Kota Padang,P,D4,1353,6479.0,1457.6198083045067,1251.7253275202338,1202.1708728567341,1349.3361484044765,1221.2654872688106,1509.119858920771,1404.3183733705237
2319,Prov. Sumatera Barat,Kota Padang,P,Profesi,22625,5758.0,1295.4120784407085,8695.430840790681,6821.207387919503,7016.259075232832,4716.1996267874565,6098.241267024279,6163.647476992474
2320,Prov. Sumatera Barat,Kota Padang,P,S1,19681,90515.0,20363.70689129224,16855.036472371205,15630.208423292168,16924.210711365733,18069.826679223344,16941.649840853403,17748.889200153684
2321,Prov. Sumatera Barat,Kota Padang,P,S2,1543,3722.0,837.3608468142265,1361.3235984492765,1323.9135034858825,1373.805604347674,1281.0095322183809,1013.9591103454559,1219.0883051314731
2322,Prov. Sumatera Barat,Kota Padang,P,S2 Terapan,4,19.0,4.274544892388583,6.3292018313299305,5.303383746200159,4.691218776985996,5.349180968889271,7.228574717491057,8.052742453708778
2323,Prov. Sumatera Barat,Kota Padang,P,S3,196,1022.0,229.92552000111218,169.51157971240312,168.62097468431128,221.60336467615906,152.5208126929761,190.4994395608882,188.190160192172
2324,Prov. Sumatera Barat,Kota Padang,P,Sp-1,54,291.0,65.46802966763566,60.605565911579,70.41034453090599,100.6005974292164,62.331998958652974,62.34340185717049,42.91887223224651
2325,Prov. Sumatera Barat,Kota Padang,P,Sp-2,1,2.0,0.4499520939356403,0.737906608312485,0.8206980085041059,0.7995744476515423,0.5522578489324774,2.368511292750274,2.9511263216799635
2326,Prov. Sumatera Barat,Kota Padang Panjang,L,D3,4,11.0,2.4747365166460216,2.768628745056355,2.5161615345248376,2.4831269406839995,2.448322221664651,3.6949079743951554,4.1231364540610915
2327,Prov. Sumatera Barat,Kota Padang Panjang,L,S1,258,1793.0,403.3820522133015,285.48844096105813,267.0906569966315,269.69862065444835,258.7226907992851,291.6860087199393,294.9019519043601
2328,Prov. Sumatera Barat,Kota Padang Panjang,L,S2,24,82.0,18.44803585136125,23.282885792299588,22.339167652616716,21.012172026888187,24.648322690957016,22.74641589132601,27.138718086201543
2329,Prov. Sumatera Barat,Kota Padang Panjang,L,S2 Terapan,2,7.0,1.574832328774741,2.3814322886911112,2.139840021677863,1.8986913993316146,2.122446155926456,2.2852231680347237,2.7471204141836414
2330,Prov. Sumatera Barat,Kota Padang Panjang,P,D3,48,81.0,18.223059804393433,24.503382860360865,22.439941171638115,22.728783356352768,22.550395854069524,26.401776155554682,27.939589164542845
2331,Prov. Sumatera Barat,Kota Padang Panjang,P,D4,28,343.0,77.16678410996231,65.54401508317346,63.59433523173704,67.73459223420473,72.72645875159974,60.9986407612328,54.42768197110322
2332,Prov. Sumatera Barat,Kota Padang Panjang,P,S1,271,1841.0,414.1809024677569,343.5004085356051,321.3278406558984,329.89095656019214,356.444789603111,335.9993041822313,339.40765025324185
2333,Prov. Sumatera Barat,Kota Padang Panjang,P,S2,9,56.0,12.598658630197928,17.798380233737415,16.83989858581193,15.835149854341951,19.687349479357803,15.681260141660067,20.34542734124346
2334,Prov. Sumatera Barat,Kota Padang Panjang,P,S2 Terapan,1,5.0,1.1248802348391007,1.7759673510827818,1.5406813919962015,1.3319601366014413,1.6824672640384084,2.270471804123289,2.613084258859942
2335,Prov. Sumatera Barat,Kota Pariaman,L,D3,3,19.0,4.274544892388583,3.865402534017668,3.365102297417616,3.0839201446782085,5.149378800048372,4.617292209582217,3.9418577869204374
2336,Prov. Sumatera Barat,Kota Pariaman,L,Profesi,38,66.0,14.848419099876129,45.30921030269274,30.455445438514275,23.408695742319086,60.023732763434516,38.59822238394691,47.03958412376928
2337,Prov. Sumatera Barat,Kota Pariaman,L,S1,135,1024.0,230.37547209504783,145.1097045497955,133.72073523305593,129.74191219216064,168.5373128964369,172.84260797146496,150.250911709129
2338,Prov. Sumatera Barat,Kota Pariaman,P,D3,35,180.0,40.495688454207624,51.47186096093239,47.35464305468926,47.19307796242873,55.47689364934013,51.32027082012708,52.49545673367477
2339,Prov. Sumatera Barat,Kota Pariaman,P,Profesi,252,461.0,103.71395765216509,405.4327973007777,279.98941765179256,226.14325695487656,307.6007682670679,150.886602401454,273.3065946442188
2340,Prov. Sumatera Barat,Kota Pariaman,P,S1,611,2357.0,530.2685427031521,411.49424274379123,385.05591859242645,387.0264956210071,464.66796751813195,444.73551773405393,432.5683206366604
2341,Prov. Sumatera Barat,Kota Payakumbuh,L,D3,6,87.0,19.57291608620035,10.30012207374712,7.468899939332477,5.780334806772592,12.938732689962386,9.902906313808383,10.963767095542035
2342,Prov. Sumatera Barat,Kota Payakumbuh,L,S1,130,849.0,191.0046638756793,107.24135242077162,93.55381074951,89.58063404622183,102.16155389463938,125.3641355046566,126.56064423931883
2343,Prov. Sumatera Barat,Kota Payakumbuh,P,D3,4,34.0,7.649185596905885,6.887807322851178,5.603402975771096,5.071274966943935,8.00207235118997,8.087404695339092,9.22011559209771
2344,Prov. Sumatera Barat,Kota Payakumbuh,P,S1,160,639.0,143.75969401243708,106.99733211361864,96.90099600041258,98.7401618403737,103.21075095335615,118.58055431386282,122.27602660123553
2345,Prov. Sumatera Barat,Kota Solok,L,D3,22,132.0,29.696838199752257,27.63542618198589,23.64033689755271,22.320908750796956,25.249349288615843,30.072905087532835,26.0620204789556
2346,Prov. Sumatera Barat,Kota Solok,L,S1,102,874.0,196.6290650498748,93.56246204148691,77.30514018907347,69.10583634462273,78.76579782694387,122.15813575556766,124.81242620547913
2347,Prov. Sumatera Barat,Kota Solok,P,D3,54,223.0,50.169658473823894,69.70196371104116,64.10524986265425,67.22501663044922,56.83332965501255,53.297633511929405,40.51069433215075
2348,Prov. Sumatera Barat,Kota Solok,P,S1,190,1312.0,295.16857362178,192.88105260665938,166.80436548736665,160.3414191341374,167.39996709077818,175.62349641422213,209.62492886613683
2349,Prov. Sumatera Selatan,Kab. Banyuasin,L,S1,2,136.0,30.943493126142627,25.61623720219248,20.8823872907534,23.205191312443556,14.591955261723708,32.06732983470148,28.08270743548078
2350,Prov. Sumatera Selatan,Kab. Banyuasin,P,S1,12,128.0,29.123287648134237,26.457452539533932,21.4560914678333,23.882297295130403,16.40050106874374,34.32200185405842,38.803130190061985
2351,Prov. Sumatera Selatan,Kab. Lahat,L,S1,56,294.0,66.89255131680832,51.1048322150146,43.610303265589074,45.59563024889449,43.45120452517332,45.41185945095953,44.12854992477635
2352,Prov. Sumatera Selatan,Kab. Lahat,L,S2,44,49.0,11.148758552801388,17.416921031710004,16.26673272563383,17.158353013364035,14.243550474797132,8.027956502443805,5.944018090341831
2353,Prov. Sumatera Selatan,Kab. Lahat,P,S1,103,377.0,85.77718315114537,76.1020287092223,65.67051343101305,70.11254750599451,69.59800467425463,53.338558246630434,51.762616049141606
2354,Prov. Sumatera Selatan,Kab. Lahat,P,S2,40,63.0,14.33411813931607,24.777226016781295,23.075200419202094,24.448499115846765,21.868231977997016,15.053776308983464,14.90301434913458
2355,Prov. Sumatera Selatan,Kab. Muara Enim,L,D1,34,34.0,7.735873281535657,31.788054006428364,11.085944661206854,11.613208613173976,11.42011786643754,12.60970466774054,15.847823379477086
2356,Prov. Sumatera Selatan,Kab. Muara Enim,L,S1,56,404.0,91.9203766394237,59.991296129402684,48.84598078845517,49.65041755333086,69.12204909854432,61.22804247240118,62.09638420479545
2357,Prov. Sumatera Selatan,Kab. Muara Enim,L,S2,11,22.0,5.005565064523072,6.55821894157992,5.837842690755574,5.970074058243732,7.032304685545857,4.792400763074118,4.08982584980073
2358,Prov. Sumatera Selatan,Kab. Muara Enim,P,D1,9,9.0,2.0477311627594386,9.156244454039548,3.168911609844112,3.3156329109864493,3.0428262026207546,4.865967250577119,7.221924090064443
2359,Prov. Sumatera Selatan,Kab. Muara Enim,P,S1,114,434.0,98.74614718195515,82.74213902569838,70.10828073854307,75.27894515147307,106.89188115045478,76.12715151968797,72.20022187994225
2360,Prov. Sumatera Selatan,Kab. Muara Enim,P,S2,3,5.0,1.1376284237552436,1.5861288723719513,1.3922251321082502,1.411345289889318,1.7202802225126232,2.23659802849252,2.2014565420432923
2361,Prov. Sumatera Selatan,Kab. Musi Banyu Asin,L,D3,23,83.0,18.884631834337043,24.233045964023532,21.128340113909715,22.771701852167745,19.072798479900797,27.6399794653483,28.607607519804656
2362,Prov. Sumatera Selatan,Kab. Musi Banyu Asin,L,S1,113,588.0,133.78510263361665,95.81261109920864,80.46731286270312,83.09852223194274,88.17741762025679,87.10652943900305,73.17988071862735
2363,Prov. Sumatera Selatan,Kab. Musi Banyu Asin,P,D3,24,85.0,19.339683203839144,28.65891408263372,25.223867038006016,27.7054069651532,24.43537007869811,27.67970057338799,26.600508190105483
2364,Prov. Sumatera Selatan,Kab. Musi Banyu Asin,P,S1,118,748.0,170.18921219378444,136.77200426562243,115.0038624972275,119.86389616382678,128.7173197345859,135.20416924172298,144.82121439396647
2365,Prov. Sumatera Selatan,Kab. Ogan Ilir,L,D3,91,572.0,130.14469167759987,167.8707181459607,134.69494141815912,128.1294336304031,103.26910115584722,150.6872588344752,164.79117653003195
2366,Prov. Sumatera Selatan,Kab. Ogan Ilir,L,Profesi,2805,499.0,113.53531669077331,619.3590316060536,424.1479651537269,364.0050726192295,625.7764077993191,689.3818233086998,590.9051189057548
2367,Prov. Sumatera Selatan,Kab. Ogan Ilir,L,S1,2481,13029.0,2964.4321466214137,2583.445624373189,2067.8171766559803,1978.0994696260152,2097.1911961162323,2329.910096186555,1970.885791198989
2368,Prov. Sumatera Selatan,Kab. Ogan Ilir,L,S2,296,937.0,213.19156661173267,323.6381066418653,270.0782372406927,246.3618074757553,339.2515755757089,174.4468995543941,238.92443968515244
2369,Prov. Sumatera Selatan,Kab. Ogan Ilir,L,S3,58,450.0,102.38655813797193,76.4715506679482,70.13408108557935,86.9263313317836,82.40667340867485,75.66228707213858,80.31342848508743
2370,Prov. Sumatera Selatan,Kab. Ogan Ilir,L,Sp-1,67,330.0,75.08347596784608,69.85022231030653,68.37990783492184,89.37700471870767,68.37154953555854,69.56763723944586,63.59576659616613
2371,Prov. Sumatera Selatan,Kab. Ogan Ilir,L,Sp-2,7,26.0,5.915667803527267,9.245160702421451,8.996511158654531,8.453196892472514,26.52735923848344,8.62432391049509,5.860771550961936
2372,Prov. Sumatera Selatan,Kab. Ogan Ilir,P,D3,122,807.0,183.61322759409632,288.757000491513,236.25603953593927,232.22989093063424,179.75816759821893,169.9178096673434,156.0252515803764
2373,Prov. Sumatera Selatan,Kab. Ogan Ilir,P,Profesi,5712,1363.0,310.1175083156794,1918.0438353174122,1318.9697993539946,1146.4134616130782,1797.435517521443,1412.4747978706332,1363.2445292291086
2374,Prov. Sumatera Selatan,Kab. Ogan Ilir,P,S1,4424,21704.0,4938.217461836762,4962.865213262354,4016.217554955036,3919.8849285929255,4762.927629770482,3896.801537096679,3442.0828801489447
2375,Prov. Sumatera Selatan,Kab. Ogan Ilir,P,S2,441,1231.0,280.084117928541,516.6830467353833,441.6736290340048,417.7394883147669,496.4107526909379,248.94811472147643,280.2286815267064
2376,Prov. Sumatera Selatan,Kab. Ogan Ilir,P,S3,61,354.0,80.54409240187125,74.04343924019145,69.81615196179989,90.11108694805701,89.57818894544616,74.07051666747614,79.11102427334522
2377,Prov. Sumatera Selatan,Kab. Ogan Ilir,P,Sp-1,72,379.0,86.23223452064747,86.51393502264011,83.83249318918435,109.11050002899307,76.83793714380364,79.76992898281509,88.90757794307238
2378,Prov. Sumatera Selatan,Kab. Ogan Ilir,P,Sp-2,12,23.0,5.233090749274121,8.899360444508268,8.594140272034993,8.065403411910262,24.034199410988148,7.557620617667559,4.908621017221975
2379,Prov. Sumatera Selatan,Kab. Ogan Komering Ilir,L,S1,136,1188.0,270.30051348424587,185.61116318638724,159.35552831820058,162.92221309172064,161.26736259142575,201.85441251953472,156.9102655917937
2380,Prov. Sumatera Selatan,Kab. Ogan Komering Ilir,P,D3,15,48.0,10.921232868050339,15.962308388680176,14.478904542084267,15.895874260298676,17.27979966220886,12.639974595044718,13.233290712229065
2381,Prov. Sumatera Selatan,Kab. Ogan Komering Ilir,P,S1,179,1492.0,339.4683216485647,287.3708860115491,253.77220309693433,270.3280610748022,286.0134144205778,248.89250505132685,256.27726518419985
2382,Prov. Sumatera Selatan,Kab. Ogan Komering Ulu,L,D3,6,19.0,4.322988010269926,6.133485019930565,5.8721801859553695,6.3914641667787695,7.9354118223363335,6.340559365847071,4.859709139116433
2383,Prov. Sumatera Selatan,Kab. Ogan Komering Ulu,L,S1,336,2037.0,463.46981983788623,335.8747090756031,302.82932243267953,307.2034622436946,299.6283964336183,332.0959607607954,310.2053814071101
2384,Prov. Sumatera Selatan,Kab. Ogan Komering Ulu,L,S2,27,83.0,18.884631834337043,25.46202059961451,24.486507757772724,24.298702035656046,30.07326348397424,23.504319392696566,25.826973290063265
2385,Prov. Sumatera Selatan,Kab. Ogan Komering Ulu,P,D3,44,114.0,25.937928061619555,39.19255767288344,37.00817909233002,39.940204072464255,34.01703144479389,45.01584664570381,44.081817767061146
2386,Prov. Sumatera Selatan,Kab. Ogan Komering Ulu,P,Profesi,14,17.0,3.8679366407678284,28.621771509084695,24.706520003191653,25.841443184919267,37.73474379689447,9.593424538508424,7.2753889373498115
2387,Prov. Sumatera Selatan,Kab. Ogan Komering Ulu,P,S1,477,2594.0,590.2016262442204,517.3896907319553,477.83334306611596,502.3601386462807,518.4152991775659,479.05179039256416,466.99149209664716
2388,Prov. Sumatera Selatan,Kab. Ogan Komering Ulu,P,S2,31,106.0,24.117722583611165,41.33476181596613,41.24840674385509,43.09283832091687,42.75278171259593,41.44888535581118,44.96386261403969
2389,Prov. Sumatera Selatan,Kab. Ogan Komering Ulu Timur,L,S1,499,2581.0,587.2437923424568,355.21283734023075,285.4264582660512,287.9589173233012,326.8737423517424,335.4121048748651,277.7800627185046
2390,Prov. Sumatera Selatan,Kab. Ogan Komering Ulu Timur,L,S2,36,67.0,15.244220878320265,12.034191175667862,9.320066861701816,8.159657570089712,15.037707330882315,14.48567850511682,16.577562009081173
2391,Prov. Sumatera Selatan,Kab. Ogan Komering Ulu Timur,P,S1,602,3169.0,721.0288949760734,532.7734280487915,439.69471156946076,461.2042600446274,459.8450670089223,466.236757898763,442.9073410566892
2392,Prov. Sumatera Selatan,Kab. Ogan Komering Ulu Timur,P,S2,44,59.0,13.424015400311875,14.59793431856509,12.005167267577873,11.370636971037518,14.190939160943767,14.690864417637071,14.919608387417002
2393,Prov. Sumatera Selatan,Kab. Penukal Abab Lematang Ilir,L,S1,4,30.0,6.825770542531462,2.8722432397614477,1.9850643426124448,1.6842297686964858,2.604930978716098,4.984105778934184,5.881456718776737
2394,Prov. Sumatera Selatan,Kab. Penukal Abab Lematang Ilir,P,S1,7,45.0,10.238655813797193,5.0875952159685545,3.5722452000538936,3.112236805777336,4.3951460110600316,11.501979894125721,12.81070628916999
2395,Prov. Sumatera Selatan,Kota Lubuk Linggau,L,D3,4,6.0,1.3651541085062924,1.0293087407896568,0.8424583262269976,0.7554314589066439,1.30962537233369,1.868829360797264,1.4648588978108994
2396,Prov. Sumatera Selatan,Kota Lubuk Linggau,L,Profesi,450,234.0,53.241010231745406,355.2556846727301,315.005397115185,334.5035601164225,253.6774646886244,341.6100002138422,274.78776633715063
2397,Prov. Sumatera Selatan,Kota Lubuk Linggau,L,S1,580,3634.0,826.8283383853111,585.7302185950357,537.9175603632378,552.7688870576227,545.8383204476295,552.2853449874858,534.6994836356059
2398,Prov. Sumatera Selatan,Kota Lubuk Linggau,L,S2,68,207.0,47.097816743467085,68.46613541542307,68.96052486195576,71.64278167830687,78.3721102754402,69.52060250983781,83.8841141556638
2399,Prov. Sumatera Selatan,Kota Lubuk Linggau,P,D3,30,86.0,19.56720888859019,26.825876644768833,25.248344588980647,26.907906453670282,28.846158681766507,24.20074044598751,20.135195397415497
2400,Prov. Sumatera Selatan,Kota Lubuk Linggau,P,Profesi,2046,1096.0,249.36815048714942,1808.5877274661118,1590.9665198253663,1686.7703973029722,1196.5215826054664,1046.5719738122443,986.7869618742865
2401,Prov. Sumatera Selatan,Kota Lubuk Linggau,P,S1,1024,5289.0,1203.3833466482968,1026.2974574525704,964.6793120775419,1026.1814889062623,1021.3906200752901,1008.8168901392683,1068.2853847855752
2402,Prov. Sumatera Selatan,Kota Lubuk Linggau,P,S2,67,168.0,38.22431503817619,65.27193861642377,66.69140284845028,71.0184634132783,64.2076388704002,61.52410808494392,64.59535729771181
2403,Prov. Sumatera Selatan,Kota Pagar Alam,L,S1,154,639.0,145.38891255592014,94.41431676184482,80.11750641726675,79.08845372652169,105.05681704498421,81.35408550497189,58.09395755484657
2404,Prov. Sumatera Selatan,Kota Pagar Alam,P,S1,425,1063.0,241.8598028903648,201.935069014781,178.17120696539268,185.69220056449367,219.62214887282576,165.6009604982502,152.92656690560096
2405,Prov. Sumatera Selatan,Kota Palembang,L,D3,1628,5327.0,1212.0293226688366,1513.2265113559838,1539.0869526625352,1672.8955243434013,1486.560431821816,1089.0139546514113,1225.835343457727
2406,Prov. Sumatera Selatan,Kota Palembang,L,D4,595,3142.0,714.8857014877951,557.8766482207556,613.8089668707842,721.3861517735768,622.3622706823442,636.8391013361537,594.8511804327018
2407,Prov. Sumatera Selatan,Kota Palembang,L,Profesi,1793,619.0,140.83839886089916,856.3545989396991,794.920483022932,835.7776191757164,792.8822578738287,703.4531912869601,638.9298046221843
2408,Prov. Sumatera Selatan,Kota Palembang,L,S1,5234,35673.0,8116.523752124162,4851.581346434464,4591.467791538516,4575.239219519217,4897.726562851106,6331.601928262479,5275.00152288054
2409,Prov. Sumatera Selatan,Kota Palembang,L,S2,818,2085.0,474.3910527059366,547.6074207816879,555.0478626066368,544.9269221259475,588.4987903999329,512.8686680747167,580.3753416920699
2410,Prov. Sumatera Selatan,Kota Palembang,L,S2 Terapan,2,8.0,1.8202054780083898,2.786660283615974,2.754154406409542,2.5518615596121714,2.7274331280611492,4.226348688603444,3.9743800183887354
2411,Prov. Sumatera Selatan,Kota Palembang,L,S3,39,198.0,45.050085580707645,23.486590545769843,25.527659063043643,33.07998391756689,31.0270640532453,23.98121221518979,28.744827333064716
2412,Prov. Sumatera Selatan,Kota Palembang,P,D3,2764,8943.0,2034.7621987286288,2835.864053896898,2883.466491232606,3157.597051366097,2772.856565344258,2402.3152647596603,2642.0726032320304
2413,Prov. Sumatera Selatan,Kota Palembang,P,D4,1106,4583.0,1042.7502132140564,898.7789083556682,978.6032325746411,1147.8011874531214,910.0125178506197,1061.231760891868,934.9574289894402
2414,Prov. Sumatera Selatan,Kota Palembang,P,Profesi,7488,2774.0,631.1562494994092,4130.338761946813,3793.2072242986587,3968.843364464994,3020.5273757431028,3438.04583224174,4083.445431314666
2415,Prov. Sumatera Selatan,Kota Palembang,P,S1,9090,45052.0,10250.487149404247,7695.2378630796875,7551.159679145644,7906.950318386388,7665.7418133056135,10238.79454828856,8587.313260531108
2416,Prov. Sumatera Selatan,Kota Palembang,P,S2,910,1941.0,441.62735410178556,626.1871248628127,652.1576946248208,666.288411139598,631.7764206508435,528.1528322024217,669.242808509913
2417,Prov. Sumatera Selatan,Kota Palembang,P,S2 Terapan,3,3.0,0.6825770542531462,1.3255216421339417,1.3585757395192375,1.3242855836322571,1.5234860186732038,2.1161814126285976,1.696959467019875
2418,Prov. Sumatera Selatan,Kota Palembang,P,S3,13,79.0,17.974529095332848,11.112033969028952,12.285132383688975,16.370139459748472,12.994207081206723,12.58912272101887,13.083849835269339
2419,Prov. Sumatera Selatan,Kota Prabumulih,L,D3,62,246.0,55.971318448757984,62.80356497054383,55.00634102764653,55.26179938972377,56.536827510859084,65.45246657914328,52.031867123662586
2420,Prov. Sumatera Selatan,Kota Prabumulih,L,S1,48,473.0,107.61964888724604,65.00523406816714,54.27712637520721,51.61341900567008,55.04895610386255,57.113568549016364,48.93360205701965
2421,Prov. Sumatera Selatan,Kota Prabumulih,P,D3,26,166.0,37.769263668674085,52.177457143231635,46.98818859901388,49.16374730795886,52.168127132784115,50.563127441331126,38.27575029468797
2422,Prov. Sumatera Selatan,Kota Prabumulih,P,S1,132,777.0,176.78745705156487,141.2670615263532,123.80640828610997,125.63284731505537,141.9818466646673,128.5809292632012,141.9044753029664
2423,Prov. Sumatera Utara,Kab. Asahan,L,D3,1,22.0,5.201357214566171,7.148674612741887,6.907306413919214,7.46425787994649,10.809374905975874,7.765577211586632,6.581582551555372
2424,Prov. Sumatera Utara,Kab. Asahan,L,Profesi,456,211.0,49.88574419424827,310.58675414087844,288.28061732439227,302.8116032920198,461.37285572538855,417.136866146767,424.89030635796905
2425,Prov. Sumatera Utara,Kab. Asahan,L,S1,647,5495.0,1299.1571770018684,704.3983689624871,607.3812790880539,551.2587726323561,713.4190267293034,701.0493128617965,719.2448510454607
2426,Prov. Sumatera Utara,Kab. Asahan,L,S2,9,49.0,11.58484106880647,13.577751796472661,12.630457849171945,11.806887328468305,11.033451552156043,13.198229152694681,14.972781054960366
2427,Prov. Sumatera Utara,Kab. Asahan,P,D3,50,132.0,31.20814328739702,42.42550962061003,39.13292770050666,40.39220720719443,60.785899483067645,48.68626708103185,47.133522125150854
2428,Prov. Sumatera Utara,Kab. Asahan,P,Profesi,2219,1249.0,295.2952345905976,1911.5647075699158,1725.107570671257,1767.7431096787209,2678.2206437736213,1295.1891719829553,1364.2457072473194
2429,Prov. Sumatera Utara,Kab. Asahan,P,S1,1466,7414.0,1752.8573813087994,1280.5696363414595,1180.8578259478084,1166.5728083217361,1206.6317873603164,1356.8689356215743,1271.504573897517
2430,Prov. Sumatera Utara,Kab. Asahan,P,S2,5,14.0,3.309954591087563,5.036183776302076,4.942033151623398,4.950515208456948,5.321483678318329,3.4634105971022784,2.246493506871611
2431,Prov. Sumatera Utara,Kab. Batubara,P,S1,15,2.0,0.47285065586965186,0.39815467990056946,0.32325870679616037,0.36142479139479344,0.4030212308906984,2.0811409474346263,2.466319209298706
2432,Prov. Sumatera Utara,Kab. Dairi,L,S1,57,800.0,189.14026234786076,75.71539106702171,52.851477989731066,43.14497827606209,35.95000672482099,80.9960372150663,74.21613794875037
2433,Prov. Sumatera Utara,Kab. Dairi,P,S1,147,1235.0,291.98527999951,124.95444474226711,85.67442800027328,69.03563832999734,53.990616753959685,69.94744721248044,78.9487771089464
2434,Prov. Sumatera Utara,Kab. Deli Serdang,L,D3,79,806.0,190.5588143154697,160.4753423464566,137.40616940499925,124.67133093439453,184.98297841226886,152.11760969043684,147.8237203732297
2435,Prov. Sumatera Utara,Kab. Deli Serdang,L,D4,100,769.0,181.81107718188113,121.55925447173998,116.35387852838122,121.03035545037898,129.85943079517014,97.29677502390118,97.29801260673331
2436,Prov. Sumatera Utara,Kab. Deli Serdang,L,Profesi,256,329.0,77.78393289055774,320.18607027608505,270.82283822065426,246.65983298344668,461.9423520404898,430.40298323680554,464.6087661592614
2437,Prov. Sumatera Utara,Kab. Deli Serdang,L,S1,1860,11075.0,2618.4105068781973,1573.4101953966276,1494.6653678996163,1463.6391734134693,1708.773526412673,1700.0484498068458,1670.345247672613
2438,Prov. Sumatera Utara,Kab. Deli Serdang,L,S2,196,687.0,162.42420029122542,176.57190492407776,169.5014399405885,158.53904300301087,192.3317147012934,152.2742331664806,174.47728391562327
2439,Prov. Sumatera Utara,Kab. Deli Serdang,L,S3,10,47.0,11.11199041293682,8.151436916089882,9.511033771131695,13.64608711225401,7.919948101941099,4.974711971817834,4.377213194940434
2440,Prov. Sumatera Utara,Kab. Deli Serdang,P,D3,201,957.0,226.2590388336284,248.4047050704112,224.72112258261183,218.88094472763567,274.15864152817835,248.81923308647336,260.62350921020476
2441,Prov. Sumatera Utara,Kab. Deli Serdang,P,D4,420,1634.0,386.31898584550555,309.6681663514111,303.7137280661428,326.6659114123677,414.9656773046408,422.1709383540753,399.0668631040132
2442,Prov. Sumatera Utara,Kab. Deli Serdang,P,Profesi,2032,2428.0,574.0406962257573,2799.410942734384,2415.2799419640705,2267.7942983201947,4442.904014786456,2543.514994572908,3265.902627679057
2443,Prov. Sumatera Utara,Kab. Deli Serdang,P,S1,4025,19848.0,4692.569908850425,3425.435756813107,3350.041238367161,3416.2635392342218,4172.828034404385,3552.2082105238014,3510.566548098965
2444,Prov. Sumatera Utara,Kab. Deli Serdang,P,S2,338,1234.0,291.7488546715752,342.4829252237591,324.13203296606474,300.5256544973094,340.2144279271959,292.6972686341729,369.4588866576414
2445,Prov. Sumatera Utara,Kab. Deli Serdang,P,S3,2,26.0,6.147058526305474,4.74722838893642,5.4102038989286,7.612475855746974,4.987488795750984,5.770536675895853,4.403689387623159
2446,Prov. Sumatera Utara,Kab. Humbang Hasudutan,L,D3,9,23.0,5.4377825425009965,7.046511585873231,5.567808166739603,6.262461523398082,8.252815567197764,7.091032417893724,5.463850596268303
2447,Prov. Sumatera Utara,Kab. Humbang Hasudutan,L,S1,2,21.0,4.964931886631344,3.8155602316046404,3.1253769047498583,3.503470133747291,3.991076716069766,5.9927118067962715,5.765736442522566
2448,Prov. Sumatera Utara,Kab. Humbang Hasudutan,P,D3,34,123.0,29.080315335983588,39.91740989428425,30.877139527334325,34.147863607301886,32.39324159539346,29.93873513161152,37.66643964340591
2449,Prov. Sumatera Utara,Kab. Humbang Hasudutan,P,S1,7,44.0,10.402714429132342,8.35539887905277,6.667027582495497,7.306773449801019,6.112022671813647,7.47496881185169,6.518149671251305
2450,Prov. Sumatera Utara,Kab. Karo,L,D3,26,87.0,20.569003530329855,23.17867205935556,19.100782756014347,19.64720054267076,22.454395776838997,24.936127962393567,23.836981263948452
2451,Prov. Sumatera Utara,Kab. Karo,L,Profesi,1,5.0,1.1821266396741297,7.1324305058710635,6.003703648626719,6.442538082998876,11.803702562654188,4.223657084891556,4.379251163812603
2452,Prov. Sumatera Utara,Kab. Karo,L,S1,111,876.0,207.10858727090752,118.48958806571066,95.6061698652493,91.77513373661206,96.61749477047118,116.58584036317,129.51779795765012
2453,Prov. Sumatera Utara,Kab. Karo,P,D3,76,261.0,61.70701059098957,81.84782959045675,68.63632174803338,72.58322068026442,89.28349807776576,68.49221094553886,68.87192867767385
2454,Prov. Sumatera Utara,Kab. Karo,P,Profesi,1,5.0,1.1821266396741297,7.814844828102887,6.520131854233694,6.978559937717674,10.577839184144006,4.212086047793,5.011348463809573
2455,Prov. Sumatera Utara,Kab. Karo,P,S1,209,1197.0,283.00111753798666,182.5017995023016,147.48599326050507,142.91251779147348,152.16361955647355,153.30149657009116,141.78352676253832
2456,Prov. Sumatera Utara,Kab. Labuhan Batu,L,D3,9,105.0,24.82465943315672,14.537506745066834,10.004898372885853,7.722685349543072,12.873077396773091,10.883333915887112,9.40101429343202
2457,Prov. Sumatera Utara,Kab. Labuhan Batu,L,Profesi,241,248.0,58.63348132783683,142.6837342536859,91.38606239753793,66.1093921551592,110.99999685205272,167.6759648488113,173.74927480014492
2458,Prov. Sumatera Utara,Kab. Labuhan Batu,L,S1,589,4640.0,1097.0135216175922,688.1311080974549,609.9509434738305,603.6941713136634,711.6796091797454,651.8747900302434,555.5919688499459
2459,Prov. Sumatera Utara,Kab. Labuhan Batu,L,S2,32,146.0,34.51809787848459,54.39033449744423,54.96346346916422,59.669861173576074,52.81809017049054,37.42219029986557,41.02184685508688
2460,Prov. Sumatera Utara,Kab. Labuhan Batu,P,D3,52,229.0,54.141400097075135,58.0548149936515,47.823486750025644,45.751225767287224,51.23932079410362,47.29243184210435,43.93407976315993
2461,Prov. Sumatera Utara,Kab. Labuhan Batu,P,Profesi,956,975.0,230.51469473645528,619.2182093147686,394.17707651025444,285.30801987720247,419.33515443285336,889.7701395234635,868.7867620712474
2462,Prov. Sumatera Utara,Kab. Labuhan Batu,P,S1,887,5327.0,1259.4377219088178,964.6381977454587,881.904685625036,911.5113743768507,914.8803861564888,938.1263721866973,848.419067603665
2463,Prov. Sumatera Utara,Kab. Labuhan Batu,P,S2,13,65.0,15.367646315763686,26.531697727836104,26.574905209756785,28.775597278527542,25.746662609233066,28.5279358630716,26.398900057995764
2464,Prov. Sumatera Utara,Kab. Labuhan Batu Utara,L,S1,8,26.0,6.147058526305474,4.361216783760411,3.4689898325462782,3.7594077591622708,3.376690508660512,6.279400510444703,5.218449263962804
2465,Prov. Sumatera Utara,Kab. Labuhan Batu Utara,P,S1,41,67.0,15.840496971633337,11.073672546433022,8.39665804627404,8.677503025642514,13.438810451983981,15.892132517218819,14.01630119490763
2466,Prov. Sumatera Utara,Kab. Langkat,L,D3,1,21.0,4.964931886631344,6.281956549267089,5.585974015252125,6.047191765251517,5.97013325677705,4.969526982404206,4.8828109827122566
2467,Prov. Sumatera Utara,Kab. Langkat,L,Profesi,1,16.0,3.782805246957215,20.007000102047595,16.59245544538409,16.87631616115733,13.101208291231236,11.418322674485433,11.836198216630548
2468,Prov. Sumatera Utara,Kab. Langkat,L,S1,140,1400.0,330.9954591087563,245.74083205884816,225.6412533328663,242.35654939482706,246.73485910111947,193.34960824182366,184.72867352967174
2469,Prov. Sumatera Utara,Kab. Langkat,P,D3,58,467.0,110.4106281455637,158.69479410639866,141.73715742583303,155.39812495788158,151.47258274690012,129.07882969028213,154.38585220707827
2470,Prov. Sumatera Utara,Kab. Langkat,P,Profesi,5,42.0,9.929863773262689,60.83638945743125,51.04168705367033,53.01356412004888,35.80054571391146,37.772504256990395,37.32519774650865
2471,Prov. Sumatera Utara,Kab. Langkat,P,S1,454,3097.0,732.2092406141559,614.1247971461244,565.2385210668554,613.4206102355811,781.9745433271568,512.5374696103971,520.9217869896094
2472,Prov. Sumatera Utara,Kab. Mandailing Natal,L,S1,130,1170.0,276.61763368374636,163.8660719760627,140.18408151998443,133.26265750277105,130.63719311680856,119.1850777812652,120.75383099079548
2473,Prov. Sumatera Utara,Kab. Mandailing Natal,P,D3,65,214.0,50.59502017805275,72.61366090263732,65.61292917734549,70.00449597509315,67.4476765669801,73.63932594536718,52.147706418720496
2474,Prov. Sumatera Utara,Kab. Mandailing Natal,P,S1,349,2249.0,531.7205625254235,380.78108706502974,334.7534951590689,330.87813151566155,370.0281679195641,310.34501407218227,336.8307513532644
2475,Prov. Sumatera Utara,Kab. Nias Barat,L,S1,12,44.0,10.402714429132342,8.319508068794573,7.876226264126278,7.943966723925891,7.029708499977012,10.300721715177264,8.516974211063314
2476,Prov. Sumatera Utara,Kab. Nias Barat,P,S1,14,65.0,15.367646315763686,13.999748632109968,13.325871342246796,13.627813011388112,15.81309534773677,17.47471221660938,16.368429299071277
2477,Prov. Sumatera Utara,Kab. Nias Selatan,L,D3,2,44.0,10.402714429132342,5.444666386365355,3.4349673544081303,2.460098412204475,4.267065453574723,11.074130301919167,11.706448603316007
2478,Prov. Sumatera Utara,Kab. Nias Selatan,L,S1,212,2793.0,660.3359409219688,272.0823862976933,197.45874458959162,158.88265496073694,117.09017758584739,245.7978140034964,261.2516392535221
2479,Prov. Sumatera Utara,Kab. Nias Selatan,P,D3,9,40.0,9.457013117393037,7.0815405490211,4.884237686375195,3.9057841502480586,3.9045960683948118,13.110870789131035,14.622035166211948
2480,Prov. Sumatera Utara,Kab. Nias Selatan,P,S1,369,2704.0,639.2940867357693,339.84904503454203,259.5888273752615,223.2420011349797,294.3101642101371,252.80090686876204,267.83116887751476
2481,Prov. Sumatera Utara,Kab. Padang Lawas,L,S1,40,313.0,74.00112764360051,25.860215495667255,16.205799017289582,12.75359672435356,16.20118752987627,17.733214955091608,26.427893714595783
2482,Prov. Sumatera Utara,Kab. Padang Lawas,P,S1,171,844.0,199.54297677699307,74.93621387074295,46.215836362118466,35.980122232486266,42.63299258847556,67.81425801136305,68.80663529214364
2483,Prov. Sumatera Utara,Kab. Padang Lawas utara,L,S1,174,485.0,114.66628404839058,69.84997647279364,58.18552154882129,57.94611716415629,66.80441018548848,64.62044972006885,57.66656109186815
2484,Prov. Sumatera Utara,Kab. Padang Lawas utara,P,D3,101,255.0,60.28845862338061,84.72406731924438,73.21622337529502,80.15877638802415,101.075002743106,67.57507692298368,74.945670194246
2485,Prov. Sumatera Utara,Kab. Padang Lawas utara,P,Profesi,9,29.0,6.856334510109952,37.545740386136885,29.49071638278529,29.447217055533315,33.35710204900542,22.563018204386218,20.286120017470445
2486,Prov. Sumatera Utara,Kab. Padang Lawas utara,P,S1,209,772.0,182.5203531656856,126.53927846732064,105.94729284026289,106.94255102657907,125.68954470716086,144.8008435143671,132.70047725053007
2487,Prov. Sumatera Utara,Kab. Simalungun,L,D3,31,233.0,55.08710140881444,39.36067139012249,28.029040245592682,23.740724993109616,26.834123292498976,18.9470961742337,17.67735695361912
2488,Prov. Sumatera Utara,Kab. Simalungun,L,S1,167,747.0,176.60971996731496,133.99383236833646,122.51547292066302,132.31608713142072,159.93891143900856,164.79230218951793,182.41925566474924
2489,Prov. Sumatera Utara,Kab. Simalungun,L,S2,5,43.0,10.166289101197515,15.513372583923426,14.901255088840962,16.098768767667444,15.063939420026445,13.005442710981864,16.310560009589985
2490,Prov. Sumatera Utara,Kab. Simalungun,P,D3,35,339.0,80.14818616990598,74.88030762608517,56.399101617658566,51.34591564620302,76.52712623408162,45.53317149783686,75.00429558622331
2491,Prov. Sumatera Utara,Kab. Simalungun,P,S1,410,1824.0,431.2397981531225,367.2171945419582,335.7551508040111,365.37327440077115,387.3344067134605,339.33369051855055,325.01093538208096
2492,Prov. Sumatera Utara,Kab. Simalungun,P,S2,17,62.0,14.658370331959208,24.280118547610524,23.037204410232317,24.72596962978626,27.828973292597336,15.857822843701381,21.50359210068879
2493,Prov. Sumatera Utara,Kab. Tapanuli Selatan,L,S1,35,501.0,118.44908929534779,76.44444241227471,61.33005236030649,61.30016168620962,72.26174437194533,79.37487273083798,71.48512434140535
2494,Prov. Sumatera Utara,Kab. Tapanuli Selatan,P,S1,58,419.0,99.06221240469206,73.66632175327146,59.67362608869146,60.77018512169269,78.72791158026331,55.85795930497671,52.88976779503353
2495,Prov. Sumatera Utara,Kab. Tapanuli Tengah,L,S1,36,398.0,94.09728051806071,56.321551483395254,45.659129509247954,46.02264135134849,39.913744313700185,37.08834304267273,42.509789578798845
2496,Prov. Sumatera Utara,Kab. Tapanuli Tengah,P,S1,57,585.0,138.30881684187318,104.01481064408917,87.89150815554177,93.6300795692127,71.52552386473073,76.71384864784585,93.13689546900358
2497,Prov. Sumatera Utara,Kab. Tapanuli Utara,L,D3,31,100.0,23.642532793482594,31.29516526762311,29.20004175585327,31.277590161758255,29.315772158806674,29.087289017423707,25.706014165228158
2498,Prov. Sumatera Utara,Kab. Tapanuli Utara,L,S1,288,1873.0,442.824639221929,280.0346589787058,250.18394102276784,243.7405302362848,242.6733881406901,229.20772984400148,214.47710537312204
2499,Prov. Sumatera Utara,Kab. Tapanuli Utara,L,S2,22,135.0,31.9174192712015,35.037294323457566,31.152754127220657,28.527424343671854,30.034286840517414,24.3610005647949,25.887570957090592
2500,Prov. Sumatera Utara,Kab. Tapanuli Utara,L,S3,5,60.0,14.185519676089555,6.944640712190545,6.445883891247238,7.599477234208418,9.988144293553374,6.719261818904478,7.486687886803363
2501,Prov. Sumatera Utara,Kab. Tapanuli Utara,P,D3,102,284.0,67.14479313349057,94.75359768027269,86.75432976009218,91.61918846233425,80.87463562362575,74.47090835714833,77.05571964223238
2502,Prov. Sumatera Utara,Kab. Tapanuli Utara,P,S1,475,2608.0,616.597255254026,439.66612255924224,393.4609365377497,387.00043059542145,391.8663536676324,370.91144171985815,343.44091384999183
2503,Prov. Sumatera Utara,Kab. Tapanuli Utara,P,S2,21,137.0,32.39026992707115,38.2922876273658,33.53362440907128,30.405392355470003,34.53436734166435,24.18606841066192,30.506909721774143
2504,Prov. Sumatera Utara,Kab. Tapanuli Utara,P,S3,9,38.0,8.984162461523386,4.419449632347596,3.938619977086896,4.464924200312245,11.461139800836618,5.564709671014655,4.911275505474416
2505,Prov. Sumatera Utara,Kab. Toba Samosir,L,D3,76,261.0,61.70701059098957,81.47068521084064,75.77859633013917,83.43445258470125,62.88431952364279,69.58814103819014,66.34664961348288
2506,Prov. Sumatera Utara,Kab. Toba Samosir,L,D4,24,150.0,35.46379919022389,29.655298635456738,28.361546837307916,32.84004846460454,34.924944138954196,26.169541610971493,22.69043258624795
2507,Prov. Sumatera Utara,Kab. Toba Samosir,L,S1,86,509.0,120.3404919188264,94.51297226083868,91.26524507997188,99.74387910710986,72.47244470788358,94.69613680116622,83.71549954844775
2508,Prov. Sumatera Utara,Kab. Toba Samosir,P,D3,189,570.0,134.76243692285078,194.9746873429208,179.81425836917228,196.6077370022867,152.4729169362015,175.38923091480177,180.44386277909007
2509,Prov. Sumatera Utara,Kab. Toba Samosir,P,D4,33,127.0,30.026016647722894,27.30605869883167,25.7939041694644,30.050157356504396,37.465205044288155,22.537355469469002,18.428337714879724
2510,Prov. Sumatera Utara,Kab. Toba Samosir,P,S1,249,936.0,221.29410694699706,179.09771612144016,167.57389965837854,178.39879608504435,141.7157643765324,201.50413323483625,172.82013525314437
2511,Prov. Sumatera Utara,Kota Binjai,L,D3,33,76.0,17.968324923046772,18.682633372738657,15.768817888646497,15.94636360877897,18.123759078111686,19.94583991500097,21.782578197164806
2512,Prov. Sumatera Utara,Kota Binjai,L,S1,292,2591.0,612.5780246791339,306.61928797038007,248.48713804839227,229.40613073508072,257.38133439432517,403.27974976697334,363.17853308182447
2513,Prov. Sumatera Utara,Kota Binjai,P,D3,92,374.0,88.42307264762489,114.60894364286702,100.52978273071396,107.18201678057935,121.35353905406411,97.29289528907034,115.11798419039613
2514,Prov. Sumatera Utara,Kota Binjai,P,S1,742,5329.0,1259.9105725646873,795.0483882336537,672.4314056610395,656.7643499338528,693.210306027497,673.7195746694846,704.0750349626742
2515,Prov. Sumatera Utara,Kota Gunung Sitoli,L,D3,5,34.0,8.038461149784082,6.33535594902606,4.549790880310605,4.046721359309312,8.934355011175013,7.692496435610385,9.62335540633956
2516,Prov. Sumatera Utara,Kota Gunung Sitoli,L,S1,452,3201.0,756.7974747193778,425.26148346638746,338.76074529644586,324.6182853042754,320.0554373569785,340.54950595320764,357.9090734211797
2517,Prov. Sumatera Utara,Kota Gunung Sitoli,P,D3,8,216.0,51.0678708339224,68.64198442496138,57.48503136481308,61.49218068044237,73.1233671857909,66.08499657235305,40.488967644345344
2518,Prov. Sumatera Utara,Kota Gunung Sitoli,P,S1,606,2919.0,690.1255322417569,523.8029121308682,446.6261675574801,466.3768933817452,522.9061514112683,415.4769807110152,391.00437279981196
2519,Prov. Sumatera Utara,Kota Medan,L,D1,3,6.0,1.4185519676089555,3.12579876413109,1.273416944939206,1.009070280895499,1.924756403281837,3.341443613149425,5.344682811119975
2520,Prov. Sumatera Utara,Kota Medan,L,D3,2519,10799.0,2553.157116368185,2883.711543089968,3017.099235429027,3077.4722302854507,2642.0478183612227,2288.0359954257415,2570.8526981886916
2521,Prov. Sumatera Utara,Kota Medan,L,D4,786,4952.0,1170.778223933258,921.0156700733177,1027.0291323140677,1129.267780662181,757.1173206413656,1090.77612728575,891.8369336529677
2522,Prov. Sumatera Utara,Kota Medan,L,Profesi,10412,10078.0,2382.6944549271757,13391.936870329599,13922.272125222084,14521.92226239395,14673.586345810427,8972.926576465108,10728.351242115772
2523,Prov. Sumatera Utara,Kota Medan,L,S1,15039,106770.0,25243.132263601365,14645.00376826977,15065.389475546534,14437.735037519047,13760.30994305739,17349.002340281946,16607.898285167674
2524,Prov. Sumatera Utara,Kota Medan,L,S2,2543,7944.0,1878.1628051142573,2223.325479935036,2416.3580898032496,2317.3392048668,2523.949165168064,2040.8070030258252,2395.7665195930363
2525,Prov. Sumatera Utara,Kota Medan,L,S2 Terapan,16,65.0,15.367646315763686,20.81150017310325,20.440354887097193,16.322653643985088,21.87016026795339,18.49400939411446,19.622928260314822
2526,Prov. Sumatera Utara,Kota Medan,L,S3,338,1335.0,315.62781279299264,191.5638489301293,228.7644201886041,299.6121907487775,223.6183506286665,236.21812831232504,199.6312431439235
2527,Prov. Sumatera Utara,Kota Medan,L,Sp-1,125,547.0,129.32465438034978,97.73555170259942,126.07993314806205,175.12702233955403,120.95656050960041,124.36752009813941,120.08962720006365
2528,Prov. Sumatera Utara,Kota Medan,P,D1,3,5.0,1.1821266396741297,3.897722162445471,1.7647974484167912,1.5913578162594508,2.8455283024523372,2.465533518690381,3.552311873688259
2529,Prov. Sumatera Utara,Kota Medan,P,D3,4243,15064.0,3561.511140010218,4723.37408581037,5024.336449504127,5265.053328787357,4721.372764399804,4045.204655358706,3748.5297372522914
2530,Prov. Sumatera Utara,Kota Medan,P,D4,1149,6484.0,1532.9818263294114,1366.5967936889936,1529.26501912652,1701.2852595188037,1326.4029195444111,1674.4585257610818,1404.0850696855825
2531,Prov. Sumatera Utara,Kota Medan,P,Profesi,34802,33078.0,7820.476997428172,47812.68025427926,49118.67176911012,51237.19479926617,42269.67312861596,23433.494038869594,31920.2102363403
2532,Prov. Sumatera Utara,Kota Medan,P,S1,27103,130216.0,30786.360502361294,22722.631973279967,24473.74874226828,24948.84686578962,25246.25446922344,21618.69992906977,24481.769997331325
2533,Prov. Sumatera Utara,Kota Medan,P,S2,2541,6944.0,1641.7374771794312,2325.5689936156073,2587.6292051197847,2569.0917391920893,2422.016406315661,2292.65602381636,2311.5962770918977
2534,Prov. Sumatera Utara,Kota Medan,P,S2 Terapan,13,38.0,8.984162461523386,15.328452774678908,15.707765877095579,13.272084396638666,14.812567354559693,14.532230780337716,12.853798417172138
2535,Prov. Sumatera Utara,Kota Medan,P,S3,209,1033.0,244.22736375667517,172.83576617721005,209.30903386916071,280.7107164570953,189.1272687855896,197.9961439446002,194.57851473787463
2536,Prov. Sumatera Utara,Kota Medan,P,Sp-1,133,531.0,125.54184913339257,100.27227152237823,126.52468333959037,172.63523644921023,131.4559095816978,124.83217314720692,109.80277930143528
2537,Prov. Sumatera Utara,Kota Medan,P,Sp-2,1,16.0,3.782805246957215,5.945354491887605,6.913722205758351,6.588314028803486,5.89035005518678,5.379235033719238,4.559839517590427
2538,Prov. Sumatera Utara,Kota Padang Sidempuan,L,D3,1,14.0,3.309954591087563,4.147335871928321,4.004477106280024,4.230337909853183,3.5772638342425775,4.346115890060105,4.7043827057686975
2539,Prov. Sumatera Utara,Kota Padang Sidempuan,L,Profesi,1055,640.0,151.3122098782886,901.2920346656018,850.9151022311993,891.7740443562162,1088.509834845175,774.9904179525978,839.7065499131443
2540,Prov. Sumatera Utara,Kota Padang Sidempuan,L,S1,882,7948.0,1879.1085064259964,1287.0966906179594,1250.279653466915,1272.5580754247665,1354.4153207267348,1312.1617538331386,1312.1415491873877
2541,Prov. Sumatera Utara,Kota Padang Sidempuan,L,S2,89,288.0,68.09049444522987,103.88039186725953,110.06175858126028,116.93050720673054,98.97379621301009,72.85377873331784,73.36912908008499
2542,Prov. Sumatera Utara,Kota Padang Sidempuan,P,D3,148,591.0,139.72736880948213,198.41722712116513,192.26425394057435,205.49620512834343,181.5851343874718,188.83202888743085,198.53335199853467
2543,Prov. Sumatera Utara,Kota Padang Sidempuan,P,Profesi,4854,3055.0,722.2793768408932,4700.086467299218,4393.523587217704,4586.849304615056,7280.896591189188,3870.687398555202,4066.097875202031
2544,Prov. Sumatera Utara,Kota Padang Sidempuan,P,S1,2982,14785.0,3495.5484735164014,2821.649108891273,2790.5187901728696,2920.8536573161305,3122.1856257303207,2664.372771208185,2704.7502426964597
2545,Prov. Sumatera Utara,Kota Padang Sidempuan,P,S2,148,402.0,95.04298182980003,155.20387970717618,161.59656809130334,169.55203276760193,135.8777416188501,121.81108948088108,135.89914193826056
2546,Prov. Sumatera Utara,Kota Pematang Siantar,L,D3,83,438.0,103.55429363545376,85.66124677136632,67.45503120770941,58.846456800410465,60.64865280288662,71.23355899397333,80.9955565152884
2547,Prov. Sumatera Utara,Kota Pematang Siantar,L,Profesi,119,214.0,50.59502017805275,312.68976199779274,284.259458377818,297.85960938402377,311.4547855439419,492.74738054367964,490.48943468578153
2548,Prov. Sumatera Utara,Kota Pematang Siantar,L,S1,768,6432.0,1520.6877092768004,890.9066150776383,775.9727006200239,731.5679246582479,768.51101896678,826.7518633263346,865.389529657703
2549,Prov. Sumatera Utara,Kota Pematang Siantar,L,S2,75,227.0,53.668549441205485,64.04551541432858,58.89808500141511,55.51666483331666,60.75060841492242,58.712125347422244,69.09961755749984
2550,Prov. Sumatera Utara,Kota Pematang Siantar,P,D3,143,506.0,119.63121593502191,125.9775395613533,103.89867440003178,96.32633271549781,100.6219543672909,106.29244592830506,119.62483608075239
2551,Prov. Sumatera Utara,Kota Pematang Siantar,P,Profesi,552,1099.0,259.8314354003737,1761.353561742329,1587.7179899620305,1660.117850446789,1612.5411453551053,1535.6913704157814,1639.8789808596277
2552,Prov. Sumatera Utara,Kota Pematang Siantar,P,S1,1130,7159.0,1692.5689226854188,1227.6952004163581,1108.1878138226568,1102.8354393731656,1108.4608347639191,1294.141812387876,1368.4489985786531
2553,Prov. Sumatera Utara,Kota Pematang Siantar,P,S2,74,164.0,38.773753781311456,53.658594343778844,49.941447795079576,48.09296197297158,51.59723011861092,51.043696428320416,50.85920818205015
2554,Prov. Sumatera Utara,Kota Sibolga,L,D3,9,13.0,3.073529263152737,3.1739095583028396,2.538839688399624,2.5582935580755737,2.969559753401945,4.762781890171689,5.3186476059756655
2555,Prov. Sumatera Utara,Kota Sibolga,L,S1,99,771.0,182.28392783775078,91.93686964697804,70.98944464791842,65.67237446572524,81.24288569970086,112.73327610934676,92.6144415146458
2556,Prov. Sumatera Utara,Kota Sibolga,P,D3,50,85.0,20.096152874460206,24.057492582768024,19.473522607793175,20.04441497251334,22.148033887713545,22.49883571063246,22.66920844527272
2557,Prov. Sumatera Utara,Kota Sibolga,P,S1,244,1346.0,318.2284914002757,201.3115346128597,161.91699510601873,158.19205750883958,158.09896481149454,171.52085965667146,170.30554914353095
2558,Prov. Sumatera Utara,Kota Tanjung Balai,L,S1,19,319.0,75.41967961120947,31.55426824801374,22.694342940382427,19.441995919522903,16.587060778698227,21.89855002893426,26.645487255816747
2559,Prov. Sumatera Utara,Kota Tanjung Balai,P,D3,8,68.0,16.076922299568164,14.368343863074694,10.42183784356946,9.500997150183261,18.488046541255056,17.81441911880543,18.06558961884747
2560,Prov. Sumatera Utara,Kota Tanjung Balai,P,S1,87,919.0,217.27487637210504,104.96110772107976,76.27883725022515,66.6388171261839,100.82006702716936,81.26267511576313,80.28290062894145
2561,Prov. Sumatera Utara,Kota Tebing Tinggi,L,D3,4,36.0,8.511311805653733,5.8165905838824,3.971959664378949,3.3197791259614626,3.8949389361556523,12.176521415032866,12.00438188463901
2562,Prov. Sumatera Utara,Kota Tebing Tinggi,L,S1,143,1440.0,340.4524722261493,201.6602300636449,164.10785069537542,160.50061936307927,194.9658538350517,202.5911276095699,194.71667382546408
2563,Prov. Sumatera Utara,Kota Tebing Tinggi,L,S2,12,26.0,6.147058526305474,9.561379086545147,9.015399325005154,9.87345084033442,10.037213911354788,3.8999014217141186,4.205301906484711
2564,Prov. Sumatera Utara,Kota Tebing Tinggi,P,D3,14,46.0,10.875565085001993,11.926388996411738,9.27620246189968,9.250112772424632,12.822872695353857,14.29428168001418,16.491137002801146
2565,Prov. Sumatera Utara,Kota Tebing Tinggi,P,S1,360,2500.0,591.0633198370648,444.27934292742805,378.2123168160119,392.746317504367,467.8656579258548,471.8837243560642,447.14441707892024
2566,Prov. Sumatera Utara,Kota Tebing Tinggi,P,S2,9,27.0,6.3834838542403,10.073361753956073,9.152012934789653,9.676902986763169,11.499123386958301,4.151191175203168,3.493192932845147
