row_id,provinsi_pt,kabupaten_pt,jk,nm_jenj_didik,jumlah_lulusan,jumlah_terdaftar,ExposureRateBaseline,NB2_Offset,PoissonRate,TweedieRate,HistGBPoissonRate,RandomForestLogCount,ExtraTreesLogCount
0,Prov. Aceh,Kab. Aceh Barat,L,D2,21,149.0,34.328304499807075,58.773507484807794,44.94654740143744,38.707069858282374,43.181973256968014,42.155372461951465,51.61791016949691
1,Prov. Aceh,Kab. Aceh Barat,L,Profesi,35,85.0,19.583260956265782,106.13049655825941,86.50364087710223,85.8549783821681,60.23621567447794,96.0763089513457,91.18593257517773
2,Prov. Aceh,Kab. Aceh Barat,L,S1,554,4231.0,974.7856130113003,672.3039015529807,634.9476074197264,661.4522292435812,730.020907052146,608.8627571701032,542.3785333321972
3,Prov. Aceh,Kab. Aceh Barat,L,S2,5,66.0,15.20582615427696,21.426059312981632,21.737694423682317,22.63915580543865,20.693744208826683,20.649087447489098,20.18739967167761
4,Prov. Aceh,Kab. Aceh Barat,P,D2,4,26.0,5.990173939563651,9.420816435603104,6.797340808147217,5.481164534305978,5.182604507615449,6.218686455334015,8.355718915135576
5,Prov. Aceh,Kab. Aceh Barat,P,D3,14,19.0,4.377434801988822,6.241481278588622,6.293468035822577,6.97540785180086,5.939791609246132,4.750815985300461,4.170920346266295
6,Prov. Aceh,Kab. Aceh Barat,P,Profesi,55,151.0,34.789087110542745,206.4260351248464,167.6949960989331,166.60630672155963,121.3693549417303,119.41836944178758,114.05477771124565
7,Prov. Aceh,Kab. Aceh Barat,P,S1,1464,7356.0,1694.7584422857776,1359.2329354047483,1303.1655835714487,1389.644270681286,1509.820439190124,1195.6886668320888,1244.7018298359005
8,Prov. Aceh,Kab. Aceh Barat,P,S2,4,43.0,9.906826130816807,17.03111670312556,17.81416870240197,19.352312628755566,16.129326122284507,10.649590836464151,14.436764958477355
9,Prov. Aceh,Kab. Aceh Barat Daya,L,S1,26,345.0,79.48500035190229,38.343075499348224,28.76453467772613,25.656860578854793,35.5317321654126,31.870725296678494,31.848102041252073
10,Prov. Aceh,Kab. Aceh Barat Daya,P,S1,75,754.0,173.71504424734587,99.10764113854928,76.39604517827294,70.7891194011156,79.27388697798865,87.61652531665995,99.59890398937947
11,Prov. Aceh,Kab. Aceh Besar,L,D3,340,1451.0,334.2977840887253,376.7085307883915,345.7668200082137,365.67154063275825,368.88320534882337,320.06717121638513,369.03056746893304
12,Prov. Aceh,Kab. Aceh Besar,L,D4,59,313.0,72.11247858013165,50.07645171004141,46.433752784125495,51.56077842709886,54.61192267040898,35.5350990749651,38.24654009889548
13,Prov. Aceh,Kab. Aceh Besar,L,Profesi,33,120.0,27.646956644139927,111.36647765655633,78.5337017148273,70.26605237708333,58.80692529788955,82.04492218014722,75.90750569793373
14,Prov. Aceh,Kab. Aceh Besar,L,S1,339,4502.0,1037.221656765983,608.5940817178265,517.3873467050595,509.8933260751287,697.351832768129,713.0212548654389,615.1889063218817
15,Prov. Aceh,Kab. Aceh Besar,L,S2,10,94.0,21.656782704576276,22.408941797933824,19.595540577818674,18.31314538767906,27.35867406170723,19.01234631660922,21.79179730907721
16,Prov. Aceh,Kab. Aceh Besar,P,D3,1119,4509.0,1038.8343959035578,1222.2530919502162,1101.681355638224,1145.4073209212866,1369.5557103743945,871.3604618350408,780.4654350791108
17,Prov. Aceh,Kab. Aceh Besar,P,D4,460,1573.0,362.40552334360086,269.55992712668825,247.42262370770933,272.7350880375323,302.818316140076,379.63584968690515,489.18309673104966
18,Prov. Aceh,Kab. Aceh Besar,P,Profesi,96,331.0,76.25952207675263,403.5600877180501,300.26265827309027,288.2254399500692,179.6967120138101,283.0495002505563,302.95608600240064
19,Prov. Aceh,Kab. Aceh Besar,P,S1,480,3582.0,825.2616558275769,632.7959786845493,570.5293922503631,607.0253580159043,691.3249478174287,614.3968066041751,633.180685394979
20,Prov. Aceh,Kab. Aceh Besar,P,S2,3,18.0,4.147043496620989,5.691476478699358,5.266836005246416,5.300003976792299,6.844181897695273,5.131762421200106,6.001466908984476
21,Prov. Aceh,Kab. Aceh Jaya,L,S1,9,106.0,24.421478368990268,19.177935927147402,13.251706968286275,14.904148189972878,12.029941239150999,19.519576794804987,16.16669510099616
22,Prov. Aceh,Kab. Aceh Jaya,P,S1,40,149.0,34.328304499807075,31.094725033616314,21.76667860723657,24.996442437612902,17.372716653341424,17.672660873889697,19.265379557899735
23,Prov. Aceh,Kab. Aceh Selatan,L,S1,20,435.0,100.22021783500723,58.311585517908014,52.00645621007755,47.945666787975284,58.458701720262376,56.561211981062684,46.83051406437983
24,Prov. Aceh,Kab. Aceh Selatan,P,S1,72,433.0,99.75943522427157,57.37387818903984,49.3971744020165,43.84749134551947,49.1534557273191,51.601759647352424,45.04418022842105
25,Prov. Aceh,Kab. Aceh Singkil,L,D3,7,28.0,6.450956550299316,7.284018473012646,6.049359583941084,6.422138055874128,6.643661015306351,6.808770159805134,8.542712986294228
26,Prov. Aceh,Kab. Aceh Singkil,L,S1,46,515.0,118.65152226443385,59.733993315678966,43.65349119390895,40.57508851732846,50.420914866318554,43.44483216345507,29.54041108864987
27,Prov. Aceh,Kab. Aceh Singkil,P,D3,40,108.0,24.882260979725935,32.81144090587692,27.712874862747682,30.182163172468687,31.011118492788487,37.409392886278894,35.42234936738489
28,Prov. Aceh,Kab. Aceh Singkil,P,S1,94,619.0,142.61221802268847,85.3618195487837,63.71121307225928,61.0646649318245,74.63965429192585,67.54562320130805,61.83109905194961
29,Prov. Aceh,Kab. Aceh Tamiang,L,S1,93,1664.0,383.3711321320737,263.52325446920474,183.40258791812462,193.24494076371292,293.9931137599376,262.9709093342869,246.89867573413983
30,Prov. Aceh,Kab. Aceh Tamiang,P,S1,51,1282.0,295.3616534815616,197.77862352068854,132.27317303540542,133.44904091807575,237.51967725559538,176.08888284920954,205.85068689779033
31,Prov. Aceh,Kab. Aceh Tengah,L,D4,11,48.0,11.058782657655971,5.037750184666086,4.24128912805597,3.905836028774128,6.445442945474903,8.744327631617267,8.596111944977155
32,Prov. Aceh,Kab. Aceh Tengah,L,Profesi,346,70.0,16.127391375748292,103.44172877525651,87.37779927396994,90.84503867971073,110.17522969547053,63.15335395570635,85.70166183759595
33,Prov. Aceh,Kab. Aceh Tengah,L,S1,209,2486.0,572.7527851444322,226.22624592875152,175.17260929974682,143.72424747372187,170.32525246837966,227.7512296081776,237.49872180085464
34,Prov. Aceh,Kab. Aceh Tengah,L,S2,3,207.0,47.69100021114137,43.68001148539573,38.08356606860169,33.07975383190506,36.10461613519127,44.7040965128215,58.90570936757892
35,Prov. Aceh,Kab. Aceh Tengah,P,D4,5,14.0,3.225478275149658,1.7810921140203626,1.5428360214105203,1.478381092890819,1.521567453388982,3.392876890679219,2.402001340749341
36,Prov. Aceh,Kab. Aceh Tengah,P,Profesi,1010,146.0,33.63713058370358,249.33248615187546,213.48979232277713,226.79907160582664,236.0310089424538,136.50769279842925,207.05613129314307
37,Prov. Aceh,Kab. Aceh Tengah,P,S1,246,2611.0,601.5516983154113,293.321899827777,235.02750906878947,202.0460164953966,172.38736265230878,239.91247050390078,268.5213802233802
38,Prov. Aceh,Kab. Aceh Tengah,P,S2,13,260.0,59.90173939563651,75.96794744351084,71.04166991409514,67.54071511675211,60.774481630238995,69.14491707713512,77.88979731329141
39,Prov. Aceh,Kab. Aceh Tenggara,L,Profesi,9,47.0,10.828391352288138,72.88294621501964,52.167409124218175,58.3082413959093,67.99223805693482,31.741808388072148,32.15993106459083
40,Prov. Aceh,Kab. Aceh Tenggara,L,S1,453,2651.0,610.7673505301245,417.91296042871596,320.7049987792105,342.2977643200206,462.4274699224374,393.0950524221105,363.5074291102189
41,Prov. Aceh,Kab. Aceh Tenggara,P,D3,53,186.0,42.85278279841689,61.256932717634164,50.731340747347815,58.36915259023973,67.99944745459156,48.04845598398486,45.74991697628903
42,Prov. Aceh,Kab. Aceh Tenggara,P,Profesi,6,62.0,14.28426093280563,104.93014304481083,74.78285396002748,83.56912973555545,85.6528183952153,41.4542326014039,51.366426628515285
43,Prov. Aceh,Kab. Aceh Tenggara,P,S1,472,2554.0,588.4193939094448,471.9274743375094,368.73114808535513,404.3070874281627,628.457743436027,462.83040296977055,451.876636324284
44,Prov. Aceh,Kab. Aceh Timur,L,D3,2,140.0,32.254782751496585,18.55762994999827,12.981052139777429,10.394404125443955,13.532944122155394,16.714251109902918,18.834114642244902
45,Prov. Aceh,Kab. Aceh Timur,P,D3,10,226.0,52.0684350131302,35.70589197918197,25.56290271199032,21.16235166868648,21.434377324565748,33.1652848886287,39.83508943589707
46,Prov. Aceh,Kab. Aceh Utara,L,D3,6,14.0,3.225478275149658,3.641472203975267,3.404396017840526,3.1844817462059303,2.769265596197696,3.4996520335779993,3.2159358183085827
47,Prov. Aceh,Kab. Aceh Utara,L,Profesi,293,363.0,83.63204384852328,579.7077048987597,493.0644886450768,479.33096762345014,677.9290882959723,763.1934106824708,707.9910875033785
48,Prov. Aceh,Kab. Aceh Utara,L,S1,1630,8837.0,2035.9679655355378,1604.2959465080646,1517.172005365467,1472.237281695577,1186.2336322370627,1439.2342096722589,1295.4343185530445
49,Prov. Aceh,Kab. Aceh Utara,L,S2,119,401.0,92.38691345250092,123.02421686932026,118.49271186015687,107.73287505839252,129.66859570725867,95.51781914059194,109.20289568726801
50,Prov. Aceh,Kab. Aceh Utara,P,D3,36,68.0,15.666608765012626,21.910318895646412,21.219246323987065,20.824042713867435,15.420932437978568,23.72304679753026,24.42159952725231
51,Prov. Aceh,Kab. Aceh Utara,P,Profesi,1095,1255.0,289.1410882366301,2218.5500335003376,1887.1731060800746,1844.1362016231747,2510.2189633200655,1711.7029528426924,2038.2206237563673
52,Prov. Aceh,Kab. Aceh Utara,P,S1,2965,13121.0,3022.9643177313333,2743.879191532647,2626.5435960732043,2599.7545767033034,2361.858819066818,2633.7529395698953,2338.7485752360167
53,Prov. Aceh,Kab. Aceh Utara,P,S2,91,283.0,65.20073941909666,105.91442092786126,105.16967924895066,99.73491671010414,110.21700274089702,103.04980643096845,108.22529558759786
54,Prov. Aceh,Kab. Bener Meriah,L,S1,7,176.0,40.54886974473856,27.29166448135922,20.155674774157003,21.065124832551774,29.8440602377035,29.781099552934737,29.536625473967476
55,Prov. Aceh,Kab. Bener Meriah,P,S1,11,616.0,141.92104410658496,105.21769087869275,77.59569373051342,81.36596193062151,126.55682734609283,97.36006621573455,100.4314450487347
56,Prov. Aceh,Kab. Bireuen,L,D3,8,24.0,5.529391328827986,4.5845404944624955,3.688189314473644,3.4388462255079895,3.553883723883469,3.4708469214350774,3.5899865625813314
57,Prov. Aceh,Kab. Bireuen,L,Profesi,906,510.0,117.4995657375947,782.9831006110899,623.3677939585668,669.2013748686619,485.2960286741948,587.8692424725684,531.1448711093382
58,Prov. Aceh,Kab. Bireuen,L,S1,824,8373.0,1929.0663998448633,1152.406967462087,945.7604156605969,924.2554086333183,1052.351269997414,799.7622625233977,821.4765615398845
59,Prov. Aceh,Kab. Bireuen,L,S2,180,655.0,150.90630501593043,188.79106356860396,168.9893648677773,168.1893721542512,201.78798199032374,142.75178469778322,159.34004334733206
60,Prov. Aceh,Kab. Bireuen,P,D3,87,293.0,67.50465247277499,60.6318518673434,48.45479316780891,45.04226466641049,46.10779788098086,36.36565333936224,45.36278673979665
61,Prov. Aceh,Kab. Bireuen,P,Profesi,4079,2418.0,557.0861763794195,4143.858607208019,3308.135177336606,3581.219666728359,1973.6846960295434,1880.439037706266,2147.545818982075
62,Prov. Aceh,Kab. Bireuen,P,S1,1559,10540.0,2428.324358576957,1742.2788640254366,1466.9381235577002,1486.441074929702,1852.0878823275625,1410.1636956174762,1526.2204893947426
63,Prov. Aceh,Kab. Bireuen,P,S2,243,607.0,139.84752235827446,181.3020227653719,158.99229065906835,155.1200613355617,202.69312503783968,153.39129499959176,175.4968697789216
64,Prov. Aceh,Kab. Nagan Raya,L,S1,182,458.0,105.51921785846739,90.29186731764014,64.0870350593232,74.47109302552373,51.92334934172938,53.40751915046647,43.7883895002226
65,Prov. Aceh,Kab. Nagan Raya,P,S1,117,377.0,86.85752212367294,81.11571862430395,57.326441942864136,66.60175990193642,56.53777833589541,49.02815712607061,52.98124871711215
66,Prov. Aceh,Kab. Pidie,L,D3,25,117.0,26.95578272803643,29.280736516316562,26.30462587352874,27.515430513725423,29.702153102168424,37.37730913505222,40.680742509727
67,Prov. Aceh,Kab. Pidie,L,Profesi,25,29.0,6.681347855667149,35.454657153553185,26.979476034915006,26.887576964949147,24.961265459504943,16.81167971870589,18.63521064618452
68,Prov. Aceh,Kab. Pidie,L,S1,316,2120.0,488.4295673798054,262.6234767904715,214.03993788353176,203.44095235393343,315.0068369622622,238.90543314484853,216.97240059660666
69,Prov. Aceh,Kab. Pidie,P,D3,80,223.0,51.3772610970267,67.63867403459227,62.608271049991274,68.26136789905783,65.55258394170467,51.9875480486028,49.559230564941934
70,Prov. Aceh,Kab. Pidie,P,Profesi,130,115.0,26.495000117300762,172.43218885710684,135.49985019403562,141.13688019294665,143.8414422418895,101.31436475647915,96.49972637153402
71,Prov. Aceh,Kab. Pidie,P,S1,597,3464.0,798.0754817941726,550.8502465774419,470.2688525122387,475.3452196874569,629.4593213698846,474.46835909618966,565.9461048595026
72,Prov. Aceh,Kab. Pidie Jaya,L,S1,127,456.0,105.05843524773172,88.49662727454346,81.08059238537786,86.64502462503472,72.79395316265357,83.21754333609681,69.61179780890907
73,Prov. Aceh,Kab. Pidie Jaya,P,S1,35,184.0,42.39200018768122,38.128056076617085,34.545369086669126,36.60247673349375,35.620057272442054,37.1546943293087,43.29929571148199
74,Prov. Aceh,Kab. Sabussalam,P,D3,32,91.0,20.965608788472778,30.185408317813632,24.236808642778026,27.55229974665691,30.341045246641713,18.000618347319445,22.600875228911672
75,Prov. Aceh,Kab. Sabussalam,P,S1,5,384.0,88.47026126124777,49.858220011299856,33.74956456292703,31.88398126631128,45.371442745260644,38.80078417453007,42.19205099314008
76,Prov. Aceh,Kota Banda Aceh,L,D3,289,1730.0,398.57695828635065,414.9228611518875,369.9913549744178,361.479671055452,355.914218242869,316.13194771788176,330.48422094569503
77,Prov. Aceh,Kota Banda Aceh,L,D4,16,158.0,36.40182624811757,27.974271227952737,26.48994096015134,28.87559452576729,26.747808051524746,29.3150648580386,24.929886626302988
78,Prov. Aceh,Kota Banda Aceh,L,Profesi,4620,4200.0,967.6434825448974,6232.9065596776345,5024.909257689369,5063.3772382270745,6548.283469640252,4709.434471262483,4796.592312331147
79,Prov. Aceh,Kota Banda Aceh,L,S1,4628,31757.0,7316.536684566264,5290.99668463374,4750.565948730075,4787.860138969602,4966.398084909876,4961.022904701916,5024.639129107531
80,Prov. Aceh,Kota Banda Aceh,L,S2,522,1474.0,339.59678411218545,477.31488176439973,453.4571291624457,448.55434844963935,447.1044214360687,397.8876934948411,446.2649374587054
81,Prov. Aceh,Kota Banda Aceh,L,S3,87,603.0,138.92595713680313,90.05498490364812,87.55323561264667,115.99174204750152,89.68790653393224,128.65568751181024,111.82164342622184
82,Prov. Aceh,Kota Banda Aceh,L,Sp-1,31,284.0,65.4311307244645,59.733884756788925,66.19729142003236,96.14096109460074,97.56661639204118,52.27997249446789,54.480014537665575
83,Prov. Aceh,Kota Banda Aceh,P,D3,472,2291.0,527.8264805977047,651.0720912078338,590.5384580039968,592.0117705323999,621.3862559744193,527.188647709706,535.7623611028135
84,Prov. Aceh,Kota Banda Aceh,P,D4,53,334.0,76.95069599285613,68.72033710449935,66.03024714189343,73.63684107564268,65.64159956593555,62.08658402437605,59.626626883256826
85,Prov. Aceh,Kota Banda Aceh,P,Profesi,11977,11730.0,2702.4900119646777,18843.048924822044,15086.971041633868,15151.999175578807,18598.022813378684,10822.520058474043,12413.429865062122
86,Prov. Aceh,Kota Banda Aceh,P,S1,8610,42119.0,9703.851390787746,8407.864225899228,7779.313243548478,8173.593051026925,8241.810857752449,8404.554223273566,7979.363781995262
87,Prov. Aceh,Kota Banda Aceh,P,S2,655,1663.0,383.14074082670584,662.5483162671334,650.6358389835698,673.4764802153728,555.9968739399205,552.5002210677511,628.0850271108083
88,Prov. Aceh,Kota Banda Aceh,P,S3,50,360.0,82.94086993241979,65.17012977317152,65.19028507300607,89.8639429282097,56.856604595916764,71.47386741180914,63.40456804674965
89,Prov. Aceh,Kota Banda Aceh,P,Sp-1,26,263.0,60.592913311740006,60.1118571641779,66.24010600330492,96.02579791482607,37.8918362825482,48.63053784338826,50.3167953169601
90,Prov. Aceh,Kota Langsa,L,D3,3,16.0,3.6862608858853236,2.5256508269098217,1.9702642717479817,1.7393016961355932,1.8069336894913381,2.498643224456795,2.564834171247421
91,Prov. Aceh,Kota Langsa,L,Profesi,726,481.0,110.81821788192754,736.404184289864,602.9022241311608,658.1949905512619,538.5717075956674,519.5159207371619,505.2914829559537
92,Prov. Aceh,Kota Langsa,L,S1,633,5825.0,1342.0293537676257,768.6813747066794,642.2335403177459,630.4990717657555,731.4422373854788,757.2272076745444,743.2882025377065
93,Prov. Aceh,Kota Langsa,L,S2,54,169.0,38.93613060716373,46.5743138339651,42.31109120069352,42.14439892066481,48.713525144460505,45.07642255671165,44.910011242667565
94,Prov. Aceh,Kota Langsa,P,D3,60,223.0,51.3772610970267,50.97533328584729,43.253295122169206,42.51067994697899,46.35741410929008,33.362737597068396,39.266944042243715
95,Prov. Aceh,Kota Langsa,P,Profesi,1421,595.0,137.08282669386048,989.3984159218912,805.3318187638268,877.4006485997344,802.364512672829,603.4515610643729,574.9890100539413
96,Prov. Aceh,Kota Langsa,P,S1,1587,10325.0,2378.790227922873,1749.9553384318808,1532.3411145344733,1600.8365808207266,1708.8509302982272,1626.3674987732015,1566.6172969322015
97,Prov. Aceh,Kota Langsa,P,S2,42,133.0,30.642043613921754,45.33437342970633,42.64250969217413,44.53569247559346,44.31407758123894,48.63305515158628,46.921618733250014
98,Prov. Aceh,Kota Lhokseumawe,L,D3,234,1268.0,292.1361752064119,255.01457163317193,222.50078258005135,216.66791859814055,259.92628382506587,195.32332633233256,241.1950110805552
99,Prov. Aceh,Kota Lhokseumawe,L,D4,304,2281.0,525.5225675440264,336.0246328704553,311.28662729448814,338.13559432228885,347.7024906852365,395.44624395896994,399.4073441656802
100,Prov. Aceh,Kota Lhokseumawe,L,Profesi,106,231.0,53.22039153996936,176.99026127835913,119.69163294809397,99.66832060107103,79.90985752354835,181.04746799599832,210.93641654056788
101,Prov. Aceh,Kota Lhokseumawe,L,S1,148,2242.0,516.5373066346809,331.84556651082437,295.34927072139016,301.42326122377017,364.0795259615994,328.8399155821369,317.74798331348956
102,Prov. Aceh,Kota Lhokseumawe,P,D3,288,1188.0,273.7048707769853,322.184485062897,297.65329610292235,312.3179538603692,354.68371586919824,276.1852034377364,289.59465514059315
103,Prov. Aceh,Kota Lhokseumawe,P,D4,212,1685.0,388.20934954479816,306.76068235470296,292.9975708418805,332.0027665518847,293.9373865093025,375.6673412492698,449.7359770422789
104,Prov. Aceh,Kota Lhokseumawe,P,Profesi,392,681.0,156.89647895549408,731.1633867246112,532.3252587393227,487.38312056594185,331.511744039463,530.0527192653785,530.3148903276071
105,Prov. Aceh,Kota Lhokseumawe,P,S1,315,5541.0,1276.5982230431612,939.8505097677897,846.8487753098211,881.7536886310897,1035.1550272370905,985.4856173612108,985.3547720273627
106,Prov. Aceh,Kota Lhokseumawe,P,S2 Terapan,6,13.0,2.9950869697818256,5.3472094584508385,5.066097848753125,4.492496673250492,5.383636617523955,3.7743389650072925,3.10812470601375
107,Prov. Aceh,Kota Sabang,L,D3,3,7.0,1.612739137574829,2.1386916323991683,1.5977505101081129,1.8632984070701715,2.122581507698082,4.571987012682376,2.099367543597699
108,Prov. Aceh,Kota Sabang,P,D3,26,85.0,19.583260956265782,28.343244885647934,21.0833095918743,24.582463517758367,27.273806773227584,21.27818452481301,19.534222532333033
109,Prov. Bali,Kab. Badung,L,D1,17,20.0,4.498920474094423,22.851112924229838,8.411902837047617,7.403007962105162,18.017342149285863,15.212864846979114,17.82472601812467
110,Prov. Bali,Kab. Badung,L,D2,29,63.0,14.171599493397434,34.18376517392304,27.292090926465285,23.48919976462922,30.759986311680777,19.432242016120824,21.700439808098352
111,Prov. Bali,Kab. Badung,L,D3,257,3251.0,731.2995230640485,1195.5379859027576,1039.1540749615972,1010.0550184777386,816.1552870430961,804.9585136790165,782.8374847408833
112,Prov. Bali,Kab. Badung,L,D4,201,3485.0,783.9368926109532,772.039337111737,653.0358358699772,652.6208693899073,596.2593826315331,767.3122974508636,689.0385469141798
113,Prov. Bali,Kab. Badung,L,Profesi,542,766.0,172.30865415781642,1180.8769970967337,909.6347682018715,814.8400045260846,949.7152218255691,1252.8693894019207,1267.4784882290433
114,Prov. Bali,Kab. Badung,L,S1,2281,13874.0,3120.9011328793013,2565.6263362145355,2143.167833403541,1988.0444313590556,2100.8129120551507,2410.2296661816927,2159.9828507429643
115,Prov. Bali,Kab. Badung,L,S2,322,1188.0,267.23587616120875,445.65170482759373,390.2164821576792,353.1934424514082,375.41984563998363,347.267103337097,394.29218893910587
116,Prov. Bali,Kab. Badung,L,S2 Terapan,16,91.0,20.470088157129627,44.150178487128585,34.9568859800425,26.852303616435844,34.0535960753521,26.204501002290822,30.461670145881087
117,Prov. Bali,Kab. Badung,L,S3,90,445.0,100.10098054860092,86.85355983542959,82.69055259314968,100.05148672889149,85.50370635171979,80.4605099718462,74.87487068415098
118,Prov. Bali,Kab. Badung,L,Sp-1,164,762.0,171.40887006299752,169.02917352699947,177.86367214549628,230.24192550496073,158.91868634804285,167.00247643133923,174.71928671519638
119,Prov. Bali,Kab. Badung,P,D1,5,8.0,1.7995681896377693,10.024584818610627,3.6211261122671354,3.1756572852647755,7.183946359663209,4.929923356414716,6.143947621859033
120,Prov. Bali,Kab. Badung,P,D2,37,56.0,12.596977327464385,33.32471323696508,26.10800566415764,22.391393318144797,27.350804767902158,17.609319672015545,16.631590662475457
121,Prov. Bali,Kab. Badung,P,D3,173,2224.0,500.2799567192999,897.9836301893473,766.2204649517006,742.4407322884799,603.3951870056751,525.0280522907225,605.9650399589801
122,Prov. Bali,Kab. Badung,P,D4,246,3859.0,868.066705476519,988.9282286217251,836.6656353310428,847.9143169457601,823.4677897077702,953.9566801581868,865.9586250429502
123,Prov. Bali,Kab. Badung,P,Profesi,1333,1764.0,396.8047858151281,3061.185745897627,2335.4635496354936,2102.417310679608,2162.4231875175624,2051.901581180384,1756.2147458589372
124,Prov. Bali,Kab. Badung,P,S1,3895,19875.0,4470.802221131333,4359.244219551992,3672.373699450784,3478.171763162616,3909.836887289888,3809.3337753637247,3649.401828227825
125,Prov. Bali,Kab. Badung,P,S2,446,1315.0,295.8040211717083,614.3851766382035,552.3517102134663,519.1419873613644,439.80302513251,371.1658668218453,415.78033136404866
126,Prov. Bali,Kab. Badung,P,S2 Terapan,10,88.0,19.795250086015464,50.549098080946536,40.359324864424956,31.6689071177603,34.80620983613844,29.14639675109822,30.558335432467466
127,Prov. Bali,Kab. Badung,P,S3,106,355.0,79.85583841517601,81.85148760131169,78.5199276223509,96.97819673470563,63.8681031063182,86.89750952189563,64.93398064055516
128,Prov. Bali,Kab. Badung,P,Sp-1,128,601.0,135.19256024653743,145.12188620962235,149.44872766083787,192.31528635569447,131.46890001502658,155.50010580539046,152.8121099022316
129,Prov. Bali,Kab. Bangli,L,S1,79,336.0,75.58186396478631,52.564122949897026,46.951377396350395,46.1651526353997,49.95859451732376,49.205135989385184,34.09659677711606
130,Prov. Bali,Kab. Bangli,P,S1,151,659.0,148.23942962141126,121.02651115287587,108.68100135975007,108.85878356946019,124.99956504248149,96.32261717794435,75.35064826996293
131,Prov. Bali,Kab. Buleleng,L,D3,39,162.0,36.44125584016483,50.31801194658589,43.72067650116748,43.118723652948525,47.2105251869061,40.24340614173026,38.160205879616406
132,Prov. Bali,Kab. Buleleng,L,D4,70,292.0,65.68423892177859,58.047224586551295,51.03594252796178,54.61491595322823,58.39354443582769,41.52531353326794,45.95710721774993
133,Prov. Bali,Kab. Buleleng,L,Profesi,5424,4654.0,1046.8987943217724,7253.760831343751,5952.3690924562725,5729.369378237926,5877.485685167546,4769.907220556243,4026.5139684159494
134,Prov. Bali,Kab. Buleleng,L,S1,1183,7197.0,1618.9365326028783,1280.0069764114014,1136.1107335818654,1148.0080767293268,1331.670605011575,1267.2982789505343,1164.0436320746855
135,Prov. Bali,Kab. Buleleng,L,S2,219,863.0,194.12841845717438,308.85286334192233,286.876352378172,282.7963696416936,293.4231205268557,204.9452684227133,238.59265202030352
136,Prov. Bali,Kab. Buleleng,L,S3,27,287.0,64.55950880325497,52.17698725369526,52.29523630369168,68.49972048115546,52.74918824004014,53.19510908074036,58.190836857733565
137,Prov. Bali,Kab. Buleleng,P,D3,129,354.0,79.63089239147129,125.3865522289427,109.28516283562273,110.51341165482607,100.9721352760968,89.32484531152465,110.86915469077712
138,Prov. Bali,Kab. Buleleng,P,D4,77,276.0,62.085102542503044,61.38228795349371,53.64060802669516,58.221977037704356,80.19376319484108,47.574719208252915,65.41037658580277
139,Prov. Bali,Kab. Buleleng,P,Profesi,11344,9683.0,2178.152347532815,16695.017535112587,13484.547372843508,12970.025232553742,15287.92996032111,6792.280786069193,8217.889924956822
140,Prov. Bali,Kab. Buleleng,P,S1,2251,11943.0,2686.530361105485,2462.711508437001,2183.5765381635883,2230.1457988096668,2334.8573355582575,2429.6895688495797,2258.65531580219
141,Prov. Bali,Kab. Buleleng,P,S2,311,1058.0,237.992893079595,433.87780502218493,403.47551529916143,405.5399678130942,366.0698791871973,328.7969217403921,370.88941659936455
142,Prov. Bali,Kab. Buleleng,P,S3,28,241.0,54.2119917128378,48.833421614789096,48.471822125842856,64.03414636112143,41.70481684889367,53.405228082447685,52.39513376338177
143,Prov. Bali,Kab. Gianyar,L,D3,91,217.0,48.81328714392449,68.52556229001802,64.24263805059203,67.39782460411631,53.67803935653955,51.798021742785366,48.262913200086544
144,Prov. Bali,Kab. Gianyar,P,D3,78,175.0,39.365554148326204,61.536059787850064,56.91693868419257,59.79670460829921,50.50568538484311,41.741867504637405,44.24571617284726
145,Prov. Bali,Kab. Jembrana,L,D3,101,211.0,47.463611001696165,62.062023461088444,57.141110471042154,58.49638803023551,50.50748224609511,23.880355502917617,27.647631614444496
146,Prov. Bali,Kab. Jembrana,L,S1,13,52.0,11.6971932326455,10.29901817009415,10.047027971263377,10.653810618514665,10.87699998985336,14.131840463291633,11.0684685267992
147,Prov. Bali,Kab. Jembrana,P,D3,64,160.0,35.991363792755386,56.62407504211397,52.87454713005926,55.58192444931573,47.126425860121444,33.95234501311404,35.248599898795646
148,Prov. Bali,Kab. Jembrana,P,S1,22,65.0,14.621491540806876,14.119030758050108,13.515653073013995,14.281716415012646,14.762281786163593,17.586553557837117,15.83138250636647
149,Prov. Bali,Kab. Karang Asem,L,S1,115,390.0,87.72894924484126,66.30153724739641,58.93063966196314,58.76288080082544,63.25063303254497,47.88466145107185,53.05162623883842
150,Prov. Bali,Kab. Karang Asem,P,S1,241,751.0,168.9344638022456,158.39768119207307,144.35465765119704,149.2829434937897,113.67208583378573,139.8047277769153,136.6955196633353
151,Prov. Bali,Kab. Tabanan,L,D3,16,61.0,13.721707445987992,18.62524453601039,17.557810463469735,18.727700991927396,17.032959110592984,17.55097411359523,21.280344027910942
152,Prov. Bali,Kab. Tabanan,L,D4,5,55.0,12.372031303759664,9.786291507414916,8.86798329617477,9.6120956695779,10.820849598330277,14.11230426383336,11.912876785697259
153,Prov. Bali,Kab. Tabanan,L,Profesi,711,382.0,85.92938105520348,544.9488519489843,473.2087986291404,481.8100431240939,522.0344276702867,367.11284634127975,369.88972866346154
154,Prov. Bali,Kab. Tabanan,L,S1,199,861.0,193.6785264097649,133.69153043222286,121.26129275761492,123.19627844607199,131.60776593578197,153.93831356794155,131.81996981228528
155,Prov. Bali,Kab. Tabanan,P,D3,32,118.0,26.543630797157096,38.696358124787714,35.52986479985347,37.50958643221672,39.20095912923212,40.776135173747164,42.52369222859139
156,Prov. Bali,Kab. Tabanan,P,D4,5,87.0,19.57030406231074,16.049980626486718,13.988814971032602,14.837095958153116,19.387139650377602,15.645616083515343,12.542808988144541
157,Prov. Bali,Kab. Tabanan,P,Profesi,1892,996.0,224.04623960990227,1568.481142124556,1339.5971660674575,1362.0380358513473,1326.962994585953,1827.3367490918033,1249.5762048047156
158,Prov. Bali,Kab. Tabanan,P,S1,198,772.0,173.65833030004475,138.4810121411591,125.68567352738503,129.66525078350932,149.574539536857,149.53387711558787,165.07300593195626
159,Prov. Bali,Kota Denpasar,L,D3,371,1620.0,364.4125584016483,468.0042745737373,445.0204676062208,444.82124925733586,404.0595366283367,385.3025957718449,397.948106101662
160,Prov. Bali,Kota Denpasar,L,D4,327,1681.0,378.1342658476363,298.0840424504706,278.91061976528965,290.88601021449205,254.87246198021813,331.12973127902507,263.2649624106536
161,Prov. Bali,Kota Denpasar,L,Profesi,2336,1603.0,360.588475998668,2361.623567041887,2130.806621452032,2085.2564790452525,1522.4905825258613,1200.3444638478982,1440.1887240856286
162,Prov. Bali,Kota Denpasar,L,S1,5126,35608.0,8009.878012077711,5557.045578102897,5187.818133786675,5023.452217411654,5605.897929467123,6325.126671687839,5466.27923237094
163,Prov. Bali,Kota Denpasar,L,S2,595,2060.0,463.3888088317256,732.0741021180454,748.4886105922201,738.0303406788634,696.3837352546387,612.9253339752719,677.2037736822825
164,Prov. Bali,Kota Denpasar,L,S2 Terapan,9,32.0,7.198272758551077,16.177437937595744,15.47255320865935,13.353234310835306,18.100227572718747,9.409317111356737,8.081689846726986
165,Prov. Bali,Kota Denpasar,L,S3,43,442.0,99.42614247748675,80.94267779478213,89.6761054000733,117.83449554615895,74.40711324513664,88.23078846216937,90.82420800481607
166,Prov. Bali,Kota Denpasar,P,D3,775,2366.0,532.2222920853703,832.8576972715205,806.27339427846,829.8354914662516,757.6705325783568,587.2244316111197,680.1869955227887
167,Prov. Bali,Kota Denpasar,P,D4,1036,3628.0,816.1041740007283,821.2652779373911,793.3224285149802,860.426961174384,734.2151892988198,933.6802185806702,826.3623930219156
168,Prov. Bali,Kota Denpasar,P,Profesi,5054,3193.0,718.2526536891747,5319.937335003479,4761.882797250893,4690.155921285292,2934.2347122686847,6061.705975171045,7548.709272157481
169,Prov. Bali,Kota Denpasar,P,S1,5950,31884.0,7172.17901980133,6110.374351454312,5820.66363998099,5812.397189178652,6380.6115873114195,6447.28599297774,6141.386334152388
170,Prov. Bali,Kota Denpasar,P,S2,465,1458.0,327.97130256148347,615.692364351059,635.6037594006555,640.954350652667,513.0935233004909,455.249320243622,499.03984676248314
171,Prov. Bali,Kota Denpasar,P,S2 Terapan,9,20.0,4.498920474094423,11.088908673382452,10.407140396151062,8.950182825624262,10.297897651329066,9.776013807936483,10.388975837090527
172,Prov. Bali,Kota Denpasar,P,S3,22,187.0,42.064906432782855,38.40677212345849,42.0878335161618,55.51026413343213,33.52212943546915,25.728564819356027,22.479745546550042
173,Prov. Bangka Belitung,Kab. Bangka,L,D2,3,4.0,0.9215652214713309,1.9795027954723903,1.5003835110571133,1.4226121099598752,1.3672585286783518,2.467902163627959,2.628099950647261
174,Prov. Bangka Belitung,Kab. Bangka,L,D3,281,485.0,111.73978310339888,122.77438265803625,114.13558178811103,126.90577676424674,109.51587371760667,128.35829830747713,117.18185561129799
175,Prov. Bangka Belitung,Kab. Bangka,L,D4,171,604.0,139.15634844217098,97.62838856822412,91.66820113081897,106.98856675280715,89.35321858524463,120.74855803562322,105.92943084795624
176,Prov. Bangka Belitung,Kab. Bangka,L,S1,560,5089.0,1172.4613530169008,877.2916046344735,789.9219258845155,864.1965315847116,864.4359777446932,721.374952587733,661.0222316026959
177,Prov. Bangka Belitung,Kab. Bangka,L,S2,68,173.0,39.85769582863506,57.20210460002546,53.89203264914802,57.0856762437863,53.60315246788175,54.74951785097347,52.48835475493172
178,Prov. Bangka Belitung,Kab. Bangka,P,D2,15,24.0,5.529391328827986,12.96247354127776,9.782784089929038,9.273845504820047,9.15077626643825,5.737658597907557,8.136365924837309
179,Prov. Bangka Belitung,Kab. Bangka,P,D3,138,309.0,71.19091335866031,96.77897150329699,89.672053595329,99.8018066940661,93.94377498846104,75.23925757976635,79.5391229617816
180,Prov. Bangka Belitung,Kab. Bangka,P,D4,83,237.0,54.60273937217636,43.8239873035563,41.30188676878037,48.667876204495855,41.93268607673062,46.88475643830028,42.122173531376944
181,Prov. Bangka Belitung,Kab. Bangka,P,S1,1085,7777.0,1791.753181845635,1503.0872063063869,1360.3412956265827,1505.1315836883653,1488.786592412597,1408.882861487597,1346.7195519879888
182,Prov. Bangka Belitung,Kab. Bangka,P,S2,55,147.0,33.86752188907141,56.93740772880508,54.60626683975394,59.408410085690456,44.62934538576224,41.091088723858604,37.768228987737245
183,Prov. Bangka Belitung,Kab. Bangka Tengah,L,D3,20,93.0,21.426391399208445,28.06139830051056,25.44183740746826,27.295848743896475,20.525550715391393,25.19264505003995,26.57407220143743
184,Prov. Bangka Belitung,Kab. Bangka Tengah,P,D3,167,870.0,200.44043567001447,295.7967292973855,269.7082462693545,292.83969483482184,213.2634196280619,182.6497103061818,194.91294825242693
185,Prov. Bangka Belitung,Kota Pangkalpinang,L,D3,2,8.0,1.8431304429426618,2.092390756436973,1.938265189538143,2.051398941157769,1.9803444348905375,3.008286450952736,2.2916960557496298
186,Prov. Bangka Belitung,Kota Pangkalpinang,L,Profesi,20,25.0,5.759782634195818,33.79320333574421,26.986860199775606,27.80133545675243,15.539502267258234,16.004039377315433,16.43460533969751
187,Prov. Bangka Belitung,Kota Pangkalpinang,L,S1,409,2752.0,634.0368723722756,388.2981657612117,337.75954904594437,338.73354562174165,475.6599641702327,393.2758668450296,375.8263417868416
188,Prov. Bangka Belitung,Kota Pangkalpinang,L,S2,102,215.0,49.53413065408404,71.8161050728743,70.26212182235267,74.49907751964244,75.10567807641503,63.53775183471273,65.57428834055034
189,Prov. Bangka Belitung,Kota Pangkalpinang,P,D3,32,55.0,12.6715217952308,11.247295580021328,9.347263824529387,8.712474931422205,9.464926963907944,13.980461823515716,16.17992141886051
190,Prov. Bangka Belitung,Kota Pangkalpinang,P,Profesi,98,123.0,28.338130560243425,187.87880638542615,151.0249073217448,157.62293811126392,100.33908853734306,110.40608893046034,100.0471432307419
191,Prov. Bangka Belitung,Kota Pangkalpinang,P,S1,698,3920.0,903.1339170419043,677.7473906944604,607.7731850955319,635.7519567066818,857.9509107387839,741.9960667855937,791.1243703605634
192,Prov. Bangka Belitung,Kota Pangkalpinang,P,S2,79,174.0,40.0880871340029,65.9684555938907,65.05543637133806,70.0005059274056,57.558672294151634,55.433596397592765,54.59745685092181
193,Prov. Banten,Kab. Lebak,L,D3,67,98.0,26.402742290524536,24.6160563997517,22.545424963547823,22.281958461237018,23.6229253385693,26.84326997053274,27.428539980504862
194,Prov. Banten,Kab. Lebak,L,S1,442,2687.0,723.9200870881575,349.59711674996475,361.2633403596734,348.817326314743,304.6346779286655,338.89967817085875,350.55253060834735
195,Prov. Banten,Kab. Lebak,L,S2,17,70.0,18.859101636088955,14.496581260471128,16.057957410513197,14.88012118179091,16.321874272596943,16.32550936239527,18.987616257675906
196,Prov. Banten,Kab. Lebak,P,D3,118,235.0,63.31269834972721,71.36391965437295,64.97065337534956,66.40643116590678,79.80002193296862,62.35446151530886,68.04906078450384
197,Prov. Banten,Kab. Lebak,P,S1,742,3167.0,853.239641164196,505.02475000079943,516.2408466414156,516.3145121512277,551.0667779333864,508.13186667718827,508.81066220849175
198,Prov. Banten,Kab. Lebak,P,S2,4,16.0,4.310651802534618,3.84970601871447,4.300436486918758,4.101721276582285,3.868340558876649,2.657396692392246,2.6465267407928086
199,Prov. Banten,Kab. Pandeglang,L,S1,592,4968.0,1338.457384686999,540.2893774779732,597.8141950838765,559.968930802335,453.5426703134039,432.4068411260653,439.13227722515194
200,Prov. Banten,Kab. Pandeglang,L,S2,35,252.0,67.89276588992024,51.29556298716177,57.362470508482005,52.5760396214376,64.77557110594734,30.38283599217509,50.25614177478066
201,Prov. Banten,Kab. Pandeglang,P,S1,840,5462.0,1471.5487590902553,780.6839422111639,833.0493009326024,815.0639347683274,623.028354346656,651.5604082260551,662.3541396265506
202,Prov. Banten,Kab. Pandeglang,P,S2,20,110.0,29.635731142425502,26.179636713287255,29.456065379088017,27.80995871749977,30.036712523717103,18.686866603480627,23.60375917297329
203,Prov. Banten,Kab. Serang,L,D3,218,1074.0,289.35250224513624,295.44964883905885,272.4378807424048,268.2489410788421,274.1945299885385,282.3249666709266,232.35506826149808
204,Prov. Banten,Kab. Serang,L,D4,10,317.0,85.40478883771712,62.48430586029126,60.68181101023707,63.00383143295709,47.779083241917355,70.05719092938463,44.79369565212683
205,Prov. Banten,Kab. Serang,L,Profesi,1226,1277.0,344.04389698979423,1857.085505192549,1453.1563447211827,1370.847238094529,1549.5841433372907,1533.3821927551007,1395.2807922085697
206,Prov. Banten,Kab. Serang,L,S1,2441,15507.0,4177.829843869021,2384.489184839803,2412.256292218968,2342.107625551357,2188.988285839389,2381.1861344068466,2258.1409987121333
207,Prov. Banten,Kab. Serang,L,S2,149,606.0,163.26593702099868,203.9216982387567,197.144592491186,190.76016324963686,184.66321342710495,180.9065445784835,177.45985432610155
208,Prov. Banten,Kab. Serang,L,S3,17,127.0,34.215798682618534,23.005014787247926,22.551264572738837,28.214964727466338,20.009589261830453,21.757274362901622,17.299474298248466
209,Prov. Banten,Kab. Serang,P,D3,343,1430.0,385.2645048515315,432.2829361656496,410.2254255663063,412.97568563964757,412.01998113112467,397.0642194764533,427.11971098618596
210,Prov. Banten,Kab. Serang,P,D4,15,472.0,127.16422817477124,105.48902231606006,104.22973474898252,111.06443642430573,96.23462589793007,115.92246655377181,124.78624411316977
211,Prov. Banten,Kab. Serang,P,Profesi,4721,4748.0,1279.185922402148,7794.727443753957,6215.38872430301,6014.407748191816,8317.280481453212,5300.727372055515,4953.452371497499
212,Prov. Banten,Kab. Serang,P,S1,4183,21260.0,5727.778582617874,4130.170338932084,4088.1143117514284,4126.262923509062,3549.6478017766076,3719.586280430575,3765.0362096539247
213,Prov. Banten,Kab. Serang,P,S2,221,512.0,137.9408576811078,202.01466836465664,196.3005384698231,195.72064238220202,160.0284607216697,175.52470591292135,174.14506432677737
214,Prov. Banten,Kab. Serang,P,S3,23,127.0,34.215798682618534,26.440004583990167,26.240603455789355,33.748871253788906,19.21315481031217,21.762217621220948,20.380240137739047
215,Prov. Banten,Kab. Tangerang,L,D3,504,1892.0,509.73457564971864,416.42227905437284,399.753488663522,402.6400864518676,459.9315763758952,419.5684559363012,422.4008889776525
216,Prov. Banten,Kab. Tangerang,L,D4,154,435.0,117.19584588140994,82.3284250207895,77.90393074564906,84.5649576239118,81.7473296872548,80.68503971154102,69.49924655719143
217,Prov. Banten,Kab. Tangerang,L,Profesi,155,112.0,30.17456261774233,147.9655040330201,115.10061778492111,112.77406717332538,104.49431251377527,120.21230735735378,141.59454308359324
218,Prov. Banten,Kab. Tangerang,L,S1,1982,11077.0,2984.318126042248,1515.9111607525215,1535.8289530437937,1545.0085785308663,1658.6882878306778,1926.9861671623796,1663.670242644548
219,Prov. Banten,Kab. Tangerang,L,S2,154,895.0,241.1270852042802,218.16229745962977,227.6012148282727,222.64106808611606,244.93821708157117,198.315083411324,259.0463451311653
220,Prov. Banten,Kab. Tangerang,L,S3,16,157.0,42.298270812370944,16.33506696202387,18.795733763601802,23.12486854382931,26.252856449962266,18.88096687176769,17.901047133607968
221,Prov. Banten,Kab. Tangerang,P,D3,323,997.0,268.60749044543843,238.54806012565987,236.5689185260162,243.31939999938052,277.63034005732715,192.994131898168,201.93717577385965
222,Prov. Banten,Kab. Tangerang,P,D4,39,285.0,76.78348523264789,60.08268343843629,58.21697591397492,64.71966332730366,73.05317030142162,20.079552083821955,25.04848925688995
223,Prov. Banten,Kab. Tangerang,P,Profesi,204,135.0,36.371124583885845,204.4965865625045,161.19075102153454,162.3027194344854,195.35420298621045,132.07928519096887,123.66616761882207
224,Prov. Banten,Kab. Tangerang,P,S1,3012,13089.0,3526.382590210976,2255.7062054551157,2238.2003529423814,2339.9857498237693,2387.114436261001,2655.9571385416475,2530.7827253943997
225,Prov. Banten,Kab. Tangerang,P,S2,105,506.0,136.3243632551573,152.2787878042488,156.72203001500637,158.94452958015705,183.94731406978718,141.47510832689744,157.4492226776299
226,Prov. Banten,Kab. Tangerang,P,S3,7,43.0,11.584876719311787,5.080076578623047,5.943991750488033,7.506680134387262,8.912255206793837,8.01288492869934,7.89845657330173
227,Prov. Banten,Kota Cilegon,L,D3,116,484.0,130.3972170266722,131.62049608951006,114.9418692475749,114.61593315329078,135.26905790050768,122.27221231454162,117.15216529793794
228,Prov. Banten,Kota Cilegon,L,D4,10,231.0,62.235035399093555,42.276718496919415,39.77221366707253,41.51067089906104,40.680735699868244,42.660804349988176,27.899065245643147
229,Prov. Banten,Kota Cilegon,L,S1,228,2176.0,586.2486451447081,265.2764550720178,275.44749250437525,263.74695653314075,264.06600100283833,244.2998018830258,243.35773023184936
230,Prov. Banten,Kota Cilegon,P,D3,33,161.0,43.375933763004596,40.66181848397478,38.83718282487877,38.8108818838163,39.47463123363405,43.34390667613577,42.72977489774175
231,Prov. Banten,Kota Cilegon,P,D4,5,103.0,27.749820978816604,21.66821753312056,20.616612876972262,22.130298408034367,28.344667641364275,18.89465599239206,17.277829820358708
232,Prov. Banten,Kota Cilegon,P,S1,367,2040.0,549.6081048231638,311.480657637964,317.38560728370356,315.6271325197241,300.36743137392017,261.80277612172375,321.15289547045126
233,Prov. Banten,Kota Serang,L,D3,115,567.0,152.75872325232055,112.4296389314793,113.14476682626504,109.13621054525778,121.51961257721653,142.28666271125,136.4944623707841
234,Prov. Banten,Kota Serang,L,D4,26,111.0,29.905146880083915,20.884314479502976,19.990881612058224,21.02669481883567,23.764868521554433,17.269021998820456,12.071641736913312
235,Prov. Banten,Kota Serang,L,Profesi,559,463.0,124.73948653584551,697.961113850346,522.4603639272879,504.23483639191346,786.2226055901561,414.16087719866965,635.646202818415
236,Prov. Banten,Kota Serang,L,S1,1996,17564.0,4732.018016232378,2324.6993936627014,2408.0657755293055,2338.8071209403984,2137.136765023699,2249.4868070773737,2237.097118904838
237,Prov. Banten,Kota Serang,L,S2,243,849.0,228.7339612719932,258.6829139080299,251.25699520628382,244.7477655235692,290.41258549728866,195.6379352174529,216.44355470390866
238,Prov. Banten,Kota Serang,L,S3,13,128.0,34.48521442027695,19.1565043551687,19.503407372540952,24.298121572522945,24.52347341802082,23.892853342797228,16.927844131379477
239,Prov. Banten,Kota Serang,P,D3,956,2431.0,654.9496582476036,618.4423057198495,605.4834200705037,608.2906827475578,689.7350246366813,545.9966863835094,506.5865803888935
240,Prov. Banten,Kota Serang,P,D4,104,550.0,148.1786557121275,117.10192354927322,114.12489382487594,123.16664245473584,147.82258102934534,111.76336266789491,88.76469383560249
241,Prov. Banten,Kota Serang,P,Profesi,1396,844.0,227.38688258370112,1333.9288946430158,1045.1486588009795,1025.5958211260718,1570.5550759256607,846.1625448639531,993.5835576540784
242,Prov. Banten,Kota Serang,P,S1,3349,20386.0,5492.30922790442,3497.4897877638637,3511.394061918069,3556.4551190555053,4157.645558355871,3527.7813060013336,3598.9455873997613
243,Prov. Banten,Kota Serang,P,S2,205,557.0,150.0645658757364,204.43816565540735,197.64260433848204,199.01768985435123,216.60743657161694,187.6487507931758,198.88160604806572
244,Prov. Banten,Kota Serang,P,S3,3,34.0,9.160135080386064,6.538391554957509,6.472499586596052,8.40017939019012,7.229778021321903,5.779278454534132,3.8934661605408425
245,Prov. Banten,Kota Tangerang,L,D3,93,466.0,125.54773374882076,129.7143496735138,119.12992842564996,120.34498666176248,130.44686079911676,108.92718738195475,113.5098530954302
246,Prov. Banten,Kota Tangerang,L,Profesi,69,105.0,28.288652454133434,98.01450376929809,90.07569739988196,82.57913754750253,98.52430550992815,95.87126521144029,106.72468996922991
247,Prov. Banten,Kota Tangerang,L,S1,2437,17946.0,4834.934828017891,2341.103274801387,2514.5763841593894,2452.690741001936,2451.7658409818914,2322.5811944667685,2321.286637005007
248,Prov. Banten,Kota Tangerang,L,S2,596,1819.0,490.0672268006544,541.989083454392,547.6702639515256,535.1415660401291,587.9760655680548,565.3655985549497,569.8336364395952
249,Prov. Banten,Kota Tangerang,L,S3,5,62.0,16.703775734821647,11.41075544430107,11.12298604043886,14.285670117874298,12.11905376858085,8.607727681975542,5.989539553281706
250,Prov. Banten,Kota Tangerang,P,D3,211,597.0,160.84119538207295,163.26633566384757,160.6865734029292,163.77214820864106,165.77571073538394,150.78201498343776,153.7658395573393
251,Prov. Banten,Kota Tangerang,P,Profesi,459,631.0,170.001330462459,680.3364888130199,631.8648942794078,595.8276803937174,603.5929603566343,570.3308477116861,623.5016338016919
252,Prov. Banten,Kota Tangerang,P,S1,3489,18285.0,4926.266763084093,3113.0526676190884,3232.995991110714,3291.058615008758,3572.7491772068893,3004.5318348827595,3109.817515196584
253,Prov. Banten,Kota Tangerang,P,S2,312,868.0,233.85286028750303,311.4150102139501,313.25880871932407,316.4035318540134,334.56209453912504,243.12073258254765,226.34702190020516
254,Prov. Banten,Kota Tangerang,P,S3,5,27.0,7.274224916777168,5.661678259943083,5.6051348323647465,7.392499323324749,7.640224540892067,5.953305097664111,4.012619436022805
255,Prov. Banten,Kota tangerang Selatan,L,D3,1913,12694.0,3419.963373835903,1734.9013802256623,2052.4113565121925,1874.916166404434,1030.3214379826165,2261.7531601986493,2309.603301702477
256,Prov. Banten,Kota tangerang Selatan,L,D4,580,5183.0,1396.381768283558,745.9502618665555,808.2727983347364,815.2235047511754,860.0514145675179,874.9801955152033,781.1122754273334
257,Prov. Banten,Kota tangerang Selatan,L,Profesi,2998,1779.0,479.2905972943179,2173.271342354013,1803.3999372556268,1680.5030390013205,1250.3204357049344,1641.126466402042,1661.8997898075097
258,Prov. Banten,Kota tangerang Selatan,L,S1,32072,798816.0,215213.60189334335,73726.07965950096,89396.56589606291,82344.71998377805,45292.6400197407,10407.2672116252,14522.8315819943
259,Prov. Banten,Kota tangerang Selatan,L,S2,1138,8238.0,2219.4468468300115,1828.5217248065344,2046.3246101187185,1900.312391173604,1892.5790618524709,1296.1365178397757,1757.8479086361951
260,Prov. Banten,Kota tangerang Selatan,L,S3,54,458.0,123.39240784755344,69.70807541620377,72.45898270810889,89.55369694503734,76.06722196523813,80.83269654626866,86.78390699791713
261,Prov. Banten,Kota tangerang Selatan,P,D3,2148,12990.0,3499.7104321827933,2338.408151404108,2665.761732205577,2544.339040638282,1571.9326609541863,2512.542679865102,2762.5686904143436
262,Prov. Banten,Kota tangerang Selatan,P,D4,659,6574.0,1771.1390593664114,1109.5175691543222,1208.2904028578457,1255.7782531817886,1332.9725824580378,1444.4635443935658,1290.973383479637
263,Prov. Banten,Kota tangerang Selatan,P,Profesi,6751,3146.0,847.5819106733693,4494.376498933936,3752.159104598832,3601.6686157235654,2229.192008834246,4170.879826811404,4288.607019731476
264,Prov. Banten,Kota tangerang Selatan,P,S1,63535,925989.0,249476.00949857678,110786.95690413458,130205.07755858776,125067.45773491463,77410.9733136185,11029.556413812408,17655.749667149837
265,Prov. Banten,Kota tangerang Selatan,P,S2,910,5440.0,1465.6216128617702,1574.3916402311763,1704.0914046197456,1651.4100604137602,1401.3087771509634,1195.3227399496307,1505.5517375021125
266,Prov. Banten,Kota tangerang Selatan,P,S3,14,171.0,46.07009113958873,32.15433543693928,32.963858736043484,42.24245770545775,31.85611362853973,27.714377996741547,23.83055451751658
267,Prov. Bengkulu,Kab. Bengkulu Selatan,L,S1,8,149.0,33.51695753200345,22.68144729263933,20.330484381771864,20.04288043903068,22.05655873765783,17.546161961288828,23.788666807985607
268,Prov. Bengkulu,Kab. Bengkulu Selatan,P,D3,26,51.0,11.472247208940779,16.17797992935973,14.661940437372767,15.060840388798297,15.954374972493337,15.948494000608536,13.522907313340271
269,Prov. Bengkulu,Kab. Bengkulu Selatan,P,S1,70,392.0,88.1788412922507,76.05395936367093,70.57178153014728,72.78639855087195,93.81628784159203,68.44698279356827,69.75481648727477
270,Prov. Bengkulu,Kab. Muko-muko,L,S1,14,61.0,13.721707445987992,8.47820467360454,6.970581773159139,6.520179172292867,7.796036435953504,16.33884889021136,19.63295886625577
271,Prov. Bengkulu,Kab. Muko-muko,P,S1,18,86.0,19.34535803860602,15.05600865412388,12.761031107016898,12.440188506867248,15.361683164400024,20.119598930103432,18.6622755281062
272,Prov. Bengkulu,Kab. Rejang Lebong,L,D2,24,45.0,10.122571066712453,19.30472536022516,16.307359394637636,15.30830680306955,20.123054520542517,14.728311216659886,18.000168940768166
273,Prov. Bengkulu,Kab. Rejang Lebong,L,D3,91,497.0,111.79817378124642,115.4224421891753,97.21491421650288,94.36258549524612,117.78191790632359,107.26337067477026,122.65331186315258
274,Prov. Bengkulu,Kab. Rejang Lebong,L,Profesi,717,196.0,44.08942064612535,165.19442470676552,117.13531540041289,100.00796636015646,200.13952970555712,120.75695348083161,125.9025767248278
275,Prov. Bengkulu,Kab. Rejang Lebong,L,S1,275,1938.0,435.94539393974964,242.64141026184117,200.04564748587458,187.15871273415593,231.52181789028552,271.3303923797104,227.37379799726995
276,Prov. Bengkulu,Kab. Rejang Lebong,L,S2,34,126.0,28.343198986794867,35.3062776945248,31.803072486990665,30.353537711321167,37.67355225664238,41.80992867902497,46.295499869634206
277,Prov. Bengkulu,Kab. Rejang Lebong,L,S3,4,23.0,5.173758545208587,4.189679485421915,4.44229699907967,6.0915870373425705,4.221831756666768,4.437420385623543,3.3406601630106434
278,Prov. Bengkulu,Kab. Rejang Lebong,P,D2,15,41.0,9.222786971893568,19.697953130259513,16.32146399842765,15.136699807968881,24.743278806274713,14.94829062954208,17.355612387822614
279,Prov. Bengkulu,Kab. Rejang Lebong,P,D3,61,276.0,62.085102542503044,75.07744870681124,63.52107708455213,62.764179889679724,71.27591010338335,64.96659090264541,70.60369936655384
280,Prov. Bengkulu,Kab. Rejang Lebong,P,Profesi,706,400.0,89.97840948188846,382.7679721143263,269.63388822931313,231.9886625215151,410.25700625766365,181.42865846563538,181.3976220009945
281,Prov. Bengkulu,Kab. Rejang Lebong,P,S1,731,4159.0,935.5505125879354,675.0696391508135,579.717885489042,570.6530840613357,649.7093549113922,794.850336758766,779.3920723964525
282,Prov. Bengkulu,Kab. Rejang Lebong,P,S2,41,123.0,27.668360915680704,39.78171834859875,35.80945097038922,34.62599955689642,40.07115411521491,39.77002255027336,41.84272645681427
283,Prov. Bengkulu,Kab. Rejang Lebong,P,S3,8,22.0,4.948812521503866,3.9427824712367774,3.9465536533570256,5.206443242730559,3.9484746045981787,4.115967293962179,3.072787802054744
284,Prov. Bengkulu,Kota Bengkulu,L,D3,185,793.0,178.38219679784387,250.5532803692683,223.9463647312929,217.49027191595746,206.5145842009591,161.90754435146604,139.96650273021612
285,Prov. Bengkulu,Kota Bengkulu,L,D4,46,180.0,40.49028426684981,40.679685941733574,37.43301647146527,39.139300856663496,33.848047194310084,30.890583901978456,35.95907796984587
286,Prov. Bengkulu,Kota Bengkulu,L,Profesi,2478,2419.0,544.1444313417205,1558.5025913823754,950.8730800884983,668.1707083502401,2029.3474521920803,1586.2083925835393,1796.8596549713998
287,Prov. Bengkulu,Kota Bengkulu,L,S1,3235,22841.0,5137.9921274395365,3977.871312464576,3510.3461983085185,3314.16169811842,3525.2169534520235,3470.6555831994106,3376.4222039146903
288,Prov. Bengkulu,Kota Bengkulu,L,S2,428,1299.0,292.2048847924328,489.7009663909708,464.21289508645367,437.90393719448423,429.6433305414511,367.4572161776777,410.8830503335999
289,Prov. Bengkulu,Kota Bengkulu,L,S3,54,251.0,56.46145194988501,44.154044622078516,43.78010511732374,53.29548505321593,41.28821246387336,57.09875152472676,55.951883215263834
290,Prov. Bengkulu,Kota Bengkulu,P,D3,1378,4577.0,1029.5779504965087,1682.4058544526697,1511.8265985186345,1500.8551939854908,1358.348198300709,1078.7541708967171,1219.1205899912015
291,Prov. Bengkulu,Kota Bengkulu,P,D4,334,1452.0,326.6216264192551,360.91888494109514,326.2259231247951,340.2153439421645,279.36925041280284,317.01996858224527,271.48708171817935
292,Prov. Bengkulu,Kota Bengkulu,P,Profesi,7778,7477.0,1681.9214192402,5371.966806338275,3235.309229755134,2277.716578138724,6365.820452392743,5385.2170911668345,5955.803789534237
293,Prov. Bengkulu,Kota Bengkulu,P,S1,5646,29747.0,6691.46936714434,6410.324504119423,5804.730585779336,5697.9459925476185,5578.963844510103,5664.19617474729,5169.30790786454
294,Prov. Bengkulu,Kota Bengkulu,P,S2,586,1647.0,370.48610104167574,735.0763188935036,702.6528505132792,677.0730091859311,584.1199199905709,566.4560911847057,644.2929666812032
295,Prov. Bengkulu,Kota Bengkulu,P,S3,32,162.0,36.44125584016483,35.18030989597358,35.70263853088966,45.00194330024845,28.447767229615724,20.198616524408504,19.928951582730697
296,Prov. D.I. Yogyakarta,Kab. Bantul,L,D1,17,40.0,10.776629506336546,18.462521224651066,9.174644001745314,7.738715396947774,12.872131597050261,16.842902918404132,17.574061963797323
297,Prov. D.I. Yogyakarta,Kab. Bantul,L,D3,400,2170.0,584.6321507187577,435.6480848207137,466.8918019293058,444.31355905112554,412.0188485224497,366.72183755416114,386.72287855686557
298,Prov. D.I. Yogyakarta,Kab. Bantul,L,D4,194,1535.0,413.55315730566497,214.3888722398499,243.2706000143476,243.89467298001819,244.69159901671006,292.2015087749751,293.4085376551476
299,Prov. D.I. Yogyakarta,Kab. Bantul,L,Profesi,449,632.0,170.27074620011743,916.5885135302569,744.4792951359559,704.5006837021373,825.0212222599711,814.710678939815,916.6951192684704
300,Prov. D.I. Yogyakarta,Kab. Bantul,L,S1,4690,29836.0,8038.287948776429,4596.849725397221,4806.429185311333,4689.690427448291,4285.436246843403,4547.518109945081,4498.945443783025
301,Prov. D.I. Yogyakarta,Kab. Bantul,L,S2,268,937.0,252.4425461859336,298.35240820742547,305.1530198795152,294.3415056061054,291.88646662553737,270.12589840929047,309.8275091402227
302,Prov. D.I. Yogyakarta,Kab. Bantul,L,S3,26,182.0,49.03366425383128,33.72000726792265,33.998069638057075,42.79810108624918,28.02319588774648,25.5573351672588,28.281533713071614
303,Prov. D.I. Yogyakarta,Kab. Bantul,P,D1,58,133.0,35.83229310856901,72.68846541036213,36.17735338749217,31.480156402545063,85.72688352177376,13.945190883392538,20.51016008453949
304,Prov. D.I. Yogyakarta,Kab. Bantul,P,D3,741,2338.0,629.8939946453711,646.2561678401613,656.00644610636,656.0856788353404,560.0996284611487,535.3218223414312,540.8096434147665
305,Prov. D.I. Yogyakarta,Kab. Bantul,P,D4,230,1207.0,325.1847953537053,212.67873003124922,237.05079185266374,246.61348846721282,224.86239133407682,278.97056117886774,285.1275845272318
306,Prov. D.I. Yogyakarta,Kab. Bantul,P,Profesi,1152,1708.0,460.16207992057053,2738.6883614220146,2283.957995313996,2211.4915814666174,2140.6920835420574,1948.9275917552297,2552.4295861352157
307,Prov. D.I. Yogyakarta,Kab. Bantul,P,S1,6521,31912.0,8597.595020155297,5836.889917310642,6102.534504120086,6146.540132419727,6104.692331541452,5268.447057611342,6118.466318781814
308,Prov. D.I. Yogyakarta,Kab. Bantul,P,S2,337,967.0,260.525018315686,339.0237839405977,356.5594723203145,351.73977692295796,323.3053528167673,283.26901267677704,341.43332016572947
309,Prov. D.I. Yogyakarta,Kab. Bantul,P,S3,15,81.0,21.822674750331505,16.773021751222036,17.295668422046308,22.3068360313766,14.227803246786166,13.6576964458737,10.181003552156922
310,Prov. D.I. Yogyakarta,Kab. Gunung Kidul,L,S1,140,887.0,238.9717593030129,115.15338764227435,115.75010244537981,108.42971781493611,104.36580811764411,111.28723666289216,131.95342949636253
311,Prov. D.I. Yogyakarta,Kab. Gunung Kidul,P,S1,180,793.0,213.646679963122,131.335960477545,129.1537736855863,125.71089255002414,144.29092534738885,125.8413808721263,131.33598431169014
312,Prov. D.I. Yogyakarta,Kab. Kulon Progo,L,S1,28,320.0,86.21303605069237,61.32119997486474,55.426224190094736,52.590900067373646,62.9452548350074,61.75765494395828,44.65040163487363
313,Prov. D.I. Yogyakarta,Kab. Kulon Progo,P,S1,128,746.0,200.98414029317658,161.13935553010145,148.46822062672805,144.49238458926433,146.37166647653368,139.36971577622504,142.50467847763744
314,Prov. D.I. Yogyakarta,Kab. Sleman,L,D1,352,356.0,95.91200260639526,350.04687715302316,132.96287799013243,122.62909472769859,236.9282598520118,48.633531583982965,73.98072448191748
315,Prov. D.I. Yogyakarta,Kab. Sleman,L,D3,838,3061.0,824.6815729724042,808.2485102821548,786.6892517808321,773.712962034414,765.4607226517255,643.8075725237571,650.9798891666883
316,Prov. D.I. Yogyakarta,Kab. Sleman,L,D4,1519,10154.0,2735.647400183532,1996.3767783789615,2001.157549080796,2093.4358097476857,1841.5607366176448,2290.011583417834,1718.094306478277
317,Prov. D.I. Yogyakarta,Kab. Sleman,L,Profesi,11692,12732.0,3430.2011718669223,17849.762051784477,14754.10132414506,13894.187433651714,14329.187076907729,11876.504486945987,12132.206423288195
318,Prov. D.I. Yogyakarta,Kab. Sleman,L,S1,17549,101225.0,27271.60804447292,17899.80533132881,17865.499229795736,17721.27284558798,18121.13758934503,14546.995090666183,16607.514478958637
319,Prov. D.I. Yogyakarta,Kab. Sleman,L,S2,4156,12414.0,3344.526967291547,4307.618210260923,4293.1171033849505,4180.2383881720425,4177.972425943767,4060.274518672862,3881.029550150662
320,Prov. D.I. Yogyakarta,Kab. Sleman,L,S3,506,4258.0,1147.1722109495254,726.7255797116909,758.8904354010298,945.1884650246265,681.8804804584314,987.29958934823,767.211514464687
321,Prov. D.I. Yogyakarta,Kab. Sleman,L,Sp-1,152,752.0,202.60063471912707,150.4714331542718,170.538671919792,226.08166786914558,162.1121638528529,161.34600319548963,170.8558507539454
322,Prov. D.I. Yogyakarta,Kab. Sleman,L,Sp-2,46,96.0,25.86391081520771,32.25063825930884,36.207070650124436,33.16054639954005,23.911437342084998,30.768717795409472,32.91316907424209
323,Prov. D.I. Yogyakarta,Kab. Sleman,P,D1,249,250.0,67.35393441460342,269.2331854921731,105.36114652273089,99.31728189110595,184.4310799029434,29.582173597679027,51.52461142317077
324,Prov. D.I. Yogyakarta,Kab. Sleman,P,D3,1474,4513.0,1215.8732240524207,1441.7422161465772,1395.502400317691,1419.0492685249392,1311.503089180188,1295.2862886842013,1379.3419952944191
325,Prov. D.I. Yogyakarta,Kab. Sleman,P,D4,2674,13161.0,3545.780523322382,2972.4147498298007,3026.072472219449,3249.2796988777345,3171.5977930038143,3320.4823920357317,2776.0791875103628
326,Prov. D.I. Yogyakarta,Kab. Sleman,P,Profesi,25253,29312.0,7897.11410224342,44463.9970343063,38029.90847393148,36551.85672927475,32651.840260818604,11423.755437291402,21881.753249192592
327,Prov. D.I. Yogyakarta,Kab. Sleman,P,S1,22953,114269.0,30785.86692648927,23758.1796953102,23772.311876417327,24324.276249089446,24037.161305690133,15727.190062667874,21404.092892112705
328,Prov. D.I. Yogyakarta,Kab. Sleman,P,S2,5626,14731.0,3968.7632314460916,5933.022501854877,5965.483419576842,5977.931868825258,5187.56303532677,4322.648406820432,4044.086707210829
329,Prov. D.I. Yogyakarta,Kab. Sleman,P,S3,418,3244.0,873.9846529638938,673.3409899544705,697.4189895640837,898.9711980578174,536.307951434194,867.7360511192825,818.7541104066065
330,Prov. D.I. Yogyakarta,Kab. Sleman,P,Sp-1,179,874.0,235.46935471345353,192.96653733669743,224.7143872574711,304.746558226416,180.742913386407,181.89826646976428,183.73126168186838
331,Prov. D.I. Yogyakarta,Kab. Sleman,P,Sp-2,32,64.0,17.242607210138473,22.235333520912043,26.2588602904946,24.412601330042722,15.223612852823882,22.349522259327586,19.426080607897713
332,Prov. D.I. Yogyakarta,Kota Yogyakarta,L,D2,13,50.0,13.470786882920683,20.156775872495206,17.326656604742475,15.444088168749829,12.5266433201765,14.951753362721922,17.273017085646238
333,Prov. D.I. Yogyakarta,Kota Yogyakarta,L,D3,581,2369.0,638.2458825127819,598.0474718046078,590.7670622506757,586.06525983155,529.1726422520718,475.5870080328201,443.32898745439593
334,Prov. D.I. Yogyakarta,Kota Yogyakarta,L,D4,278,1368.0,368.56072911670987,264.5769822781141,269.59509189362365,283.8034166407851,246.51281337871404,297.9066149190301,281.8244207526057
335,Prov. D.I. Yogyakarta,Kota Yogyakarta,L,Profesi,4723,3846.0,1036.172927034259,5658.407877544932,4359.483576394092,4292.357284561156,6775.169875060964,4603.764973186749,4580.232503491793
336,Prov. D.I. Yogyakarta,Kota Yogyakarta,L,S1,4990,28908.0,7788.270144229422,4231.338603513966,4533.462312511779,4450.282420064548,4187.860324597,4916.276792800689,4537.284105512296
337,Prov. D.I. Yogyakarta,Kota Yogyakarta,L,S2,550,1578.0,425.1380340249767,508.3684958666943,520.9879542749462,509.2973652045344,500.2310472096541,517.0966151298957,525.9540403536828
338,Prov. D.I. Yogyakarta,Kota Yogyakarta,L,S3,11,62.0,16.703775734821647,11.468798399581043,11.642255073678015,14.829583691177254,10.905762703190604,7.733979915226527,5.122570291912375
339,Prov. D.I. Yogyakarta,Kota Yogyakarta,P,D2,10,12.0,3.2329888519009637,5.843426802478323,4.994577392322717,4.603610088203292,3.4135208161086856,4.0645725014940846,4.391564824621564
340,Prov. D.I. Yogyakarta,Kota Yogyakarta,P,D3,1146,3512.0,946.1880706563487,1071.292283141691,1053.8391381333886,1080.2771972713,976.106563974949,996.6771976978075,1063.6975569355236
341,Prov. D.I. Yogyakarta,Kota Yogyakarta,P,D4,140,715.0,192.63225242576576,150.97222170759295,158.6148291857781,170.62559692858036,155.09328278537103,114.59975120313845,109.06311484720344
342,Prov. D.I. Yogyakarta,Kota Yogyakarta,P,Profesi,17796,13697.0,3690.187358707292,22081.33341113237,17442.88290321988,17593.830665170048,25092.79033734607,12950.230094658607,13923.372967091474
343,Prov. D.I. Yogyakarta,Kota Yogyakarta,P,S1,6194,27278.0,7349.122491846208,4956.622441555934,5225.09022829188,5322.968391275983,5093.549821848797,5846.651302827299,5030.377258936271
344,Prov. D.I. Yogyakarta,Kota Yogyakarta,P,S2,746,1657.0,446.4218772999914,657.7242819093424,665.4393879300941,674.2669071707379,653.7595907381494,533.4733833438014,630.5235528172423
345,Prov. D.I. Yogyakarta,Kota Yogyakarta,P,S3,5,71.0,19.128517373747368,14.001814098346204,14.787537056691795,19.189874270437052,11.995544002577116,12.983695204345366,7.346111015851038
346,Prov. D.K.I. Jakarta,Kota Jakarta Barat,L,D3,350,1498.0,345.1261754410134,355.81544503605954,337.04679973865467,329.2765932815805,350.15043801226807,321.9429716512984,337.23948949517006
347,Prov. D.K.I. Jakarta,Kota Jakarta Barat,L,D4,88,503.0,115.88682660001986,81.31266157034199,80.5687860321303,86.22284808981607,78.76267117474868,110.08932012366476,119.09574430261921
348,Prov. D.K.I. Jakarta,Kota Jakarta Barat,L,Profesi,708,1183.0,272.5529142501461,1670.5247160720485,1424.0667237746652,1426.8851599181824,956.2939713300232,1644.5874124491943,2044.3189332194513
349,Prov. D.K.I. Jakarta,Kota Jakarta Barat,L,S1,13510,76404.0,17602.81729532389,11905.189492085006,11357.482779538735,11449.438786250788,11276.860677857307,10670.915943405562,11160.749891662868
350,Prov. D.K.I. Jakarta,Kota Jakarta Barat,L,S2,2227,6188.0,1425.6613976161489,1958.0839452974703,1983.4009873349864,1970.732932585174,2302.0961349523686,1178.694996978957,1156.041527765879
351,Prov. D.K.I. Jakarta,Kota Jakarta Barat,L,S3,193,1086.0,250.20495762946635,171.61369116581514,182.3740959689256,250.15009140467646,175.7104644789433,232.51218299887637,198.68118296859222
352,Prov. D.K.I. Jakarta,Kota Jakarta Barat,L,Sp-1,6,18.0,4.147043496620989,3.6116039855773217,4.235479935826681,6.122591065006842,5.10001477276761,7.4305000947438815,5.181481352723787
353,Prov. D.K.I. Jakarta,Kota Jakarta Barat,P,D3,370,1131.0,260.5725663710188,303.9020758261325,290.2189680891956,287.7935406993852,304.6237278271088,288.0139002350952,280.32611396707904
354,Prov. D.K.I. Jakarta,Kota Jakarta Barat,P,D4,158,828.0,190.7640008445655,147.11035621841918,145.86501405878641,157.02315686656164,156.25032979706248,145.84572339264153,141.15186336801108
355,Prov. D.K.I. Jakarta,Kota Jakarta Barat,P,Profesi,911,1922.0,442.8120889169745,3048.7590224474893,2611.2085550270476,2644.6962782351925,1622.2920805840238,2665.576503632334,2231.049246134961
356,Prov. D.K.I. Jakarta,Kota Jakarta Barat,P,S1,13914,68248.0,15723.745808743848,12158.66128234498,11718.82159140681,12022.554218043919,12843.526505928157,11665.683699218238,12178.422557509826
357,Prov. D.K.I. Jakarta,Kota Jakarta Barat,P,S2,1827,4404.0,1014.6433088399353,1610.8705179682345,1654.1133904913647,1679.5237275940976,1720.263206186953,998.1674231703466,896.3967757794875
358,Prov. D.K.I. Jakarta,Kota Jakarta Barat,P,S3,95,457.0,105.28882655309955,81.94809489798271,87.77396567271933,122.16645172768945,81.93189932038825,71.85363671574791,55.18985563633671
359,Prov. D.K.I. Jakarta,Kota Jakarta Barat,P,Sp-1,8,26.0,5.990173939563651,5.693528246850557,6.64832753454225,9.608557671392777,8.453843716200604,8.431616307899976,6.701476756191451
360,Prov. D.K.I. Jakarta,Kota Jakarta Pusat,L,D1,42,64.0,14.745043543541295,49.641562160098786,21.27178892405554,21.225456001743268,22.321032450386106,23.10221214675682,23.940931649455546
361,Prov. D.K.I. Jakarta,Kota Jakarta Pusat,L,D2,14,149.0,34.328304499807075,78.69691532197928,63.377233959742576,57.35729082640631,49.719132039260266,31.86373431541644,50.948578124051075
362,Prov. D.K.I. Jakarta,Kota Jakarta Pusat,L,D3,1883,6497.0,1496.8523109748091,1814.2215602571093,1738.7484829461018,1778.7108709140464,1603.3173947755947,1485.970116208584,1625.080033335386
363,Prov. D.K.I. Jakarta,Kota Jakarta Pusat,L,D4,458,3185.0,733.7963075965472,556.3267790851012,539.1751477383165,579.8277416898258,531.673993088298,618.1342528235814,633.8537911680495
364,Prov. D.K.I. Jakarta,Kota Jakarta Pusat,L,Profesi,1290,1826.0,420.6945236016626,2745.283948425652,2279.467814819334,2283.4296100203014,1937.2766634985185,3887.6535880519596,4593.222794658858
365,Prov. D.K.I. Jakarta,Kota Jakarta Pusat,L,S1,10385,64351.0,14825.910891725403,10735.56912374944,10024.921230050546,10164.517184733724,11311.301645576801,14344.318765560034,12282.904773271053
366,Prov. D.K.I. Jakarta,Kota Jakarta Pusat,L,S2,3103,8773.0,2021.2229219919966,2811.921154790508,2731.474055992824,2662.4953740598557,3139.133150180477,2566.3038740027996,2715.245895732813
367,Prov. D.K.I. Jakarta,Kota Jakarta Pusat,L,S2 Terapan,62,207.0,47.69100021114137,79.18820963255537,75.29364208268254,62.52302376922337,82.7028432927893,44.16251318271066,80.31256132973665
368,Prov. D.K.I. Jakarta,Kota Jakarta Pusat,L,S3,312,1982.0,456.63556723904446,321.9021157945405,329.54634392431626,445.8845392759027,335.210261075319,374.6613628109736,365.2912319414804
369,Prov. D.K.I. Jakarta,Kota Jakarta Pusat,L,Sp-1,268,1291.0,297.4351752298721,265.1566460095134,299.1849936534294,425.966495037169,289.80360147545645,271.0395502809821,259.9055580595769
370,Prov. D.K.I. Jakarta,Kota Jakarta Pusat,L,Sp-2,133,307.0,70.73013074792465,97.68316681098653,110.16705251213463,113.22251695647108,102.20593134527269,56.73170175141862,66.01785151949514
371,Prov. D.K.I. Jakarta,Kota Jakarta Pusat,P,D1,25,31.0,7.142130466402815,27.648301375842262,11.990479476871347,12.201740585488693,15.699671022285267,13.076748479265296,15.010982152861859
372,Prov. D.K.I. Jakarta,Kota Jakarta Pusat,P,D2,7,52.0,11.980347879127303,30.204461854557643,24.277906070076266,22.03134012228689,55.68004458885811,17.416100169015635,21.475267663704493
373,Prov. D.K.I. Jakarta,Kota Jakarta Pusat,P,D3,2733,7906.0,1821.4736602380856,2506.330438523059,2427.9545020762876,2529.116501819638,2379.602802727019,2174.1242368366957,2338.9612922351043
374,Prov. D.K.I. Jakarta,Kota Jakarta Pusat,P,D4,764,4660.0,1073.6234830141004,930.8298304858984,913.464386464554,1002.425496779864,889.4357319317836,1071.4920859878193,1025.612488350907
375,Prov. D.K.I. Jakarta,Kota Jakarta Pusat,P,Profesi,4937,6329.0,1458.1465716730133,10789.602130375926,9027.5165744683,9173.830685801655,7904.585147664292,10748.015904177897,10449.22214120173
376,Prov. D.K.I. Jakarta,Kota Jakarta Pusat,P,S1,13458,69821.0,16086.15133208745,13428.67737654769,12734.069651444719,13221.90891359415,13380.643675839405,19231.07348505476,16373.18904196566
377,Prov. D.K.I. Jakarta,Kota Jakarta Pusat,P,S2,3366,8395.0,1934.1350085629558,3130.9166320948075,3089.5458227573376,3085.2482439233113,3205.181292368254,2596.151364014634,2934.019877318112
378,Prov. D.K.I. Jakarta,Kota Jakarta Pusat,P,S2 Terapan,59,142.0,32.71556536223225,62.30994071349474,59.91459566576271,50.69234810865302,63.22451763685695,37.90301609188865,60.60863128631093
379,Prov. D.K.I. Jakarta,Kota Jakarta Pusat,P,S3,261,1510.0,347.89087110542744,284.9040622890969,296.1382928519187,410.2316429711582,271.6715196437086,298.7346464703669,292.31957347639644
380,Prov. D.K.I. Jakarta,Kota Jakarta Pusat,P,Sp-1,493,1872.0,431.29252364858286,414.4565307251651,463.8338125078246,657.1485175269728,644.9900528047048,405.50167945816133,385.0586583858394
381,Prov. D.K.I. Jakarta,Kota Jakarta Pusat,P,Sp-2,74,192.0,44.235130630623885,65.25932426485312,72.79314672926854,74.18902543829964,74.77154457881579,43.01139956169874,63.00158353749246
382,Prov. D.K.I. Jakarta,Kota Jakarta Selatan,L,D3,814,3745.0,862.8154386025336,897.1647279442142,964.0869122227847,982.121038995069,919.5547899193551,929.7275875746628,883.5913464840278
383,Prov. D.K.I. Jakarta,Kota Jakarta Selatan,L,D4,900,4931.0,1136.0595267687831,806.6337097160349,913.4617379313001,1028.6205106333746,816.1875028099431,883.2337175597437,710.9285201589101
384,Prov. D.K.I. Jakarta,Kota Jakarta Selatan,L,Profesi,3694,3530.0,813.2813079484496,2971.302180300518,2489.776634958486,2184.981587913896,3880.2363992942,4596.244292511171,4238.678246416192
385,Prov. D.K.I. Jakarta,Kota Jakarta Selatan,L,S1,16038,104708.0,24123.812802455028,15119.971516234695,15663.054497003071,15610.685872056558,15954.925060501999,14874.845612563153,15342.364936281649
386,Prov. D.K.I. Jakarta,Kota Jakarta Selatan,L,S2,3384,11049.0,2545.593533009184,3062.269482061773,3352.597029474155,3274.833471876703,4121.781653668585,2778.1652174266756,3070.1202290218876
387,Prov. D.K.I. Jakarta,Kota Jakarta Selatan,L,S2 Terapan,11,25.0,5.759782634195818,6.651378370077726,7.370456528211433,6.389207107811023,9.010444270412282,10.374645953435989,5.8810710335065375
388,Prov. D.K.I. Jakarta,Kota Jakarta Selatan,L,S3,171,1347.0,310.3370883304707,172.5742538290146,193.58058091140137,253.61350129714117,206.41379339456023,277.49793726394995,289.94034495707336
389,Prov. D.K.I. Jakarta,Kota Jakarta Selatan,P,D3,1603,6146.0,1415.9849627907,1817.8693162188108,2019.1674624652487,2152.2740123337594,1908.22929984889,1555.7576797014626,1566.6848136751
390,Prov. D.K.I. Jakarta,Kota Jakarta Selatan,P,D4,1406,5320.0,1225.6817445568702,980.2609989191695,1110.520363951805,1257.4411266926713,1149.0371764692684,1137.2495831216834,1065.3547039265375
391,Prov. D.K.I. Jakarta,Kota Jakarta Selatan,P,Profesi,14300,13243.0,3051.0720569862087,12794.559806989973,10813.020118251316,9636.903668065423,14755.440413570659,13570.661758135246,15046.175341569951
392,Prov. D.K.I. Jakarta,Kota Jakarta Selatan,P,S1,21584,102360.0,23582.85401745136,17690.40418456108,18826.998634180298,19488.664515376804,20991.053600455514,19456.779701646254,21472.433706676333
393,Prov. D.K.I. Jakarta,Kota Jakarta Selatan,P,S2,3354,9414.0,2168.9037487327773,3182.7961089825385,3592.3498013404155,3660.0196880269855,3872.207587094133,2739.681656732546,3068.2249003705447
394,Prov. D.K.I. Jakarta,Kota Jakarta Selatan,P,S2 Terapan,6,15.0,3.455869580517491,5.271458041630855,5.9538415795142265,5.308895217740031,5.888447797799741,4.2485124652292505,2.724522782155869
395,Prov. D.K.I. Jakarta,Kota Jakarta Selatan,P,S3,120,608.0,140.0779136636423,94.94429899755642,109.8161877703213,150.09675355656614,90.93261869245424,145.16968385124466,114.34600649767678
396,Prov. D.K.I. Jakarta,Kota Jakarta Timur,L,D1,23,37.0,8.52447829860981,25.002698417918253,11.096825616773245,11.142968211666751,13.770789976962691,13.95018901467311,17.09167712081582
397,Prov. D.K.I. Jakarta,Kota Jakarta Timur,L,D3,805,3199.0,737.0217858716969,746.4574028219513,728.468755291294,734.5590630875297,767.493111148132,715.1383921616963,729.9032857874851
398,Prov. D.K.I. Jakarta,Kota Jakarta Timur,L,D4,682,3629.0,836.090047179865,592.610162867817,610.9450303986769,682.9954197989193,589.4535077542408,710.5002672249577,649.7633958294562
399,Prov. D.K.I. Jakarta,Kota Jakarta Timur,L,Profesi,5391,5752.0,1325.2107884757738,3981.723031227467,2805.609739974658,2219.1710138057138,6740.679083618475,7171.340253034796,6607.662413450234
400,Prov. D.K.I. Jakarta,Kota Jakarta Timur,L,S1,11116,71562.0,16487.262594732845,10112.796768434453,9559.69919197139,9486.30464830029,9567.640543350639,11871.739680600582,11791.161693186306
401,Prov. D.K.I. Jakarta,Kota Jakarta Timur,L,S2,2449,8215.0,1892.6645735967459,2323.8378625578775,2347.474561647092,2314.0312581545236,2871.3273487959773,2053.1635558820876,2162.0332130891047
402,Prov. D.K.I. Jakarta,Kota Jakarta Timur,L,S3,317,1894.0,436.3611323666752,236.55670336843505,241.2400966570194,313.2530852235191,318.98044893919285,368.55780747326276,355.6328959715668
403,Prov. D.K.I. Jakarta,Kota Jakarta Timur,P,D1,8,10.0,2.303913053678327,8.600621604517675,3.9877945571776396,4.244650159817095,3.5766440633240313,3.0257308988500045,4.617874495751554
404,Prov. D.K.I. Jakarta,Kota Jakarta Timur,P,D3,1336,4002.0,922.0260040820666,1131.188459594942,1134.5002865453519,1188.64335382392,1171.5546835332736,1083.5344644456018,1111.67946124279
405,Prov. D.K.I. Jakarta,Kota Jakarta Timur,P,D4,975,4511.0,1039.2951785142934,832.2689123719628,865.7144962997401,983.3387499584846,906.0300404643755,1014.8414490940313,949.826240050424
406,Prov. D.K.I. Jakarta,Kota Jakarta Timur,P,Profesi,14528,14949.0,3444.1196239437313,13423.728474639887,9940.376545574898,8394.92124304525,19083.053765791534,14961.760292656749,17006.57722232369
407,Prov. D.K.I. Jakarta,Kota Jakarta Timur,P,S1,14245,69169.0,15935.936200987622,11848.238815904082,11567.545497857865,11999.01705113377,13828.490888811848,16256.713720713922,16113.636634241406
408,Prov. D.K.I. Jakarta,Kota Jakarta Timur,P,S2,1897,5632.0,1297.563831831634,1875.0808352580364,1931.0175517682771,1958.5519088196454,2363.7932507102437,1304.3134739627235,1469.146827533446
409,Prov. D.K.I. Jakarta,Kota Jakarta Timur,P,S3,199,1105.0,254.58239243145516,176.9827679835069,188.99821297361223,260.88783249574715,203.12497473911353,239.88206880402288,223.53291358520164
410,Prov. D.K.I. Jakarta,Kota Jakarta Utara,L,D3,668,2310.0,532.2039153996936,687.041560459962,634.090524709416,707.1441118353619,609.8030799957708,564.0122761532513,540.1255079994945
411,Prov. D.K.I. Jakarta,Kota Jakarta Utara,L,D4,396,1644.0,378.763306024717,281.3905698791369,256.4505713162035,292.07303498799683,284.9283418063361,376.41411720036814,375.7055745570407
412,Prov. D.K.I. Jakarta,Kota Jakarta Utara,L,Profesi,95,130.0,29.950869697818256,125.51984646864217,86.24218399601178,78.30697725856068,150.90006689688977,113.19288454701531,132.14353586246528
413,Prov. D.K.I. Jakarta,Kota Jakarta Utara,L,S1,1421,8176.0,1883.6793126874004,1242.1802924330052,1051.8096884761874,1080.5018623454523,1272.8532369455074,1448.5474473951892,1296.261189861331
414,Prov. D.K.I. Jakarta,Kota Jakarta Utara,L,S2,117,478.0,110.12704396582404,138.54024964165615,124.28180806070674,125.50438630423967,148.53791334238605,124.23559192419565,152.21812823191493
415,Prov. D.K.I. Jakarta,Kota Jakarta Utara,L,S2 Terapan,41,108.0,24.882260979725935,31.46629921144863,26.112212790228224,20.97087656563217,27.25540871248405,22.47729134097126,27.865189637847422
416,Prov. D.K.I. Jakarta,Kota Jakarta Utara,L,S3,32,177.0,40.77926105010639,20.97405763389575,18.490549840055813,23.804343048105395,28.574911420066066,23.52402751620953,21.28256264318723
417,Prov. D.K.I. Jakarta,Kota Jakarta Utara,P,D3,333,903.0,208.04334874715295,282.4136955880459,256.3037635868904,281.4609150775995,275.9168240744897,237.11543243135358,286.8120608793347
418,Prov. D.K.I. Jakarta,Kota Jakarta Utara,P,D4,76,290.0,66.81347855667148,56.56003480930814,52.021511534943244,60.21509928524044,60.837300922993926,32.91256962988244,34.10723351825124
419,Prov. D.K.I. Jakarta,Kota Jakarta Utara,P,Profesi,466,533.0,122.79856576105485,708.0255186153593,520.7289389970673,516.2479296342811,628.4049978348345,672.0454741068581,590.9241799650042
420,Prov. D.K.I. Jakarta,Kota Jakarta Utara,P,S1,1524,7919.0,1824.4687472078674,1383.3989016448033,1185.9481750665352,1243.0158093622458,1560.6654821170996,1523.153643620964,1556.7613162250775
421,Prov. D.K.I. Jakarta,Kota Jakarta Utara,P,S2,115,292.0,67.27426116740716,98.7236395608328,89.77743740729153,92.64185194578933,104.53456442583531,64.42560280921441,84.81728647140709
422,Prov. D.K.I. Jakarta,Kota Jakarta Utara,P,S2 Terapan,11,27.0,6.220565244931484,9.145631142450862,7.7075610422267,6.33932086488383,9.568202402755292,6.255951529120765,8.044037765016741
423,Prov. D.K.I. Jakarta,Kota Jakarta Utara,P,S3,15,63.0,14.514652238173461,8.723100700615083,7.822198920624931,10.332900506495935,11.027023148448484,9.261474539550328,8.516360656347098
424,Prov. Gorontalo,Kab. Bone Bolango,L,D3,50,190.0,42.73974450389702,35.98960506507448,27.5368502572889,24.101705334241988,27.106842748896664,17.230913391799284,17.343006894813513
425,Prov. Gorontalo,Kab. Bone Bolango,P,D3,22,98.0,22.044710323062674,20.837067296716377,15.774563178182111,13.862248202310768,12.642471837686827,14.211863985876889,13.128848876032555
426,Prov. Gorontalo,Kab. Gorontalo,L,Profesi,35,40.0,8.997840948188847,50.28869732421024,41.10825739923908,39.07178776232772,49.426508650130316,20.453683974709616,22.05059605372968
427,Prov. Gorontalo,Kab. Gorontalo,L,S1,366,2937.0,660.6664716207661,363.7865304476088,298.7369109420796,272.44063254208993,398.8307318325242,372.16437830559687,325.22338620004007
428,Prov. Gorontalo,Kab. Gorontalo,L,S2,60,308.0,69.28337530105412,67.01208809702673,55.149295217503465,47.429135444276014,91.35803972852742,33.29011447200864,44.91627855699076
429,Prov. Gorontalo,Kab. Gorontalo,P,Profesi,217,252.0,56.686397973589735,353.7810148518111,285.6081267988417,272.0912771807055,301.3064928974669,218.07355497092672,192.6545320392199
430,Prov. Gorontalo,Kab. Gorontalo,P,S1,873,4403.0,990.4373423718873,719.7180171535643,619.476190669536,597.7436916992872,709.2335530612665,739.233305105114,727.5923389007846
431,Prov. Gorontalo,Kab. Gorontalo,P,S2,71,250.0,56.23650592618029,71.6629315660655,61.77931104085473,56.18475567999514,62.66224806868598,44.46507383610243,44.48833953636626
432,Prov. Gorontalo,Kab. Gorontalo Utara,L,S1,93,575.0,129.34396363021466,68.08744798553344,53.46080929007194,47.36982475775006,64.24891229523095,57.52880398113557,49.851678129020044
433,Prov. Gorontalo,Kab. Gorontalo Utara,P,S1,109,699.0,157.2372705696001,115.80953086813102,97.31426943532279,92.97583513377576,122.19141580470524,98.31809437854585,93.19614155155672
434,Prov. Gorontalo,Kab. Pohuwato,L,S1,276,806.0,181.30649510600526,97.76137474012191,77.45258427853906,69.15801071995895,81.9903224761332,102.96093357931572,103.08322636973814
435,Prov. Gorontalo,Kab. Pohuwato,P,S1,476,1160.0,260.93738749747655,193.31703598653831,162.8519207944899,155.87353405056712,171.655984576199,169.56105286370243,165.92045887813464
436,Prov. Gorontalo,Kota Gorontalo,L,D3,31,196.0,44.08942064612535,53.01581002669104,45.02871461374494,43.22079069636254,45.22295257611192,49.724569561446124,42.67574770945902
437,Prov. Gorontalo,Kota Gorontalo,L,D4,10,150.0,33.74190355570818,23.75817576660838,19.28110643363796,18.553289147014226,22.01036978526542,29.733555776241232,29.29022568655889
438,Prov. Gorontalo,Kota Gorontalo,L,Profesi,3671,3744.0,842.197912750476,5275.951334416069,4246.829545637407,3949.7710409792935,5402.91631393982,4330.947934191718,3926.347531965463
439,Prov. Gorontalo,Kota Gorontalo,L,S1,1828,15537.0,3494.986370300253,2240.3613132014075,1844.5160770644484,1681.1459962538156,1984.6986196914502,2171.2137595796103,2219.6890617605636
440,Prov. Gorontalo,Kota Gorontalo,L,S2,179,762.0,171.40887006299752,218.39970000273905,187.467995748343,166.23360772943607,178.21148890227352,168.49675696015623,214.33935411282656
441,Prov. Gorontalo,Kota Gorontalo,L,S3,11,80.0,17.995681896377693,11.054345117468182,10.04097070353466,11.612036254896699,12.946044160333011,14.215727567970735,11.718180856234492
442,Prov. Gorontalo,Kota Gorontalo,P,D3,197,949.0,213.47377649578038,273.7430796588817,226.31937705788022,215.33104160545844,251.00598024873096,221.96618064216156,241.12900966935936
443,Prov. Gorontalo,Kota Gorontalo,P,D4,76,454.0,102.12549476194341,68.87799980884147,52.145163131852314,47.633341869196784,87.94205246065614,71.73600831284358,79.03262830671933
444,Prov. Gorontalo,Kota Gorontalo,P,Profesi,10949,10868.0,2444.7133856229098,17358.539778583643,13872.697271161476,12994.95148059758,15771.511864562786,7119.00482792928,8487.50584099393
445,Prov. Gorontalo,Kota Gorontalo,P,S1,3836,24266.0,5458.540211218764,4407.725383711996,3745.119195960942,3565.026951865116,3968.4290662907683,3580.8415492958716,3648.915102223892
446,Prov. Gorontalo,Kota Gorontalo,P,S2,190,658.0,148.01448359770652,243.25913798603355,217.08355046510437,202.1657751507908,218.26997270568617,175.3964732736586,201.75327803701865
447,Prov. Gorontalo,Kota Gorontalo,P,S3,11,90.0,20.245142133424906,15.862316024433085,14.919663747886034,18.055322714697375,16.95532222698351,17.201397948061363,16.37687123887819
448,Prov. Jambi,Kab. Batang Hari,L,S1,131,1516.0,341.0181719363573,207.95208713965943,176.3120212603665,166.31855558883186,196.89418013103432,190.82098955200678,199.80984611564205
449,Prov. Jambi,Kab. Batang Hari,L,S2,3,25.0,5.623650592618029,9.724056249828141,9.799985050323954,10.181802693978,9.702205381334311,8.003899825793141,7.675753059413877
450,Prov. Jambi,Kab. Batang Hari,P,S1,288,2042.0,459.33978040504064,358.58724142467224,315.2324921883071,311.5440535244468,359.45263333782435,365.58408333072856,390.0935273893254
451,Prov. Jambi,Kab. Batang Hari,P,S2,1,23.0,5.173758545208587,9.8114757935557,9.702924491864993,10.045647249857833,9.09063923665954,7.956675240014745,5.89645501153144
452,Prov. Jambi,Kab. Bungo,L,D3,14,59.0,13.271815398578548,13.493845410592636,11.553043813631989,11.01918693510295,10.996085996148864,10.73510404078946,12.227446915478296
453,Prov. Jambi,Kab. Bungo,L,S1,600,3443.0,774.489159615355,423.87589084307,355.4253197599169,327.2722128662585,466.37702749986335,457.42354460514713,419.8230576482988
454,Prov. Jambi,Kab. Bungo,P,D3,25,170.0,38.240824029802596,50.82617156112168,45.45688453178297,45.73227605785518,47.483366900578375,38.235764562906326,37.59842946102749
455,Prov. Jambi,Kab. Bungo,P,S1,978,4007.0,901.3587169848178,708.4435927893564,641.5880035135835,642.2506922542262,732.6572386907068,679.7566670109929,689.6462923423378
456,Prov. Jambi,Kab. Kerinci,L,D3,71,183.0,41.16512233796397,55.91272251168779,51.759623668221714,54.39882477030241,42.96944865320852,36.50220475672356,31.883166916963106
457,Prov. Jambi,Kab. Kerinci,L,Profesi,519,86.0,19.34535803860602,125.94547745686604,108.37945327510445,109.6352543279124,135.62483888004252,81.58272745506983,132.0136863410028
458,Prov. Jambi,Kab. Kerinci,L,S1,243,1668.0,375.2099675394749,220.95487298978634,185.26781308485099,174.89139203209467,162.43758154031116,242.77804005289843,224.77426732243234
459,Prov. Jambi,Kab. Kerinci,L,S2,51,159.0,35.76641776905066,50.721545224213195,47.69521404569524,47.033369371311814,43.42208353210821,48.85048881618884,56.88110643203557
460,Prov. Jambi,Kab. Kerinci,P,D3,7,17.0,3.8240824029802596,5.4860767577543585,4.917117962030643,5.087352239420007,3.978311228572662,5.705700297674993,7.019499315724027
461,Prov. Jambi,Kab. Kerinci,P,Profesi,861,219.0,49.26317919133393,351.7444775933274,297.0174947608634,299.4065601457596,373.2960022904711,209.68912846793074,205.35299987424543
462,Prov. Jambi,Kab. Kerinci,P,S1,443,2134.0,480.034814585875,343.5701183754313,293.21970881124673,285.1577468039964,294.8032443179,309.3412776011144,335.40271579564694
463,Prov. Jambi,Kab. Kerinci,P,S2,65,167.0,37.56598595868844,64.21676577031874,61.282732656837865,62.09186149729737,49.39327591802283,57.18642305730246,63.28390239911418
464,Prov. Jambi,Kab. Merangin,L,S1,113,2155.0,484.7586810836741,282.6162697299817,245.12391251479912,231.85096643122264,277.53397214417004,263.049151352975,203.56607548279865
465,Prov. Jambi,Kab. Merangin,P,Profesi,50,51.0,11.472247208940779,59.534017659037886,46.58016688857191,42.566408739403734,77.19682751347912,25.368421457942702,24.276985154898046
466,Prov. Jambi,Kab. Merangin,P,S1,131,2857.0,642.6707897243883,447.47004550496956,392.57572533853596,380.3697785094108,489.3951370316489,362.7455546392605,358.59496368751087
467,Prov. Jambi,Kab. Muaro Jambi,L,D3,78,359.0,80.7556225099949,237.06100159852153,135.52327596090223,93.53242040432089,184.06362310593505,63.40946979642755,92.47420371356131
468,Prov. Jambi,Kab. Muaro Jambi,L,D4,6,142.0,31.942335366070406,65.50975173650248,37.996683165210115,27.678117479318487,49.30646160812396,27.252750868074738,25.075750759913017
469,Prov. Jambi,Kab. Muaro Jambi,L,Profesi,1464,1611.0,362.3880441883058,5477.341708411479,2952.839661153208,1964.0927558081153,7541.7532673104015,1964.4568401866961,1774.9594562870318
470,Prov. Jambi,Kab. Muaro Jambi,L,S1,1757,11110.0,2499.150323359452,4741.988123479375,2815.028459722873,1964.3175262900616,2047.015663243011,1755.892825376944,1769.1672761987363
471,Prov. Jambi,Kab. Muaro Jambi,L,S2,176,604.0,135.86739831765158,468.29719535825916,280.41246414142887,184.54038240058762,413.1862385768866,118.70551932804324,147.11596052794897
472,Prov. Jambi,Kab. Muaro Jambi,L,S3,60,306.0,68.83348325364467,112.80330222611802,71.12418136610488,60.77145070094931,110.25238404820183,68.02654253531743,69.16055672505067
473,Prov. Jambi,Kab. Muaro Jambi,P,D3,100,434.0,97.62657428784898,337.6124384386584,193.6370434232686,135.40941531014073,247.91196136001523,90.77808798006157,127.79768051286241
474,Prov. Jambi,Kab. Muaro Jambi,P,D4,39,352.0,79.18100034406186,186.38789602698628,107.80370257202087,79.39575937785499,178.8738934387171,66.3668310171175,85.38734085313048
475,Prov. Jambi,Kab. Muaro Jambi,P,Profesi,3830,4339.0,976.0407968547852,16268.840456928034,8623.221939620451,5725.8877080119,20723.238276052183,4751.027146728075,4738.697683338526
476,Prov. Jambi,Kab. Muaro Jambi,P,S1,3603,18244.0,4103.915256468933,8919.827213009648,5286.611137358125,3741.360747610077,3691.652140587276,3368.0167839374362,3467.0697022298746
477,Prov. Jambi,Kab. Muaro Jambi,P,S2,265,739.0,166.23511151778894,676.4385508474419,408.03039052699165,274.04716498927974,514.0982579931926,158.15461013473998,238.70123240648925
478,Prov. Jambi,Kab. Muaro Jambi,P,S3,34,232.0,52.18747749949531,104.21797949889726,66.9461879012598,58.97951186909645,83.91745120346731,64.0839962175295,50.71148164612587
479,Prov. Jambi,Kab. Sarolangun,L,S1,11,645.0,145.09018528954516,77.4549209896579,64.18255978296563,58.52497870318786,64.30265863278898,81.04641005149176,72.18137751537098
480,Prov. Jambi,Kab. Sarolangun,P,S1,29,1066.0,239.79246126923277,157.3446974105229,133.24288784703796,125.62499713985414,125.74792453164437,142.58900077077408,141.23991607067742
481,Prov. Jambi,Kab. Sungai Penuh,L,D3,26,158.0,35.541471745345945,37.19231038557174,32.6967637505961,31.720792676464526,35.01988464735966,31.23093138284526,25.80606994832569
482,Prov. Jambi,Kab. Sungai Penuh,L,S1,256,2610.0,587.1091218693223,268.6950475773568,214.62081041099145,187.54420103143798,207.4453659046625,265.0491880805238,221.95465521343897
483,Prov. Jambi,Kab. Sungai Penuh,P,D3,69,274.0,61.6352104950936,80.30757914660865,72.4816754780187,73.01130844246167,84.94338292691788,69.3455725985257,70.98712246788607
484,Prov. Jambi,Kab. Sungai Penuh,P,S1,228,1731.0,389.38156703287234,222.91405111209605,183.0990518020671,166.3764601118005,182.43342536295606,250.17906647250484,229.5904408211194
485,Prov. Jambi,Kab. Tanjung Jabung Barat,L,S1,215,920.0,206.95034180834347,124.67681658230893,106.83553732516458,101.50883766640119,87.19919716931855,99.90003799055121,108.00705992385282
486,Prov. Jambi,Kab. Tanjung Jabung Barat,P,S1,364,1131.0,254.41395281003963,194.74994662835297,172.5696332061654,171.36696737842476,165.74976478760402,155.0342354808736,159.5759492225733
487,Prov. Jambi,Kab. Tanjung Jabung Timur,L,S1,80,931.0,209.42474806909541,164.8014107159581,147.68582937002606,149.3976240511977,131.2256667903764,123.78349993922788,108.9485906765048
488,Prov. Jambi,Kab. Tanjung Jabung Timur,P,S1,89,735.0,165.33532742297007,150.3231760407685,134.66480181639082,138.05836712257172,146.10628773210848,131.4640553047114,113.41261411447988
489,Prov. Jambi,Kab. Tebo,L,S1,79,482.0,108.4239834256756,81.12562441108668,73.98143052279639,74.56807826837886,81.44265938489428,69.82742621560025,75.08406336001602
490,Prov. Jambi,Kab. Tebo,P,S1,134,754.0,169.60930187335975,149.16807555735008,136.82017922233177,140.5406421968173,173.709799243629,159.4540684876434,151.6155280844688
491,Prov. Jambi,Kota Jambi,L,D3,181,714.0,160.61146092517092,195.3145273036349,190.9743279537731,198.23547801790704,189.3382398996391,160.3879449660178,155.81142989305442
492,Prov. Jambi,Kota Jambi,L,D4,181,473.0,106.39946921233312,94.80138647296218,96.7867107854,110.20281376608854,93.05196440762309,62.054736760322875,56.45399970696137
493,Prov. Jambi,Kota Jambi,L,Profesi,524,218.0,49.038233167629215,212.24720933469473,173.4493762754969,157.26462950333558,320.84757253227144,209.7964859929718,217.90542439626557
494,Prov. Jambi,Kota Jambi,L,S1,2149,16623.0,3739.2777520435798,2533.188217243772,2452.561006729147,2479.0743143128293,2388.166794984818,2497.6819804068,2313.2449968248957
495,Prov. Jambi,Kota Jambi,L,S2,165,1223.0,275.108986990874,408.10812237545593,428.2919224700631,438.4026148206056,416.55953541099046,394.9466345175269,410.7609310720841
496,Prov. Jambi,Kota Jambi,L,S3,30,303.0,68.1586451825305,55.01492805852015,63.78637450241424,88.55585905921818,49.22043024651524,53.71617182275041,55.93532170089733
497,Prov. Jambi,Kota Jambi,P,D3,549,1615.0,363.28782828312467,552.2188598189782,554.9157911754986,598.4318790746231,439.398638807864,491.97569869133036,503.93902732429785
498,Prov. Jambi,Kota Jambi,P,D4,1538,3388.0,762.1171283115953,751.810902053387,754.8910921474895,857.2864044174789,594.8680451935662,870.7153077092606,888.6484843137955
499,Prov. Jambi,Kota Jambi,P,Profesi,2489,1512.0,340.1183878415384,2145.96507666983,1904.423277457517,1886.769991198974,2270.532335677235,1500.265802428232,1767.7163196717254
500,Prov. Jambi,Kota Jambi,P,S1,4100,19913.0,4479.350170032112,3709.4030524166105,3662.909540365904,3821.43620085895,3793.90354793258,3608.8361457518317,3558.258812345401
501,Prov. Jambi,Kota Jambi,P,S2,136,820.0,184.45573943787136,319.7619197803771,336.8216823978994,350.6999790992887,332.0214447369745,228.72361994508645,286.56679155591223
502,Prov. Jambi,Kota Jambi,P,S3,20,127.0,28.568145010499588,25.037170635887758,28.38387175243884,39.14052056020656,21.928262833240694,17.515808148256497,18.473469053264928
503,Prov. Jawa Barat,Kab. Bandung,L,D3,533,1715.0,395.12108870583313,425.28017027943054,440.2416858835059,484.0499726001354,409.088040974991,394.2110020863064,382.3713613766464
504,Prov. Jawa Barat,Kab. Bandung,L,D4,79,597.0,137.54360930459615,93.18513912834592,96.710185482713,110.61369412658931,88.95694047729192,127.21311693058989,101.98382235570851
505,Prov. Jawa Barat,Kab. Bandung,L,Profesi,13,2.0,0.46078261073566545,3.065212062963576,2.745238678209581,2.9506291002523666,3.140894790794541,2.955380872702469,3.05051614788169
506,Prov. Jawa Barat,Kab. Bandung,L,S1,5626,28803.0,6635.960768509686,4748.473003119005,4773.314749648132,5180.358084992432,5201.18672792031,4276.569653102638,4031.644085073961
507,Prov. Jawa Barat,Kab. Bandung,L,S2,507,1420.0,327.15565362232246,438.5260129774027,451.43988417185847,462.1095995447417,471.0859055657259,348.8155007075732,377.73528048372987
508,Prov. Jawa Barat,Kab. Bandung,L,S3,3,39.0,8.985260909345476,6.64332200920343,7.401377307643219,10.861720183244337,5.15146677733788,6.777101190221539,6.57465029881906
509,Prov. Jawa Barat,Kab. Bandung,P,D3,476,1396.0,321.6262622934945,391.0417948952253,403.21366135421016,443.45113159180784,407.91227107812045,337.3906499499738,372.6801486819887
510,Prov. Jawa Barat,Kab. Bandung,P,D4,28,366.0,84.32321776462678,57.84418042215912,58.17752028646421,64.37107721050525,59.310537095656315,61.36458024330269,60.821669511325375
511,Prov. Jawa Barat,Kab. Bandung,P,Profesi,9,21.0,4.838217412724488,21.57210594227844,16.51871252722601,14.746507356430536,45.94481466246237,11.743933640852743,11.427851921262565
512,Prov. Jawa Barat,Kab. Bandung,P,S1,4002,21335.0,4915.398500022711,3924.040572676203,3934.087076000428,4277.257932626497,4396.008524541368,3682.5081841159194,3882.682427359736
513,Prov. Jawa Barat,Kab. Bandung,P,S2,500,1012.0,233.1560010322467,357.95195251983466,372.4828859961276,388.2714515519203,381.8696471574121,311.04361178593234,364.03959836328585
514,Prov. Jawa Barat,Kab. Bandung,P,S3,1,12.0,2.764695664413993,2.2969446444515405,2.57137100846677,3.8148924108517077,1.8098683999508711,2.820782931496124,2.2760622415715264
515,Prov. Jawa Barat,Kab. Bandung Barat,L,D3,79,226.0,52.0684350131302,61.984012173760235,56.30402147171774,61.70114820036216,64.11403936541322,47.5243897410325,50.807905855309095
516,Prov. Jawa Barat,Kab. Bandung Barat,L,Profesi,47,61.0,14.053869627437797,74.87548570719856,56.05604519750702,56.608478107169844,39.71148630027173,43.27412151523085,44.49700982698512
517,Prov. Jawa Barat,Kab. Bandung Barat,L,S1,583,1814.0,417.92982793724855,295.7240495392176,258.04327687078097,275.47028619242786,248.36134010798685,268.90799392718185,248.51783099703027
518,Prov. Jawa Barat,Kab. Bandung Barat,L,S2,50,116.0,26.725391422668597,37.037059139564406,34.51883673148893,36.58505405938191,36.48650660840727,42.4618673463084,41.18012862072212
519,Prov. Jawa Barat,Kab. Bandung Barat,P,D3,164,371.0,85.47517429146595,115.88987827290772,106.2235435972582,118.28558627644249,133.70339093384857,115.0367151861009,110.79521567161999
520,Prov. Jawa Barat,Kab. Bandung Barat,P,Profesi,157,205.0,47.23021760040571,287.6170005301426,217.51910808161458,223.51331095739982,145.10781203257014,209.90813524022573,185.88211596159908
521,Prov. Jawa Barat,Kab. Bandung Barat,P,S1,573,2055.0,473.45413253089623,391.91681311838494,347.9767710170679,381.3414868277129,411.09484961002045,312.58382247334526,341.9312312805005
522,Prov. Jawa Barat,Kab. Bandung Barat,P,S2,27,56.0,12.901913100598632,20.423088009161056,19.224215681769277,20.72671854149666,19.995252357278932,16.09696777207034,13.431032916579383
523,Prov. Jawa Barat,Kab. Bekasi,L,D3,548,1751.0,403.4151756990751,456.2788010569458,439.45313299111274,481.50190464233543,487.80228587206125,415.64275866642794,428.07587529888673
524,Prov. Jawa Barat,Kab. Bekasi,L,D4,424,1790.0,412.4004366084206,310.38639261292553,309.4711064502889,366.7764316711615,379.1356884185766,392.4399074682185,408.78812893832725
525,Prov. Jawa Barat,Kab. Bekasi,L,Profesi,17,16.0,3.6862608858853236,22.198597070850713,18.6036939584753,20.06674726472125,17.53894243896818,6.5024621299987135,6.800556875639082
526,Prov. Jawa Barat,Kab. Bekasi,L,S1,2443,20714.0,4772.325499389287,2764.848526275706,2442.668940919527,2464.8584173736012,2634.711925174241,2826.8502854805224,2615.1686403721797
527,Prov. Jawa Barat,Kab. Bekasi,L,S2,131,421.0,96.99473955985758,93.90512541084951,84.29489414020075,79.46698676839057,100.93501897952392,85.78691370575545,110.87751161035139
528,Prov. Jawa Barat,Kab. Bekasi,P,D3,471,1461.0,336.6016971424036,382.83637739753334,357.85862771704547,380.00051286009716,419.66810635107555,341.5442552969719,369.548484580656
529,Prov. Jawa Barat,Kab. Bekasi,P,D4,254,1118.0,257.577479401237,214.58343811072152,213.87776292041235,254.65827859081026,265.26608609926484,210.40523941583425,205.71434805514
530,Prov. Jawa Barat,Kab. Bekasi,P,Profesi,122,163.0,37.55378277495674,250.61323386214536,210.12510597796324,227.9243712668021,177.49516290508262,165.55636914647772,150.9703574086291
531,Prov. Jawa Barat,Kab. Bekasi,P,S1,2933,18332.0,4223.53341000311,2957.8298768542663,2687.0096239914465,2819.1575535336538,3092.3744431031837,2946.445821947612,3355.620559951734
532,Prov. Jawa Barat,Kab. Bekasi,P,S2,66,273.0,62.896826365418335,70.48855924054087,64.1724568203971,61.85463276661556,67.42432787883457,59.01447230441044,70.51875350687783
533,Prov. Jawa Barat,Kab. Bogor,L,D3,187,614.0,141.4602614958493,207.90691665183363,165.58127764675388,174.44949709941042,151.37643084413008,161.10898386914485,161.12278782800442
534,Prov. Jawa Barat,Kab. Bogor,L,D4,1081,4932.0,1136.289918074151,965.4953870427548,790.1724216407537,892.4712464970165,1099.7674519917853,864.7972577325721,742.1811442921437
535,Prov. Jawa Barat,Kab. Bogor,L,Profesi,102,180.0,41.47043496620989,328.7486089005312,229.2692681008091,239.63104237490478,342.2159534939626,185.78761422617427,244.27322547599297
536,Prov. Jawa Barat,Kab. Bogor,L,S1,4085,23228.0,5351.529241084018,3985.1626268856394,2999.3792905013293,3017.802391354114,3472.7606000717087,3845.7851089403666,3985.241874313406
537,Prov. Jawa Barat,Kab. Bogor,L,S2,1424,3968.0,914.1926996995603,1576.832861609687,1291.4287561695396,1319.5276656628512,1462.2783532163771,870.7411109212946,825.3237368262094
538,Prov. Jawa Barat,Kab. Bogor,L,S2 Terapan,23,36.0,8.294086993241978,17.645487185988397,14.292052072477755,12.597262781357648,39.85770790354532,10.374302376948043,7.6447522213790995
539,Prov. Jawa Barat,Kab. Bogor,L,S3,203,1057.0,243.5236097737992,211.0392045401937,181.67815660465516,256.845824847443,152.4972188688753,220.58340508984242,202.83815798966708
540,Prov. Jawa Barat,Kab. Bogor,P,D3,436,1609.0,370.69961033684285,543.5848623069126,419.8919199318314,428.38425964063777,439.49563968152006,364.6167899131768,377.1543972598397
541,Prov. Jawa Barat,Kab. Bogor,P,D4,1921,6546.0,1508.141484937833,1420.101250353573,1166.797243599086,1330.8695894787024,1429.8312842303308,1249.1654527640158,1266.2589241707656
542,Prov. Jawa Barat,Kab. Bogor,P,Profesi,181,357.0,82.24969601631628,715.8374848167226,496.73757887696,518.6490543559619,1283.4896554497168,681.0458254053611,760.2326318165415
543,Prov. Jawa Barat,Kab. Bogor,P,S1,5783,27183.0,6262.726853813797,5354.872720331524,4109.686380345663,4255.772581881553,4983.2524049182875,5643.218621280174,5793.393747357647
544,Prov. Jawa Barat,Kab. Bogor,P,S2,1253,3521.0,811.207786200139,1585.2114231993658,1307.8891956434254,1355.201881475841,1509.0930328368217,994.1957415332945,1105.9842554728252
545,Prov. Jawa Barat,Kab. Bogor,P,S2 Terapan,6,10.0,2.303913053678327,5.349481204519169,4.314207451476845,3.80185713516994,11.960810066667793,2.8726136656320667,2.5030272062413084
546,Prov. Jawa Barat,Kab. Bogor,P,S3,172,901.0,207.58256613641728,202.35198131151213,175.09484225875013,250.3480679821408,135.23998325905762,202.9620505314034,184.38587324820054
547,Prov. Jawa Barat,Kab. Ciamis,L,D3,34,95.0,21.887174009944108,24.241385186929218,24.527135980124402,25.540529439861203,26.520128267810104,30.58991948164094,30.078336058670867
548,Prov. Jawa Barat,Kab. Ciamis,L,Profesi,717,747.0,172.10230510977104,1106.8218657263124,1001.2146748513074,1060.7849739381172,5025.694561374777,728.5712154944704,755.6374210624531
549,Prov. Jawa Barat,Kab. Ciamis,L,S1,1021,5665.0,1305.1667449087724,842.5467857542119,814.3663714383928,820.5374941774965,795.5350739722193,785.7690666195778,743.3777935587373
550,Prov. Jawa Barat,Kab. Ciamis,L,S2,137,348.0,80.1761742680058,107.66812226235685,113.20276625056985,115.7852945126275,132.92530197550718,120.14595735740001,102.1930266207678
551,Prov. Jawa Barat,Kab. Ciamis,P,D3,182,352.0,81.09773948947712,105.65143174005945,108.95687561201898,116.7130102627051,122.37227553839311,102.26492139570647,104.40346730038645
552,Prov. Jawa Barat,Kab. Ciamis,P,Profesi,862,893.0,205.73943569347463,1457.5644678773672,1316.6419422158326,1399.6425000921217,2062.672955606469,932.9366229005813,1007.678811998546
553,Prov. Jawa Barat,Kab. Ciamis,P,S1,1325,5722.0,1318.2990493147388,1034.8042489117447,1032.7768156820887,1087.4869621489677,1027.0465999792575,1035.6403989015728,1057.9951253986417
554,Prov. Jawa Barat,Kab. Ciamis,P,S2,94,220.0,50.6860871809232,78.69073175334388,83.87603140241634,87.67200494036099,92.65711815444081,72.51697086990157,68.0779532582812
555,Prov. Jawa Barat,Kab. Cianjur,L,D3,1,5.0,1.1519565268391636,1.4924426219291758,1.4263537780106053,1.6156954832293373,1.216556404706539,1.9852505092210677,1.9215876978180357
556,Prov. Jawa Barat,Kab. Cianjur,L,D4,9,24.0,5.529391328827986,3.6010238878154652,3.28731314311795,3.6520158178933526,3.6029201530126076,5.439910163329452,3.379956129283612
557,Prov. Jawa Barat,Kab. Cianjur,L,S1,967,4788.0,1103.113570101183,702.0812818991095,607.5425021636761,623.8384117078841,648.1749636699717,708.477269725139,719.1917620551525
558,Prov. Jawa Barat,Kab. Cianjur,L,S2,99,229.0,52.75960892923369,77.00198424606486,74.73650943006109,80.85963120496152,74.61533531463314,54.647255830908996,61.000756800045195
559,Prov. Jawa Barat,Kab. Cianjur,L,S3,1,3.0,0.6911739161034982,0.36040304800365186,0.33052460093635017,0.4346148944543078,0.3982591411284226,2.0577486425004885,2.269136998055888
560,Prov. Jawa Barat,Kab. Cianjur,P,D3,85,218.0,50.22530457018753,58.243168437219644,52.09453239522331,54.71190818631686,61.35843467888187,55.16911106967297,61.477432947396466
561,Prov. Jawa Barat,Kab. Cianjur,P,D4,11,63.0,14.514652238173461,11.809529684307229,11.112486945500669,12.873970477381537,11.481122658274645,10.84563313431893,10.840660116204813
562,Prov. Jawa Barat,Kab. Cianjur,P,Profesi,6,9.0,2.0735217483104944,15.066658142203751,12.338309133057697,13.571812997482029,6.524475152879994,6.13103405387853,6.936309670090496
563,Prov. Jawa Barat,Kab. Cianjur,P,S1,1049,4589.0,1057.2657003329844,812.6241542146507,722.9618716574159,771.707812237762,838.5903782620339,928.4698779739224,933.1708956146167
564,Prov. Jawa Barat,Kab. Cianjur,P,S2,34,97.0,22.347956620679774,34.38612941338071,32.8733764966119,35.0943903567216,33.22145080881665,29.70688793793584,29.135709627139565
565,Prov. Jawa Barat,Kab. Cianjur,P,S3,2,5.0,1.1519565268391636,0.9578613919125539,0.9847082808368867,1.4954079309345283,0.5793459289485821,2.1401898626002565,2.301404687150767
566,Prov. Jawa Barat,Kab. Cirebon,L,D3,199,887.0,204.35708786126762,227.64810105486384,218.97058960337836,240.0341788267249,236.18678627908514,244.22345171898152,195.00486258043193
567,Prov. Jawa Barat,Kab. Cirebon,L,Profesi,1163,932.0,214.7246966028201,1193.0074944294636,978.3398900241023,1029.857454849803,698.542957473659,717.6293737848258,810.071228306645
568,Prov. Jawa Barat,Kab. Cirebon,L,S1,1406,11603.0,2673.230316182963,1552.6401129411656,1377.2841488729887,1399.5117381091034,1490.3185506483353,1735.4824178429892,1547.7234562091755
569,Prov. Jawa Barat,Kab. Cirebon,L,S2,65,334.0,76.95069599285613,115.75934463994356,119.66880739214339,134.23944330393195,102.13779230451723,106.1172862521137,98.91578009924712
570,Prov. Jawa Barat,Kab. Cirebon,P,D3,253,912.0,210.11687049546344,268.0259391223201,260.58278514103455,290.8578018226803,308.58242058220725,277.5157544099889,289.229217979699
571,Prov. Jawa Barat,Kab. Cirebon,P,Profesi,4458,2759.0,635.6496115098505,4163.91734392724,3483.041071676282,3775.0012175704437,3259.951116256264,2286.4388742537676,2915.3331061284716
572,Prov. Jawa Barat,Kab. Cirebon,P,S1,2551,13013.0,2998.082056751607,2160.1291471983777,1985.5321374393925,2117.483030242573,2356.8135991654585,2290.6727864277514,2092.3239464359403
573,Prov. Jawa Barat,Kab. Cirebon,P,S2,57,239.0,55.06352198291202,92.02107567177283,95.24595213761698,107.54427929340223,72.2918540635359,45.6679896129973,38.61439849448195
574,Prov. Jawa Barat,Kab. Garut,L,D3,89,316.0,72.80365249623515,83.08483299111954,82.07939346297452,88.02104296631668,71.09003844027488,73.73085700504033,72.64891683579383
575,Prov. Jawa Barat,Kab. Garut,L,Profesi,625,409.0,94.23004389544359,614.9378799943703,540.5373209875945,586.3619840597421,268.3141559167057,390.88093798697787,387.3874744366735
576,Prov. Jawa Barat,Kab. Garut,L,S1,1807,10624.0,2447.677228227855,1521.7545838887663,1407.1058194481852,1424.2382523336803,1516.4708732844533,1463.6258436175099,1398.3031067554534
577,Prov. Jawa Barat,Kab. Garut,L,S2,86,331.0,76.25952207675263,74.98089045028243,69.17917912365289,63.988547570665745,61.02028601636855,69.74255616173814,74.3231691740792
578,Prov. Jawa Barat,Kab. Garut,P,D3,338,941.0,216.7982183511306,288.6917727216953,289.965587323187,318.8992090769646,280.3909691267249,300.1530298545279,331.33145412514784
579,Prov. Jawa Barat,Kab. Garut,P,Profesi,1752,1181.0,272.09213163941047,1948.5305315865899,1708.3242479247008,1856.6267200595764,559.060446453247,1202.47136682743,1346.9258460281092
580,Prov. Jawa Barat,Kab. Garut,P,S1,2396,11954.0,2754.0976643670724,2083.2048642118566,1986.0123263631353,2096.9063907928294,2344.1164549924074,2159.534894778863,1995.5619149254724
581,Prov. Jawa Barat,Kab. Garut,P,S2,52,234.0,53.91156545607286,71.74299417572726,70.49162302473522,70.74982061230048,77.44610801398092,66.58534994182625,60.99761403485124
582,Prov. Jawa Barat,Kab. Indramayu,L,D3,428,1294.0,298.12634914597555,337.3789360093551,333.67923721495066,356.2890670833422,279.3919109211649,292.34184493025884,304.25458021425163
583,Prov. Jawa Barat,Kab. Indramayu,L,D4,73,661.0,152.28865284813745,115.81134967104502,119.84185554154725,140.21495782170456,113.05784992128423,113.7518113192268,99.15959082960872
584,Prov. Jawa Barat,Kab. Indramayu,L,Profesi,296,300.0,69.11739161034981,453.27188479833944,400.55151591156556,434.82858552013244,270.32567403331774,329.8492791863567,317.6342746491543
585,Prov. Jawa Barat,Kab. Indramayu,L,S1,536,5382.0,1239.9660054896758,725.7048207923256,660.1296551171639,651.2390391179855,613.8307601465513,728.3667887307971,711.1377351518133
586,Prov. Jawa Barat,Kab. Indramayu,L,S2,19,108.0,24.882260979725935,23.304672646232387,21.257544195585936,19.28070241210555,20.046336271873955,21.458585291609353,23.428365953264603
587,Prov. Jawa Barat,Kab. Indramayu,P,D3,264,690.0,158.97000070380457,213.27854513243537,215.53386635986823,237.44853327537928,228.80742752349147,186.4417907091333,217.10620764816576
588,Prov. Jawa Barat,Kab. Indramayu,P,D4,33,343.0,79.02421774116662,67.1651542701675,69.38191082064104,81.41444661596739,75.05672232373475,67.4000384515559,57.82918164259894
589,Prov. Jawa Barat,Kab. Indramayu,P,Profesi,1173,1187.0,273.4744794716174,1961.0251604140096,1726.4963870657948,1875.203093624398,1081.7909989813543,1314.21430387515,1376.6721148171819
590,Prov. Jawa Barat,Kab. Indramayu,P,S1,823,5809.0,1338.3430928817404,989.5500078806493,938.1891343576033,978.3226030816187,968.0770622341721,965.4750657243228,1036.5219909181217
591,Prov. Jawa Barat,Kab. Indramayu,P,S2,10,49.0,11.289173963023803,16.609083872403673,16.902978511211767,17.605105604622782,15.671371384642176,15.490475055590457,15.603276489653002
592,Prov. Jawa Barat,Kab. Karawang,L,D1,16,16.0,3.6862608858853236,12.119631737904585,5.460477033431093,5.9387818680298,3.721111183335958,3.350951823380614,7.985259553637052
593,Prov. Jawa Barat,Kab. Karawang,L,D2,52,92.0,21.19600009384061,43.75029774367132,36.11720136003956,34.54328044853988,21.39638930418176,27.875312960275792,33.99071888404973
594,Prov. Jawa Barat,Kab. Karawang,L,D3,121,641.0,147.6808267407808,161.15696527339236,157.08837465570645,168.21049686464093,148.76727273634717,186.56745060421443,176.55079329438675
595,Prov. Jawa Barat,Kab. Karawang,L,Profesi,1019,1038.0,239.14617497181038,1539.305870753596,1348.0592260023186,1477.4967429986752,678.1319683118428,917.238113447925,909.9553795751486
596,Prov. Jawa Barat,Kab. Karawang,L,S1,2239,14927.0,3439.0510152256393,2175.8026798338756,2034.5939381858864,2118.8938967873296,2250.1903540461085,2066.7016404212873,1978.6795772810033
597,Prov. Jawa Barat,Kab. Karawang,L,S2,63,166.0,38.24495669106023,48.991487098321926,49.125263758861806,51.036670534340374,48.90991912573316,39.93723684257906,34.83710574007365
598,Prov. Jawa Barat,Kab. Karawang,P,D2,2,6.0,1.3823478322069964,3.114045466270447,2.5596845611827557,2.447648817718663,1.5840808000583033,3.670750359131007,3.8127475863777995
599,Prov. Jawa Barat,Kab. Karawang,P,D3,206,1081.0,249.05300110262718,296.3953703750603,287.60271641612337,307.81605362340497,303.99775105455103,279.27860747095065,295.61810959756605
600,Prov. Jawa Barat,Kab. Karawang,P,Profesi,801,821.0,189.15126170699068,1335.3019242270723,1166.1568827527758,1280.2570734183976,395.4543302486298,808.663447637539,826.1747943290537
601,Prov. Jawa Barat,Kab. Karawang,P,S1,3161,17886.0,4120.778887809056,3072.6374911932226,2933.548197354736,3149.198597447848,3708.279479852374,2703.0232129681167,2927.681326811395
602,Prov. Jawa Barat,Kab. Karawang,P,S2,50,137.0,31.563608835393083,48.321820155010954,49.63374688655313,53.366016895870835,47.4593368239643,34.73281364850805,31.42563442668325
603,Prov. Jawa Barat,Kab. Kuningan,L,D3,32,82.0,18.892087040162284,22.572344224506242,22.03152408541036,23.80622181452192,20.62012668942716,27.013808930027796,26.05538974146195
604,Prov. Jawa Barat,Kab. Kuningan,L,Profesi,1241,691.0,159.20039200917242,1050.1530309698999,902.0561144580539,972.8872114567174,976.0028383919567,736.9605063964543,726.8697571876645
605,Prov. Jawa Barat,Kab. Kuningan,L,S1,986,6401.0,1474.7347456594973,894.6522775183994,804.1570260591203,804.1017445100081,949.9595422152494,897.1376528498934,878.3629718237001
606,Prov. Jawa Barat,Kab. Kuningan,L,S2,106,243.0,55.985087204383355,55.83012980561364,50.389530376783384,46.399820023857,46.6949822300451,51.155717857598226,55.10108930613625
607,Prov. Jawa Barat,Kab. Kuningan,P,D3,110,317.0,73.03404380160298,99.85449416706824,98.48954403527604,108.33559226273103,158.9209165687583,79.02740841257655,86.57813975997267
608,Prov. Jawa Barat,Kab. Kuningan,P,Profesi,4612,2538.0,584.7331330235595,3977.9817415167436,3342.644091346853,3527.619524670294,3830.267258464915,2297.324597846852,2564.904770130643
609,Prov. Jawa Barat,Kab. Kuningan,P,S1,1619,7534.0,1735.7680946412518,1317.1809963374055,1230.531253445468,1296.149370468445,1632.3856939207428,1427.0282930291517,1382.796186026837
610,Prov. Jawa Barat,Kab. Kuningan,P,S2,100,186.0,42.85278279841689,59.95938114420086,58.28401890946844,59.038518849976725,62.984915707319054,59.16623872193302,60.021746519222866
611,Prov. Jawa Barat,Kab. Majalengka,L,D3,15,48.0,11.058782657655971,13.472350025071815,11.30640518771224,12.07441866124079,11.986264048061628,16.83978154197893,16.588699319713083
612,Prov. Jawa Barat,Kab. Majalengka,L,Profesi,847,506.0,116.57800051612335,790.8320766333928,585.6537891695125,626.2972714151796,884.9714186061325,573.4272424315922,512.8859789451185
613,Prov. Jawa Barat,Kab. Majalengka,L,S1,639,4146.0,955.2023520550345,580.8125199428758,443.9516694905609,432.86824432426755,581.5388063758654,648.1247755222317,604.2545839902424
614,Prov. Jawa Barat,Kab. Majalengka,L,S2,76,187.0,43.08317410378472,68.41888142299379,61.033430399198565,65.80939910726944,64.34928396220077,56.25302248320241,61.58015330384265
615,Prov. Jawa Barat,Kab. Majalengka,P,D3,116,246.0,56.67626112048685,79.15101561208569,67.16361878854424,73.06428861107938,72.18993426857307,63.57705892628331,57.28925503698475
616,Prov. Jawa Barat,Kab. Majalengka,P,Profesi,2913,1697.0,390.97404520921214,2949.5237797793584,2187.688814221718,2355.8104310814806,2660.703796925618,1382.1219901254083,1417.1577352940174
617,Prov. Jawa Barat,Kab. Majalengka,P,S1,959,4766.0,1098.0449613830908,864.154581128709,693.361639076584,720.8010587121612,792.4384042988942,873.8951277352164,884.410209435211
618,Prov. Jawa Barat,Kab. Majalengka,P,S2,42,98.0,22.578347926047606,39.942707306210856,35.705715956033245,38.793134433383514,36.53818893224648,34.820775962007296,37.471584248872524
619,Prov. Jawa Barat,Kab. Pangandaran,L,D3,46,148.0,34.09791319443924,41.05507234145434,41.912110629245674,45.861612742090536,37.78645461049398,43.07071307199097,50.30709406166855
620,Prov. Jawa Barat,Kab. Pangandaran,L,S1,30,183.0,42.16160888231339,36.30775517569731,35.895265025942265,38.63947454472654,32.932318528793694,40.63692033171497,48.24898360323814
621,Prov. Jawa Barat,Kab. Pangandaran,P,D3,39,125.0,28.79891317097909,37.84351808958644,38.44413824168742,42.0274694455268,35.676803647370924,39.952498968948014,44.23122701634534
622,Prov. Jawa Barat,Kab. Pangandaran,P,S1,66,375.0,86.39673951293727,81.21287470202066,79.9486838887643,86.04847548353533,78.02774997141277,76.06943961311741,74.94281542434128
623,Prov. Jawa Barat,Kab. Purwakarta,L,D3,76,283.0,65.20073941909666,72.44373869603795,66.97563601434166,73.28342327086706,73.71389215079435,61.97022128900473,66.22503455311292
624,Prov. Jawa Barat,Kab. Purwakarta,L,D4,45,635.0,146.29847890857377,97.2668936911342,90.3626408143718,103.14319520450529,105.55183835875191,124.5989918815308,101.2797678262112
625,Prov. Jawa Barat,Kab. Purwakarta,L,S1,631,4762.0,1097.1233961616194,634.5011785216795,540.7501759217827,548.1871991766494,628.2513734292514,650.2619508304535,623.1654566548984
626,Prov. Jawa Barat,Kab. Purwakarta,L,S2,12,52.0,11.980347879127303,15.669626806673628,14.915746537867058,15.851344013318728,17.380584524831104,17.773058763088844,16.667995646361906
627,Prov. Jawa Barat,Kab. Purwakarta,P,D3,91,286.0,65.89191333520016,85.26446691265686,80.09893178155592,89.81676381850792,93.76876574809526,62.68188712068781,84.17109009878938
628,Prov. Jawa Barat,Kab. Purwakarta,P,D4,523,930.0,214.26391399208444,169.98259075384937,161.22821351556308,189.69357430638132,166.48868434919535,166.90029776078407,147.9052086335581
629,Prov. Jawa Barat,Kab. Purwakarta,P,Profesi,605,553.0,127.4063918684115,668.7358541659611,502.09955692497925,499.7818494529345,456.439570512143,477.908966851868,470.7674366843067
630,Prov. Jawa Barat,Kab. Purwakarta,P,S1,803,4416.0,1017.4080045043494,749.2179358704285,666.9977150831062,716.6643970259217,853.6570695457983,784.6455193105872,781.3004171553395
631,Prov. Jawa Barat,Kab. Purwakarta,P,S2,10,47.0,10.828391352288138,16.314850281086997,15.726257678575406,17.056057962457206,17.69196956710885,17.33317403584736,17.983288865084464
632,Prov. Jawa Barat,Kab. Subang,L,D3,112,841.0,193.7590878143473,200.57589178947953,176.61606137084584,187.85099577090332,211.5129739814175,181.53648327098773,173.80891876637455
633,Prov. Jawa Barat,Kab. Subang,L,D4,1,302.0,69.57817422108549,54.49715833834072,51.68924666758681,62.41129340931386,34.62467177592033,38.53499380338136,30.89560990548516
634,Prov. Jawa Barat,Kab. Subang,L,S1,597,5782.0,1332.1225276368089,787.2466772410893,658.9030721937487,673.9864389413603,881.6525718919514,756.6750458450531,741.8835762182104
635,Prov. Jawa Barat,Kab. Subang,L,S2,25,136.0,31.33321753002525,35.44917330282528,31.40135280484895,31.535163930896932,37.44362797470188,28.18311644903727,37.04914459825833
636,Prov. Jawa Barat,Kab. Subang,P,D3,148,917.0,211.26882702230262,239.7173078347236,210.45663503309305,224.1656889246199,271.07498455660425,255.6088685800146,259.4909590514149
637,Prov. Jawa Barat,Kab. Subang,P,S1,719,5587.0,1287.1962230900815,933.8706758462439,806.4909516466935,861.3428666626837,933.7978465699001,888.3373681608073,964.4895223093714
638,Prov. Jawa Barat,Kab. Subang,P,S2,17,63.0,14.514652238173461,23.104533179811433,22.06162396913924,24.39795954717317,24.616780787014537,19.734036873481045,19.899928561750418
639,Prov. Jawa Barat,Kab. Sukabumi,L,D3,57,129.0,29.72047839245042,36.9827173251132,34.218819920915315,38.506279221137035,33.800014594140194,39.08464666733163,44.59963240228551
640,Prov. Jawa Barat,Kab. Sukabumi,L,S1,1039,8736.0,2012.6984436933867,1244.0215713714638,1045.4309568462531,1070.428916202402,1227.0252998994763,1355.9682316722528,1256.783940305825
641,Prov. Jawa Barat,Kab. Sukabumi,L,S2,151,387.0,89.16143517735127,104.98784828650354,93.4707709216148,94.07834737794428,102.7863561760007,89.18290568713641,109.26275946636956
642,Prov. Jawa Barat,Kab. Sukabumi,P,D3,48,112.0,25.803826201197264,35.61935797529035,32.983186434984326,37.33916487896211,30.784678256521556,33.801788405823885,34.87625940058973
643,Prov. Jawa Barat,Kab. Sukabumi,P,S1,1223,9145.0,2106.92848758883,1608.9744777981216,1399.4533183773915,1501.7552559310056,1757.864246939409,1645.843329878518,1716.7313049457746
644,Prov. Jawa Barat,Kab. Sukabumi,P,S2,56,174.0,40.0880871340029,61.12378568890999,57.127815065053625,61.31064260500074,62.06664888080147,54.37024061965048,58.14745196171854
645,Prov. Jawa Barat,Kab. Sumedang,L,D3,14,61.0,14.053869627437797,18.28411720236229,14.191738560146835,13.10929317532519,17.538049570404578,20.074354456604905,22.132083794139145
646,Prov. Jawa Barat,Kab. Sumedang,L,D4,980,3686.0,849.2223515858315,829.5456907069657,694.6702563709521,729.8920149459117,615.3859733397458,398.3217793649243,350.7307988951527
647,Prov. Jawa Barat,Kab. Sumedang,L,Profesi,392,626.0,144.2249571602633,1033.9481737617762,705.8519979789633,650.3154672072011,823.4822335573222,761.2636419084963,733.5635122929186
648,Prov. Jawa Barat,Kab. Sumedang,L,S1,2804,16237.0,3740.8636252575,3299.812831415426,2615.572986800861,2535.656316960905,2639.774710806907,2793.333502734559,2467.8242180150014
649,Prov. Jawa Barat,Kab. Sumedang,L,S2,524,1675.0,385.9054364911198,675.7085227457532,563.0736305291949,531.5720056653432,656.5222353730215,456.8509877661074,507.63471221900414
650,Prov. Jawa Barat,Kab. Sumedang,L,S2 Terapan,44,336.0,77.4114786035918,136.4977317798602,105.5808842882171,79.60055819911746,144.44051287010555,94.89874418125028,98.80863236450959
651,Prov. Jawa Barat,Kab. Sumedang,L,S3,218,1330.0,306.42043613921754,251.99283938118995,216.12181513029074,275.1564872894438,278.69099369321987,243.1199259953108,224.8503831759627
652,Prov. Jawa Barat,Kab. Sumedang,L,Sp-1,171,845.0,194.68065303581866,203.23670547969817,192.34178491073098,258.0555170271298,218.30510073834705,169.0240833341096,152.5722273013653
653,Prov. Jawa Barat,Kab. Sumedang,L,Sp-2,52,123.0,28.338130560243425,45.85100364422039,43.37858976078908,42.0178539314291,47.49134647243766,38.08034254618637,34.17294852050516
654,Prov. Jawa Barat,Kab. Sumedang,P,D3,21,72.0,16.588173986483955,28.626083287402253,23.513685937701634,23.388108832876465,27.40428542964029,24.23110112635471,25.598457913661505
655,Prov. Jawa Barat,Kab. Sumedang,P,D4,805,3416.0,787.0166991365166,833.4901178156994,698.1583078935253,737.5114348221161,594.362646550801,387.7167030614244,385.84061812998215
656,Prov. Jawa Barat,Kab. Sumedang,P,Profesi,837,1651.0,380.37604516229186,2987.5361742135024,2033.1787071162123,1875.5600656047625,2143.670762222433,2636.375916146023,2682.5324833526893
657,Prov. Jawa Barat,Kab. Sumedang,P,S1,4563,23457.0,5404.288850013252,5486.36364440591,4427.541424949647,4409.356869807383,4202.026551142974,3982.838857046352,4112.910822295583
658,Prov. Jawa Barat,Kab. Sumedang,P,S2,802,2230.0,513.772610970267,1039.2985217812334,877.8010090074266,846.6516629027678,1018.3193428111229,468.75635840400884,487.0540554110079
659,Prov. Jawa Barat,Kab. Sumedang,P,S2 Terapan,40,150.0,34.55869580517491,70.92438114419848,55.733184272629494,43.05107013458354,65.55032336778864,44.739070403240056,59.03393069807739
660,Prov. Jawa Barat,Kab. Sumedang,P,S3,159,905.0,208.5041313578886,200.89110343386645,175.39711591069857,229.36634812895275,203.8197376667451,205.24542227898317,181.20701791555786
661,Prov. Jawa Barat,Kab. Sumedang,P,Sp-1,171,909.0,209.42569657935994,240.56404591431618,227.26737833513903,305.79934988310015,238.12336892199673,205.82566658251395,187.91287388844472
662,Prov. Jawa Barat,Kab. Sumedang,P,Sp-2,26,65.0,14.975434848909128,26.25342900701095,24.674947084252288,23.83027941001643,33.24919841598258,23.729929235610495,25.662829994525236
663,Prov. Jawa Barat,Kab. Tasikmalaya,L,D3,7,27.0,6.220565244931484,5.848963833909391,4.85024378370922,5.018259895544798,5.596609579151607,5.938024764451353,6.689602310987845
664,Prov. Jawa Barat,Kab. Tasikmalaya,L,S1,702,3620.0,834.0165254315544,581.3880290260508,496.23115933332855,544.0040012518674,481.990338675191,497.7133948852418,421.47516974138193
665,Prov. Jawa Barat,Kab. Tasikmalaya,L,S2,18,88.0,20.27443487236928,17.264188915004876,13.580374052497126,12.35134775003132,16.419633168842687,18.585505097476712,19.747270822509215
666,Prov. Jawa Barat,Kab. Tasikmalaya,P,D3,23,75.0,17.279347902587453,18.683011232101304,15.680147147414681,16.545619172774853,20.738527199384727,17.54482528299275,17.197223442447903
667,Prov. Jawa Barat,Kab. Tasikmalaya,P,Profesi,6,6.0,1.3823478322069964,9.790424059815509,7.628173890474016,8.573904809111118,3.385682440391848,4.289164975755416,3.6366249141840634
668,Prov. Jawa Barat,Kab. Tasikmalaya,P,S1,946,3858.0,888.8496561090986,733.2695368913979,639.1428803892624,722.4430594023281,743.721181717064,599.423269956806,612.0225576449303
669,Prov. Jawa Barat,Kab. Tasikmalaya,P,S2,7,33.0,7.60291307713848,7.734954766552831,6.2320690757770985,5.865374873269648,8.296486641229892,4.917568003404497,5.591483180452345
670,Prov. Jawa Barat,Kota Bandung,L,D1,16,18.0,4.147043496620989,14.733934818046913,6.999340238313885,7.250206791541298,16.0021179591683,9.254844604821086,9.382867690999714
671,Prov. Jawa Barat,Kota Bandung,L,D2,31,188.0,43.31356540915255,46.73838180646743,32.423604510055156,22.407426250468408,20.7739470302754,32.04493290232326,55.17879819150046
672,Prov. Jawa Barat,Kota Bandung,L,D3,2473,10876.0,2505.7358371805485,2699.679075696427,2703.4341660255786,2671.236193860065,2630.4072042981907,2565.9530554490702,2776.9791274282024
673,Prov. Jawa Barat,Kota Bandung,L,D4,1473,9103.0,2097.2520527633815,1591.5744740714977,1681.96531647047,1840.2434247345032,1520.4846998836626,1798.5462232335296,1508.2144795734546
674,Prov. Jawa Barat,Kota Bandung,L,Profesi,11310,10923.0,2516.5642285328368,17148.279867075034,15733.040910786709,16295.279543892124,11297.643912493697,12273.258080706699,11992.280505454979
675,Prov. Jawa Barat,Kota Bandung,L,S1,21649,134663.0,31025.184354748457,19663.567302750107,19229.976669105694,18885.896773309618,20592.793326472547,19912.77249347771,18031.25259825921
676,Prov. Jawa Barat,Kota Bandung,L,S2,4772,13422.0,3092.312100647051,4352.09037128123,4626.406595264861,4608.141848620511,4295.527879337572,3706.810543857768,3909.0884495233004
677,Prov. Jawa Barat,Kota Bandung,L,S2 Terapan,37,106.0,24.421478368990268,38.877115525818304,39.76916403934447,33.0532609327691,40.468643708537094,36.95087266263302,37.51300536724841
678,Prov. Jawa Barat,Kota Bandung,L,S3,728,3969.0,914.4230910049281,598.0384428186738,652.0458429284005,872.201341362213,604.2419097219775,746.0341114580465,539.7661325922276
679,Prov. Jawa Barat,Kota Bandung,P,D1,21,22.0,5.06860871809232,19.653931274705428,9.296430274467212,9.627702776491251,21.526963972255533,11.48708724855717,10.162999061540472
680,Prov. Jawa Barat,Kota Bandung,P,D2,65,296.0,68.19582638887849,87.04276877617995,61.65500432820855,43.92415554674499,42.736419183028154,37.98620123294443,52.803234373777805
681,Prov. Jawa Barat,Kota Bandung,P,D3,4418,14630.0,3370.6247975313927,4313.441485432054,4410.935090911688,4493.636807299349,4165.859540439147,3790.7117703916665,4020.2375230099333
682,Prov. Jawa Barat,Kota Bandung,P,D4,2391,10711.0,2467.7212717948564,2133.4620461425284,2271.9312761336582,2521.6522135511864,2298.834687084041,2287.00208702305,1940.8190265466158
683,Prov. Jawa Barat,Kota Bandung,P,Profesi,25882,25149.0,5794.110938695625,43146.79494615971,39431.81559209648,40853.13450279212,26451.73663365215,22994.4730710995,27088.12645245287
684,Prov. Jawa Barat,Kota Bandung,P,S1,28899,139555.0,32152.258620607896,25537.08450349724,25861.83768299718,26636.310987256882,28586.43996740811,25946.00133406159,26729.608938980466
685,Prov. Jawa Barat,Kota Bandung,P,S2,4297,11653.0,2684.7498814513547,4374.85522174841,4717.572088902916,4805.619748095351,4156.447548580987,3690.5795050747497,3970.488557152175
686,Prov. Jawa Barat,Kota Bandung,P,S2 Terapan,42,115.0,26.495000117300762,48.9799857376957,50.865295616302404,43.276672931269644,49.17034928681463,38.10166363417087,44.12731907110238
687,Prov. Jawa Barat,Kota Bandung,P,S3,516,2347.0,540.7283936983034,413.2692306573964,458.3778535496681,629.2327134729171,395.80676552066456,531.8069580674957,436.3270501537905
688,Prov. Jawa Barat,Kota Banjar,L,S1,85,564.0,129.94069622745766,100.6400590945036,85.89828728327286,94.55316745044205,92.87220391082138,98.39931825055099,78.16519346518518
689,Prov. Jawa Barat,Kota Banjar,P,S1,117,769.0,177.17091382786336,152.34968896811506,130.2107893928725,144.29466324276328,143.85653551080767,186.4292948003761,192.6011239620686
690,Prov. Jawa Barat,Kota Bekasi,L,D3,158,922.0,212.4207835491418,160.01967973849656,144.23488837542453,135.56005664913025,116.3943365200988,118.20454045930845,129.10397580225433
691,Prov. Jawa Barat,Kota Bekasi,L,D4,99,441.0,101.60256566721424,63.0396963420136,62.83087770700633,69.21089611352977,74.68896035091534,90.98972426325628,107.13301323959855
692,Prov. Jawa Barat,Kota Bekasi,L,Profesi,97,126.0,29.029304476346923,130.01791969480504,105.52151364134957,101.7816049620161,96.0205290448128,81.60345300068899,72.36807387607097
693,Prov. Jawa Barat,Kota Bekasi,L,S1,1921,13816.0,3183.086274961977,1666.3347420305738,1515.2240167619857,1472.509889546582,1687.6512038775904,1957.7157207908765,1604.9874183621662
694,Prov. Jawa Barat,Kota Bekasi,L,S2,160,588.0,135.47008755628565,168.34906504836192,173.55809736972378,180.06267609008503,197.28655543043027,180.4059523773852,173.28977397791388
695,Prov. Jawa Barat,Kota Bekasi,L,S3,6,104.0,23.960695758254605,16.534586916682535,18.486744592550906,27.566917414508357,16.440362885658214,15.625865144835014,12.312252217233457
696,Prov. Jawa Barat,Kota Bekasi,P,D3,569,1549.0,356.8761320147729,347.65544855665524,328.9038838237955,329.5418406941796,381.66540944779894,335.4720251321804,363.1122084409492
697,Prov. Jawa Barat,Kota Bekasi,P,D4,624,1929.0,444.4248280545493,321.8133217351699,326.12914971108916,368.4498150296819,393.90593287722953,453.8237786523188,439.3802203107043
698,Prov. Jawa Barat,Kota Bekasi,P,Profesi,751,1150.0,264.95000117300765,1320.9391801365755,1074.0576214705288,1043.5886018041267,936.7271254679318,1314.3201035224413,1401.296831079307
699,Prov. Jawa Barat,Kota Bekasi,P,S1,2851,14269.0,3287.4535362936053,2218.1369158833136,2116.483316941521,2192.0049258329263,2352.8393184621036,2294.304910107856,2244.3398423718504
700,Prov. Jawa Barat,Kota Bekasi,P,S2,187,604.0,139.15634844217098,171.11516037097104,170.353513251666,170.2371924463733,213.15506816155158,176.49805061309215,180.85890721284386
701,Prov. Jawa Barat,Kota Bekasi,P,S3,4,27.0,6.220565244931484,4.948310287056898,5.603698002788856,8.530018977225891,2.795180980743484,5.051688506879278,4.443095079298426
702,Prov. Jawa Barat,Kota Bogor,L,D3,309,1226.0,282.4597403809629,322.6784858703522,308.5525122106476,315.38355181586337,298.903257752556,286.0750772514592,294.0714474723116
703,Prov. Jawa Barat,Kota Bogor,L,D4,119,769.0,177.17091382786336,132.11443315658377,129.59992144747523,141.7142213720847,115.34575722690924,136.91653982599834,123.55104805188667
704,Prov. Jawa Barat,Kota Bogor,L,Profesi,1189,1275.0,293.7489143439867,1966.1666285165009,1681.2159632556477,1748.845357523727,1345.294226694707,1751.501176442168,1795.267941041195
705,Prov. Jawa Barat,Kota Bogor,L,S1,2210,15347.0,3535.815363480129,2283.125163744789,2062.5875196753864,2012.6068734561047,2076.3874025893483,2297.2694312189906,2153.976538205566
706,Prov. Jawa Barat,Kota Bogor,L,S2,187,697.0,160.5827398413794,215.03253400967134,210.87198473963514,208.33990486506906,210.2624711984222,174.2309434034934,180.4061237569891
707,Prov. Jawa Barat,Kota Bogor,L,S3,62,368.0,84.78400037536244,48.907355485346336,48.0467315333462,61.94759078975373,59.14626352481537,60.85951507535748,52.43994640468438
708,Prov. Jawa Barat,Kota Bogor,P,D3,605,1779.0,409.8661322493744,545.8812206233317,532.1014624946932,559.5581478744272,548.2431612482995,400.3195609679002,407.91274724052585
709,Prov. Jawa Barat,Kota Bogor,P,D4,190,871.0,200.6708269753823,171.31265722647208,169.848464825271,189.09593338639718,178.52008124268832,173.29176767030535,142.29419752994434
710,Prov. Jawa Barat,Kota Bogor,P,Profesi,4568,4816.0,1109.5645266514823,8273.26350839587,7089.073410193874,7430.457743140978,4657.258330760992,5161.526836943772,5277.760660209717
711,Prov. Jawa Barat,Kota Bogor,P,S1,2953,14530.0,3347.5856669946097,2692.8529611399294,2528.224774436473,2598.401131050694,2971.823893097385,2845.974737135834,2701.5066395910267
712,Prov. Jawa Barat,Kota Bogor,P,S2,176,513.0,118.19073965369819,178.69386032596796,176.34326200143238,176.4542515821154,173.05124338685997,176.36969790815013,186.49977237577625
713,Prov. Jawa Barat,Kota Bogor,P,S3,44,224.0,51.60765240239453,35.22514049253386,35.33770055343182,46.97443118780498,37.023440104235824,32.167972929679294,29.480747034958615
714,Prov. Jawa Barat,Kota Cimahi,L,D3,157,557.0,128.32795708988283,142.31374440478757,140.94617780213218,138.14322191671798,136.32089776376714,136.1779135704837,128.9855087666683
715,Prov. Jawa Barat,Kota Cimahi,L,D4,124,699.0,161.04352245211507,97.13739215553474,93.46913786144383,91.72644388698892,92.06458217432869,115.01346628062402,95.5085542411618
716,Prov. Jawa Barat,Kota Cimahi,L,Profesi,1004,1150.0,264.95000117300765,1662.9636049183584,1460.734635262527,1442.5516594874298,1225.1614475723509,1235.3070605359346,1560.5949428305423
717,Prov. Jawa Barat,Kota Cimahi,L,S1,2814,14938.0,3441.5853195846853,2180.6457122281518,2052.845366750903,1935.019375366839,2077.2744531819626,2353.739394819684,2116.2417152130956
718,Prov. Jawa Barat,Kota Cimahi,L,S2,445,1065.0,245.36674021674185,306.9902526718375,308.91125331072186,289.3489081577973,335.55592581090843,312.5754700254931,358.52717279066314
719,Prov. Jawa Barat,Kota Cimahi,P,D3,477,1381.0,318.170392712977,448.07862547717747,463.28349302986817,480.9046307364473,440.6122424745835,313.8759695082862,247.968830446263
720,Prov. Jawa Barat,Kota Cimahi,P,D4,117,597.0,137.54360930459615,115.73086373078996,119.71963600376071,128.95691437324385,85.9708948711883,123.58871901122399,88.3577538551113
721,Prov. Jawa Barat,Kota Cimahi,P,Profesi,4322,4616.0,1063.486265577916,7607.165652639997,6743.912733588502,6769.125817296174,5636.226282783807,4639.148094668321,4894.7841897480985
722,Prov. Jawa Barat,Kota Cimahi,P,S1,3351,17242.0,3972.4068871521717,3082.675185486653,3009.496739419585,2980.178492644204,3549.389778830368,3004.1337661158386,3024.964024983835
723,Prov. Jawa Barat,Kota Cimahi,P,S2,261,729.0,167.95526161315007,274.4361650980884,290.83021121042685,291.6032371797663,240.4885771690363,209.47018938720663,223.15801271041295
724,Prov. Jawa Barat,Kota Cirebon,L,D3,373,1272.0,293.05774042788323,331.98869501220804,286.86482801580047,279.4029530903309,277.36607752294384,278.9556501947562,286.49043557740157
725,Prov. Jawa Barat,Kota Cirebon,L,D4,35,149.0,34.328304499807075,29.277812841973933,27.207588963971133,30.026092583279926,23.844664671811707,20.654010216256545,20.882928775419824
726,Prov. Jawa Barat,Kota Cirebon,L,Profesi,1834,1136.0,261.724522897858,1726.85216401318,1335.3062559303255,1324.8073257547544,990.0274445786093,1772.9278846602317,1920.9662602135622
727,Prov. Jawa Barat,Kota Cirebon,L,S1,2542,16882.0,3889.4660172197523,2967.2515268362977,2562.105842489917,2550.6162852244465,2434.6008892381656,2765.971317468271,2460.538967147925
728,Prov. Jawa Barat,Kota Cirebon,L,S2,213,651.0,149.9847397944591,236.76792355405817,222.0450995122453,223.97184386966384,188.36389448736276,187.49042194101435,174.36084339917556
729,Prov. Jawa Barat,Kota Cirebon,L,S3,18,123.0,28.338130560243425,21.134426313665987,20.436696921463795,27.862343444102002,17.373553506541324,18.816028164995636,16.794229432310573
730,Prov. Jawa Barat,Kota Cirebon,P,D3,172,570.0,131.32304405966465,174.96130560384586,154.08651815177654,154.37396802961834,143.43340248432202,149.9475861710736,156.96619449399853
731,Prov. Jawa Barat,Kota Cirebon,P,D4,153,348.0,80.1761742680058,70.51947407841593,64.13712761911542,69.2991370018771,48.763446751919716,53.26429710421645,55.44275444631389
732,Prov. Jawa Barat,Kota Cirebon,P,Profesi,5817,3541.0,815.8156123074957,6040.595256752979,4691.522669822933,4703.268057233047,3217.6473514267677,5205.81569300701,5580.827369754798
733,Prov. Jawa Barat,Kota Cirebon,P,S1,3994,19275.0,4440.792410964976,3953.060900884862,3470.0454056966655,3542.3234832870153,3234.314615462264,3929.006616212065,3810.6952699456297
734,Prov. Jawa Barat,Kota Cirebon,P,S2,114,398.0,91.69573953639743,162.75120378474355,153.3938125216904,156.454083787732,123.68788427939606,104.88083524686247,140.59886086151496
735,Prov. Jawa Barat,Kota Cirebon,P,S3,4,39.0,8.985260909345476,6.988048638318541,6.633234952288467,8.88636634993315,5.823013931047336,5.6840577721298695,5.516540209990912
736,Prov. Jawa Barat,Kota Depok,L,D1,10,12.0,2.764695664413993,9.16514303414828,4.143045359781072,4.484040906404606,3.7618335336788693,4.480769060362006,6.946039499459059
737,Prov. Jawa Barat,Kota Depok,L,D3,594,2063.0,475.29726297383894,582.9655703112556,589.9489641177674,655.3397820629789,643.129447518062,457.3985515657728,436.89209476672295
738,Prov. Jawa Barat,Kota Depok,L,D4,830,3633.0,837.0116124013363,639.1582239996699,655.3795915286422,767.1735894392316,737.6553575214097,699.1202604145791,571.5654612153315
739,Prov. Jawa Barat,Kota Depok,L,S1,1391,10984.0,2530.6180981602747,1536.6443770795693,1421.0139488674326,1447.0333198568458,1659.284960458819,1844.3784139756626,1850.9851989707888
740,Prov. Jawa Barat,Kota Depok,L,S2,167,811.0,186.84734865331234,249.83728495496,254.08502721295173,266.1695044314982,247.76032581719338,202.42215586589415,250.86164916772788
741,Prov. Jawa Barat,Kota Depok,L,S2 Terapan,16,36.0,8.294086993241978,14.471576842315796,14.813479575594833,13.676443321191087,14.588279626711657,8.562167091326431,6.711192469098218
742,Prov. Jawa Barat,Kota Depok,P,D1,3,3.0,0.6911739161034982,2.500689490350488,1.1255599521397346,1.217956225035885,1.0094125981110942,2.363212142666749,2.634246046133213
743,Prov. Jawa Barat,Kota Depok,P,D3,513,1566.0,360.79278420602606,478.8461129883953,481.3421070151149,533.0290342805253,470.169728408564,404.33409955989913,425.6861162852539
744,Prov. Jawa Barat,Kota Depok,P,D4,908,3246.0,747.850177223985,631.3248973058768,647.1572281268824,761.1082141492548,754.0499250725688,750.5634019376992,955.1457422331022
745,Prov. Jawa Barat,Kota Depok,P,Profesi,176,173.0,39.85769582863506,257.77298400181184,219.20195258127941,230.90446558420194,167.04697069729625,193.3797030544924,179.39225669651464
746,Prov. Jawa Barat,Kota Depok,P,S1,1686,8912.0,2053.2473134381253,1378.7733191072537,1272.7014522253828,1299.672435828531,1415.7209117633877,1829.3270840245038,1862.4209423259197
747,Prov. Jawa Barat,Kota Depok,P,S2,114,455.0,104.82804394236389,145.7497538842669,145.37493821451264,149.4812679951945,147.36024810608754,121.03311725320462,151.2892288243598
748,Prov. Jawa Barat,Kota Depok,P,S2 Terapan,8,10.0,2.303913053678327,3.9155104029514165,3.8514093742717637,3.404532687981766,4.008259589946437,3.8204127891581394,3.534924928586344
749,Prov. Jawa Barat,Kota Sukabumi,L,D3,306,1441.0,331.99387103504694,303.9359253872957,280.22039325070466,278.27533759713015,265.3876881719521,272.90205926661673,316.63737380189747
750,Prov. Jawa Barat,Kota Sukabumi,L,D4,5,31.0,7.142130466402815,4.039872869773159,3.7658498477915456,3.930503528295161,3.751338439127403,5.474789413294457,4.08134190030896
751,Prov. Jawa Barat,Kota Sukabumi,L,Profesi,107,146.0,33.63713058370358,188.2041534221547,157.63585979274265,162.40679624442305,92.05722651573431,83.33812738243304,56.00095312601036
752,Prov. Jawa Barat,Kota Sukabumi,L,S1,1083,7056.0,1625.6410506754278,964.1288635907462,880.33779417379,883.8589302087219,975.2287037203448,1062.4153664029122,960.7441262393424
753,Prov. Jawa Barat,Kota Sukabumi,L,S2,16,137.0,31.563608835393083,32.28606861185045,30.152338856452868,28.510692767202862,28.667164028304846,25.14494681851208,26.196462111916148
754,Prov. Jawa Barat,Kota Sukabumi,P,D3,549,1515.0,349.0428276322666,411.5193363129418,397.8298018196333,420.6537233017721,401.53112836090116,346.4442174230791,378.05661422127173
755,Prov. Jawa Barat,Kota Sukabumi,P,D4,23,61.0,14.053869627437797,11.414420113050852,11.542661509916613,13.369599590005285,10.700214020697441,12.117761728897323,11.033739176394633
756,Prov. Jawa Barat,Kota Sukabumi,P,Profesi,319,336.0,77.4114786035918,530.4324306421381,458.5841448918426,493.52805466709674,300.07310412223,310.39287396921645,276.36163630357214
757,Prov. Jawa Barat,Kota Sukabumi,P,S1,1753,8831.0,2034.5856177033309,1428.343942190073,1333.300532851959,1382.0232521176895,1323.277215467171,1483.8681341221495,1461.494422977643
758,Prov. Jawa Barat,Kota Sukabumi,P,S2,14,78.0,17.97052181869095,23.417875280890584,22.854600261412063,22.915255574194767,23.22472520740934,16.03393034691092,17.171348818237483
759,Prov. Jawa Barat,Kota Tasikmalaya,L,D3,312,1139.0,262.41569681396146,297.913479183481,304.0534801174492,318.4518271956906,282.74031388337215,270.6992968631233,253.57847538226048
760,Prov. Jawa Barat,Kota Tasikmalaya,L,D4,58,202.0,46.539043684302214,35.843146312755586,38.082939043792585,43.438701386132,45.06025243352697,27.21124645976808,23.645500681309873
761,Prov. Jawa Barat,Kota Tasikmalaya,L,Profesi,1982,2139.0,492.8070021817942,3025.463451556139,2699.935616564044,2800.3231358593303,3916.7544462948363,1972.184497134659,2141.6866521645243
762,Prov. Jawa Barat,Kota Tasikmalaya,L,S1,2128,15309.0,3527.060493876151,2357.895417756186,2306.762542113844,2347.4499894702744,2163.438301617135,2381.5920154580326,2218.053528091032
763,Prov. Jawa Barat,Kota Tasikmalaya,L,S2,115,438.0,100.91139175111073,128.42134699371869,132.9012155373746,132.70114065466464,150.19695365538158,119.73221718722952,136.6867477967994
764,Prov. Jawa Barat,Kota Tasikmalaya,P,D3,1205,3458.0,796.6931339619656,1094.8167402552738,1149.1635913609698,1251.6790760034933,1074.1756580065448,854.7601761635658,956.5406322818362
765,Prov. Jawa Barat,Kota Tasikmalaya,P,D4,340,951.0,219.10213140480892,189.52255404942736,202.30309911773298,233.23600517064784,240.16301149640637,180.51281900325745,142.4181185131898
766,Prov. Jawa Barat,Kota Tasikmalaya,P,Profesi,2797,2967.0,683.5710030263597,4746.1162904365365,4264.410664304889,4482.361204084295,6044.500275504891,3695.6455487749963,4606.63462479055
767,Prov. Jawa Barat,Kota Tasikmalaya,P,S1,3442,19413.0,4472.586411105737,3627.2472363099864,3652.262601724625,3868.7397652222567,4312.4446763798605,3520.9529668322434,3728.9441615946307
768,Prov. Jawa Barat,Kota Tasikmalaya,P,S2,110,317.0,73.03404380160298,110.72653780915425,117.26312675040226,121.02978424359246,121.39701042917217,90.43115682754976,98.92952384114763
769,Prov. Jawa Tengah,Kab. Banjarnegara,L,D3,21,99.0,22.269656346767395,28.523510821186488,27.048976758981578,28.248282298016406,30.325969252261903,28.240573415344794,31.031231850257434
770,Prov. Jawa Tengah,Kab. Banjarnegara,L,S1,76,812.0,182.6561712482336,116.59354520858477,106.16507804111271,105.98137904783158,131.72585055463793,109.91105467811921,114.62989257628209
771,Prov. Jawa Tengah,Kab. Banjarnegara,P,D3,73,263.0,59.16080423434167,82.57573605290823,76.6662107077869,79.62036353526237,79.32419372074772,48.9867950459822,69.13782460688789
772,Prov. Jawa Tengah,Kab. Banjarnegara,P,S1,136,1048.0,235.74343284254778,181.2624360779893,168.17977859311313,173.91609286799786,201.57097250777676,188.9408731472686,179.0743055645835
773,Prov. Jawa Tengah,Kab. Banyumas,L,D3,303,1474.0,331.570438940759,410.7905247934319,376.85190907396037,379.73714897718867,369.12336508294476,339.71913762313994,351.83055420281534
774,Prov. Jawa Tengah,Kab. Banyumas,L,D4,111,621.0,139.69148072063183,128.70821030645791,121.89519520990451,131.0281130971044,113.11569084091848,112.06633205428008,97.73246507473078
775,Prov. Jawa Tengah,Kab. Banyumas,L,Profesi,1754,1572.0,353.61514926382165,2414.677603478233,2130.9236267326323,2097.579287510471,1830.850790182004,1608.320320479646,1634.3853462334357
776,Prov. Jawa Tengah,Kab. Banyumas,L,S1,3980,28152.0,6332.68045933531,4756.115894450938,4395.544859575778,4322.499586819786,4597.414228864516,4966.962893220086,4445.337589433048
777,Prov. Jawa Tengah,Kab. Banyumas,L,S2,413,1281.0,288.1558563657478,437.7542071339855,425.3249579474193,410.9289818938192,409.65486314564623,345.595226613487,398.97264920654084
778,Prov. Jawa Tengah,Kab. Banyumas,L,S3,47,311.0,69.95821337216829,52.275680912795124,54.1328587986949,68.65451831539734,49.63390632040878,55.56913165789277,59.9959051547222
779,Prov. Jawa Tengah,Kab. Banyumas,L,Sp-1,4,33.0,7.423218782255798,6.921671507711918,8.189985096577754,11.454111985961966,11.696224734430773,8.238161831430151,6.679472199492783
780,Prov. Jawa Tengah,Kab. Banyumas,P,D3,595,2395.0,538.7457267728072,805.991688448111,746.1029104230527,763.3147399849325,704.3772031093065,540.5826660932684,621.8488267245582
781,Prov. Jawa Tengah,Kab. Banyumas,P,D4,264,1434.0,322.57259799257014,328.3832736234519,305.98349292260633,328.5443886713517,268.0668266775732,302.63540158175556,267.61118344638044
782,Prov. Jawa Tengah,Kab. Banyumas,P,Profesi,6852,5899.0,1326.9565938341502,10179.36272764009,8890.722034509656,8789.076044962914,7037.981820295862,5639.3436657642405,5561.965467477692
783,Prov. Jawa Tengah,Kab. Banyumas,P,S1,7577,41477.0,9330.08622520072,8539.090960765563,8043.741805922443,8163.196664429903,8543.928079577834,8659.003737274928,7686.222000318974
784,Prov. Jawa Tengah,Kab. Banyumas,P,S2,486,1351.0,303.9020780250783,551.6424387010198,542.2462461820564,536.7501220455312,469.26175185847103,358.52240072196656,422.527389764915
785,Prov. Jawa Tengah,Kab. Banyumas,P,S3,14,148.0,33.292011508298735,28.251415092399288,29.06595111239699,37.151090215438344,26.21216712259702,22.46689107897701,21.455261574407444
786,Prov. Jawa Tengah,Kab. Banyumas,P,Sp-1,2,10.0,2.2494602370472117,2.300361506086556,2.670905871265106,3.7223131340106272,3.1878011667453277,4.638853068156673,3.5874594483643167
787,Prov. Jawa Tengah,Kab. Blora,L,D3,11,45.0,10.122571066712453,12.424751882439418,11.638022714807658,11.980540088268514,10.698247759538084,10.993563997415425,12.345791668500205
788,Prov. Jawa Tengah,Kab. Blora,L,D4,187,822.0,184.9056314852808,151.48536241226773,144.02905318343733,159.34015093788355,162.8446635644486,146.51424513017548,128.92830034008028
789,Prov. Jawa Tengah,Kab. Blora,L,S1,343,2673.0,601.2807213627196,371.87438603341616,332.85369661449465,323.1159918361423,343.9396853128242,320.560462726092,348.9738346913697
790,Prov. Jawa Tengah,Kab. Blora,P,D3,1,3.0,0.6748380711141635,1.0374090362224493,0.9996951748408086,1.0705603515437812,0.7586870252499487,1.4892639634616651,1.6931446237720567
791,Prov. Jawa Tengah,Kab. Blora,P,D4,99,344.0,77.38143215442408,69.6447854989959,65.23666235572507,72.43854483221658,83.77733693998562,53.55308455841496,45.51898809523624
792,Prov. Jawa Tengah,Kab. Blora,P,S1,379,2656.0,597.4566389597394,432.4719168841458,388.74226960431236,384.0482038880149,388.3439377276323,371.33114327700645,377.35032756379763
793,Prov. Jawa Tengah,Kab. Boyolali,L,Profesi,8,10.0,2.2494602370472117,15.136257492084457,13.260785823363875,13.375813826113788,19.095540934699,5.390824980954586,6.741563337945051
794,Prov. Jawa Tengah,Kab. Boyolali,L,S1,169,1295.0,291.3051006976139,187.90410932039268,163.75843880118083,157.06823034653772,188.3131011021435,171.14727017070135,155.19340533012883
795,Prov. Jawa Tengah,Kab. Boyolali,P,Profesi,342,405.0,91.10313960041208,601.0167053505014,496.4624185005793,481.2239843404606,552.7580758354005,425.04414067716573,362.2150246561588
796,Prov. Jawa Tengah,Kab. Boyolali,P,S1,605,1999.0,449.6671013857376,392.95420160010667,362.35534064569305,370.94499076114215,361.7326919095021,325.0685677652847,329.87601826793167
797,Prov. Jawa Tengah,Kab. Brebes,L,D3,25,88.0,19.795250086015464,23.56420944768002,22.990737314763294,23.992446394892504,26.224300020143247,18.673201183396724,21.798510980714607
798,Prov. Jawa Tengah,Kab. Brebes,L,S1,351,2272.0,511.0773658571265,331.0460886155634,317.30989000152425,320.3276307769742,335.14339260061826,309.15427811150954,288.36232202009836
799,Prov. Jawa Tengah,Kab. Brebes,P,D3,163,446.0,100.32592657230563,144.1440758083661,142.79135683441638,153.16819372909765,149.80833766953347,140.59825378548297,128.41440667852797
800,Prov. Jawa Tengah,Kab. Brebes,P,Profesi,32,34.0,7.648164805960519,53.78444986942287,49.89809372878769,51.86800452540358,27.44502683223026,20.75841708088243,24.872858630309647
801,Prov. Jawa Tengah,Kab. Brebes,P,S1,548,2950.0,663.5907699289274,520.3474815327726,506.80782627967153,526.1355924422786,524.6351694914376,537.1225002772036,531.59448949069
802,Prov. Jawa Tengah,Kab. Cilacap,L,D3,374,1542.0,346.86676855268,410.85693554525017,397.69161917629674,413.1449516956623,394.82587889028855,394.8679682757464,398.4842345879173
803,Prov. Jawa Tengah,Kab. Cilacap,L,D4,46,573.0,128.89407158280522,112.38204095569651,113.70362356778263,129.61286823539277,123.09829474133136,95.84329395007065,92.3530959356922
804,Prov. Jawa Tengah,Kab. Cilacap,L,Profesi,84,94.0,21.14492622824379,134.18261691498176,125.61174627716495,130.19653695401385,112.31407358464202,71.82813291258014,87.21065123242155
805,Prov. Jawa Tengah,Kab. Cilacap,L,S1,475,2945.0,662.4660398104038,466.7142287943757,458.41403485726636,474.77423608274773,428.7080710988401,477.14662309404355,439.43198916224947
806,Prov. Jawa Tengah,Kab. Cilacap,P,D3,286,756.0,170.0591939207692,246.41731717446459,243.32876060902316,260.9422729341328,253.5540607858083,226.1522841807162,195.668787728563
807,Prov. Jawa Tengah,Kab. Cilacap,P,D4,80,776.0,174.55811439486362,166.53607446000746,165.42016560936295,188.24707717053366,183.0351586550925,104.44381474122156,120.63929467751451
808,Prov. Jawa Tengah,Kab. Cilacap,P,Profesi,174,178.0,40.04039221944037,276.60639630854104,253.41819616281444,261.11904597877833,207.48254708585904,144.13761953368666,101.03458998043361
809,Prov. Jawa Tengah,Kab. Cilacap,P,S1,841,3835.0,862.6680009076057,697.3087924035696,683.2182186382028,716.0106206432398,702.799126652335,736.2847628225063,734.0669427883423
810,Prov. Jawa Tengah,Kab. Demak,L,S1,77,845.0,190.07939003048938,157.14131242915613,147.74306968861544,153.9639646330444,132.53610914788115,130.5323949834531,112.36529367493434
811,Prov. Jawa Tengah,Kab. Demak,P,S1,74,542.0,121.92074484795887,105.40162335008462,95.60636484815622,97.76342808577262,85.18918497088669,82.56025729454903,78.72347512450031
812,Prov. Jawa Tengah,Kab. Grobogan,L,D3,17,33.0,7.423218782255798,9.081790599619108,8.24621399621301,8.363350126172541,9.767842418593421,7.145146481476539,6.2728566297255535
813,Prov. Jawa Tengah,Kab. Grobogan,L,Profesi,27,31.0,6.973326734846356,31.115603988929518,23.82748721919127,21.29026768472651,31.36655087433086,11.51573832976684,11.411243599128007
814,Prov. Jawa Tengah,Kab. Grobogan,L,S1,61,550.0,123.72031303759664,91.65864837321409,84.90962708843931,86.18711107734937,108.13006216765451,100.92701023524133,100.68691805740494
815,Prov. Jawa Tengah,Kab. Grobogan,P,D3,45,104.0,23.394386465291,34.65201007758925,31.981292047978023,33.373560008179595,31.625424195541672,28.067312853584408,30.71930027452701
816,Prov. Jawa Tengah,Kab. Grobogan,P,Profesi,192,167.0,37.56598595868844,264.54206772826956,226.30014362744862,226.6988982242944,132.05346061578555,79.92716087551916,87.35257908540497
817,Prov. Jawa Tengah,Kab. Grobogan,P,S1,260,1232.0,277.1335012042165,234.7273826699206,216.55307505425364,222.00805200981563,264.4176033325978,227.0427127950876,215.72358363118033
818,Prov. Jawa Tengah,Kab. Jepara,L,D4,23,222.0,49.9380172624481,45.050801594725165,42.47923635872829,47.24699537855644,30.826247065522306,44.37398346818285,29.92265674989474
819,Prov. Jawa Tengah,Kab. Jepara,L,S1,524,4182.0,940.7242711331439,551.9101194781257,469.2046796359773,444.9134022280475,508.6578566250897,637.7383798563534,518.801438655534
820,Prov. Jawa Tengah,Kab. Jepara,L,S2,42,135.0,30.367713200137356,40.48443312545937,37.66444713520942,36.3408499674171,31.580106568241906,44.05001651592742,46.21607972274394
821,Prov. Jawa Tengah,Kab. Jepara,P,D3,23,53.0,11.922139256350222,15.544970977248258,13.620057738630509,13.63784176509977,11.531253024432111,12.578174719815456,14.888882435174835
822,Prov. Jawa Tengah,Kab. Jepara,P,D4,31,227.0,51.06274738097171,50.26203568265857,46.42038757556864,51.363984075295356,41.50511937103503,43.84029911089813,41.78927623279991
823,Prov. Jawa Tengah,Kab. Jepara,P,S1,821,4329.0,973.7913366177379,745.836525708901,662.6956546428291,663.8308278597909,755.5935458456131,815.0764518513821,825.4067125597279
824,Prov. Jawa Tengah,Kab. Jepara,P,S2,45,103.0,23.16944044158628,38.99224391748069,37.42576585735244,37.661039692314986,30.075547440056955,31.257865644197455,33.98229496645885
825,Prov. Jawa Tengah,Kab. Karanganyar,L,D3,80,300.0,67.48380711141635,66.58068848832542,58.07547996408155,56.663632456325224,71.37792287086411,37.99694686527315,47.86186296381257
826,Prov. Jawa Tengah,Kab. Karanganyar,L,D4,19,173.0,38.91566210091676,33.635101670441124,32.608698513284175,36.89386297912157,22.986183477409345,31.412022517525614,29.19750369906305
827,Prov. Jawa Tengah,Kab. Karanganyar,L,Profesi,13,15.0,3.3741903555708177,21.23911204082407,19.06780804687742,19.644230464871097,11.640814894974607,7.920999268615617,8.042774820064958
828,Prov. Jawa Tengah,Kab. Karanganyar,L,S1,79,783.0,176.13273656079667,128.68235974844936,123.02301799213159,128.21922063055726,123.39160048351366,167.5163064731214,176.57534478131106
829,Prov. Jawa Tengah,Kab. Karanganyar,L,S2,24,48.0,10.797409137826616,15.655594579602102,15.667412488806944,16.02210550184127,15.280766929129141,14.27269092769647,15.9699698089451
830,Prov. Jawa Tengah,Kab. Karanganyar,L,S3,12,26.0,5.84859661632275,3.531968352931318,3.550449196587909,4.516201460486868,4.482036683893138,4.320663694657858,3.773404547850814
831,Prov. Jawa Tengah,Kab. Karanganyar,P,D3,181,497.0,111.79817378124642,133.35248339703176,118.17056340709179,118.57715715550455,117.41041061127368,127.38030202857561,135.09908629500538
832,Prov. Jawa Tengah,Kab. Karanganyar,P,D4,85,332.0,74.68207986996742,70.03175366091484,66.36758460812337,74.56487832288572,70.76829970169368,50.19806203981062,50.140665261704676
833,Prov. Jawa Tengah,Kab. Karanganyar,P,Profesi,56,54.0,12.147085280054943,82.02170976236768,71.69039545489395,73.0734325099482,55.544189826342496,35.480806212624024,48.2821183553443
834,Prov. Jawa Tengah,Kab. Karanganyar,P,S1,177,1078.0,242.4918135536894,209.19379064966384,201.4794359576373,214.31865633211262,205.90761537258524,228.1194492781169,189.98973173384795
835,Prov. Jawa Tengah,Kab. Karanganyar,P,S2,9,29.0,6.523434687436914,9.963349380686383,9.644574054324636,9.700806362316925,8.785193035178606,6.422550912519097,6.733704049130825
836,Prov. Jawa Tengah,Kab. Karanganyar,P,S3,1,10.0,2.2494602370472117,1.3715741945193534,1.3136535073972675,1.6211148174309302,1.6881756580517135,3.1579447177828186,1.876047989821054
837,Prov. Jawa Tengah,Kab. Kebumen,L,D3,65,430.0,96.7267901930301,87.1749744689661,75.33471586542947,71.1946908405254,91.5516858959423,90.62898982946018,98.72216362744275
838,Prov. Jawa Tengah,Kab. Kebumen,L,D4,1,23.0,5.173758545208587,2.0976471021991983,1.58864360420783,1.4022961429050975,3.9896954064657306,4.463677853991462,5.281998687998262
839,Prov. Jawa Tengah,Kab. Kebumen,L,Profesi,74,88.0,19.795250086015464,102.5295135528301,87.84125383953179,84.6955798192959,77.02405623101896,61.67403796447527,61.75235724221337
840,Prov. Jawa Tengah,Kab. Kebumen,L,S1,648,3488.0,784.6117306820674,502.8143007076621,470.2712214741106,470.2215926240438,469.8374179751793,511.1881004801408,485.6457908576382
841,Prov. Jawa Tengah,Kab. Kebumen,L,S2,45,199.0,44.764258717239514,54.676460079262334,52.65573120608692,50.78065703103707,57.60632783396507,54.775971392305955,61.5417075703278
842,Prov. Jawa Tengah,Kab. Kebumen,P,D3,131,507.0,114.04763401829364,138.0051646766202,125.7617465945962,126.43239991897181,123.61824837443525,133.7486841295524,125.61713568266448
843,Prov. Jawa Tengah,Kab. Kebumen,P,Profesi,208,219.0,49.26317919133393,308.4090670994383,268.4135909219102,266.1424635915827,207.76142263066663,194.23832523275365,182.0718348454927
844,Prov. Jawa Tengah,Kab. Kebumen,P,S1,853,4332.0,974.4661746888521,776.1162428203797,744.574881928003,772.2218485477152,788.5173821101101,776.129548736776,812.623676061604
845,Prov. Jawa Tengah,Kab. Kebumen,P,S2,50,151.0,33.966849579412894,50.918418011524935,50.08535751919354,49.91822629548507,48.29717537417211,47.05439341584363,41.86834370961839
846,Prov. Jawa Tengah,Kab. Kendal,L,D3,73,287.0,64.55950880325497,83.65740185579578,79.91065017078337,83.71474402273337,71.78552470235908,78.37943886022003,67.9104171986839
847,Prov. Jawa Tengah,Kab. Kendal,L,Profesi,14,15.0,3.3741903555708177,20.273088086814976,17.78969384154729,17.746041535626347,12.938945527992496,4.539771446667084,4.655951171405695
848,Prov. Jawa Tengah,Kab. Kendal,L,S1,342,3084.0,693.73353710536,415.9362609033965,368.3005625614738,353.92835710485446,349.1344357058342,400.7560394592718,400.81974508485604
849,Prov. Jawa Tengah,Kab. Kendal,P,D3,73,274.0,61.6352104950936,88.02981434327623,82.65877872333313,86.42930362955045,77.69406046633308,88.35571472197245,91.70044832646117
850,Prov. Jawa Tengah,Kab. Kendal,P,Profesi,55,60.0,13.49676142228327,90.72503047808125,78.67675024171243,78.71472715085802,50.27741500525201,33.39426474555405,32.57978239462868
851,Prov. Jawa Tengah,Kab. Kendal,P,S1,389,2995.0,673.7133409956399,501.35600062084643,455.25306401054144,453.7784889154669,428.7832583133937,430.1386274693137,419.50820744377944
852,Prov. Jawa Tengah,Kab. Klaten,L,D3,58,147.0,33.06706548459401,40.504763291107196,37.69831656545079,38.47911639092395,30.26374050748106,34.568158260717524,28.742935729882277
853,Prov. Jawa Tengah,Kab. Klaten,L,Profesi,747,781.0,175.68284451338724,1131.6993605040423,1011.9831235793916,1024.5210794146456,1135.4270442623426,950.2405248040938,936.6079344277108
854,Prov. Jawa Tengah,Kab. Klaten,L,S1,270,1831.0,411.8761694033445,255.23426399656836,227.3213149021737,219.0859657484049,176.34759522663614,188.28691142487455,193.53065453051306
855,Prov. Jawa Tengah,Kab. Klaten,L,S2,12,30.0,6.748380711141635,8.15815405654521,7.559611444119621,7.109131341776495,6.3329728743843114,6.892539660906805,6.859997813618945
856,Prov. Jawa Tengah,Kab. Klaten,P,D3,192,454.0,102.12549476194341,150.30755761075582,141.8094717487928,148.56624446772838,114.17626449118632,98.18120713328909,103.03357171346182
857,Prov. Jawa Tengah,Kab. Klaten,P,Profesi,2449,2571.0,578.3362269448381,4113.552522216652,3618.2230182303965,3658.219007960235,4170.148021551893,3080.2054928478715,3375.6306283964273
858,Prov. Jawa Tengah,Kab. Klaten,P,S1,471,2388.0,537.1711046068741,426.3591843472208,393.79583745748266,397.6903623933354,295.72106014716775,299.7359041893083,336.5336116529882
859,Prov. Jawa Tengah,Kab. Klaten,P,S2,20,57.0,12.821923351169106,18.52542847936535,17.368422706983797,16.735552358289734,14.991387970551042,13.037629710691165,16.47222790618713
860,Prov. Jawa Tengah,Kab. Kudus,L,D3,36,110.0,24.74406260751933,32.254740821254316,27.425218874124372,25.908888374032507,25.907270775452684,33.62572790559366,29.704388380011086
861,Prov. Jawa Tengah,Kab. Kudus,L,D4,5,35.0,7.873110829665241,6.619249763485524,5.609136158302882,5.564686079856491,6.054835234548329,7.123860781793909,7.641695512806306
862,Prov. Jawa Tengah,Kab. Kudus,L,Profesi,583,679.0,152.73835009550567,1000.5854130016114,804.298815880603,742.640463952277,631.7153097351694,808.7711264418373,852.1068543124965
863,Prov. Jawa Tengah,Kab. Kudus,L,S1,1092,9989.0,2246.9858307864597,1805.5275715854912,1576.7959032080557,1500.562317951411,1455.9827782984255,1432.3434207517628,1362.0060866948304
864,Prov. Jawa Tengah,Kab. Kudus,L,S2,83,366.0,82.33024467592794,153.1875741700359,147.89519194022634,145.0653936746073,112.90493363001181,106.81689226012357,119.94167670883387
865,Prov. Jawa Tengah,Kab. Kudus,P,D2,9,20.0,4.498920474094423,7.875557270372847,5.647989297349252,4.432306020431285,5.554307013585049,7.660184668705887,8.638123721917667
866,Prov. Jawa Tengah,Kab. Kudus,P,D3,169,496.0,111.5732277575417,180.43694985670328,157.30552162031043,154.11959367444908,152.78854953127893,134.45711846479247,137.4740061572775
867,Prov. Jawa Tengah,Kab. Kudus,P,D4,16,98.0,22.044710323062674,22.354517720058983,19.22884375674975,19.604146377277782,20.271592625825598,17.78269812909562,14.241537414875163
868,Prov. Jawa Tengah,Kab. Kudus,P,Profesi,2217,2413.0,542.7947551994922,4067.8096107646825,3257.163206472662,3038.1503135901935,2371.3337107910043,2629.3934043513696,3109.0409840380134
869,Prov. Jawa Tengah,Kab. Kudus,P,S1,2143,17067.0,3839.1537865684763,3786.8708133135187,3378.317605226374,3323.185644630631,3225.4426002374034,3295.181152385857,3264.3000668068535
870,Prov. Jawa Tengah,Kab. Kudus,P,S2,122,405.0,91.10313960041208,190.74333165077022,182.36552032427352,179.73810003386308,150.74368257615947,120.78751659273173,132.73867674565705
871,Prov. Jawa Tengah,Kab. Magelang,L,D3,74,240.0,53.98704568913308,73.17383495929302,66.09144751118538,64.3836277744696,111.01803008774321,63.95467695166438,58.685650296832485
872,Prov. Jawa Tengah,Kab. Magelang,L,D4,115,549.0,123.49536701389192,126.01726504301712,119.86057170852396,128.9155677973887,274.0812332974931,103.68627383929157,91.01710371051048
873,Prov. Jawa Tengah,Kab. Magelang,L,Profesi,26,30.0,6.748380711141635,48.29767415472874,41.973205661676744,40.60875823686008,77.5664526834933,26.163712266503662,33.489807499125135
874,Prov. Jawa Tengah,Kab. Magelang,L,S1,343,2244.0,504.7788771933943,390.69380783400305,352.60055661837407,337.3545147988068,377.333639515391,306.1829509465357,293.8457750909473
875,Prov. Jawa Tengah,Kab. Magelang,L,S2,10,39.0,8.772894924484126,13.34016372852975,12.55657593237116,11.747435648314116,22.896025753158657,8.939433544592719,8.820156291487349
876,Prov. Jawa Tengah,Kab. Magelang,P,D3,136,369.0,83.00508274704211,137.8693586435058,127.12030777650112,127.91724148928147,258.49029016556335,112.21626640224179,114.11019970992976
877,Prov. Jawa Tengah,Kab. Magelang,P,D4,152,712.0,160.16156887776148,179.0293950076651,167.02385101759788,178.94418512222788,371.62916176615016,123.63889383886891,117.05367427919535
878,Prov. Jawa Tengah,Kab. Magelang,P,Profesi,97,101.0,22.719548394176837,181.23692102383797,155.44753787861757,150.65416506007264,283.727476076239,386.1818052404156,269.28370293317954
879,Prov. Jawa Tengah,Kab. Magelang,P,S1,567,2898.0,651.8935766962819,623.1586191563646,575.8741539226261,570.8778559402817,703.1566893487336,544.4745359270715,610.6493929296367
880,Prov. Jawa Tengah,Kab. Magelang,P,S2,8,27.0,6.073542640027472,12.381700513032216,12.284220392192431,12.221945723873336,22.28809865333968,8.995624813123191,6.948609568382182
881,Prov. Jawa Tengah,Kab. Pati,L,D3,8,44.0,9.897625043007732,12.548023952812818,12.18939238768808,12.870512905009038,13.370477593438993,10.504710146706246,12.268655122703022
882,Prov. Jawa Tengah,Kab. Pati,L,Profesi,21,23.0,5.173758545208587,28.24849115307548,24.554461975937556,24.104462382112708,19.389101761557892,16.187191795369905,19.239996060776754
883,Prov. Jawa Tengah,Kab. Pati,L,S1,252,2044.0,459.7896724524501,284.3148228302321,260.8797248889311,257.03218222883964,297.955420623223,270.10508798597846,258.86907271196503
884,Prov. Jawa Tengah,Kab. Pati,L,S2,13,30.0,6.748380711141635,10.79463705349212,11.394760353279862,12.00272916859545,11.219706949561738,4.87239271443271,4.6257309434684535
885,Prov. Jawa Tengah,Kab. Pati,P,D3,61,224.0,50.38790930985754,67.23101780145565,63.15256941350815,65.56683658513872,64.5526511671831,48.956556575241954,48.74434553948683
886,Prov. Jawa Tengah,Kab. Pati,P,Profesi,329,376.0,84.57970491297516,490.6977088467927,413.85238823098115,400.718103946167,296.10580258480536,308.8753108077831,273.75873814954906
887,Prov. Jawa Tengah,Kab. Pati,P,S1,732,2471.0,555.841624574366,407.0245740704724,376.6507107497992,379.1274315418713,369.26305115605163,384.65629663259665,383.84100995210514
888,Prov. Jawa Tengah,Kab. Pati,P,S2,6,18.0,4.0490284266849805,6.917153913762464,7.097539345574843,7.386259426908039,6.822094600939779,5.1384270007320705,5.145415780745389
889,Prov. Jawa Tengah,Kab. Pekalongan,L,D3,47,131.0,29.467929105318472,38.35538617490147,35.91353270081561,37.09467063189299,28.97466931136421,38.76125555107608,36.77835520454835
890,Prov. Jawa Tengah,Kab. Pekalongan,L,S1,142,882.0,198.40239290756406,145.9379579384822,136.02281500528608,137.50140300701372,104.6509620358022,149.8281794078958,123.02341166187911
891,Prov. Jawa Tengah,Kab. Pekalongan,P,D3,127,446.0,100.32592657230563,151.2800279348419,141.73539808106722,148.49524009502994,95.41811555937278,105.89890930352814,112.2564720836697
892,Prov. Jawa Tengah,Kab. Pekalongan,P,S1,113,724.0,162.86092116221812,128.97360221400527,117.18505057970641,117.33866171069462,96.26502993917885,132.2430082752935,116.53673984262126
893,Prov. Jawa Tengah,Kab. Pemalang,L,S1,157,847.0,190.5292820778988,127.83142135745098,112.25371661133849,109.31930592850982,135.19771914026313,113.16330868779652,107.61389531514092
894,Prov. Jawa Tengah,Kab. Pemalang,P,S1,308,1241.0,279.15801541755894,221.36591264956033,195.9407746988309,194.89145135732994,211.05717401153942,214.78059721676678,197.03664335569889
895,Prov. Jawa Tengah,Kab. Purbalingga,L,S1,29,480.0,107.97409137826617,66.68248244754662,58.08665936856926,55.57252097647782,64.58060029731881,74.24810345202894,60.04354827468436
896,Prov. Jawa Tengah,Kab. Purbalingga,P,S1,33,416.0,93.577545861164,66.79236672598584,58.16982973355013,56.40848177671574,75.19816137180364,66.63400204411627,61.281684287680335
897,Prov. Jawa Tengah,Kab. Purworejo,L,D3,57,146.0,32.84211946088929,42.38102046923536,41.90624964077713,44.49733012634551,43.700464349489465,40.67417853607073,36.16760912694973
898,Prov. Jawa Tengah,Kab. Purworejo,L,D4,2,28.0,6.298488663732193,4.957618438631289,4.7843706326731805,5.228652343743048,4.6607230380587374,5.782665446326966,5.616029927193742
899,Prov. Jawa Tengah,Kab. Purworejo,L,Profesi,471,478.0,107.52419933085672,700.5462988360325,655.261370316867,679.667739324544,670.6186183923222,553.0818642397704,599.3425899815477
900,Prov. Jawa Tengah,Kab. Purworejo,L,S1,587,3344.0,752.2195032685876,515.1568856766744,495.32144553218063,503.3400288994866,446.9507387833659,487.26042313190555,486.62593856142666
901,Prov. Jawa Tengah,Kab. Purworejo,L,S2,2,15.0,3.3741903555708177,5.7350148141185135,6.250687818515808,6.70041060843161,5.048242729068373,4.4971542418006,4.257512217596687
902,Prov. Jawa Tengah,Kab. Purworejo,P,D3,157,485.0,109.09882149678977,159.5694211579346,156.6325891839393,167.46822387454412,138.35207275311262,139.96798366357083,135.07033766197455
903,Prov. Jawa Tengah,Kab. Purworejo,P,Profesi,902,912.0,205.1507736187057,1465.8948923166904,1345.4603956892133,1390.6857926882565,1310.9890089328828,1115.9851212339306,1140.6266576320813
904,Prov. Jawa Tengah,Kab. Purworejo,P,S1,713,3805.0,855.919620196464,715.3058434167577,701.0423590652711,734.867435652445,681.3413313440842,796.6788218815647,777.741511446561
905,Prov. Jawa Tengah,Kab. Purworejo,P,S2,8,28.0,6.298488663732193,11.25041532412152,11.85090221089545,12.485324833860746,10.872219341371984,8.439755405022847,6.284677044089867
906,Prov. Jawa Tengah,Kab. Rembang,L,S1,203,1446.0,325.2719502770268,213.399893011362,195.41781008661573,193.31453220083415,214.3598048125213,192.03957994851018,171.84409757564393
907,Prov. Jawa Tengah,Kab. Rembang,P,S1,280,1485.0,334.04484520151095,271.2928796230132,254.522228274316,260.9300417563338,279.9325016879687,216.4549519882771,203.4415339821264
908,Prov. Jawa Tengah,Kab. Semarang,L,D3,12,35.0,7.873110829665241,10.184528110635043,10.170572168358257,10.870776052367681,11.554710229639392,6.408612146826977,5.9573304147277435
909,Prov. Jawa Tengah,Kab. Semarang,L,D4,4,98.0,22.044710323062674,13.141849264419239,11.664991785456804,11.86493289391334,13.40098960549828,17.96929687811035,16.884656892781056
910,Prov. Jawa Tengah,Kab. Semarang,L,Profesi,50,92.0,20.695034180834348,115.27033448801576,102.99571772332867,102.34322486480642,108.00093040884155,73.52884298814686,81.85051886765443
911,Prov. Jawa Tengah,Kab. Semarang,L,S1,336,3084.0,693.73353710536,481.22643381951195,470.2165965263189,485.0061340751721,486.8032240497275,525.7447358495028,488.72037409991816
912,Prov. Jawa Tengah,Kab. Semarang,L,S2,59,227.0,51.06274738097171,71.94452563867844,74.08747746095723,75.32505325154182,90.2298774694995,80.87813974151872,84.2042825335726
913,Prov. Jawa Tengah,Kab. Semarang,P,D3,78,269.0,60.510480376569994,82.25286819703274,79.3835280983245,83.38866045502415,99.94496126479945,93.7691056876586,93.89074119301256
914,Prov. Jawa Tengah,Kab. Semarang,P,D4,16,292.0,65.68423892177859,50.25917786761816,46.15116590928779,48.91598320260074,56.41152388807325,49.6977671642487,42.03815397872816
915,Prov. Jawa Tengah,Kab. Semarang,P,Profesi,486,605.0,136.0923443413563,929.1860706836533,847.6275373741826,870.09779332454,988.9838784769438,860.6475425501347,865.8832135170516
916,Prov. Jawa Tengah,Kab. Semarang,P,S1,1000,5018.0,1128.7791469502909,931.158667824926,919.7164652325092,972.0478228758155,1022.5647341591023,849.8483785596213,864.1126928432749
917,Prov. Jawa Tengah,Kab. Semarang,P,S2,20,85.0,19.120412014901298,30.114298875687965,30.638000829342644,31.232973462816517,36.27727614620472,20.966163677931632,20.04231604854885
918,Prov. Jawa Tengah,Kab. Sragen,L,D3,7,18.0,4.0490284266849805,5.810723138373041,5.490448104498629,5.801331592526349,9.436217667521074,7.127280196996041,7.314402181512793
919,Prov. Jawa Tengah,Kab. Sragen,P,D3,35,111.0,24.96900863122405,38.46186359214894,35.38899072092943,37.00295938513113,31.65478938033325,36.25277424035566,40.4141135753435
920,Prov. Jawa Tengah,Kab. Sukoharjo,L,D3,347,1247.0,280.5076915597873,366.3881310657022,340.38235459056887,341.90806215773756,343.43789658096125,305.8483383916606,324.1379882769336
921,Prov. Jawa Tengah,Kab. Sukoharjo,L,D4,46,164.0,36.89114788757427,31.40425691978178,29.263684850584518,31.137352838312047,25.975152237728324,27.93416579485207,29.120724079331232
922,Prov. Jawa Tengah,Kab. Sukoharjo,L,Profesi,4264,3973.0,893.7105521788571,6221.19742928484,5575.804611681073,5572.097360719562,4421.026978248072,5473.23267397872,4768.753579372885
923,Prov. Jawa Tengah,Kab. Sukoharjo,L,S1,4162,25849.0,5814.629766743337,4410.918437398407,4121.081449684481,4091.349458652482,3825.7235432039624,4176.546096933491,3532.302819030195
924,Prov. Jawa Tengah,Kab. Sukoharjo,L,S2,322,1156.0,260.0376034026577,340.4051955744586,316.3828585242984,293.88843151208516,342.7842558494084,342.3708036650185,384.63862000203306
925,Prov. Jawa Tengah,Kab. Sukoharjo,L,S3,25,250.0,56.23650592618029,38.78040136708612,39.36457124896448,49.07718955907208,43.26545603512899,53.46171776352794,51.32724553370241
926,Prov. Jawa Tengah,Kab. Sukoharjo,P,D3,475,1426.0,320.7730298029324,505.7900402341531,477.03780594964405,492.39539565573835,407.5579033979986,392.9805792550387,415.3131410543107
927,Prov. Jawa Tengah,Kab. Sukoharjo,P,D4,157,418.0,94.02743790857345,91.07533994726269,84.73118057801308,91.66797766107923,84.66972352371415,70.0256763803375,60.497661917061514
928,Prov. Jawa Tengah,Kab. Sukoharjo,P,Profesi,13236,12541.0,2821.048083280908,21561.72716115087,18970.7485044594,18898.72652767459,14792.768162966806,8992.389707882678,11189.735611150672
929,Prov. Jawa Tengah,Kab. Sukoharjo,P,S1,8386,37724.0,8485.863798236902,7657.6898801282105,7226.945123394677,7340.755475507687,7139.080053898463,7275.1372094088065,6264.98193701554
930,Prov. Jawa Tengah,Kab. Sukoharjo,P,S2,381,1088.0,244.7412737907366,382.7207464530877,359.8398297879928,342.43175309492494,357.9363819421453,355.7432427322405,385.9803975912733
931,Prov. Jawa Tengah,Kab. Sukoharjo,P,S3,22,118.0,26.543630797157096,22.902854787645094,23.908920508641085,30.99881205236293,22.952489175765027,19.62206145488472,19.468085656691045
932,Prov. Jawa Tengah,Kab. Tegal,L,D3,202,796.0,179.05703486895806,192.016239683511,179.28638430347266,181.13197591260493,181.88007880536162,149.3930919698937,133.01027427603438
933,Prov. Jawa Tengah,Kab. Tegal,L,D4,6,70.0,15.746221659330482,11.72888770790526,11.206343007782305,12.178202346061054,12.300074436718974,15.055078569248895,14.267414612397422
934,Prov. Jawa Tengah,Kab. Tegal,L,Profesi,19,22.0,4.948812521503866,23.859687205336932,20.24199881195437,19.27973941149008,18.73073876086405,13.61258988210351,14.863778756312467
935,Prov. Jawa Tengah,Kab. Tegal,L,S1,197,1335.0,300.3029416458028,223.37347208075576,223.32965219159342,235.96684610147383,237.80237774988848,220.30224354499603,201.63646517871524
936,Prov. Jawa Tengah,Kab. Tegal,P,D3,321,952.0,214.14861456689454,293.6647653773898,284.1881318540492,300.6951345991831,283.2176506351093,266.2011908432996,265.8903761905751
937,Prov. Jawa Tengah,Kab. Tegal,P,D4,6,55.0,12.372031303759664,11.041597423453094,10.683435991161685,11.90542917688204,13.781752725227054,14.279239429011998,13.483486323499791
938,Prov. Jawa Tengah,Kab. Tegal,P,Profesi,86,92.0,20.695034180834348,136.30072465879505,122.70050753973243,125.04136409639925,98.18310285640084,75.93149964480568,69.205093642075
939,Prov. Jawa Tengah,Kab. Tegal,P,S1,445,2340.0,526.3736954690476,451.7991063692518,451.35178117373385,483.10998428938007,484.2339788245863,437.1626133081106,409.1889750466559
940,Prov. Jawa Tengah,Kab. Temanggung,L,D3,5,62.0,13.946653469692713,18.884678974187423,18.073668442073576,19.087465343306445,19.140077501209504,17.278161189300242,22.214808238389377
941,Prov. Jawa Tengah,Kab. Temanggung,L,S1,70,314.0,70.63305144328244,41.23926874019592,35.67912708942537,33.78422923267559,38.51552366152526,31.35072994346204,23.31408460423635
942,Prov. Jawa Tengah,Kab. Temanggung,L,S2,6,53.0,11.922139256350222,20.305503799346532,21.094155379496318,22.20188397639615,15.00371110723649,14.743974372246516,14.811526446285999
943,Prov. Jawa Tengah,Kab. Temanggung,P,D3,32,159.0,35.76641776905066,54.37829287929808,51.49793616064349,54.610302736627,46.18516698408404,35.102864124243794,40.78731018556657
944,Prov. Jawa Tengah,Kab. Temanggung,P,S1,148,547.0,123.04547496648247,91.0991047952433,81.4449183407481,80.54827094600033,92.8434698925619,94.64452331578205,71.86637689704415
945,Prov. Jawa Tengah,Kab. Temanggung,P,S2,1,15.0,3.3741903555708177,6.302722782742428,6.424908415262607,6.738614900436867,4.875033025353746,5.133769048007456,4.526825632602283
946,Prov. Jawa Tengah,Kab. Wonogiri,L,D3,7,15.0,3.3741903555708177,4.756567756777164,4.693880679160591,5.0506213256032115,5.196169842109027,4.124983146572823,4.060236211619925
947,Prov. Jawa Tengah,Kab. Wonogiri,L,S1,79,582.0,130.9185857961477,97.2556495016994,93.18646319006521,95.93511497670072,97.21148868086723,108.96295748519924,82.92816857456103
948,Prov. Jawa Tengah,Kab. Wonogiri,P,D3,30,76.0,17.09589780155881,21.88693606084542,19.816700185309614,19.988884277314394,24.14569131954807,23.899957058048766,22.505353016141814
949,Prov. Jawa Tengah,Kab. Wonogiri,P,S1,106,664.0,149.36415973993485,129.93774938985027,125.05658784799789,131.0475484004042,125.70991660306072,138.6247773346175,116.45620722002108
950,Prov. Jawa Tengah,Kab. Wonosobo,L,D3,19,119.0,26.768576820861817,41.24075796442735,28.379292846536334,21.918303989464533,41.378711912910944,28.292870709930508,30.491217184693777
951,Prov. Jawa Tengah,Kab. Wonosobo,L,Profesi,23,32.0,7.198272758551077,50.47366387246427,31.69664247858809,23.170783749307564,96.43152889069246,14.73735871452145,22.421372163013817
952,Prov. Jawa Tengah,Kab. Wonosobo,L,S1,724,5474.0,1231.3545337596436,1270.5728273812645,924.8223509402542,738.8962346957163,964.0543480436771,838.8612692861974,810.3527583014045
953,Prov. Jawa Tengah,Kab. Wonosobo,L,S2,73,182.0,40.940176314259254,95.20549155478719,75.88488921178418,61.96278827524014,87.17900550421902,38.70391988338495,71.696265578851
954,Prov. Jawa Tengah,Kab. Wonosobo,P,D3,59,179.0,40.26533824314509,86.32075880355262,63.4460071257878,52.742963099164065,77.35003285710593,36.610620230287736,41.97282257284587
955,Prov. Jawa Tengah,Kab. Wonosobo,P,Profesi,48,64.0,14.396545517102155,100.84527249385066,60.111166146412515,42.4845508839282,146.5012417025116,68.71704063634984,98.50346799580458
956,Prov. Jawa Tengah,Kab. Wonosobo,P,S1,883,4962.0,1116.1821696228264,1453.9833446034902,1091.8684941918534,909.8126197154224,1085.0862460593328,1009.2033939308066,931.8440608910444
957,Prov. Jawa Tengah,Kab. Wonosobo,P,S2,68,125.0,28.118252963090146,72.99765413885926,57.45641083416704,47.02043502408493,63.86709504929091,41.47886079483461,45.14979574174352
958,Prov. Jawa Tengah,Kota Magelang,L,D3,77,433.0,97.40162826414426,155.45540966283357,132.36684264926652,124.6524467546741,243.4892998267405,101.2817672756973,110.03624025639645
959,Prov. Jawa Tengah,Kota Magelang,L,D4,450,1913.0,430.3217433471316,483.30380987402094,423.40770721379795,431.3967074818993,1175.2762902721363,421.90708327400415,378.24327105702247
960,Prov. Jawa Tengah,Kota Magelang,L,Profesi,521,283.0,63.65972470843609,439.71813553704897,358.29272298019197,357.2269108597172,2473.1513623008345,304.21007482436295,559.6255755128684
961,Prov. Jawa Tengah,Kota Magelang,L,S1,710,5849.0,1315.709292648914,1311.2271381015405,1154.77274760577,1105.2109832651904,1112.2969613105865,1045.8758583540211,936.793669956545
962,Prov. Jawa Tengah,Kota Magelang,L,S2,3,10.0,2.2494602370472117,3.3718642095482982,2.8084491481978775,2.397894541384803,5.896793304529499,2.7779755617773345,2.948327043589966
963,Prov. Jawa Tengah,Kota Magelang,P,D3,93,494.0,111.12333571013225,209.83457707050238,180.12380061922852,173.23414309897112,354.5363211253731,126.28545723537061,125.12011735363846
964,Prov. Jawa Tengah,Kota Magelang,P,Profesi,2204,1195.0,268.8104983271418,2047.0837281932627,1636.6142138589894,1622.5121631769407,11727.433616399107,1361.7619317821275,1297.5662872708385
965,Prov. Jawa Tengah,Kota Magelang,P,S1,1420,9056.0,2037.1111906699548,2313.48532966315,2029.9790092996748,1966.339937754265,2025.7214486881167,1528.3918273398513,1561.391018938904
966,Prov. Jawa Tengah,Kota Magelang,P,S2,1,13.0,2.924298308161375,5.22198563638777,4.395596959832951,3.8414081577091244,9.200514851406169,3.549792664010211,3.939525102577868
967,Prov. Jawa Tengah,Kota Pekalongan,L,D3,69,181.0,40.71523029055453,64.34115245604433,50.176034858003035,43.25321521370259,43.64876127368563,37.95661031184347,29.545363977065513
968,Prov. Jawa Tengah,Kota Pekalongan,L,D4,10,111.0,24.96900863122405,25.28018066975389,19.644460786879172,17.821324631241623,18.66980414135068,26.184321472841354,20.979370958983967
969,Prov. Jawa Tengah,Kota Pekalongan,L,Profesi,649,216.0,48.58834112021977,447.65886159653166,346.2735420006624,303.2064297010496,420.1774735511702,595.1492241108831,393.3370194052663
970,Prov. Jawa Tengah,Kota Pekalongan,L,S1,1270,7510.0,1689.344638022456,1762.9861215821713,1440.689913743199,1268.003340108086,1282.3884268263312,1378.5102393804843,1153.3710508680845
971,Prov. Jawa Tengah,Kota Pekalongan,L,S2,117,338.0,76.03175601219576,174.69688111246384,154.95516647484132,138.19195116439408,182.44711307946713,92.11616128249477,94.08155461927561
972,Prov. Jawa Tengah,Kota Pekalongan,P,D3,179,473.0,106.39946921233312,223.86651396831502,183.2684646601238,167.1056320156406,160.6353952177047,94.75739569714952,116.0202969793902
973,Prov. Jawa Tengah,Kota Pekalongan,P,D4,6,30.0,6.748380711141635,9.218656199680845,7.621479662457539,7.470986103880117,8.343266263852742,10.067772447669823,7.62727428597329
974,Prov. Jawa Tengah,Kota Pekalongan,P,Profesi,1435,511.0,114.94741811311252,1170.9269945432463,891.3429037398006,779.7917755002545,1083.7539898938066,828.0810000095745,811.9981551389146
975,Prov. Jawa Tengah,Kota Pekalongan,P,S1,2705,13058.0,2937.345177536249,3718.798723060774,3091.132714978119,2801.0742877600915,2984.915428009443,2700.3681608048605,2522.103564928374
976,Prov. Jawa Tengah,Kota Pekalongan,P,S2,82,215.0,48.36339509651505,125.36613955184924,110.22077437727913,98.8532515359039,158.09456917647194,74.79911518962429,96.4577815905195
977,Prov. Jawa Tengah,Kota Salatiga,L,D3,31,152.0,34.19179560311762,39.237015972005196,31.99522609624977,29.380364879721867,38.94893219218739,37.49577482274568,33.98846839726704
978,Prov. Jawa Tengah,Kota Salatiga,L,D4,33,229.0,51.51263942838115,47.265596164826135,41.56516272898284,43.169827853537086,43.315084665437716,47.43727277690613,36.55742782843042
979,Prov. Jawa Tengah,Kota Salatiga,L,Profesi,2344,1460.0,328.4211946088929,2301.595037220687,1900.6233747745935,1814.6684328510526,2213.9409121356193,1875.2091333465094,1674.4291374987579
980,Prov. Jawa Tengah,Kota Salatiga,L,S1,2211,11473.0,2580.805729964266,2199.105481840637,1979.0317142725366,1965.6746755043157,2028.0322685314368,2182.9277244355644,1908.4706433310998
981,Prov. Jawa Tengah,Kota Salatiga,L,S2,215,570.0,128.21923351169107,205.1683793634162,188.2690466671716,177.922127022063,211.28122038293893,152.46427120182406,151.0840122407867
982,Prov. Jawa Tengah,Kota Salatiga,L,S3,30,241.0,54.2119917128378,43.25282254321761,42.506612879932895,52.964101463806784,47.21918984055187,66.02247256159865,53.051797019719785
983,Prov. Jawa Tengah,Kota Salatiga,P,D3,45,105.0,23.619332488995724,35.854168291081756,30.65038782144006,29.7646710271313,35.459551715688235,29.80244285347814,29.53737221352707
984,Prov. Jawa Tengah,Kota Salatiga,P,D4,27,111.0,24.96900863122405,25.811101898310916,22.554966924659947,23.686770681325175,22.742542955652205,30.37595263356996,24.61546152553467
985,Prov. Jawa Tengah,Kota Salatiga,P,Profesi,7284,4193.0,943.1986773938959,7229.386435204603,5852.3738293056795,5563.155069705428,5811.119919015135,5354.536559721902,5522.305863078313
986,Prov. Jawa Tengah,Kota Salatiga,P,S1,4261,16907.0,3803.1624227757206,3736.4312579807406,3360.290688693884,3383.065182586563,3300.0691798329735,3304.888721167004,3470.186297008101
987,Prov. Jawa Tengah,Kota Salatiga,P,S2,244,609.0,136.9921284361752,258.4859409426367,238.84178453305898,230.2677925262722,252.2413417529102,184.99974438906034,194.47737045613752
988,Prov. Jawa Tengah,Kota Salatiga,P,S3,13,98.0,22.044710323062674,20.90734986490556,20.74863446550394,26.443389300717342,20.478609843260543,17.684952330568553,17.584651633059142
989,Prov. Jawa Tengah,Kota Semarang,L,D3,2213,8196.0,1843.6576102838947,2435.042148146562,2316.8291982652827,2311.9252788020103,2627.469741395492,2073.343364947328,2224.807503698503
990,Prov. Jawa Tengah,Kota Semarang,L,D4,1629,9526.0,2142.835821811174,1935.6076514920674,1878.1421009936882,2014.2447000607629,2384.8581293086327,1819.5017018911008,1540.7380713091547
991,Prov. Jawa Tengah,Kota Semarang,L,Profesi,11923,12329.0,2773.3595262555073,10345.65301781765,7564.380363727529,6098.526506753384,21193.96783838488,12585.750581748644,12895.09818518722
992,Prov. Jawa Tengah,Kota Semarang,L,S1,18987,108937.0,24504.94498432121,18821.116087614824,18095.675725811365,18007.434397404744,20039.133848082307,18681.054347798367,17833.792516835594
993,Prov. Jawa Tengah,Kota Semarang,L,S2,3865,10425.0,2345.062297121718,3663.4163374748064,3694.3099453183754,3587.9430946892744,6558.481309249744,3244.490531284761,3528.624172783131
994,Prov. Jawa Tengah,Kota Semarang,L,S2 Terapan,1,4.0,0.8997840948188847,2.057884726052771,1.961243301148774,1.6827256301797744,4.7481164004858725,3.2776514930448095,3.5048750135395697
995,Prov. Jawa Tengah,Kota Semarang,L,S3,451,3262.0,733.7739293248004,564.1075654842597,606.3883559495846,773.1901437326054,905.890961549734,579.3311091006873,544.710588365562
996,Prov. Jawa Tengah,Kota Semarang,L,Sp-1,112,465.0,104.59990102269535,98.01711322267693,119.39147620748018,166.60197249214522,237.68758857581912,112.2425345052029,117.8918938401523
997,Prov. Jawa Tengah,Kota Semarang,P,D3,4154,12064.0,2713.748829973756,4284.813108683143,4120.955096935045,4205.33745592683,5486.625146896195,3313.049904053028,3330.204200097533
998,Prov. Jawa Tengah,Kota Semarang,P,D4,2511,11342.0,2551.3378008589475,2644.045914565954,2562.5331155793133,2788.0135727234506,3542.205743471866,2437.2237625650673,2192.876581684349
999,Prov. Jawa Tengah,Kota Semarang,P,Profesi,25882,26292.0,5914.2808552445285,25981.18591331873,19119.351415803176,15718.429097469452,48075.20749142755,21804.83525384211,27194.828291188456
1000,Prov. Jawa Tengah,Kota Semarang,P,S1,31158,141237.0,31770.701549983703,28978.134230674277,28171.71303198413,28758.10735805155,32844.760040128924,26699.420857414552,26316.766463572876
1001,Prov. Jawa Tengah,Kota Semarang,P,S2,3517,9426.0,2120.3412194407015,3822.4223379339896,3851.6337117903327,3789.5148716906606,6766.77653239152,3193.225669704402,3609.291221373448
1002,Prov. Jawa Tengah,Kota Semarang,P,S2 Terapan,61,99.0,22.269656346767395,53.8730217246733,49.736071174935944,42.027872492374996,100.78443332831377,30.301892923313112,33.88134314915227
1003,Prov. Jawa Tengah,Kota Semarang,P,S3,284,1807.0,406.47746483443115,370.6604529492683,402.05040368639345,523.9810087610595,594.3908403079581,405.3711436923625,364.4551634441096
1004,Prov. Jawa Tengah,Kota Semarang,P,Sp-1,126,555.0,124.84504315612024,126.15726835962113,149.88689822764738,207.287555698493,404.83579203518633,142.43880378244384,145.04922702061492
1005,Prov. Jawa Tengah,Kota Surakarta,L,D1,11,20.0,4.498920474094423,15.433521021126044,6.237303327412247,5.773026748059902,10.524297306933546,13.713055897201947,18.01446765259158
1006,Prov. Jawa Tengah,Kota Surakarta,L,D2,35,78.0,17.54578984896825,32.162916929588995,29.40102719291817,27.648689007755685,24.649509793738993,22.319294432362554,28.831959806742056
1007,Prov. Jawa Tengah,Kota Surakarta,L,D3,1088,4549.0,1023.2794618327766,1110.3115577605415,1064.4121127595022,1105.2008409778743,992.0336617955301,1004.9855692981566,1055.073093246646
1008,Prov. Jawa Tengah,Kota Surakarta,L,D4,717,3236.0,727.9253327084776,561.8009600539017,552.209180954561,613.6528769089475,494.3694668121233,601.3031774278821,528.13128925526
1009,Prov. Jawa Tengah,Kota Surakarta,L,Profesi,7094,7799.0,1754.3540388731203,10356.682709699451,9551.210623639889,9735.733461100466,11665.281527150917,7294.787496536517,6985.169365172017
1010,Prov. Jawa Tengah,Kota Surakarta,L,S1,5373,34808.0,7829.921193113934,5120.799903260198,4980.359911509477,5127.64405964097,5030.295058680247,5214.523526903407,4995.738370459249
1011,Prov. Jawa Tengah,Kota Surakarta,L,S2,772,2767.0,622.4256475909634,744.6712878395552,731.405665689168,709.9839133612287,894.9933739082273,698.3785680072828,770.364019055326
1012,Prov. Jawa Tengah,Kota Surakarta,L,S3,160,1103.0,248.11546414630743,150.41256019093348,159.12615512713288,204.7245067078871,177.51043476525496,222.91772044046627,217.44726745682354
1013,Prov. Jawa Tengah,Kota Surakarta,L,Sp-1,89,498.0,112.02311980495114,75.07869506401101,86.92749358293412,118.58475103810922,124.70002624027182,111.02858703396333,112.35066194228129
1014,Prov. Jawa Tengah,Kota Surakarta,L,Sp-2,1,7.0,1.5746221659330482,2.213709003748513,2.7558525038692987,2.733794026509032,2.2744690023237126,3.806101085131965,3.7590432537264067
1015,Prov. Jawa Tengah,Kota Surakarta,P,D1,5,23.0,5.173758545208587,13.851310967432752,4.866078639691124,4.019841285909616,9.011381175999379,15.62744383532232,20.801581770849175
1016,Prov. Jawa Tengah,Kota Surakarta,P,D2,65,170.0,38.240824029802596,80.03163270881004,72.82417742655826,69.13778015302877,54.34827419370827,29.995634710174453,49.098153875184344
1017,Prov. Jawa Tengah,Kota Surakarta,P,D3,3112,8952.0,2013.716804204664,2652.961022063469,2585.26010291431,2759.2859408275795,2531.7271171523544,2231.5841797042212,2626.028099953385
1018,Prov. Jawa Tengah,Kota Surakarta,P,D4,1478,6126.0,1378.0193412151218,1225.766299318384,1203.51930975339,1354.6835931267028,1235.6337014932296,1345.6324547153465,1197.8660245172816
1019,Prov. Jawa Tengah,Kota Surakarta,P,Profesi,17286,18880.0,4246.980927545135,27303.767572256496,24646.908146054666,24978.20142752683,29791.221142706832,13823.537410432222,18266.685547581852
1020,Prov. Jawa Tengah,Kota Surakarta,P,S1,8981,46212.0,10395.205647442575,8232.941850630292,8150.299874112944,8657.09016903479,8762.657202340628,8994.07742478281,8912.40653535212
1021,Prov. Jawa Tengah,Kota Surakarta,P,S2,907,2820.0,634.3477868473137,880.9170989290527,866.3482187254829,853.5620958934977,1047.4870484588357,787.5388537475399,858.6291499406351
1022,Prov. Jawa Tengah,Kota Surakarta,P,S3,172,978.0,219.9972111832173,164.59395745346086,178.20605023362938,237.37157996070675,195.5293296951738,222.87309100252443,210.01443088527333
1023,Prov. Jawa Tengah,Kota Surakarta,P,Sp-1,75,463.0,104.1500089752859,79.2604517529945,91.17208505546515,125.34179857303394,137.79908797669282,86.7992165801589,101.99363173902302
1024,Prov. Jawa Tengah,Kota Surakarta,P,Sp-2,4,7.0,1.5746221659330482,2.427837294553448,2.965824040241882,2.9317788664879343,2.2168057661615816,3.5536531964451927,3.282760944768496
1025,Prov. Jawa Tengah,Kota Tegal,L,D3,82,1075.0,241.81697548257526,401.589059137631,322.59909329621155,288.59669855281703,279.3082328282084,265.7135157450941,265.3339765098205
1026,Prov. Jawa Tengah,Kota Tegal,L,D4,133,972.0,218.64753504098897,225.9055209905798,178.5515059396401,165.79403839872248,173.43065142980558,215.48097722262088,145.30081621469557
1027,Prov. Jawa Tengah,Kota Tegal,L,Profesi,642,628.0,141.26610288656488,1164.6882954305195,880.6583705726887,766.9722581252863,1086.2139769695943,853.8651846682125,713.6423591403282
1028,Prov. Jawa Tengah,Kota Tegal,L,S1,508,3437.0,773.1394834731267,662.4119654288763,519.771740759098,453.7526580377267,561.727768834191,602.5664652240044,560.5104546975351
1029,Prov. Jawa Tengah,Kota Tegal,L,S2,106,282.0,63.43477868473137,92.4764069996494,70.93874816262044,56.29259048982722,68.81182730126478,59.084268517240645,71.17244714824162
1030,Prov. Jawa Tengah,Kota Tegal,P,D3,81,1401.0,315.14937921031435,627.6879555664297,510.79574697476556,468.7344967546164,396.55050401784837,377.262069933796,433.83100376859807
1031,Prov. Jawa Tengah,Kota Tegal,P,D4,85,538.0,121.02096075313999,148.77909650428217,118.78946942792047,112.8555671793698,106.19842179292884,122.37090820496088,104.33520003035893
1032,Prov. Jawa Tengah,Kota Tegal,P,Profesi,2081,2023.0,455.0658059546509,4188.221622665763,3127.1948517121054,2729.5538972442255,3275.7304295971126,1685.906391852283,1529.4902535082786
1033,Prov. Jawa Tengah,Kota Tegal,P,S1,571,3132.0,704.5309462431867,752.7211379704537,607.5609084998189,552.5149242604575,668.6150694957748,652.2854614232109,609.9592035595289
1034,Prov. Jawa Tengah,Kota Tegal,P,S2,123,214.0,48.13844907281033,96.75893674741242,79.0201115058849,67.2928724650894,70.88801196124008,75.3440025300841,101.93527517211594
1035,Prov. Jawa Timur,Kab. Bangkalan,L,D3,15,93.0,25.055663602232467,25.638603286842113,23.511438440991952,23.180484301233466,25.35339413009141,29.91536155447125,27.649220443676835
1036,Prov. Jawa Timur,Kab. Bangkalan,L,Profesi,485,523.0,140.90443079535035,758.3336670490647,540.7696238382497,532.9555641423185,935.9238843612832,643.9222716699791,766.7524751096256
1037,Prov. Jawa Timur,Kab. Bangkalan,L,S1,1729,9901.0,2667.4852185559535,1763.211436362222,1658.5640616496764,1652.287171884763,1771.7274905121549,1468.037613334962,1334.77382619189
1038,Prov. Jawa Timur,Kab. Bangkalan,L,S2,38,105.0,28.288652454133434,37.075065419754225,34.84005693048944,34.04343842894345,34.55351940632355,30.077556645116918,35.070434397001804
1039,Prov. Jawa Timur,Kab. Bangkalan,P,D3,54,539.0,145.21508259788496,101.24279014914218,113.60687335267463,108.17949735639759,107.89868315019606,126.43550516808124,118.51236006460564
1040,Prov. Jawa Timur,Kab. Bangkalan,P,Profesi,1706,1849.0,498.1496989304068,2959.143304918414,2179.2982387474335,2191.7068440563025,3429.241378252033,2120.677689997249,2122.5509523235332
1041,Prov. Jawa Timur,Kab. Bangkalan,P,S1,2728,14315.0,3856.686284580191,2876.0634414992223,2753.9638104107794,2815.748418928649,2702.6624639727206,2835.5738957009994,2886.572839571568
1042,Prov. Jawa Timur,Kab. Bangkalan,P,S2,47,108.0,29.096899667108673,43.20002005738687,41.17293541720635,41.354428892216305,38.14312740157591,30.86024280811443,38.64851260348172
1043,Prov. Jawa Timur,Kab. Banyuwangi,L,D2,5,10.0,2.6941573765841365,3.3593969784379034,2.8408548565527427,2.5085800500688498,2.39391453022907,3.921504682087327,4.574181504259176
1044,Prov. Jawa Timur,Kab. Banyuwangi,L,D3,176,619.0,166.76834161055805,161.9665046076034,145.65664094346573,146.81428474102245,149.0463046416358,133.99464359009454,149.97548325352477
1045,Prov. Jawa Timur,Kab. Banyuwangi,L,D4,365,1767.0,476.0576084424169,319.0291842276106,306.3901076758877,324.15209546717745,296.3031482914799,400.0936032444754,387.10543774727176
1046,Prov. Jawa Timur,Kab. Banyuwangi,L,Profesi,74,129.0,34.75463015793536,120.96362915081248,106.62690955448294,98.14965151888265,112.49011446891312,104.15169536324942,103.02314036239832
1047,Prov. Jawa Timur,Kab. Banyuwangi,L,S1,680,6684.0,1800.7747905088368,772.9502166914943,831.726546117054,803.1982256417446,798.0737713448126,835.1111948786224,730.8575879593352
1048,Prov. Jawa Timur,Kab. Banyuwangi,L,S2,87,391.0,105.34155342443974,86.8353803911996,93.7751259710943,88.78523891948605,92.72402337815224,91.52090779271774,109.41817552534812
1049,Prov. Jawa Timur,Kab. Banyuwangi,P,D1,2,2.0,0.5388314753168273,1.9274569588472747,0.7237367163495397,0.6904576814698958,1.3318535062484271,2.7209637105451523,2.958292613549628
1050,Prov. Jawa Timur,Kab. Banyuwangi,P,D2,9,28.0,7.543640654435582,11.542202789870952,9.650219835281742,8.828428400916435,9.263802327932884,7.714417585829588,9.909610802795278
1051,Prov. Jawa Timur,Kab. Banyuwangi,P,D3,185,623.0,167.8460045611917,184.00075083008463,168.58921136939622,174.32434810739773,170.59262977745848,147.49263323585066,182.45543204922473
1052,Prov. Jawa Timur,Kab. Banyuwangi,P,D4,406,1651.0,444.8053828740409,341.52167091613205,331.4589511473833,360.86186202124827,373.47041494238204,383.14419838766577,378.8314880904958
1053,Prov. Jawa Timur,Kab. Banyuwangi,P,Profesi,263,336.0,90.52368785322699,453.86971633526446,373.2159641324464,362.79092132716426,371.3943266728765,278.4741651917174,257.9781789724815
1054,Prov. Jawa Timur,Kab. Banyuwangi,P,S1,1092,7403.0,1994.4847058852363,1044.1490636396206,1111.7546777928505,1112.2249604436665,959.527771768415,946.0129374854322,1011.0440973508706
1055,Prov. Jawa Timur,Kab. Banyuwangi,P,S2,71,288.0,77.59173244562314,75.23628424541566,81.57004502851038,79.6090118279281,68.11874048888846,69.04202242792987,70.23577408462818
1056,Prov. Jawa Timur,Kab. Blitar,L,S1,21,285.0,76.78348523264789,44.1022026361342,38.5154638453906,37.950302600946294,38.06445188007889,47.73597172856343,40.83670482347367
1057,Prov. Jawa Timur,Kab. Blitar,P,S1,40,425.0,114.5016885048258,76.21238469685089,67.18404215439485,68.11617555083025,66.52111978707056,37.433866900950235,48.87412132884592
1058,Prov. Jawa Timur,Kab. Bojonegoro,L,D3,31,68.0,18.32027016077213,18.5619324881273,16.373725209032596,16.55228008397578,20.611383042495564,17.589953661500996,15.464927822418485
1059,Prov. Jawa Timur,Kab. Bojonegoro,L,Profesi,56,73.0,19.667348849064197,109.68163713494201,80.90124478564091,78.73801816318687,67.52885866525577,75.4127551819966,77.656423057145
1060,Prov. Jawa Timur,Kab. Bojonegoro,L,S1,899,6486.0,1747.430474452471,850.2633306272122,858.3067850537998,845.4587590948402,872.2775529719495,830.5330568619815,822.7416671004204
1061,Prov. Jawa Timur,Kab. Bojonegoro,L,S2,39,136.0,36.64054032154426,23.841607050197027,27.845964640946903,25.618609170137486,19.86558392536303,13.266255415493173,16.608351193904934
1062,Prov. Jawa Timur,Kab. Bojonegoro,P,D3,77,208.0,56.03847343295004,66.06877188380854,58.74012761195315,61.13129294262529,63.1833341982077,32.22857875903255,41.689589936864934
1063,Prov. Jawa Timur,Kab. Bojonegoro,P,Profesi,155,189.0,50.91957441744018,307.0156497828022,234.40554811518214,232.81320476720998,209.07341293366102,206.42823879952923,188.0471881619508
1064,Prov. Jawa Timur,Kab. Bojonegoro,P,S1,1758,8561.0,2306.468130093679,1452.429005689185,1418.5027872304881,1458.4926502342457,1554.3654785302424,1348.0911206481712,1359.9047084202696
1065,Prov. Jawa Timur,Kab. Bojonegoro,P,S2,15,59.0,15.895528521846405,11.56741558372885,13.814077457219492,13.022029256941774,10.980515785640828,15.087168601738082,21.796777541428867
1066,Prov. Jawa Timur,Kab. Bondowoso,L,D3,17,57.0,15.356697046529577,16.605326732767324,13.927828558600218,14.236471462902372,16.28336851407616,11.310910456599066,10.458380938314937
1067,Prov. Jawa Timur,Kab. Bondowoso,L,S1,435,2449.0,659.7991415254551,349.2764802441364,336.920379106399,334.41073585672024,327.9976064269601,412.01147555328095,348.7192514785136
1068,Prov. Jawa Timur,Kab. Bondowoso,L,S2,24,67.0,18.050854423113716,22.13934220387738,20.006813601799752,19.91773351746676,21.59364681424954,16.600396010089884,13.897213883604296
1069,Prov. Jawa Timur,Kab. Bondowoso,P,D3,36,302.0,81.36355277284092,85.77786220734225,77.31541426367448,79.66029456611955,86.07170940648795,55.3558127405488,62.07713618390434
1070,Prov. Jawa Timur,Kab. Bondowoso,P,S1,506,2604.0,701.5585808625092,430.07503930461166,418.82412712618395,427.7346801610652,433.78895926697527,478.31265534516217,520.6729851463143
1071,Prov. Jawa Timur,Kab. Bondowoso,P,S2,20,48.0,12.931955407603855,18.420289591295944,16.789325555980838,17.203303321717666,16.81707777981247,14.035937130948735,14.599383459239318
1072,Prov. Jawa Timur,Kab. Gresik,L,D3,30,211.0,56.84672064592528,58.43200622390702,51.492333022181874,52.14337843163344,67.3228696173271,39.25702292516979,51.80908744529756
1073,Prov. Jawa Timur,Kab. Gresik,L,Profesi,476,508.0,136.86319473047413,720.541490442475,545.2500837982628,526.9119308074066,618.1148374493531,623.8091800787023,671.7658781939186
1074,Prov. Jawa Timur,Kab. Gresik,L,S1,1194,7810.0,2104.136911112211,1051.1503783914795,1066.384099442902,1048.5043802803718,1123.8408430762488,1150.9159942983756,1027.5031182441462
1075,Prov. Jawa Timur,Kab. Gresik,L,S2,138,318.0,85.67420457537554,102.06295276474452,96.19724033314043,95.09851691316251,99.12741344894724,77.7861391239248,80.18125409117918
1076,Prov. Jawa Timur,Kab. Gresik,P,D3,74,259.0,69.77867605352914,64.73032307380646,62.705347949256875,63.58160218471651,55.33258385060831,53.558455489805006,62.074429794367845
1077,Prov. Jawa Timur,Kab. Gresik,P,Profesi,1823,1952.0,525.8995199092234,3117.660777914398,2406.298599203027,2384.5642282891104,2406.5086851941583,1618.874849992964,1716.058105471086
1078,Prov. Jawa Timur,Kab. Gresik,P,S1,1573,8054.0,2169.8743511008634,1331.0250122659265,1335.398296962025,1360.0753110201028,1429.9532602845516,1390.4549347746836,1446.937468779454
1079,Prov. Jawa Timur,Kab. Gresik,P,S2,145,385.0,103.72505899848926,145.9710250710993,137.91233601396857,140.60905485358273,122.87742508031477,107.22023942239244,115.80923536328814
1080,Prov. Jawa Timur,Kab. Jember,L,D2,12,17.0,4.580067540193032,7.689940738322583,6.097965854228544,5.509884190066638,5.068200615038161,5.984697276804592,7.1971268926436345
1081,Prov. Jawa Timur,Kab. Jember,L,D3,610,2349.0,632.8575677596136,531.9166611376893,524.1992516283492,513.9676548165386,446.6167272277288,454.2199651756711,394.1259952624878
1082,Prov. Jawa Timur,Kab. Jember,L,D4,746,4743.0,1277.838843713856,767.9672360951446,799.7827747165657,825.636173618849,799.518647543043,829.0745465938805,743.613065099644
1083,Prov. Jawa Timur,Kab. Jember,L,Profesi,3193,1143.0,307.9421881435668,1697.2327290979579,1322.8436867029243,1270.3009751403097,966.1091032684604,1060.8015430926448,1071.6626945145072
1084,Prov. Jawa Timur,Kab. Jember,L,S1,5188,33013.0,8894.22174731721,4958.154689608196,5055.736248661952,4980.548441808237,4866.817555620534,4431.409010040157,4363.949704470413
1085,Prov. Jawa Timur,Kab. Jember,L,S2,617,2648.0,713.4128733194793,572.4681652087464,652.0461349069622,607.7249814300601,605.6847616374852,583.2734714284162,663.7997953502313
1086,Prov. Jawa Timur,Kab. Jember,L,S3,72,474.0,127.70305965008806,57.50383556701852,65.41944676138719,79.2309429583857,75.69670545552593,73.36795995336607,88.8123782286102
1087,Prov. Jawa Timur,Kab. Jember,P,D2,16,21.0,5.657730490826687,10.404129225260357,8.499931618894943,7.849719470714491,8.803093758426625,7.43619891114202,8.899118171211269
1088,Prov. Jawa Timur,Kab. Jember,P,D3,1002,3397.0,915.2052608256312,942.8261659356308,921.4409319306282,934.6811210506155,842.8463561269245,841.1739945741748,944.4540053744425
1089,Prov. Jawa Timur,Kab. Jember,P,D4,783,4278.0,1152.5605257026937,795.8266237712638,840.0389958706826,890.9758711651675,841.707922583184,861.7123519438566,853.0876412384322
1090,Prov. Jawa Timur,Kab. Jember,P,Profesi,8975,3216.0,866.4410123094583,5220.836967698212,4195.066812432659,4116.468312756648,2815.6086366155128,4555.19061304105,5144.654696897524
1091,Prov. Jawa Timur,Kab. Jember,P,S1,10413,49994.0,13469.170388494731,9151.762771300486,9242.003449278707,9428.295529589492,9509.424893739126,8111.9820334827045,8395.261605703881
1092,Prov. Jawa Timur,Kab. Jember,P,S2,710,2043.0,550.4163520361391,631.4426197077977,672.7339131823628,661.5569080949108,602.6776614222271,478.854256815049,678.0543517785208
1093,Prov. Jawa Timur,Kab. Jember,P,S3,28,204.0,54.96081048231638,33.65321014305661,36.46962207036187,46.324023191418334,38.43707753547579,27.625393587283586,24.90290128838136
1094,Prov. Jawa Timur,Kab. Jombang,L,D3,22,147.0,39.60411343578681,38.09305393804427,35.55602244484804,35.053697940883794,34.068426834906965,33.1080570742747,38.42927941862826
1095,Prov. Jawa Timur,Kab. Jombang,L,Profesi,323,306.0,82.44121572347457,292.73343152962065,264.0605866232182,238.97670218937617,249.77612421763243,278.98212086556634,238.52172722430413
1096,Prov. Jawa Timur,Kab. Jombang,L,S1,1661,9361.0,2522.00072022041,1283.289766488328,1331.643956469312,1290.2576775135283,1347.9127865586297,1415.6670921279547,1234.5470245623803
1097,Prov. Jawa Timur,Kab. Jombang,L,S2,86,292.0,78.66939539625679,77.53423794523081,80.897043309049,76.7419865357222,76.7387316841954,79.85459321050298,76.60140521242027
1098,Prov. Jawa Timur,Kab. Jombang,P,D3,152,476.0,128.2418911254049,142.13969431735862,134.19402645702846,136.0400363734209,144.52799832728442,122.44440736667424,138.75926097821528
1099,Prov. Jawa Timur,Kab. Jombang,P,Profesi,1758,1338.0,360.47825698695743,1659.3882757924591,1450.7380468432966,1369.1627133347918,1096.6060780857524,1468.8633657761625,1262.8487224752087
1100,Prov. Jawa Timur,Kab. Jombang,P,S1,3079,11514.0,3102.052803398975,2051.908002453762,2064.577564884037,2085.311161769118,2068.4606111942408,2227.11948441666,2058.844126970493
1101,Prov. Jawa Timur,Kab. Jombang,P,S2,78,269.0,72.47283343011327,80.87408791796354,85.8944946754554,83.61193429647523,79.72010877753588,69.78011231888372,67.33176752429885
1102,Prov. Jawa Timur,Kab. Kediri,L,D3,43,111.0,29.905146880083915,26.372770360843052,24.899600664732088,24.253837328367336,24.808274429902642,32.215511002296964,33.05932981991338
1103,Prov. Jawa Timur,Kab. Kediri,L,Profesi,81,111.0,29.905146880083915,112.44488295140175,97.37960013956749,88.58254051396626,59.95142105742164,98.83695018693818,125.91687188742482
1104,Prov. Jawa Timur,Kab. Kediri,L,S1,562,6439.0,1734.7679347825256,1116.1484839850602,1049.2072889936849,1040.5506889990731,1116.7675718480966,1099.7282733945883,943.8019648213117
1105,Prov. Jawa Timur,Kab. Kediri,P,D3,197,578.0,155.72229636656309,156.87954146294211,150.25564716279467,150.3575628226224,145.0305500567101,156.87511564661577,163.1374994055822
1106,Prov. Jawa Timur,Kab. Kediri,P,Profesi,391,476.0,128.2418911254049,671.2098239385077,549.0355960279355,525.2655767960019,360.1882200048109,351.3438666891167,475.19144067902147
1107,Prov. Jawa Timur,Kab. Kediri,P,S1,953,10819.0,2914.808865726377,2121.038973275641,2030.6268671271505,2066.1081321584056,2211.4225502071045,2006.3853549835103,1874.2180839786993
1108,Prov. Jawa Timur,Kab. Lamongan,L,D3,5,53.0,14.279034095895923,11.342180521580175,11.04964347293124,10.724393288267946,11.24316206134517,14.062445477440416,12.316948656885073
1109,Prov. Jawa Timur,Kab. Lamongan,L,Profesi,34,46.0,12.393123932287027,59.689199975499754,46.94791115683866,44.3783166727564,54.41416110039902,32.43345821070516,28.56678303579193
1110,Prov. Jawa Timur,Kab. Lamongan,L,S1,1358,7779.0,2095.7850232448,1066.2425023101318,1080.9528160932712,1053.2412412980846,1130.771302889862,1087.0083168073947,999.2867646677892
1111,Prov. Jawa Timur,Kab. Lamongan,L,S2,175,490.0,132.0137114526227,128.18505915303388,130.94447658566625,124.89092007504293,126.17285511485782,130.3079894561741,133.72455487450387
1112,Prov. Jawa Timur,Kab. Lamongan,P,D3,115,295.0,79.47764260923202,84.20240130168706,78.68892819881546,79.91418491975074,80.0878515223928,74.50895698276574,76.55219786888124
1113,Prov. Jawa Timur,Kab. Lamongan,P,Profesi,207,231.0,62.235035399093555,353.81541544800524,279.0369762952385,272.0038395231077,310.09570190526085,213.60827207966733,224.33661777736057
1114,Prov. Jawa Timur,Kab. Lamongan,P,S1,1971,8998.0,2424.202807450406,1540.2478317910143,1535.8649911824075,1552.7501510291136,1609.694103968109,1439.1782047559657,1512.6369026845882
1115,Prov. Jawa Timur,Kab. Lamongan,P,S2,217,349.0,94.02609244278636,128.0704457968492,123.22518048006039,123.72020941039244,126.76050393515209,101.29280727241695,102.0384826745574
1116,Prov. Jawa Timur,Kab. Lumajang,L,S1,470,3880.0,1045.333062114645,544.5266320174301,534.6433357181414,529.5343026266461,561.7264565224039,627.6881894004258,557.4746258332246
1117,Prov. Jawa Timur,Kab. Lumajang,L,S2,18,65.0,17.512022947796886,17.39414089163277,17.152532447643996,16.656668953660485,18.9789010572387,16.266298198766883,15.293144478009086
1118,Prov. Jawa Timur,Kab. Lumajang,P,S1,768,4269.0,1150.135784063768,730.4936379215272,710.6793994773726,728.7283867445091,716.9148131308302,770.1365264342561,800.0463348210756
1119,Prov. Jawa Timur,Kab. Lumajang,P,S2,21,52.0,14.00961835823751,16.20250529674228,16.099920205866404,16.096604111300277,17.3364079931994,16.446968611673686,15.417329757468178
1120,Prov. Jawa Timur,Kab. Magetan,L,S1,312,1673.0,450.73252910252603,223.3462391147278,211.89534401162433,204.67255018549335,132.4927572990526,135.3629662087092,148.8882826267063
1121,Prov. Jawa Timur,Kab. Magetan,L,S2,5,24.0,6.4659777038019275,9.03952672094427,7.469289586520607,7.413927497929247,7.667490130712732,7.083747184678514,5.415968683410269
1122,Prov. Jawa Timur,Kab. Magetan,P,S1,392,1880.0,506.50158679781765,324.68918202257515,298.7799505849858,300.880992250629,248.92905002856432,263.41811550467037,285.64759402809955
1123,Prov. Jawa Timur,Kab. Magetan,P,S2,5,48.0,12.931955407603855,19.801042684126724,16.856576019613854,17.100925804055844,15.67980954642392,10.967762916868397,14.239806135668069
1124,Prov. Jawa Timur,Kab. Malang,L,D3,103,225.0,60.61854097314307,60.86347456602588,53.866906406143165,53.707913416404615,75.57740142244984,72.57958538382053,67.58577987483697
1125,Prov. Jawa Timur,Kab. Malang,L,D4,102,437.0,117.73467735672676,87.28623157724188,80.47069465268743,84.91231884037005,97.4203443636572,100.0750873756658,75.70132536757438
1126,Prov. Jawa Timur,Kab. Malang,L,Profesi,47,54.0,14.548449833554336,57.946034877188694,48.2874179917012,44.576530078631244,49.380863592619704,42.59568522296928,85.27029590778902
1127,Prov. Jawa Timur,Kab. Malang,L,S1,528,4026.0,1084.6677598127733,671.1524113197158,628.392546599796,625.3551841120988,806.797044946503,758.7578263101193,642.0950358180606
1128,Prov. Jawa Timur,Kab. Malang,L,S2,134,537.0,144.67625112256812,160.16006186770835,154.29734909959643,149.33084865433216,204.72582417363088,155.19362872207145,151.7968855756733
1129,Prov. Jawa Timur,Kab. Malang,P,D3,111,339.0,91.33193506620222,106.27472966711514,94.93981599719335,97.40310629105964,130.4762628001159,106.93695710637252,105.03213516030482
1130,Prov. Jawa Timur,Kab. Malang,P,D4,99,433.0,116.65701440609311,95.25460936003587,90.29177353808407,97.44310693619914,123.17379937624517,92.88251486781405,77.87142102343
1131,Prov. Jawa Timur,Kab. Malang,P,Profesi,233,197.0,53.074900318707485,250.02632772188278,208.76026921597148,198.78414047819203,192.47641529048582,204.28033125331905,244.68495271295376
1132,Prov. Jawa Timur,Kab. Malang,P,S1,861,5170.0,1392.8793636939986,974.226983227424,929.5393494821101,948.7990557127503,1193.1833270598831,994.4902707124024,992.5704098315432
1133,Prov. Jawa Timur,Kab. Malang,P,S2,57,243.0,65.46802425099452,81.79930756118709,80.3104169756699,79.72610907696998,100.38955824607585,83.20099315172554,73.17040464879202
1134,Prov. Jawa Timur,Kab. Mojokerto,L,D3,106,325.0,87.56011473898444,93.92440771871308,82.62723633855529,83.45178989695683,88.86489062332296,99.9323952500102,92.38799611355196
1135,Prov. Jawa Timur,Kab. Mojokerto,L,Profesi,105,163.0,43.91476523832142,201.6696070069422,162.49277375496158,153.3381013176017,177.12567823036548,120.46056878617208,143.73351991946615
1136,Prov. Jawa Timur,Kab. Mojokerto,L,S1,657,4341.0,1169.5337171751737,644.0399834837815,641.4619021126408,632.2019768571961,622.2239613870825,747.3624883777218,639.6290000202209
1137,Prov. Jawa Timur,Kab. Mojokerto,L,S2,266,793.0,213.646679963122,291.3723479193462,264.9774119159102,264.22561113851435,247.02195662286385,186.1455118846266,213.21914682034028
1138,Prov. Jawa Timur,Kab. Mojokerto,L,S3,18,151.0,40.68177638642046,28.762663320981492,26.886987609844734,34.51151848201554,27.636758635366633,27.69496127601159,22.60447603590393
1139,Prov. Jawa Timur,Kab. Mojokerto,P,D3,212,666.0,179.43088128050348,200.0639876942538,184.79595858142832,189.57344986504827,218.47611865342918,182.9796726151585,196.14346896011628
1140,Prov. Jawa Timur,Kab. Mojokerto,P,Profesi,499,634.0,170.80957767543424,887.8149749146653,728.2710759939112,705.1667693739979,757.8143144528467,636.169624925499,644.2447126804216
1141,Prov. Jawa Timur,Kab. Mojokerto,P,S1,1285,6222.0,1676.3047197106498,1125.99365865448,1111.1996510280019,1133.798572199127,1266.4908981498472,1173.3083777503718,1074.6244945564854
1142,Prov. Jawa Timur,Kab. Mojokerto,P,S2,170,447.0,120.4288347333109,180.19896772039763,168.72758426573313,171.9981098727132,155.29303581770134,113.78455893119086,130.92111405773926
1143,Prov. Jawa Timur,Kab. Mojokerto,P,S3,2,21.0,5.657730490826687,4.381106560778853,4.219340408034629,5.535383414835707,5.4742333114333945,4.44509168102818,4.126685603490719
1144,Prov. Jawa Timur,Kab. Nganjuk,L,D3,4,23.0,6.196561966143514,6.547082583792383,5.648364062530342,5.712718160614583,6.247071995457844,4.577183078697861,4.6472077498312965
1145,Prov. Jawa Timur,Kab. Nganjuk,L,Profesi,28,30.0,8.082472129752409,40.087694380727385,30.63616782165172,29.270476264032666,27.92340833425603,22.96185033374455,22.91106002585932
1146,Prov. Jawa Timur,Kab. Nganjuk,L,S1,422,2380.0,641.2094556270245,381.37769769767965,360.2769304214992,359.5033483185787,398.441922238873,470.3507364964884,390.91448473594295
1147,Prov. Jawa Timur,Kab. Nganjuk,L,S2,44,179.0,48.225417040856044,52.7610550307457,50.68835269907329,49.391430726873594,54.85749158015069,54.75638780577362,57.87689516231255
1148,Prov. Jawa Timur,Kab. Nganjuk,P,D3,59,169.0,45.53125966427191,52.440623924877755,46.69106359354759,48.238132933910784,53.596741343295925,46.65112593381565,45.54717702755984
1149,Prov. Jawa Timur,Kab. Nganjuk,P,Profesi,63,64.0,17.242607210138473,103.85575574602137,78.76778267341808,77.87060965834922,64.87551344134525,37.413713224150136,47.28530951088665
1150,Prov. Jawa Timur,Kab. Nganjuk,P,S1,670,3260.0,878.2953047664284,615.2139885497722,583.1831523650665,599.96355415993,705.4736274862631,609.3292513696698,588.2245983776783
1151,Prov. Jawa Timur,Kab. Nganjuk,P,S2,30,121.0,32.59930425666805,39.055711914370285,38.65926962167549,38.50077892534591,40.13821555601456,40.29278925067068,44.50027104249194
1152,Prov. Jawa Timur,Kab. Ngawi,L,D3,28,61.0,16.43435999716323,17.413663405456774,14.941862332484865,14.985996108422887,17.027572967608123,12.949758674753403,10.123560824600668
1153,Prov. Jawa Timur,Kab. Ngawi,L,S1,195,2225.0,599.4500162899703,330.58633332765544,319.5585607660046,313.2675732691349,317.3011849468297,343.0450177311937,298.56294159241463
1154,Prov. Jawa Timur,Kab. Ngawi,P,D3,70,197.0,53.074900318707485,63.80980702070212,55.69130922649111,57.32973289367448,55.92038085578488,51.80516989131525,46.92611645019113
1155,Prov. Jawa Timur,Kab. Ngawi,P,S1,316,2414.0,650.3695907074106,385.46994517755604,386.5276128827855,386.408948476333,370.4972758972928,434.5276636850839,462.60427677588063
1156,Prov. Jawa Timur,Kab. Pacitan,L,D2,48,146.0,39.334697698128394,48.82554287658426,40.84339001670547,35.07280456853677,33.0333618585716,32.07231722611323,30.92501112798668
1157,Prov. Jawa Timur,Kab. Pacitan,L,S1,175,1404.0,378.25969567241276,250.80219709598848,225.12310408374324,223.99635686522382,196.99811411745094,199.04646148680902,168.26059176756104
1158,Prov. Jawa Timur,Kab. Pacitan,P,D2,21,38.0,10.237798031019718,16.135439773167878,13.180764478767218,11.774041694816074,12.127011632897728,11.17264423637389,14.615710413681267
1159,Prov. Jawa Timur,Kab. Pacitan,P,S1,340,1687.0,454.5043494297438,339.56739518792926,310.4903087886106,316.98271240324584,283.03166509676055,300.75808450791675,277.0549881269048
1160,Prov. Jawa Timur,Kab. Pamekasan,L,D3,7,31.0,8.351887867410824,6.8555119890847305,6.718105770015427,6.531588113488505,6.421933449774114,7.9009210633021265,7.778731862853949
1161,Prov. Jawa Timur,Kab. Pamekasan,L,S1,1334,11155.0,3005.3325535796043,1575.19374721209,1614.6701715779789,1572.3282561342362,1504.2574966005336,1736.577121473695,1677.0676186780759
1162,Prov. Jawa Timur,Kab. Pamekasan,L,S2,20,310.0,83.51887867410824,107.62430922506408,101.00451905749193,99.42348420341406,101.69734738872722,81.88112920347092,82.65788731974324
1163,Prov. Jawa Timur,Kab. Pamekasan,P,D3,92,304.0,81.90238424815774,95.8307106082206,87.93995152743504,90.17517069143811,97.92663909194097,84.57962763402227,92.93758955048168
1164,Prov. Jawa Timur,Kab. Pamekasan,P,Profesi,1,167.0,44.99242818895508,279.0557618133637,217.0680618249774,213.33661862487762,182.17669703429524,169.84029753508838,181.68804835634546
1165,Prov. Jawa Timur,Kab. Pamekasan,P,S1,968,8364.0,2253.3932297749716,1522.9492969922567,1515.9963594261885,1538.4726129301323,1674.8397786849512,1444.9390503148472,1332.3353473755878
1166,Prov. Jawa Timur,Kab. Pamekasan,P,S2,4,153.0,41.220607861737285,61.46429196519855,58.25730695348037,58.99652855819287,51.02859062071092,46.17881920059818,48.62888064227952
1167,Prov. Jawa Timur,Kab. Pasuruan,L,D3,70,125.0,33.67696720730171,30.837679522576625,28.332869024023392,28.427155574628063,30.131342420855947,42.042459428656024,42.81397511627159
1168,Prov. Jawa Timur,Kab. Pasuruan,L,D4,5,31.0,8.351887867410824,3.920318898689584,4.2825056167125295,4.353668723287759,5.0541469914339565,5.190319888250977,4.354249301279516
1169,Prov. Jawa Timur,Kab. Pasuruan,L,S1,1859,8096.0,2181.1898120825167,1335.1670571887855,1240.9688801573923,1264.1374459496903,1448.511246258389,1314.5487900189046,1145.5957332345017
1170,Prov. Jawa Timur,Kab. Pasuruan,L,S2,156,582.0,156.79995931719674,211.5440902947501,190.46820920801082,192.02351039064158,166.66827621101507,160.84275573037272,174.32734058159966
1171,Prov. Jawa Timur,Kab. Pasuruan,L,S3,9,138.0,37.17937179686108,25.930500803963906,24.023057694237675,31.16521981515766,21.723053633721232,21.093354870584143,17.962162072477984
1172,Prov. Jawa Timur,Kab. Pasuruan,P,D3,150,341.0,91.87076654151905,92.41347796073293,87.38198113793432,89.63974679799759,90.94501279086951,89.38165567791891,91.44046597008422
1173,Prov. Jawa Timur,Kab. Pasuruan,P,D4,27,114.0,30.713394093059154,19.2490565491755,20.163020995754863,21.45132128988918,26.63440119882222,19.94459302184808,16.096399541665807
1174,Prov. Jawa Timur,Kab. Pasuruan,P,S1,1457,6778.0,1826.0998698487276,1267.4839734824106,1193.294733503127,1250.2013692220557,1178.6482596597716,1210.77103763706,1079.3293620934853
1175,Prov. Jawa Timur,Kab. Pasuruan,P,S2,25,244.0,65.73743998865292,97.87717829513217,90.54288789424267,93.38156967441313,71.77643026700581,58.63549375532733,62.79359173746136
1176,Prov. Jawa Timur,Kab. Pasuruan,P,S3,4,21.0,5.657730490826687,4.32178824857126,4.125043787472646,5.469551238302793,4.530970391307775,3.574521149293158,3.7015519697292483
1177,Prov. Jawa Timur,Kab. Ponorogo,L,D3,21,111.0,29.905146880083915,30.136419217779,27.397735724429047,26.899536970713324,25.145547622935126,33.09393399634635,35.6394475720373
1178,Prov. Jawa Timur,Kab. Ponorogo,L,D4,11,112.0,30.17456261774233,24.366101037194376,22.40099246728512,23.504377027082167,61.61491439200518,20.695666206238815,11.951116015630465
1179,Prov. Jawa Timur,Kab. Ponorogo,L,Profesi,64,84.0,22.630921963306747,107.6355152782245,86.51270706115457,80.29048089181319,91.36711506590417,190.07699803885248,317.71124739164435
1180,Prov. Jawa Timur,Kab. Ponorogo,L,S1,1066,10168.0,2739.41922051075,1706.3448409438206,1641.8778611368032,1608.3444630125473,1666.9944907457793,1557.404046238736,1384.8770177441982
1181,Prov. Jawa Timur,Kab. Ponorogo,L,S2,110,486.0,130.93604850198903,186.2355915082849,168.52201240520773,165.40624484380805,153.68853244755192,142.10037895440345,134.0911498845708
1182,Prov. Jawa Timur,Kab. Ponorogo,L,S3,4,34.0,9.160135080386064,6.390119793222152,6.064285402973268,7.611318631829051,6.839153765307123,6.795016274776751,4.475873935912116
1183,Prov. Jawa Timur,Kab. Ponorogo,P,D3,116,507.0,136.59377899281571,159.77950787060965,146.47292576519052,148.03678116639412,115.49589303089434,138.80127922108395,130.3494491317426
1184,Prov. Jawa Timur,Kab. Ponorogo,P,Profesi,130,177.0,47.68658556553922,243.18587643887176,202.93314051151373,192.00759076928256,195.7217665784001,371.3682069207903,410.1183212181724
1185,Prov. Jawa Timur,Kab. Ponorogo,P,S1,1668,14610.0,3936.1639271894232,2996.6175665265946,2854.988026859441,2895.992891284033,3003.028220037737,2793.748651347258,3024.2815618422464
1186,Prov. Jawa Timur,Kab. Ponorogo,P,S2,111,497.0,133.89962161623157,214.64122707790918,198.04073857710094,199.3480199445796,163.64498799232248,151.0296335445654,157.76951814651935
1187,Prov. Jawa Timur,Kab. Ponorogo,P,S3,1,16.0,4.310651802534618,3.669126839971156,3.4497247517932275,4.482693222623245,12.162469516833562,2.5423180143259088,2.0968092435773085
1188,Prov. Jawa Timur,Kab. Probolinggo,L,D3,43,162.0,43.64534950066301,44.24593853163333,39.15537743890698,38.84602920635542,43.198797122765626,38.09791625340966,32.28676554608967
1189,Prov. Jawa Timur,Kab. Probolinggo,L,Profesi,77,111.0,29.905146880083915,144.0560625158187,114.315114428925,106.4338030007707,94.99593665138103,75.06039799768924,88.08650769186687
1190,Prov. Jawa Timur,Kab. Probolinggo,L,S1,966,6738.0,1815.323240342391,900.1477615180182,932.5668215245586,890.7617939896238,898.8273190126444,773.7703822860472,806.0645242933754
1191,Prov. Jawa Timur,Kab. Probolinggo,L,S2,58,176.0,47.4171698278808,56.391802322289855,54.00442990678434,51.974201305880186,61.90528854943713,63.86065630717375,64.47468623130081
1192,Prov. Jawa Timur,Kab. Probolinggo,P,D3,54,212.0,57.116136383583694,57.450098696195106,54.88910919572037,54.714085035937735,49.664751624472316,39.98262267327679,51.91520506324404
1193,Prov. Jawa Timur,Kab. Probolinggo,P,Profesi,227,265.0,71.39517047947962,411.59920174540514,325.86610120007924,313.3924708974588,321.6720473300594,237.38123449193023,227.90817802311537
1194,Prov. Jawa Timur,Kab. Probolinggo,P,S1,1531,7447.0,2006.3389983422064,1281.7621957006645,1289.7993819759488,1283.8517820404156,1421.110575639103,1355.3057213494,1393.0857691467306
1195,Prov. Jawa Timur,Kab. Probolinggo,P,S2,60,132.0,35.5628773709106,50.23704015778693,48.130041278652335,47.80328777054699,52.317379627564435,44.997747945729486,45.31126119016729
1196,Prov. Jawa Timur,Kab. Sampang,L,D3,132,439.0,118.27350883204359,122.55333527521613,105.97027812514953,107.21892627254259,114.37635000922256,114.58312378596428,112.0449185691595
1197,Prov. Jawa Timur,Kab. Sampang,L,Profesi,6,8.0,2.155325901267309,12.045741922579264,8.773716322612412,8.525872290672211,6.33107085769357,6.169594525307021,6.737492142079313
1198,Prov. Jawa Timur,Kab. Sampang,L,S1,297,2216.0,597.0252746510446,339.78418964148057,324.59426243105503,323.07271688296464,295.4335694720223,398.4917113038708,335.9846477833171
1199,Prov. Jawa Timur,Kab. Sampang,P,D3,435,852.0,229.54220848496843,209.56003804270142,202.0055450715375,203.54565264020619,187.91765560255288,150.72114403204188,144.3040395323464
1200,Prov. Jawa Timur,Kab. Sampang,P,Profesi,12,19.0,5.118899015509859,31.33354550346809,23.512958249045397,23.353056464243444,14.898068673655178,13.244657221194588,13.168174785257749
1201,Prov. Jawa Timur,Kab. Sampang,P,S1,167,1501.0,404.39302222527886,266.4599830222159,257.02866043647896,263.2066859928317,248.18904247838745,287.09446485402486,244.5447929055086
1202,Prov. Jawa Timur,Kab. Sidoarjo,L,D3,192,576.0,155.18346489124627,154.3352065981498,141.21924116242724,140.9249765225514,162.59070097635163,161.05667392580108,153.26481242031852
1203,Prov. Jawa Timur,Kab. Sidoarjo,L,D4,16,128.0,34.48521442027695,20.134830004885416,20.854343445445156,21.430396036495072,24.21705569998736,19.495280629466617,14.761518547209295
1204,Prov. Jawa Timur,Kab. Sidoarjo,L,S1,1716,10356.0,2790.069379190532,1497.2512297631306,1522.5001207985692,1491.8307731592793,1582.5589241517825,1636.5923999644576,1487.6999637899269
1205,Prov. Jawa Timur,Kab. Sidoarjo,L,S2,298,951.0,256.2143665131514,260.8005061802359,266.8634467956528,256.21447375237017,274.6078341182441,293.35752330353824,313.56342327545815
1206,Prov. Jawa Timur,Kab. Sidoarjo,P,D3,294,968.0,260.7944340533444,281.4118935759634,266.1953280674103,271.1991092210882,308.87122699551077,251.47340890145273,247.19649048971985
1207,Prov. Jawa Timur,Kab. Sidoarjo,P,D4,82,450.0,121.23708194628614,88.67907868014889,90.12980820367612,96.19286188727449,109.51646129917164,97.17949272033023,95.51077635435958
1208,Prov. Jawa Timur,Kab. Sidoarjo,P,Profesi,10,22.0,5.9271462284851,33.29115815233186,26.87044152728648,26.181151209081953,26.59469267834997,13.281367171118678,13.245735267846095
1209,Prov. Jawa Timur,Kab. Sidoarjo,P,S1,2241,10740.0,2893.5250224513625,1951.1529441775617,1943.4102315485093,1979.1318965895864,2241.1276189019677,2049.1457058182586,1801.5327213615597
1210,Prov. Jawa Timur,Kab. Sidoarjo,P,S2,222,522.0,140.63501505769193,177.29154201145167,178.76089858150496,178.00565786422547,183.6024894645163,172.2454339502552,180.07505122494513
1211,Prov. Jawa Timur,Kab. Situbondo,L,D3,18,109.0,29.366315404767086,18.95066677255007,20.176732143388058,18.60191410979336,16.961667983322616,14.641090574336832,16.632287228948652
1212,Prov. Jawa Timur,Kab. Situbondo,L,S1,679,5007.0,1348.964598455677,658.5711219604127,689.0734953790302,649.5970453600307,612.1892554220501,598.8187352505397,610.1395587317044
1213,Prov. Jawa Timur,Kab. Situbondo,L,S2,49,111.0,29.905146880083915,35.931273696277074,34.440980294581806,32.809004905306175,33.67136859838637,33.50164956692641,38.10100279630651
1214,Prov. Jawa Timur,Kab. Situbondo,P,Profesi,18,24.0,6.4659777038019275,41.22037322871499,31.61190814448161,30.418447959622892,29.315608240761104,17.54510726371241,16.439954246168586
1215,Prov. Jawa Timur,Kab. Situbondo,P,S1,1026,5874.0,1582.5480430055218,1007.7633404375975,1018.6181185083573,1002.6312626144853,978.2354302591323,849.2801427831475,872.4038188649948
1216,Prov. Jawa Timur,Kab. Situbondo,P,S2,61,111.0,29.905146880083915,45.41894252564091,42.58214570952633,42.17452179616732,46.60147407360135,34.040245905244824,37.09448840539048
1217,Prov. Jawa Timur,Kab. Sumenep,L,D3,4,18.0,4.849483277851446,5.350798111748955,4.520648183967519,4.6366203281808644,3.7088810850892724,5.479686789908911,5.412334352192313
1218,Prov. Jawa Timur,Kab. Sumenep,L,Profesi,52,68.0,18.32027016077213,60.33696472393598,53.207972341258134,48.84300282728908,48.68148569573583,42.518062993088066,50.0489901308264
1219,Prov. Jawa Timur,Kab. Sumenep,L,S1,1417,9572.0,2578.8474408663355,1374.8648258402418,1344.2713379767736,1335.7483317991587,1322.8573162024359,1316.0889194027318,1204.3930378964876
1220,Prov. Jawa Timur,Kab. Sumenep,L,S2,107,220.0,59.271462284851005,74.94386975466152,67.964605109895,67.97627348969371,74.46826858610194,63.60077722441302,72.63528625293738
1221,Prov. Jawa Timur,Kab. Sumenep,P,D3,6,84.0,22.630921963306747,22.961693577483246,21.293746751809625,21.86143509051815,19.62243104339706,24.227650077071885,29.765529203690047
1222,Prov. Jawa Timur,Kab. Sumenep,P,Profesi,257,274.0,73.81991211840534,396.00858352842596,311.5874074767178,306.5083848379383,246.59014270534624,230.3534436632572,221.18001139163832
1223,Prov. Jawa Timur,Kab. Sumenep,P,S1,1855,9628.0,2593.9347221752064,1663.583034868135,1619.6277449686102,1663.4579994831986,1582.0388311892157,1370.6576719194256,1378.991094476541
1224,Prov. Jawa Timur,Kab. Sumenep,P,S2,58,139.0,37.4487875345195,54.60012647561309,50.071120853110926,51.50018581180439,44.561121179844584,39.73604864105793,44.515544861685946
1225,Prov. Jawa Timur,Kab. Trenggalek,L,S1,106,917.0,247.0542314327653,136.24486566993147,126.15714282077748,123.63040584396089,176.6732148555652,132.6584165635959,139.314747550284
1226,Prov. Jawa Timur,Kab. Trenggalek,P,S1,185,1128.0,303.9009520786906,197.2161838904838,183.1136319467963,185.07896961164008,245.67279777608618,260.0817434223753,270.4012193371946
1227,Prov. Jawa Timur,Kab. Tuban,L,D3,12,137.0,36.90995605920267,24.43204095186006,25.259893942338458,23.680797441084295,21.527906889295522,17.91961755996259,20.857889417733645
1228,Prov. Jawa Timur,Kab. Tuban,L,Profesi,398,395.0,106.41921637507339,595.9318771809612,440.87827698342375,418.85427989740793,622.2108866709577,408.3962953955104,474.19258124396396
1229,Prov. Jawa Timur,Kab. Tuban,L,S1,349,3434.0,925.1736431189925,537.0684006092984,517.7670091481832,504.9005767859702,536.1286064228697,596.6572058231865,589.668123540347
1230,Prov. Jawa Timur,Kab. Tuban,L,S2,30,87.0,23.439169176281986,30.73566246367087,27.972456089664846,27.29719220590916,29.50552410916412,28.041864172551445,27.166264375905424
1231,Prov. Jawa Timur,Kab. Tuban,P,D3,2,34.0,9.160135080386064,8.981437956825056,8.575299010999151,8.517878200575582,8.959244670018746,10.107902013484889,11.267249920927627
1232,Prov. Jawa Timur,Kab. Tuban,P,Profesi,1665,1807.0,486.83423794875347,2877.3065981804457,2222.719772948107,2148.780777564705,2202.5464428160276,1628.2426538681168,1772.2391201959306
1233,Prov. Jawa Timur,Kab. Tuban,P,S1,863,4932.0,1328.7584181312961,948.7265254062179,903.4993016107588,913.046034319642,1052.347440194345,1010.0439931258626,970.2661329445676
1234,Prov. Jawa Timur,Kab. Tuban,P,S2,46,89.0,23.978000651598816,36.95822277956817,33.77741850992509,33.97460606382855,34.39117992634149,26.794588001131185,24.722047451819773
1235,Prov. Jawa Timur,Kab. Tulungagung,L,D3,13,57.0,15.356697046529577,16.44043175857982,14.518232845834726,14.475546869005184,16.319033310226654,17.78821464623169,15.284135014900276
1236,Prov. Jawa Timur,Kab. Tulungagung,L,Profesi,491,245.0,66.00685572631134,262.3581608226514,223.44194766784977,204.64989493527722,189.00559284026113,279.54202907487496,282.48710632083737
1237,Prov. Jawa Timur,Kab. Tulungagung,L,S1,1908,9395.0,2531.1608553007964,1548.474941012582,1487.7296581531918,1466.8117624974266,1528.0927599970692,1429.2604868569774,1260.334901354121
1238,Prov. Jawa Timur,Kab. Tulungagung,L,S2,220,497.0,133.89962161623157,152.38683596425193,148.43354186968713,143.03342845101048,163.0240654471522,141.25287752875838,137.22147942821536
1239,Prov. Jawa Timur,Kab. Tulungagung,L,S3,64,240.0,64.65977703801927,34.947660573872604,36.12006913699773,44.33747507956915,42.255135265206754,34.463356125842125,33.120281717717305
1240,Prov. Jawa Timur,Kab. Tulungagung,P,D3,87,194.0,52.266653105732246,62.69811509545277,56.57365546070357,57.80927840237147,62.23252405619724,48.857519724363264,48.96087438093927
1241,Prov. Jawa Timur,Kab. Tulungagung,P,D4,6,29.0,7.813056392093996,5.779193354755448,5.798557442192076,6.137414830218987,5.582416973336694,5.978282375558847,5.145181710380138
1242,Prov. Jawa Timur,Kab. Tulungagung,P,Profesi,1345,326.0,87.82953047664284,396.6589039727938,343.44057813108924,322.91097185560477,244.51675687164587,236.3695254294561,254.50572169593127
1243,Prov. Jawa Timur,Kab. Tulungagung,P,S1,4669,18949.0,5105.15881288928,3764.6043810103765,3599.0675777997644,3668.5295449125797,4103.103045138356,3438.0881398675565,3298.551792626105
1244,Prov. Jawa Timur,Kab. Tulungagung,P,S2,299,585.0,157.60820653017197,218.1970285036199,210.79462587272678,210.22435151204326,217.0196024444598,206.67222022871854,212.74738022847998
1245,Prov. Jawa Timur,Kab. Tulungagung,P,S3,23,102.0,27.48040524115819,16.252814355389507,17.31204514684474,21.717277138133102,20.999584120189876,14.040078805729756,13.473160146716713
1246,Prov. Jawa Timur,Kota Batu,L,D4,60,379.0,102.10856457253877,75.68451025673144,66.28468001110122,69.77780877097992,92.490667682864,45.520890137662356,45.84876596699192
1247,Prov. Jawa Timur,Kota Batu,L,S1,87,161.0,43.375933763004596,26.32186542310966,23.61480978716173,23.372747922443725,34.799521203524876,14.422751684774969,12.229981134713283
1248,Prov. Jawa Timur,Kota Batu,L,S2,20,111.0,29.905146880083915,24.346508926174195,24.905090262972312,23.18170810426724,33.46742256220166,19.872955406724586,23.307484148300638
1249,Prov. Jawa Timur,Kota Batu,L,S2 Terapan,208,208.0,56.03847343295004,80.5480332439437,62.11955106673473,58.61368594733441,82.36737554479836,18.63426626389839,33.84186802249785
1250,Prov. Jawa Timur,Kota Batu,P,S1,65,172.0,46.339506877247146,31.084456342249695,28.63551102700517,28.999458859920345,42.472215717114466,18.554477998616896,23.633332756444837
1251,Prov. Jawa Timur,Kota Batu,P,S2,10,49.0,13.201371145262268,13.891500738145742,13.787388903267912,13.378215735428256,14.850880489033266,14.902961997558606,16.93262277711736
1252,Prov. Jawa Timur,Kota Batu,P,S2 Terapan,2,2.0,0.5388314753168273,0.8482697358918196,0.6739924621777938,0.6499904654290848,1.0734136363802798,2.7632313007994442,2.4573075715616612
1253,Prov. Jawa Timur,Kota Blitar,L,D2,48,96.0,25.86391081520771,42.195699850006214,32.455400117855035,28.54855750512514,36.588778698714115,29.194047352443334,32.45331085932689
1254,Prov. Jawa Timur,Kota Blitar,L,Profesi,13,18.0,4.849483277851446,21.439045698905474,17.37447899377207,15.875136531573414,12.378591543608405,8.855395602795072,5.831825080179269
1255,Prov. Jawa Timur,Kota Blitar,L,S1,1081,4046.0,1090.0560745659416,498.1054713747296,526.2219921992295,493.50989485436196,501.4650170110856,504.041647489628,463.6879112285627
1256,Prov. Jawa Timur,Kota Blitar,P,D2,71,168.0,45.261843926613494,81.9134945806289,64.61232691042206,58.17737204908455,72.42230233068734,39.50731124784802,48.203658718326515
1257,Prov. Jawa Timur,Kota Blitar,P,Profesi,32,45.0,12.123708194628614,71.01356275123878,55.33895369062318,52.866217537409405,51.04282616534397,32.33497836890041,23.025795061673723
1258,Prov. Jawa Timur,Kota Blitar,P,S1,1087,4765.0,1283.765989942341,789.9902927094676,797.6280102282976,783.7105155350722,816.0031602491957,800.1992691744124,822.9162356599637
1259,Prov. Jawa Timur,Kota Kediri,L,D3,104,522.0,140.63501505769193,128.13381430048105,122.41622867681126,120.66182206837415,126.94860449525906,136.3582247097027,128.07111119628001
1260,Prov. Jawa Timur,Kota Kediri,L,D4,37,109.0,29.366315404767086,19.909515192976595,19.69940979159976,20.598019138231788,16.35699059224819,15.34672257047187,10.759714492478238
1261,Prov. Jawa Timur,Kota Kediri,L,Profesi,1495,1754.0,472.5552038528575,2305.8431820317624,1860.419369539472,1759.7167191042606,1655.3888066064744,1492.1206153516089,1529.604050347514
1262,Prov. Jawa Timur,Kota Kediri,L,S1,2109,14046.0,3784.213451150078,2079.412672553143,2120.3531037709627,2079.6174518409616,2159.057384450959,2108.573854675519,2057.358603812702
1263,Prov. Jawa Timur,Kota Kediri,L,S2,451,1075.0,289.6219179827947,322.1029319742374,322.8460341107149,312.65883078235134,349.21077881040776,326.7871415623807,342.56600455936024
1264,Prov. Jawa Timur,Kota Kediri,L,S3,6,59.0,15.895528521846405,10.930701360961667,10.564913243860465,13.450051293214788,11.547061250166118,8.27187448470693,5.5513233718407
1265,Prov. Jawa Timur,Kota Kediri,P,D3,405,1138.0,306.5951094552747,327.8783793608605,314.73151765073413,319.6963823689093,318.03757452104315,315.5051401517584,290.1683395529353
1266,Prov. Jawa Timur,Kota Kediri,P,D4,66,237.0,63.85152982504403,50.9886416595616,50.73310812844095,54.63436758170367,53.820972588730505,47.47548015351586,44.645083469152055
1267,Prov. Jawa Timur,Kota Kediri,P,Profesi,4118,5221.0,1406.6195663145777,7482.364476962815,6230.205395331106,6019.684353565988,4866.79286097745,4130.375960640718,4733.13870407417
1268,Prov. Jawa Timur,Kota Kediri,P,S1,3833,16472.0,4437.816030709389,3025.8158353368826,3037.058467315642,3090.664886949094,3483.303939195793,2588.2611586389876,2790.8903364468383
1269,Prov. Jawa Timur,Kota Kediri,P,S2,373,831.0,223.88447799414175,291.13155730230187,293.59548594322155,292.88116432207744,308.6069212561966,220.15631594096513,236.7240900610007
1270,Prov. Jawa Timur,Kota Kediri,P,S3,3,53.0,14.279034095895923,10.435074962945617,10.505204306980765,13.620179873504275,10.363317776011524,7.935936165134661,5.720388173063857
1271,Prov. Jawa Timur,Kota Madiun,L,D3,412,1510.0,406.8177638642046,451.24497968509826,396.5983515788531,392.4219512955891,364.1898576557293,341.0252458855016,348.1136891722566
1272,Prov. Jawa Timur,Kota Madiun,L,D4,122,941.0,253.52020913656725,189.49456340646393,179.54880838549582,185.87066032240858,149.33464755241968,250.98035624033548,176.86405770034833
1273,Prov. Jawa Timur,Kota Madiun,L,Profesi,1104,1132.0,304.97861502932426,1556.4926127140402,1230.3336748828756,1142.8913994099491,1403.6041454416918,1118.6097522320192,1032.8718610445897
1274,Prov. Jawa Timur,Kota Madiun,L,S1,596,3875.0,1043.985983426353,569.058844381321,577.9076986285567,553.8835849020729,562.4144917833863,688.5569449570665,593.2386675256955
1275,Prov. Jawa Timur,Kota Madiun,L,S2,90,238.0,64.12094556270245,92.171381489616,83.82535746253585,81.76438683444982,57.72871305567871,65.26906204591026,73.42439592698753
1276,Prov. Jawa Timur,Kota Madiun,P,D3,516,1633.0,439.9558995961895,514.3667589870568,471.5934600359237,475.0815808563478,470.67908947863265,335.0298426085255,340.3855249093446
1277,Prov. Jawa Timur,Kota Madiun,P,D4,73,605.0,162.99652128334026,134.6747224753028,131.00319981581592,138.7747126509685,120.73746822997153,105.32279327741139,99.39826501750127
1278,Prov. Jawa Timur,Kota Madiun,P,Profesi,3687,3782.0,1018.9303198241204,5526.653317519139,4550.123235685684,4304.547455649434,3984.221248705,3520.290422182651,3614.8860042494907
1279,Prov. Jawa Timur,Kota Madiun,P,S1,1159,5229.0,1408.774892215845,1000.2770571884743,982.6697684570399,982.7968809214541,964.4645677098903,931.3166038589386,966.5799667329048
1280,Prov. Jawa Timur,Kota Madiun,P,S2,191,479.0,129.05013833838012,203.18002629646148,190.37195035775315,189.7905653783415,127.67405329505769,128.23817577487821,143.4213330443855
1281,Prov. Jawa Timur,Kota Malang,L,D2,6,16.0,4.310651802534618,7.4342050269002575,6.096765992175344,5.474015027907324,5.744940773124255,4.165155898321385,5.771065188274484
1282,Prov. Jawa Timur,Kota Malang,L,D3,1699,6280.0,1691.9308324948377,1740.5523339037384,1660.7492539651182,1654.1617349617861,1428.032660791309,1707.6209094811375,1727.78331950446
1283,Prov. Jawa Timur,Kota Malang,L,D4,1598,9018.0,2429.5911222035743,1786.1736826089602,1793.4343486836906,1884.665326047559,1604.5364715302146,1843.692243009454,1549.4084611850865
1284,Prov. Jawa Timur,Kota Malang,L,Profesi,19473,14066.0,3789.6017659032464,19949.21782078152,16509.757614025377,15617.86505651367,18405.604012376978,13559.593838023862,13246.59679461263
1285,Prov. Jawa Timur,Kota Malang,L,S1,19685,101552.0,27359.706990687224,16940.99943414835,17350.977549563686,17151.254672397863,16525.77814414431,15808.423004284494,16498.26268949896
1286,Prov. Jawa Timur,Kota Malang,L,S2,2425,7536.0,2030.3169989938053,2469.642813241098,2526.455653310803,2451.013953186428,2499.4752988465007,2309.8504163388034,2502.4591635434135
1287,Prov. Jawa Timur,Kota Malang,L,S2 Terapan,23,57.0,15.356697046529577,20.269647269270205,18.649050401383843,17.30588499052605,14.286489724983216,14.319469147301172,16.84272977177282
1288,Prov. Jawa Timur,Kota Malang,L,S3,591,3495.0,941.6080031161557,582.8426551181688,617.0275292931419,768.8340115262674,535.8126764315343,826.1955006427245,611.974541885405
1289,Prov. Jawa Timur,Kota Malang,L,Sp-1,111,467.0,125.81714948647917,91.2522055016838,104.86603766603082,139.072805851113,80.21912518434381,92.13531057188138,104.42382772197648
1290,Prov. Jawa Timur,Kota Malang,P,D3,3025,9349.0,2518.767731368509,2993.804236027025,2894.829920182066,2961.7208884849547,2796.696206775687,2540.3868961571816,3125.8875983850476
1291,Prov. Jawa Timur,Kota Malang,P,D4,1818,8433.0,2271.982915673402,1892.714442892216,1939.34101778395,2088.623192161168,2048.9105197290337,1776.6008466133153,1862.2124518711216
1292,Prov. Jawa Timur,Kota Malang,P,Profesi,45652,32130.0,8656.327650964831,51323.87535579913,43319.36179390507,42023.49049501803,42176.568592469266,18411.658069937388,22676.21206939936
1293,Prov. Jawa Timur,Kota Malang,P,S1,26542,120553.0,32478.87542193474,24074.083147902562,24569.889044913565,25101.280605523647,25560.54874615911,19716.11469720834,22709.124412004116
1294,Prov. Jawa Timur,Kota Malang,P,S2,2820,7468.0,2011.996728833033,2876.9299470306214,2955.394364473851,2955.2708739698173,2623.439204835115,2465.734845018793,2640.2796262680185
1295,Prov. Jawa Timur,Kota Malang,P,S2 Terapan,17,24.0,6.4659777038019275,10.323429949196552,9.43957236595393,9.059703353479458,7.427214598856059,6.292332566179187,6.491610945265125
1296,Prov. Jawa Timur,Kota Malang,P,S3,450,2177.0,586.5180608823665,439.50789298844944,462.28120470147223,595.8021951725282,316.80893549528247,389.31534211239176,370.77504142758613
1297,Prov. Jawa Timur,Kota Malang,P,Sp-1,110,436.0,117.46526161906834,91.71677444751164,109.26912456954358,147.80680411846947,83.03220183787185,98.84017680820389,95.55220513799594
1298,Prov. Jawa Timur,Kota Mojokerto,L,D3,15,54.0,14.548449833554336,11.793882979700692,10.879660500911523,10.458776497705763,10.864681619237654,12.347473519701984,9.18325396403322
1299,Prov. Jawa Timur,Kota Mojokerto,L,S1,274,1484.0,399.81295468508586,210.30856559034973,201.77213040935695,194.63964341678283,186.37781327359977,170.27977106748773,154.7211359890002
1300,Prov. Jawa Timur,Kota Mojokerto,L,S2,6,25.0,6.735393441460341,5.545854153656469,5.736961503104246,5.3011735073873485,5.15368476020401,6.582737911299736,6.21636097907557
1301,Prov. Jawa Timur,Kota Mojokerto,P,D3,14,71.0,19.128517373747368,13.509230349510478,13.949557504960318,13.336838598480561,10.88661796927304,12.886328571012848,13.337385837320662
1302,Prov. Jawa Timur,Kota Mojokerto,P,S1,324,1354.0,364.7889087894921,227.24634843212326,218.34738326862413,217.29372032633555,211.55623752335893,216.9407795043055,229.65919736524646
1303,Prov. Jawa Timur,Kota Mojokerto,P,S2,3,7.0,1.8859101636088955,2.4467024226746665,2.285621054926435,2.2542957847142593,2.036446135740795,2.458240860434895,3.029785905122955
1304,Prov. Jawa Timur,Kota Pasuruan,L,S1,278,1759.0,473.9022825411496,248.35912768322953,249.92643700467758,234.705861709167,251.49808240342333,228.0312308543486,216.25434900313775
1305,Prov. Jawa Timur,Kota Pasuruan,L,S2,2,11.0,2.96357311424255,2.7620698541900808,2.868278006695262,2.616767247922413,2.7018511673747714,2.9112082352757676,2.8265070676848736
1306,Prov. Jawa Timur,Kota Pasuruan,P,S1,406,2059.0,554.7270038386737,358.71754301015363,355.6312058780781,346.48989512886175,361.49418180145324,322.85642057877277,340.1175648713896
1307,Prov. Jawa Timur,Kota Pasuruan,P,S2,5,28.0,7.543640654435582,8.47092452327496,8.754978844665937,8.256947433236244,8.315114907923755,7.637432050685652,7.918791093767757
1308,Prov. Jawa Timur,Kota Probolinggo,L,S1,51,308.0,82.9800471987914,59.304110507739914,49.48529634744375,49.10417870842906,58.397994871390985,29.727644720618702,37.570021121092935
1309,Prov. Jawa Timur,Kota Probolinggo,P,S1,54,204.0,54.96081048231638,43.02061541443887,36.98415466966765,37.50932034373575,44.041017188041415,22.450183141055216,31.647543076846148
1310,Prov. Jawa Timur,Kota Surabaya,L,D2,8,27.0,7.274224916777168,7.869302032936768,7.667253035209675,6.672931138621236,5.86324204206336,7.222344135021838,7.680013294415565
1311,Prov. Jawa Timur,Kota Surabaya,L,D3,1504,6029.0,1624.307482342576,1737.3649029989474,1649.99715798933,1686.9846469226109,1630.553791742823,1522.3215409357522,1620.880493186336
1312,Prov. Jawa Timur,Kota Surabaya,L,D4,2405,14757.0,3975.7680406252102,2851.5024612875086,2903.6221146191892,3115.0029825590987,2539.684181779638,3626.7410906325226,2480.9425618060855
1313,Prov. Jawa Timur,Kota Surabaya,L,Profesi,16693,15638.0,4213.123305502272,14253.703791889102,13891.970915826112,12775.307880333457,15852.959196553225,13430.154707080987,14401.607015679614
1314,Prov. Jawa Timur,Kota Surabaya,L,S1,18337,117728.0,31717.77596304972,18510.100155819167,19296.372230975932,19475.55186443929,19239.48044821355,19526.76632144657,19687.61964754151
1315,Prov. Jawa Timur,Kota Surabaya,L,S2,4542,11969.0,3224.636964033553,3985.22812024535,4066.9326422548984,4050.873459599499,4148.268159585007,3878.4683489085573,3737.440361837953
1316,Prov. Jawa Timur,Kota Surabaya,L,S2 Terapan,212,424.0,114.23227276716739,167.55101369588613,148.86537848952852,143.3568102237202,156.4180828139727,93.85047270791318,91.90563903880921
1317,Prov. Jawa Timur,Kota Surabaya,L,S3,555,3274.0,882.0671250936463,561.8614304259089,590.6217450088106,756.7392498179942,593.72307405761,652.8678436572606,487.9145230535549
1318,Prov. Jawa Timur,Kota Surabaya,L,Sp-1,244,1028.0,276.95937831284925,193.00062150229093,225.77680610814824,305.3801500170311,256.8847180547334,214.61219931338937,199.97782291940712
1319,Prov. Jawa Timur,Kota Surabaya,L,Sp-2,28,92.0,24.786247864574054,25.535063479005995,30.985991020408903,28.518335895065213,20.50255420083024,26.451970921066806,27.07540248422657
1320,Prov. Jawa Timur,Kota Surabaya,P,D3,2229,7933.0,2137.2750468441955,2568.585467099749,2482.1686163022555,2605.7351303053983,2372.3960984820305,2164.215636570892,2649.5831015717963
1321,Prov. Jawa Timur,Kota Surabaya,P,D4,1862,11161.0,3006.9490480055547,2474.8846263039554,2545.9135252623446,2810.801390320087,2560.4200588200247,2772.991963911189,2401.8800589580987
1322,Prov. Jawa Timur,Kota Surabaya,P,Profesi,40104,36594.0,9858.999503871988,38063.6517160381,37655.50555564938,35566.81030614468,37288.38456801809,20182.804536746327,23008.357298058436
1323,Prov. Jawa Timur,Kota Surabaya,P,S1,27313,146939.0,39587.679075789645,28159.665139904726,29046.186573963958,30371.843708806693,29412.21745942747,25873.503780771218,27360.754903717145
1324,Prov. Jawa Timur,Kota Surabaya,P,S2,4054,9853.0,2654.5532631483497,3800.9600377218803,3915.6264387504348,4013.0849022326165,3526.9283494515785,3317.9212012486123,3574.734475723532
1325,Prov. Jawa Timur,Kota Surabaya,P,S2 Terapan,12,31.0,8.351887867410824,13.849852016753005,12.53262505123555,12.382045580650345,26.31781767769537,8.230419570519283,8.547943408285974
1326,Prov. Jawa Timur,Kota Surabaya,P,S3,414,2288.0,616.4232077624504,470.458797454294,493.19082164510587,652.8062240747516,410.5390220847241,468.7656333867438,427.8733099276972
1327,Prov. Jawa Timur,Kota Surabaya,P,Sp-1,277,1111.0,299.3208845384976,229.75780634950647,276.33791503587247,382.2774856975392,226.559735015119,251.18550510443387,258.888717897934
1328,Prov. Jawa Timur,Kota Surabaya,P,Sp-2,23,66.0,17.7814386854553,21.168534191921815,25.95543692637902,24.572268097035597,14.505459157136466,24.424135898231228,20.691639997646217
1329,Prov. Kalimantan Barat,Kab. Bengkayang,L,D3,14,167.0,39.53225222587817,31.682128777447485,24.606636497820386,21.37411125935436,46.01925538442483,19.057413319789237,22.38648813142074
1330,Prov. Kalimantan Barat,Kab. Bengkayang,L,S1,38,234.0,55.392497130871206,40.88930384817709,36.793465974831534,38.04975825952815,44.25331899911888,54.929898111510234,42.66103033314832
1331,Prov. Kalimantan Barat,Kab. Bengkayang,L,S2,2,10.0,2.367200732088513,3.0426466982680505,2.8080143223975456,2.7325709214192107,3.5502828618751163,3.3514049113328483,2.610536521691651
1332,Prov. Kalimantan Barat,Kab. Bengkayang,P,D3,39,231.0,54.68233691124465,62.67553443837963,53.098986801355615,51.73097612778886,69.26657541959578,58.43809417182295,56.43226057644255
1333,Prov. Kalimantan Barat,Kab. Bengkayang,P,S1,95,413.0,97.76539023525558,80.76939581587321,73.04206775513762,76.29965708708745,90.49886169471276,76.59792208298086,71.9272106039971
1334,Prov. Kalimantan Barat,Kab. Bengkayang,P,S2,1,2.0,0.4734401464177026,0.8176759902465179,0.8061705995983279,0.8567679259619315,0.8834780100998599,1.9150313803568757,2.1699008433104887
1335,Prov. Kalimantan Barat,Kab. Kapuas Hulu,L,S1,29,92.0,21.77824673521432,18.062616739417617,15.549085628441556,16.603177431540608,25.138367971335487,21.32252814759805,14.693200574714034
1336,Prov. Kalimantan Barat,Kab. Kapuas Hulu,P,S1,55,149.0,35.27129090811884,31.92022930446148,27.382564250989148,29.216344157597497,41.921498532045035,25.580999708563667,33.16018263151748
1337,Prov. Kalimantan Barat,Kab. Ketapang,L,D3,129,591.0,139.9015632664311,148.73230972606865,138.50386143009135,135.62900770688043,150.3420491529331,120.42737465394865,142.24139193163063
1338,Prov. Kalimantan Barat,Kab. Ketapang,L,D4,36,181.0,42.84633325080208,33.91915826423178,35.49771608090614,39.270989504843165,35.93461340031061,39.56156302599612,33.823142340283404
1339,Prov. Kalimantan Barat,Kab. Ketapang,L,S1,18,188.0,44.503373763264044,26.334471340184233,24.003716800678465,22.54067824674618,24.90998030004659,32.34658548774648,23.46258987626011
1340,Prov. Kalimantan Barat,Kab. Ketapang,P,D3,148,570.0,134.93044172904524,159.24863278449865,148.67921307250506,146.7520894838001,161.3656248559958,131.46352525060968,156.63769593126938
1341,Prov. Kalimantan Barat,Kab. Ketapang,P,D4,68,277.0,65.57146027885182,56.54723983078736,58.942991985910396,65.12721057582225,62.731126608116625,43.16574580547198,34.86314319411598
1342,Prov. Kalimantan Barat,Kab. Ketapang,P,S1,23,281.0,66.51834057168722,43.86826834635605,40.12911460051838,37.99592747459522,42.681237242684084,47.60256019074816,35.35090855076931
1343,Prov. Kalimantan Barat,Kab. Kuburaya,L,S1,171,1894.0,448.34781865756435,274.6608846908082,234.71949063525713,227.6139494190133,250.7989922870691,274.8796768990803,268.4980712461429
1344,Prov. Kalimantan Barat,Kab. Kuburaya,P,D3,48,179.0,42.37289310438438,57.439363343329134,52.02374953881441,55.28593303075823,55.94836770664481,57.611155037178165,51.35719249373585
1345,Prov. Kalimantan Barat,Kab. Kuburaya,P,S1,347,2645.0,626.1245936374116,479.3729722636438,427.1767927858217,438.6185449139716,445.9770609940422,449.98685042364195,451.2211489867859
1346,Prov. Kalimantan Barat,Kab. Kuburaya,P,S2,1,26.0,6.154721903430134,9.729994087625057,9.413994383717906,9.782512082161832,9.175278311907332,7.437771067433187,8.381995121490323
1347,Prov. Kalimantan Barat,Kab. Landak,L,D3,35,73.0,17.280565344246146,19.110006741809272,14.602140892981625,14.78852914478402,17.84547517882594,18.365471625439714,15.08674716038045
1348,Prov. Kalimantan Barat,Kab. Landak,L,S1,64,658.0,155.76180817142415,102.86755939259152,78.78999915419588,78.95637556501956,98.39643944561439,79.93893513143824,83.66516168843172
1349,Prov. Kalimantan Barat,Kab. Landak,P,D3,230,582.0,137.77108260755145,180.69944926553936,141.48053549145533,148.36407276583088,138.42219023793615,94.68625413246518,160.02136091286079
1350,Prov. Kalimantan Barat,Kab. Landak,P,S1,136,873.0,206.6566239113272,159.72516351558397,124.80026637979746,128.76080247085383,166.24050452354854,140.42249449547228,159.02537784806754
1351,Prov. Kalimantan Barat,Kab. Melawi,L,S1,56,356.0,84.27234606235106,60.742179192684645,49.893684050023936,50.17765012275316,59.24271872091807,72.1769538067492,67.41795262659359
1352,Prov. Kalimantan Barat,Kab. Melawi,P,S1,191,852.0,201.68550237394132,171.4980361358666,144.08684883658006,149.70064332763215,186.4593450415075,176.25554212117586,190.03784923971153
1353,Prov. Kalimantan Barat,Kab. Pontianak,L,S1,72,291.0,68.88554130377572,36.92092033705914,31.979705112103417,28.591338728367624,32.77290829955022,38.479165920370065,25.596354294473905
1354,Prov. Kalimantan Barat,Kab. Pontianak,P,S1,87,325.0,76.93402379287667,52.16945088874825,47.31279246379907,45.02362238683453,45.10050243630611,50.73418233324012,36.97741889551226
1355,Prov. Kalimantan Barat,Kab. Sambas,L,D3,106,440.0,104.15683221189457,115.113784170572,97.06686263204719,97.0312466282269,109.04104203852735,85.04567310443271,98.18220723180366
1356,Prov. Kalimantan Barat,Kab. Sambas,L,D4,151,707.0,167.36109175865786,117.16850693435671,105.16191630750104,110.69739408037454,141.31732233382067,111.60687663222112,92.5639875866026
1357,Prov. Kalimantan Barat,Kab. Sambas,L,S1,44,451.0,106.76075301719193,67.97799308781933,56.772320917857925,55.3001277744598,67.42897328663602,48.571011444091354,54.74795509397202
1358,Prov. Kalimantan Barat,Kab. Sambas,L,S2,16,100.0,23.67200732088513,30.214059002756983,27.127039344863253,26.405405699913892,36.65830434488151,31.60471980035814,34.0432422329727
1359,Prov. Kalimantan Barat,Kab. Sambas,P,D3,88,297.0,70.30586174302884,84.28852968661498,70.68773575350912,70.43064403908389,82.81110851167335,62.192540194025,65.98831131745132
1360,Prov. Kalimantan Barat,Kab. Sambas,P,D4,203,1170.0,276.96248565435604,215.06345960944708,193.40674306551256,204.85569712647816,266.9737681554155,254.5543928954784,226.01718581629027
1361,Prov. Kalimantan Barat,Kab. Sambas,P,S1,134,966.0,228.67159071975036,179.84264987862255,156.0041085586623,160.0938940518335,208.15838060966544,184.0287670526537,197.83006486092836
1362,Prov. Kalimantan Barat,Kab. Sambas,P,S2,15,54.0,12.78288395327797,21.31474204932877,20.252882321006517,21.27273998996817,20.047340283717908,11.047372618380132,12.348725438419436
1363,Prov. Kalimantan Barat,Kab. Sintang,L,S1,297,2103.0,497.8223139582143,324.5242920421522,302.36546723111144,302.1263332882311,305.1700791962922,293.0728723604584,276.10097330652445
1364,Prov. Kalimantan Barat,Kab. Sintang,P,D3,76,309.0,73.14650262153505,85.8332065002785,79.10646330546463,79.30842218207775,87.3103340487379,73.2545557953766,77.63552107687373
1365,Prov. Kalimantan Barat,Kab. Sintang,P,S1,641,3132.0,741.4072692901223,586.0126138211695,563.6113074491609,588.650750474839,586.2591077585093,577.6585952985293,562.1626345393491
1366,Prov. Kalimantan Barat,Kota Pontianak,L,D1,27,29.0,6.864882123056688,22.794442220339192,10.487769954342305,10.07491958580698,12.107305588552848,15.498480905731439,19.287898272766537
1367,Prov. Kalimantan Barat,Kota Pontianak,L,D2,5,12.0,2.840640878506216,4.5041675890441,3.9531371237450053,3.511819098827251,2.4511777343745624,5.141123386012579,7.9735385906764416
1368,Prov. Kalimantan Barat,Kota Pontianak,L,D3,960,3417.0,808.8724901546449,959.8965598834731,995.0518215881862,1053.7550221575436,813.6910319467036,814.9552490065266,726.6699811285853
1369,Prov. Kalimantan Barat,Kota Pontianak,L,D4,518,3094.0,732.4119065081859,534.4961853457517,583.5913599460212,640.8910562211986,504.1163580561384,663.1400220391204,553.0526866585036
1370,Prov. Kalimantan Barat,Kota Pontianak,L,Profesi,3707,3921.0,928.179407051906,4923.582912344615,4718.023408941361,4765.0700133374485,4324.993507603873,4646.656471267499,4564.636185178583
1371,Prov. Kalimantan Barat,Kota Pontianak,L,S1,4528,30075.0,7119.356201756203,4538.839685934953,4561.399892117185,4608.894495883346,4516.904012917144,4353.859579509551,4399.611550478759
1372,Prov. Kalimantan Barat,Kota Pontianak,L,S2,436,1159.0,274.35856484905867,365.1451972754666,398.8234215154713,404.89306301512534,293.2292963830688,286.13510784897295,294.8698085657818
1373,Prov. Kalimantan Barat,Kota Pontianak,L,S3,13,78.0,18.464165710290402,9.191203409611832,10.193988643205087,12.568673037267683,9.485379435570172,11.975005844498884,10.29673840457915
1374,Prov. Kalimantan Barat,Kota Pontianak,P,D3,1397,4550.0,1077.0763331002734,1403.1949064633286,1452.68995423288,1542.2735244945636,1315.0081303774366,1226.337748147689,1245.4361381660904
1375,Prov. Kalimantan Barat,Kota Pontianak,P,D4,896,4260.0,1008.4275118697066,830.3293044756235,913.60022261039,1016.9736692801079,843.8092794180275,1003.4236250501381,983.8924843009055
1376,Prov. Kalimantan Barat,Kota Pontianak,P,Profesi,7345,7953.0,1882.6347422299943,10513.520432141491,9920.032008948981,9859.328999780899,8640.427634875823,7336.601198612922,7902.2290405437125
1377,Prov. Kalimantan Barat,Kota Pontianak,P,S1,7374,36731.0,8694.965009034317,6617.080355566428,6831.295574632158,7178.839961611334,7498.911300436741,6680.015713421577,6621.471154951549
1378,Prov. Kalimantan Barat,Kota Pontianak,P,S2,438,1027.0,243.11151518549028,373.25144931983954,413.8804428232496,429.9472204520771,308.18279057916357,311.3560146377125,378.2132246700115
1379,Prov. Kalimantan Barat,Kota Pontianak,P,S3,9,59.0,13.966484319322227,7.541585277485719,8.318879549426164,10.223160109349886,7.656659067305531,6.175538942231196,5.979258468637771
1380,Prov. Kalimantan Barat,Kota Singkawang,L,S1,86,658.0,155.76180817142415,106.54061971975456,94.36530987176651,95.2142701623233,109.25877541789731,112.07794534424436,106.07344045620029
1381,Prov. Kalimantan Barat,Kota Singkawang,P,D3,54,164.0,38.822092006251616,51.85514841186669,46.686271212548235,48.9405301415204,51.94780644302152,46.59004780683437,37.56629345366642
1382,Prov. Kalimantan Barat,Kota Singkawang,P,S1,254,1251.0,296.136811584273,235.59147308977296,212.42522198631926,220.08875602282214,247.35579781566875,230.91952861895376,246.0648150666399
1383,Prov. Kalimantan Selatan,Kab. Banjar,L,D3,35,78.0,18.27310503210418,24.110816769395505,21.702410232631244,24.12467708009484,27.552156785888045,27.265553666142505,25.331128031772526
1384,Prov. Kalimantan Selatan,Kab. Banjar,L,Profesi,58,109.0,25.53549292947892,100.6915304311467,78.15563451508189,71.92657426676259,81.46778339085925,72.20761125018187,67.27731277023547
1385,Prov. Kalimantan Selatan,Kab. Banjar,L,S1,272,2784.0,652.2092872997184,373.1402387121213,314.6420993815631,305.22585193784175,309.94444909725024,317.8442417552027,339.74844043226886
1386,Prov. Kalimantan Selatan,Kab. Banjar,P,D3,111,257.0,60.20753837500993,86.94840130821038,77.34188168786278,85.56963788493186,76.41344833770741,51.554845157027415,65.35084182631473
1387,Prov. Kalimantan Selatan,Kab. Banjar,P,Profesi,143,221.0,51.77379759096185,248.8838681474314,196.98745378050896,188.42459706896386,227.32259114187463,194.88510053721814,189.91192335909088
1388,Prov. Kalimantan Selatan,Kab. Banjar,P,S1,376,3018.0,707.028602396031,480.5607938534962,410.1163966483688,409.23788571743637,477.2116203224445,386.6083711213539,397.7138886467986
1389,Prov. Kalimantan Selatan,Kab. Barito Kuala,L,D3,55,255.0,59.73899722034059,66.99051551549489,51.37447754394821,56.21967992675038,57.567727454866784,44.78765653085213,46.804339813542356
1390,Prov. Kalimantan Selatan,Kab. Barito Kuala,P,D3,26,146.0,34.20350429086167,43.85973710476756,33.70095973678884,37.30588105966087,40.89085453603507,31.342021949641733,40.77826579072722
1391,Prov. Kalimantan Selatan,Kab. Hulu Sungai Selatan,L,S1,116,903.0,211.5463313332061,120.92993454231862,94.85042198103008,95.05179641021161,99.84978899187581,134.23963879627314,146.56311027911866
1392,Prov. Kalimantan Selatan,Kab. Hulu Sungai Selatan,P,S1,204,1389.0,325.40183191785525,228.1115887092808,182.75615539826762,190.80608633769666,208.40717149863002,232.78816627528124,251.4143782771541
1393,Prov. Kalimantan Selatan,Kab. Hulu Sungai Utara,L,D3,9,57.0,13.353422908076134,11.779791396982148,8.869181764238373,8.533176957608223,11.161705342239916,12.178557147223355,13.255850336396026
1394,Prov. Kalimantan Selatan,Kab. Hulu Sungai Utara,L,S1,228,1099.0,257.4633644908012,170.58916456752146,140.38037309354152,148.08944715598602,162.3663539515775,163.09874489497633,162.33712215984963
1395,Prov. Kalimantan Selatan,Kab. Hulu Sungai Utara,P,D3,18,62.0,14.524775794749477,17.299731326651113,13.682201345956537,14.255255495770513,15.145513635421864,12.208120904978468,13.230757378130091
1396,Prov. Kalimantan Selatan,Kab. Hulu Sungai Utara,P,S1,398,1679.0,393.3402993449092,308.9564236507019,257.3640286684142,278.72876833118306,310.4643781685182,275.059433582078,282.7564409460971
1397,Prov. Kalimantan Selatan,Kab. Kota Baru,L,D3,62,271.0,63.487326457695296,54.63226279148915,42.04727059391228,39.553721911316046,58.5667983477678,40.288171970005344,45.10285823084317
1398,Prov. Kalimantan Selatan,Kab. Kota Baru,L,S1,169,538.0,126.03757060605191,78.6822061219039,65.8895635716532,66.51929737374505,70.17941681591367,62.17615853718788,53.70084557104642
1399,Prov. Kalimantan Selatan,Kab. Kota Baru,P,D3,57,155.0,36.3119394868737,41.21645911288411,33.09674937312846,33.40084095709384,38.97351814447274,33.514077308762964,36.05078111784077
1400,Prov. Kalimantan Selatan,Kab. Kota Baru,P,S1,278,855.0,200.301343621142,153.04565372655688,130.83878671292194,137.5085639123468,147.8246250122448,134.26285927714957,131.63394784023868
1401,Prov. Kalimantan Selatan,Kab. Tabalong,L,S1,62,361.0,84.5716784178155,54.243878090751316,44.87463132228938,45.765769602703365,45.743984333185104,58.03115851597966,55.86101201388339
1402,Prov. Kalimantan Selatan,Kab. Tabalong,P,S1,167,775.0,181.55969743436847,142.16195049224513,119.97272323819236,127.24288531925549,149.89849335861774,138.84899864762735,155.72781669583858
1403,Prov. Kalimantan Selatan,Kab. Tanah Bumbu,L,D3,39,297.0,69.5783614683967,83.91116187806881,68.77158956056705,75.69185589541232,85.324284523094,62.867276971864825,64.2102026026235
1404,Prov. Kalimantan Selatan,Kab. Tanah Bumbu,L,Profesi,27,27.0,6.325305588036063,35.990947349023244,29.048590109569062,31.800890374550992,37.11884842528068,16.630626479044242,21.89747287819178
1405,Prov. Kalimantan Selatan,Kab. Tanah Bumbu,L,S1,36,54.0,12.650611176072125,8.27545294858504,6.7812558300755414,7.126612328305854,8.780659405007349,7.964538162660352,7.447396412190301
1406,Prov. Kalimantan Selatan,Kab. Tanah Bumbu,P,D3,44,139.0,32.56361024951899,44.70321287931393,36.62209553047552,40.75552192813394,44.549475173170215,28.44848025944927,38.63107057511782
1407,Prov. Kalimantan Selatan,Kab. Tanah Bumbu,P,Profesi,43,43.0,10.073634825390767,63.0003164324778,50.3112160664195,54.91200914295907,53.522468354878136,14.651141186720308,23.78194589231525
1408,Prov. Kalimantan Selatan,Kab. Tanah Bumbu,P,S1,66,133.0,31.157986785510975,24.247997611219247,20.11790539898001,21.760110658349156,24.859814398842516,17.23504257134503,13.460658814913456
1409,Prov. Kalimantan Selatan,Kab. Tanah Laut,L,D2,5,6.0,1.405623464008014,2.6206745393113384,2.0526838052888743,1.9553577490564118,2.8075443890055456,2.2613445091064275,2.4369978501228236
1410,Prov. Kalimantan Selatan,Kab. Tanah Laut,L,D3,160,500.0,117.13528866733449,129.1306035467879,103.79847471208787,109.00571640113522,112.79654395592684,118.51230963299605,127.70559380830386
1411,Prov. Kalimantan Selatan,Kab. Tanah Laut,L,D4,31,339.0,79.4177257164528,61.35681377741765,53.05051281195207,60.87838685334477,76.63264910681285,53.632366526992776,43.687264494541736
1412,Prov. Kalimantan Selatan,Kab. Tanah Laut,P,D3,250,643.0,150.63598122619217,200.16808202240966,162.99721911323695,177.884624392644,196.29511410121665,151.6436911838315,177.03278537775446
1413,Prov. Kalimantan Selatan,Kab. Tanah Laut,P,D4,29,270.0,63.25305588036063,54.58279988537144,47.019122013541676,53.981289530414216,82.61393513882487,53.71287303138519,48.86354930589404
1414,Prov. Kalimantan Selatan,Kab. Tapin,L,S1,3,31.0,7.262387897374738,5.632892112516283,4.879875640167935,5.443409293581101,5.702120826047992,7.7658812090119165,7.108857461779705
1415,Prov. Kalimantan Selatan,Kab. Tapin,P,S1,8,89.0,20.85008138278554,17.55940195035022,14.998147040144614,16.59817355588851,15.123585764765568,20.40810365107945,18.41534837252643
1416,Prov. Kalimantan Selatan,Kota Banjarbaru,L,D3,107,342.0,80.1205374484568,92.72557209014421,82.29657652282283,85.16081358044505,83.69580652771383,86.83751574058962,96.06267639759957
1417,Prov. Kalimantan Selatan,Kota Banjarbaru,L,D4,161,329.0,77.0750199431061,62.12413800439112,59.225405691236816,66.76325953570532,76.08139455640944,48.09488769308526,36.531541936168225
1418,Prov. Kalimantan Selatan,Kota Banjarbaru,L,Profesi,31,33.0,7.730929052044077,39.33744268762921,33.683596735884336,33.70033272538305,25.33562644746901,28.111843426733596,26.844207185701897
1419,Prov. Kalimantan Selatan,Kota Banjarbaru,L,S1,185,952.0,223.02558962260488,146.75273729914332,131.91472470275482,132.973706140813,128.7589242361998,158.9542746431635,142.88351495392263
1420,Prov. Kalimantan Selatan,Kota Banjarbaru,P,D3,469,1425.0,333.83557270190335,449.95142235750205,401.8341148119852,424.31978431404383,407.11205447497827,326.9576781791379,338.62085496485065
1421,Prov. Kalimantan Selatan,Kota Banjarbaru,P,D4,738,1564.0,366.3991829514223,332.008913986455,315.23808090781444,357.5167060510835,380.03008776722123,318.763372200102,360.24380150965067
1422,Prov. Kalimantan Selatan,Kota Banjarbaru,P,Profesi,121,123.0,28.815281012164288,170.87054607791117,147.25279589708347,150.37834372826998,102.65921457927028,107.34146085469213,106.36490141633283
1423,Prov. Kalimantan Selatan,Kota Banjarbaru,P,S1,333,1394.0,326.5731848045286,263.0810738360606,241.51418002971474,253.3619903831878,212.14989258861573,244.21588458992454,228.43983231857763
1424,Prov. Kalimantan Selatan,Kota Banjarmasin,L,D2,15,24.0,5.622493856032056,10.411444649286176,9.37188006710938,8.563670875257726,7.7529161214706495,10.577515651346534,11.87583420665198
1425,Prov. Kalimantan Selatan,Kota Banjarmasin,L,D3,769,2749.0,644.009817093005,776.3249070262751,744.3181559691659,769.7983812541092,672.2339999539983,650.2267928492129,657.9176928464367
1426,Prov. Kalimantan Selatan,Kota Banjarmasin,L,D4,171,847.0,198.42717900246464,152.32397453575132,152.48393798080633,166.24811881797083,138.71874393545573,155.64001386895492,116.2393751324939
1427,Prov. Kalimantan Selatan,Kota Banjarmasin,L,Profesi,5316,3991.0,934.9738741426639,5401.685357181306,5127.571051499142,5302.51145826651,7769.698652358119,4435.704351870087,4607.994599500244
1428,Prov. Kalimantan Selatan,Kota Banjarmasin,L,S1,4857,32279.0,7562.01996578578,5243.3440234961445,5099.363436291145,5174.230831082343,4903.184340427736,4986.268035869825,4910.918586370958
1429,Prov. Kalimantan Selatan,Kota Banjarmasin,L,S2,935,3025.0,708.6684964373737,973.1500573781193,1008.6937074438298,1016.6938345980888,955.1379305238839,826.0446439537868,897.6612000459555
1430,Prov. Kalimantan Selatan,Kota Banjarmasin,L,S3,52,376.0,88.08573707783555,64.08547669973439,69.90094613292881,95.31301538750961,59.632952686814896,71.1780861848474,57.61405248989256
1431,Prov. Kalimantan Selatan,Kota Banjarmasin,L,Sp-1,25,158.0,37.0147512188777,30.806843613323466,36.08652165084161,50.73601376790033,34.82475322614556,28.09795424452653,28.25357495470861
1432,Prov. Kalimantan Selatan,Kota Banjarmasin,P,D3,1018,3093.0,724.5988956961312,978.1520665504314,933.2502856308018,969.1588465210585,947.7248510316464,801.9815802719376,871.6283535195039
1433,Prov. Kalimantan Selatan,Kota Banjarmasin,P,D4,89,668.0,156.4927456595589,139.89672896756406,140.93688442755132,156.76086277120143,158.30623294591476,105.98165639498579,104.96088372334667
1434,Prov. Kalimantan Selatan,Kota Banjarmasin,P,Profesi,12442,9766.0,2287.8864582503775,14642.115437589475,13783.624042253014,14255.628385767344,21943.86966233926,7480.13955165503,9866.429653636758
1435,Prov. Kalimantan Selatan,Kota Banjarmasin,P,S1,8089,41472.0,9715.669383223392,8014.3934240394465,7887.203729438991,8243.005270001191,8060.686928388225,7331.422389517203,7594.539988976354
1436,Prov. Kalimantan Selatan,Kota Banjarmasin,P,S2,885,2701.0,632.7648293809409,1011.8121352866715,1055.265853052681,1085.321756198257,994.6006774513685,814.8267131708503,844.1610254033988
1437,Prov. Kalimantan Selatan,Kota Banjarmasin,P,S3,15,193.0,45.21422142559111,37.36624887605518,40.714899242868846,56.086701154679695,34.90491749354413,27.3256848228904,25.87487494810392
1438,Prov. Kalimantan Selatan,Kota Banjarmasin,P,Sp-1,18,102.0,23.895598888136238,21.68042234361323,25.067930207818954,35.022285433133945,24.31482680267241,36.656754928605594,41.73712242103978
1439,Prov. Kalimantan Tengah,Kab. Barito Selatan,L,S1,22,128.0,28.79309103420431,20.75659676008937,18.732405179794497,18.643762274985722,22.66366515464206,21.121190931732365,14.084046774417917
1440,Prov. Kalimantan Tengah,Kab. Barito Selatan,P,S1,40,266.0,59.83564230545583,51.884600016266084,47.484670118775526,48.52425265065452,55.546262875362345,50.32622776879694,49.70473747543445
1441,Prov. Kalimantan Tengah,Kab. Barito Utara,L,D3,14,69.0,15.521275635625761,18.386186882544234,16.075197750633972,15.993172053801725,17.884647382112593,26.442092213555366,27.67434192560793
1442,Prov. Kalimantan Tengah,Kab. Barito Utara,L,S1,19,175.0,39.365554148326204,26.947815636603945,23.64037460433631,23.1854346796386,21.580022595375368,23.292020602694638,20.321892328923912
1443,Prov. Kalimantan Tengah,Kab. Barito Utara,P,D3,24,93.0,20.91998020453907,30.697869699125953,27.504241715106442,28.364776907757552,23.45379440372186,24.16054941119264,27.70268708828116
1444,Prov. Kalimantan Tengah,Kab. Barito Utara,P,S1,54,319.0,71.75778156180606,57.918868261038064,51.16128233648493,51.18717299385315,47.674370876620834,34.679583716419344,33.87841735263913
1445,Prov. Kalimantan Tengah,Kab. Kapuas,L,S1,75,414.0,93.12765381375456,57.93669254206758,47.75072962027959,44.76466161623314,57.32827651168275,39.729490254197145,33.91046886880356
1446,Prov. Kalimantan Tengah,Kab. Kapuas,P,S1,144,740.0,166.46005754149365,118.44094580655577,97.23160360777264,92.0742589253567,115.71065164663585,96.37088983911497,101.63433209352988
1447,Prov. Kalimantan Tengah,Kab. Kotawaringin Barat,L,D3,1,7.0,1.5746221659330482,1.8747945061709301,1.644270332650875,1.6381380026432795,1.6522819680679337,4.355190485675111,3.2784538429737133
1448,Prov. Kalimantan Tengah,Kab. Kotawaringin Barat,L,S1,149,886.0,199.30217700238296,113.10642537660001,92.93510123485939,85.7536754185036,107.65369106900128,101.70480024652669,124.4695623759216
1449,Prov. Kalimantan Tengah,Kab. Kotawaringin Barat,P,D3,3,88.0,19.795250086015464,25.352092001408714,21.66822642125997,21.377101860786997,27.06227589434356,26.484105502260665,29.35751519922336
1450,Prov. Kalimantan Tengah,Kab. Kotawaringin Barat,P,S1,260,1076.0,242.04192150627998,185.20414156524456,160.7231329765887,158.00486863789695,170.28971084135307,151.395288445861,140.2720153491233
1451,Prov. Kalimantan Tengah,Kab. Kotawaringin Timur,L,D3,15,239.0,53.76209966542836,52.1049576970257,44.888286174233244,42.80203628732767,48.28729109398067,37.376046210506544,31.488469002360915
1452,Prov. Kalimantan Tengah,Kab. Kotawaringin Timur,L,S1,141,1017.0,228.77010610770142,119.11764786048046,100.88224674428841,93.62253810649378,118.09447673655326,118.80172382206067,116.70735810979431
1453,Prov. Kalimantan Tengah,Kab. Kotawaringin Timur,P,D3,101,441.0,99.20119645378203,135.49026069587725,125.23832764674512,129.06440134503683,114.97258912798601,93.934137892633,93.67649155739716
1454,Prov. Kalimantan Tengah,Kab. Kotawaringin Timur,P,S1,240,1219.0,274.2092028960551,197.2856262377772,177.6468453625337,176.3250878207295,185.46168401705327,191.74047158631532,200.7616810279419
1455,Prov. Kalimantan Tengah,Kab. Seruyan,L,D3,7,25.0,5.623650592618029,4.517843435603276,3.3435918835219365,2.8921493808654573,5.580145402628969,6.002827003970658,6.254151961414982
1456,Prov. Kalimantan Tengah,Kab. Seruyan,L,D4,9,137.0,30.8176052475468,17.627442530406025,13.467775706794711,12.631471139907601,21.480853677291186,17.298742691333075,20.102029385147937
1457,Prov. Kalimantan Tengah,Kab. Seruyan,P,D3,1,22.0,4.948812521503866,3.426031354454811,2.2833023887031705,1.820265529747409,3.2156134207666685,6.3492750990485165,6.78814751758061
1458,Prov. Kalimantan Tengah,Kab. Seruyan,P,D4,13,108.0,24.294170560109887,18.55330242711759,14.91925064541691,14.860927304098213,23.277965180821404,18.001604478315244,13.860673196654314
1459,Prov. Kalimantan Tengah,Kota Palangka Raya,L,D3,71,399.0,89.75346345818375,109.03447334811025,107.38681855096185,113.83928691270266,97.3376600885196,106.56543310916709,120.01996462848491
1460,Prov. Kalimantan Tengah,Kota Palangka Raya,L,D4,16,142.0,31.942335366070406,26.191934592457198,26.12880278883494,29.519016392996637,20.725512259709,25.392871871754817,23.430135210358667
1461,Prov. Kalimantan Tengah,Kota Palangka Raya,L,Profesi,1159,1184.0,266.3360920663899,1612.0821019985674,1496.4053022483542,1546.1161747838476,1275.4194331559443,1239.3177789140261,1104.0318006554035
1462,Prov. Kalimantan Tengah,Kota Palangka Raya,L,S1,2402,17778.0,3999.090409422533,2577.5884369965083,2483.5703819333226,2550.069657114583,2547.9659987909595,2484.042575125822,2257.5005537376537
1463,Prov. Kalimantan Tengah,Kota Palangka Raya,L,S2,441,1080.0,242.94170560109885,351.9174793401859,369.129141508327,383.29606772443816,327.2619965105505,344.08146419577196,376.8096901143603
1464,Prov. Kalimantan Tengah,Kota Palangka Raya,L,S3,10,68.0,15.296329611921038,9.575856795082348,10.222706885707794,13.362347649274882,10.359855958125015,10.792617610274403,9.064742469726006
1465,Prov. Kalimantan Tengah,Kota Palangka Raya,P,D3,284,1687.0,379.4839419898646,529.7525926398068,520.5587944364369,558.277872639373,455.50121380897474,464.5787724281342,488.71396160810326
1466,Prov. Kalimantan Tengah,Kota Palangka Raya,P,D4,113,1027.0,231.01956634474863,210.5829143323049,207.13706162127235,234.21705180227394,166.25604154545925,249.38088638204658,263.3746014841926
1467,Prov. Kalimantan Tengah,Kota Palangka Raya,P,Profesi,3769,3926.0,883.1380890647353,5990.96883819297,5499.231767237848,5701.890938097532,3939.605065571498,4077.615558493003,4766.363317573188
1468,Prov. Kalimantan Tengah,Kota Palangka Raya,P,S1,3566,21755.0,4893.700745696209,3788.974253109338,3701.684823629225,3903.323728999904,4605.426955735694,3470.8161372257346,3533.6890999414004
1469,Prov. Kalimantan Tengah,Kota Palangka Raya,P,S2,553,1105.0,248.5653561937169,410.01395216254093,427.7002756723378,447.97788556722986,378.51773797159274,369.6856216935149,394.37975701398125
1470,Prov. Kalimantan Tengah,Kota Palangka Raya,P,S3,5,41.0,9.222786971893568,5.544415395306442,5.539670451652121,6.911830011846622,6.185759670350434,6.475388735464207,5.6333473059451595
1471,Prov. Kalimantan Timur,Kab. Berau,L,D3,30,162.0,43.64534950066301,49.17137101376102,40.61694276196775,40.72503179430406,44.50929793994298,39.00306672502679,35.88235848229115
1472,Prov. Kalimantan Timur,Kab. Berau,L,D4,8,66.0,17.7814386854553,13.018860313731771,11.732556102638346,12.261677100826063,15.254478602508653,10.505249465438645,9.519639953639974
1473,Prov. Kalimantan Timur,Kab. Berau,L,S1,157,1054.0,283.964187491968,147.27652749717228,143.28307847497203,138.38118820447858,143.33084599835067,139.35180997663792,133.70131046000202
1474,Prov. Kalimantan Timur,Kab. Berau,L,S2,45,76.0,20.475596062039436,28.332866340005086,24.498377456746184,24.15217681819297,24.454883859286017,23.17283293446713,24.967626307527976
1475,Prov. Kalimantan Timur,Kab. Berau,P,D3,23,80.0,21.55325901267309,25.989165608012954,22.30291309460641,22.7931104247314,27.52706157193035,27.79246284159236,29.60847130150242
1476,Prov. Kalimantan Timur,Kab. Berau,P,D4,9,92.0,24.786247864574054,19.980449006560267,18.5160263540214,19.790541312881253,27.58967761159912,16.87725862091067,15.302457158841694
1477,Prov. Kalimantan Timur,Kab. Berau,P,S1,250,1360.0,366.40540321544256,238.84538673779159,227.75314462439164,228.53668662851086,244.37271220587178,224.4541088455184,232.44965577968912
1478,Prov. Kalimantan Timur,Kab. Berau,P,S2,31,43.0,11.584876719311787,17.842333397748966,15.801982464745446,15.95312658588262,10.032351406599735,7.91648405441981,7.040529558705175
1479,Prov. Kalimantan Timur,Kab. Kutai Barat,L,D3,13,35.0,9.429550818044477,6.97877308614786,6.2529177655921195,6.010171453232388,8.109468667943824,7.230319664951901,6.929856478607361
1480,Prov. Kalimantan Timur,Kab. Kutai Barat,P,D3,8,28.0,7.543640654435582,5.044919670078588,4.99316307858044,4.79402292120255,6.378711667108411,6.529996306251862,6.506269278280354
1481,Prov. Kalimantan Timur,Kab. Kutai Kartanegara,L,S1,232,1794.0,483.3318333591941,296.5680656613052,275.6590596398411,260.5760099585488,297.3754783935583,280.1255830179222,280.73068243598857
1482,Prov. Kalimantan Timur,Kab. Kutai Kartanegara,L,S2,21,66.0,17.7814386854553,22.289654104803223,20.2837526830306,18.95930810086525,23.931213371909806,18.460937992483757,13.76311694556729
1483,Prov. Kalimantan Timur,Kab. Kutai Kartanegara,P,S1,343,1993.0,536.9455651532184,380.2202732998766,357.27238709560265,347.3373956470432,389.855163648423,346.5238648984983,375.09931028078273
1484,Prov. Kalimantan Timur,Kab. Kutai Kartanegara,P,S2,12,40.0,10.776629506336546,15.283595318415705,14.161545060347253,13.581470267917059,15.04755619458819,10.11681812777155,7.9091474925516545
1485,Prov. Kalimantan Timur,Kab. Kutai Timur,L,S1,114,1221.0,328.95661568092305,123.68716186048077,135.9378364491072,124.97876149835132,103.0487103806818,122.21843323079135,121.86672382652333
1486,Prov. Kalimantan Timur,Kab. Kutai Timur,P,S1,259,1692.0,455.85142811803587,246.7353685654633,253.031487076434,245.6452367961308,206.36092032162622,243.30636621812567,260.23279354837155
1487,Prov. Kalimantan Timur,Kab. Pasir,L,S1,54,215.0,57.92438359655893,28.48166869033382,26.31467562793766,25.452463033395837,26.882297757167056,35.334444524200805,24.776286090188883
1488,Prov. Kalimantan Timur,Kab. Pasir,P,S1,96,359.0,96.7202498193705,61.45835459148401,55.09648538729886,55.55268098289678,63.0398307056806,37.029168449512184,43.82446784022404
1489,Prov. Kalimantan Timur,Kota Balikpapan,L,D3,239,1185.0,319.25764912522015,285.6947538795169,265.9115605966045,263.6056404808646,327.7572750961789,287.0439302242134,286.8576749924385
1490,Prov. Kalimantan Timur,Kota Balikpapan,L,D4,175,1115.0,300.3985474891312,177.82784739968585,179.39862134880113,185.77251065550297,227.0606704267665,251.0902248556745,192.8375839349728
1491,Prov. Kalimantan Timur,Kota Balikpapan,L,S1,1381,9415.0,2536.5491700539646,1370.4990190872509,1358.3017213556525,1341.2777680599525,1599.0341147061515,1474.3817955266632,1303.2011436513026
1492,Prov. Kalimantan Timur,Kota Balikpapan,L,S2,29,48.0,12.931955407603855,12.223626710495363,12.578410219001485,12.041934127990022,12.867239422929071,11.65815540659581,12.693328776929306
1493,Prov. Kalimantan Timur,Kota Balikpapan,P,D3,206,618.0,166.49892587289963,169.94593200563384,160.52522158721038,163.4641021669625,197.88288119716975,150.76922790451394,161.1210188565587
1494,Prov. Kalimantan Timur,Kota Balikpapan,P,D4,177,1070.0,288.2748392945026,215.4008913831271,212.65970211685732,228.91595947391144,351.4271115747066,286.6038286700531,235.1029894699082
1495,Prov. Kalimantan Timur,Kota Balikpapan,P,S1,1460,8138.0,2192.50527306417,1421.4336526004795,1404.6310679755127,1432.939041227155,1664.2117914750008,1418.9355849729259,1418.689675830247
1496,Prov. Kalimantan Timur,Kota Balikpapan,P,S2,21,19.0,5.118899015509859,6.829340727643404,6.604386501938702,6.660710788159266,7.743765569541569,4.049461518711787,5.4182105498286495
1497,Prov. Kalimantan Timur,Kota Bontang,L,S1,60,630.0,169.7319147248006,93.50523216088315,88.52480100736318,84.83702025963392,94.51480497224084,82.29962606604595,65.32226955662078
1498,Prov. Kalimantan Timur,Kota Bontang,P,S1,46,427.0,115.04051998014263,73.96782887800603,70.50416540663304,69.58389603821473,77.28538790312764,61.716887370837846,57.75473073377824
1499,Prov. Kalimantan Timur,Kota Samarinda,L,D3,752,2655.0,715.2987834830882,742.2369534948806,676.7768860404293,680.0951400406105,696.2687813546454,681.3240401282434,640.7020830562218
1500,Prov. Kalimantan Timur,Kota Samarinda,L,D4,586,3070.0,827.1063146113299,557.9771279090279,554.3181758890247,580.9774503725923,524.3218662350703,701.7196886963983,568.0285190013523
1501,Prov. Kalimantan Timur,Kota Samarinda,L,Profesi,1584,2639.0,710.9881316805536,4052.4217118228216,3092.0076569317944,2990.7243057769942,2424.2006896877087,4091.1000619363645,4302.275622680652
1502,Prov. Kalimantan Timur,Kota Samarinda,L,S1,3997,26770.0,7212.259297115734,4368.692153904197,4298.273997540925,4283.116779549208,4275.921615873666,4481.021338332279,4165.88663112015
1503,Prov. Kalimantan Timur,Kota Samarinda,L,S2,357,1300.0,350.24045895593775,463.7843456129815,436.56573309543484,433.331220141822,407.3197369852855,369.39444627478883,344.0155289399698
1504,Prov. Kalimantan Timur,Kota Samarinda,L,S2 Terapan,21,42.0,11.315460981653374,13.602340302247555,12.28460511411187,11.41810140398762,12.464007974171633,10.224653068940324,12.704005327678063
1505,Prov. Kalimantan Timur,Kota Samarinda,L,S3,22,160.0,43.10651802534618,29.438343641560216,28.537580963993392,36.43965664223085,26.871086245283,25.873664864688884,25.419569876683816
1506,Prov. Kalimantan Timur,Kota Samarinda,L,Sp-1,6,11.0,2.96357311424255,2.0763548720223364,2.2927491162709432,3.066981481470532,2.207212093508395,3.787242670882947,3.2767404453162525
1507,Prov. Kalimantan Timur,Kota Samarinda,P,D3,873,2933.0,790.1963585521272,910.7765076308126,851.2329902480551,875.7545245945955,904.4243641458852,852.8905418504634,901.0727018500596
1508,Prov. Kalimantan Timur,Kota Samarinda,P,D4,908,3316.0,893.3825860752996,708.5958240306086,707.2698463108053,763.8628536006062,723.7018549033921,952.7418883784148,1039.622471400409
1509,Prov. Kalimantan Timur,Kota Samarinda,P,Profesi,4278,6757.0,1820.442139357901,11325.677619050432,8914.011853464928,8808.745634984363,5878.624610931675,7176.078924186966,6733.27381390293
1510,Prov. Kalimantan Timur,Kota Samarinda,P,S1,7009,38053.0,10252.077065115614,7445.261572535865,7295.058743764695,7514.58245175108,7607.424853693556,7050.4387081591285,7436.115928353537
1511,Prov. Kalimantan Timur,Kota Samarinda,P,S2,449,1322.0,356.1676051844228,530.8185351723063,509.73016134283904,518.803163698655,472.48601980246735,382.4882737471373,411.56666938348
1512,Prov. Kalimantan Timur,Kota Samarinda,P,S2 Terapan,13,23.0,6.196561966143514,8.086355649452365,7.548209738492984,7.163059209172377,7.505268247937533,7.407554911515192,8.10436305156298
1513,Prov. Kalimantan Timur,Kota Samarinda,P,S3,19,85.0,22.90033770096516,17.322482522483533,17.23023244421581,22.517081018227966,16.14297210974038,12.449143422894712,10.727898792169844
1514,Prov. Kalimantan Utara,Kab. Bulungan,L,S1,44,496.0,116.19820635799582,58.03976344011193,44.47745000126579,41.251066648463976,65.62860196836301,41.16730573046241,39.945555437233
1515,Prov. Kalimantan Utara,Kab. Bulungan,P,S1,40,468.0,109.63863019262509,66.72202030733992,52.12939502682517,50.23934717639947,59.59970950285694,50.01416585300506,58.68067816521846
1516,Prov. Kalimantan Utara,Kab. Nunukan,L,D3,60,177.0,41.46589218823641,50.84560674839294,42.07543728711639,47.695476457910864,39.566440366704725,28.40781566554575,30.063356886122467
1517,Prov. Kalimantan Utara,Kab. Nunukan,L,S1,16,101.0,23.66132831080157,10.949466719980316,8.152356889094747,7.626969606162394,11.331554333024618,15.788803750723,17.36661282818404
1518,Prov. Kalimantan Utara,Kab. Nunukan,P,D3,61,186.0,43.574327384248434,59.81704082604807,49.23943809028881,56.06085692892645,57.858888258719986,37.221331037750936,31.116111907624965
1519,Prov. Kalimantan Utara,Kab. Nunukan,P,S1,59,221.0,51.77379759096185,30.135104715221246,23.08786715945388,22.73402608227905,25.341876051477016,33.081028377219084,27.615924471294296
1520,Prov. Kalimantan Utara,Kota Tarakan,L,D3,30,113.0,26.472575238817598,25.066101724271395,21.050993254448365,19.688469897089202,27.465451521363967,22.068725492893225,21.190910549584736
1521,Prov. Kalimantan Utara,Kota Tarakan,L,D4,6,40.0,9.37082309338676,5.918250958889919,5.272145410265306,5.2790602601147745,6.494770159249571,6.486043770913284,5.632956668075366
1522,Prov. Kalimantan Utara,Kota Tarakan,L,Profesi,507,516.0,120.8836179046892,701.3460638915572,625.8482826065881,646.6936122633244,594.9403858426944,571.2946080949491,593.3361715822098
1523,Prov. Kalimantan Utara,Kota Tarakan,L,S1,416,4034.0,945.0475089680547,673.8498083518022,621.0273333043741,634.7250723713698,671.6036590783425,646.529046831889,563.5853546827781
1524,Prov. Kalimantan Utara,Kota Tarakan,L,S2,64,245.0,57.39629144699391,88.87328365313616,89.55986879896875,94.50524583872905,88.60609237635303,76.30479855644822,70.31071820179021
1525,Prov. Kalimantan Utara,Kota Tarakan,P,D3,170,772.0,180.85688570236445,205.48772729507058,175.16448991653206,169.19650098462975,216.33574681000417,161.4479566440697,162.93479802066466
1526,Prov. Kalimantan Utara,Kota Tarakan,P,D4,15,103.0,24.129869465470907,18.674687883990156,16.98926498284058,17.718047742666453,18.371663479135595,13.602616493578228,10.383113175281597
1527,Prov. Kalimantan Utara,Kota Tarakan,P,Profesi,1679,1769.0,414.42465130502944,2708.6121093022202,2408.7013409681695,2506.094388573873,2665.6369169068253,1918.8047675817513,1850.76502600899
1528,Prov. Kalimantan Utara,Kota Tarakan,P,S1,901,6518.0,1526.9756230673725,1312.3993658427441,1230.2759781292616,1299.6097381918307,1167.1156534195322,1205.4867202814312,1200.7988794518938
1529,Prov. Kalimantan Utara,Kota Tarakan,P,S2,36,147.0,34.43777486819634,59.0436130502126,58.99805217405199,62.25248943702313,58.693999165078914,48.99799331837233,45.35572579619949
1530,Prov. Kepulauan Riau,Kab. Bintan,L,D3,14,49.0,11.599283587233714,15.612574892621279,13.520300269635355,14.603005592670332,20.748402040710726,11.08411401033656,14.142944080058516
1531,Prov. Kepulauan Riau,Kab. Bintan,L,D4,9,48.0,11.362563514024863,9.435530956722022,8.620828341291222,9.694968306384599,15.25937067869571,8.080669754390197,5.848565495148656
1532,Prov. Kepulauan Riau,Kab. Bintan,L,S1,82,791.0,187.24557790820137,131.01829656509258,108.58020112612014,109.36990129072011,135.289471074045,147.98562342152292,125.13179279914215
1533,Prov. Kepulauan Riau,Kab. Bintan,P,D3,8,48.0,11.362563514024863,16.33009019613141,13.990621883448936,14.96020816881411,15.377843428133442,13.086640212788891,14.87226754997875
1534,Prov. Kepulauan Riau,Kab. Bintan,P,D4,5,36.0,8.521922635518647,7.721728040697901,7.0304169120074596,7.900305375056423,13.764930064862911,7.545678112759085,4.7928747859068555
1535,Prov. Kepulauan Riau,Kab. Bintan,P,S1,185,1110.0,262.7592812618249,208.51872854203316,174.4436259192187,178.49712584897796,241.8752528407412,240.76708249460134,265.66976038221037
1536,Prov. Kepulauan Riau,Kab. Karimun,L,S1,110,464.0,109.83811396890701,69.04736336838096,62.241463218979575,58.99466678499244,67.20962618361172,46.87545837099646,44.110324083916176
1537,Prov. Kepulauan Riau,Kab. Karimun,P,S1,170,577.0,136.5874822415072,102.42347000176659,94.778359964447,93.20595435088758,86.76742691812484,91.69413416715594,77.4511103894128
1538,Prov. Kepulauan Riau,Kab. Natuna,L,S1,48,568.0,134.45700158262753,72.37640811254579,48.969549627935045,44.023498226968236,87.1259744090067,52.92981185662392,63.22862663377859
1539,Prov. Kepulauan Riau,Kab. Natuna,P,S1,82,700.0,165.70405124619592,112.00672341317734,79.14900640848346,75.49456341496665,110.58097209400545,99.0343158696446,96.92544314673276
1540,Prov. Kepulauan Riau,Kota Batam,L,D2,6,13.0,3.077360951715067,4.858373264416641,4.241517045352191,3.8643283292967356,3.309310803378748,5.756308482411315,7.890125449687008
1541,Prov. Kepulauan Riau,Kota Batam,L,D3,357,2263.0,535.6975256716305,599.1341856946237,607.0960581540679,646.5980139586508,599.5011456178914,500.2917630408569,543.268371817394
1542,Prov. Kepulauan Riau,Kota Batam,L,D4,482,5058.0,1197.3301302903699,856.3425250536225,927.3843533851327,1048.6369527668353,961.0648585024627,890.5608137409603,863.4649890313777
1543,Prov. Kepulauan Riau,Kota Batam,L,Profesi,408,319.0,75.51370335362357,362.005950638969,334.06998772748676,332.0070333983946,274.48770019601494,322.618600921539,286.5810266885927
1544,Prov. Kepulauan Riau,Kota Batam,L,S1,1567,13775.0,3260.8190084519265,1985.205900154832,1954.5411103016684,1978.2250705853965,2254.1524872713303,2171.5332305664733,2013.329729359977
1545,Prov. Kepulauan Riau,Kota Batam,L,S2,341,827.0,195.76750054372002,229.56060281815834,239.42474922027637,236.6029029858172,254.5980385322561,201.9371366856506,207.0352623845824
1546,Prov. Kepulauan Riau,Kota Batam,L,S2 Terapan,1,33.0,7.811762415892093,9.276355883815636,8.700240308152248,7.0885405094192135,9.325101090002748,8.333060770156836,9.40374235151754
1547,Prov. Kepulauan Riau,Kota Batam,L,S3,16,45.0,10.652403294398308,4.640657061594428,4.903790385747865,5.8684271411947675,6.29957611213751,5.832096379847406,5.26781835631651
1548,Prov. Kepulauan Riau,Kota Batam,P,D2,4,12.0,2.840640878506216,5.74333298479124,5.271324995885019,5.1384166799637745,4.044173659147227,5.71785192240326,8.363935323357635
1549,Prov. Kepulauan Riau,Kota Batam,P,D3,307,1549.0,366.67939340051066,465.7098000870646,477.57834065936765,521.9154191700414,510.0136756297916,441.6689584762467,507.82927569953694
1550,Prov. Kepulauan Riau,Kota Batam,P,D4,661,4198.0,993.7508673307577,791.4626281881218,862.2388608132836,994.433899231292,1174.5075043008771,932.2144018866655,944.0916786746661
1551,Prov. Kepulauan Riau,Kota Batam,P,Profesi,1313,1002.0,237.193513355269,1302.8576781614217,1217.8478194648173,1234.8843192069778,1114.2773921002754,885.5988888413276,968.3602492758356
1552,Prov. Kepulauan Riau,Kota Batam,P,S1,2187,15450.0,3657.3251310767528,2621.622333633019,2636.827669753563,2747.5809196999685,3136.9110884612505,2891.2053920493163,2938.7405441149244
1553,Prov. Kepulauan Riau,Kota Batam,P,S2,253,559.0,132.32652092374786,185.20802145803273,198.35267955388304,203.512509736715,211.9108421518587,180.78461349332883,190.74484824442698
1554,Prov. Kepulauan Riau,Kota Batam,P,S3,9,28.0,6.628162049847837,3.450466420444484,3.745439616474577,4.655932421446642,4.220054402131118,4.688146590410543,4.628174432483208
1555,Prov. Kepulauan Riau,Kota Tanjungpinang,L,D3,53,180.0,42.60961317759323,52.241783405561726,49.31316722327701,50.997929251722354,49.16261180846222,54.224273906266575,53.52381808693974
1556,Prov. Kepulauan Riau,Kota Tanjungpinang,L,Profesi,228,133.0,31.483769736777223,190.88232912889262,172.39619330183024,178.07681786139804,127.7318522931524,117.59150347039551,140.76065554575462
1557,Prov. Kepulauan Riau,Kota Tanjungpinang,L,S1,758,5294.0,1253.1960675676587,841.9126828071933,774.5734739389934,766.4176619585111,737.08866641904,731.4107982796352,740.3731170911093
1558,Prov. Kepulauan Riau,Kota Tanjungpinang,L,S2,9,63.0,14.913364612157633,18.44650482094392,17.721083353309954,16.84484552130457,20.178509693521914,16.750937187176348,16.18889482497151
1559,Prov. Kepulauan Riau,Kota Tanjungpinang,P,D3,391,1101.0,260.62880060294526,359.59923399393847,341.7631680235594,357.8496368869588,310.3163929630839,258.34310135215446,263.59835638893856
1560,Prov. Kepulauan Riau,Kota Tanjungpinang,P,Profesi,1146,640.0,151.50084685366483,1014.4565184834554,916.7154977886494,951.0909780116939,634.98729833283,814.7471742340426,741.822663704483
1561,Prov. Kepulauan Riau,Kota Tanjungpinang,P,S1,1343,8177.0,1935.660038628777,1537.2270940924802,1447.5227379943371,1480.750029700954,1409.6155997176074,1352.8380716708448,1286.274275230451
1562,Prov. Kepulauan Riau,Kota Tanjungpinang,P,S2,3,38.0,8.995362781936349,14.328115605005781,14.4974508023658,14.779111608234995,14.513839795970686,11.119039201914553,10.203956694534291
1563,Prov. Lampung,Kab. Lampung Selatan,L,S1,2278,14535.0,3915.9577468650423,2381.143305516431,2180.4536831240216,2170.800706150333,2271.922335388035,2325.6079469766246,2116.776051877522
1564,Prov. Lampung,Kab. Lampung Selatan,L,S2,895,2452.0,660.6073887384302,476.2506687827145,521.5701567437961,480.5062383859893,429.47189210382777,317.3565940711949,369.227905092463
1565,Prov. Lampung,Kab. Lampung Selatan,L,S3,18,172.0,46.339506877247146,31.61219279404487,28.613904532247368,36.457308429169174,44.244272155978585,29.119408523682637,24.57244532080229
1566,Prov. Lampung,Kab. Lampung Selatan,P,D3,16,55.0,14.817865571212751,16.715502094366144,14.695736338681177,15.049330218504815,17.436948288421416,18.87978022494674,19.488063649728073
1567,Prov. Lampung,Kab. Lampung Selatan,P,S1,2792,14991.0,4038.811323237279,2787.2705742411376,2593.7441440370735,2651.5373832790647,2745.6920229392435,2485.3188569123163,2604.3183580792975
1568,Prov. Lampung,Kab. Lampung Selatan,P,S2,727,1703.0,458.81500123227846,398.0927957786332,434.0819800601955,413.3536935520913,492.91606070263964,323.6236618010993,456.56537605767966
1569,Prov. Lampung,Kab. Lampung Selatan,P,S3,7,60.0,16.164944259504818,11.617053723790255,10.987236996991724,14.241722777930434,16.08336671925481,8.884131805492482,6.2676915428436635
1570,Prov. Lampung,Kab. Lampung Tengah,L,S1,301,758.0,204.21712914507754,138.36155364061668,124.46619248263877,124.2731832461493,146.58773075781787,130.51705014384953,122.04690144826566
1571,Prov. Lampung,Kab. Lampung Tengah,P,D3,45,36.0,9.698966555702892,11.635115720831017,10.190178827751089,10.422246461733849,14.611299468720796,12.120045799350615,14.043074431226666
1572,Prov. Lampung,Kab. Lampung Tengah,P,S1,210,792.0,213.37726422546362,158.60112463478572,146.90213511834764,149.9413816441435,187.31376416388872,141.8548131469055,155.11638678734138
1573,Prov. Lampung,Kab. Lampung Timur,L,D3,19,41.0,11.046045243994959,7.7521785239505725,7.725039618816382,7.340658146086607,8.346376777907082,8.27403321454567,9.719982896575953
1574,Prov. Lampung,Kab. Lampung Timur,L,S1,1063,4194.0,1129.9296037393867,436.34881216284964,480.06740426875405,448.85193098707424,375.8401101795152,344.898307578307,325.2257763411792
1575,Prov. Lampung,Kab. Lampung Timur,P,D3,15,37.0,9.968382293361305,8.035757434134467,8.108857394534043,7.920279352154715,8.139749198511138,8.118977357538668,9.38277681798361
1576,Prov. Lampung,Kab. Lampung Timur,P,S1,715,4765.0,1283.765989942341,560.0476304525695,627.7000054037717,602.0680954305657,437.4529825576659,442.70523730840785,471.0574897589205
1577,Prov. Lampung,Kab. Lampung Utara,L,D3,1,9.0,2.424741638925723,1.3911485145520905,1.5059467413870555,1.3958853345346147,0.9126511813841215,3.261916382837712,3.0118516741236117
1578,Prov. Lampung,Kab. Lampung Utara,L,S1,288,1981.0,533.7125763013174,269.95055184131354,270.796976046956,261.8011400614687,282.41612439903406,250.63957055552643,244.30567702390226
1579,Prov. Lampung,Kab. Lampung Utara,L,S2,19,109.0,29.366315404767086,26.58674722470207,27.511485170879187,25.834329186357788,29.759497298583536,26.221815504290053,25.739610604237168
1580,Prov. Lampung,Kab. Lampung Utara,P,D3,36,61.0,16.43435999716323,12.848601679717211,13.238973329813051,12.873328965444024,14.423454200793852,17.065252367193942,17.79214925316214
1581,Prov. Lampung,Kab. Lampung Utara,P,S1,459,2677.0,721.2259297115734,449.4647298720799,442.8063891656176,444.8469106459643,453.1196848177241,447.85499302400257,460.38018202499086
1582,Prov. Lampung,Kab. Lampung Utara,P,S2,7,50.0,13.470786882920683,19.23143580434878,17.96568962999407,18.008816480447532,20.566067238226637,18.33191953703502,16.94460738022636
1583,Prov. Lampung,Kab. Mesuji,L,S1,104,190.0,51.188990155098594,36.72766969398227,31.596514347599562,31.24952602855764,39.368052111420845,31.413558733851527,23.395791104749296
1584,Prov. Lampung,Kab. Mesuji,P,S1,35,122.0,32.86871999432646,25.82926066510287,22.89314584178644,23.141470738479917,28.373512299314303,27.168893350218234,16.987652814196952
1585,Prov. Lampung,Kab. Pasawaran,L,S1,4,340.0,91.60135080386064,39.85050923817484,41.376448609803866,38.79595082306054,44.68517701843504,52.85436682350198,37.8596592767352
1586,Prov. Lampung,Kab. Pasawaran,P,S1,6,209.0,56.307889170608455,29.675271343568653,30.60522092064072,29.68458829015866,24.362059045330486,23.56369713958981,39.57171953242106
1587,Prov. Lampung,Kab. Pesisir Barat,L,S1,9,42.0,11.315460981653374,4.48810541173235,4.591467214830836,4.2702878039466245,5.224693642355648,6.840949038754573,6.3662236353118695
1588,Prov. Lampung,Kab. Pesisir Barat,P,S1,25,101.0,27.21098950349978,9.287395573533235,10.682985874839417,9.867046573923234,12.714914135268542,11.692321567181633,15.366845385322543
1589,Prov. Lampung,Kab. Pringsewu,L,D3,23,88.0,23.7085849139404,25.170510357208546,21.580164519275776,21.432132148248225,26.3999868739837,25.333198443989136,25.685179794468862
1590,Prov. Lampung,Kab. Pringsewu,L,Profesi,137,193.0,51.99723736807383,187.38433951217456,160.05581069768647,144.4660695555878,172.92127989962108,183.70751775323757,220.76530194080487
1591,Prov. Lampung,Kab. Pringsewu,L,S1,430,2864.0,771.6066726536967,461.425866115199,432.8640773970507,424.27570794526895,436.5693066152913,356.97441633429617,387.04560230293623
1592,Prov. Lampung,Kab. Pringsewu,L,S2,78,219.0,59.00204654719259,58.17172463565192,57.77360273243813,54.56633565829001,58.041732398565614,62.02808684321964,58.52160385845721
1593,Prov. Lampung,Kab. Pringsewu,P,D3,70,354.0,95.37317113107844,106.26959729156499,94.75089668288292,95.97193569787069,111.88849489586178,88.60163054652357,91.18491280877312
1594,Prov. Lampung,Kab. Pringsewu,P,Profesi,508,583.0,157.06937505485516,862.910309543949,673.6089680154187,646.4121568818499,705.0162633109314,632.0724140842993,684.8156659065768
1595,Prov. Lampung,Kab. Pringsewu,P,S1,1305,6283.0,1692.7390797078128,1169.1448853122638,1108.0666848399314,1117.281707963799,1148.8954798509126,1064.4397650325996,1053.2262475544635
1596,Prov. Lampung,Kab. Pringsewu,P,S2,136,317.0,85.40478883771712,99.87270200410359,99.28196130531637,96.75512945085939,105.46077501794491,76.18520071768819,78.35800934428296
1597,Prov. Lampung,Kab. Tenggamus,L,D3,17,18.0,4.849483277851446,5.533331663806306,4.4414655648307955,4.440576480225234,6.073943584781266,6.334589422085252,6.3967702512525415
1598,Prov. Lampung,Kab. Tenggamus,L,S1,73,385.0,103.72505899848926,71.48329031907083,61.24511324689526,60.922347852116,69.47037045360243,69.57142945315589,55.46429328736933
1599,Prov. Lampung,Kab. Tenggamus,P,D3,2,2.0,0.5388314753168273,0.6733743421335362,0.5568572267730731,0.5690338962774005,0.7674696557732693,2.3320778189609834,1.4990254763082251
1600,Prov. Lampung,Kab. Tenggamus,P,S1,119,508.0,136.86319473047413,102.52987815304164,90.75068080392916,92.18205950071729,114.70776433891477,64.31985350196032,63.938536199230214
1601,Prov. Lampung,Kab. Tulang Bawang,L,S1,248,702.0,189.12984783620638,126.49008727761266,111.39752767746461,111.3648279327715,140.28108721644472,107.997705099409,95.15420536899626
1602,Prov. Lampung,Kab. Tulang Bawang,P,S1,272,769.0,207.1807022593201,148.8117311096798,135.9852802391769,138.62113819557928,165.05790646377596,153.86210949504098,156.6305869959609
1603,Prov. Lampung,Kab. Tulang Bawang Barat,L,D3,56,151.0,40.68177638642046,45.80671014225353,35.25240600544085,35.62263340921555,60.63632749816187,32.82451956773956,42.06161671313735
1604,Prov. Lampung,Kab. Tulang Bawang Barat,P,D3,29,83.0,22.361506225648334,27.576720548914377,21.865025023042968,22.582314895848203,37.81264179538933,21.884888474324438,20.9120567461426
1605,Prov. Lampung,Kab. Way Kanan,L,S1,167,919.0,247.59306290808215,108.13756677776408,106.77736312953965,101.92866605959466,83.26687055472028,109.4204894114474,127.91608992633346
1606,Prov. Lampung,Kab. Way Kanan,P,S1,289,1575.0,424.3297868120015,242.13380925040158,231.07100967214527,230.23901271566731,154.66044797662352,180.66089213213135,201.85239482757197
1607,Prov. Lampung,Kota Bandar Lampung,L,D3,540,2251.0,606.4548254690891,563.5031196410625,544.2193187548063,534.4707906902153,535.7207467151103,411.6770709742062,401.8022530032742
1608,Prov. Lampung,Kota Bandar Lampung,L,D4,308,2710.0,730.116649054301,514.851587878596,507.0950011035684,531.6582040330672,462.28042015245575,565.6382137273816,491.547529981371
1609,Prov. Lampung,Kota Bandar Lampung,L,Profesi,3000,934.0,251.63429897295833,971.7372407177355,870.4024717987342,795.1745851876049,940.3051079627033,933.8183835398831,1008.0957948749397
1610,Prov. Lampung,Kota Bandar Lampung,L,S1,5517,41846.0,11273.970958053977,5854.176826921291,6204.940253770394,6008.049376852179,5911.716450566857,7409.056458534639,5552.7810482313325
1611,Prov. Lampung,Kota Bandar Lampung,L,S2,795,3010.0,810.9413703518251,827.1198992486607,872.4907698180436,830.5781850467405,892.4283379064617,745.5346270354391,903.7370113647778
1612,Prov. Lampung,Kota Bandar Lampung,L,S2 Terapan,4,28.0,7.543640654435582,9.959955231314261,8.863719553836615,8.242821315541404,9.757740459034618,6.782772607546046,7.649493270056693
1613,Prov. Lampung,Kota Bandar Lampung,L,S3,63,483.0,130.1278012890138,60.52625099259964,68.74923828896806,82.96655411821669,79.78211307387211,81.77227254407443,88.3873351875921
1614,Prov. Lampung,Kota Bandar Lampung,L,Sp-1,6,24.0,6.4659777038019275,4.62611115697173,5.168303882177648,6.857356591482399,8.655016153431836,7.4102190049149685,6.020847780576462
1615,Prov. Lampung,Kota Bandar Lampung,P,D2,18,27.0,7.274224916777168,13.483189303265249,11.096110467343879,10.180950306108715,16.420235137274624,8.139656328974985,8.808174955565287
1616,Prov. Lampung,Kota Bandar Lampung,P,D3,1790,5100.0,1374.0202620579096,1601.7137833840143,1517.3040546898578,1547.8174015405184,1626.6962077360326,1258.8131157439095,1294.1041870110012
1617,Prov. Lampung,Kota Bandar Lampung,P,D4,814,3983.0,1073.0828830934615,867.659414592584,869.9858835557435,935.2640634649847,831.2055082192052,949.5431487879719,790.0309799900358
1618,Prov. Lampung,Kota Bandar Lampung,P,Profesi,7039,1759.0,473.9022825411496,2221.1792322985566,1974.869222428218,1866.7282833689762,1773.7253295755133,2103.1317759273734,2605.7881754670375
1619,Prov. Lampung,Kota Bandar Lampung,P,S1,10351,57688.0,15542.055074038566,9981.241027120834,10431.785303809236,10473.472770963572,10088.832791194938,8958.67569124817,10379.56384716674
1620,Prov. Lampung,Kota Bandar Lampung,P,S2,825,2662.0,717.1846936466972,884.9506938717337,927.6939348226015,913.3916269310943,921.6351771270869,767.7491375836248,845.9108896864552
1621,Prov. Lampung,Kota Bandar Lampung,P,S2 Terapan,11,33.0,8.89071934272765,14.12436223037027,12.516233112577178,12.030550105976294,14.130610424253284,7.265001302633564,7.388370584652593
1622,Prov. Lampung,Kota Bandar Lampung,P,S3,34,296.0,79.74705834689044,46.48815660233995,51.80822708577061,64.93763635477494,55.065192713904175,44.38164342955708,48.9005613858253
1623,Prov. Lampung,Kota Bandar Lampung,P,Sp-1,1,13.0,3.5024045895593776,2.744483005514547,3.15893159793428,4.2838093746067045,6.803254788584701,3.61759519795163,3.078307881016062
1624,Prov. Lampung,Kota Metro,L,D3,46,134.0,36.10170884622743,32.26288751640731,29.94938937702895,28.804910801965367,28.606525260545666,38.875874277082055,38.00010834051427
1625,Prov. Lampung,Kota Metro,L,Profesi,188,186.0,50.111327204464935,296.2956845875549,215.15188070653886,203.64471993198708,175.10888054879757,228.51329516233457,288.6593366860223
1626,Prov. Lampung,Kota Metro,L,S1,679,8090.0,2179.5733176565664,1130.6346206322096,1136.1437719521089,1082.2326839575587,1103.848646420373,995.7120931855435,890.6242610299931
1627,Prov. Lampung,Kota Metro,L,S2,113,553.0,148.98690292510275,195.9305290081091,178.31620872848723,172.30405911898174,182.94305917531287,159.98800927110787,170.58252558038453
1628,Prov. Lampung,Kota Metro,P,D3,203,521.0,140.3655993200335,166.8251995562757,148.7096354606954,149.60759154602587,139.0780044775679,146.23508976844292,138.96185758177555
1629,Prov. Lampung,Kota Metro,P,Profesi,584,577.0,155.45288062890467,1006.7011542937515,753.1267718413936,728.580117707082,520.5024055528936,790.777949245861,895.4762967352839
1630,Prov. Lampung,Kota Metro,P,S1,1016,9720.0,2618.7209700397807,1727.4383121098313,1694.0074330301359,1678.9546537934896,1794.9194387441883,1485.9907636526057,1477.1976137627437
1631,Prov. Lampung,Kota Metro,P,S2,133,427.0,115.04051998014263,173.73220534239812,160.12704733583922,159.0387127542169,153.34502327336818,115.22750681653238,127.0696926422647
1632,Prov. Maluku,Kab. Buru,L,S1,139,772.0,207.98894947229533,98.72640009865552,100.49672915050866,92.30271685468817,122.09102085952148,113.32991316677122,132.5521348060577
1633,Prov. Maluku,Kab. Buru,P,S1,291,1291.0,347.815717317012,213.23131356989444,210.65455945542953,201.67536316246876,258.66832532590865,201.65483185191505,178.40707082627125
1634,Prov. Maluku,Kab. Maluku Tengah,L,S1,131,909.0,244.898905531498,160.96432762838745,138.49593326400134,139.39853183992298,83.31199216847197,123.18809444228759,113.05186344951605
1635,Prov. Maluku,Kab. Maluku Tengah,P,S1,323,1950.0,525.3606884339066,379.88120583683644,336.20302869299275,346.04676066894075,216.54097718292866,304.65904830184786,341.67110115432683
1636,Prov. Maluku,Kab. Maluku Tenggara,L,D3,43,287.0,77.32231670796472,54.25851504906072,57.023724932436586,51.55666718806163,33.809236609721374,33.85336302267753,40.115556442689915
1637,Prov. Maluku,Kab. Maluku Tenggara,L,D4,52,754.0,203.13946619444388,114.24736436737952,121.41144675342134,117.31428848670423,96.42118661244473,136.6645513382974,151.97925887267698
1638,Prov. Maluku,Kab. Maluku Tenggara,L,S1,31,286.0,77.0529009703063,27.548998664823184,32.86951725265962,28.973747520000902,19.538758647990303,29.565896561665284,35.9317195788548
1639,Prov. Maluku,Kab. Maluku Tenggara,P,D3,75,348.0,93.75667670512794,88.53898453123543,88.9714829802682,84.26155372970365,62.829202624695306,77.82226290482319,82.64740437695436
1640,Prov. Maluku,Kab. Maluku Tenggara,P,D4,93,815.0,219.5738261916071,150.16900415391194,158.29809126953688,158.2947721556329,145.6525642436537,145.06507736844418,158.69893111411736
1641,Prov. Maluku,Kab. Maluku Tenggara,P,S1,46,353.0,95.10375539342002,39.51067466052554,47.537955588483015,43.131685898505665,29.206207421209687,33.46356067565947,33.31384416805119
1642,Prov. Maluku,Kab. Maluku Tenggara Barat,L,D3,4,25.0,6.735393441460341,3.353334867726571,3.6523653821460593,3.29903998880678,2.950393908570252,3.657633544867716,3.0139654653257275
1643,Prov. Maluku,Kab. Maluku Tenggara Barat,L,S1,15,680.0,183.20270160772128,60.855358292901485,68.24319010519997,62.06109160412547,58.73493163902441,65.19187748585075,47.19523467492437
1644,Prov. Maluku,Kab. Maluku Tenggara Barat,P,D3,7,75.0,20.206180324381023,10.154879569000085,11.737122947687972,10.730756860555363,12.236226059495507,9.612793092386884,12.531345763988721
1645,Prov. Maluku,Kab. Maluku Tenggara Barat,P,S1,29,1085.0,292.31607535937883,113.53075848174134,128.0962170091414,119.99475028954359,104.36958764173774,100.53770564447134,96.48335034266987
1646,Prov. Maluku,Kab. Seram Bagian Timur,L,S1,79,506.0,136.3243632551573,70.65899235515067,65.09741867031977,64.33242546113365,69.73650961896281,54.97585337294413,56.03790237160199
1647,Prov. Maluku,Kab. Seram Bagian Timur,P,S1,135,870.0,234.39169176281987,150.84313680417964,136.81293985989583,140.27206660878446,134.81305339401754,136.2379852002034,148.77160874449154
1648,Prov. Maluku,Kota Ambon,L,D3,277,1301.0,350.50987469359615,329.06275912970847,310.0226053596796,300.42128360041585,313.29969350835876,325.57417801983047,333.6083713164371
1649,Prov. Maluku,Kota Ambon,L,D4,152,1238.0,333.5366832211161,227.38926956787643,224.51009410148038,229.78741856017984,211.15679543748826,295.99357080941184,264.5601249003413
1650,Prov. Maluku,Kota Ambon,L,Profesi,2736,2943.0,792.8905159287114,1511.7680314429826,1709.293640152652,1415.9087562097359,1890.627940947028,2198.949160755727,1755.1747776716834
1651,Prov. Maluku,Kota Ambon,L,S1,2001,18365.0,4947.8200220967665,2649.806340169221,2718.327943809025,2603.9891049820326,2751.901666625431,2537.0426275693408,2458.8358644735954
1652,Prov. Maluku,Kota Ambon,L,S2,144,634.0,170.80957767543424,199.76482557701323,196.00053568459066,187.0650322023711,213.02017783812565,157.80583548882197,164.90345985936162
1653,Prov. Maluku,Kota Ambon,L,S3,17,118.0,31.79105704369281,19.09603373212808,19.324134929038998,23.71421883134248,20.568605570023937,20.59991727002337,15.398334115637308
1654,Prov. Maluku,Kota Ambon,P,D3,888,4066.0,1095.4443893191099,1014.524857717974,1022.7856559061768,1000.4302542326834,997.1153815040623,840.1442786954917,913.2667508660872
1655,Prov. Maluku,Kota Ambon,P,D4,173,1323.0,356.4370209220813,266.6384635398397,271.0478872298235,283.6045387439701,275.631729892361,311.5728980845633,287.6997399470255
1656,Prov. Maluku,Kota Ambon,P,Profesi,6624,6779.0,1826.369285586386,3909.6409424543817,4513.518641000244,3832.6460015853486,4469.3231555265,5547.481846453083,5050.585770457735
1657,Prov. Maluku,Kota Ambon,P,S1,3568,30613.0,8247.623976937017,5271.099420550585,5399.018013294036,5341.141997350803,5320.126026209869,3956.3814436624248,4897.799635085496
1658,Prov. Maluku,Kota Ambon,P,S2,187,588.0,158.41645374314723,215.80537452607848,213.3323089045984,209.6343350603005,212.81669563695735,173.70942309291786,185.14277446962774
1659,Prov. Maluku,Kota Ambon,P,S3,12,77.0,20.74501179969785,14.707271331976052,14.92348942174124,18.885666206738083,15.969758429990547,12.812201105291575,9.696865573350246
1660,Prov. Maluku,Kota. Tual,L,S1,64,1145.0,308.48101961888364,145.08928668801732,140.99829146526739,137.40398225429024,142.4868145799032,100.62157544812662,112.68736815946063
1661,Prov. Maluku,Kota. Tual,P,S1,156,1752.0,472.01637237754073,274.7290994611766,263.1561103620401,265.95247047139145,286.7842671987549,214.35475290849644,220.74665029318555
1662,Prov. Maluku Utara,Kab. Halmahera Selatan,L,S1,23,252.0,59.65345844863053,29.08806641017374,19.671833934693506,17.166524403989346,28.961305611965035,26.271741104624052,29.007921610900482
1663,Prov. Maluku Utara,Kab. Halmahera Selatan,P,S1,31,370.0,87.58642708727498,57.77685338349639,41.837300831275584,39.98707506596932,46.58912512932651,37.67005266155061,31.324162488507902
1664,Prov. Maluku Utara,Kab. Kepulauan Morotai,L,S1,72,1027.0,243.11151518549028,199.3113723481197,167.6501427142987,178.57760979804542,209.25031823714696,140.3093739526021,143.84105977624353
1665,Prov. Maluku Utara,Kab. Kepulauan Morotai,P,S1,120,1032.0,244.29511555153454,217.45422567726695,181.97078709631583,193.27151653398366,216.79322070750612,172.14835932580377,203.3987713151667
1666,Prov. Maluku Utara,Kab. Kepulauan Sula,L,S1,13,115.0,27.2228084190179,17.277720453390142,12.35158249606768,11.913040102893596,18.772867154224762,13.82547499681719,13.488093329653202
1667,Prov. Maluku Utara,Kab. Kepulauan Sula,P,S1,75,225.0,53.262016471991544,40.39639886318269,29.665907623215134,29.722113000712937,39.638705224613496,43.170877138436886,42.348987132705425
1668,Prov. Maluku Utara,Kab. halmahera Utara,L,D3,6,46.0,10.88912336760716,9.989087697990541,8.354875772195099,7.730004583745593,8.989960982791871,13.142755956143695,12.53932747487067
1669,Prov. Maluku Utara,Kab. halmahera Utara,L,D4,13,47.0,11.125843440816011,5.555814198104931,4.701811451930826,4.2937546614508415,7.033252722799044,7.910972748610327,6.611750556939852
1670,Prov. Maluku Utara,Kab. halmahera Utara,L,Profesi,2,16.0,3.787521171341621,11.390389269330823,7.945348684278612,6.160706566007166,15.072294982326953,5.4200140155880545,6.437768204069134
1671,Prov. Maluku Utara,Kab. halmahera Utara,L,S1,109,1085.0,256.84127943160365,134.15162827626702,110.77719573683036,99.70442827230139,125.63840044202851,124.04975596566638,109.19309230463675
1672,Prov. Maluku Utara,Kab. halmahera Utara,L,S2,9,31.0,7.33832226947439,8.519748763899376,7.823092069238485,7.328977104535105,9.043883775685035,8.544817075552288,10.047431928495683
1673,Prov. Maluku Utara,Kab. halmahera Utara,P,D3,47,253.0,59.89017852183938,58.00706495265054,47.81917410158947,43.59178612233137,55.475595947808166,41.110700958543994,42.20791121978894
1674,Prov. Maluku Utara,Kab. halmahera Utara,P,D4,13,48.0,11.362563514024863,7.43927200481351,6.6708839714983315,6.583675752847752,5.98472167966115,7.955388136610172,6.689382741800961
1675,Prov. Maluku Utara,Kab. halmahera Utara,P,Profesi,21,52.0,12.309443806860267,45.32070781953508,32.73858128521671,26.64302043826399,42.81568457817135,43.555355214076805,44.744538978606805
1676,Prov. Maluku Utara,Kab. halmahera Utara,P,S1,317,2453.0,580.6743395813122,372.96354102329315,319.5349453751843,302.9341811987538,309.7849607246802,304.4841352525208,311.19852575572463
1677,Prov. Maluku Utara,Kab. halmahera Utara,P,S2,7,33.0,7.811762415892093,10.079062459974192,9.279270542246797,8.754673311534678,10.360605364793228,8.269039214538692,7.291559459691624
1678,Prov. Maluku Utara,Kota Ternate,L,D3,80,831.0,196.71438083655542,129.2224980778169,106.37692183529602,86.29579581447334,145.84017474313708,164.18399018720402,191.1506459854158
1679,Prov. Maluku Utara,Kota Ternate,L,Profesi,924,82.0,19.411046003125808,108.50210834919172,102.45579427933845,104.66487355249174,92.47526854223203,81.79189767021352,96.53869699614195
1680,Prov. Maluku Utara,Kota Ternate,L,S1,1337,12823.0,3035.4614987571003,1497.9927270899448,1335.9711106409109,1188.0668517703766,1291.5477795876832,1956.5466615922242,1716.0028549466067
1681,Prov. Maluku Utara,Kota Ternate,L,S2,151,627.0,148.42348590194976,175.26988380160032,178.108511893556,169.94816841622855,271.2772902821956,167.4192063562708,159.2312473096248
1682,Prov. Maluku Utara,Kota Ternate,L,S3,3,13.0,3.077360951715067,1.8525088436897126,2.1199966454212023,2.803915818495651,2.5028332377144262,2.6613832945513525,1.8367855864471596
1683,Prov. Maluku Utara,Kota Ternate,P,D3,447,2576.0,609.7909085860009,663.2311279367539,625.426272484649,605.7538471665165,838.2835560309345,516.8456273180335,683.7101677887875
1684,Prov. Maluku Utara,Kota Ternate,P,Profesi,3871,172.0,40.71585259192242,260.0016660765857,248.43955005671103,258.6197981924404,269.02771043427634,137.79061146328053,125.25457912497717
1685,Prov. Maluku Utara,Kota Ternate,P,S1,2416,17463.0,4133.84263844617,2645.5385470844885,2490.7149489606295,2382.0662110061216,2580.4830409180736,2348.5042539410665,2833.519167737504
1686,Prov. Maluku Utara,Kota Ternate,P,S2,105,335.0,79.30122452496519,115.161365561334,121.37346932001876,121.78478449153857,156.5610371249129,99.22771186118759,117.18614442304751
1687,Prov. Maluku Utara,Kota Tidore Kepulauan,L,D3,6,18.0,4.260961317759324,5.619865995534641,5.417396859028963,5.783665377725559,6.28339320789936,6.998816742795808,7.190397780683128
1688,Prov. Maluku Utara,Kota Tidore Kepulauan,L,S1,90,934.0,221.0965483770671,103.67100089133822,84.23309842912867,71.30775830688047,89.13538798421345,90.49167567302037,91.71859006128649
1689,Prov. Maluku Utara,Kota Tidore Kepulauan,P,D3,6,12.0,2.840640878506216,4.088100798446478,3.9270841876811793,4.189364235336354,4.2665422274279114,3.6939150491373125,4.803049622344492
1690,Prov. Maluku Utara,Kota Tidore Kepulauan,P,S1,157,1154.0,273.1749644830144,168.4948238215038,145.21975777141944,133.0465633183703,128.17204435243968,115.7820098382127,102.53558207470095
1691,Prov. Nusa Tenggara Barat,Kab. Bima,L,Profesi,40,53.0,12.210739184495134,69.60256927514205,54.76534917780367,55.48420960776672,38.116420637815295,35.89833190314703,39.68037673609368
1692,Prov. Nusa Tenggara Barat,Kab. Bima,L,S1,487,3508.0,808.2126992303572,528.4798078781446,462.96900008971755,468.96524048215645,508.5807478962739,445.5720122878775,488.1261599537303
1693,Prov. Nusa Tenggara Barat,Kab. Bima,P,D3,125,244.0,56.215478509751186,71.91300079667268,66.60716275743836,70.9368271086535,68.31324443125919,55.91637013540282,48.58904001237005
1694,Prov. Nusa Tenggara Barat,Kab. Bima,P,Profesi,133,155.0,35.71065233201407,248.73467065639585,201.87397087967102,213.46302476557875,155.64745597947874,114.73404789627956,114.05390347961115
1695,Prov. Nusa Tenggara Barat,Kab. Bima,P,S1,715,4114.0,947.8298302832638,699.7056716585481,616.8522696111316,632.8474397136845,787.1968745977641,803.0194755506184,777.4951142565741
1696,Prov. Nusa Tenggara Barat,Kab. Dompu,L,S1,414,2164.0,498.56678481599005,354.690967471582,325.16619287847794,331.616697202615,381.01741101465933,301.9633652512269,270.52513768144985
1697,Prov. Nusa Tenggara Barat,Kab. Dompu,P,S1,541,2674.0,616.0663505535847,495.32248543490186,457.09539928001874,472.29634011011854,531.3542183710973,439.62143607427123,440.2739252947006
1698,Prov. Nusa Tenggara Barat,Kab. Lombok Barat,L,S1,145,1512.0,348.35165371616307,283.40369809909225,236.444283780555,269.5352056377926,257.0281316422207,240.88690460299972,202.02618399981472
1699,Prov. Nusa Tenggara Barat,Kab. Lombok Barat,P,S1,167,1282.0,295.3616534815616,262.1026780942339,217.69317614885279,248.05573511662053,231.27998034464926,224.1783591229039,241.25612622867476
1700,Prov. Nusa Tenggara Barat,Kab. Lombok Tengah,L,D3,152,559.0,128.7887397006185,155.95092793855275,155.27549109741213,163.37807598583979,138.85916989905292,133.36648180787301,124.50279646699632
1701,Prov. Nusa Tenggara Barat,Kab. Lombok Tengah,L,D4,37,169.0,38.93613060716373,29.033527251548474,29.506251251764642,33.009411039563865,26.251607806033995,31.29198167877253,30.33668962316674
1702,Prov. Nusa Tenggara Barat,Kab. Lombok Tengah,L,Profesi,37,27.0,6.220565244931484,42.248414141788295,37.203319363843995,39.30649322935272,44.64528618989671,19.417365460774928,20.993827230857406
1703,Prov. Nusa Tenggara Barat,Kab. Lombok Tengah,L,S1,936,3061.0,705.227785730936,563.8783196499538,557.335754127039,594.5740467783941,464.61818840925827,482.2411811390571,442.58648622657745
1704,Prov. Nusa Tenggara Barat,Kab. Lombok Tengah,L,S2,36,111.0,25.573434895829433,41.84403910999274,44.78520764376084,48.23232982011571,37.08279070596698,36.90439860846283,44.08139873563102
1705,Prov. Nusa Tenggara Barat,Kab. Lombok Tengah,P,D3,154,539.0,124.18091359326183,173.54034067810986,175.0745759156607,188.12761036072342,172.50028777270316,144.03155879045795,146.43690987017246
1706,Prov. Nusa Tenggara Barat,Kab. Lombok Tengah,P,D4,39,192.0,44.235130630623885,37.6758268542245,38.639243641665445,43.92916906358053,39.86457746830351,36.879772428238525,38.8681002693594
1707,Prov. Nusa Tenggara Barat,Kab. Lombok Tengah,P,Profesi,199,197.0,45.38708715746305,336.4289706714003,294.9803508563583,311.59384218867467,325.1169960138137,567.0868119403893,339.3839433680933
1708,Prov. Nusa Tenggara Barat,Kab. Lombok Tengah,P,S1,1029,3769.0,868.3448299313616,771.8341962916053,763.9806117123571,820.5887728633917,749.8089809909791,661.2380298560886,702.4896013642141
1709,Prov. Nusa Tenggara Barat,Kab. Lombok Tengah,P,S2,25,52.0,11.980347879127303,21.39412245757195,22.79942490677681,24.549390288731338,18.387187284574726,13.134145133568008,15.038533514381866
1710,Prov. Nusa Tenggara Barat,Kab. Lombok Timur,L,Profesi,3259,2744.0,632.193741929333,3474.419615094897,2803.2790408726837,2877.2934507251057,2226.669806057525,2195.5110595053234,2325.352660637867
1711,Prov. Nusa Tenggara Barat,Kab. Lombok Timur,L,S1,1825,11046.0,2544.90235909308,1578.4486966785948,1417.3182150273653,1453.7227312671605,1796.1648231573215,1694.6468605644477,1673.0548213399397
1712,Prov. Nusa Tenggara Barat,Kab. Lombok Timur,L,S2,42,189.0,43.543956714520384,42.86427362864614,38.316325220424524,35.814649137839496,37.05304438828782,41.355912018765046,46.36731636708807
1713,Prov. Nusa Tenggara Barat,Kab. Lombok Timur,P,D3,33,29.0,6.681347855667149,8.96923195578406,8.747194169537936,9.746918640102725,12.041517136352466,7.673252153198536,7.824142267350323
1714,Prov. Nusa Tenggara Barat,Kab. Lombok Timur,P,Profesi,6362,5731.0,1320.3725710630495,7772.155715095905,6207.285892784958,6324.4999465069595,4864.310233495929,4163.240612212295,4357.818018901934
1715,Prov. Nusa Tenggara Barat,Kab. Lombok Timur,P,S1,2118,12533.0,2887.4942301750475,2190.2250060339625,2027.6081708508045,2169.337393576634,2597.0512233607237,2460.568162775869,2324.941119503264
1716,Prov. Nusa Tenggara Barat,Kab. Lombok Timur,P,S2,47,119.0,27.416565338772095,33.5899120737533,31.14957230984343,30.601328030813878,29.417644305801495,28.418478203641875,30.048089100352506
1717,Prov. Nusa Tenggara Barat,Kab. Lombok Utara,L,S1,144,386.0,88.93104387198343,64.66107710093877,49.855021774628945,54.10174031222571,69.82761877461397,65.97698404745734,41.638708794650356
1718,Prov. Nusa Tenggara Barat,Kab. Lombok Utara,P,S1,248,802.0,184.77382690500184,152.95837725461234,118.98869607134834,131.1914386687567,175.9773008236722,128.8767115356496,163.25601108045663
1719,Prov. Nusa Tenggara Barat,Kab. Sumbawa,L,D1,765,803.0,185.0042182103697,353.1941841027519,135.92811185517806,115.17966712952332,115.44294096962969,95.48653741287644,89.23429628011746
1720,Prov. Nusa Tenggara Barat,Kab. Sumbawa,L,D2,29,45.0,10.367608741552473,22.212191245584695,18.780407204874585,17.454223172817844,21.832454393211314,11.51103276680042,11.9586886105868
1721,Prov. Nusa Tenggara Barat,Kab. Sumbawa,L,D3,7,20.0,4.607826107356654,4.808369190958311,4.678925412931184,4.719079562303772,5.1359997677839315,3.8721811365631376,2.9217066730526504
1722,Prov. Nusa Tenggara Barat,Kab. Sumbawa,L,Profesi,9,9.0,2.0735217483104944,13.960068933078764,12.551431347132581,13.40676790228492,14.535621850656728,6.266276330686027,6.616544792985181
1723,Prov. Nusa Tenggara Barat,Kab. Sumbawa,L,S1,719,3583.0,825.4920471329447,534.3344753865682,511.89188215856404,518.2175106588853,593.1592888933857,531.1116543062626,502.9866537708163
1724,Prov. Nusa Tenggara Barat,Kab. Sumbawa,L,S2,83,225.0,51.83804370776237,54.43181313615152,51.925346716813834,47.91883540052763,52.59925203547006,63.71483627418039,62.54247971659556
1725,Prov. Nusa Tenggara Barat,Kab. Sumbawa,P,D1,31,32.0,7.372521771770647,15.004412561990117,5.707591364702966,4.792359447370736,3.4571186160316176,10.863402605997653,16.28129728568776
1726,Prov. Nusa Tenggara Barat,Kab. Sumbawa,P,D2,1,3.0,0.6911739161034982,1.6161462473935275,1.36057560877878,1.2642453661910396,1.671517672630058,2.717803943608914,2.3098603345760482
1727,Prov. Nusa Tenggara Barat,Kab. Sumbawa,P,D3,75,114.0,26.26460881193293,30.760107945558634,30.064671933792212,30.640528731260456,33.261665810427694,43.0392285435689,39.12965453149933
1728,Prov. Nusa Tenggara Barat,Kab. Sumbawa,P,Profesi,40,43.0,9.906826130816807,67.2395934479906,58.7202981429384,60.844588262133676,68.40864030047885,28.48888554140794,25.211745292563
1729,Prov. Nusa Tenggara Barat,Kab. Sumbawa,P,S1,969,4229.0,974.3248304005646,763.7081013318432,753.3994558634371,794.4184844345318,892.8938831917883,781.5129817969989,800.6807301555015
1730,Prov. Nusa Tenggara Barat,Kab. Sumbawa,P,S2,32,102.0,23.49991314751894,28.155360055565314,27.117533530127726,25.446896855667767,23.208195312798367,22.236252292659675,22.78192658379079
1731,Prov. Nusa Tenggara Barat,Kab. Sumbawa Barat,L,S1,63,660.0,152.0582615427696,65.17835492377651,38.26195053728057,34.0060016812748,28.625088291325476,43.24500038457946,40.81756577141129
1732,Prov. Nusa Tenggara Barat,Kab. Sumbawa Barat,P,S1,98,698.0,160.81313114674725,90.55337434748843,56.097236089850895,53.50210138246876,60.70114093910064,69.33434662921746,80.8824460499104
1733,Prov. Nusa Tenggara Barat,Kota Bima,L,S1,1079,5522.0,1272.2207882411724,957.1753344514741,892.0123832368548,961.2409517441117,819.930367431259,775.7299501062414,714.0471333626588
1734,Prov. Nusa Tenggara Barat,Kota Bima,L,S2,26,90.0,20.735217483104947,33.434227476231925,34.23025746645769,37.898144554431966,24.286497690334517,30.957194504283432,37.213229778121026
1735,Prov. Nusa Tenggara Barat,Kota Bima,P,D3,100,534.0,123.02895706642268,142.83895175339046,130.6827696018399,135.28542095803778,162.58116287633072,158.55253140750577,160.61597687848558
1736,Prov. Nusa Tenggara Barat,Kota Bima,P,S1,862,4701.0,1083.0695265341817,918.3616621763742,860.7559280345067,938.7710030400871,837.8476230706929,837.4918909313142,846.6640946173412
1737,Prov. Nusa Tenggara Barat,Kota Bima,P,S2,14,24.0,5.529391328827986,9.730620571881616,9.91945550126128,10.980162947565585,6.796181038346778,4.616941783162253,3.385333457264274
1738,Prov. Nusa Tenggara Barat,Kota Mataram,L,D3,388,2380.0,548.3313067754419,550.0449864638477,527.6689045764082,526.2814308157554,551.8341556552898,586.9082809178458,590.1157630041735
1739,Prov. Nusa Tenggara Barat,Kota Mataram,L,D4,37,396.0,91.23495692566176,74.53630191372311,77.75993857848498,89.07092609133706,68.92765905016947,79.97979183206517,84.48048912194366
1740,Prov. Nusa Tenggara Barat,Kota Mataram,L,Profesi,7419,2611.0,601.5516983154113,3994.052862105968,3521.002757039506,3694.4751251414295,3997.2629253543664,2171.594443690325,2559.9196261136613
1741,Prov. Nusa Tenggara Barat,Kota Mataram,L,S1,5222,39978.0,9210.583605995216,6126.8625376129885,5794.757462603439,5811.054387646817,5975.388923998355,6400.543860960396,5342.597703881027
1742,Prov. Nusa Tenggara Barat,Kota Mataram,L,S2,515,1664.0,383.3711321320737,526.1848501352682,537.4584965287906,542.3309267900775,482.32663427260417,572.9338992638891,573.4535685766737
1743,Prov. Nusa Tenggara Barat,Kota Mataram,L,S3,42,226.0,52.0684350131302,33.6191202285943,35.360351582268024,48.14895255523255,34.81374640770292,31.325939919892836,34.344733578230105
1744,Prov. Nusa Tenggara Barat,Kota Mataram,P,D3,715,3741.0,861.8938733810622,1095.818811782162,1091.3221087862712,1144.9287605191769,1125.1803600530557,971.5576309781693,1069.8323682339308
1745,Prov. Nusa Tenggara Barat,Kota Mataram,P,D4,329,1937.0,446.267958497492,395.01288537150236,409.3895055122973,467.54524024202004,393.81687728445036,505.48403820290497,432.08953142108015
1746,Prov. Nusa Tenggara Barat,Kota Mataram,P,Profesi,16790,4168.0,960.2709607731268,6967.837036697586,6118.7271364042435,6422.177659218336,4191.46649446666,5008.765610890729,5040.830346553988
1747,Prov. Nusa Tenggara Barat,Kota Mataram,P,S1,8128,46426.0,10696.146743007002,8681.34792728587,8487.653754434707,8907.004461195667,9611.159108752838,8584.643452321654,8693.401916069946
1748,Prov. Nusa Tenggara Barat,Kota Mataram,P,S2,386,1148.0,264.48921856227196,430.30396650802345,449.07457275318956,467.5127722676659,378.9000898183827,380.3725201296396,420.6633621871669
1749,Prov. Nusa Tenggara Barat,Kota Mataram,P,S3,2,56.0,12.901913100598632,10.200326336016595,11.073546298788438,15.74981310705416,9.21425567146913,6.8654259695291255,6.967411523181138
1750,Prov. Nusa Tenggara Timur,Kab. Alor,L,S1,180,1104.0,261.33896082257183,175.06407953711698,150.66484442007464,147.956707717603,170.69445566396777,192.4942347426951,167.36300884903005
1751,Prov. Nusa Tenggara Timur,Kab. Alor,P,S1,271,1721.0,407.3952459924331,314.97303948604434,275.2445101943647,276.6393883887844,363.2813023371421,291.29374600920704,294.94918694082094
1752,Prov. Nusa Tenggara Timur,Kab. Belu,L,S1,2,391.0,92.55754862466085,68.57871825817338,53.33827463300511,55.64760365422809,48.21647503166594,47.17990232986848,45.73311289104121
1753,Prov. Nusa Tenggara Timur,Kab. Belu,P,S1,40,667.0,157.8922888303038,123.21855871316392,94.38006617779315,96.91708753106847,121.92888539188381,92.04958028517274,79.8345054768061
1754,Prov. Nusa Tenggara Timur,Kab. Ende,L,Profesi,395,397.0,93.97786906391397,568.0333525080956,546.1026448012457,568.2619358673128,539.5649961069739,524.2119733664094,498.40759791996385
1755,Prov. Nusa Tenggara Timur,Kab. Ende,L,S1,426,2712.0,641.9848385424048,415.9471103032178,402.9773806429307,396.52906296750274,433.1591347841188,398.1520554009742,360.52157935287465
1756,Prov. Nusa Tenggara Timur,Kab. Ende,L,S2,12,19.0,4.497681390968174,6.959410777686727,7.677664364021738,8.099984810658569,6.96831385577716,5.029264586982461,4.94445386579706
1757,Prov. Nusa Tenggara Timur,Kab. Ende,P,Profesi,993,1000.0,236.7200732088513,1562.085483241449,1496.813024311067,1556.7088175108063,1640.5249264848917,1117.5225938614492,1232.644451282675
1758,Prov. Nusa Tenggara Timur,Kab. Ende,P,S1,830,4289.0,1015.2923939927632,782.2059414271714,777.5772500636663,794.932638274716,886.369922987851,885.0932881093653,881.3301745976769
1759,Prov. Nusa Tenggara Timur,Kab. Ende,P,S2,4,8.0,1.8937605856708104,2.807292942276221,2.954912082060294,2.9467334261925293,2.8178807797893066,3.0297480749298544,2.7256675715601797
1760,Prov. Nusa Tenggara Timur,Kab. Flores Timur,L,S1,63,383.0,90.66378803899005,59.2048007086411,47.45332985683966,46.47170176436529,58.41393308286111,56.155469708663745,54.692360408086735
1761,Prov. Nusa Tenggara Timur,Kab. Flores Timur,P,S1,121,539.0,127.59211945957085,92.08465074707836,73.86467243126181,72.67665243969935,92.38395030384154,70.91683573739363,57.68807327067437
1762,Prov. Nusa Tenggara Timur,Kab. Kupang,L,D3,141,530.0,125.46163880069119,126.40435351096167,99.38068004829336,102.03258517802978,121.27341513039441,128.39030608365903,160.22449536153326
1763,Prov. Nusa Tenggara Timur,Kab. Kupang,L,Profesi,31,60.0,14.203204392531077,85.59098036850412,67.84175193783376,71.74020901972018,50.13563624093035,39.734281522548024,25.231340493371427
1764,Prov. Nusa Tenggara Timur,Kab. Kupang,L,S1,84,1211.0,286.6680086559189,167.65615054164266,129.41336435127317,123.48884120433353,116.62526309777671,102.65244682097321,109.92009699674368
1765,Prov. Nusa Tenggara Timur,Kab. Kupang,P,D3,123,772.0,182.74789651723322,211.9722892930323,167.90392376618786,170.82896594580757,184.30387570457933,150.89907370049548,204.07407772476932
1766,Prov. Nusa Tenggara Timur,Kab. Kupang,P,Profesi,66,92.0,21.77824673521432,141.69852004025824,111.52845828486743,117.3164137107303,76.41005761377953,137.28527322273146,96.34405832269094
1767,Prov. Nusa Tenggara Timur,Kab. Kupang,P,S1,183,1881.0,445.2704577058493,307.1598226975946,242.52105234453117,239.15860703875782,248.884402706587,249.86011650091854,261.6974877143564
1768,Prov. Nusa Tenggara Timur,Kab. Malaka,L,S1,12,139.0,32.90409017603033,22.535282780806995,17.763899351090227,17.534146822085102,21.250738411698325,18.286791090659346,14.997730731105168
1769,Prov. Nusa Tenggara Timur,Kab. Malaka,P,S1,27,355.0,84.03562598914222,65.85933168289628,52.574595477720216,52.97134463103345,70.11508962202291,66.54973095241274,69.76424979411696
1770,Prov. Nusa Tenggara Timur,Kab. Manggarai,L,Profesi,506,513.0,121.43739755614072,737.7086629908107,681.4636169801656,702.666697291053,1003.9793823441078,747.9201914414945,636.953708517616
1771,Prov. Nusa Tenggara Timur,Kab. Manggarai,L,S1,393,2721.0,644.1153192012844,441.96073911732856,418.4495448378211,416.22029428196356,456.9433142681056,395.9205563953758,347.02179743731136
1772,Prov. Nusa Tenggara Timur,Kab. Manggarai,P,D3,134,401.0,94.92474935674937,123.35617261284914,117.45848908363335,119.56833276384543,143.3611869738238,96.31357576842093,116.42944186258802
1773,Prov. Nusa Tenggara Timur,Kab. Manggarai,P,Profesi,1556,1564.0,370.2301944986434,2467.5953309960723,2275.6838502850746,2350.1807992026843,2938.674041595018,1658.7155422367216,1791.6632479206294
1774,Prov. Nusa Tenggara Timur,Kab. Manggarai,P,S1,889,5007.0,1185.2574065567185,939.6770980997652,903.6916094628433,920.318049810309,1034.4217384247645,994.62469644131,989.9930612960277
1775,Prov. Nusa Tenggara Timur,Kab. Manggarai Barat,L,D3,17,88.0,20.831366442378915,19.87365200576567,13.806636690794932,13.431307879025098,19.788530331601894,13.206592215994208,13.122889599145946
1776,Prov. Nusa Tenggara Timur,Kab. Manggarai Barat,L,D4,33,157.0,37.165051493789655,26.118090391351046,20.31189444318493,22.191050312915532,23.09037031673933,18.323342864133128,18.440043652989466
1777,Prov. Nusa Tenggara Timur,Kab. Manggarai Barat,P,D3,29,94.0,22.251686881632022,25.345101199420153,18.153107683628814,18.661752559916856,23.853875108595183,16.022886874907428,16.396554820897403
1778,Prov. Nusa Tenggara Timur,Kab. Manggarai Barat,P,D4,55,294.0,69.59570152340228,56.53175669857289,44.56715028806305,49.38794622972307,43.16924058047829,35.304059900558265,40.36980359308024
1779,Prov. Nusa Tenggara Timur,Kab. Nagakeo,L,D3,57,181.0,42.84633325080208,46.60144673349002,34.60227511994694,34.49011209027964,43.55121270942193,35.051239199988174,46.91021911612605
1780,Prov. Nusa Tenggara Timur,Kab. Nagakeo,L,S1,19,92.0,21.77824673521432,13.790694921989664,10.177474583715462,9.929462402179315,15.4644113322526,12.818515149298923,13.905243300683615
1781,Prov. Nusa Tenggara Timur,Kab. Nagakeo,P,D3,69,185.0,43.79321354363749,56.50615867037392,42.99531069268342,44.37930372803546,50.38022386755261,43.78445691959491,42.294103076232716
1782,Prov. Nusa Tenggara Timur,Kab. Nagakeo,P,S1,17,83.0,19.64776607633466,14.94312068820597,11.347677364181717,11.525270026869535,15.535038630734771,17.606210852546152,16.28508482918385
1783,Prov. Nusa Tenggara Timur,Kab. Ngada,L,S1,53,834.0,197.424541056182,144.26697355624077,137.37562371380787,141.69236824500314,152.66262677294628,154.99421140006385,132.50420427674487
1784,Prov. Nusa Tenggara Timur,Kab. Ngada,P,S1,189,1586.0,375.43803610923817,293.72788869838286,277.4781710536538,286.0546708239151,318.98056358637143,299.2841400397422,297.3142432209632
1785,Prov. Nusa Tenggara Timur,Kab. Rote-Ndao,L,S1,46,1256.0,297.32041195031724,103.09569223777719,60.22021537267945,44.87047325974187,113.37106150987631,105.00221517449624,102.00157116379614
1786,Prov. Nusa Tenggara Timur,Kab. Rote-Ndao,P,S1,68,949.0,224.6473494751999,94.94966382673692,57.352134244789376,44.767568207316934,86.9804285675692,84.36007023130433,106.85072666682768
1787,Prov. Nusa Tenggara Timur,Kab. Sikka,L,D3,36,251.0,59.41673837542167,68.99790541657498,60.6755101333377,63.181531936185735,64.1487435954967,66.07455570386298,70.79212108800755
1788,Prov. Nusa Tenggara Timur,Kab. Sikka,L,Profesi,3,6.0,1.420320439253108,5.182244759996546,3.7470663993952202,3.2112267175405376,4.094099787949361,4.856257016674889,4.9711346879532545
1789,Prov. Nusa Tenggara Timur,Kab. Sikka,L,S1,559,4210.0,996.591508209264,655.3959256520817,567.6935431920667,572.4065124507148,622.6796004843821,584.0722998674861,575.5839232776715
1790,Prov. Nusa Tenggara Timur,Kab. Sikka,L,S2,60,174.0,41.18929273834013,58.32807517468598,55.61629652575233,57.718815450411334,58.87653958361136,55.547224132169035,62.029010362988394
1791,Prov. Nusa Tenggara Timur,Kab. Sikka,P,D3,83,806.0,190.79637900633415,244.06074908813642,214.55277801968265,224.14678623865825,234.32763790058024,216.23538849760791,232.83474543274681
1792,Prov. Nusa Tenggara Timur,Kab. Sikka,P,Profesi,35,40.0,9.468802928354052,60.22023162475912,50.743602854385166,53.072970554913425,47.045647985573126,17.672759986862374,15.64667165247632
1793,Prov. Nusa Tenggara Timur,Kab. Sikka,P,S1,785,4924.0,1165.6096404803839,890.9280198874142,785.464563349987,813.228000782507,909.9937535746292,881.4079973564617,860.329742365041
1794,Prov. Nusa Tenggara Timur,Kab. Sumba Barat Daya,L,S1,84,2145.0,507.76455703298603,310.14299369799767,237.593773158343,229.5049374156168,279.83249705305735,215.12910669228395,186.65427431526476
1795,Prov. Nusa Tenggara Timur,Kab. Sumba Barat Daya,P,D3,1,208.0,49.23777522744107,67.73119578778578,55.31696034430521,58.99903240480769,46.88543785434257,52.0115578450188,33.40436377284463
1796,Prov. Nusa Tenggara Timur,Kab. Sumba Barat Daya,P,S1,209,2628.0,622.1003523928612,439.3624703322418,341.9741189877754,338.3480496945062,403.20980923354665,292.64268246579866,380.26100013968914
1797,Prov. Nusa Tenggara Timur,Kab. Sumba Timur,L,S1,325,2019.0,477.93782780867076,333.9410576645943,297.1844979108303,301.4490863217442,305.9219474543152,318.12826705594824,294.3467545606165
1798,Prov. Nusa Tenggara Timur,Kab. Sumba Timur,P,S1,565,2668.0,631.5691553212152,500.5402613494883,449.67959324427056,463.3797091090524,510.5073875638234,450.4414044021605,451.5074110068853
1799,Prov. Nusa Tenggara Timur,Kab. Timor Tengah Selatan,L,S1,28,336.0,79.53794459817404,53.52737435439531,44.87724784656904,44.57164265957999,55.505210888090325,50.22213400338465,53.12964114974657
1800,Prov. Nusa Tenggara Timur,Kab. Timor Tengah Selatan,P,S1,104,969.0,229.3817509393769,167.61797570841412,140.02218232606683,139.60779882365952,174.25749108178331,190.1283272331524,188.386758851597
1801,Prov. Nusa Tenggara Timur,Kab. Timor Tengah Utara,L,D3,3,36.0,8.521922635518647,9.072871744994673,8.438611073990183,8.321530008008427,8.053537425454817,12.688132817475147,12.915425612543068
1802,Prov. Nusa Tenggara Timur,Kab. Timor Tengah Utara,L,S1,427,3724.0,881.5455526297623,590.7995900702084,560.7771158119974,560.4486758276646,618.074600342375,581.9942319400755,559.9915126245212
1803,Prov. Nusa Tenggara Timur,Kab. Timor Tengah Utara,P,D3,48,369.0,87.34970701406613,114.47978803014243,110.46913391885278,114.6034198154336,109.17540781094898,111.86509188963822,120.1914371717593
1804,Prov. Nusa Tenggara Timur,Kab. Timor Tengah Utara,P,S1,1084,7367.0,1743.9167793296076,1365.263626072012,1320.910966422349,1357.0777149432085,1348.5289193171209,1265.544955990407,1289.3937163372034
1805,Prov. Nusa Tenggara Timur,Kota Kupang,L,D3,812,4673.0,1106.192902104962,1226.6180788347986,1225.963576244944,1282.7671618813133,1204.576088299647,1032.449089874969,1046.0316620549129
1806,Prov. Nusa Tenggara Timur,Kota Kupang,L,D4,624,4272.0,1011.2681527482127,755.7465793099921,821.2073471382608,931.0930345124028,911.2717173675062,853.3894017986314,786.0974836149934
1807,Prov. Nusa Tenggara Timur,Kota Kupang,L,Profesi,3611,3883.0,919.1840442699696,4459.3498618984495,4083.3803022044044,4005.9367829186494,6025.381121953975,4687.10748808369,4578.394517432072
1808,Prov. Nusa Tenggara Timur,Kota Kupang,L,S1,4101,36070.0,8538.493040643267,4865.745638396033,4629.735584563014,4467.807461952375,4730.00488063649,4624.573153626184,4225.056094845546
1809,Prov. Nusa Tenggara Timur,Kota Kupang,L,S2,125,628.0,148.66020597515862,139.87214429446308,133.95054786042027,118.34149494973094,117.45318980870184,124.94035367592889,159.84470183529737
1810,Prov. Nusa Tenggara Timur,Kota Kupang,L,S2 Terapan,6,9.0,2.130480658879662,3.237824186997419,3.2591862107559146,2.8976175886985622,3.4847387796728646,4.124370611240917,3.327648627378868
1811,Prov. Nusa Tenggara Timur,Kota Kupang,L,S3,5,111.0,26.275928126182496,10.818196956908269,11.086743626156915,12.719873437756489,15.954798392394318,17.80613360626246,14.348759308552212
1812,Prov. Nusa Tenggara Timur,Kota Kupang,P,D3,1364,6158.0,1457.7222108201063,1622.7114376643788,1570.1277935934593,1576.7034346450428,1894.7171964526744,1485.539695531528,1508.3037101181199
1813,Prov. Nusa Tenggara Timur,Kota Kupang,P,D4,791,4866.0,1151.8798762342703,938.9925440037148,1017.7585963863874,1158.4893883893255,1237.2257430110708,1019.3404244867611,1045.3263705112863
1814,Prov. Nusa Tenggara Timur,Kota Kupang,P,Profesi,7703,8061.0,1908.2005101365503,9863.12708206846,8928.591734925509,8663.781580178778,13212.9298539011,6741.953299290134,7589.869518920626
1815,Prov. Nusa Tenggara Timur,Kota Kupang,P,S1,7084,48514.0,11484.237631654212,7757.167210770037,7564.087510483547,7567.968354031586,8497.648765444435,8479.959852439264,7839.924311606996
1816,Prov. Nusa Tenggara Timur,Kota Kupang,P,S2,128,566.0,133.98356143620984,151.9092992789299,149.8607086688573,138.02249379591976,131.2251596776701,141.90628096737163,178.81996916245248
1817,Prov. Nusa Tenggara Timur,Kota Kupang,P,S2 Terapan,5,6.0,1.420320439253108,2.644102262700281,2.756789687840974,2.5730289053287096,3.4431757954652813,2.8059667417721084,2.943261933406091
1818,Prov. Nusa Tenggara Timur,Kota Kupang,P,S3,4,29.0,6.864882123056688,3.949576176361647,4.381123906339015,5.582065508906237,4.448586038554248,5.033464373013457,4.8121009356262725
1819,Prov. Papua,Kab. Biak Numfor,L,D3,22,280.0,65.59576165370731,54.640765743123374,43.37763385506706,39.61003388126645,79.05087773807011,48.40112628791303,48.1001317404184
1820,Prov. Papua,Kab. Biak Numfor,L,S1,145,1191.0,279.0162576055908,150.60736786850987,125.88854455905694,117.89616104248626,157.19372301617997,135.30726277100797,129.50076359078452
1821,Prov. Papua,Kab. Biak Numfor,L,S2,18,72.0,16.867481568096167,16.860059192198992,14.67818337769113,13.353379661785924,18.614920290425673,18.34689669910684,18.535574953254276
1822,Prov. Papua,Kab. Biak Numfor,P,D3,21,242.0,56.6934797149899,51.084859570593224,39.94084928398995,36.129445575601686,80.37351016484138,39.20606134099809,41.6604104833076
1823,Prov. Papua,Kab. Biak Numfor,P,S1,209,1402.0,328.44734942320594,222.99398510765272,191.80263644000445,189.05687306694892,223.9227479698186,221.2725328353326,238.0729403956242
1824,Prov. Papua,Kab. Biak Numfor,P,S2,4,21.0,4.919682124028049,6.908436273851986,6.391159713603394,6.397676830047338,6.884372595805282,4.257016286612352,4.4955581138730185
1825,Prov. Papua,Kab. Jayapura,L,S1,243,3938.0,922.5575335439265,432.57005504493657,358.91529607714943,325.05632203818976,523.3289681262756,608.8032105117744,536.7514804335533
1826,Prov. Papua,Kab. Jayapura,L,S2,32,114.0,26.706845816152267,25.501417435103548,22.655795003128603,20.708250962264525,23.380626890126734,22.36463768540733,22.732068132364226
1827,Prov. Papua,Kab. Jayapura,P,S1,279,3562.0,834.471796466091,487.87847867004854,415.5001758760918,394.68058738630714,421.3948124739589,614.1536039993165,639.9789969252997
1828,Prov. Papua,Kab. Jayapura,P,S2,19,46.0,10.776446557394774,14.04292750328968,13.146105527460053,13.068446282771626,14.46901761641103,14.752640841884249,14.381381211967058
1829,Prov. Papua,Kab. Jayawijaya,L,S1,321,4438.0,1039.692822211261,495.040556117588,395.5064417946921,367.44411251795066,439.7449231339835,591.9684747296208,579.7162456811891
1830,Prov. Papua,Kab. Jayawijaya,L,S2,36,122.0,28.58101043482962,42.1798457132028,40.7702536455289,45.25699557742983,29.56386944509228,28.848376908324408,39.34526775956709
1831,Prov. Papua,Kab. Jayawijaya,P,S1,397,3069.0,718.9764018400991,474.80949633438007,401.60638525015725,408.437599448253,402.7085428389409,444.66348196028974,495.21593022230917
1832,Prov. Papua,Kab. Jayawijaya,P,S2,11,59.0,13.82196406274547,22.406811385063964,21.425582399840216,23.705984782528386,15.776087863452801,14.566354668277317,20.653354134063136
1833,Prov. Papua,Kab. Merauke,L,D3,37,380.0,89.02281938717422,67.37140978544102,54.540169023299796,47.16323714054914,91.99776523640813,69.30774685702549,87.1151438218629
1834,Prov. Papua,Kab. Merauke,L,Profesi,1462,1253.0,293.54103340034027,1741.5439123779265,1468.8441055479022,1751.0168607651988,1361.799112461581,1306.8824984717212,1233.7470295829562
1835,Prov. Papua,Kab. Merauke,L,S1,454,9891.0,2317.170280417211,1080.5738437745554,906.7736469159724,789.1447187888008,971.160673420227,1055.4841183612689,1020.2806059750191
1836,Prov. Papua,Kab. Merauke,L,S2,21,65.0,15.227587526753485,19.30900362261489,18.8897990523598,18.610601970683362,21.262082835824454,13.539611213148794,12.998041412895468
1837,Prov. Papua,Kab. Merauke,P,D3,95,642.0,150.4017106488575,123.43061906704746,98.48116403229423,84.44580225439798,139.3881064578941,137.1849384916382,173.08958332504238
1838,Prov. Papua,Kab. Merauke,P,Profesi,2960,2604.0,610.0405833794781,3999.4737967787414,3338.9036656686444,3983.1498634938816,3174.852293476391,2880.979642003124,3493.795352554552
1839,Prov. Papua,Kab. Merauke,P,S1,502,8173.0,1914.6934285562497,1095.6659155233522,939.2217373054872,851.9498368068649,1094.1015752058825,877.0865011518594,844.5605781048384
1840,Prov. Papua,Kab. Merauke,P,S2,16,37.0,8.668011361382753,13.179818780181515,13.084717197992951,13.31015727305193,13.95257552415479,9.425174398016814,6.895571245418762
1841,Prov. Papua,Kab. Mimika,L,D3,50,142.0,33.266421981522996,32.12644424138794,26.910718180983835,26.777809092785873,31.586226546896558,30.90948485954191,33.497150748068094
1842,Prov. Papua,Kab. Mimika,L,S1,93,811.0,189.99343821841654,91.99459122830636,75.30397779059642,69.32174650432306,93.28795033478235,135.0187503860521,135.24606579046088
1843,Prov. Papua,Kab. Mimika,P,D3,27,157.0,36.78048064154303,37.745966290783336,30.978739914218366,30.319013665017323,43.651611929378916,29.18440453538536,35.886922579459004
1844,Prov. Papua,Kab. Mimika,P,S1,147,1061.0,248.5610825520838,148.99820082093197,124.92675848460568,120.27185151064333,132.93711917650364,136.1615570554996,114.05731556875189
1845,Prov. Papua,Kab. Nabire,L,S1,327,2893.0,677.7447802291974,490.9174163727842,449.23386773227946,495.56216814661116,373.4460526366486,468.41023143419426,449.24849876981784
1846,Prov. Papua,Kab. Nabire,P,S1,206,1995.0,467.36980178266464,372.7100812420414,337.5028059457301,371.6159524573158,317.17080019628224,372.80083986180483,394.50370915803694
1847,Prov. Papua,Kab. Yapen Waropen,L,S1,15,518.0,121.35215905935854,58.38044241886193,46.65799096126785,39.47555087335297,42.00993544845149,60.20599839039735,53.467610298206445
1848,Prov. Papua,Kab. Yapen Waropen,P,S1,38,917.0,214.82611941589147,135.556428732515,112.67674446618366,102.24896188330669,132.06863254379024,115.34984932322618,109.90470173510369
1849,Prov. Papua,Kota Jayapura,L,D3,272,3156.0,739.3579420682154,473.55210387260837,370.1648804419325,301.8041703431543,312.00795130263595,609.2623033252686,717.2139859988147
1850,Prov. Papua,Kota Jayapura,L,D4,13,273.0,63.955867612364635,26.463068207368828,21.741277381524625,18.73299865820563,26.42033072743653,25.828081454557818,18.914041043886172
1851,Prov. Papua,Kota Jayapura,L,Profesi,399,1008.0,236.14474195334634,1110.166984790492,971.8902619229633,941.2243210339743,902.4611536902,1040.4955012458522,1084.7312044625755
1852,Prov. Papua,Kota Jayapura,L,S1,1834,31667.0,7418.646372456963,3400.2229825638387,2875.1446508922327,2508.1342991540996,2640.7540982163396,4592.026810975628,4755.932281156632
1853,Prov. Papua,Kota Jayapura,L,S2,337,2184.0,511.6469408989171,457.62964271081006,410.01889530550585,353.9335362913876,482.5182905484905,533.5777452139893,636.5790373656322
1854,Prov. Papua,Kota Jayapura,L,S3,23,179.0,41.93443334290575,16.52168720512119,14.762918615338158,16.00689359539232,16.28233390022031,17.315071978027415,22.393691753043036
1855,Prov. Papua,Kota Jayapura,P,D3,804,5140.0,1204.1507675001985,1095.4837907077774,912.8333093136793,822.6020043795916,1028.0027340579506,896.3019862218762,1100.6146720425418
1856,Prov. Papua,Kota Jayapura,P,D4,86,770.0,180.3883445476951,93.97570986584192,79.47103844402986,72.09930251325464,165.40503483274216,115.32460774115316,112.57929155809133
1857,Prov. Papua,Kota Jayapura,P,Profesi,751,1793.0,420.0471451610615,2047.965518804666,1744.2344542729024,1645.2416708530516,2115.388570289631,2225.5636929581588,2435.9196071191895
1858,Prov. Papua,Kota Jayapura,P,S1,2268,25708.0,6022.628002119671,3337.658525090227,2870.097937405598,2594.814244477372,2576.202879219531,4108.629617947203,4175.315174767792
1859,Prov. Papua,Kota Jayapura,P,S2,339,1414.0,331.25859635122197,350.4285941221883,317.350977944251,281.2828251237588,304.2696030682933,361.41206063189094,451.89713348182676
1860,Prov. Papua,Kota Jayapura,P,S3,9,65.0,15.227587526753485,7.2488414159040975,6.587662993060078,7.397333689235753,13.294736237255904,11.307679087618473,10.391157348397499
1861,Prov. Papua Barat,Kab. Fak-Fak,L,D3,149,543.0,128.53899975240626,122.97073276653454,97.63774604604268,93.45783616713892,100.303479709902,103.57008685107427,109.73610550859756
1862,Prov. Papua Barat,Kab. Fak-Fak,L,D4,15,71.0,16.80712519782844,11.867688447842891,10.555330075628746,11.356660590309211,12.114684085470028,8.196591653269373,6.870443836287047
1863,Prov. Papua Barat,Kab. Fak-Fak,L,S1,72,1109.0,262.52256118861607,114.72501794720587,83.4864739247587,70.52336060788453,91.78155513432479,94.87006362007543,97.61670525980561
1864,Prov. Papua Barat,Kab. Fak-Fak,P,D3,188,576.0,136.35076216829836,136.37522152745385,106.3721011180372,99.89891838122406,123.5592631599782,113.25600562642069,142.4704021291219
1865,Prov. Papua Barat,Kab. Fak-Fak,P,D4,14,57.0,13.493044172904524,9.321960227600277,7.966533895266174,8.175115554585947,7.36214106023906,9.093868196687074,7.673570651773336
1866,Prov. Papua Barat,Kab. Fak-Fak,P,S1,177,1776.0,420.41485001891994,242.33277510296458,187.23004671408717,171.36291094867462,199.74855698178263,242.68776463944005,237.72043468877013
1867,Prov. Papua Barat,Kab. Manokwari,L,D3,34,832.0,196.95110090976428,136.83684243993952,99.1090179406789,78.9095139405802,171.05937453893375,144.9931278242097,176.77262007079577
1868,Prov. Papua Barat,Kab. Manokwari,L,D4,50,242.0,57.28625771654202,45.78023876436465,43.40751684439994,48.57238616758023,49.559683077508154,54.11312325423936,35.131280741593955
1869,Prov. Papua Barat,Kab. Manokwari,L,Profesi,2,425.0,100.6060311137618,234.37324411185355,142.64271130746818,96.09982244939435,740.0421815859186,445.3386635544133,495.21564858794267
1870,Prov. Papua Barat,Kab. Manokwari,L,S1,372,8075.0,1911.5145911614743,1022.7283552152883,808.3668757915743,709.8620534017572,979.7270189098379,732.2337888257375,700.3646417884017
1871,Prov. Papua Barat,Kab. Manokwari,L,S2,74,223.0,52.78857632557384,57.243686194683235,48.82033544686089,43.043850515963165,67.48066937634727,67.74262394950523,72.56271396073342
1872,Prov. Papua Barat,Kab. Manokwari,L,S3,8,47.0,11.125843440816011,5.575986436528721,5.182799329091297,6.074301104995351,7.638552141937695,5.2317249131515755,5.128857802098658
1873,Prov. Papua Barat,Kab. Manokwari,P,D3,43,476.0,112.67875484741322,96.53899888085813,72.58576718301636,60.84358650058531,182.517428433604,70.63488076114129,94.3356161334049
1874,Prov. Papua Barat,Kab. Manokwari,P,D4,38,243.0,57.52297778975087,51.346604438672905,48.859222970935264,54.9914435740544,57.98905616072492,54.271952794605994,52.05557303596252
1875,Prov. Papua Barat,Kab. Manokwari,P,Profesi,12,1174.0,277.9093659471914,695.4547764716827,419.58526079614825,280.577845315347,2096.4302068453944,1826.4979514086062,1400.024086135495
1876,Prov. Papua Barat,Kab. Manokwari,P,S1,580,8301.0,1965.0133277066745,1253.2586956499429,1016.7336423546732,926.4757371838094,1056.487770297196,855.4653024481023,899.5223886996678
1877,Prov. Papua Barat,Kab. Manokwari,P,S2,80,199.0,47.10729456856141,63.7384089257955,56.65266584882899,52.85171519831013,71.70083134017138,66.11950042215392,74.65171740656169
1878,Prov. Papua Barat,Kab. Manokwari,P,S3,1,15.0,3.5508010981327693,1.549153549736851,1.3305637250961662,1.4149767016646004,2.1828747774540025,2.600140028670315,1.9606811726258542
1879,Prov. Papua Barat,Kab. Sorong,L,Profesi,244,246.0,58.23313800937742,365.2451178100329,288.3615628197916,299.3842727414788,438.33839399717704,399.64337877289734,337.24302840386906
1880,Prov. Papua Barat,Kab. Sorong,L,S1,156,2541.0,601.5057060236911,290.23462946330204,206.5298554239596,175.41701034899097,356.06548481583246,275.4473939139375,227.35518171807487
1881,Prov. Papua Barat,Kab. Sorong,P,Profesi,413,420.0,99.42243074771754,678.9541002846455,533.7789775144809,553.2418293011799,677.2333635441316,580.9136957256529,588.8362158793334
1882,Prov. Papua Barat,Kab. Sorong,P,S1,402,4879.0,1154.9572371859856,671.1683149888707,491.9655941642521,435.77103566121184,716.2040319907105,691.5454236721816,660.2804760503939
1883,Prov. Papua Barat,Kota Sorong,L,D3,200,740.0,175.17285417454997,197.18948812656498,190.517610131882,198.11591024182806,190.6721164101615,184.07098797659444,183.98056656764112
1884,Prov. Papua Barat,Kota Sorong,L,D4,80,968.0,229.14503086616807,112.76382447915802,102.44659750562475,95.75351905122486,118.04697432323293,185.74783963007835,158.97202511098436
1885,Prov. Papua Barat,Kota Sorong,L,Profesi,10,20.0,4.734401464177026,11.113292848193925,7.698244928616864,5.530558864128669,12.328631216315554,11.256916318626033,11.882957031101828
1886,Prov. Papua Barat,Kota Sorong,L,S1,470,7312.0,1730.8971753031208,838.1259724692158,727.4607870058207,650.8842619773569,675.431284215111,763.9047752299723,747.2689591227168
1887,Prov. Papua Barat,Kota Sorong,L,S2,36,172.0,40.71585259192242,47.42673028015257,47.03126717843017,45.442305930842466,53.80832248270322,54.89111792705038,54.247096156589095
1888,Prov. Papua Barat,Kota Sorong,P,D3,345,1283.0,303.7118539269562,388.25399809410754,378.83433480484007,400.411103325121,420.427894542621,343.39932651406866,387.81436104336905
1889,Prov. Papua Barat,Kota Sorong,P,D4,135,816.0,193.16357973842267,136.53910699074333,135.51497790542004,142.35686640483289,129.21606360970011,150.79836208262938,118.17770144414837
1890,Prov. Papua Barat,Kota Sorong,P,Profesi,38,69.0,16.33368505141074,54.971006714522915,41.57144108167858,33.53232224597229,43.12404896411713,53.26555755295235,59.12865127660994
1891,Prov. Papua Barat,Kota Sorong,P,S1,799,8454.0,2001.231498907629,1208.3479902611589,1092.829836204201,1034.376433544364,1037.2146490755665,885.136847400892,979.1885327821469
1892,Prov. Papua Barat,Kota Sorong,P,S2,14,87.0,20.594646369170064,28.043945045113134,28.35902061963078,28.197553515754052,30.917164957624326,19.53480367761346,19.78917036879563
1893,Prov. Riau,Kab. Bengkalis,L,D2,12,24.0,5.529391328827986,11.570076897234523,8.997989759061204,8.199628083038025,6.957707474087556,7.717108928294901,9.1963603183889
1894,Prov. Riau,Kab. Bengkalis,L,D3,230,832.0,191.68556606603684,220.09311596999063,204.81471978461855,212.37824342576772,182.68138068747848,134.36135044312832,124.90701554140502
1895,Prov. Riau,Kab. Bengkalis,L,D4,288,1495.0,344.4350015249099,260.99187330039183,251.1818237826093,281.39221475604,212.83440842185666,282.11917994596746,305.7498317029976
1896,Prov. Riau,Kab. Bengkalis,L,S1,84,2079.0,478.98352385972424,292.3470043739819,251.94457773277753,243.40789522106644,269.84571059644526,257.1733195119669,207.95876533853126
1897,Prov. Riau,Kab. Bengkalis,P,D2,2,3.0,0.6911739161034982,1.6550548465798691,1.3007166738344604,1.2066305021185582,1.7126191406231424,2.542159889898087,2.266774519004313
1898,Prov. Riau,Kab. Bengkalis,P,D3,101,333.0,76.7203046874883,97.97085189241635,91.30193262954539,95.32017947153577,88.7246812185486,78.6101209175567,84.55845962270034
1899,Prov. Riau,Kab. Bengkalis,P,D4,321,1443.0,332.4546536457826,292.51144618503895,285.36666165577515,326.6614798442832,257.11496871903444,302.8943467953034,315.1241110337678
1900,Prov. Riau,Kab. Bengkalis,P,S1,86,2832.0,652.4681768017023,515.2614822379735,466.29201077765657,480.521083061449,518.126973190858,436.7728519218198,438.01141452485473
1901,Prov. Riau,Kab. Indragiri Hilir,L,S1,341,2586.0,595.7919156812154,374.866353234266,299.6765217222986,301.41024501778014,339.99397493279525,330.81305662952667,329.20747951333766
1902,Prov. Riau,Kab. Indragiri Hilir,L,S2,2,54.0,12.441130489862967,17.688088294479023,15.75857008024895,16.57060691933121,19.133436394044047,18.627809502488404,18.16768979399176
1903,Prov. Riau,Kab. Indragiri Hilir,P,D3,50,121.0,27.87734794950776,37.206519119961925,32.18122618238074,34.99948826485886,41.60295750890309,38.974578754198355,37.35769816280046
1904,Prov. Riau,Kab. Indragiri Hilir,P,S1,523,2810.0,647.39956808361,500.7048022103469,414.0438170061876,436.13589172621334,563.3831254128007,439.59839606284766,436.9623052179731
1905,Prov. Riau,Kab. Indragiri Hulu,L,S1,232,1397.0,321.8566535988623,194.4266069161792,150.7133661596279,152.51987586930716,187.67036033332778,186.15401994907282,158.78167611208045
1906,Prov. Riau,Kab. Indragiri Hulu,P,D3,27,106.0,24.421478368990268,31.582974473700737,26.623760380137643,29.315192655218635,28.535130598464452,35.679723712934624,33.96885224006925
1907,Prov. Riau,Kab. Indragiri Hulu,P,Profesi,8,9.0,2.0735217483104944,15.177631340250027,11.347732140167103,12.589956154364305,8.280913122801064,6.315565230051221,6.288967918220804
1908,Prov. Riau,Kab. Indragiri Hulu,P,S1,428,2104.0,484.74330649392004,366.11048420254866,294.8366368318156,314.1377539054787,351.7485210760336,310.8384535158885,333.10451566757
1909,Prov. Riau,Kab. Kampar,L,D2,20,36.0,8.294086993241978,18.115547477840963,13.601825925631863,12.78306848313377,23.08769004709756,11.321662471592749,10.20277278636324
1910,Prov. Riau,Kab. Kampar,L,D3,94,420.0,96.76434825448975,117.55115639344295,105.88118134175375,113.57838131397695,104.68266173295682,94.25433604891194,97.08300105037983
1911,Prov. Riau,Kab. Kampar,L,Profesi,210,120.0,27.646956644139927,141.43781388709058,103.01986419066921,99.50609003205606,73.98120995450097,90.60465798959578,87.71778634645725
1912,Prov. Riau,Kab. Kampar,L,S1,240,1699.0,391.4348278199478,271.5769387710817,232.06381001976447,238.84229609763912,255.7458976586585,265.3209852995549,257.8422748791717
1913,Prov. Riau,Kab. Kampar,L,S2,67,128.0,29.49008708708259,37.35037466042424,33.348698228623874,33.17651220518292,46.191482149660146,35.783856079920604,37.692078790333184
1914,Prov. Riau,Kab. Kampar,P,D2,8,22.0,5.06860871809232,12.082370715290883,9.032881815839406,8.48745335586362,15.92030486200089,6.809203823049216,7.30318036927652
1915,Prov. Riau,Kab. Kampar,P,D3,59,297.0,68.42621769424632,90.63557760220287,81.26228856813219,87.12061614707542,89.686415701322,67.50696878507821,77.99912577908972
1916,Prov. Riau,Kab. Kampar,P,D4,2,44.0,10.13721743618464,8.241768807121074,7.455794050438326,8.380062640917298,8.30650101334053,8.810035674936957,9.289539501519009
1917,Prov. Riau,Kab. Kampar,P,Profesi,1297,889.0,204.8178704720033,1384.9625202023356,1066.3788078644332,1107.6121724741502,682.0690725748293,787.9698345395416,1028.5108685122823
1918,Prov. Riau,Kab. Kampar,P,S1,611,2831.0,652.2377854963345,552.0753054600597,486.3609361745578,522.1273750814345,563.2706700071515,473.98133612895657,472.0144833553828
1919,Prov. Riau,Kab. Kampar,P,S2,160,217.0,49.9949132648197,75.89035429528737,69.4712132024699,71.60370261220586,80.50834621888157,65.65544041909202,69.01325560794842
1920,Prov. Riau,Kab. Kepulauan Meranti,L,D3,4,21.0,4.838217412724488,5.453686387997605,3.8725422986009477,4.245459636998855,5.444262968660061,7.587690241569699,5.5776168959083
1921,Prov. Riau,Kab. Kepulauan Meranti,L,S1,55,585.0,134.77891364018214,78.39148739190524,51.15916297506386,51.77416793750429,71.75112834852057,70.43962977338786,52.138859838476485
1922,Prov. Riau,Kab. Kepulauan Meranti,P,D3,17,31.0,7.142130466402815,10.336948134765715,7.689207027624746,8.965369047653052,9.94691776435359,8.02677105851951,12.036910201708848
1923,Prov. Riau,Kab. Kepulauan Meranti,P,S1,135,756.0,174.17582685808154,134.0152595550035,92.47868490348688,100.6743020734618,143.91378928342485,109.88030605064688,105.6851791897078
1924,Prov. Riau,Kab. Kuantan Singingi,L,S1,119,1400.0,322.54782751496583,208.31899027494137,180.28963692108763,172.79856905545344,209.8140515682405,165.6370572952368,153.6300795402842
1925,Prov. Riau,Kab. Kuantan Singingi,P,S1,155,1294.0,298.12634914597555,234.20368849101214,208.77338944905006,208.4797619226023,257.97546609393135,218.49384331765452,247.4335325220101
1926,Prov. Riau,Kab. Pelalawan,L,S1,25,426.0,98.14669608669674,72.41720802026994,50.90749475046256,56.3986842537557,56.302509684291124,40.1522054393808,25.104894149734214
1927,Prov. Riau,Kab. Pelalawan,P,S1,19,371.0,85.47517429146595,72.85882337686516,51.911963038836625,58.75716719814092,56.82628891274485,42.01983506739448,49.54560995317212
1928,Prov. Riau,Kab. Rokan Hilir,L,S1,99,948.0,218.41095748870544,155.34899158441965,121.08692250362719,132.18089619341148,152.1775379163554,140.90781642958342,143.81904013016558
1929,Prov. Riau,Kab. Rokan Hilir,P,S1,233,1690.0,389.36130607163733,309.42238852081704,241.90865743032228,266.38495007262884,336.8383478156271,264.4306951460178,260.78097335290875
1930,Prov. Riau,Kab. Rokan Hulu,L,D3,1,1.0,0.23039130536783273,0.3046437557503262,0.28149363913454795,0.31532351819284316,0.40017798819869893,1.4874785336303822,1.249010977719471
1931,Prov. Riau,Kab. Rokan Hulu,L,S1,771,3782.0,871.3399169011434,710.7053031812936,638.1786377752577,706.2869381055401,600.3613355279974,509.23907323292303,487.42255418490976
1932,Prov. Riau,Kab. Rokan Hulu,P,D3,18,72.0,16.588173986483955,23.9389606266459,22.024700810539834,24.6666950572146,31.66673529409367,25.58267696633564,24.51924248840327
1933,Prov. Riau,Kab. Rokan Hulu,P,Profesi,45,57.0,13.132304405966465,89.91733083317017,69.43762869923356,73.27328386049244,61.36569282426324,38.132894750191504,44.93973620400485
1934,Prov. Riau,Kab. Rokan Hulu,P,S1,1286,4556.0,1049.6627872558458,935.1804839759857,836.3825261437272,925.7917845423839,868.1761242679851,900.2039173592777,840.1492211826685
1935,Prov. Riau,Kota Dumai,L,D3,68,262.0,60.362522006372174,69.07345404697864,67.47098504305725,70.55088630738105,57.024784350453395,70.61969388343343,62.461702343590105
1936,Prov. Riau,Kota Dumai,L,S1,124,1561.0,359.6408276791869,235.38643083724514,218.22879478743027,219.06368552270982,218.60557105212732,264.41151690992297,225.69876929799827
1937,Prov. Riau,Kota Dumai,P,D3,71,333.0,76.7203046874883,95.05617476727116,92.22214644204037,96.12137478597309,82.78896012481833,93.34046415974572,91.75675643854231
1938,Prov. Riau,Kota Dumai,P,S1,187,2001.0,461.0130020410333,356.7365560299144,337.646907619177,349.3399446489215,337.4659560207064,346.64487014033125,371.6990875129063
1939,Prov. Riau,Kota Pekanbaru,L,D3,426,1769.0,407.5622191956961,435.99623997846703,456.3955493442482,467.2340257255289,448.7603227760336,389.80651973076897,397.55169408811906
1940,Prov. Riau,Kota Pekanbaru,L,D4,313,2198.0,506.40008919849635,368.8904397913775,405.6496910781115,457.28338281075696,379.761245729367,425.48951981925774,429.10062395040114
1941,Prov. Riau,Kota Pekanbaru,L,Profesi,2468,2545.0,586.3458721611343,3448.5251126016838,3164.5051318943406,3218.1925856740513,2867.648712851629,2900.9779008532387,3384.0960138933783
1942,Prov. Riau,Kota Pekanbaru,L,S1,8738,59477.0,13702.983669362588,8924.891854717822,9062.348209749887,9145.674440851535,9316.714827132331,9300.527711589306,7554.1387846407515
1943,Prov. Riau,Kota Pekanbaru,L,S2,1110,3593.0,827.795960186623,996.2284101932574,1055.7824994715331,1028.4811922240228,1140.9149034873606,852.052660255329,883.752918072929
1944,Prov. Riau,Kota Pekanbaru,L,S2 Terapan,11,44.0,10.13721743618464,12.520551080667529,12.389791424999961,9.708432862924012,12.841019478302659,12.412009155849985,13.442027242531754
1945,Prov. Riau,Kota Pekanbaru,L,S3,114,458.0,105.51921785846739,63.251519331341925,70.26889180518712,94.4001492347216,84.2729606775906,66.03711327438515,56.44889319129633
1946,Prov. Riau,Kota Pekanbaru,L,Sp-1,17,122.0,28.107739254875593,23.30521022585352,29.34642746574677,42.92420073516326,28.836610750037458,28.2722665211352,30.514230253002488
1947,Prov. Riau,Kota Pekanbaru,P,D3,1613,4190.0,965.3395694912191,1220.725562236777,1302.5726281573984,1371.8886770562412,1341.0248330040945,1204.7377029607997,1157.2028883559628
1948,Prov. Riau,Kota Pekanbaru,P,D4,231,1630.0,375.5378277495673,300.37550451636605,331.85158190091664,378.128025313511,343.4047915658269,372.12449265776155,346.02149274110866
1949,Prov. Riau,Kota Pekanbaru,P,Profesi,8880,8915.0,2053.938487354229,13381.789825132159,12283.294218558392,12559.385266485497,10561.629030628548,8673.391624387847,10274.983027720376
1950,Prov. Riau,Kota Pekanbaru,P,S1,14941,75730.0,17447.533555505972,13766.34006220303,14415.591755278676,15180.339227346125,15810.084988829085,11862.14964426176,13729.199042668595
1951,Prov. Riau,Kota Pekanbaru,P,S2,1178,3237.0,745.7766554756745,1094.802971709691,1196.1242178806829,1215.3084279601628,1323.2946650154731,885.2264762364177,975.1130273216854
1952,Prov. Riau,Kota Pekanbaru,P,S2 Terapan,7,22.0,5.06860871809232,7.19500335162143,7.204724946200872,5.756483588407279,9.696482602013024,6.0583181276515035,6.544231149365694
1953,Prov. Riau,Kota Pekanbaru,P,S3,29,204.0,46.99982629503788,35.300465974848166,40.76981953799642,57.7123837922945,42.951599767221325,27.72435810342439,25.01358524127472
1954,Prov. Riau,Kota Pekanbaru,P,Sp-1,9,62.0,14.28426093280563,12.57702063515231,15.634850611956415,22.627283206322453,20.32688583522502,15.896869767993632,18.473878016637897
1955,Prov. Sulawesi Barat,Kab. Majene,L,D3,16,239.0,64.39036130036087,48.88669542006595,47.74731228380543,45.98645095641716,60.5923678923336,42.559666035130576,37.209354372657586
1956,Prov. Sulawesi Barat,Kab. Majene,L,Profesi,18,23.0,6.196561966143514,22.93505195402316,19.57310719170098,17.888455837626985,22.318738733767454,10.075729110160115,12.183588580633339
1957,Prov. Sulawesi Barat,Kab. Majene,L,S1,821,7681.0,2069.3822809542753,1035.3061169821856,1045.2752786899732,1012.3218188386263,1264.9506032173986,969.0252407747948,895.650222518901
1958,Prov. Sulawesi Barat,Kab. Majene,L,S2,26,69.0,18.58968589843054,23.733694643039673,21.65351434807232,21.28853065596953,26.854477180255348,18.426472483484414,14.642943948266732
1959,Prov. Sulawesi Barat,Kab. Majene,P,D3,195,947.0,255.1367035625177,249.7085227285347,236.85871022014535,237.73448549615546,294.63045484631243,213.49742620060138,205.09516124210504
1960,Prov. Sulawesi Barat,Kab. Majene,P,Profesi,81,97.0,26.133326552866123,144.75063100711773,113.65794504688877,110.19472441948633,121.55945903694987,77.15567182246187,82.45267392912854
1961,Prov. Sulawesi Barat,Kab. Majene,P,S1,1574,12882.0,3470.6135325156847,2162.106902652319,2145.6241995362298,2157.163360968167,2557.1683759452812,2161.707206910366,2248.3765764331256
1962,Prov. Sulawesi Barat,Kab. Majene,P,S2,11,39.0,10.507213768678133,15.558984195546518,14.324273227214798,14.492360387487842,17.13764983165211,8.644003743791776,7.796389856883711
1963,Prov. Sulawesi Barat,Kab. Mamasa,L,S1,32,254.0,68.43159736523707,30.378904592160634,30.241230484642198,28.695913503418826,40.79781500199942,42.21924332054632,31.230558298900775
1964,Prov. Sulawesi Barat,Kab. Mamasa,P,S1,65,487.0,131.20546423964745,67.60080228762064,67.88980288787967,66.29919585393966,70.62889571687509,48.17130429119731,41.62437636980784
1965,Prov. Sulawesi Barat,Kab. Mamuju,L,D3,19,78.0,21.014427537356266,17.70978502095535,16.252747088485826,16.183754411471952,21.651850269110426,26.571147635212377,27.437925784143584
1966,Prov. Sulawesi Barat,Kab. Mamuju,L,Profesi,10,30.0,8.082472129752409,27.421186053502893,23.56832731616208,21.767041081282724,25.068337590178825,18.196691397052643,20.22030296963629
1967,Prov. Sulawesi Barat,Kab. Mamuju,L,S1,333,3860.0,1039.9447473614766,575.6525435451664,547.0171081397439,547.3805720872671,688.7642409002101,631.0003255398088,585.6557342893229
1968,Prov. Sulawesi Barat,Kab. Mamuju,L,S2,1,35.0,9.429550818044477,12.853662200439993,11.175415069785712,11.30678357371259,8.842950112752437,9.708354007702104,9.969981064379615
1969,Prov. Sulawesi Barat,Kab. Mamuju,P,D3,212,932.0,251.09546749764152,224.61173899506,214.7966599985086,217.7898582943681,284.2148517508496,191.29957598717894,190.66416370038124
1970,Prov. Sulawesi Barat,Kab. Mamuju,P,Profesi,92,172.0,46.339506877247146,176.90864235834343,155.12562105509386,146.90474689395117,147.30099467337462,140.70522860807873,135.64516445772657
1971,Prov. Sulawesi Barat,Kab. Mamuju,P,S1,540,4207.0,1133.4320083289463,695.1954075183759,677.7435036212333,694.1241570588195,889.5898728799219,744.4713796155065,770.3326389026112
1972,Prov. Sulawesi Barat,Kab. Mamuju,P,S2,2,23.0,6.196561966143514,9.251220777231847,8.286736403064129,8.569197715483817,6.198389113054106,6.406896283906856,4.503253938723528
1973,Prov. Sulawesi Barat,Kab. Polewali Mamasa,L,Profesi,369,196.0,52.80548458104907,279.5147681425879,206.4773248392464,196.82539390183078,171.9527705550241,193.06068358171171,246.93057235554292
1974,Prov. Sulawesi Barat,Kab. Polewali Mamasa,L,S1,432,3166.0,852.9702254265376,452.8519463940655,441.16479847271853,429.959506844326,436.14008088850227,460.3333527011852,439.2992166085724
1975,Prov. Sulawesi Barat,Kab. Polewali Mamasa,P,Profesi,1002,483.0,130.1278012890138,783.8508743630048,588.3337700137569,575.8328069743569,443.1870051460361,552.415049421673,563.9949978797846
1976,Prov. Sulawesi Barat,Kab. Polewali Mamasa,P,S1,520,3407.0,917.8994182022153,597.1676098983407,575.4606915091733,580.9506129527228,575.4573289183695,574.1397923352804,558.2262827889848
1977,Prov. Sulawesi Selatan,Kab. Bantaeng,L,D2,66,152.0,35.981451127745395,65.95162861745187,47.7894585433941,43.1689762132499,45.318287794097884,32.05144968235764,31.777569093408818
1978,Prov. Sulawesi Selatan,Kab. Bantaeng,P,D2,60,150.0,35.50801098132769,71.43285268329925,51.68167923355434,46.76545139798194,46.786111718409664,37.269793237785876,35.285468958425206
1979,Prov. Sulawesi Selatan,Kab. Barru,L,D3,1,1.0,0.2367200732088513,0.31318278441258235,0.2806066200848597,0.30796404917708947,0.25105836383591995,2.0327725495555504,1.3235480740900067
1980,Prov. Sulawesi Selatan,Kab. Barru,L,S1,139,1198.0,283.59064770420383,151.83426615445418,119.7376857867496,110.1265386462518,145.1594588974648,123.08527731918011,129.42869172903798
1981,Prov. Sulawesi Selatan,Kab. Barru,P,D3,20,49.0,11.599283587233714,11.423954792073735,8.976465006344805,8.361366289356276,11.17557512286596,15.287250135126477,16.662920250998994
1982,Prov. Sulawesi Selatan,Kab. Barru,P,S1,290,1708.0,404.317885040718,266.393772034272,217.9341546587902,210.83969279197794,229.57446876999208,254.1855178092137,242.67634992579437
1983,Prov. Sulawesi Selatan,Kab. Bone,L,D3,176,431.0,102.0263515530149,134.40443583653263,125.24486029040607,134.3401447252834,103.37001194781236,105.6254500810293,97.6564650443963
1984,Prov. Sulawesi Selatan,Kab. Bone,L,S1,776,5847.0,1384.1022680521535,833.2708165026693,711.7683534418562,673.8845256446048,708.9974206675989,723.2530081293897,696.1915310563077
1985,Prov. Sulawesi Selatan,Kab. Bone,L,S2,61,304.0,71.96290225549079,70.26780450297473,60.11649739716703,51.960156020076056,60.296814630262354,48.114157583050954,58.54119640454192
1986,Prov. Sulawesi Selatan,Kab. Bone,P,D3,468,939.0,222.28014874311137,314.61788387991845,290.65168027516967,309.4720907310869,285.79147646600694,230.81088340269838,259.9431204171926
1987,Prov. Sulawesi Selatan,Kab. Bone,P,S1,1780,8707.0,2061.1216774294685,1451.0018959491408,1264.0074201877428,1231.6709896147845,1379.9574080777704,1167.8418834412307,1178.412413729724
1988,Prov. Sulawesi Selatan,Kab. Bone,P,S2,89,353.0,83.5621858427245,103.1904100842039,92.42291810375919,85.01293992812464,90.25916844332025,93.06668550336688,114.25768831841589
1989,Prov. Sulawesi Selatan,Kab. Bulukumba,L,D3,5,18.0,4.260961317759324,5.250188054439469,5.069034911609816,5.328380811848754,4.546416564910689,5.910485299263584,5.629768712874203
1990,Prov. Sulawesi Selatan,Kab. Bulukumba,L,Profesi,8,11.0,2.6039208052973644,14.438363131019155,12.924158527784654,13.034126742128,10.107506406101706,6.851179729797641,8.435317907262865
1991,Prov. Sulawesi Selatan,Kab. Bulukumba,L,S1,155,1299.0,307.49937509829783,147.43121422536888,123.6537957498482,107.11813533646442,160.9959605099268,150.29738518804646,143.49138641508898
1992,Prov. Sulawesi Selatan,Kab. Bulukumba,P,D3,62,189.0,44.740093836472894,52.55936933204969,48.33941039739478,47.93128115277441,48.69107969522413,49.857675443208876,44.72739678120155
1993,Prov. Sulawesi Selatan,Kab. Bulukumba,P,Profesi,105,116.0,27.459528492226752,155.3885502331278,135.54359414331407,132.7460643134859,122.6716034562231,92.19436500089111,119.57784423128777
1994,Prov. Sulawesi Selatan,Kab. Bulukumba,P,S1,457,2952.0,698.797656112529,446.14121966845784,398.54462574923684,375.5963833977574,358.1338041584208,362.15037862597825,314.4431020001647
1995,Prov. Sulawesi Selatan,Kab. Enrekang,L,S1,80,688.0,162.86341036768968,94.36016727904125,75.0592308851961,68.49848389130274,106.26376166261852,92.37999881382173,94.76655469313569
1996,Prov. Sulawesi Selatan,Kab. Enrekang,P,S1,168,1177.0,278.619526166818,192.92344091787749,157.74822103706538,149.9689314556226,179.7954048266931,239.62530147821164,216.49809888349282
1997,Prov. Sulawesi Selatan,Kab. Gowa,L,D3,28,87.0,20.594646369170064,29.385423096298645,24.700078751485606,24.977083675553907,11.859243998663935,19.923663383414535,21.185008482254403
1998,Prov. Sulawesi Selatan,Kab. Gowa,L,D4,76,300.0,71.01602196265539,64.79910699397088,58.15881797112573,62.180669672684,137.74814032791727,32.37335314741803,41.61635156462912
1999,Prov. Sulawesi Selatan,Kab. Gowa,L,Profesi,1732,1047.0,247.84591664966732,1677.711819727834,1330.7057875029432,1320.4637460668268,2635.758659023473,1629.5784607341984,1570.455846144144
2000,Prov. Sulawesi Selatan,Kab. Gowa,L,S1,1647,10480.0,2480.8263672287617,1967.3029714172462,1618.238262519901,1570.2411134779334,1606.6261490550608,1576.8557944190848,1435.786029878312
2001,Prov. Sulawesi Selatan,Kab. Gowa,L,S2,273,1035.0,245.0052757711611,351.8364197244932,300.73973439677826,279.2397231889282,340.3318752442977,221.1488343555513,332.79558699647714
2002,Prov. Sulawesi Selatan,Kab. Gowa,L,S3,200,587.0,138.9546829735957,91.48978950872727,85.00286382930841,104.55898934906878,86.45581026712912,89.8940833904345,91.88288909049365
2003,Prov. Sulawesi Selatan,Kab. Gowa,P,D3,144,438.0,103.68339206547687,151.790856869365,124.55580806056331,122.59199662387377,65.11112920847505,91.93274989745048,113.26375316129564
2004,Prov. Sulawesi Selatan,Kab. Gowa,P,D4,136,455.0,107.70763331002735,107.23734602326456,95.9127917607057,102.46646613578254,250.2485968746764,84.29697584328004,67.67360301368934
2005,Prov. Sulawesi Selatan,Kab. Gowa,P,Profesi,2698,1082.0,256.1311192119771,1752.8301547770698,1350.554474721997,1296.1993540387957,2077.718457855756,1617.4060807548042,1561.6160723405949
2006,Prov. Sulawesi Selatan,Kab. Gowa,P,S1,3359,16604.0,3930.500095559767,3620.7379556890473,3030.663435979881,3018.1011022250045,2602.8303834216604,2527.0031953969997,2701.33213305927
2007,Prov. Sulawesi Selatan,Kab. Gowa,P,S2,320,982.0,232.45911189109196,403.07603595754927,355.1573470162459,344.07399977901827,309.5306603706119,247.49259606156585,325.9541470835594
2008,Prov. Sulawesi Selatan,Kab. Gowa,P,S3,82,306.0,72.4363424019085,55.983685033243376,53.11363326982023,67.35043985804833,41.50112178982728,45.960093126692044,47.57291877355548
2009,Prov. Sulawesi Selatan,Kab. Jeneponto,L,S1,362,1115.0,263.9428816278692,199.687286173159,170.9942039595111,181.70225411090868,168.1346937306945,160.75805627527865,143.6615138619473
2010,Prov. Sulawesi Selatan,Kab. Jeneponto,P,S1,429,1942.0,459.71038217158923,400.5792864471891,348.0557631269646,378.1950118550354,321.07783611426186,367.8439074613572,341.1941662403977
2011,Prov. Sulawesi Selatan,Kab. Luwu,L,S1,2,48.0,11.362563514024863,9.165526459869461,7.770562325925459,8.343740874328784,10.231951386603628,11.186298910674118,14.390770394339201
2012,Prov. Sulawesi Selatan,Kab. Luwu,P,D3,14,13.0,3.077360951715067,4.185902163102593,3.4346885764362556,3.598972342594114,4.305442972562493,5.319826458036724,6.046780969528645
2013,Prov. Sulawesi Selatan,Kab. Luwu,P,S1,3,138.0,32.66737010282148,28.083109880141684,23.53982273189059,25.00383501359541,33.220770314873,32.40151956725509,36.950671380319406
2014,Prov. Sulawesi Selatan,Kab. Luwu Timur,L,D3,71,205.0,48.52761500781452,63.81876316121775,62.717471729283325,65.91523483646033,54.51078915673646,53.74198188451046,60.18409719867848
2015,Prov. Sulawesi Selatan,Kab. Luwu Timur,L,S1,11,35.0,8.285202562309795,5.1147437597960845,4.649021918558081,4.362455621147557,4.04553169644167,8.484767324257444,7.412756612667235
2016,Prov. Sulawesi Selatan,Kab. Luwu Timur,P,D3,45,155.0,36.69161134737195,46.26871607211202,43.396585518719085,43.12779527247099,35.312716245293785,40.376070169612085,44.24035961287228
2017,Prov. Sulawesi Selatan,Kab. Luwu Timur,P,S1,80,231.0,54.68233691124465,40.01872830629865,37.266465090043646,36.20142615499635,29.179741361641724,47.22658158121778,35.076824594361305
2018,Prov. Sulawesi Selatan,Kab. Maros,L,D3,3,16.0,3.787521171341621,4.323254702412238,4.196779097387728,4.252696523849125,4.3678773276206035,4.346438664857017,4.824718623376627
2019,Prov. Sulawesi Selatan,Kab. Maros,L,S1,112,1159.0,274.35856484905867,144.7685576797462,129.42820445082594,116.78787786274677,143.37849900623252,150.6174379356094,133.72739672249975
2020,Prov. Sulawesi Selatan,Kab. Maros,L,S2,2,5.0,1.1836003660442564,0.9822729898384197,0.8698205923322169,0.7044227496240639,0.7217361588979214,2.0347190458788806,2.182981469570252
2021,Prov. Sulawesi Selatan,Kab. Maros,P,D3,44,232.0,54.919056984453505,74.82328412072741,74.58461486844239,78.469396828177,96.93719377915025,76.02542040755684,77.15363338100336
2022,Prov. Sulawesi Selatan,Kab. Maros,P,S1,248,1739.0,411.6562073101924,267.4426060153917,248.1093499837477,235.65294269696145,255.21358949519157,234.29533197409665,245.5655823988305
2023,Prov. Sulawesi Selatan,Kab. Maros,P,S2,5,8.0,1.8937605856708104,3.202414666451893,3.4817770145131743,3.67846135483792,3.5248057001003015,2.8394923835403048,2.601555040286218
2024,Prov. Sulawesi Selatan,Kab. Pangkajene Kepulauan,L,D3,22,53.0,12.54616388006912,15.628040794410795,13.759371147951518,13.848123985390153,12.671351094852431,13.623123000470043,14.031305033827262
2025,Prov. Sulawesi Selatan,Kab. Pangkajene Kepulauan,L,D4,134,575.0,136.1140420950895,109.11761762192161,103.02492124530795,111.01040571827428,98.27743115736317,99.73939563340959,97.41234365677327
2026,Prov. Sulawesi Selatan,Kab. Pangkajene Kepulauan,L,S1,39,403.0,95.39818950316707,60.33204459513777,50.4511285446791,46.9517122503694,58.63985251496524,52.14750780790542,49.13045608210061
2027,Prov. Sulawesi Selatan,Kab. Pangkajene Kepulauan,L,S2 Terapan,3,12.0,2.840640878506216,4.357613069485908,3.737412753569372,3.087199493482769,3.5232393564573723,4.154968629186609,4.595479733591632
2028,Prov. Sulawesi Selatan,Kab. Pangkajene Kepulauan,P,D3,32,69.0,16.33368505141074,22.711924786086318,20.07875127198144,20.38995933803212,17.42143901876082,23.70403539967975,21.895764670423418
2029,Prov. Sulawesi Selatan,Kab. Pangkajene Kepulauan,P,D4,318,1018.0,240.9810345266106,218.63434022655738,208.13199995663032,227.120129222328,173.41114150702094,184.74446335988816,172.05807659415973
2030,Prov. Sulawesi Selatan,Kab. Pangkajene Kepulauan,P,S1,152,1095.0,259.2084801636922,201.52986732109073,174.81408290159882,171.26869826413255,208.35466409070756,237.8724055543041,239.72495373593452
2031,Prov. Sulawesi Selatan,Kab. Pangkajene Kepulauan,P,S2 Terapan,3,13.0,3.077360951715067,5.220274733390108,4.481634938489693,3.720229973878475,3.6366540708028037,4.067645084437167,5.897480604055
2032,Prov. Sulawesi Selatan,Kab. Pinrang,L,Profesi,24,41.0,9.705523001562904,59.939061497147556,50.469294049815936,53.97039986735564,37.900495431713,17.514611102624478,16.597415550580397
2033,Prov. Sulawesi Selatan,Kab. Pinrang,L,S1,163,1309.0,309.86657583038635,170.6664740488008,136.04618538123788,126.62605329315248,181.85735522896633,148.1424583336429,164.85096929678926
2034,Prov. Sulawesi Selatan,Kab. Pinrang,P,Profesi,82,160.0,37.875211713416206,255.23072790493785,214.15793720491567,228.8379156035155,149.1499513774535,84.03199052619568,146.9005654056173
2035,Prov. Sulawesi Selatan,Kab. Pinrang,P,S1,233,1287.0,304.6587342197916,214.87843076391738,180.07215861351526,179.31944871256493,204.51293481521003,217.11785326463504,213.8592873628983
2036,Prov. Sulawesi Selatan,Kab. Sidenreng Rappang,L,D3,4,15.0,3.5508010981327693,4.4466991597520105,4.039476450993337,4.2018864041639965,3.94201535752365,3.9206614383086515,4.406844194966459
2037,Prov. Sulawesi Selatan,Kab. Sidenreng Rappang,L,D4,18,52.0,12.309443806860267,7.253437834056004,6.350167042313699,6.126579017993704,6.9685982737632015,9.423743040397154,6.416583728134766
2038,Prov. Sulawesi Selatan,Kab. Sidenreng Rappang,L,Profesi,281,306.0,72.4363424019085,425.5407646087581,363.40794882848263,369.17248236128154,231.7993413753971,355.9444039130168,384.72894997640253
2039,Prov. Sulawesi Selatan,Kab. Sidenreng Rappang,L,S1,351,2240.0,530.2529639878269,276.41554626373363,223.7523078524269,199.99906462968576,264.2109799509238,229.0028259460047,223.05332594562472
2040,Prov. Sulawesi Selatan,Kab. Sidenreng Rappang,L,S2,31,126.0,29.826729224315265,33.73404520015198,30.055285645246986,27.409586910813054,30.215319551261178,25.20931213753476,28.812161097467285
2041,Prov. Sulawesi Selatan,Kab. Sidenreng Rappang,P,D3,33,109.0,25.80248797976479,34.67936160023578,31.22051158061304,32.22223295243651,34.15383756575308,36.76295930663487,36.896313475471274
2042,Prov. Sulawesi Selatan,Kab. Sidenreng Rappang,P,D4,82,171.0,40.47913251871357,26.652868541814755,23.437861929323663,22.825601590800307,23.75791367748347,27.988773031936272,23.643766450093466
2043,Prov. Sulawesi Selatan,Kab. Sidenreng Rappang,P,Profesi,1523,1642.0,388.69436020893386,2571.7742901240854,2211.9026056051753,2275.818946832481,1440.5762770030244,1854.1882597511242,1953.9811160618135
2044,Prov. Sulawesi Selatan,Kab. Sidenreng Rappang,P,S1,1107,4431.0,1048.90664438842,722.9014992480276,621.8207612530103,603.0326895022498,668.3436099042459,679.2781911692406,740.8294919228405
2045,Prov. Sulawesi Selatan,Kab. Sidenreng Rappang,P,S2,40,125.0,29.59000915110641,44.47189096764294,42.172033097190834,41.80340821964664,46.170136671344686,44.70459431016911,46.57472529855664
2046,Prov. Sulawesi Selatan,Kab. Sinjai,L,D4,8,81.0,19.174325929916954,16.576800366719926,15.216436439678928,17.01409155193186,27.362543345742058,13.113659419102454,11.053344680791596
2047,Prov. Sulawesi Selatan,Kab. Sinjai,L,S1,278,1636.0,387.2740397696807,301.8633537666853,257.0852649856833,265.0122972400888,291.0126242808121,269.91038124934767,241.65304670473992
2048,Prov. Sulawesi Selatan,Kab. Sinjai,L,S2,28,58.0,13.729764246113376,18.491338302253947,16.110325531025346,15.57601283704986,21.888929158709864,15.17494200557937,14.61895998533353
2049,Prov. Sulawesi Selatan,Kab. Sinjai,P,D3,32,36.0,8.521922635518647,11.947758065281366,10.062886586423394,10.40541747103313,5.75463162013228,16.238681955038846,18.067658296546597
2050,Prov. Sulawesi Selatan,Kab. Sinjai,P,D4,2,5.0,1.1836003660442564,1.116535631987084,1.0213362837268147,1.1411164667003897,1.9791026730382915,2.678950413822831,2.6706280840250107
2051,Prov. Sulawesi Selatan,Kab. Sinjai,P,S1,514,2522.0,597.0080246327229,519.004950032323,443.7118869784681,461.33490974702465,462.4309360718235,473.1002550787705,478.50488007580657
2052,Prov. Sulawesi Selatan,Kab. Sinjai,P,S2,21,46.0,10.88912336760716,15.128149671440314,12.889973000577303,12.15774261741382,15.806513127052968,13.683313507986844,14.73654666605658
2053,Prov. Sulawesi Selatan,Kab. Soppeng,L,D3,16,43.0,10.178963147980605,11.821844654835932,10.64938005235666,11.055317582727776,13.312732121350564,14.222752244460118,11.938650337539475
2054,Prov. Sulawesi Selatan,Kab. Soppeng,L,S1,191,1048.0,248.08263672287617,171.01768590760597,154.11004895285419,157.88959101139417,192.41465035363132,165.47713808606608,162.15014301156415
2055,Prov. Sulawesi Selatan,Kab. Soppeng,P,D3,60,197.0,46.633854422143706,50.91659692069,43.49698848120098,42.38388382471074,52.14254596751773,44.642726226412265,45.939358437874084
2056,Prov. Sulawesi Selatan,Kab. Soppeng,P,S1,225,1542.0,365.0223528880487,280.1301626908793,253.2468444594134,261.48690365051885,307.85776520680633,265.9913035641214,230.68994664261945
2057,Prov. Sulawesi Selatan,Kab. Takalar,L,Profesi,2,6.0,1.420320439253108,6.223443016639518,4.782557149058153,4.331169183911765,6.642732505273013,3.1164585128386126,3.0246395158739428
2058,Prov. Sulawesi Selatan,Kab. Takalar,L,S1,13,326.0,77.17074386608553,62.54337575610584,58.063052461675674,62.488629858485766,87.54500430040046,75.60589009695141,51.504343231133745
2059,Prov. Sulawesi Selatan,Kab. Takalar,P,Profesi,8,25.0,5.918001830221282,28.690220899354312,22.073008669621288,20.093017585014078,25.20393202055547,13.57009686122162,13.417064372670243
2060,Prov. Sulawesi Selatan,Kab. Takalar,P,S1,37,518.0,122.62099792218497,107.7859714996037,99.51528421406911,106.74280360760186,139.456427977544,101.83239680183193,92.97156060500272
2061,Prov. Sulawesi Selatan,Kab. Tana Toraja,L,D3,11,44.0,10.415683221189457,10.725060894951955,9.19533166402835,8.841000584761412,10.706936016761587,12.37067085909289,11.662415634053987
2062,Prov. Sulawesi Selatan,Kab. Tana Toraja,L,Profesi,3,4.0,0.9468802928354052,4.552102871876393,3.663147871782317,3.432583945385076,3.2935235494247173,4.46441855410523,5.4483827755848075
2063,Prov. Sulawesi Selatan,Kab. Tana Toraja,L,S1,958,5144.0,1217.6880565863312,730.9498534697705,623.5760461025105,588.9690889369707,690.0634876758204,589.8778240629091,632.4851207888239
2064,Prov. Sulawesi Selatan,Kab. Tana Toraja,L,S2,51,147.0,34.79785076170114,40.864466865900425,37.14846351219978,34.59367713662755,47.08898778818719,31.168330001154395,34.79884490108669
2065,Prov. Sulawesi Selatan,Kab. Tana Toraja,L,S3,3,10.0,2.367200732088513,1.4041657072262335,1.4331063258055858,1.842595544299774,1.595198052452556,2.9832993062086595,1.4879313329953356
2066,Prov. Sulawesi Selatan,Kab. Tana Toraja,P,D3,172,596.0,141.08516363247537,171.18042783054324,150.05776720975348,148.97237869595716,166.61812769454298,176.79565091958005,182.35373667169702
2067,Prov. Sulawesi Selatan,Kab. Tana Toraja,P,Profesi,51,76.0,17.990725563872697,75.80208729317788,56.49412257877766,48.17316246505935,60.13439477507761,64.31421498640867,90.68215022242924
2068,Prov. Sulawesi Selatan,Kab. Tana Toraja,P,S1,1555,7415.0,1755.2793428436323,1277.972465353762,1125.793353444255,1112.7244338244382,1164.2375978389912,1268.1845948268945,1276.8955551398608
2069,Prov. Sulawesi Selatan,Kab. Tana Toraja,P,S2,66,215.0,50.89481573990303,69.4159243277443,64.20901950758147,61.36051410964599,79.03213028493505,81.57672702524317,85.05151978415516
2070,Prov. Sulawesi Selatan,Kab. Tana Toraja,P,S3,2,4.0,0.9468802928354052,0.7547064769498014,0.8228791261836591,1.1554516301860513,0.7618628618779282,1.6187246439813396,1.762784810665492
2071,Prov. Sulawesi Selatan,Kab. Toraja Utara,L,Profesi,10,30.0,7.101602196265539,24.418619466846092,17.245412382569345,14.088561608367593,32.88819768092247,20.967506577807416,19.838665590537467
2072,Prov. Sulawesi Selatan,Kab. Toraja Utara,L,S1,15,106.0,25.09232776013824,12.090368290249854,9.40147026778342,8.107371054311818,14.091136587673684,16.34970977891275,16.32398702853439
2073,Prov. Sulawesi Selatan,Kab. Toraja Utara,P,D3,10,59.0,13.966484319322227,15.813718215993811,13.297036183502403,12.892839425162535,16.039232775882947,16.162139202521317,18.433096598445722
2074,Prov. Sulawesi Selatan,Kab. Toraja Utara,P,Profesi,35,111.0,26.275928126182496,99.42030943429256,70.1675646864926,57.48568232521874,124.93389418443546,122.69352075671313,99.20123716524598
2075,Prov. Sulawesi Selatan,Kab. Toraja Utara,P,S1,115,770.0,182.2744563708155,92.25133836529517,70.58746467505229,59.86911492417685,75.93155816448908,79.29651759026783,79.57670843145502
2076,Prov. Sulawesi Selatan,Kab. Wajo,L,S1,268,1754.0,415.2070084083252,210.22068274468668,159.62754805039052,139.67126446130248,236.66844277472032,237.1335368150281,204.62687799353483
2077,Prov. Sulawesi Selatan,Kab. Wajo,L,S2,38,84.0,19.88448614954351,21.667771997842408,18.112915748298004,16.325565946172517,21.571799833852573,17.04042113430014,18.456477170666496
2078,Prov. Sulawesi Selatan,Kab. Wajo,P,D3,34,141.0,33.37753032244803,36.38540390331092,29.015501994753343,27.499315203173627,34.27014721481365,33.610383300071724,37.40440268223891
2079,Prov. Sulawesi Selatan,Kab. Wajo,P,S1,388,2063.0,488.3535110298602,313.7067290526658,249.64686054676756,232.78247473775727,238.3448006113772,235.5651094063258,294.3067630513017
2080,Prov. Sulawesi Selatan,Kab. Wajo,P,S2,55,140.0,33.14081024923918,48.4045722741483,43.19154351547763,42.4700932670168,48.867859645419855,44.98471612136829,45.7275351132628
2081,Prov. Sulawesi Selatan,Kota Makassar,L,D3,1610,6834.0,1617.7449803092898,1749.1733260033259,1694.307576189407,1684.2640718340474,1667.5387055822705,1917.1477955513783,1814.833879023041
2082,Prov. Sulawesi Selatan,Kota Makassar,L,D4,1160,8067.0,1909.6208305758034,1332.886725632167,1387.3854835790453,1485.3111418335484,1402.3995752243313,1744.3663634584402,1486.475451073461
2083,Prov. Sulawesi Selatan,Kota Makassar,L,Profesi,12939,12134.0,2872.3613683162016,16127.166497878692,15368.404503760108,16405.53287133974,14225.489374300516,11918.662381106862,12275.193049898226
2084,Prov. Sulawesi Selatan,Kota Makassar,L,S1,13286,90741.0,21480.216163044377,13011.979557185827,12424.97326158992,12143.440836634956,13129.585875917994,15922.976967414967,15778.202465309636
2085,Prov. Sulawesi Selatan,Kota Makassar,L,S2,2842,10755.0,2545.924387361196,2788.6651039123362,2751.9231662552747,2514.942022627602,2322.054026889824,2711.1919453747532,3221.2361004770355
2086,Prov. Sulawesi Selatan,Kota Makassar,L,S2 Terapan,74,157.0,37.165051493789655,50.17171272117417,47.543045759632385,38.95560214920757,40.43752413560301,25.831329532805317,33.164065013446255
2087,Prov. Sulawesi Selatan,Kota Makassar,L,S3,389,2570.0,608.3705881467479,327.34301643199797,359.3044064783618,448.0038667571408,370.21794996831954,526.9883831084092,473.31730986211755
2088,Prov. Sulawesi Selatan,Kota Makassar,L,Sp-1,194,911.0,215.65198669326352,176.74236792452058,222.3502724574071,314.95926861669255,187.92092243564176,192.05347178513446,196.94112895584752
2089,Prov. Sulawesi Selatan,Kota Makassar,L,Sp-2,20,68.0,16.09696497820189,23.7522771999765,27.21785679203239,26.264020217854537,19.114804517887297,25.366203569862193,25.896792543765308
2090,Prov. Sulawesi Selatan,Kota Makassar,P,D3,3372,11547.0,2733.406685342606,3277.1061608057244,3180.285674612704,3180.7664518424112,3424.321238854227,2904.5320826113843,3279.001877322116
2091,Prov. Sulawesi Selatan,Kota Makassar,P,D4,1935,9825.0,2325.774719276964,1888.091553384396,1998.8711296975255,2188.5573016276626,1974.2294723315756,2013.8680028448814,1888.7653097486589
2092,Prov. Sulawesi Selatan,Kota Makassar,P,Profesi,30259,27328.0,6469.086160651488,39067.31325371962,36900.057436444484,39015.68720884471,35426.82198355184,21361.830610857283,27851.535618749836
2093,Prov. Sulawesi Selatan,Kota Makassar,P,S1,21767,122562.0,29012.88561262323,21645.832104445897,21471.555100519086,22190.583088456722,24925.059520964252,21914.942740690694,23826.588701816574
2094,Prov. Sulawesi Selatan,Kota Makassar,P,S2,3730,11347.0,2686.0626707008355,3634.6530651195867,3725.6500779443772,3587.3504221920466,3883.4216589732855,3088.095619827791,3679.1296926439013
2095,Prov. Sulawesi Selatan,Kota Makassar,P,S2 Terapan,55,131.0,31.01032959035952,49.53948874807928,48.065998745795135,40.74068154930246,40.57681092616912,38.71752930231386,46.97088923352783
2096,Prov. Sulawesi Selatan,Kota Makassar,P,S3,274,1661.0,393.192041599902,255.34283213579533,288.87784341400493,375.7909718661416,297.6572906097661,357.19301362153965,309.496468538676
2097,Prov. Sulawesi Selatan,Kota Makassar,P,Sp-1,264,1345.0,318.388498465905,283.90160051980826,355.5711240607664,502.65400829178805,300.691629880835,288.59323738117973,303.895952120165
2098,Prov. Sulawesi Selatan,Kota Makassar,P,Sp-2,5,34.0,8.048482489100945,13.158614200974108,15.103039819110816,14.658015961089655,16.022663136140668,9.582096701969943,8.144845931939889
2099,Prov. Sulawesi Selatan,Kota Palopo,L,D3,96,836.0,197.89798120259968,216.31684897694825,200.8666724275603,201.23617222681594,196.42681420306877,182.7499482099411,195.93752946070697
2100,Prov. Sulawesi Selatan,Kota Palopo,L,Profesi,383,436.0,103.20995191905916,587.32497661127,530.8579946297643,543.0047310862913,376.52766005501167,449.1130696943973,504.4442151502106
2101,Prov. Sulawesi Selatan,Kota Palopo,L,S1,993,9434.0,2233.217170652303,1195.7012352959068,1042.9930981999096,955.6157598068501,1272.6595142099097,968.775197922736,943.1710025508831
2102,Prov. Sulawesi Selatan,Kota Palopo,L,S2,111,461.0,109.12795374928045,114.73269985871674,106.71117586090439,96.28241816692726,115.83525152544091,103.31571803463976,131.33543642461106
2103,Prov. Sulawesi Selatan,Kota Palopo,P,D3,207,1062.0,251.39671774780007,303.93412844391406,282.56202498279646,284.69994830506323,314.97073189067413,241.62290818568212,243.90894320519564
2104,Prov. Sulawesi Selatan,Kota Palopo,P,Profesi,2870,4297.0,1017.1861545784341,5573.3099195882805,4814.431635831706,4665.089084676358,4200.669222680576,3363.7599171729494,4519.883548769599
2105,Prov. Sulawesi Selatan,Kota Palopo,P,S1,3057,20841.0,4933.48304574567,3411.5698732134624,3137.4799569950237,3087.267220159035,3557.3987621235297,2820.274975797017,3229.788701763248
2106,Prov. Sulawesi Selatan,Kota Palopo,P,S2,196,542.0,128.3022796791974,172.87181717014414,169.0727966083289,163.26649503880415,196.41264368097998,160.88809889816793,190.79335776407663
2107,Prov. Sulawesi Selatan,Kota Pare-Pare,L,D3,10,93.0,22.01496680842317,16.273384379015038,12.083736933903971,9.835770814552754,25.455701485294696,13.938178385247841,11.60945937527843
2108,Prov. Sulawesi Selatan,Kota Pare-Pare,L,Profesi,535,538.0,127.355399386362,813.4520522950013,696.4220977484313,718.5357327631845,1819.6226756141416,808.8980897426046,766.1816431459175
2109,Prov. Sulawesi Selatan,Kota Pare-Pare,L,S1,832,6065.0,1435.707244011683,833.9306338910981,680.4789870177235,616.7851093485133,784.2722176176118,757.400359202606,727.1382950335461
2110,Prov. Sulawesi Selatan,Kota Pare-Pare,L,S2,132,611.0,144.63596473060815,170.94295149989128,150.67359266879873,137.2173818743679,133.89040730179724,156.04257418612,161.67424667810116
2111,Prov. Sulawesi Selatan,Kota Pare-Pare,L,S3,11,95.0,22.488406954840872,8.718106512861294,7.468172032088501,7.809705569823797,16.93292679839197,12.272844386976736,11.420085791454087
2112,Prov. Sulawesi Selatan,Kota Pare-Pare,P,D3,50,244.0,57.75969786295972,70.25718849067967,59.63783128900389,57.80486943836461,66.95094678110571,67.28003507080008,74.25164586178674
2113,Prov. Sulawesi Selatan,Kota Pare-Pare,P,Profesi,2143,2150.0,508.9481573990303,3547.113113999585,3026.213374653791,3119.9007341391753,7609.3121064955885,2651.9082449539655,2672.2543008894527
2114,Prov. Sulawesi Selatan,Kota Pare-Pare,P,S1,1487,8018.0,1898.0215469885698,1456.5539609540676,1262.8229861697318,1242.154879618458,1386.0938190778675,1287.5676019358789,1235.6970353464146
2115,Prov. Sulawesi Selatan,Kota Pare-Pare,P,S2,147,575.0,136.1140420950895,194.56792301047238,176.8809469008734,168.19163246069934,211.51137473725677,172.556911713027,200.64960885251887
2116,Prov. Sulawesi Selatan,Kota Pare-Pare,P,S3,2,15.0,3.5508010981327693,1.911460191300752,1.7685850482306034,2.0483537026605427,2.66328989921057,2.7565017328258126,2.192478885350449
2117,Prov. Sulawesi Tengah,Kab. Banggai,L,D3,143,369.0,85.01439168073027,62.44032579302617,52.69350504254221,49.68479905565611,53.057065706955655,53.557140533403924,52.35518391496158
2118,Prov. Sulawesi Tengah,Kab. Banggai,L,S1,308,4220.0,972.2513086522541,483.6965106577989,392.1726300671619,360.2719125680123,507.0221167652687,653.1268969794181,717.9109749923105
2119,Prov. Sulawesi Tengah,Kab. Banggai,L,S2,33,55.0,12.6715217952308,20.53332334528722,20.828812777273384,23.02968648670298,15.132838694707894,12.573044317195968,10.552717622824565
2120,Prov. Sulawesi Tengah,Kab. Banggai,P,D3,250,576.0,132.70539189187164,92.71712527939569,75.59159793487636,68.6920823181818,87.05098826437569,83.51066951702094,90.1651312414641
2121,Prov. Sulawesi Tengah,Kab. Banggai,P,S1,623,4940.0,1138.1330485170936,742.597875346556,635.2156573424411,626.0103973881814,921.1478282838101,858.3248096905429,825.0897044358107
2122,Prov. Sulawesi Tengah,Kab. Banggai,P,S2,38,61.0,14.053869627437797,24.85460724964741,25.103865377664285,27.750913018892867,17.236944020316198,15.258142126588377,15.81975822045827
2123,Prov. Sulawesi Tengah,Kab. Buol,L,S1,46,458.0,105.51921785846739,72.38396059710963,47.94723875234507,51.22300467259592,77.67564996675232,52.05061820128311,46.616913165807965
2124,Prov. Sulawesi Tengah,Kab. Buol,P,S1,36,431.0,99.29865261353591,73.7077120304285,48.48413371053164,51.61770590177777,92.54333199609881,53.259304284685605,50.621572333910514
2125,Prov. Sulawesi Tengah,Kab. Marowali,L,D3,76,299.0,68.88700030498198,93.27972739138917,92.39623411525058,98.07869456999589,91.68453295061833,65.12394178643767,68.2646234820219
2126,Prov. Sulawesi Tengah,Kab. Marowali,P,D3,14,201.0,46.308652378934376,68.45022141302415,67.51433125682837,71.65736155094932,71.4115831861921,60.71970302603609,58.41689266463666
2127,Prov. Sulawesi Tengah,Kab. Poso,L,Profesi,3,4.0,0.9215652214713309,6.271974567524142,4.56081452161285,5.04567198550363,6.807689833864234,1.915247942337122,1.5393407227660105
2128,Prov. Sulawesi Tengah,Kab. Poso,L,S1,37,494.0,113.81330485170936,65.69865365316889,48.40167341208595,47.72930881645684,66.07848649330823,60.83528027044884,48.69373777832756
2129,Prov. Sulawesi Tengah,Kab. Poso,P,D3,41,163.0,37.55378277495674,39.928375590417254,30.52062603522421,30.925809634577536,44.864683748698056,32.37644797726807,35.295258139590594
2130,Prov. Sulawesi Tengah,Kab. Poso,P,Profesi,15,18.0,4.147043496620989,28.916772868798528,20.527662913145797,22.166115718791133,21.868181306875734,10.455991913642881,10.47745762467335
2131,Prov. Sulawesi Tengah,Kab. Poso,P,S1,74,1002.0,230.8520879785684,160.10869741373364,121.02898429090072,123.76621362762508,177.54592067601604,159.00156420849603,117.9681115886942
2132,Prov. Sulawesi Tengah,Kab. Sigi,L,S1,7,15.0,3.455869580517491,2.5409752535175123,1.7200359125002798,1.886686845404712,1.974526555589322,5.930909802781421,4.049534137894963
2133,Prov. Sulawesi Tengah,Kab. Sigi,L,S2,3,12.0,2.764695664413993,3.465861702964397,2.399650593203281,2.4789932611415377,3.7157690165310804,5.218394472315397,3.180259478713762
2134,Prov. Sulawesi Tengah,Kab. Sigi,P,S1,6,22.0,5.06860871809232,4.733543261895723,3.345309609397907,3.8865748483888627,3.299286799442173,4.13575840598434,4.0706894880252005
2135,Prov. Sulawesi Tengah,Kab. Sigi,P,S2,3,12.0,2.764695664413993,5.0269602994887865,3.78762114076572,4.35898741979906,3.565793227064906,6.582713677817395,3.062936773772463
2136,Prov. Sulawesi Tengah,Kab. Toli-Toli,L,S1,201,1827.0,420.92491490703037,211.8178052215089,180.94907768534884,163.98228223059408,183.56460531138546,234.7993916677949,242.14336994891522
2137,Prov. Sulawesi Tengah,Kab. Toli-Toli,P,S1,354,2803.0,645.7868289460351,414.36698603624774,370.27289518442217,356.2390390159789,370.48065053421226,356.7163117725122,370.97951712378904
2138,Prov. Sulawesi Tengah,Kota Palu,L,D3,180,919.0,211.72960963303828,174.43469734555856,150.28423032208806,135.90294851770298,149.91312194623885,108.46833905300765,129.1636712843831
2139,Prov. Sulawesi Tengah,Kota Palu,L,D4,52,725.0,167.03369639167872,111.57586527039047,106.24743749766867,112.54848551998046,111.45997028868864,128.59762650217382,122.68622948461937
2140,Prov. Sulawesi Tengah,Kota Palu,L,Profesi,2011,802.0,184.77382690500184,1124.5332806610088,934.2703745406006,942.5445441570018,798.0099318745296,653.4731013735793,879.6806383684998
2141,Prov. Sulawesi Tengah,Kota Palu,L,S1,3814,33610.0,7743.451773412858,4491.052106563714,3951.3247684945827,3749.98377274706,4047.437128732586,4800.73624739798,4439.616441542453
2142,Prov. Sulawesi Tengah,Kota Palu,L,S2,298,1527.0,351.8075232966806,402.4103504794957,376.0213135604848,351.85173411648674,324.240753500626,374.8855110505419,453.8489494527801
2143,Prov. Sulawesi Tengah,Kota Palu,L,S3,46,333.0,76.7203046874883,42.82805223645725,41.72190911069707,53.48077482186754,48.25937543866625,55.55525172066892,50.593321690930644
2144,Prov. Sulawesi Tengah,Kota Palu,P,D3,1143,3568.0,822.0361775524271,929.7233654539009,856.8319533226896,845.3159451023655,936.1400629524063,904.8273457561849,948.6625723884064
2145,Prov. Sulawesi Tengah,Kota Palu,P,D4,357,1088.0,250.665740240202,202.86438169637478,198.21183051442247,217.7425913183744,199.8496162490925,209.0187409117173,196.4107593903793
2146,Prov. Sulawesi Tengah,Kota Palu,P,Profesi,5911,1792.0,412.8612192191562,2745.111547166192,2272.12869105274,2293.3631192217954,1878.4110249636733,1758.03346043888,2098.7637368272995
2147,Prov. Sulawesi Tengah,Kota Palu,P,S1,6656,41713.0,9610.312520808406,7067.01834450895,6484.362554599314,6509.417569743667,6556.4117304164165,7255.633428136096,7532.10475975704
2148,Prov. Sulawesi Tengah,Kota Palu,P,S2,387,1441.0,331.99387103504694,477.6185935267738,464.55912108750414,458.75273305433035,427.5751335370205,375.67353185176825,441.7195105073645
2149,Prov. Sulawesi Tengah,Kota Palu,P,S3,16,199.0,45.84786976819871,29.864069837739553,29.539795032209074,38.76970727566582,29.32903771148498,27.97332880793877,26.2817838511112
2150,Prov. Sulawesi Tenggara,Kab. Kolaka,L,D3,1,18.0,4.260961317759324,3.8092554978872433,3.0142764385724266,2.738633152677028,4.580198848198784,5.009752596180312,5.142475224483248
2151,Prov. Sulawesi Tenggara,Kab. Kolaka,L,D4,9,44.0,10.415683221189457,8.61131843507498,8.230626763908237,9.25503859715291,11.719473891747066,7.920739505257922,5.066605683102777
2152,Prov. Sulawesi Tenggara,Kab. Kolaka,L,S1,460,4266.0,1009.8478323089596,547.5630257192638,437.0232774978137,397.2939151779142,629.1237329317756,546.6814614778647,585.0598751582476
2153,Prov. Sulawesi Tenggara,Kab. Kolaka,L,S2,3,12.0,2.840640878506216,4.537884037188581,4.42380760298151,4.715496601236678,3.999371530511733,3.2160142284601307,2.6364612537542893
2154,Prov. Sulawesi Tenggara,Kab. Kolaka,P,D3,55,311.0,73.61994276795275,89.8512558455932,76.36066213003907,76.28318048932627,84.47587907840335,74.63558834746198,79.96506111029427
2155,Prov. Sulawesi Tenggara,Kab. Kolaka,P,D4,12,60.0,14.203204392531077,12.813126609598752,12.204002869369239,13.712385991418289,19.332935130832926,12.355007928063735,10.24680646094232
2156,Prov. Sulawesi Tenggara,Kab. Kolaka,P,S1,923,5543.0,1312.1393657966628,936.9089757316385,793.5595689566547,781.4406851095607,988.6131548728159,719.6215582816941,729.5190540821873
2157,Prov. Sulawesi Tenggara,Kab. Kolaka,P,S2,10,31.0,7.33832226947439,12.79147822393099,12.426462042369161,13.235614381403582,10.864018026695508,10.436141702461553,9.486370221934662
2158,Prov. Sulawesi Tenggara,Kab. Konawe,L,D3,1,181.0,42.84633325080208,51.96970994724924,48.515072124163105,50.463027456224495,50.47280147290564,53.241618823397154,53.34224928033705
2159,Prov. Sulawesi Tenggara,Kab. Konawe,L,S1,138,861.0,203.81598303282098,95.49862420401328,77.2567665123086,66.0193903994517,86.5200168012729,105.50578223004203,94.9791374297509
2160,Prov. Sulawesi Tenggara,Kab. Konawe,P,D3,25,238.0,56.33937742370661,79.41529259417457,75.45020639770264,80.5576050435771,71.40389344097179,81.52638935641822,83.06042028821668
2161,Prov. Sulawesi Tenggara,Kab. Konawe,P,S1,156,804.0,190.32293885991643,118.55105803507415,102.09177168125879,94.84340012204534,99.13133128796997,138.78918579276657,103.76265705080262
2162,Prov. Sulawesi Tenggara,Kab. Muna,L,D3,6,23.0,5.44456168380358,4.808905423430188,3.760498469965539,3.44774932140956,4.816819510974235,4.660123852202788,4.907345837953193
2163,Prov. Sulawesi Tenggara,Kab. Muna,L,D4,2,46.0,10.88912336760716,7.440424213849224,6.62077800933834,6.96138897913799,8.788901106462754,7.806343008314214,5.20292898411789
2164,Prov. Sulawesi Tenggara,Kab. Muna,L,Profesi,2,6.0,1.420320439253108,7.399890238087803,5.872664844768084,5.798448568125117,6.100548047780362,4.032886983389641,3.6572975527107867
2165,Prov. Sulawesi Tenggara,Kab. Muna,L,S1,27,574.0,135.87732202188064,85.86759599618377,71.49789237252006,70.06440910639388,85.91023615826538,105.51174624166502,109.2040429234458
2166,Prov. Sulawesi Tenggara,Kab. Muna,P,D3,46,198.0,46.87057449535256,57.07174161970036,48.088390092408474,48.67988437779047,51.46204370164905,46.10337692287205,42.466093617086756
2167,Prov. Sulawesi Tenggara,Kab. Muna,P,D4,9,160.0,37.875211713416206,30.497214874066763,27.747347577767908,30.1257935281778,35.36444996255122,26.57851671967316,25.109788307799676
2168,Prov. Sulawesi Tenggara,Kab. Muna,P,Profesi,6,12.0,2.840640878506216,19.208178909246435,16.097498115897963,17.10275115103266,17.42489753988124,7.858621416288618,8.367194086949743
2169,Prov. Sulawesi Tenggara,Kab. Muna,P,S1,67,845.0,200.02846186147934,149.73888416296953,127.70378904762228,129.50992268456483,153.6851073827218,177.76335149559443,184.28414447632122
2170,Prov. Sulawesi Tenggara,Kab. Wakatobi,L,D1,22,22.0,5.207841610594729,19.636299292482548,6.95663446938449,6.914060117685579,18.070255292607154,9.083422528273747,13.23968360254063
2171,Prov. Sulawesi Tenggara,Kab. Wakatobi,L,S1,48,382.0,90.42706796578119,48.977370717012505,34.30598815906123,31.30995487157674,47.961952493667845,24.87951439587311,17.866793266737282
2172,Prov. Sulawesi Tenggara,Kab. Wakatobi,P,D1,19,21.0,4.971121537385877,20.45234694464689,7.220489110071794,7.1707732036383645,17.137917710479996,8.032895504320617,11.366924776187448
2173,Prov. Sulawesi Tenggara,Kab. Wakatobi,P,S1,80,618.0,146.2930052430701,99.26274132745772,72.5584937382337,70.1894917739992,102.2172065561236,51.182455140187926,42.991170102889825
2174,Prov. Sulawesi Tenggara,Kota Baubau,L,D3,17,73.0,17.280565344246146,19.50085964423381,18.971845241638945,19.2126840098223,22.300776964754842,19.893192349072997,20.850478796523376
2175,Prov. Sulawesi Tenggara,Kota Baubau,L,D4,6,211.0,49.94793544706762,35.62599317067325,36.86420315981515,39.274476012601454,37.7723620776019,29.388897437781335,26.135044742265702
2176,Prov. Sulawesi Tenggara,Kota Baubau,L,Profesi,6,14.0,3.3140810249239183,8.251007105660959,5.864668942585581,4.203093638746926,14.752110427289889,6.83850785439558,9.976961311030637
2177,Prov. Sulawesi Tenggara,Kota Baubau,L,S1,887,7370.0,1744.626939549234,941.6810484985942,852.7662813438774,777.6548966528632,1052.8792546112415,803.7346344474165,816.1635654503302
2178,Prov. Sulawesi Tenggara,Kota Baubau,L,S2,51,116.0,27.459528492226752,37.23580411909066,39.08648260188267,39.20250580984426,44.684003683733636,46.115152726111326,44.55598449397768
2179,Prov. Sulawesi Tenggara,Kota Baubau,P,D3,223,975.0,230.80207137863002,284.0659374707376,275.3537410251347,278.5788115296151,346.3355681238986,229.06606502795097,241.06651354252185
2180,Prov. Sulawesi Tenggara,Kota Baubau,P,D4,29,298.0,70.54258181623769,55.84888184293982,57.918612807460796,62.10974196235582,63.66588004562627,31.235805130125726,30.268995585919857
2181,Prov. Sulawesi Tenggara,Kota Baubau,P,Profesi,37,57.0,13.493044172904524,37.233908971325405,26.511287928505258,19.112784023461582,60.52114634024035,56.338661855438005,66.63548510117101
2182,Prov. Sulawesi Tenggara,Kota Baubau,P,S1,1690,10427.0,2468.2802033486923,1651.4837797809548,1555.3873883661515,1497.2800849008188,1650.7243917346357,1506.5905320139761,1501.5681334235621
2183,Prov. Sulawesi Tenggara,Kota Baubau,P,S2,20,48.0,11.362563514024863,17.258276989925314,18.211497863246755,18.4565649890742,21.511719524084757,13.91647941323155,13.114969752647466
2184,Prov. Sulawesi Tenggara,Kota Kendari,L,D3,249,2028.0,480.0683084675504,452.2143314326709,387.0113236550166,359.0852536330338,375.7212195516874,357.61312688421725,390.1134293028545
2185,Prov. Sulawesi Tenggara,Kota Kendari,L,D4,29,182.0,43.08305332401093,25.378359286889463,22.96416264690843,22.079246867194566,22.200430867665172,28.62442120514184,22.96727178843518
2186,Prov. Sulawesi Tenggara,Kota Kendari,L,Profesi,2338,2338.0,553.4515311622944,3463.037449482157,3122.1946108392594,3247.532212066069,4103.088953304558,3111.2660855413646,3075.8813253618305
2187,Prov. Sulawesi Tenggara,Kota Kendari,L,S1,4871,33714.0,7980.780548163213,4879.51088566545,4297.543160733551,4060.5460886132946,4048.292286310586,3802.77959054623,3584.084403343181
2188,Prov. Sulawesi Tenggara,Kota Kendari,L,S2,648,2280.0,539.721766916181,599.9385951410285,549.3380064942409,495.64695487027313,448.9310964886976,470.4205011557264,562.9087665904044
2189,Prov. Sulawesi Tenggara,Kota Kendari,L,S3,71,310.0,73.3832226947439,43.22438347367293,45.15224636197704,57.410325786339776,41.99937890468799,42.717187731374366,40.19116979931583
2190,Prov. Sulawesi Tenggara,Kota Kendari,P,D3,842,3702.0,876.3377110191675,1007.8484498676713,890.751355607687,859.226057503314,914.7877351084917,810.7439337928768,930.1305752636044
2191,Prov. Sulawesi Tenggara,Kota Kendari,P,D4,286,1311.0,310.34001597680407,209.6037896830048,192.15901772146586,188.55842430385664,177.77142008161886,226.79980556407705,205.78046592150437
2192,Prov. Sulawesi Tenggara,Kota Kendari,P,Profesi,8047,7724.0,1828.4258454651674,12432.75426894315,11154.781306723236,11573.438314557592,13934.155390650038,6402.843718810324,7399.78908347405
2193,Prov. Sulawesi Tenggara,Kota Kendari,P,S1,7758,42156.0,9979.171406192336,7549.272475732952,6912.284867121641,6896.150549112089,6222.3153451787,6535.463761278058,6332.278752873939
2194,Prov. Sulawesi Tenggara,Kota Kendari,P,S2,567,1594.0,377.331796694909,522.022010043101,497.7383179515121,474.6723988081245,513.2244436668458,487.8856213341353,544.789884546803
2195,Prov. Sulawesi Tenggara,Kota Kendari,P,S3,31,150.0,35.50801098132769,23.124967700757026,24.178670418694743,30.892795063376653,23.241241370714302,19.685444686731266,18.28135453794781
2196,Prov. Sulawesi Utara,Kab. Bolaang Mongondaw,L,S1,6,39.0,9.13655251605209,5.795316150139138,4.506217270077806,4.7770541812583405,4.961275457882042,7.777674762368688,7.714275279650567
2197,Prov. Sulawesi Utara,Kab. Bolaang Mongondaw,P,S1,15,48.0,11.244987712064113,8.088944791705197,6.280151947589014,6.721548066654839,7.483394737852858,7.9308558219951575,6.43640417998491
2198,Prov. Sulawesi Utara,Kab. Kep. Sangihe,L,D3,32,280.0,65.59576165370731,53.638881930121585,41.5212041402017,36.05075107518008,69.37684028144294,41.8545001802635,46.570061076661
2199,Prov. Sulawesi Utara,Kab. Kep. Sangihe,L,D4,6,56.0,13.119152330741464,7.535710403892045,6.281489328191344,5.961764385418942,10.21864160572039,12.356977742471289,9.798851790295474
2200,Prov. Sulawesi Utara,Kab. Kep. Sangihe,P,D3,101,651.0,152.51014584486953,151.4505124674945,119.41250517780317,107.5952303202671,191.15188547438092,98.2464707215911,178.98273342375754
2201,Prov. Sulawesi Utara,Kab. Kep. Sangihe,P,D4,7,71.0,16.633210990761498,12.165266627326416,10.471949040672202,10.512371190316948,12.013820091075932,12.693282147887388,12.743364737855751
2202,Prov. Sulawesi Utara,Kab. Kepulauan Sitaro,L,S1,4,24.0,5.622493856032056,2.935235438096536,2.1566596141852914,2.114164461735103,3.0606559746465267,6.090489180263417,6.658048441920608
2203,Prov. Sulawesi Utara,Kab. Kepulauan Sitaro,P,S1,22,161.0,37.71756295088171,23.41261242462673,17.414420977904545,17.566187919734023,26.009821732829618,25.32892245117737,32.95640410275252
2204,Prov. Sulawesi Utara,Kab. Minahasa,L,Profesi,1416,75.0,17.570293300100175,105.53739248302206,89.30300894732463,92.76261148612488,130.37939074802767,100.3173478974664,190.50763390804346
2205,Prov. Sulawesi Utara,Kab. Minahasa,L,S1,1003,8364.0,1959.4391088271714,1061.6410439285744,843.2767391996728,770.8603329960366,1123.6012203422847,940.5695230123573,855.0152288063232
2206,Prov. Sulawesi Utara,Kab. Minahasa,L,S2,135,202.0,47.32265662160314,58.640470181139015,51.99297932320001,49.73090122618508,58.94119287213683,54.02255798479462,64.10349778006517
2207,Prov. Sulawesi Utara,Kab. Minahasa,L,S3,12,97.0,22.72424600146289,11.822142272702827,10.308725483994134,12.14842263623911,20.361347571780684,14.03907214035103,11.027021351161748
2208,Prov. Sulawesi Utara,Kab. Minahasa,P,Profesi,5848,312.0,73.09242012841672,482.55236849604813,404.01220726506205,418.3980581043126,484.2641510504849,511.2418711305192,584.9065112630965
2209,Prov. Sulawesi Utara,Kab. Minahasa,P,S1,1896,12873.0,3015.765142029194,1969.8182834327613,1577.6367652537945,1508.2870836418715,1753.8125781107171,2206.891415718243,2149.422983028235
2210,Prov. Sulawesi Utara,Kab. Minahasa,P,S2,167,242.0,56.6934797149899,79.00499691795449,69.7726365184463,67.1510873525314,73.38454590787826,74.95910331284504,86.48296060464929
2211,Prov. Sulawesi Utara,Kab. Minahasa,P,S3,8,77.0,18.038834454769514,9.42222478221314,7.918120922928332,8.970756667967343,17.079625520960636,11.587576018773515,10.884764187070601
2212,Prov. Sulawesi Utara,Kab. Minahasa Selatan,L,D3,91,515.0,120.64934732735453,149.5907278820844,128.39326866913737,135.21669554646036,148.62546263722155,122.37432610136322,126.1416739909242
2213,Prov. Sulawesi Utara,Kab. Minahasa Selatan,P,D3,28,91.0,21.31862253745488,31.430486448666322,27.309577913626306,29.595276185444053,32.40788991909931,27.09764109360082,27.5676679859461
2214,Prov. Sulawesi Utara,Kab. Minahasa Utara,L,Profesi,6,23.0,5.388223278697387,23.586012898987157,18.785580072635593,17.403466946848233,25.2933062406243,14.78947828942177,16.20350278162976
2215,Prov. Sulawesi Utara,Kab. Minahasa Utara,L,S1,268,1711.0,400.83695781961865,279.774564631153,248.16365196867486,252.59518116533414,296.41884924257977,272.71493792156843,264.849277933036
2216,Prov. Sulawesi Utara,Kab. Minahasa Utara,L,S2,44,91.0,21.31862253745488,30.803079732593304,29.472153212484315,30.36899653242394,34.463365693878764,25.554728077394646,24.526876356124816
2217,Prov. Sulawesi Utara,Kab. Minahasa Utara,P,D3,8,91.0,21.31862253745488,20.141621759349032,15.76418858187349,14.196259685292459,26.036849372001356,14.5443412480554,15.795278678157432
2218,Prov. Sulawesi Utara,Kab. Minahasa Utara,P,Profesi,100,166.0,38.888915837555054,151.31472458741487,112.10630665936672,95.0774091705842,130.03213031020303,77.10545304077363,91.94382774696071
2219,Prov. Sulawesi Utara,Kab. Minahasa Utara,P,S1,341,2107.0,493.60810644414755,399.22178228988406,355.59170085755596,368.8851039377826,429.09865616934223,401.79993436163323,427.4239598707907
2220,Prov. Sulawesi Utara,Kab. Minahasa Utara,P,S2,27,76.0,17.804563877434845,28.484824217737913,27.02420038580962,27.844966936687847,31.227113253786783,26.76084906315031,24.179464913569
2221,Prov. Sulawesi Utara,Kota Bitung,L,D3,91,330.0,77.30929052044077,97.03466411953221,85.86595457331977,93.89284942476124,102.72520473806337,81.75742328280948,94.19584153193519
2222,Prov. Sulawesi Utara,Kota Bitung,L,S1,108,847.0,198.42717900246464,96.92027213129472,77.85727644442893,71.13555307250552,106.66376368952609,123.23379668484701,118.14150399878896
2223,Prov. Sulawesi Utara,Kota Bitung,P,D3,55,171.0,40.0602687242284,57.502920666672786,50.93151524959458,56.4174102846831,41.17900896028839,50.53140227880825,48.996743895933974
2224,Prov. Sulawesi Utara,Kota Bitung,P,S1,250,1658.0,388.4206172208812,222.05626393231188,179.7535859205344,167.9289433983558,218.28119421786872,224.06823944621175,239.39671720055557
2225,Prov. Sulawesi Utara,Kota Manado,L,D3,207,1074.0,251.6066000574345,270.4896246936234,248.04777088297496,242.29475760303967,239.02386444126407,249.5864792948609,232.2795406184217
2226,Prov. Sulawesi Utara,Kota Manado,L,D4,472,2757.0,645.8839817116824,445.47933803356005,427.15758703432294,441.58595617660245,402.2695618593692,519.0711013037065,416.939278428812
2227,Prov. Sulawesi Utara,Kota Manado,L,Profesi,388,382.0,89.49136054184356,431.5924703921043,384.5181727538847,365.55122549036844,798.1599309623887,407.13316089428747,462.28071733321195
2228,Prov. Sulawesi Utara,Kota Manado,L,S1,2361,19278.0,4516.268189857748,2630.73923506329,2409.6486456633493,2248.606851686906,2324.8652054800127,3070.226047325913,2669.8343035570447
2229,Prov. Sulawesi Utara,Kota Manado,L,S2,226,910.0,213.1862253745488,260.4916477408866,258.1522089132985,245.44016112307673,284.4209356455298,237.5382457140885,242.8470421031014
2230,Prov. Sulawesi Utara,Kota Manado,L,S3,26,149.0,34.90631602286568,21.30270408127508,21.83785483050007,27.429727448757028,24.101033130112498,19.164408171380053,18.556151766835445
2231,Prov. Sulawesi Utara,Kota Manado,L,Sp-1,81,379.0,88.78854880983955,75.17010850079944,87.52787266308681,122.4933995318475,79.55301111939734,89.77296316027467,101.77383222581508
2232,Prov. Sulawesi Utara,Kota Manado,P,D3,854,3287.0,770.047387699057,901.7918907658043,816.4920557978807,791.8077009397742,925.8865646978412,882.7634516847043,892.3898818080861
2233,Prov. Sulawesi Utara,Kota Manado,P,D4,597,3218.0,753.8827178629648,605.3317808061895,581.4775974314621,616.8686746191721,622.5722353969609,668.5998827952375,765.9410399707208
2234,Prov. Sulawesi Utara,Kota Manado,P,Profesi,1246,1000.0,234.27057733466899,1221.6234846178008,1071.768003102807,1009.1598501340964,2359.457797872736,2030.4799560958445,2025.4805750638022
2235,Prov. Sulawesi Utara,Kota Manado,P,S1,4455,27712.0,6492.106239098347,4613.131865407509,4311.240254069649,4180.287091309658,4346.0475948249095,4889.279688345982,5031.571823193151
2236,Prov. Sulawesi Utara,Kota Manado,P,S2,263,912.0,213.65476652921814,313.91483710602853,315.95938624520517,310.506300918232,320.90162141288937,242.87615534396608,279.8383052330573
2237,Prov. Sulawesi Utara,Kota Manado,P,S3,21,110.0,25.76976350681359,17.213713562941532,17.43867055041031,21.801443888208095,19.92665249620348,16.548862492187496,15.109382610689572
2238,Prov. Sulawesi Utara,Kota Manado,P,Sp-1,36,273.0,63.955867612364635,59.864999095638424,69.08898621490734,96.6255708551009,58.891579952679606,53.44794966280092,40.93805125416647
2239,Prov. Sulawesi Utara,Kota Tomohon,L,D3,47,135.0,31.626527940180313,35.74582095140036,31.97831188093483,32.52764314911119,32.662287786031186,36.371249123548694,37.513348327495414
2240,Prov. Sulawesi Utara,Kota Tomohon,L,Profesi,5,15.0,3.514058660020035,11.089337021797391,8.387273723369482,6.872702613130565,5.459633239064941,5.757544689555313,6.034749609573633
2241,Prov. Sulawesi Utara,Kota Tomohon,L,S1,425,3666.0,858.8359365088966,424.8645220351988,357.0394305856665,318.12970533551277,492.97013579023655,623.8842777689911,560.2076746739396
2242,Prov. Sulawesi Utara,Kota Tomohon,L,S3,3,42.0,9.839364248056098,3.5536867268239667,3.00359297682808,3.1231814120504704,4.645435578485947,7.424346166732005,8.354388875854395
2243,Prov. Sulawesi Utara,Kota Tomohon,P,D3,147,373.0,87.38292534583154,109.9995939623893,97.74230822964486,99.64995700981822,108.96628991694215,104.04416857096486,100.57591582129294
2244,Prov. Sulawesi Utara,Kota Tomohon,P,Profesi,57,71.0,16.633210990761498,80.25634541706069,66.11118725695529,61.67135642798695,46.21201512369238,53.19523073638641,54.702752642275726
2245,Prov. Sulawesi Utara,Kota Tomohon,P,S1,615,4499.0,1053.9833274286757,645.6192977034926,555.7555535428203,517.9171213232012,570.5335017803052,746.5895592476078,744.6716776699075
2246,Prov. Sulawesi Utara,Kota. Kotamobagu,L,Profesi,18,20.0,4.68541154669338,13.101414536286349,9.16893129247972,7.61108034059684,7.586088058388323,9.369115095979474,9.93734685092696
2247,Prov. Sulawesi Utara,Kota. Kotamobagu,L,S1,68,2682.0,628.3136884115822,266.7229895142203,203.44009043413283,183.7122647631662,242.75061958614486,366.5259414136572,313.23978890788095
2248,Prov. Sulawesi Utara,Kota. Kotamobagu,P,D3,37,307.0,71.92106724174339,89.48308229057089,75.94781648169436,81.95928936570884,66.64097080496684,51.36403444946348,59.34899640853742
2249,Prov. Sulawesi Utara,Kota. Kotamobagu,P,Profesi,62,59.0,13.82196406274547,49.53097120465214,35.864258399960526,31.57035797444299,24.0341498020076,32.41798206974115,33.48275724349403
2250,Prov. Sulawesi Utara,Kota. Kotamobagu,P,S1,162,3371.0,789.7261161951692,415.22468519972756,324.814312318444,306.34073618650274,308.2084713703956,512.1931553659149,525.7567303552709
2251,Prov. Sumatera Barat,Kab. Agam,L,Profesi,327,141.0,31.717389342365685,312.71418302093707,212.89024553516794,174.60935366275325,313.5491466419097,530.508659920479,474.3379270223417
2252,Prov. Sumatera Barat,Kab. Agam,L,S1,565,3410.0,767.0659408330991,939.1801421792119,697.453852792379,591.514570159708,592.9146603359245,704.6576513182332,648.7412065579081
2253,Prov. Sumatera Barat,Kab. Agam,L,S2,71,220.0,49.48812521503866,121.7442230926693,95.05708162007255,79.4192468598654,72.15510298785931,79.18560853603336,114.04800350146292
2254,Prov. Sumatera Barat,Kab. Agam,L,S3,3,60.0,13.49676142228327,15.884792900311968,13.088657828943095,14.226411253487408,10.946259345636589,7.345892274925536,7.1791144707134995
2255,Prov. Sumatera Barat,Kab. Agam,P,Profesi,1369,380.0,85.47948900779404,914.1089448687982,608.2500171601091,495.3489306082348,708.0674944197131,848.9856137221826,1023.1280462545307
2256,Prov. Sumatera Barat,Kab. Agam,P,S1,1612,7630.0,1716.3381608670225,2392.055097915641,1766.3697434690193,1510.909562133894,1414.8034986784603,1280.0831224437839,1393.1047684844796
2257,Prov. Sumatera Barat,Kab. Agam,P,S2,87,230.0,51.73758545208587,142.31853488490913,109.795129340036,91.98636096559235,74.3790246367078,82.65038843959087,120.2834404295782
2258,Prov. Sumatera Barat,Kab. Agam,P,S3,3,33.0,7.423218782255798,9.495379000207715,7.652724202368968,8.264552380603188,6.301683767669421,5.786237654081996,4.047481591969586
2259,Prov. Sumatera Barat,Kab. Dharmas Raya,L,Profesi,9,11.0,2.474406260751933,13.496053973784361,11.011182862458964,10.368731915952415,11.430908002533807,4.429385098285866,5.637009812338202
2260,Prov. Sumatera Barat,Kab. Dharmas Raya,L,S1,110,700.0,157.46221659330482,113.0723661883388,102.77498073073043,102.0336843634625,107.63914131753654,87.6189922726844,83.64304270120401
2261,Prov. Sumatera Barat,Kab. Dharmas Raya,L,S2,17,29.0,6.523434687436914,9.386988957878112,8.959982301733849,8.751260056262021,6.93933997672886,7.205384678709048,7.157039184230113
2262,Prov. Sumatera Barat,Kab. Dharmas Raya,P,D3,24,43.0,9.67267901930301,9.141151029633702,7.130547162249211,6.353031477888354,4.768115474275279,9.076169539758762,8.467783577666012
2263,Prov. Sumatera Barat,Kab. Dharmas Raya,P,Profesi,42,46.0,10.347517090417174,73.02209486780471,62.006900262421404,61.38374755590138,44.49273768754079,29.16693099992468,37.88975724958802
2264,Prov. Sumatera Barat,Kab. Dharmas Raya,P,S1,401,1906.0,428.74712118119857,370.7650265308933,342.0732544011488,349.18764424147014,337.49466340116237,306.2860201581674,304.2850182369416
2265,Prov. Sumatera Barat,Kab. Dharmas Raya,P,S2,12,30.0,6.748380711141635,12.575236381690212,12.496616282809768,12.835181505835683,8.735824168716675,9.36833171218571,7.255693731753178
2266,Prov. Sumatera Barat,Kab. Lima Puluh Koto,L,D3,103,351.0,78.95605432035713,112.66018694410661,104.20465773909856,108.2469427378003,87.38475519244056,71.44270866878631,87.7738125049346
2267,Prov. Sumatera Barat,Kab. Lima Puluh Koto,L,D4,158,726.0,163.31081320962755,150.42450220401838,138.76011262883915,151.52465531114711,102.72889730942063,95.95768744932715,95.29553820788304
2268,Prov. Sumatera Barat,Kab. Lima Puluh Koto,P,D2,2,2.0,0.44989204740944233,1.028324279327041,0.8538897509323563,0.7794987626198767,0.7493095742595252,2.632161444305347,2.0407888920967574
2269,Prov. Sumatera Barat,Kab. Lima Puluh Koto,P,D3,133,337.0,75.80680998849104,121.95837101540613,111.90745087874494,117.12699669368607,84.55455405491266,56.6265363613351,82.96703721017872
2270,Prov. Sumatera Barat,Kab. Lima Puluh Koto,P,D4,160,684.0,153.86308021402928,157.64256094016474,143.43571666279186,156.84122846937944,114.79732247352129,91.51529387817106,109.36216952595018
2271,Prov. Sumatera Barat,Kab. Padang Pariaman,L,D3,104,384.0,86.37927310261293,122.53314264529823,115.52981004602599,121.56414662814379,86.98529539138805,79.52159261407984,95.14566554061258
2272,Prov. Sumatera Barat,Kab. Padang Pariaman,L,D4,47,165.0,37.116093911278995,33.09270707592391,30.81124407048069,33.76255394701434,33.30122920256764,28.578627578967446,28.396919812640387
2273,Prov. Sumatera Barat,Kab. Padang Pariaman,L,S1,37,208.0,46.788772930582,37.14716778078834,34.756825491026376,35.70635750504721,37.85405773747254,24.765223152165625,36.26231105368805
2274,Prov. Sumatera Barat,Kab. Padang Pariaman,P,D3,10,42.0,9.447732995598288,14.928874717746435,13.888791415021437,14.636587816710316,19.053181688497773,12.39951228595139,11.945630525718103
2275,Prov. Sumatera Barat,Kab. Padang Pariaman,P,D4,24,82.0,18.445573943787135,18.298373266087054,16.80375678800913,18.43456097202837,22.01299395697484,11.841080643435465,9.064907342872583
2276,Prov. Sumatera Barat,Kab. Padang Pariaman,P,S1,200,937.0,210.77442421132372,186.79648014781424,172.52211295839794,177.49889749728794,194.7870714003719,180.63800724015636,159.08854347638047
2277,Prov. Sumatera Barat,Kab. Pasaman,L,S1,18,181.0,40.71523029055453,35.0963133681044,32.48884544418032,33.84961269053655,45.15151540664406,40.82290139446675,37.18337577293499
2278,Prov. Sumatera Barat,Kab. Pasaman,P,S1,39,325.0,73.10745770403437,68.60758923426656,62.15812977251848,64.38123787128178,62.07106070593131,46.262716461823395,58.055667871554725
2279,Prov. Sumatera Barat,Kab. Pasaman Barat,L,S1,89,925.0,208.07507192686708,101.92928098438182,83.45578958534398,74.54303339292888,98.50419133580964,119.72369126567247,109.90366218147207
2280,Prov. Sumatera Barat,Kab. Pasaman Barat,P,D3,19,100.0,22.494602370472116,32.02458081975799,29.845892923136066,30.935712927961003,29.162735797162107,29.110647431441638,30.12617146643387
2281,Prov. Sumatera Barat,Kab. Pasaman Barat,P,S1,154,1374.0,309.07583657028687,191.02038371621094,161.323177906973,150.25336847890293,163.88167128380016,195.44053439837253,203.8840665609602
2282,Prov. Sumatera Barat,Kab. Pesisir Selatan,L,S1,69,426.0,95.82700609821121,73.2149643874092,69.86667704704428,72.14341272848456,86.50102353640865,78.4616138270825,65.21910636126661
2283,Prov. Sumatera Barat,Kab. Pesisir Selatan,P,S1,96,699.0,157.2372705696001,127.6828736962315,118.23255265688678,120.42720415551992,144.8183622580512,125.20892636341593,118.66313101775641
2284,Prov. Sumatera Barat,Kab. Sawahlunto/ Sijunjung,L,S1,7,42.0,9.447732995598288,5.315132978010441,4.226483828313871,3.8351891106949636,5.66805509532782,7.511002740400248,8.073301204893026
2285,Prov. Sumatera Barat,Kab. Sawahlunto/ Sijunjung,P,S1,11,77.0,17.32084382526353,11.821077689067797,9.561242500811765,8.93269558047317,11.564396425911495,19.860580276825264,21.371360614210737
2286,Prov. Sumatera Barat,Kab. Solok,L,S1,12,71.0,15.971167683035203,13.537328082520272,12.456688738700363,12.907893507240356,11.325768003337112,17.763162772574375,17.794330433353547
2287,Prov. Sumatera Barat,Kab. Solok,P,S1,5,55.0,12.372031303759664,11.696196628536626,10.624482950079152,11.030704187053031,14.080141451224764,12.666561318633281,16.300852496511304
2288,Prov. Sumatera Barat,Kab. Solok Selatan,L,S1,33,136.0,30.592659223842077,23.101905937689043,21.035760764425874,21.393409050836265,16.47939002285181,13.230710337469155,7.92629888171458
2289,Prov. Sumatera Barat,Kab. Solok Selatan,P,S1,66,267.0,60.06058832916055,51.031062154517016,45.922072563758285,46.74180230449711,39.270034550638115,32.73731047324795,36.48737789932248
2290,Prov. Sumatera Barat,Kab. Tanah Datar,L,D3,20,40.0,8.997840948188847,9.870204226921304,7.375890363063792,6.151265958926843,13.234212734029825,10.63793393744922,12.309834399543165
2291,Prov. Sumatera Barat,Kab. Tanah Datar,L,Profesi,743,187.0,42.064906432782855,345.2321560355499,281.0362352674226,260.5790172363811,947.7626232216594,233.2192279303601,234.5288190289463
2292,Prov. Sumatera Barat,Kab. Tanah Datar,L,S1,430,2579.0,580.1357951344759,532.8484770132692,455.95243625575523,422.67163921614724,453.7989863867115,461.0153529849421,468.53709933700037
2293,Prov. Sumatera Barat,Kab. Tanah Datar,L,S2,72,226.0,50.83780135726698,80.95389400392442,69.10474531180378,60.1644524054862,154.48344548349914,83.09430281994284,97.14993555365533
2294,Prov. Sumatera Barat,Kab. Tanah Datar,P,D3,5,11.0,2.474406260751933,3.86340626329158,3.108663848474529,2.8110049499229053,6.2746619858513615,3.229942450331194,5.187008600771313
2295,Prov. Sumatera Barat,Kab. Tanah Datar,P,Profesi,1034,407.0,91.55303164782151,814.4481253738763,647.8708539888526,596.3347836420438,1443.440050875685,571.8565480629281,753.692407598215
2296,Prov. Sumatera Barat,Kab. Tanah Datar,P,S1,1459,5988.0,1346.9767899438702,1444.5504245273644,1240.3006062382929,1169.2155536456048,1341.4628973235874,1130.5926468183636,1160.1096549135868
2297,Prov. Sumatera Barat,Kab. Tanah Datar,P,S2,109,283.0,63.65972470843609,119.00864851461299,102.13373229237557,90.58389299989302,203.52246101611794,95.50021622084341,93.87189210391504
2298,Prov. Sumatera Barat,Kota Bukittinggi,L,D3,58,259.0,58.261020139522785,67.80909890249038,61.74209209064149,60.154261127178046,57.237296346032984,66.03625242400028,61.92152925404516
2299,Prov. Sumatera Barat,Kota Bukittinggi,L,D4,1,16.0,3.5991363792755386,3.455011845279311,3.4222739553084853,3.791678783916384,2.8646330354065945,3.8447125833618765,3.7987104207432543
2300,Prov. Sumatera Barat,Kota Bukittinggi,L,Profesi,29,41.0,9.222786971893568,44.14541200153934,35.38119856105816,31.57359798866966,60.073613298917294,23.493274180062947,30.360708033597682
2301,Prov. Sumatera Barat,Kota Bukittinggi,L,S1,197,1634.0,367.5618027335144,223.50479917638387,197.0554678069423,183.295476090907,197.88188925542937,271.269165283662,279.9064717148466
2302,Prov. Sumatera Barat,Kota Bukittinggi,L,S2,64,182.0,40.940176314259254,52.7264131544931,49.78643534047868,46.376733713815206,51.492778105016065,40.02380406833329,50.24924193488575
2303,Prov. Sumatera Barat,Kota Bukittinggi,P,D3,296,880.0,197.95250086015463,299.9335140075131,284.85810382705705,292.34828340419904,309.05634886528344,243.32095553593754,235.82916055361227
2304,Prov. Sumatera Barat,Kota Bukittinggi,P,D4,14,53.0,11.922139256350222,12.551755606629085,12.200006731105294,13.469542507326665,9.62046201708529,13.290761516094227,12.384803483533023
2305,Prov. Sumatera Barat,Kota Bukittinggi,P,Profesi,637,636.0,143.06567107620265,947.4289398680878,809.3924352465,775.9927364581122,980.3527906671665,696.5995779137338,716.8383400068329
2306,Prov. Sumatera Barat,Kota Bukittinggi,P,S1,1215,5166.0,1162.0711584585895,962.4322291228079,899.7159429009424,895.1000879776227,1032.9196579128202,933.1801797344922,938.9997392276894
2307,Prov. Sumatera Barat,Kota Bukittinggi,P,S2,100,279.0,62.759940613617204,94.62748168337407,89.74099587385041,85.0822515939839,92.21258537022767,75.00925143745467,77.64265839382384
2308,Prov. Sumatera Barat,Kota Padang,L,D2,10,13.0,2.924298308161375,4.3537946516687445,3.7060105542770203,3.2557518409040456,2.6322926835395566,4.14898682398109,5.981195279612263
2309,Prov. Sumatera Barat,Kota Padang,L,D3,1923,7491.0,1685.0706635720662,1945.8901953633658,1894.5429692617697,1968.7617821229244,1642.2748556654492,2093.8052191303086,2002.6148420002398
2310,Prov. Sumatera Barat,Kota Padang,L,D4,766,4223.0,949.9470581050375,736.2059626920833,724.9715028955186,802.3234100952066,616.0755002911087,747.1074251449821,689.7924316064584
2311,Prov. Sumatera Barat,Kota Padang,L,Profesi,8124,1780.0,400.40392219440366,2271.3851199191076,2070.9553554152426,2082.3871794748334,1854.1431875305523,2036.1080172620675,2095.3305715472543
2312,Prov. Sumatera Barat,Kota Padang,L,S1,10220,64914.0,14602.14618276827,9122.060815269104,8726.632197712948,8794.625676687501,10494.506435451933,12374.40010600863,10597.956512384028
2313,Prov. Sumatera Barat,Kota Padang,L,S2,1114,3045.0,684.960642180876,878.2130330288036,886.5590230061614,879.4631055489723,743.4881075907821,777.6713690347531,927.6514829462036
2314,Prov. Sumatera Barat,Kota Padang,L,S2 Terapan,3,24.0,5.398704568913308,8.115063676516195,7.15320729752429,5.833687351071492,5.618787399044291,8.225958588112938,7.932830958960117
2315,Prov. Sumatera Barat,Kota Padang,L,S3,205,1107.0,249.01524824112633,147.88448676398903,155.7421623202948,198.89680970362093,144.56184120555605,220.7021817620251,217.35793386663272
2316,Prov. Sumatera Barat,Kota Padang,L,Sp-1,69,332.0,74.68207986996742,61.18166711206486,76.30057743554285,110.99990814901078,64.45987896533599,81.72581816693261,74.21115494385445
2317,Prov. Sumatera Barat,Kota Padang,P,D3,3449,10385.0,2336.0644561735294,3156.5132144679687,3083.389036584025,3255.1301418161984,2850.1715469459655,2670.0084664315905,2983.2844460627603
2318,Prov. Sumatera Barat,Kota Padang,P,D4,1353,6479.0,1457.4252875828884,1269.9870567037794,1238.8957019063737,1379.0320650823387,1084.3265734184276,1429.10032058295,1311.9728776381423
2319,Prov. Sumatera Barat,Kota Padang,P,Profesi,22625,5758.0,1295.2392044917844,8242.748982993236,7434.365664512806,7504.022513070288,5957.97058901466,5889.122113799506,6271.632503254246
2320,Prov. Sumatera Barat,Kota Padang,P,S1,19681,90515.0,20360.989335632836,16304.327816350718,16234.878892424358,17263.509294019444,18654.58296196949,17872.392126285195,18846.753747546485
2321,Prov. Sumatera Barat,Kota Padang,P,S2,1543,3722.0,837.2491002289722,1327.607117551669,1372.6318065428782,1410.711093170829,1096.8445059138642,1058.0653289563081,1206.031820520036
2322,Prov. Sumatera Barat,Kota Padang,P,S2 Terapan,4,19.0,4.273974450389702,6.935948023183928,5.965862099324218,4.823703388092201,4.656758673882801,7.9601660741229985,8.623031410594196
2323,Prov. Sumatera Barat,Kota Padang,P,S3,196,1022.0,229.89483622622504,162.77553706785795,173.29254554219713,226.57970144801396,145.70464824058834,224.61893611183768,207.14021818366967
2324,Prov. Sumatera Barat,Kota Padang,P,Sp-1,54,291.0,65.45929289807385,59.301134367236074,72.7843129177969,105.79628411475575,54.010412764787375,51.70251733186605,44.027304134831724
2325,Prov. Sumatera Barat,Kota Padang,P,Sp-2,1,2.0,0.44989204740944233,0.6981512366077164,0.8571958332792708,0.8485125822610167,0.59790195075279,3.210952935818348,3.1907262794436115
2326,Prov. Sumatera Barat,Kota Padang Panjang,L,D3,4,11.0,2.474406260751933,2.82225427235569,2.5499393411061098,2.5455536307889344,2.555019978745256,3.078046610981901,3.7031497707359198
2327,Prov. Sumatera Barat,Kota Padang Panjang,L,S1,258,1793.0,403.32822050256505,289.93646544485426,271.693940765133,276.1816620851647,259.22715476106254,288.2364682936447,299.04595000297263
2328,Prov. Sumatera Barat,Kota Padang Panjang,L,S2,24,82.0,18.445573943787135,23.300004681707954,21.837904803912913,20.84909851266469,25.79125419741153,22.79540664351061,25.834721994282443
2329,Prov. Sumatera Barat,Kota Padang Panjang,L,S2 Terapan,2,7.0,1.5746221659330482,2.7411171457376358,2.376264532726302,1.9653626284726018,2.728595496148071,2.5761369792908746,3.020937214450752
2330,Prov. Sumatera Barat,Kota Padang Panjang,P,D3,48,81.0,18.220627920082414,24.801431932038586,22.660475664070553,23.167467744675495,24.04144959347768,23.570642841583318,24.807265755542183
2331,Prov. Sumatera Barat,Kota Padang Panjang,P,D4,28,343.0,77.15648613071936,68.33128184020033,62.50055159968577,67.47235702578561,76.43750940579324,65.25496835585608,53.49059599801256
2332,Prov. Sumatera Barat,Kota Padang Panjang,P,S1,271,1841.0,414.12562964039165,345.6844649066443,324.387015962745,334.69542198097105,351.8859091746296,348.4820676721171,335.0544895927444
2333,Prov. Sumatera Barat,Kota Padang Panjang,P,S2,9,56.0,12.596977327464385,17.578960776277263,16.209345611357815,15.457611801980581,19.218929902604856,13.173942610873722,17.784161978093408
2334,Prov. Sumatera Barat,Kota Padang Panjang,P,S2 Terapan,1,5.0,1.1247301185236058,2.005615672269009,1.6651142454196202,1.3423508927473178,2.010427529283172,2.121154007384052,2.2940119583469394
2335,Prov. Sumatera Barat,Kota Pariaman,L,D3,3,19.0,4.273974450389702,3.848749964462708,3.267184170347724,3.0580935276893784,5.304495369183396,4.162183530609947,3.6986441035376347
2336,Prov. Sumatera Barat,Kota Pariaman,L,Profesi,38,66.0,14.846437564511596,41.886730057120005,28.408064163526372,22.30105994680938,62.749932832640475,39.223176114383385,49.253926936470656
2337,Prov. Sumatera Barat,Kota Pariaman,L,S1,135,1024.0,230.34472827363447,145.55600298662992,133.01404752905538,130.9997598798428,156.38310785035384,168.25801953741737,158.6874509538848
2338,Prov. Sumatera Barat,Kota Pariaman,P,D3,35,180.0,40.49028426684981,51.56933839926719,47.03032464413611,47.6320859675562,61.99803318230702,47.14463324263618,52.11957268051258
2339,Prov. Sumatera Barat,Kota Pariaman,P,Profesi,252,461.0,103.70011692787645,374.18172583408784,263.0350133462944,216.26648518715638,355.1661649395564,135.43720493314214,251.01315626754635
2340,Prov. Sumatera Barat,Kota Pariaman,P,S1,611,2357.0,530.1977778720278,410.5634886964362,383.0497986565223,389.77345035969546,423.600695739379,377.34123860581565,387.90358948059185
2341,Prov. Sumatera Barat,Kota Payakumbuh,L,D3,6,87.0,19.57030406231074,10.015550734237154,6.946939712228608,5.374692954892975,6.876696353422691,9.194276104281682,9.728082927121232
2342,Prov. Sumatera Barat,Kota Payakumbuh,L,S1,130,849.0,190.97917412530828,109.29727866379494,96.23073735860274,90.88664795004779,96.37867454280072,122.73474233394379,110.48192909243562
2343,Prov. Sumatera Barat,Kota Payakumbuh,P,D3,4,34.0,7.648164805960519,6.852818464028325,5.509756011928737,4.942540777600564,3.87736756920517,7.51010948274887,7.089154718182472
2344,Prov. Sumatera Barat,Kota Payakumbuh,P,S1,160,639.0,143.74050914731683,109.18299406790952,100.9627242956815,101.07736322735143,91.9258289680069,108.37563802927511,89.20350885077386
2345,Prov. Sumatera Barat,Kota Solok,L,D3,22,132.0,29.692875129023193,28.046307314313346,23.864160326555716,22.418407301590275,30.218974849196865,29.467844979616466,25.715405334142613
2346,Prov. Sumatera Barat,Kota Solok,L,S1,102,874.0,196.6028247179263,92.71650198773594,75.36012919096417,66.94270654071582,74.32404640481457,105.04123423661623,104.72306321210841
2347,Prov. Sumatera Barat,Kota Solok,P,D3,54,223.0,50.16296328615282,71.71311931752007,67.10124704317543,69.60922959364808,57.8831966933693,50.18529343690124,41.5100815322629
2348,Prov. Sumatera Barat,Kota Solok,P,S1,190,1312.0,295.12918310059416,192.97440356147976,167.00649845974806,158.9121580558801,170.5647740580997,183.36610989564758,189.36241795704723
2349,Prov. Sumatera Selatan,Kab. Banyuasin,L,S1,2,136.0,31.860798517514983,23.519185304066614,19.660023649733283,22.174042038437598,19.968708462874055,23.469688764119045,21.623842943958866
2350,Prov. Sumatera Selatan,Kab. Banyuasin,P,S1,12,128.0,29.98663389883763,24.512437897281334,20.31810585014954,22.91594654531588,21.039143096296165,24.859921433950095,18.797601443537513
2351,Prov. Sumatera Selatan,Kab. Lahat,L,S1,56,294.0,68.87554973639268,49.079309569444106,42.294359919286734,44.32594639107508,49.73002967772395,39.95853208215191,38.34469123788953
2352,Prov. Sumatera Selatan,Kab. Lahat,L,S2,44,49.0,11.47925828939878,16.85396059553296,15.634903469397996,16.571619462926638,20.57282213861396,8.754762415174648,7.096390307014055
2353,Prov. Sumatera Selatan,Kab. Lahat,P,S1,103,377.0,88.32000765517022,73.2784795870667,63.534021122291904,67.9465654254692,71.46746318434764,53.00287666182036,48.697416174395876
2354,Prov. Sumatera Selatan,Kab. Lahat,P,S2,40,63.0,14.759046372084146,24.17144307523342,22.2818146841758,23.685642599226824,27.15775034850885,14.993957019367459,17.1127102096742
2355,Prov. Sumatera Selatan,Kab. Muara Enim,L,D1,34,34.0,7.965199629378746,28.77885660142163,11.105919310418942,11.194885882064884,23.05918381185447,15.113864960339734,19.955192229254635
2356,Prov. Sumatera Selatan,Kab. Muara Enim,L,S1,56,404.0,94.64531324320627,58.224351803023254,48.9782762916965,49.66854770464486,51.75161773938719,57.813678628182636,59.19723375685963
2357,Prov. Sumatera Selatan,Kab. Muara Enim,L,S2,11,22.0,5.1539527013627175,6.449752944791686,5.807394460036306,5.941049901104634,5.992984096898392,4.997214909361743,4.056214388410869
2358,Prov. Sumatera Selatan,Kab. Muara Enim,P,D1,9,9.0,2.108435196012021,8.37301537584938,3.1970775509898104,3.2129696726920605,6.740213238329344,5.221659891741625,6.742481503502069
2359,Prov. Sumatera Selatan,Kab. Muara Enim,P,S1,114,434.0,101.67343056324634,79.58194632710311,69.11720595096546,74.11298084867809,83.71893553787262,69.06344535047586,72.82791871446383
2360,Prov. Sumatera Selatan,Kab. Muara Enim,P,S2,3,5.0,1.171352886673345,1.579673149732039,1.3992786574809697,1.4158953349409789,1.4737746320131209,1.7553375898558095,1.9399952457360814
2361,Prov. Sumatera Selatan,Kab. Musi Banyu Asin,L,D3,23,83.0,19.444457918777527,24.055717755421757,20.68052116944064,22.344583190410752,24.78418967353542,27.14735752007496,26.493147358040016
2362,Prov. Sumatera Selatan,Kab. Musi Banyu Asin,L,S1,113,588.0,137.75109947278537,92.41381549841486,79.42834896665691,81.93564181357492,84.43209400596842,77.01252515089783,63.758015659909496
2363,Prov. Sumatera Selatan,Kab. Musi Banyu Asin,P,D3,24,85.0,19.912999073446866,28.53958628781885,24.65041090830071,27.120866709287263,25.63821964150074,28.701447289202054,26.218009142664183
2364,Prov. Sumatera Selatan,Kab. Musi Banyu Asin,P,S1,118,748.0,175.23439184633241,132.7779119326297,113.81304189113482,118.3389660421993,129.22513016071412,134.10417212148187,125.55710357044971
2365,Prov. Sumatera Selatan,Kab. Ogan Ilir,L,D3,91,572.0,134.00277023543066,155.37092974470679,122.39428926708847,123.1280389544038,121.29946985711489,149.1135900719615,165.99953623901956
2366,Prov. Sumatera Selatan,Kab. Ogan Ilir,L,Profesi,2805,499.0,116.90101808999982,528.1052666211991,392.3680670753001,357.5306641867029,781.687227636906,587.5197833460783,502.54869418571366
2367,Prov. Sumatera Selatan,Kab. Ogan Ilir,L,S1,2481,13029.0,3052.3113520934025,2235.194221401357,1857.3661293869563,1873.1668680874643,2090.0034156807346,2448.2657250444527,2090.444287442863
2368,Prov. Sumatera Selatan,Kab. Ogan Ilir,L,S2,296,937.0,219.51153096258486,286.7984750862209,246.32189737588732,236.73308569883355,319.55983910829286,222.58072216050252,246.44793603702172
2369,Prov. Sumatera Selatan,Kab. Ogan Ilir,L,S3,58,450.0,105.42175980060105,70.01783444742998,62.52539371106056,79.95278864471916,105.5675451031362,92.01619951865064,88.80389236159135
2370,Prov. Sumatera Selatan,Kab. Ogan Ilir,L,Sp-1,67,330.0,77.30929052044077,62.30966882741559,60.78969827431418,82.07448584363759,71.24253692756812,75.68419890038383,67.5965307260511
2371,Prov. Sumatera Selatan,Kab. Ogan Ilir,L,Sp-2,7,26.0,6.091035010701394,9.464322490715837,8.42354918823472,7.894720743401308,8.89259637795534,8.406348039062616,6.821340112499878
2372,Prov. Sumatera Selatan,Kab. Ogan Ilir,P,D3,122,807.0,189.05635590907787,265.2114070588221,213.11702219304266,221.3928352425772,210.3972196498035,167.84022030783825,165.70264198884627
2373,Prov. Sumatera Selatan,Kab. Ogan Ilir,P,Profesi,5712,1363.0,319.3107969071538,1644.1274592395237,1221.4799140991752,1125.988108355617,1833.0228053158728,1617.7306184055813,1416.7287788539752
2374,Prov. Sumatera Selatan,Kab. Ogan Ilir,P,S1,4424,21704.0,5084.608610471656,4315.272952384614,3599.779750689008,3701.9331176931573,3988.292637000391,3873.338741476087,3687.0480053532237
2375,Prov. Sumatera Selatan,Kab. Ogan Ilir,P,S2,441,1231.0,288.3870806989775,456.63241153753853,399.22801721662904,397.8464121377673,471.2682635100799,274.95708899403144,327.4472028897903
2376,Prov. Sumatera Selatan,Kab. Ogan Ilir,P,S3,61,354.0,82.93178437647282,67.51196903150688,61.57216813515471,82.01122414125011,87.41606175589011,80.18487878504259,84.5395708163564
2377,Prov. Sumatera Selatan,Kab. Ogan Ilir,P,Sp-1,72,379.0,88.78854880983955,78.03293770782928,75.1519507719832,100.83731433383416,87.39117269618849,94.34939396435955,101.97066265827691
2378,Prov. Sumatera Selatan,Kab. Ogan Ilir,P,Sp-2,12,23.0,5.388223278697387,9.202138793982659,8.1037245196938,7.572070059523823,8.149023678033224,9.000587434943771,7.574825956432757
2379,Prov. Sumatera Selatan,Kab. Ogan Komering Ilir,L,S1,136,1188.0,278.3134458735868,182.20837297035519,160.9458319223089,163.10276962287702,168.82777485400302,209.53455426142543,170.22704082810924
2380,Prov. Sumatera Selatan,Kab. Ogan Komering Ilir,P,D3,15,48.0,11.244987712064113,16.12570488513488,14.418664623027768,15.741700024138435,16.529540470566463,12.459768270982996,13.250615256413296
2381,Prov. Sumatera Selatan,Kab. Ogan Komering Ilir,P,S1,179,1492.0,349.53170138332615,280.8748267195786,253.48819647894533,267.7296413490846,281.5673540728559,242.70099746421982,247.13869275951006
2382,Prov. Sumatera Selatan,Kab. Ogan Komering Ulu,L,D3,6,19.0,4.451140969358711,6.201488461861074,5.7979132319268585,6.26027152212757,7.3773363858128205,8.762014116169585,7.478304720236827
2383,Prov. Sumatera Selatan,Kab. Ogan Komering Ulu,L,S1,336,2037.0,477.2091660307207,334.1482081801077,305.09266861947754,305.5953776826456,331.7166089434083,317.6007888813895,297.5126204768531
2384,Prov. Sumatera Selatan,Kab. Ogan Komering Ulu,L,S2,27,83.0,19.444457918777527,25.832811806355814,24.773344820831163,24.298076247934283,24.756727016626918,19.278323136015345,21.832144278333587
2385,Prov. Sumatera Selatan,Kab. Ogan Komering Ulu,P,D3,44,114.0,26.706845816152267,40.12588764823182,36.91361475838133,39.43427996558112,40.02839078532555,42.13473211173829,42.49615028115022
2386,Prov. Sumatera Selatan,Kab. Ogan Komering Ulu,P,Profesi,14,17.0,3.982599814689373,27.140372105787204,24.307588562587114,25.422812542544193,27.276721834951946,12.0669847141631,11.613907700351616
2387,Prov. Sumatera Selatan,Kab. Ogan Komering Ulu,P,S1,477,2594.0,607.6978776061313,514.1650180045333,477.1845639697528,495.42096826030775,573.463006295056,488.80175979452446,471.5425640030233
2388,Prov. Sumatera Selatan,Kab. Ogan Komering Ulu,P,S2,31,106.0,24.832681197474912,41.60691673719146,41.08997955433649,42.46312398304101,44.90078925024729,41.99004850849012,45.607779790680425
2389,Prov. Sumatera Selatan,Kab. Ogan Komering Ulu Timur,L,S1,499,2581.0,604.6523601007807,348.34207400323953,291.19551001708714,292.28502057768094,304.2215760886892,384.4885566358551,347.1978434465281
2390,Prov. Sumatera Selatan,Kab. Ogan Komering Ulu Timur,L,S2,36,67.0,15.696128681422822,12.541652705131984,10.050725269357162,8.711927024672143,9.295380345567576,15.36488694041272,15.979632535500953
2391,Prov. Sumatera Selatan,Kab. Ogan Komering Ulu Timur,P,S1,602,3169.0,742.403459573566,521.247596566151,444.04029931561695,463.528259557262,447.65917151858207,530.7338151399317,516.9455689128671
2392,Prov. Sumatera Selatan,Kab. Ogan Komering Ulu Timur,P,S2,44,59.0,13.82196406274547,14.954645704546754,12.599566673906686,11.840507519683669,14.554486456369908,15.6017335465167,18.47525824337858
2393,Prov. Sumatera Selatan,Kab. Penukal Abab Lematang Ilir,L,S1,4,30.0,7.02811732004007,2.905030758716307,2.0665542029050035,1.7517170721882775,1.301317565561946,5.708114673589146,7.6195965240965275
2394,Prov. Sumatera Selatan,Kab. Penukal Abab Lematang Ilir,P,S1,7,45.0,10.542175980060104,5.1487581265227735,3.7010473375616506,3.2199956340781495,5.050822737257103,11.283267149807696,8.594472206232467
2395,Prov. Sumatera Selatan,Kota Lubuk Linggau,L,D3,4,6.0,1.405623464008014,1.1263333088026266,0.9271708773204759,0.8114054228637337,1.5719224597373405,1.6516580265742091,1.5698687484326492
2396,Prov. Sumatera Selatan,Kota Lubuk Linggau,L,Profesi,450,234.0,54.81931509631254,336.30190267266516,313.834391169112,331.8482188254296,217.83545547880112,343.91676275646114,267.2940274974036
2397,Prov. Sumatera Selatan,Kota Lubuk Linggau,L,S1,580,3634.0,851.3392780341871,587.9970272312379,552.9086584589734,557.6332186621605,540.9769724883565,556.2529012130038,538.0899260328815
2398,Prov. Sumatera Selatan,Kota Lubuk Linggau,L,S2,68,207.0,48.494009508276484,69.28829964895027,70.1837719978287,71.74955282348586,75.55185575678117,54.85011899469221,71.02698818773062
2399,Prov. Sumatera Selatan,Kota Lubuk Linggau,P,D3,30,86.0,20.147269650781535,27.94605325877189,25.97573477699115,27.202490515496233,29.2370968390321,25.327320416841033,22.360984601010287
2400,Prov. Sumatera Selatan,Kota Lubuk Linggau,P,Profesi,2046,1096.0,256.76055275879725,1729.5727029298282,1596.5234491810156,1682.4019668758115,1094.365951456326,1159.683434599342,1124.7667288703217
2401,Prov. Sumatera Selatan,Kota Lubuk Linggau,P,S1,1024,5289.0,1239.0570835230644,1030.1990670815865,983.3334279120594,1026.7658699199121,1037.0297383070802,989.990786391256,1002.4251980221399
2402,Prov. Sumatera Selatan,Kota Lubuk Linggau,P,S2,67,168.0,39.35745699222439,66.13553561380746,67.60036516443586,70.79970316319688,63.81603876020161,58.65451998507583,66.53349670298536
2403,Prov. Sumatera Selatan,Kota Pagar Alam,L,S1,154,639.0,149.6988989168535,94.11222617967324,80.74957261790044,79.1263711045952,100.89856990878941,71.79733936361508,51.355349304272025
2404,Prov. Sumatera Selatan,Kota Pagar Alam,P,S1,425,1063.0,249.02962370675314,199.2361059070888,176.60959363050162,182.86100936781995,222.82278359179082,151.45885617661824,145.45145987158537
2405,Prov. Sumatera Selatan,Kota Palembang,L,D3,1628,5327.0,1247.9593654617818,1581.408683453332,1645.4159174206634,1740.0940243992845,1342.7998866089558,1228.5392025474519,1270.7755961382557
2406,Prov. Sumatera Selatan,Kota Palembang,L,D4,595,3142.0,736.07815398553,602.9123068400501,649.9044559774741,740.8046379092261,585.7447227399332,625.5483137693018,576.9235256395058
2407,Prov. Sumatera Selatan,Kota Palembang,L,Profesi,1793,619.0,145.0134873701601,829.3798229494564,838.9465016241978,866.8645961334093,972.7686843771021,581.5160599707431,564.3575764033234
2408,Prov. Sumatera Selatan,Kota Palembang,L,S1,5234,35673.0,8357.134305259648,5053.829240655957,5043.071452640816,4865.603287180366,5009.491589615765,5420.123617730552,5205.300903272066
2409,Prov. Sumatera Selatan,Kota Palembang,L,S2,818,2085.0,488.45415374278485,576.0469369210977,610.47032328237,580.7257932681067,630.9170698753967,576.6768326546213,624.0191614454262
2410,Prov. Sumatera Selatan,Kota Palembang,L,S2 Terapan,2,8.0,1.874164618677352,3.0182087368232358,3.1078440362372333,2.6558674750439617,3.1489245688862924,4.873943722871231,4.0072849976880764
2411,Prov. Sumatera Selatan,Kota Palembang,L,S3,39,198.0,46.38557431226446,25.780222360774278,27.787574276594526,34.1162340531648,24.535310503617158,23.841413628685412,28.037249401015572
2412,Prov. Sumatera Selatan,Kota Palembang,P,D3,2764,8943.0,2095.0817731039447,2984.7249330880986,3092.9927214623517,3290.8688532916135,2729.8842864765325,2697.027650458998,2721.930051331949
2413,Prov. Sumatera Selatan,Kota Palembang,P,D4,1106,4583.0,1073.662055924788,973.6329211910844,1044.1040398946122,1184.7223855545694,902.1463541714862,1016.5950146357458,929.7728552713008
2414,Prov. Sumatera Selatan,Kota Palembang,P,Profesi,7488,2774.0,649.8665815263718,4045.9609974753434,4037.907531659067,4143.8117511210985,3266.5135033882316,3337.614449525923,4126.006463427227
2415,Prov. Sumatera Selatan,Kota Palembang,P,S1,9090,45052.0,10554.358050081508,7981.964662516941,8172.089764038921,8293.321269681608,7996.622900446992,8470.130198656763,8065.289387782751
2416,Prov. Sumatera Selatan,Kota Palembang,P,S2,910,1941.0,454.7191906065925,656.1144950322574,709.7667883229499,702.7822966579641,611.4613166371579,607.716999283306,695.9225278340313
2417,Prov. Sumatera Selatan,Kota Palembang,P,S2 Terapan,3,3.0,0.702811732004007,1.4247209293249696,1.5099398247786262,1.3585240783110146,2.0510121384445332,1.9663059231417932,1.524032998245326
2418,Prov. Sumatera Selatan,Kota Palembang,P,S3,13,79.0,18.50737560943885,12.198650170321837,13.30049835693479,16.78556391751412,11.56285758763024,10.78006022272291,12.185128238903282
2419,Prov. Sumatera Selatan,Kota Prabumulih,L,D3,62,246.0,57.630562024328576,64.69023423726428,55.62316737871512,55.46020239071353,58.92511544267056,56.03402798327649,53.04016738959374
2420,Prov. Sumatera Selatan,Kota Prabumulih,L,S1,48,473.0,110.80998307929843,65.33025414815441,55.64081092277701,52.29158786512398,51.02641866120894,51.22913339383612,42.00245815656019
2421,Prov. Sumatera Selatan,Kota Prabumulih,P,D3,26,166.0,38.888915837555054,53.518976151127724,47.00175414326811,48.81997797207756,55.89673329212032,47.466328293124334,42.185983187624664
2422,Prov. Sumatera Selatan,Kota Prabumulih,P,S1,132,777.0,182.0282385890378,140.21002625002004,124.24420783929499,124.78648798644174,133.3420643759259,132.42663019652778,127.76038579783538
2423,Prov. Sumatera Utara,Kab. Asahan,L,D3,1,22.0,5.1539527013627175,7.182599038587752,6.873671689889876,7.431002902523216,7.304480582803443,8.646322360536587,6.302654799523551
2424,Prov. Sumatera Utara,Kab. Asahan,L,Profesi,456,211.0,49.431091817615155,306.5640138655111,284.0457785295469,298.34512594838264,274.26850175807084,408.960498905434,401.51546497174706
2425,Prov. Sumatera Utara,Kab. Asahan,L,S1,647,5495.0,1287.3168224540061,704.6928593156363,613.3222185728317,556.7658472548633,829.894660889742,658.8233142079241,710.1672005274122
2426,Prov. Sumatera Utara,Kab. Asahan,L,S2,9,49.0,11.47925828939878,13.489350030324832,12.776211267543939,11.941538681505913,10.328796389338228,12.301168903226328,14.26336067537647
2427,Prov. Sumatera Utara,Kab. Asahan,P,D3,50,132.0,30.92371620817631,42.566508206740096,39.07234279464364,40.34275552212895,38.91416845358658,50.762121831095,49.72682603321746
2428,Prov. Sumatera Utara,Kab. Asahan,P,Profesi,2219,1249.0,292.6039510910016,1888.3244076337369,1703.8128774643835,1745.3740813543975,2398.7789886048913,1242.1824122837381,1139.2718964482
2429,Prov. Sumatera Utara,Kab. Asahan,P,S1,1466,7414.0,1736.882060359236,1296.9340236051846,1189.324244155254,1173.8816323745189,1287.147256540918,1360.0246909700966,1341.1591269845105
2430,Prov. Sumatera Utara,Kab. Asahan,P,S2,5,14.0,3.279788082685366,5.057131366116318,4.9897517430657645,4.9928010049720974,4.42484613521414,3.466685410338499,2.427423528082201
2431,Prov. Sumatera Utara,Kab. Batubara,P,S1,15,2.0,0.468541154669338,0.3859980698217829,0.31174033736061924,0.35234196821910924,0.4417481267349819,1.9787964656212813,2.92049356412485
2432,Prov. Sumatera Utara,Kab. Dairi,L,S1,57,800.0,187.4164618677352,72.84733887838814,52.59514733662456,43.258635740457485,34.20817268698077,70.54665945158813,84.16624289367998
2433,Prov. Sumatera Utara,Kab. Dairi,P,S1,147,1235.0,289.3241630083162,120.4668114965419,85.41654823248983,69.32171853941031,51.875756138638074,91.09208380332674,97.41710636397015
2434,Prov. Sumatera Utara,Kab. Deli Serdang,L,D3,79,806.0,188.8220853317432,156.52575310716364,136.15391937972694,123.82898318336952,184.0692770087265,148.04031594250245,164.02549458280902
2435,Prov. Sumatera Utara,Kab. Deli Serdang,L,D4,100,769.0,180.15407397036046,117.61479879342774,113.71880793530192,118.61678140592129,139.58065315157705,109.53351186315818,96.87907675919742
2436,Prov. Sumatera Utara,Kab. Deli Serdang,L,Profesi,256,329.0,77.0750199431061,307.84495572669636,265.32044334273235,242.04814525868557,434.7285764651165,455.1855861694605,412.0030401380914
2437,Prov. Sumatera Utara,Kab. Deli Serdang,L,S1,1860,11075.0,2594.546643981459,1569.0059707814262,1485.9466404567781,1455.4918602641499,1894.3363172002955,1652.6722044909495,1662.0067985737057
2438,Prov. Sumatera Utara,Kab. Deli Serdang,L,S2,196,687.0,160.9438866289176,173.4675700694919,169.37885586607499,158.50150038429157,198.3629838647464,172.73795276524888,179.15281159845404
2439,Prov. Sumatera Utara,Kab. Deli Serdang,L,S3,10,47.0,11.010717134729443,8.464171921442553,9.482310747011827,13.527319368737459,7.142825362867474,5.729499958034952,4.869265883854085
2440,Prov. Sumatera Utara,Kab. Deli Serdang,P,D3,201,957.0,224.19694250927822,244.93924302432654,222.24043459590234,216.7662706773728,334.242085683283,250.0367893237968,270.9741762019015
2441,Prov. Sumatera Utara,Kab. Deli Serdang,P,D4,420,1634.0,382.7981233648491,301.40550790123496,296.647196656954,319.6222752341539,401.7419697555947,378.95709079756244,386.9520702633084
2442,Prov. Sumatera Utara,Kab. Deli Serdang,P,Profesi,2032,2428.0,568.8089617685763,2709.367491364252,2365.9330600821113,2223.635282148589,3899.8152269367056,2768.0761483169645,2901.2281114936727
2443,Prov. Sumatera Utara,Kab. Deli Serdang,P,S1,4025,19848.0,4649.8024189385105,3441.329491688564,3328.2789373553087,3392.160890741724,4143.8946602068745,3516.333443507039,3520.319601451123
2444,Prov. Sumatera Utara,Kab. Deli Serdang,P,S2,338,1234.0,289.08989243098154,337.29987216247343,324.43413416815923,300.83926508699295,376.78349098558164,267.6347896957262,363.26391307835985
2445,Prov. Sumatera Utara,Kab. Deli Serdang,P,S3,2,26.0,6.091035010701394,4.936058119019802,5.405422355558815,7.560172975455515,4.1988785931718136,5.884370402972332,4.99288699753068
2446,Prov. Sumatera Utara,Kab. Humbang Hasudutan,L,D3,9,23.0,5.388223278697387,6.721670068596866,5.326555341369037,6.069358793491085,8.094480253341992,6.472624531804511,5.796703907743746
2447,Prov. Sumatera Utara,Kab. Humbang Hasudutan,L,S1,2,21.0,4.919682124028049,3.687479978351165,3.009866514174472,3.4121672640477407,4.023776784580588,6.427928495763447,5.9907667466868455
2448,Prov. Sumatera Utara,Kab. Humbang Hasudutan,P,D3,34,123.0,28.815281012164288,38.13945467432035,29.59903531285185,33.15153159058762,36.17113383283403,30.144405280820894,37.4914708724767
2449,Prov. Sumatera Utara,Kab. Humbang Hasudutan,P,S1,7,44.0,10.307905402725435,8.083286917026518,6.435272199542454,7.130668012851569,7.362599645280465,7.294893890900123,6.594494982996608
2450,Prov. Sumatera Utara,Kab. Karo,L,D3,26,87.0,20.3815402281162,22.52681603582534,18.699932086556082,19.372000907362317,21.078266635211268,18.218097104927622,19.761254949275337
2451,Prov. Sumatera Utara,Kab. Karo,L,Profesi,1,5.0,1.171352886673345,6.860589355085591,5.801142435173168,6.263174638964749,12.268210498901663,3.7417551682023475,3.368726699671963
2452,Prov. Sumatera Utara,Kab. Karo,L,S1,111,876.0,205.22102574517004,115.86623878626372,94.50333013225047,91.25162987999158,94.82454604308904,109.48876490483875,133.31714121156992
2453,Prov. Sumatera Utara,Kab. Karo,P,D3,76,261.0,61.14462068434861,80.05065035888762,67.1964287151508,71.52032443381535,84.09240762951542,62.13405757290435,58.14799566493938
2454,Prov. Sumatera Utara,Kab. Karo,P,Profesi,1,5.0,1.171352886673345,7.540604905443785,6.30882664020598,6.790752223628593,10.303542328996164,3.931438275830835,3.9831186295423526
2455,Prov. Sumatera Utara,Kab. Karo,P,S1,209,1197.0,280.4218810695988,179.247767254948,145.90647908837317,142.1429483392333,141.6212270586112,166.8701892210262,143.93010421728866
2456,Prov. Sumatera Utara,Kab. Labuhan Batu,L,D3,9,105.0,24.598410620140246,13.917572792674301,10.032221483772044,7.7858422161537195,9.804754056177996,9.170201077429875,9.15449585581979
2457,Prov. Sumatera Utara,Kab. Labuhan Batu,L,Profesi,241,248.0,58.09910317899791,133.67883953330752,90.88106196886454,66.08810075738593,93.2475748357,77.97529907107707,87.36127339263157
2458,Prov. Sumatera Utara,Kab. Labuhan Batu,L,S1,589,4640.0,1087.0154788328641,686.0000540395506,608.9380578887428,603.9410725240551,618.1190305019895,665.095793782635,560.2805463088553
2459,Prov. Sumatera Utara,Kab. Labuhan Batu,L,S2,32,146.0,34.20350429086167,54.18858474356461,54.80556889498303,59.567271653680784,49.35735877052191,40.58632915582661,42.68829310677759
2460,Prov. Sumatera Utara,Kab. Labuhan Batu,P,D3,52,229.0,53.647962209639196,57.042338365618335,47.55121824188099,45.64279529748644,60.495119827203915,44.89622202421567,46.6825709391154
2461,Prov. Sumatera Utara,Kab. Labuhan Batu,P,Profesi,956,975.0,228.41381290130226,582.1538168225513,392.4830740281136,285.44102622971064,350.8486114396726,388.4366859843808,225.5993505084687
2462,Prov. Sumatera Utara,Kab. Labuhan Batu,P,S1,887,5327.0,1247.9593654617818,969.3941638018509,879.8435344355618,910.5776694951853,843.3148332142193,859.5083552780346,854.3552311319894
2463,Prov. Sumatera Utara,Kab. Labuhan Batu,P,S2,13,65.0,15.227587526753485,26.516308955749697,26.535071113096702,28.753556679598663,22.25746203370911,26.342107347292007,25.246573663369407
2464,Prov. Sumatera Utara,Kab. Labuhan Batu Utara,L,S1,8,26.0,6.091035010701394,4.199859858085911,3.3458855289143403,3.6679772778574518,3.4200548297926963,6.2372761327577,5.791786441125085
2465,Prov. Sumatera Utara,Kab. Labuhan Batu Utara,P,S1,41,67.0,15.696128681422822,10.647054019619675,8.126310991295238,8.494668039366903,12.510372018348919,14.013131003056433,13.10977153102436
2466,Prov. Sumatera Utara,Kab. Langkat,L,D3,1,21.0,4.919682124028049,6.174621694195321,5.4833077738196385,5.964944847676949,6.392715950784308,5.222971313236809,4.963878454082407
2467,Prov. Sumatera Utara,Kab. Langkat,L,Profesi,1,16.0,3.748329237354704,19.249795757266686,16.15155601086806,16.504254386744346,15.8298636778299,10.258071244978002,13.1645130065196
2468,Prov. Sumatera Utara,Kab. Langkat,L,S1,140,1400.0,327.97880826853657,244.59949545597044,223.01452156872992,240.29503281178756,256.06418361647826,207.68039679481467,189.84575683280136
2469,Prov. Sumatera Utara,Kab. Langkat,P,D3,58,467.0,109.40435961529042,156.72493121591828,139.22767625384373,153.30719981339283,140.89341926460565,127.13469550583496,144.95016505976503
2470,Prov. Sumatera Utara,Kab. Langkat,P,Profesi,5,42.0,9.839364248056098,58.86335097435614,49.70096022949318,51.82983843343903,42.01992676727478,34.8822492036758,34.20744464753382
2471,Prov. Sumatera Utara,Kab. Langkat,P,S1,454,3097.0,725.5359780054699,614.0275778481598,559.1012672105348,608.3677567962885,748.2203532110557,554.0018007887537,538.609264168836
2472,Prov. Sumatera Utara,Kab. Mandailing Natal,L,S1,130,1170.0,274.09657548156275,162.7918628585421,140.12151812203624,133.5202524279113,139.3397430870835,119.59513200661756,116.31684036030079
2473,Prov. Sumatera Utara,Kab. Mandailing Natal,P,D3,65,214.0,50.13390354961916,72.29251291856072,64.90248811471253,69.44089428345056,61.26754634854663,63.174686890706056,36.68171911861508
2474,Prov. Sumatera Utara,Kab. Mandailing Natal,P,S1,349,2249.0,526.8745284256705,381.1368687101061,334.4361237295976,331.10623442526537,394.79023802237066,307.25079659932777,350.93777993204117
2475,Prov. Sumatera Utara,Kab. Nias Barat,L,S1,12,44.0,10.307905402725435,8.484289618800325,7.917557132780373,7.9844380652106635,7.439098867675614,9.028788035396325,9.345166832916723
2476,Prov. Sumatera Utara,Kab. Nias Barat,P,S1,14,65.0,15.227587526753485,14.346669228000673,13.404295937572805,13.69842283525496,15.665849780468001,17.452501767012308,15.846280013487782
2477,Prov. Sumatera Utara,Kab. Nias Selatan,L,D3,2,44.0,10.307905402725435,5.170455854628564,3.4448091675733092,2.485929575733787,3.893377152131844,10.553316162470608,11.266650822996443
2478,Prov. Sumatera Utara,Kab. Nias Selatan,L,S1,212,2793.0,654.3177224957305,265.0941775485208,198.26710968221255,160.32406852775287,117.03773854154765,239.68798894500424,249.52372153561333
2479,Prov. Sumatera Utara,Kab. Nias Selatan,P,D3,9,40.0,9.37082309338676,6.826575380579192,4.880036208632541,3.9270880900422163,3.327560100225494,11.659398482038116,12.435719471985077
2480,Prov. Sumatera Utara,Kab. Nias Selatan,P,S1,369,2704.0,633.467641112945,334.5842884124945,260.19685105041685,224.6607829046996,261.6356110690834,251.4235872886935,267.34053422502444
2481,Prov. Sumatera Utara,Kab. Padang Lawas,L,S1,40,313.0,73.32669070575139,24.340937188664025,15.9593649064418,12.710251790088407,14.653031101431743,23.43619239750579,30.23225412378307
2482,Prov. Sumatera Utara,Kab. Padang Lawas,P,S1,171,844.0,197.72436727046062,70.6942572351336,45.59265041316299,35.90763374055463,37.14189884349214,68.70239429258591,74.76833719067895
2483,Prov. Sumatera Utara,Kab. Padang Lawas utara,L,S1,174,485.0,113.62123000731447,68.46247807937547,57.413990500577576,57.49208815625601,68.47547575511217,53.15072785748033,47.02728890813495
2484,Prov. Sumatera Utara,Kab. Padang Lawas utara,P,D3,101,255.0,59.73899722034059,83.03831444352097,71.56195250530779,78.82436052011523,111.76499883956265,57.93355301712389,52.21700947932119
2485,Prov. Sumatera Utara,Kab. Padang Lawas utara,P,Profesi,9,29.0,6.793846742705401,35.90909159062541,28.622189511476712,28.75413843635464,25.394774858968297,21.848412035934004,18.135812459624145
2486,Prov. Sumatera Utara,Kab. Padang Lawas utara,P,S1,209,772.0,180.85688570236445,124.62577657765041,104.61049719586265,106.11583529113437,130.504697560325,129.49017369131633,132.12672431259048
2487,Prov. Sumatera Utara,Kab. Simalungun,L,D3,31,233.0,54.585044518977874,37.65629342649771,27.78200594040899,23.703748812949478,21.694526952383583,19.396609013496764,17.297945112842143
2488,Prov. Sumatera Utara,Kab. Simalungun,L,S1,167,747.0,175.00012126899773,133.28590960320022,120.89121717494659,131.04442970027551,165.16251395504892,168.01088174390222,171.63047098676054
2489,Prov. Sumatera Utara,Kab. Simalungun,L,S2,5,43.0,10.073634825390767,15.287242894681214,14.752372009503198,15.998258047410395,16.115832275418416,11.761118249435672,11.554642212887831
2490,Prov. Sumatera Utara,Kab. Simalungun,P,D3,35,339.0,79.4177257164528,72.43042093710173,55.79024080731412,51.11263334205547,103.96516635364081,50.515503312870244,84.14828544799886
2491,Prov. Sumatera Utara,Kab. Simalungun,P,S1,410,1824.0,427.3095330584363,366.81697870592956,331.60777326759296,362.01265808719717,369.24376097800945,313.31225270647343,318.5915368854085
2492,Prov. Sumatera Utara,Kab. Simalungun,P,S2,17,62.0,14.524775794749477,23.991366005990248,22.84253666242135,24.600200404060136,26.099385911277487,15.19298155042345,18.88667619855469
2493,Prov. Sumatera Utara,Kab. Tapanuli Selatan,L,S1,35,501.0,117.36955924466916,74.58792982851914,60.12941141189438,60.58635324798784,69.42319952498124,74.29535979984536,68.99371190505968
2494,Prov. Sumatera Utara,Kab. Tapanuli Selatan,P,S1,58,419.0,98.15937190322632,72.2647392282187,58.52968052202215,60.052328358685216,75.23405012726852,62.978073063895025,51.64125073135132
2495,Prov. Sumatera Utara,Kab. Tapanuli Tengah,L,S1,36,398.0,93.23968977919826,54.705326658396956,44.75691126279999,45.44527358606798,37.627039796421435,44.68733108086115,44.78086599063055
2496,Prov. Sumatera Utara,Kab. Tapanuli Tengah,P,S1,57,585.0,137.04828774078138,101.96664154618806,86.0480316713444,92.2611063206332,78.17629851698922,83.0432900991899,78.87865402049118
2497,Prov. Sumatera Utara,Kab. Tapanuli Utara,L,D3,31,100.0,23.4270577334669,31.213175202572373,28.943343008672898,31.063970173521398,28.960492082979425,31.12408158185726,26.858882091914232
2498,Prov. Sumatera Utara,Kab. Tapanuli Utara,L,S1,288,1873.0,438.788791347835,280.2610819734152,250.66960616919263,244.44616886006008,257.9563647246785,218.09275861361283,215.83849201770474
2499,Prov. Sumatera Utara,Kab. Tapanuli Utara,L,S2,22,135.0,31.626527940180313,34.51115572092394,31.404798256158927,28.801880224282222,39.47216007803732,25.641854997780165,25.269054941978993
2500,Prov. Sumatera Utara,Kab. Tapanuli Utara,L,S3,5,60.0,14.05623464008014,7.097882163087705,6.534615648432772,7.678330209225385,12.114323925876793,7.972904399272868,8.812638796087523
2501,Prov. Sumatera Utara,Kab. Tapanuli Utara,P,D3,102,284.0,66.53284396304599,94.68684011191195,86.15517959032286,91.13603351374815,80.22195547525524,78.91953804996602,74.31131507714446
2502,Prov. Sumatera Utara,Kab. Tapanuli Utara,P,S1,475,2608.0,610.9776656888167,441.9674902252094,394.5515164790065,388.24256568261654,414.52444788555164,359.59926615683173,347.6682308251829
2503,Prov. Sumatera Utara,Kab. Tapanuli Utara,P,S2,21,137.0,32.095069094849656,37.80671802658905,33.86266257644767,30.739070924776506,43.719565740246544,24.60989659916789,30.820837244525013
2504,Prov. Sumatera Utara,Kab. Tapanuli Utara,P,S3,9,38.0,8.902281938717422,4.51373671775082,4.004958916175887,4.524302365169431,10.215708840763249,6.716817332780798,6.195282824881888
2505,Prov. Sumatera Utara,Kab. Toba Samosir,L,D3,76,261.0,61.14462068434861,81.68469076995478,75.05971325265992,83.03136869885861,65.07975071382575,64.47341473564215,58.83708238993722
2506,Prov. Sumatera Utara,Kab. Toba Samosir,L,D4,24,150.0,35.14058660020035,29.35940197217387,27.86565444814034,32.499225467056334,28.87358245426377,20.258085615155093,21.674161245264727
2507,Prov. Sumatera Utara,Kab. Toba Samosir,L,S1,86,509.0,119.24372386334652,95.7185210018463,90.92703699494578,99.58848308546592,72.01022669155938,101.12084637407966,93.31396522114414
2508,Prov. Sumatera Utara,Kab. Toba Samosir,P,D3,189,570.0,133.53422908076132,195.59215627676036,178.2408047072919,195.5902390567109,156.06635060008014,164.5340643170163,179.67424930648568
2509,Prov. Sumatera Utara,Kab. Toba Samosir,P,D4,33,127.0,29.752363321502962,27.29971132787672,25.424496203093135,29.87554257802796,31.396714974007352,17.902937222675334,15.763411620789768
2510,Prov. Sumatera Utara,Kab. Toba Samosir,P,S1,249,936.0,219.27726038525017,181.7027774304973,167.43421991149793,178.65647228105388,130.86419663678353,177.6017672169026,157.97004501135348
2511,Prov. Sumatera Utara,Kota Binjai,L,D3,33,76.0,17.804563877434845,18.216886599275746,15.542230549505064,15.792717653212616,18.054568084993534,18.572081294400512,21.34371860115115
2512,Prov. Sumatera Utara,Kota Binjai,L,S1,292,2591.0,606.9950658741274,300.19438064571295,247.55018470077994,229.41539017947932,267.76433851794513,388.6469306217103,364.9604438822307
2513,Prov. Sumatera Utara,Kota Binjai,P,D3,92,374.0,87.61719592316621,112.8078277136196,98.99004285335589,105.97268147808846,124.27647683476089,97.10501716001146,116.67793928563988
2514,Prov. Sumatera Utara,Kota Binjai,P,S1,742,5329.0,1248.427906616451,785.5265906290605,668.9819368484997,655.278730657098,731.3364938172259,691.9402694312753,727.0199307220695
2515,Prov. Sumatera Utara,Kota Gunung Sitoli,L,D3,5,34.0,7.965199629378746,6.044967758837458,4.47549998320135,4.015817493771785,9.027305997712356,7.949874483449202,8.79718320321847
2516,Prov. Sumatera Utara,Kota Gunung Sitoli,L,S1,452,3201.0,749.9001180482754,414.48271423909847,334.2699350267606,322.39693176568704,332.6551079334685,362.7281491384322,398.0063694386484
2517,Prov. Sumatera Utara,Kota Gunung Sitoli,P,D3,8,216.0,50.6024447042885,67.00777931360726,56.147520750190736,60.48005541927912,63.60602509547746,61.57900843645552,28.08995533739091
2518,Prov. Sumatera Utara,Kota Gunung Sitoli,P,S1,606,2919.0,683.8358152398988,516.9208998081109,439.5513159309314,461.4654558225602,477.91100646262043,425.29735984307104,387.60977206661175
2519,Prov. Sumatera Utara,Kota Medan,L,D1,3,6.0,1.405623464008014,3.1342703405798633,1.3027791151156753,1.0227948050614573,1.9075044043526137,2.54353746452734,3.915855186437847
2520,Prov. Sumatera Utara,Kota Medan,L,D3,2519,10799.0,2529.8879646370906,2917.696410502392,3049.044896824206,3093.735324883684,2665.2619796749204,2471.243697627918,2605.646009672059
2521,Prov. Sumatera Utara,Kota Medan,L,D4,786,4952.0,1160.1078989612809,915.6671636236681,1025.3860032117796,1121.407567240786,813.9397320865081,993.5138167329351,849.8484314625501
2522,Prov. Sumatera Utara,Kota Medan,L,Profesi,10412,10078.0,2360.978878378794,13453.65098108166,13927.682362278083,14463.978106151106,16381.010387885477,7600.663845138964,10346.404015943248
2523,Prov. Sumatera Utara,Kota Medan,L,S1,15039,106770.0,25013.069542022607,14932.390412477722,15372.404985514093,14640.175947186135,13711.394798868912,16751.756191177286,16350.920746997648
2524,Prov. Sumatera Utara,Kota Medan,L,S2,2543,7944.0,1861.0454663466105,2239.6606910693476,2471.063981790699,2353.1125430193683,2395.6286605326,1951.9931507163615,2331.587483731308
2525,Prov. Sumatera Utara,Kota Medan,L,S2 Terapan,16,65.0,15.227587526753485,20.571134275630236,20.83157346391125,16.47059435866635,20.063706745223964,15.902296581937998,17.666376747391958
2526,Prov. Sumatera Utara,Kota Medan,L,S3,338,1335.0,312.75122074178313,201.4796150202778,234.63355416262235,303.51555448655364,218.68943205071437,229.58691147524405,203.6788043500588
2527,Prov. Sumatera Utara,Kota Medan,L,Sp-1,125,547.0,128.14600580206394,101.09589914183684,128.9639417175452,176.78603271873487,122.31856077993172,127.4930715715429,118.53367525195229
2528,Prov. Sumatera Utara,Kota Medan,P,D1,3,5.0,1.171352886673345,3.975307941155262,1.797241446593041,1.6033405344541283,2.7650881590983243,2.5197449104526637,3.5080287284123597
2529,Prov. Sumatera Utara,Kota Medan,P,D3,4243,15064.0,3529.051976969454,4809.702464773634,5078.030639147275,5290.218922305996,4878.462138069141,4014.903297727182,3657.6691921333145
2530,Prov. Sumatera Utara,Kota Medan,P,D4,1149,6484.0,1519.0104234379937,1365.0112762501892,1527.9486525625694,1689.8089035880562,1349.6884021277006,1605.6137568717334,1477.4924479363356
2531,Prov. Sumatera Utara,Kota Medan,P,Profesi,34802,33078.0,7749.202157076181,48330.9638225886,49252.50322734051,51175.63225313341,53881.484776724246,22566.300813187587,30065.44789661097
2532,Prov. Sumatera Utara,Kota Medan,P,S1,27103,130216.0,30505.777498211257,23412.795551242747,24939.88461274595,25247.340626319226,25251.663610857097,21639.0840708748,24230.111240711485
2533,Prov. Sumatera Utara,Kota Medan,P,S2,2541,6944.0,1626.7748890119415,2359.2104375781705,2645.3896378968116,2606.0868813004427,2291.51390982264,2091.753643661116,2291.9497657210327
2534,Prov. Sumatera Utara,Kota Medan,P,S2 Terapan,13,38.0,8.902281938717422,15.293731707503145,15.987741389640208,13.363414268852534,15.483117498022587,10.887646910633212,11.413254308655247
2535,Prov. Sumatera Utara,Kota Medan,P,S3,209,1033.0,242.00150638671306,182.85857879851696,214.71936881479644,284.24407250304034,188.44817599627913,208.24258367983205,197.18200837279016
2536,Prov. Sumatera Utara,Kota Medan,P,Sp-1,133,531.0,124.39767656470923,103.87879061618767,129.6865150932101,174.57765727200038,133.6019129751885,129.49319111299727,110.07259636818652
2537,Prov. Sumatera Utara,Kota Medan,P,Sp-2,1,16.0,3.748329237354704,6.142238331383754,7.031770954919328,6.617840851023605,5.488403088109341,6.675449768056149,3.6891348013030405
2538,Prov. Sumatera Utara,Kota Padang Sidempuan,L,D3,1,14.0,3.279788082685366,4.130788242674144,3.9591973620429117,4.186817089216801,3.913913387488624,4.260851490389858,4.743285477190827
2539,Prov. Sumatera Utara,Kota Padang Sidempuan,L,Profesi,1055,640.0,149.93316949418815,883.7785613118335,832.2237460007508,872.5321537830291,978.557490068015,755.6363219902202,605.6002269103146
2540,Prov. Sumatera Utara,Kota Padang Sidempuan,L,S1,882,7948.0,1861.9825486559491,1294.579902688983,1246.4247425092676,1268.2088888026667,1348.1151374589324,1300.4069923510694,1285.7781336453636
2541,Prov. Sumatera Utara,Kota Padang Sidempuan,L,S2,89,288.0,67.46992627238467,103.940946465254,109.86134532593229,116.63944720233718,111.59501551019555,81.10940636580573,80.53679030978027
2542,Prov. Sumatera Utara,Kota Padang Sidempuan,P,D3,148,591.0,138.45391120478936,198.54443560769323,190.22934353713572,203.42278468534292,179.45593743168112,193.9339815462033,202.55393901676482
2543,Prov. Sumatera Utara,Kota Padang Sidempuan,P,Profesi,4854,3055.0,715.6966137574137,4622.629125392358,4303.1759949443385,4492.458610289083,8369.785811562218,3656.1676325532644,3941.84495691351
2544,Prov. Sumatera Utara,Kota Padang Sidempuan,P,S1,2982,14785.0,3463.690485893081,2855.815325586975,2781.7770998864567,2908.7094477738547,3105.0327147620096,2749.2216533502296,2697.2810475769875
2545,Prov. Sumatera Utara,Kota Padang Sidempuan,P,S2,148,402.0,94.17677208853694,155.62024344630453,161.59668611295328,169.3798950430692,148.32695030686403,123.20128152638998,131.8510676876109
2546,Prov. Sumatera Utara,Kota Pematang Siantar,L,D3,83,438.0,102.61051287258502,83.477429575488,67.73176462114432,59.2348596505608,50.11619637334264,67.11195266375758,71.19118219435477
2547,Prov. Sumatera Utara,Kota Pematang Siantar,L,Profesi,119,214.0,50.13390354961916,306.09003775177206,279.919593532091,293.4269147135551,354.7137789538563,409.213593424433,424.82301712724666
2548,Prov. Sumatera Utara,Kota Pematang Siantar,L,S1,768,6432.0,1506.828353416591,889.6606177573467,782.3479821579466,738.3730403987223,679.3582495924412,823.753561842187,825.2835563132091
2549,Prov. Sumatera Utara,Kota Pematang Siantar,L,S2,75,227.0,53.179421054969865,63.174242397370854,59.513956926667916,56.11044150016841,53.203537867529676,65.78397802729395,69.5708694257446
2550,Prov. Sumatera Utara,Kota Pematang Siantar,P,D3,143,506.0,118.54091213134251,123.9762988770074,104.16959123540161,96.72999403021834,91.18068759902143,111.2719468251657,109.89462212407288
2551,Prov. Sumatera Utara,Kota Pematang Siantar,P,Profesi,552,1099.0,257.4633644908012,1729.6760336074772,1565.599828866423,1636.9347997149655,1993.7293014666348,1294.4173818396666,1256.2256223476857
2552,Prov. Sumatera Utara,Kota Pematang Siantar,P,S1,1130,7159.0,1677.1430631388953,1240.1790422620475,1117.019037169017,1112.7505461429287,1038.0292267959808,1218.2941381800842,1301.7708732407355
2553,Prov. Sumatera Utara,Kota Pematang Siantar,P,S2,74,164.0,38.420374682885715,53.22913211037398,50.478408101627714,48.59210427302659,49.06190420986209,53.40921985656688,53.19654558107106
2554,Prov. Sumatera Utara,Kota Sibolga,L,D3,9,13.0,3.045517505350697,3.063281747198186,2.482922447520662,2.5214192861999556,2.6338579598524627,4.387012198419239,5.1931885627667
2555,Prov. Sumatera Utara,Kota Sibolga,L,S1,99,771.0,180.6226151250298,89.12489263962338,70.14802819767337,65.32734911719496,81.40612345824435,111.33526168696916,105.19474407362273
2556,Prov. Sumatera Utara,Kota Sibolga,P,D3,50,85.0,19.912999073446866,23.350423103287103,19.050315674891728,19.74946542407785,18.98505794030051,16.525814781094994,11.49895058699312
2557,Prov. Sumatera Utara,Kota Sibolga,P,S1,244,1346.0,315.32819709246445,196.94823712086284,159.8049334669108,157.03629579150714,148.2555302162022,185.30486638162495,184.9760015938624
2558,Prov. Sumatera Utara,Kota Tanjung Balai,L,S1,19,319.0,74.7323141697594,30.307161436300493,22.487735942415934,19.409341751891972,19.679389358913856,26.768163891472927,26.24972001372344
2559,Prov. Sumatera Utara,Kota Tanjung Balai,P,D3,8,68.0,15.930399258757491,13.752844712512788,10.244316639443891,9.416970435770539,26.527262298259206,14.610885764454917,15.667153420890905
2560,Prov. Sumatera Utara,Kota Tanjung Balai,P,S1,87,919.0,215.2946605705608,101.36554531094194,75.6127646194574,66.5124982459087,112.92272520975148,90.84520435705208,80.49714489526197
2561,Prov. Sumatera Utara,Kota Tebing Tinggi,L,D3,4,36.0,8.433740784048084,5.519265212027353,3.920381542852047,3.30657486108469,3.0104271027144396,10.142861308536455,10.86947155027851
2562,Prov. Sumatera Utara,Kota Tebing Tinggi,L,S1,143,1440.0,337.34963136192334,197.16704349214882,161.87738167029434,159.2936209768178,166.64882588710373,213.1502437679889,199.88314710629825
2563,Prov. Sumatera Utara,Kota Tebing Tinggi,L,S2,12,26.0,6.091035010701394,9.371551604594028,8.876948690167422,9.774114145780967,8.000700097444767,4.20696496827341,3.800661702810891
2564,Prov. Sumatera Utara,Kota Tebing Tinggi,P,D3,14,46.0,10.776446557394774,11.668081827547743,9.124863199336819,9.191627895254081,11.983318456352082,13.317876089093312,14.351264002118008
2565,Prov. Sumatera Utara,Kota Tebing Tinggi,P,S1,360,2500.0,585.6764433366725,438.7091376267979,372.56112163867215,388.9347753986112,426.39072745979576,464.45481917715057,433.5511610299064
2566,Prov. Sumatera Utara,Kota Tebing Tinggi,P,S2,9,27.0,6.325305588036063,9.870526206363298,9.03715958370413,9.605190122559074,10.16015138107206,4.808687011868229,4.345903874654448
