row_id,provinsi_pt,kabupaten_pt,jk,nm_jenj_didik,jumlah_lulusan,jumlah_terdaftar,ExposureRateBaseline,NB2_Offset,PoissonRate,TweedieRate,HistGBPoissonRate,RandomForestLogCount,ExtraTreesLogCount
0,Prov. Aceh,Kab. Aceh Barat,L,D2,21,149.0,34.72880733177385,54.506109995133706,41.850879666925145,37.924299120793926,42.11729161163236,42.86678305414949,47.02642240101276
1,Prov. Aceh,Kab. Aceh Barat,L,Profesi,35,85.0,19.811735726179716,98.24182311962277,82.4115186064322,81.02238847385138,60.807068045324804,119.38044890293483,103.90141309551038
2,Prov. Aceh,Kab. Aceh Barat,L,S1,554,4231.0,986.158280676075,675.0597640845156,634.169446930148,660.337651185171,721.2724451888516,623.6295262784093,532.4332897505694
3,Prov. Aceh,Kab. Aceh Barat,L,S2,5,66.0,15.383230093268955,21.50471192027874,21.56022401494339,22.35010006247333,24.128137432358823,23.47131801126625,21.109926132550356
4,Prov. Aceh,Kab. Aceh Barat,P,D2,4,26.0,6.060060339772619,8.824981536069616,6.361196893417542,5.359776344341368,7.066686679756841,5.901793893471371,8.57583643082928
5,Prov. Aceh,Kab. Aceh Barat,P,D3,14,19.0,4.42850563291076,6.360309929604122,6.322187872135306,6.92482041873297,5.868884565668401,4.447120525156796,4.611798046534214
6,Prov. Aceh,Kab. Aceh Barat,P,Profesi,55,151.0,35.19496581944867,192.21942970639017,159.69953178776265,156.44398570969796,113.68950014537236,133.72973640677498,118.61899163330196
7,Prov. Aceh,Kab. Aceh Barat,P,S1,1464,7356.0,1714.5309176679764,1370.2220240885767,1297.8984328544561,1378.115591660516,1444.3327184940533,1337.881375612795,1388.5988725781522
8,Prov. Aceh,Kab. Aceh Barat,P,S2,4,43.0,10.022407485008562,17.15182920391759,17.60270246132699,18.97435185815049,17.189064546360342,9.719413978929754,13.100371839850325
9,Prov. Aceh,Kab. Aceh Barat Daya,L,S1,26,345.0,80.41233912390591,38.30550342101821,29.542336904731677,25.74536607604218,38.27844352274074,34.07982835636926,31.291741646015506
10,Prov. Aceh,Kab. Aceh Barat Daya,P,S1,75,754.0,175.74174985340593,100.17980635289251,78.84783840705603,71.1627447202045,81.85348885710165,105.36644155390616,107.66315489259192
11,Prov. Aceh,Kab. Aceh Besar,L,D3,340,1451.0,338.1979828080796,383.4147599082343,357.7480884456129,372.3595997212206,397.25394277716015,358.12050449861295,358.1000615630883
12,Prov. Aceh,Kab. Aceh Besar,L,D4,59,313.0,72.95380332110884,51.26580009604926,48.38029384697541,52.65068030521642,54.02383587447056,30.13941766472299,36.92393884591668
13,Prov. Aceh,Kab. Aceh Besar,L,Profesi,33,120.0,27.96950926048901,103.94549913965855,77.3928762640073,67.8558449380673,82.44612369833364,92.41705167396896,89.85739797919716
14,Prov. Aceh,Kab. Aceh Besar,L,S1,339,4502.0,1049.3227557560126,612.3341180373345,530.648867672013,517.9664618193002,674.0825649663217,671.9178938864309,594.4634331330701
15,Prov. Aceh,Kab. Aceh Besar,L,S2,10,94.0,21.90944892071639,22.68457967837023,20.11181398951011,18.50441045548861,32.02632532780362,17.630917507331322,22.673893808252796
16,Prov. Aceh,Kab. Aceh Besar,P,D3,1119,4509.0,1050.9543104628744,1252.8063614101345,1141.0870310967794,1161.4911541941576,1420.531501416891,871.6794287681571,933.695736165831
17,Prov. Aceh,Kab. Aceh Besar,P,D4,460,1573.0,366.6336505562434,277.74689243956726,257.8690765207385,277.215950141266,344.42840413402826,446.3955632960155,493.0913445481977
18,Prov. Aceh,Kab. Aceh Besar,P,Profesi,96,331.0,77.14922971018218,377.29683196035666,294.12035359701093,276.0788592677351,271.3169312003154,301.36199264669517,290.2860875416608
19,Prov. Aceh,Kab. Aceh Besar,P,S1,480,3582.0,834.8898514255969,643.0321423973757,586.5226439371353,617.0357555107962,720.7350460346678,689.4095371689579,621.9340833053543
20,Prov. Aceh,Kab. Aceh Besar,P,S2,3,18.0,4.195426389073352,5.769801505732516,5.371480829031785,5.3109942388253275,6.990977873488601,4.253486992393273,5.611985061198427
21,Prov. Aceh,Kab. Aceh Jaya,L,S1,9,106.0,24.70639984676529,19.048946463034184,15.03881568786769,16.15401975521553,12.877653245459959,20.038409882996678,15.077256686120846
22,Prov. Aceh,Kab. Aceh Jaya,P,S1,40,149.0,34.72880733177385,31.031474138231633,24.652605650101986,26.933202731276086,21.15165282839972,16.850062407325346,17.778237476759454
23,Prov. Aceh,Kab. Aceh Selatan,L,S1,20,435.0,101.38947106927266,57.377841903155236,49.4086922431897,45.23507409662354,45.880142679324514,55.84329374333354,50.76808102677854
24,Prov. Aceh,Kab. Aceh Selatan,P,S1,72,433.0,100.92331258159784,56.9271955716027,47.06017713499114,41.23505389169766,33.6392757974497,49.034275669195345,43.91597864064873
25,Prov. Aceh,Kab. Aceh Singkil,L,D3,7,28.0,6.526218827447435,7.398114380203375,6.474892202405975,6.669629622803689,6.731842935208267,7.368855548697331,8.201172904073003
26,Prov. Aceh,Kab. Aceh Singkil,L,S1,46,515.0,120.03581057626533,59.99516945635866,46.385507645967905,42.00159278270354,43.389718849455384,49.73785814004325,34.11983973442523
27,Prov. Aceh,Kab. Aceh Singkil,P,D3,40,108.0,25.172558334440108,33.47309278754965,29.591488807353564,31.154133181974483,29.15098806196876,33.659630898131326,34.03276076238086
28,Prov. Aceh,Kab. Aceh Singkil,P,S1,94,619.0,144.2760519353558,85.9388603787332,67.38857353835384,62.69707402802632,71.51661416036262,87.95632229431506,73.90369974257366
29,Prov. Aceh,Kab. Aceh Tamiang,L,S1,93,1664.0,387.8438617454476,261.7383910773759,203.08088256747473,205.1778236230867,251.49081816960177,261.81906248779865,252.45998106256178
30,Prov. Aceh,Kab. Aceh Tamiang,P,S1,51,1282.0,298.80759059955756,198.14922240310506,146.9389449421871,141.26779929028845,226.23530200545096,208.0737578648657,219.49692613017982
31,Prov. Aceh,Kab. Aceh Tengah,L,D4,11,48.0,11.187803704195604,5.1699285636460335,4.319348654450925,3.886841321865931,7.288051483702891,9.40817924415323,9.868375636268208
32,Prov. Aceh,Kab. Aceh Tengah,L,Profesi,346,70.0,16.31554706861859,94.79474646345354,81.88487114239763,84.1938876338501,134.6108599539207,88.02260240330811,97.15908814014578
33,Prov. Aceh,Kab. Aceh Tengah,L,S1,209,2486.0,579.4350001797973,226.69721730657903,174.4304261269876,141.32740304831384,108.73500160865548,202.24895659043003,216.96569798100452
34,Prov. Aceh,Kab. Aceh Tengah,L,S2,3,207.0,48.24740347434354,44.01489222197687,37.85187282818279,32.405785654532,39.098223101995266,53.338910075206016,71.72940266494379
35,Prov. Aceh,Kab. Aceh Tengah,P,D4,5,14.0,3.2631094137237175,1.834324446112795,1.5656738061767363,1.4612774947513152,1.4234857593826964,3.0727624455291536,3.0012373742845853
36,Prov. Aceh,Kab. Aceh Tengah,P,Profesi,1010,146.0,34.02956960026163,229.55918152579164,199.65629954707387,208.9501662404833,278.3968977961169,165.33946877524872,163.11023532542333
37,Prov. Aceh,Kab. Aceh Tengah,P,S1,246,2611.0,608.5699056594734,294.8518281434701,233.07203967481868,197.27539498333226,148.26783633259757,226.43534556324127,288.8492942579095
38,Prov. Aceh,Kab. Aceh Tengah,P,S2,13,260.0,60.60060339772619,76.58370254995411,70.07037231883,65.56772201518326,50.77820064429669,78.37207545946538,85.65345196946332
39,Prov. Aceh,Kab. Aceh Tenggara,L,Profesi,9,47.0,10.954724460358195,67.50179243859428,54.29207437158603,58.776554797733645,60.94688503357796,33.979242655079965,31.95601055479972
40,Prov. Aceh,Kab. Aceh Tenggara,L,S1,453,2651.0,617.8930754129697,418.3049654186241,349.1833853923773,362.93598588667885,492.33965583411117,402.0394846123125,375.8470939019443
41,Prov. Aceh,Kab. Aceh Tenggara,P,D3,53,186.0,43.35273935375796,62.77060479574553,56.04252924218927,62.1248477041606,73.50977510610083,57.419699201980706,52.0228755097253
42,Prov. Aceh,Kab. Aceh Tenggara,P,Profesi,6,62.0,14.450913117919322,97.76844082762295,77.80582841772602,83.82468022900821,82.25253947569033,47.84380710940983,54.76334484567439
43,Prov. Aceh,Kab. Aceh Tenggara,P,S1,472,2554.0,595.2843887607411,474.42302529595406,400.4704940643985,426.0426316377071,585.8052709046857,453.8162790203979,452.81924720210367
44,Prov. Aceh,Kab. Aceh Timur,L,D3,2,140.0,32.63109413723718,19.015666232290823,13.686352740307278,10.572412598731866,16.397172635786653,19.334961013220347,17.408063049611926
45,Prov. Aceh,Kab. Aceh Timur,P,D3,10,226.0,52.6759091072543,36.731807324877586,26.870517979658565,21.38595398832419,25.667005715189404,35.51450854843604,36.44905636067481
46,Prov. Aceh,Kab. Aceh Utara,L,D3,6,14.0,3.2631094137237175,4.177224739779061,3.601640576553323,3.1505184817350145,3.9574823574486784,2.975030555581238,3.2139327643273776
47,Prov. Aceh,Kab. Aceh Utara,L,Profesi,293,363.0,84.60776551297926,602.1543345025607,488.58368943554893,445.5394315956141,1005.8531186529102,1001.6299566651545,825.0231958615188
48,Prov. Aceh,Kab. Aceh Utara,L,S1,1630,8837.0,2059.721277791178,1799.4353883400054,1570.2060631471927,1439.3529589294355,1409.1269358994923,1393.0841920230794,1318.6369983265113
49,Prov. Aceh,Kab. Aceh Utara,L,S2,119,401.0,93.46477677880077,139.54092339676694,123.39112832304876,105.30566601399993,169.55439659946902,100.28778015493458,110.27207690805062
50,Prov. Aceh,Kab. Aceh Utara,P,D3,36,68.0,15.849388580943772,25.210454378145776,22.35421283787052,20.45543645308145,30.323809516227925,22.764412131784983,22.111181413584386
51,Prov. Aceh,Kab. Aceh Utara,P,Profesi,1095,1255.0,292.51445101594754,2317.571819189932,1868.657284992042,1705.2547153333658,3603.4982532703552,1605.974948790801,1940.3558327213036
52,Prov. Aceh,Kab. Aceh Utara,P,S1,2965,13121.0,3058.232758390636,3090.708184634128,2711.641239041637,2525.420235482004,2475.710038579066,2591.648610776061,2439.94584856269
53,Prov. Aceh,Kab. Aceh Utara,P,S2,91,283.0,65.96142600598658,120.54337121885932,109.10848172056821,96.82031370504694,118.63135291621705,100.19377445437628,109.31088061734286
54,Prov. Aceh,Kab. Bener Meriah,L,S1,7,176.0,41.02194691538388,27.17292211136433,21.879498949764848,22.129035379312867,29.232610756567986,37.33573104215299,30.784966476366634
55,Prov. Aceh,Kab. Bener Meriah,P,S1,11,616.0,143.57681420384358,105.36836457277313,84.18338297631448,85.04008693704982,117.40484915777394,96.85903923619463,90.2309867140425
56,Prov. Aceh,Kab. Bireuen,L,D3,8,24.0,5.593901852097802,4.642999413097346,3.86896933807358,3.532624393139004,4.04089691317769,3.9674181561589563,4.565355335753839
57,Prov. Aceh,Kab. Bireuen,L,Profesi,906,510.0,118.87041435707829,713.5184341398889,607.4063838915587,642.8747488959303,652.799025293099,680.4658041711613,614.7766088292334
58,Prov. Aceh,Kab. Bireuen,L,S1,824,8373.0,1951.5725086506206,1138.2952106944456,967.8722948220519,935.9609599843279,907.9045888605309,774.9637122338069,817.1450572446322
59,Prov. Aceh,Kab. Bireuen,L,S2,180,655.0,152.6669047135025,187.9664207149671,173.16523538033485,169.97835786602806,194.5658407224056,152.32263710485304,160.1176128553575
60,Prov. Aceh,Kab. Bireuen,P,D3,87,293.0,68.29221844436067,61.78575428347236,50.82669306159447,46.048200551912174,50.0549456355905,46.66990840185916,44.67926988821745
61,Prov. Aceh,Kab. Bireuen,P,Profesi,4079,2418.0,563.5856115988536,3796.9743938543957,3220.2387738861466,3422.024376761339,2911.079500465274,2172.875316221426,2342.437435634865
62,Prov. Aceh,Kab. Bireuen,P,S1,1559,10540.0,2456.6552300462845,1727.4379583103578,1496.353055842706,1495.3618209956599,1631.8678142696929,1397.0334026742635,1522.4196319167838
63,Prov. Aceh,Kab. Bireuen,P,S2,243,607.0,141.4791010093069,181.81824282345022,163.13510012337667,156.1363938766639,180.3300099192555,166.0216147513082,175.24195314261388
64,Prov. Aceh,Kab. Nagan Raya,L,S1,182,458.0,106.75029367753305,89.50447754786724,72.53658778944529,80.5965207822941,57.954982749884955,46.58892747026269,44.858589162380696
65,Prov. Aceh,Kab. Nagan Raya,P,S1,117,377.0,87.87087492670297,80.8928592964738,64.86566254732367,71.72426628410167,57.917417744120606,45.54114445306865,48.6448597870251
66,Prov. Aceh,Kab. Pidie,L,D3,25,117.0,27.270271528976785,29.846991400618094,27.408023221815323,28.16856497174782,29.718743823181544,40.21838469466014,41.52975979553699
67,Prov. Aceh,Kab. Pidie,L,Profesi,25,29.0,6.759298071284844,32.90061200862738,26.517269151554842,25.96357085475984,33.84439711472455,16.606119717017908,18.966637268920238
68,Prov. Aceh,Kab. Pidie,L,S1,316,2120.0,494.1279969353058,263.39977867673053,220.11261465964003,206.64627375166225,343.8126960323042,266.5085493748673,239.77500039812193
69,Prov. Aceh,Kab. Pidie,P,D3,80,223.0,51.97667137574208,69.31353327163986,65.11918426793441,69.54136539533656,75.64895535786759,61.398830253873584,55.18485367814423
70,Prov. Aceh,Kab. Pidie,P,Profesi,130,115.0,26.804113041301967,160.53580128871482,132.65933783643317,135.34083857442374,143.7939759119723,109.46456467769436,94.5321901653643
71,Prov. Aceh,Kab. Pidie,P,S1,597,3464.0,807.3865006527827,553.6998694544209,481.04577859604615,479.1056146897337,651.5853416596174,533.8827458368361,557.9259500850535
72,Prov. Aceh,Kab. Pidie Jaya,L,S1,127,456.0,106.28413518985823,86.28824546795337,78.77924361182264,83.00731042150768,68.24672347685495,68.38716412338673,61.08312845296359
73,Prov. Aceh,Kab. Pidie Jaya,P,S1,35,184.0,42.88658086608315,37.41979475105546,33.57781084728041,34.905961115405276,31.687540850489864,31.310185616117913,43.92083577504706
74,Prov. Aceh,Kab. Sabussalam,P,D3,32,91.0,21.210211189204166,30.750824858088933,26.674166492335655,29.042541841683306,26.4801184658314,20.187449852053287,23.274573068175922
75,Prov. Aceh,Kab. Sabussalam,P,S1,5,384.0,89.50242963356483,50.251228404588005,36.927151791897835,33.48215183494572,41.280056807782984,42.23823317371895,39.85086521833275
76,Prov. Aceh,Kota Banda Aceh,L,D3,289,1730.0,403.22709183871655,403.7231124831748,377.6417383008191,371.22351000301074,393.00427161413904,365.77454728441967,408.0908311016009
77,Prov. Aceh,Kota Banda Aceh,L,D4,16,158.0,36.82652052631053,27.050828473073427,26.86325340770942,29.397382445914385,26.62486871358553,27.232007226233172,28.392422511229448
78,Prov. Aceh,Kota Banda Aceh,L,Profesi,4620,4200.0,978.9328241171153,5433.809080479786,4752.601820521883,4830.677248579559,7921.399524003027,5210.140573227788,5368.339618983061
79,Prov. Aceh,Kota Banda Aceh,L,S1,4628,31757.0,7401.897546544579,5015.487590915664,4726.213259020588,4839.818736530133,5111.900528130377,4856.437497771398,4781.426383046954
80,Prov. Aceh,Kota Banda Aceh,L,S2,522,1474.0,343.55880541634,453.0391773803838,448.93455424373724,449.0335962011683,474.90150290126877,398.2818162296474,441.7190526974284
81,Prov. Aceh,Kota Banda Aceh,L,S3,87,603.0,140.54678403395727,86.35540861627173,88.22260963582663,114.53769013141911,91.82061103527964,134.51361751255706,136.52226301160533
82,Prov. Aceh,Kota Banda Aceh,L,Sp-1,31,284.0,66.19450524982399,55.80473121319134,64.48086611827897,94.89163408460875,87.27206265945772,73.82812073668204,56.61776431829684
83,Prov. Aceh,Kota Banda Aceh,P,D3,472,2291.0,533.9845476315027,632.7862385942209,597.8883057745369,600.7498885779657,639.7941581235362,515.083403217552,578.9346074654063
84,Prov. Aceh,Kota Banda Aceh,P,D4,53,334.0,77.84846744169441,66.69707260643563,66.75355837515946,74.44845074781428,67.21214429858854,56.81058518690111,67.8677534899638
85,Prov. Aceh,Kota Banda Aceh,P,Profesi,11977,11730.0,2734.019530212801,16529.41655053191,14268.84177852794,14386.37041530972,23330.946787568544,10535.790558965595,11606.425773936011
86,Prov. Aceh,Kota Banda Aceh,P,S1,8610,42119.0,9817.064671187805,8050.43867343847,7763.389599023565,8263.076875006956,8211.365450555304,7528.9326885647315,7604.995147643899
87,Prov. Aceh,Kota Banda Aceh,P,S2,655,1663.0,387.6107825016102,630.8688389045726,641.5728738619731,669.4806865869826,599.4985053297646,557.9311542752413,652.9280809184148
88,Prov. Aceh,Kota Banda Aceh,P,S3,50,360.0,83.90852778146703,62.71514077176239,65.45637347694905,88.13947069651783,58.339884453928725,78.230057495551,65.60079749590152
89,Prov. Aceh,Kota Banda Aceh,P,Sp-1,26,263.0,61.29984112923841,56.5019487042945,64.51233668010029,94.31737882443358,47.844983721202844,61.13572864748801,52.25944339714763
90,Prov. Aceh,Kota Langsa,L,D3,3,16.0,3.7292679013985346,2.6072746488548524,2.0914884053623983,1.804248882411079,2.421459654508455,2.6700540149665373,2.7850156618646325
91,Prov. Aceh,Kota Langsa,L,Profesi,726,481.0,112.11111628579344,681.0340304845155,591.0208537826068,636.4280421931347,685.0008595686869,557.54689782989,576.029074860565
92,Prov. Aceh,Kota Langsa,L,S1,633,5825.0,1357.686595352904,773.3018095892073,663.8119295489417,644.9219044705688,711.1331548908629,720.9531713928046,734.4528189735187
93,Prov. Aceh,Kota Langsa,L,S2,54,169.0,39.39039220852202,47.10562648899824,43.67594711763844,42.90185833871394,53.56587728594788,47.534878671934685,48.287301981922695
94,Prov. Aceh,Kota Langsa,P,D3,60,223.0,51.97667137574208,52.590473371964386,45.50080087929821,43.66638271383082,52.26329594861007,33.457416527798735,41.4599370957246
95,Prov. Aceh,Kota Langsa,P,Profesi,1421,595.0,138.682150083258,920.6232139914346,789.348283198527,844.2689235070311,855.8512443712892,628.6046081174753,604.0600209795687
96,Prov. Aceh,Kota Langsa,P,S1,1587,10325.0,2406.543192621242,1765.1175944521585,1576.0962650798613,1625.5583539306022,1752.7757254612247,1613.6844148228956,1616.69265454181
97,Prov. Aceh,Kota Langsa,P,S2,42,133.0,30.999539430375318,45.99290728740454,43.83498750971984,45.01492737315285,50.644086111138755,48.328818907934036,48.69173829116236
98,Prov. Aceh,Kota Lhokseumawe,L,D3,234,1268.0,295.5444811858339,264.8331091279602,234.09707021737913,224.35775148650848,277.39754150759364,242.3196867689153,285.82876788897954
99,Prov. Aceh,Kota Lhokseumawe,L,D4,304,2281.0,531.6537551931286,347.80603672920046,326.365594970994,348.16061479298537,314.9131947000317,414.18355535674254,412.59531965430966
100,Prov. Aceh,Kota Lhokseumawe,L,Profesi,106,231.0,53.84130532644134,166.0854323113739,118.11375860184565,96.38720027433348,121.06292284157172,151.63913083110137,195.3896384120155
101,Prov. Aceh,Kota Lhokseumawe,L,S1,148,2242.0,522.5636646834697,333.2720304096875,300.5112547056904,304.945607849733,350.1116067757221,335.7158111300776,315.4637585539375
102,Prov. Aceh,Kota Lhokseumawe,P,D3,288,1188.0,276.89814167884117,333.1071728909189,309.3094358844977,318.75000673815873,366.0511865388367,299.45532006651405,292.934524846545
103,Prov. Aceh,Kota Lhokseumawe,P,D4,212,1685.0,392.73852586603317,316.9960305023135,304.4610133432363,337.7108099125786,320.79511594053713,432.0917588886816,480.4448970712214
104,Prov. Aceh,Kota Lhokseumawe,P,Profesi,392,681.0,158.72696505327514,686.2214292182856,521.1043163754757,466.98957379019987,448.32286950603714,498.624589007404,558.245124754481
105,Prov. Aceh,Kota Lhokseumawe,P,S1,315,5541.0,1291.49209010308,950.0564416488136,861.5275909429619,888.4725923498956,1041.9059973972428,942.309831761011,968.0093241860255
106,Prov. Aceh,Kota Lhokseumawe,P,S2 Terapan,6,13.0,3.0300301698863095,5.523081218466638,4.910412372567842,4.449862447402816,5.923966614639701,3.8862551105428107,4.814529463450071
107,Prov. Aceh,Kota Sabang,L,D3,3,7.0,1.6315547068618588,2.1764307649642336,1.8413315483478645,2.047340801761238,2.6950170134225417,2.937369989236294,1.6805202293949624
108,Prov. Aceh,Kota Sabang,P,D3,26,85.0,19.811735726179716,29.017186059924825,24.290404336167914,26.877258912210003,29.117649774687553,20.446925309366865,19.630588434018573
109,Prov. Bali,Kab. Badung,L,D1,17,20.0,4.661584876748169,18.95231627046258,7.394373170955058,7.169751845939123,21.575796023917064,11.922209649291194,14.997086507864768
110,Prov. Bali,Kab. Badung,L,D2,29,63.0,14.68399236175673,33.967057995986444,25.396882178848468,22.786909057407403,40.32835494258823,21.292276402339358,23.61015028225003
111,Prov. Bali,Kab. Badung,L,D3,257,3251.0,757.7406217154147,1128.3033514536207,1018.290207407326,999.9219066992704,687.8681492535381,728.6750829942769,721.666128763992
112,Prov. Bali,Kab. Badung,L,D4,201,3485.0,812.2811647733683,714.382255537797,642.767148219138,647.7517754154641,537.3897556881722,701.7484203161373,710.8511792946065
113,Prov. Bali,Kab. Badung,L,Profesi,542,766.0,178.53870077945484,1130.4991026306654,883.027932625324,811.2400095460977,2053.985668812262,1305.496416165446,1183.9214388889773
114,Prov. Bali,Kab. Badung,L,S1,2281,13874.0,3233.7414290002043,2525.405850799128,2141.463258677977,2001.4543093799618,2072.318813996872,2395.5165260905314,2270.119804150211
115,Prov. Bali,Kab. Badung,L,S2,322,1188.0,276.89814167884117,430.05299596024827,384.3974333902878,352.0263690442148,366.4468623737889,350.55681009632696,377.2614140611916
116,Prov. Bali,Kab. Badung,L,S2 Terapan,16,91.0,21.210211189204166,39.84904383868054,32.65547751740366,26.32767760400409,25.70919560835998,29.10098816607436,31.448591020203654
117,Prov. Bali,Kab. Badung,L,S3,90,445.0,103.72026350764675,82.54309049712359,78.35588847090084,96.78209069052537,74.47674370371645,75.67640748669788,71.13406042019011
118,Prov. Bali,Kab. Badung,L,Sp-1,164,762.0,177.6063838041052,166.38882732370732,170.29862082745055,224.13984781066247,135.5663321064077,165.80174028015261,160.28312731945186
119,Prov. Bali,Kab. Badung,P,D1,5,8.0,1.8646339506992673,8.323612217334698,3.2132404082908494,3.1005451748733583,6.560357517824372,3.791591033048806,5.793314154725455
120,Prov. Bali,Kab. Badung,P,D2,37,56.0,13.05243765489487,33.15087247707791,24.5250412186467,21.898120649814572,27.47972864604006,14.403851221538863,15.29405237046951
121,Prov. Bali,Kab. Badung,P,D3,173,2224.0,518.3682382943963,848.3749068855968,757.833775221618,740.8867679820034,477.9884272069518,497.3861871112521,597.2369237168921
122,Prov. Bali,Kab. Badung,P,D4,246,3859.0,899.452801968559,912.7029983162057,825.3552415027847,844.6335289839548,690.9384033516211,887.6199375678149,832.4435946655558
123,Prov. Bali,Kab. Badung,P,Profesi,1333,1764.0,411.15178612918845,2928.5447501913723,2280.519506452864,2105.4564693590746,4490.914698173462,2296.073963880253,1744.505100152333
124,Prov. Bali,Kab. Badung,P,S1,3895,19875.0,4632.449971268492,4271.893257565176,3663.844664143698,3505.953084859892,3395.597518829417,3804.367140943909,3780.9374621868983
125,Prov. Bali,Kab. Badung,P,S2,446,1315.0,306.4992056461921,588.2778773745275,539.8462667814989,516.0360394030774,406.1979871933663,389.47419662854105,426.1893804150405
126,Prov. Bali,Kab. Badung,P,S2 Terapan,10,88.0,20.51097345769194,45.431530874676824,37.66504489462595,31.099824161281507,26.80196976478049,26.928448356860883,33.49923508836793
127,Prov. Bali,Kab. Badung,P,S3,106,355.0,82.74313156227998,77.47225213183602,74.35304106608176,93.9769764130997,54.86972016137296,83.37206938481361,67.38333021045204
128,Prov. Bali,Kab. Badung,P,Sp-1,128,601.0,140.08062554628245,143.09146381572154,144.59398487314078,188.85651242631218,110.73011865859998,151.7019147311321,148.63448115301603
129,Prov. Bali,Kab. Bangli,L,S1,79,336.0,78.31462592936923,52.853386123781036,45.36892896396906,45.40688408468536,57.69627638536347,46.28709264892828,38.045971499181746
130,Prov. Bali,Kab. Bangli,P,S1,151,659.0,153.59922168885214,121.24996668491244,105.03587208530581,107.31924520239286,136.32347749905068,107.97481145827578,106.32755753609815
131,Prov. Bali,Kab. Buleleng,L,D3,39,162.0,37.75883750166016,50.109877873424516,44.52954397650733,43.406532610063856,38.25896684494673,40.30292792151684,38.93786951741277
132,Prov. Bali,Kab. Buleleng,L,D4,70,292.0,68.05913920052326,56.576712397578504,52.29252337509491,55.224393151850116,52.53766992464192,46.213127857402135,45.39497193891557
133,Prov. Bali,Kab. Buleleng,L,Profesi,5424,4654.0,1084.7508008192988,7235.337808469001,5859.116420129479,5711.613743779423,6053.5102927058,5752.300064538408,5580.096190863032
134,Prov. Bali,Kab. Buleleng,L,S1,1183,7197.0,1677.4713178978284,1320.190806281111,1168.8736057928488,1169.2770980951236,1253.8994280099516,1193.8539739424762,1131.987361608814
135,Prov. Bali,Kab. Buleleng,L,S2,219,863.0,201.14738743168346,312.52634543714277,291.50116877847245,285.4965520473704,273.9568408024627,205.71608541427395,232.6137691904751
136,Prov. Bali,Kab. Buleleng,L,S3,27,287.0,66.89374298133622,52.09115550715841,51.307056874462084,67.27565251343057,45.23645230379441,52.34220508434675,52.31630436303362
137,Prov. Bali,Kab. Buleleng,P,D3,129,354.0,82.51005231844258,124.81053556604392,112.27609332089769,112.14665338541992,94.53523475099811,113.03018705515123,121.19926130884592
138,Prov. Bali,Kab. Buleleng,P,D4,77,276.0,64.32987129912472,59.859919150445016,55.51005211247661,59.3852958586349,59.774426916215724,52.82887608288412,61.113104988907914
139,Prov. Bali,Kab. Buleleng,P,Profesi,11344,9683.0,2256.9063180776257,16661.362499076513,13383.270925750752,13025.205395883911,15039.134224274787,9494.184491646285,9964.744689091169
140,Prov. Bali,Kab. Buleleng,P,S1,2251,11943.0,2783.6654091501687,2532.303251029574,2248.287533293883,2277.3697578870974,2267.507395843369,2654.5284196913526,2205.072139202095
141,Prov. Bali,Kab. Buleleng,P,S2,311,1058.0,246.5978399799781,438.46066680154206,412.429956109222,411.936059093202,349.12691026670814,305.76481774098164,375.30480828537935
142,Prov. Bali,Kab. Buleleng,P,S3,28,241.0,56.172097764815426,48.77688478904129,47.994110094201346,63.401183322853726,37.952641664990345,46.553294148057994,40.26110579877081
143,Prov. Bali,Kab. Gianyar,L,D3,91,217.0,50.578195912717625,66.35364378363263,60.05600673017208,64.84853238260163,51.67923703860377,52.377715521550314,42.00292471646446
144,Prov. Bali,Kab. Gianyar,P,D3,78,175.0,40.78886767154647,59.58944738276116,53.600571987913426,57.927023825372494,49.71341836882242,41.76344315725335,41.70499752830063
145,Prov. Bali,Kab. Jembrana,L,D3,101,211.0,49.17972044969318,59.76121255955128,55.88236327795617,57.48826272988498,55.59029034222617,39.85288734597223,42.32670507370225
146,Prov. Bali,Kab. Jembrana,L,S1,13,52.0,12.120120679545238,10.12450001645631,9.594285613226923,10.360962853782443,12.350646726659232,9.482151015630484,8.130576532205694
147,Prov. Bali,Kab. Jembrana,P,D3,64,160.0,37.29267901398535,54.23281738715395,51.545674426586686,54.63676896373683,55.74297152500345,33.51085481535801,36.13942849919338
148,Prov. Bali,Kab. Jembrana,P,S1,22,65.0,15.150150849431547,13.89546712073933,13.028803079532375,14.00180668453519,17.143656172738748,18.237470888011323,14.636639193917228
149,Prov. Bali,Kab. Karang Asem,L,S1,115,390.0,90.90090509658928,66.83427564870085,54.56877372782141,56.64465266277993,65.08352409431718,54.719295799302785,55.695874914796725
150,Prov. Bali,Kab. Karang Asem,P,S1,241,751.0,175.0425121218937,158.47403917540467,132.69137102070601,143.56219901322945,131.30296877330616,150.35002632301754,157.04678051299578
151,Prov. Bali,Kab. Tabanan,L,D3,16,61.0,14.217833874081913,19.044861201584084,17.44524205064587,18.534615778236706,17.846022613859127,16.265990264282397,17.072263824626237
152,Prov. Bali,Kab. Tabanan,L,D4,5,55.0,12.819358411057463,9.833396546479568,8.887868523306782,9.56267362837352,9.839063934079753,12.170314574248911,10.858945878641402
153,Prov. Bali,Kab. Tabanan,L,Profesi,711,382.0,89.03627114589001,560.9606266930032,458.96098658568053,475.16825052289374,637.3549692088023,340.5429829726034,355.9292687172682
154,Prov. Bali,Kab. Tabanan,L,S1,199,861.0,200.68122894400864,142.4090565983126,122.47126852372523,123.73365857034807,134.71134601138357,137.24829483429204,126.02351848079088
155,Prov. Bali,Kab. Tabanan,P,D3,32,118.0,27.503350772814194,39.671045925961906,35.737821233330244,37.490310995781094,38.376508150145725,40.525093220006134,39.4485057302177
156,Prov. Bali,Kab. Tabanan,P,D4,5,87.0,20.27789421385453,16.209221079702374,14.261484984748337,14.9514979446803,16.814427123023023,15.332293990896472,14.692710679045842
157,Prov. Bali,Kab. Tabanan,P,Profesi,1892,996.0,232.1469268620588,1615.652695144783,1310.4031084367894,1353.411372158777,1771.7492101283135,1298.6023662804107,1243.6180944544053
158,Prov. Bali,Kab. Tabanan,P,S1,198,772.0,179.9371762424793,147.16143836578914,127.3123696434558,130.76440198650113,135.88477691938215,138.4408790781962,147.05164680380017
159,Prov. Bali,Kota Denpasar,L,D3,371,1620.0,377.5883750166016,448.3765879933999,446.76792170706335,445.4390626781166,411.93773653376735,369.0886454240346,381.31920299739596
160,Prov. Bali,Kota Denpasar,L,D4,327,1681.0,391.80620889068354,279.80779723188596,281.2274912542379,292.09717340443535,257.11166238248217,316.088622347767,283.4389470399385
161,Prov. Bali,Kota Denpasar,L,Profesi,2336,1603.0,373.6260278713657,2263.302458519301,2061.6541938525615,2064.181901789811,1143.3395546175102,1338.8578176571764,1666.5601609053415
162,Prov. Bali,Kota Denpasar,L,S1,5126,35608.0,8299.48571456244,5521.690886599455,5246.829269367674,5076.2361469069,5567.291814676737,5672.124171926734,5449.687944469597
163,Prov. Bali,Kota Denpasar,L,S2,595,2060.0,480.14324230506134,707.6424498168593,735.7669887021704,731.9297277551975,672.7386151646587,590.8873654884877,683.6952791956273
164,Prov. Bali,Kota Denpasar,L,S2 Terapan,9,32.0,7.458535802797069,14.52867511894188,14.23770596347833,12.92254016856026,17.434817519016793,7.789508489721352,7.265611896919407
165,Prov. Bali,Kota Denpasar,L,S3,43,442.0,103.02102577613452,77.10746326170062,84.90658774868366,113.50906217367972,66.89220749642142,89.88942735877858,87.47855058025631
166,Prov. Bali,Kota Denpasar,P,D3,775,2366.0,551.4654909193083,792.875701211402,805.1794286519656,830.0686015288381,729.5179565091474,615.5273465781435,679.1071961890726
167,Prov. Bali,Kota Denpasar,P,D4,1036,3628.0,845.6114966421177,763.2467675338075,789.5102118371522,858.7517597628787,748.0809667363849,931.5731070174368,844.8497405572717
168,Prov. Bali,Kota Denpasar,P,Profesi,5054,3193.0,744.222025572845,5093.234620821423,4631.585603725541,4668.264446310766,2448.978150369866,4898.150193141294,5618.01438669827
169,Prov. Bali,Kota Denpasar,P,S1,5950,31884.0,7431.49861051193,6029.329551418031,5848.035445650798,5861.920720826728,6215.660084231609,6093.305447822841,6392.0191528647365
170,Prov. Bali,Kota Denpasar,P,S2,465,1458.0,339.8295375149415,592.475454816848,623.8757782485753,636.476602772066,505.09757549640483,419.27186673169126,482.25779026753565
171,Prov. Bali,Kota Denpasar,P,S2 Terapan,9,20.0,4.661584876748169,9.970009733568148,9.667226658684614,8.731761317302027,8.846304657513565,8.012691666788097,7.8612356732020245
172,Prov. Bali,Kota Denpasar,P,S3,22,187.0,43.58581859759537,36.57091522847932,40.10446562493556,53.80437018445744,28.873295122018735,27.27117043667252,21.830904360592175
173,Prov. Bangka Belitung,Kab. Bangka,L,D2,3,4.0,0.9323169753496336,1.827446010524279,1.4351980328743958,1.4211267784377128,2.074887918299901,1.5898745591460985,1.9789681873742195
174,Prov. Bangka Belitung,Kab. Bangka,L,D3,281,485.0,113.04343326114308,132.40037282166224,126.46242510317707,138.28945569550626,119.40292926488628,126.92526941961903,116.0553267746282
175,Prov. Bangka Belitung,Kab. Bangka,L,D4,171,604.0,140.77986327779468,104.38766302357939,100.78278074277976,115.15809662018444,102.55295927739637,99.92531825238207,83.00574330336981
176,Prov. Bangka Belitung,Kab. Bangka,L,S1,560,5089.0,1186.1402718885713,886.8350417843467,820.6557810177377,889.312052920098,856.2090905909249,727.1414380928709,688.3452759526087
177,Prov. Bangka Belitung,Kab. Bangka,L,S2,68,173.0,40.32270918387165,57.431183297960835,55.26748145041326,57.66751341692675,50.877252315156596,53.67168561859901,54.96411051786079
178,Prov. Bangka Belitung,Kab. Bangka,P,D2,15,24.0,5.593901852097802,12.038859833264205,9.355024840873513,9.21845247321364,10.257416507665033,6.070946051527731,9.360186943883662
179,Prov. Bangka Belitung,Kab. Bangka,P,D3,138,309.0,72.0214863457592,100.01051078030176,94.47956055929296,102.82316401743496,101.97317101244006,74.50055176642758,81.40716665311487
180,Prov. Bangka Belitung,Kab. Bangka,P,D4,83,237.0,55.23978078946579,46.713612781016096,44.96465526264067,51.639080857225366,52.57607535297736,37.424623943239865,38.148235156781276
181,Prov. Bangka Belitung,Kab. Bangka,P,S1,1085,7777.0,1812.6572793235252,1529.5070177589373,1413.4289692878756,1542.5411835983825,1554.3181281168231,1431.9847569967721,1379.0752237051618
182,Prov. Bangka Belitung,Kab. Bangka,P,S2,55,147.0,34.26264884409904,57.41467892036173,55.860989401248574,59.644760995707664,47.77866820317379,43.519995552336425,36.15563844867729
183,Prov. Bangka Belitung,Kab. Bangka Tengah,L,D3,20,93.0,21.67636967687898,28.026365006082074,25.639631176934902,26.80050301046634,20.687939245660434,26.013379818562317,26.485185711705498
184,Prov. Bangka Belitung,Kab. Bangka Tengah,P,D3,167,870.0,202.77894213854532,296.98547638383013,271.4569427823532,285.9488116092124,207.82580415402612,187.5900205550959,251.39732066611663
185,Prov. Bangka Belitung,Kota Pangkalpinang,L,D3,2,8.0,1.8646339506992673,2.1283206291501964,1.996866964372669,2.081912756703259,2.180582294356614,2.564614599747289,1.9270244812578525
186,Prov. Bangka Belitung,Kota Pangkalpinang,L,Profesi,20,25.0,5.82698109593521,31.250944461426293,26.180654181478562,26.587616797892792,26.675014662295155,14.703905453308876,17.980803134854337
187,Prov. Bangka Belitung,Kota Pangkalpinang,L,S1,409,2752.0,641.434079040548,391.36310120434473,345.6696298903636,343.9038671120218,463.5016947304858,399.7192564505277,371.45129985565205
188,Prov. Bangka Belitung,Kota Pangkalpinang,L,S2,102,215.0,50.11203742504281,72.09543278115149,71.07545021546562,74.59784136758559,76.50043195021117,67.61644128141269,71.45457305010342
189,Prov. Bangka Belitung,Kota Pangkalpinang,P,D3,32,55.0,12.819358411057463,11.599589054317041,9.727016314082697,8.84934109514106,11.809579368249755,14.926711131793102,17.729619936122045
190,Prov. Bangka Belitung,Kota Pangkalpinang,P,Profesi,98,123.0,28.668746992001235,174.6493721352068,146.31264853383487,149.90765479782135,149.52114428874958,123.04836792063894,99.48485513591227
191,Prov. Bangka Belitung,Kota Pangkalpinang,P,S1,698,3920.0,913.670635842641,684.201760952813,618.5481015750859,639.8331491189707,836.8011860338313,745.6481166773656,752.535406778428
192,Prov. Bangka Belitung,Kota Pangkalpinang,P,S2,79,174.0,40.55578842770906,66.56297336884994,65.70942006465428,69.7001913493634,67.2652893273083,56.1532088911138,63.4822644007408
193,Prov. Banten,Kab. Lebak,L,D3,67,98.0,25.99120673736786,25.375505371156592,22.27169550988245,22.148764196317334,21.854672360178377,25.63608509701869,27.126417688111182
194,Prov. Banten,Kab. Lebak,L,S1,442,2687.0,712.6364541153821,355.9332835112016,362.69098275277526,351.6736956203039,313.6715413281413,348.3273759454449,349.17176717428646
195,Prov. Banten,Kab. Lebak,L,S2,17,70.0,18.565147669548473,14.869833234057147,16.677323654421546,15.61682706271457,18.400868390014995,15.995907586885622,16.723397085731786
196,Prov. Banten,Kab. Lebak,P,D3,118,235.0,62.32585289062701,73.91818897737767,63.860499114196784,65.69640145274252,79.60192779708098,61.77659413153785,66.44967533949024
197,Prov. Banten,Kab. Lebak,P,S1,742,3167.0,839.9403238494288,515.9777802616956,514.6713810389028,516.9873771424494,523.0953455858464,475.10755921370946,490.9850732026676
198,Prov. Banten,Kab. Lebak,P,S2,4,16.0,4.243462324468222,3.9812236552518034,4.468625792104035,4.309418504497441,3.74318516920276,2.5209064175943294,2.479520165994277
199,Prov. Banten,Kab. Pandeglang,L,S1,592,4968.0,1317.595051747383,557.0259845449707,617.370736664561,580.2943066697986,502.64291196630035,557.3052326531866,563.1363207489229
200,Prov. Banten,Kab. Pandeglang,L,S2,35,252.0,66.8345316103745,52.559501211442225,59.92072232173176,55.39493824661518,70.98374335097448,38.90673204503239,48.37133265152644
201,Prov. Banten,Kab. Pandeglang,P,S1,840,5462.0,1448.6119510153394,802.9976314037357,846.1060993143276,830.4286695248575,607.0844278131964,660.8127289383648,709.2975931732699
202,Prov. Banten,Kab. Pandeglang,P,S2,20,110.0,29.173803480719027,27.03019125949267,30.758580587496976,29.305268078898983,30.74189860021481,20.570660601182205,25.254687418392948
203,Prov. Banten,Kab. Serang,L,D3,218,1074.0,284.8424085299294,297.60750355585066,268.62807671950236,264.4018818618151,268.7954392957459,251.28785666882018,229.4888835403977
204,Prov. Banten,Kab. Serang,L,D4,10,317.0,84.07359730352665,60.58763260585845,59.43499735021504,61.70249989392197,49.52695486558039,62.47434665886542,33.94736340747696
205,Prov. Banten,Kab. Serang,L,Profesi,1226,1277.0,338.68133677161995,1690.8258164306446,1385.9668032218094,1308.7786927147224,1845.968315534592,1549.8084264650886,1354.9295630013844
206,Prov. Banten,Kab. Serang,L,S1,2441,15507.0,4112.710641595545,2358.2094039133726,2392.4796538248333,2316.436407845266,2129.1059467757987,2358.499106195017,2257.0963100589925
207,Prov. Banten,Kab. Serang,L,S2,149,606.0,160.72113553923393,197.61127640247395,193.43211078003608,187.35355315008695,183.95951518555933,162.38189690910596,158.1060346972134
208,Prov. Banten,Kab. Serang,L,S3,17,127.0,33.68248220046652,22.313285756581642,22.145023056467547,27.648705744970925,21.89905589213634,19.510028335218305,17.739008382844656
209,Prov. Banten,Kab. Serang,P,D3,343,1430.0,379.2594452493474,441.04109432772515,407.81913728357654,410.7849182084763,418.66100463599327,381.5240133651885,432.14805412234733
210,Prov. Banten,Kab. Serang,P,D4,15,472.0,125.18213857181256,103.34054888098292,102.488323210947,109.27672816944059,104.50250782565749,108.97250834373855,114.7382706811532
211,Prov. Banten,Kab. Serang,P,Profesi,4721,4748.0,1259.247444785945,7172.666145097475,5954.878595152364,5772.525166740138,8052.287560458721,5233.554073370428,4845.318281119528
212,Prov. Banten,Kab. Serang,P,S1,4183,21260.0,5638.50056363715,4088.1596967490973,4009.2863351398537,4035.0349500399784,4122.100397978545,3704.9089392490664,3743.8616925718943
213,Prov. Banten,Kab. Serang,P,S2,221,512.0,135.7907943829831,197.21521779410187,192.45813542032278,192.17362736923397,162.21923154410325,157.8934553300288,162.69241250798325
214,Prov. Banten,Kab. Serang,P,S3,23,127.0,33.68248220046652,25.879242845307267,25.820154533012367,33.159603814791716,21.17156556373019,21.846259345518593,20.04051138939006
215,Prov. Banten,Kab. Tangerang,L,D3,504,1892.0,501.78941986836725,438.72227995267093,399.2334187658527,406.6783648511869,454.8268058848741,391.5540595774897,421.2199546959473
216,Prov. Banten,Kab. Tangerang,L,D4,154,435.0,115.36913194647978,82.21816307143877,75.35257589454567,82.63730037584025,84.50737348814047,81.53164238111944,72.64718476456622
217,Prov. Banten,Kab. Tangerang,L,Profesi,155,112.0,29.704236271277555,139.40591341623946,109.24978411561762,108.30753764136202,102.1197109799588,122.16027247245583,125.53268237475626
218,Prov. Banten,Kab. Tangerang,L,S1,1982,11077.0,2937.802010508406,1554.2115709609407,1520.3041198265669,1541.8807398723081,1686.4127872227996,2048.9776453136074,1709.6708972351685
219,Prov. Banten,Kab. Tangerang,L,S2,154,895.0,237.3686737749412,223.02823374380452,229.3555016547165,227.38181854472757,259.5874729557486,195.57462937468188,244.42818066197194
220,Prov. Banten,Kab. Tangerang,L,S3,16,157.0,41.63897405884443,17.048208582795315,19.578607169370095,24.378687321778628,24.03388580623787,18.764361669194493,17.479045991060815
221,Prov. Banten,Kab. Tangerang,P,D3,323,997.0,264.4207460934261,254.8238132379503,238.58148608477666,248.43117699084036,268.3704977630119,202.383591447843,208.33058513375332
222,Prov. Banten,Kab. Tangerang,P,D4,39,285.0,75.5866726545902,60.71200897341301,56.67096539375164,63.70420395128587,71.2366443802762,19.74401124899815,34.258975818992184
223,Prov. Banten,Kab. Tangerang,P,Profesi,204,135.0,35.80421336270062,194.46591680136865,153.35787973728947,156.3438388649231,175.9836977568474,129.00989521707822,133.0197602240189
224,Prov. Banten,Kab. Tangerang,P,S1,3012,13089.0,3471.417397810285,2315.965657206147,2192.1293494611427,2310.5219146813074,2615.7343276752154,2882.3330110017714,2413.345504637709
225,Prov. Banten,Kab. Tangerang,P,S2,105,506.0,134.19949601130753,156.14190351396186,156.68095220037006,161.06322150022535,179.28369652467129,141.3427058771904,137.9207936662455
226,Prov. Banten,Kab. Tangerang,P,S3,7,43.0,11.404304997008348,5.35580969526405,6.214589888495872,7.948844252829535,8.558585950415242,7.809113205766213,6.932953797415792
227,Prov. Banten,Kota Cilegon,L,D3,116,484.0,128.36473531516373,133.88582391077242,111.47170628019978,112.32435626725365,127.97090675538062,121.75922375980483,112.31059762162872
228,Prov. Banten,Kota Cilegon,L,D4,10,231.0,61.264987309509955,41.623910891728215,38.6532815110822,40.79724725974735,41.176370542571654,41.11198251395228,24.838747660290334
229,Prov. Banten,Kota Cilegon,L,S1,228,2176.0,577.1108761276782,269.7868253355819,276.9852144935744,267.74556732696607,252.47907804052474,252.93590154327876,260.22619892648135
230,Prov. Banten,Kota Cilegon,P,D3,33,161.0,42.69983963996148,42.50427535035568,38.87745607319778,39.34545963413712,38.07928955073623,41.45983240636145,40.61070353026955
231,Prov. Banten,Kota Cilegon,P,D4,5,103.0,27.31728871376418,21.556021492285474,20.090601960844754,21.829287713832933,34.11999841085357,17.102508348034096,14.531938040089551
232,Prov. Banten,Kota Cilegon,P,S1,367,2040.0,541.0414463696983,317.35961694570847,316.0130895980093,317.2633461693314,304.2690484442227,266.62716312759864,339.4114291333439
233,Prov. Banten,Kota Serang,L,D3,115,567.0,150.37769612334262,116.09351452910691,114.93472075376991,112.17377434321943,127.14857709765182,142.4603259217096,141.81147539406456
234,Prov. Banten,Kota Serang,L,D4,26,111.0,29.43901987599829,20.270626919234935,19.39999995750209,20.610234936819126,22.682015031304505,17.683485625584602,11.535810160225221
235,Prov. Banten,Kota Serang,L,Profesi,559,463.0,122.79519101429918,631.6550483793858,488.0824613651061,476.03488586352034,820.5721964550048,505.1745627061608,646.4924617163539
236,Prov. Banten,Kota Serang,L,S1,1996,17564.0,4658.260766684991,2319.8242818200943,2399.606759310911,2349.0024522469944,2349.9182435417315,2307.000066697505,2209.6781222661
237,Prov. Banten,Kota Serang,L,S2,243,849.0,225.16871959209504,252.05911258906767,246.05823870942803,242.45203548974203,281.9616125833513,161.57425488372493,203.6919721812813
238,Prov. Banten,Kota Serang,L,S3,13,128.0,33.94769859574578,18.829249921365687,19.361073954380977,24.340414240536703,23.572897713682305,21.897241123214016,16.289346627386355
239,Prov. Banten,Kota Serang,P,D3,956,2431.0,644.7410569238905,638.4174681780421,606.9433097849289,616.864961948004,665.615720574144,557.2841732348587,549.9165202976815
240,Prov. Banten,Kota Serang,P,D4,104,550.0,145.86901740359514,114.85074690344995,111.21604811101251,121.32389129388625,154.52191161361267,113.77223476919553,100.87686260038073
241,Prov. Banten,Kota Serang,P,Profesi,1396,844.0,223.84263761569872,1227.8061865223253,990.9498930017753,983.9686440430054,1020.0928761011876,826.1161037260608,935.1738272157257
242,Prov. Banten,Kota Serang,P,S1,3349,20386.0,5406.701434163074,3486.2274994095947,3447.988389945488,3518.9975028484178,3823.3077613520245,3351.7394649181056,3513.7900610312154
243,Prov. Banten,Kota Serang,P,S2,205,557.0,147.72553217055,200.21976275089278,192.68119009764553,196.31988913647754,212.67808053065653,163.55000924375253,173.26779338826083
244,Prov. Banten,Kota Serang,P,S3,3,34.0,9.017357439494972,6.424052645363094,6.339090092993009,8.300462127011746,7.022619658138472,5.536992094329723,4.308954030522954
245,Prov. Banten,Kota Tangerang,L,D3,93,466.0,123.59084020013697,133.4659911535378,117.07022968743475,118.22949523314169,126.71155749443275,115.7472132752979,117.77904472360736
246,Prov. Banten,Kota Tangerang,L,Profesi,69,105.0,27.847721504322706,94.77174870608626,91.2296218888051,84.00739015126767,96.45950946238128,87.07686899657575,90.2859773539686
247,Prov. Banten,Kota Tangerang,L,S1,2437,17946.0,4759.57342968167,2400.5522922725067,2547.208166335938,2480.8923427694053,2088.0910177216965,2376.5450426577727,2338.2789198254486
248,Prov. Banten,Kota Tangerang,L,S2,596,1819.0,482.428623012981,542.6970742805472,545.6362738635387,534.2555453322942,548.8809710666061,495.3092743885832,486.87206710488675
249,Prov. Banten,Kota Tangerang,L,S3,5,62.0,16.44341650731436,11.302760641976187,10.88056760449492,13.946072666841712,11.18341551576921,8.139443341380343,5.860736388691288
250,Prov. Banten,Kota Tangerang,P,D3,211,597.0,158.33418798172053,171.80347146217989,161.72128471429514,165.0708990475932,166.99424090403446,155.67014400754047,163.86392829504206
251,Prov. Banten,Kota Tangerang,P,Profesi,459,631.0,167.35154542121552,663.5563254160971,640.8145482842862,607.3052677554908,589.5217327142752,546.4121766146054,551.0415282275844
252,Prov. Banten,Kota Tangerang,P,S1,3489,18285.0,4849.48178768134,3186.425420587748,3223.9656914615903,3276.083731532638,3542.212012153757,3253.1934926375516,3244.830113560952
253,Prov. Banten,Kota Tangerang,P,S2,312,868.0,230.20783110240106,313.424204063032,310.70774958818544,314.56779495081094,323.997971552362,213.01064389343458,230.27485427531835
254,Prov. Banten,Kota Tangerang,P,S3,5,27.0,7.160842672540125,5.663519839944188,5.500754056824364,7.245212257734881,8.360986038960244,5.911233335117967,3.6940057899555567
255,Prov. Banten,Kota tangerang Selatan,L,D3,1913,12694.0,3366.656921674976,1831.2988266223497,2213.715999905727,2042.1771602005674,1270.153133064564,2487.4169174563012,2390.118669682231
256,Prov. Banten,Kota tangerang Selatan,L,D4,580,5183.0,1374.6165767324246,733.5987798258351,820.8602217732175,833.9676538450038,787.3564542246257,874.5236130898461,833.6743316474572
257,Prov. Banten,Kota tangerang Selatan,L,Profesi,2998,1779.0,471.81996720181047,1983.031852071967,1748.9826210111432,1641.85815346138,1220.5216848063717,1535.058119089001,1841.9584258125544
258,Prov. Banten,Kota tangerang Selatan,L,S1,32072,798816.0,211859.10001140047,75135.49434106851,94435.37475629557,87494.5020644607,55001.17033851078,9536.922299507733,12391.78555893541
259,Prov. Banten,Kota tangerang Selatan,L,S2,1138,8238.0,2184.852664310576,1812.7749794059814,2111.488092448786,1978.7909833950807,1777.443587244353,1450.1780624127084,1987.5916477008786
260,Prov. Banten,Kota tangerang Selatan,L,S3,54,458.0,121.46910903790285,67.75856424780551,72.3496199688947,89.80139379520689,72.73081243114397,81.23681296305314,87.33274944508652
261,Prov. Banten,Kota tangerang Selatan,P,D3,2148,12990.0,3445.160974677638,2462.12632141253,2826.9522309476656,2723.770325620068,2064.8619191110874,2805.7202227722537,2931.5202104481027
262,Prov. Banten,Kota tangerang Selatan,P,D4,659,6574.0,1743.5325825658808,1099.2561355736937,1226.1742616414983,1284.3083687590013,1268.8666066100195,1499.7543484456335,1297.7287523221178
263,Prov. Banten,Kota tangerang Selatan,P,Profesi,6751,3146.0,834.3707795485642,4132.304824770099,3637.523174928532,3519.259983021042,2200.337638181868,3232.9225582734352,3907.2056008206864
264,Prov. Banten,Kota tangerang Selatan,P,S1,63535,925989.0,245587.4646482503,112767.6961105014,135529.25370472652,130908.98690257475,86282.82299489714,10295.439934337015,14658.32379610213
265,Prov. Banten,Kota tangerang Selatan,P,S2,910,5440.0,1442.7771903191956,1558.2493632136125,1731.246996132145,1692.6150232617574,1464.911818358849,1202.5668298451162,1475.6151462250698
266,Prov. Banten,Kota tangerang Selatan,P,S3,14,171.0,45.35200359275412,31.34696793904955,32.65072029378353,42.024840169519955,32.80341953192349,26.189185254974323,27.005592954277432
267,Prov. Bengkulu,Kab. Bengkulu Selatan,L,S1,8,149.0,34.72880733177385,23.092242023208872,19.076142693974422,19.477725829008616,25.11963963676656,34.12216006672656,32.38993329355473
268,Prov. Bengkulu,Kab. Bengkulu Selatan,P,D3,26,51.0,11.887041435707829,15.875152772496394,13.753769479277103,14.602555947605111,17.166264960964305,14.226555683868945,13.404791486181688
269,Prov. Bengkulu,Kab. Bengkulu Selatan,P,S1,70,392.0,91.3670635842641,76.7061029416224,65.49244728283298,70.40631176460468,93.80906046535536,64.22174377879969,69.01270122247774
270,Prov. Bengkulu,Kab. Muko-muko,L,S1,14,61.0,14.217833874081913,8.74672057969207,6.435371973262273,6.3107368926786,9.024620976249118,14.811398378597335,16.785672255720964
271,Prov. Bengkulu,Kab. Muko-muko,P,S1,18,86.0,20.044814970017125,15.400071285514938,11.670870703885319,11.996754754746302,15.997557435482758,16.340961306508884,15.643431577259353
272,Prov. Bengkulu,Kab. Rejang Lebong,L,D2,24,45.0,10.488565972683379,20.938752920358056,15.17508595798593,14.796904862110983,34.53995784372802,12.173207849201475,13.386891047907676
273,Prov. Bengkulu,Kab. Rejang Lebong,L,D3,91,497.0,115.84038418719199,120.66025545850152,97.78743159467535,94.56792767307557,116.19804181296706,109.50618270758368,116.2859945190718
274,Prov. Bengkulu,Kab. Rejang Lebong,L,Profesi,717,196.0,45.68353179213205,176.95677231527148,119.03562287483463,102.03314136507713,197.32130911830876,122.39755092640927,161.73673270605525
275,Prov. Bengkulu,Kab. Rejang Lebong,L,S1,275,1938.0,451.7075745568975,263.0256837264948,202.51780148714215,189.136948598482,232.49230908067707,258.0232830819464,230.61039883037557
276,Prov. Bengkulu,Kab. Rejang Lebong,L,S2,34,126.0,29.36798472351346,37.29717085980086,31.43334582227232,30.194279947684247,40.37592949011071,41.120107972769986,43.30196986055918
277,Prov. Bengkulu,Kab. Rejang Lebong,L,S3,4,23.0,5.360822608260394,4.29127030049594,4.097456933821592,5.771179849975181,9.332975929792948,5.193428751008253,4.820175936493061
278,Prov. Bengkulu,Kab. Rejang Lebong,P,D2,15,41.0,9.556248997333745,21.334330015008163,15.22125580524866,14.67747529056839,47.33587308967186,13.565004018006825,15.391294073368453
279,Prov. Bengkulu,Kab. Rejang Lebong,P,D3,61,276.0,64.32987129912472,78.21136163436933,63.925612219181914,63.058763875569,74.73705260125605,63.58936475093266,70.96782147952923
280,Prov. Bengkulu,Kab. Rejang Lebong,P,Profesi,706,400.0,93.23169753496336,409.48968430513287,275.3028864586051,237.90778961303513,401.03564324288214,180.86249434691652,230.62082082993362
281,Prov. Bengkulu,Kab. Rejang Lebong,P,S1,731,4159.0,969.3765751197816,724.0704580176562,579.1387905578881,573.2051884042622,613.9310411620785,775.0414436361292,843.5674767312645
282,Prov. Bengkulu,Kab. Rejang Lebong,P,S2,41,123.0,28.668746992001235,41.921875790433845,35.48072055688264,34.573757249140314,44.688497296799824,38.99118813698931,40.91918412824058
283,Prov. Bengkulu,Kab. Rejang Lebong,P,S3,8,22.0,5.127743364422985,4.073875229423464,3.7293509993780405,5.018548579313621,3.9792345440049903,4.405008059329222,3.951311644429915
284,Prov. Bengkulu,Kota Bengkulu,L,D3,185,793.0,184.83184036306488,235.2050920321919,221.74196638768825,216.69196249335917,197.8498423881517,162.28619396496552,160.926866535715
285,Prov. Bengkulu,Kota Bengkulu,L,D4,46,180.0,41.954263890733515,36.96758312083603,36.27039280166798,38.45754019175864,32.704047469071085,30.738666623020386,35.783407464580236
286,Prov. Bengkulu,Kota Bengkulu,L,Profesi,2478,2419.0,563.8186908426909,1560.0791749998023,1026.2415703947565,710.3813215809718,1898.0152159392333,1372.7737707404165,1434.503028850459
287,Prov. Bengkulu,Kota Bengkulu,L,S1,3235,22841.0,5323.763008490246,3866.551597029396,3488.975129806652,3324.333456327981,3338.4271545287147,3366.3800879630617,3416.2678801510497
288,Prov. Bengkulu,Kota Bengkulu,L,S2,428,1299.0,302.76993774479354,464.6208260920445,451.2158953463371,432.716129065999,417.54618764940074,398.93313042237145,405.01897254275366
289,Prov. Bengkulu,Kota Bengkulu,L,S3,54,251.0,58.50289020318951,41.57395692004934,41.544609356555014,51.58535925804763,38.90029610922524,47.759215607547894,35.50446133984336
290,Prov. Bengkulu,Kota Bengkulu,P,D3,1378,4577.0,1066.8036990438184,1575.3234719386958,1501.7727764208717,1501.9109219544102,1401.4226486371226,1122.449923611647,1312.5543631688827
291,Prov. Bengkulu,Kota Bengkulu,P,D4,334,1452.0,338.431062051917,328.28925428181503,318.9626674442728,336.9193564358188,277.7783716908632,275.246009341015,260.4231861223052
292,Prov. Bengkulu,Kota Bengkulu,P,Profesi,7778,7477.0,1742.7335061723027,5377.189613541817,3516.8286955599533,2437.8089280020213,6024.715105211435,5940.888792159044,6591.131944272329
293,Prov. Bengkulu,Kota Bengkulu,P,S1,5646,29747.0,6933.408266431388,6186.899986968023,5734.749780989628,5707.150879396797,5801.073513449457,5245.8224226878865,5623.430186417698
294,Prov. Bengkulu,Kota Bengkulu,P,S2,586,1647.0,383.88151460021163,694.4808113790589,682.3110089319672,670.1245174740708,611.0255858286235,525.9193282928383,619.2899650134465
295,Prov. Bengkulu,Kota Bengkulu,P,S3,32,162.0,37.75883750166016,32.88787900998357,33.65434140093726,43.47348451364143,26.63890769656013,20.449460473281324,18.055716856019085
296,Prov. D.I. Yogyakarta,Kab. Bantul,L,D1,17,40.0,10.608655811170555,19.0333184753476,9.833547465031604,8.281707799841714,18.45867895826367,14.453755008218502,16.82267303904476
297,Prov. D.I. Yogyakarta,Kab. Bantul,L,D3,400,2170.0,575.5195777560026,452.30559591146357,485.81941980202237,460.37138643115804,448.738897819025,330.39506239745276,425.823469606439
298,Prov. D.I. Yogyakarta,Kab. Bantul,L,D4,194,1535.0,407.10716675367007,216.32571564260692,253.4311394394162,253.5648084255744,246.0111990467656,280.3701436379847,300.332255299702
299,Prov. D.I. Yogyakarta,Kab. Bantul,L,Profesi,449,632.0,167.61676181649477,837.447131899499,717.3892571002804,675.3596210206964,674.2833032017315,792.4167017537875,751.2317391799404
300,Prov. D.I. Yogyakarta,Kab. Bantul,L,S1,4690,29836.0,7912.996369552117,4575.771114755095,4821.796022699965,4666.395595598836,4351.667426435528,4386.894662293406,4433.207870691782
301,Prov. D.I. Yogyakarta,Kab. Bantul,L,S2,268,937.0,248.50776237667026,291.432416097945,304.71884516583253,292.512528092848,304.80949779658073,274.9061417633244,301.44130957613106
302,Prov. D.I. Yogyakarta,Kab. Bantul,L,S3,26,182.0,48.269383940826025,32.74983410358357,33.61186926734429,41.95539602014959,26.322158661060364,29.303833139082638,26.002414136131236
303,Prov. D.I. Yogyakarta,Kab. Bantul,P,D1,58,133.0,35.273780572142094,75.42845848732546,38.69330027068331,33.631537260719426,86.81032637745633,15.031541590634653,19.885793798216177
304,Prov. D.I. Yogyakarta,Kab. Bantul,P,D3,741,2338.0,620.075932162919,667.7864776789125,667.5493122661875,664.6073806680088,606.3574171999772,560.8272954263499,570.2455583174004
305,Prov. D.I. Yogyakarta,Kab. Bantul,P,D4,230,1207.0,320.11618910207153,213.85354049930518,243.66141790746758,252.67603142056078,233.67476892857647,278.4484885457709,263.366442920871
306,Prov. D.I. Yogyakarta,Kab. Bantul,P,Profesi,1152,1708.0,452.98960313698274,2533.4335905758376,2217.2492155314794,2137.7684248593196,1791.3475044509503,2483.6846047736117,2929.4773185792715
307,Prov. D.I. Yogyakarta,Kab. Bantul,P,S1,6521,31912.0,8463.58560615187,5852.309924842198,6109.783681690686,6107.539204416416,6122.650488785087,5335.876555836452,5751.259784572327
308,Prov. D.I. Yogyakarta,Kab. Bantul,P,S2,337,967.0,256.4642542350482,335.4087309809134,358.9104168001926,352.6934646786121,313.7986223667715,288.04384648269325,357.76169140879534
309,Prov. D.I. Yogyakarta,Kab. Bantul,P,S3,15,81.0,21.482528017620375,16.478404689339495,17.200612415810575,22.015710525310592,13.124802960328521,14.065664328787621,13.759810815106913
310,Prov. D.I. Yogyakarta,Kab. Gunung Kidul,L,S1,140,887.0,235.24694261270707,115.46861249739007,116.36681619304827,109.84682895293335,100.62174938191579,113.42463135822199,126.8287318635789
311,Prov. D.I. Yogyakarta,Kab. Gunung Kidul,P,S1,180,793.0,210.31660145645625,131.11259350366257,127.91349084627122,125.30364462318236,135.91073822738028,129.2174436510315,131.14822857911108
312,Prov. D.I. Yogyakarta,Kab. Kulon Progo,L,S1,28,320.0,84.86924648936444,58.99124901908361,53.6649810928667,50.48331220693595,66.63887035474873,54.011486458945754,43.78771377527693
313,Prov. D.I. Yogyakarta,Kab. Kulon Progo,P,S1,128,746.0,197.85143087833086,156.7363644130193,144.45378138486228,139.49820918741625,195.8208042162795,134.50732391020156,147.41726676088402
314,Prov. D.I. Yogyakarta,Kab. Sleman,L,D1,352,356.0,94.41703671941794,325.6277981227202,128.14394698417632,117.51434090607026,206.30788054516827,48.086435733358584,77.3996341710558
315,Prov. D.I. Yogyakarta,Kab. Sleman,L,D3,838,3061.0,811.8273859498267,791.4149788078295,788.4577404295745,772.2713129095412,771.3649729078784,571.391508167293,614.5304088125513
316,Prov. D.I. Yogyakarta,Kab. Sleman,L,D4,1519,10154.0,2693.0072776656457,1896.4619856678312,1993.372775125396,2082.344054538671,1805.6274823872677,2289.3779853594247,1698.906736321018
317,Prov. D.I. Yogyakarta,Kab. Sleman,L,Profesi,11692,12732.0,3376.7351446955877,15743.909525547477,14271.762425055116,13392.681156799792,12657.230347903493,11288.234824494446,12086.69268783638
318,Prov. D.I. Yogyakarta,Kab. Sleman,L,S1,17549,101225.0,26846.529612143488,16990.780022071627,17588.33696719516,17321.32367366242,18322.63098737869,17088.57641411014,16031.15238137184
319,Prov. D.I. Yogyakarta,Kab. Sleman,L,S2,4156,12414.0,3292.3963309967817,4020.6238729560405,4232.17025219272,4104.295857774454,4402.079240461709,4063.720234494492,3957.1959664503433
320,Prov. D.I. Yogyakarta,Kab. Sleman,L,S3,506,4258.0,1129.2914110991055,684.0696808982525,758.1503809756281,938.1500748419487,750.8193432239543,1001.8679665160881,762.2604542783381
321,Prov. D.I. Yogyakarta,Kab. Sleman,L,Sp-1,152,752.0,199.44272925000644,152.22985539743627,171.14319767308982,221.10187670896133,197.99144166561166,174.13133724278816,172.9851020110414
322,Prov. D.I. Yogyakarta,Kab. Sleman,L,Sp-2,46,96.0,25.460773946809333,31.49703008236418,35.23442672538734,31.800333449839524,21.67779876194634,33.3352420469552,30.662591430423355
323,Prov. D.I. Yogyakarta,Kab. Sleman,P,D1,249,250.0,66.30409881981598,253.77907879420525,102.4332550851225,96.10417036786261,167.2858614358748,30.453222861593602,48.05817383871938
324,Prov. D.I. Yogyakarta,Kab. Sleman,P,D3,1474,4513.0,1196.921591895318,1417.0960172147181,1390.8185851284095,1408.5343395945567,1433.4823733652104,1287.1747682251494,1420.8477706199812
325,Prov. D.I. Yogyakarta,Kab. Sleman,P,D4,2674,13161.0,3490.512978270392,2838.5388590015373,3014.4141373953958,3231.163326254076,3195.4453743728027,3687.000025731961,2769.351033806532
326,Prov. D.I. Yogyakarta,Kab. Sleman,P,Profesi,25253,29312.0,7774.022978425783,39783.74885601243,37173.81227086966,35642.246419101,29486.511612706774,16072.455154322974,20917.174942215835
327,Prov. D.I. Yogyakarta,Kab. Sleman,P,S1,22953,114269.0,30306.012272166205,22760.864969955972,23402.638015769844,23797.706179428496,24789.181165496466,19761.926777269582,20337.480878409882
328,Prov. D.I. Yogyakarta,Kab. Sleman,P,S2,5626,14731.0,3906.902718858836,5583.276661343347,5884.445124884901,5876.180822989192,5785.512093765793,4473.459546515447,4121.106159266223
329,Prov. D.I. Yogyakarta,Kab. Sleman,P,S3,418,3244.0,860.3619862859321,636.5672404875728,692.6981969018991,887.3101951317522,656.9345631818429,809.2536098476708,852.6431615339702
330,Prov. D.I. Yogyakarta,Kab. Sleman,P,Sp-1,179,874.0,231.79912947407664,197.69024188508607,227.25420951718715,300.6173240080928,184.10590447864962,175.93874101792196,183.81437076119892
331,Prov. D.I. Yogyakarta,Kab. Sleman,P,Sp-2,32,64.0,16.97384929787289,22.11208551998248,25.984286503312195,23.83931161674104,17.385706112751347,21.561222548173127,20.825184265795944
332,Prov. D.I. Yogyakarta,Kota Yogyakarta,L,D2,13,50.0,13.260819763963195,20.145149037124717,17.239443175065688,15.194282924019648,13.931930967483474,16.31904632470041,17.33656411272576
333,Prov. D.I. Yogyakarta,Kota Yogyakarta,L,D3,581,2369.0,628.2976404165761,623.5139639669619,600.8196321540489,590.8125745304708,533.5665141535943,484.3155472887107,500.73514321541404
334,Prov. D.I. Yogyakarta,Kota Yogyakarta,L,D4,278,1368.0,362.816028742033,262.8234375655296,269.1814019399028,280.5040539095143,240.01083785018153,292.2514779289657,260.8015865096431
335,Prov. D.I. Yogyakarta,Kota Yogyakarta,L,Profesi,4723,3846.0,1020.0222562440489,5638.730162954632,4377.550039371919,4343.165691639366,13452.225016643415,3931.3088978414794,4358.927777065581
336,Prov. D.I. Yogyakarta,Kota Yogyakarta,L,S1,4990,28908.0,7666.87555473296,4307.503682731868,4608.248255284306,4469.361328198432,4412.060735518162,5403.8541629332985,5074.080464317327
337,Prov. D.I. Yogyakarta,Kota Yogyakarta,L,S2,550,1578.0,418.5114717506784,504.85451011373647,522.3938223145584,505.9380239288003,518.0468976541675,488.73943510413596,501.79654326905205
338,Prov. D.I. Yogyakarta,Kota Yogyakarta,L,S3,11,62.0,16.44341650731436,11.337320165701701,11.578909391720627,14.560310460622478,10.046187314872602,7.5989935201030265,5.601531385470997
339,Prov. D.I. Yogyakarta,Kota Yogyakarta,P,D2,10,12.0,3.1825967433511666,5.868485947263876,4.945164751301148,4.508248958982719,4.056174969513027,3.746646692392561,5.981344571792333
340,Prov. D.I. Yogyakarta,Kota Yogyakarta,P,D3,1146,3512.0,931.4399802207747,1119.9430236317887,1065.2880095004507,1082.1680911126446,1031.8153385764967,988.0232738861326,1126.3294111742375
341,Prov. D.I. Yogyakarta,Kota Yogyakarta,P,D4,140,715.0,189.6297226246737,152.08050668471375,159.87354281558493,170.4337057278857,146.48262235239955,118.04597116077957,122.29166251638084
342,Prov. D.I. Yogyakarta,Kota Yogyakarta,P,Profesi,17796,13697.0,3632.6689661400774,22432.375105541447,17724.96941480367,18060.045048840795,48555.22734751824,12075.235667974923,13455.030245019614
343,Prov. D.I. Yogyakarta,Kota Yogyakarta,P,S1,6194,27278.0,7234.57283042776,5062.83233406993,5267.595666805289,5303.287653394337,5296.394900389914,6281.602191766388,6088.801799804833
344,Prov. D.I. Yogyakarta,Kota Yogyakarta,P,S2,746,1657.0,439.46356697774024,655.2493315378698,662.1452463640205,664.7943786403947,533.7889126490822,504.8441921520866,566.4295687939418
345,Prov. D.I. Yogyakarta,Kota Yogyakarta,P,S3,5,71.0,18.830364064827737,14.05745394506669,14.891882525902206,19.1007096219133,11.756500124682427,11.549427501289774,9.16773842526064
346,Prov. D.K.I. Jakarta,Kota Jakarta Barat,L,D3,350,1498.0,347.72159187891504,366.61800585120756,340.97346920341715,333.67383511330155,308.6076939109311,371.2330658730559,346.27637834253545
347,Prov. D.K.I. Jakarta,Kota Jakarta Barat,L,D4,88,503.0,116.75831823437535,83.84844367802803,84.34249074776913,89.326417871809,78.97078263674828,90.43562548161147,107.33105231301725
348,Prov. D.K.I. Jakarta,Kota Jakarta Barat,L,Profesi,708,1183.0,274.60256554923666,1705.5018085150316,1488.263160724882,1477.3172109069765,1359.0452418721218,2010.872542505256,1662.0167231261078
349,Prov. D.K.I. Jakarta,Kota Jakarta Barat,L,S1,13510,76404.0,17735.19392918333,12105.480653332315,11676.674524822702,11756.843465740585,11112.57652255699,11158.04565528448,10678.82898735633
350,Prov. D.K.I. Jakarta,Kota Jakarta Barat,L,S2,2227,6188.0,1436.3826505652378,1968.2512249586855,1997.4802141877312,1967.5550501457187,1976.404852387091,1235.497095654136,1321.5542339056778
351,Prov. D.K.I. Jakarta,Kota Jakarta Barat,L,S3,193,1086.0,252.0865479175579,165.45499198690138,184.01400009284183,249.98376779332654,169.00284223022692,222.87488031320046,184.87532114082288
352,Prov. D.K.I. Jakarta,Kota Jakarta Barat,L,Sp-1,6,18.0,4.178230075981623,3.3587747297485975,4.392272928487455,6.33635293836287,3.715236568849029,7.7918439499261405,4.214305059432709
353,Prov. D.K.I. Jakarta,Kota Jakarta Barat,P,D3,370,1131.0,262.53212310751195,310.65098006679915,292.2579187244435,290.1811482556077,271.834222337235,303.7802399476873,300.3760185476686
354,Prov. D.K.I. Jakarta,Kota Jakarta Barat,P,D4,158,828.0,192.19858349515465,150.35948437269852,152.14377120558717,162.143858832374,151.24991090060746,145.3852185633614,141.16879058151994
355,Prov. D.K.I. Jakarta,Kota Jakarta Barat,P,Profesi,911,1922.0,446.14212255759327,3081.432824483472,2710.8892667987434,2718.377879614748,2281.012012854891,3472.2051194327514,2593.652263087622
356,Prov. D.K.I. Jakarta,Kota Jakarta Barat,P,S1,13914,68248.0,15841.991456977434,12260.802373098293,11978.597599258306,12263.535208291078,12689.28956504676,11423.255053636789,12317.043380707697
357,Prov. D.K.I. Jakarta,Kota Jakarta Barat,P,S2,1827,4404.0,1022.273625256837,1607.4632174038275,1656.9797231507632,1666.1909334540826,1663.514585132103,1043.070240192044,1047.3645714639113
358,Prov. D.K.I. Jakarta,Kota Jakarta Barat,P,S3,95,457.0,106.0806191513112,78.29284805608964,88.01812735615123,121.24127120179608,80.4408272772502,65.22693644699076,57.78682432048
359,Prov. D.K.I. Jakarta,Kota Jakarta Barat,P,Sp-1,8,26.0,6.035221220862344,5.227366853705277,6.840009905612273,9.863215978645687,5.787580591451006,9.306784972551714,9.120110852366468
360,Prov. D.K.I. Jakarta,Kota Jakarta Pusat,L,D1,42,64.0,14.85592915904577,56.85165269736833,23.48788900327362,21.7581046298824,36.08634870900729,22.88651257333953,19.282128026185553
361,Prov. D.K.I. Jakarta,Kota Jakarta Pusat,L,D2,14,149.0,34.58646007340344,75.77753600412544,65.80980455378788,58.92149206466836,46.714763022952894,30.159339189242047,32.45370198585622
362,Prov. D.K.I. Jakarta,Kota Jakarta Pusat,L,D3,1883,6497.0,1508.1089335362558,1862.1034087344267,1775.8361018479122,1828.563266928546,1658.9207509114922,1595.631112118588,1682.5358312078076
363,Prov. D.K.I. Jakarta,Kota Jakarta Pusat,L,D4,458,3185.0,739.3145995556372,561.8705596831082,561.698509137289,600.2918682097089,567.7990799815209,667.3529547069,680.4339871894559
364,Prov. D.K.I. Jakarta,Kota Jakarta Pusat,L,Profesi,1290,1826.0,423.85822881902465,2742.520006510398,2370.5270898190647,2363.077639334242,2543.52912650678,3958.152466014527,4334.130307884615
365,Prov. D.K.I. Jakarta,Kota Jakarta Pusat,L,S1,10385,64351.0,14937.404645527411,10727.414544416042,10304.98163542648,10489.89234430514,11671.574258965167,13536.430728899368,12812.999174096158
366,Prov. D.K.I. Jakarta,Kota Jakarta Pusat,L,S2,3103,8773.0,2036.4229142548209,2752.553681495461,2731.3095444886185,2652.9547388180445,2891.767431428504,2472.317620284763,2990.6073812376285
367,Prov. D.K.I. Jakarta,Kota Jakarta Pusat,L,S2 Terapan,62,207.0,48.04964587378866,75.0591377135496,74.06815340442014,63.471616333075644,72.02444650913225,35.00621339537587,60.95777793390738
368,Prov. D.K.I. Jakarta,Kota Jakarta Pusat,L,S3,312,1982.0,460.0695561441987,302.6460656121331,330.35218052605046,444.8957537370139,362.4200863672895,409.31959222326907,395.0821762021818
369,Prov. D.K.I. Jakarta,Kota Jakarta Pusat,L,Sp-1,268,1291.0,299.6719460051264,240.37955603797275,308.1915835730389,440.0979378437772,255.34235083732722,289.28792214594654,270.39560973738264
370,Prov. D.K.I. Jakarta,Kota Jakarta Pusat,L,Sp-2,133,307.0,71.26203518479768,114.9865386433989,123.80798007382232,116.51895872282034,94.6532453538366,58.248687003606086,64.99744294532621
371,Prov. D.K.I. Jakarta,Kota Jakarta Pusat,P,D1,25,31.0,7.195840686412795,31.41781473539579,13.165987156254237,12.426631093430222,22.66339049885919,16.668029086623964,16.964747688256008
372,Prov. D.K.I. Jakarta,Kota Jakarta Pusat,P,D2,7,52.0,12.070442441724689,28.733923976965844,25.019309760805452,22.45361874313741,43.55827927214545,20.96902012535431,24.41065143357033
373,Prov. D.K.I. Jakarta,Kota Jakarta Pusat,P,D3,2733,7906.0,1835.1714989283728,2557.4755681948577,2474.0109961854214,2593.7148048267873,2441.014000580397,2221.396464826148,2326.5011720706457
374,Prov. D.K.I. Jakarta,Kota Jakarta Pusat,P,D4,764,4660.0,1081.6973418930202,934.7179482948284,949.0474733388853,1034.6538768806208,941.9283875010366,1062.9481139746522,1003.258190285797
375,Prov. D.K.I. Jakarta,Kota Jakarta Pusat,P,Profesi,4937,6329.0,1469.1121194937607,10680.526337517636,9330.054847505819,9427.97707945216,9701.815425927052,10931.407136577194,10734.193706122885
376,Prov. D.K.I. Jakarta,Kota Jakarta Pusat,P,S1,13458,69821.0,16207.122340839605,13357.754417140493,13065.90042471635,13615.450155653707,13836.069443182732,16562.60597960861,16906.634650265863
377,Prov. D.K.I. Jakarta,Kota Jakarta Pusat,P,S2,3366,8395.0,1948.6800826592068,3044.5460506532445,3073.901656717579,3055.4516562216795,3001.3744050484556,2651.767327780934,3121.6196035754397
378,Prov. D.K.I. Jakarta,Kota Jakarta Pusat,P,S2 Terapan,59,142.0,32.961592821632806,58.587856648472396,58.605039246927774,51.12298775706539,59.963417496710576,36.66226425755736,40.65289686067161
379,Prov. D.K.I. Jakarta,Kota Jakarta Pusat,P,S3,261,1510.0,350.5070785962361,266.0422316493059,295.3471423617895,406.7921859217008,319.60279229361333,373.4337604363863,329.20959200419554
380,Prov. D.K.I. Jakarta,Kota Jakarta Pusat,P,Sp-1,493,1872.0,434.53592790208876,370.4884429003347,473.760503864621,673.1698581994139,506.22263450590475,398.9685595406436,361.04584134892923
381,Prov. D.K.I. Jakarta,Kota Jakarta Pusat,P,Sp-2,74,192.0,44.56778747713731,75.68158014217722,81.08225193424761,75.67755778246631,79.51382492526646,40.13362059042204,52.9337903594495
382,Prov. D.K.I. Jakarta,Kota Jakarta Selatan,L,D3,814,3745.0,869.3039796972877,963.1640570802746,994.372551588539,1010.4710287249123,901.2162419338525,834.4407505388888,891.9378682199065
383,Prov. D.K.I. Jakarta,Kota Jakarta Selatan,L,D4,900,4931.0,1144.6029169258545,873.4912053218584,983.9440471583823,1093.623077687928,846.1682903990836,957.6203533386746,841.5904593573741
384,Prov. D.K.I. Jakarta,Kota Jakarta Selatan,L,Profesi,3694,3530.0,819.3973426786182,3079.397463996129,2669.1636689168477,2339.539128866034,4173.680887467976,4502.500170425758,4626.25250870423
385,Prov. D.K.I. Jakarta,Kota Jakarta Selatan,L,S1,16038,104708.0,24305.22859977132,15568.340432436364,15959.416208704508,15772.051506769745,16628.108702655143,18719.856454533918,16159.49687206458
386,Prov. D.K.I. Jakarta,Kota Jakarta Selatan,L,S2,3384,11049.0,2564.7368949733864,3147.7958259355987,3399.724316063203,3281.3122941430383,3917.5837027962384,2684.622974560088,3311.6499931159315
387,Prov. D.K.I. Jakarta,Kota Jakarta Selatan,L,S2 Terapan,11,25.0,5.803097327752254,7.305470962039805,8.40785736005851,7.668450371065175,7.981980009925766,8.245673705700915,5.679613078965856
388,Prov. D.K.I. Jakarta,Kota Jakarta Selatan,L,S3,171,1347.0,312.67088401929146,168.9711690224206,196.11685692964207,253.9351309822171,208.69972411215323,310.4608882718237,254.82508445401118
389,Prov. D.K.I. Jakarta,Kota Jakarta Selatan,P,D3,1603,6146.0,1426.6334470546142,1947.1321378478337,2074.248855017059,2200.6947673472214,2002.9517480515522,1618.548741653395,1580.7837862058975
390,Prov. D.K.I. Jakarta,Kota Jakarta Selatan,P,D4,1406,5320.0,1234.8991113456796,1044.795063969503,1179.7910710734434,1316.0205126211233,1210.4233570576382,1230.3141821992415,1110.7182386482057
391,Prov. D.K.I. Jakarta,Kota Jakarta Selatan,P,Profesi,14300,13243.0,3074.016716456924,13109.829179435883,11479.404035394495,10201.654730443122,15496.380222495416,13715.818842161078,15063.44980324117
392,Prov. D.K.I. Jakarta,Kota Jakarta Selatan,P,S1,21584,102360.0,23760.201698748828,18196.24991701794,19177.89347588322,19667.28061805505,21884.2973797621,21123.26102385673,20508.14287935074
393,Prov. D.K.I. Jakarta,Kota Jakarta Selatan,P,S2,3354,9414.0,2185.2143297383886,3264.8402257276553,3632.2240250626874,3650.1882141934516,3927.8783922399416,2691.980659142964,3190.8134269411325
394,Prov. D.K.I. Jakarta,Kota Jakarta Selatan,P,S2 Terapan,6,15.0,3.4818583966513525,5.579091452202815,6.455996753806291,5.9863170479565975,5.3318616642426395,6.32337581833427,5.034171316282857
395,Prov. D.K.I. Jakarta,Kota Jakarta Selatan,P,S3,120,608.0,141.13132701093483,92.80819218479253,110.99576602601387,149.6932322462747,103.44095128374973,129.8627057963359,93.88972408192687
396,Prov. D.K.I. Jakarta,Kota Jakarta Timur,L,D1,23,37.0,8.588584045073336,29.323155057497807,12.58688935540985,11.557181019577875,19.381260681979352,12.773327314997795,16.60600987245374
397,Prov. D.K.I. Jakarta,Kota Jakarta Timur,L,D3,805,3199.0,742.5643340591785,777.7721748162126,758.5471298669285,757.9935157576589,741.9727195217763,708.4473294574132,708.4847146848341
398,Prov. D.K.I. Jakarta,Kota Jakarta Timur,L,D4,682,3629.0,842.3776080965172,620.4706433069795,660.1979685402763,722.5391014269107,597.0046808294551,813.4073599832743,743.977536472575
399,Prov. D.K.I. Jakarta,Kota Jakarta Timur,L,Profesi,5391,5752.0,1335.1766331692386,3830.054203981854,2912.4677603299224,2277.5828485658994,7816.070912803679,8610.230836232944,7211.791583592047
400,Prov. D.K.I. Jakarta,Kota Jakarta Timur,L,S1,11116,71562.0,16611.25003874427,10150.358232983925,9882.440953406674,9667.40422394157,9992.245203887765,11816.417866631253,11278.01045985188
401,Prov. D.K.I. Jakarta,Kota Jakarta Timur,L,S2,2449,8215.0,1906.8977818993906,2332.3664935873758,2412.648174231636,2333.7699593016487,2702.3683510300707,1785.5297447973494,1957.0395396143792
402,Prov. D.K.I. Jakarta,Kota Jakarta Timur,L,S3,317,1894.0,439.6426535505108,225.02883993121654,247.03168244185377,315.0048733370613,229.90761800951245,398.9259388005981,375.63140822906155
403,Prov. D.K.I. Jakarta,Kota Jakarta Timur,P,D1,8,10.0,2.3212389311009014,10.107042143682412,4.518695610500586,4.387781317239376,8.663978410729138,5.987705960652616,7.748639644384713
404,Prov. D.K.I. Jakarta,Kota Jakarta Timur,P,D3,1336,4002.0,928.9598202265809,1174.0548726677048,1175.93002867069,1218.6444967236187,1133.229513446949,1118.7258922132942,1106.9277055452933
405,Prov. D.K.I. Jakarta,Kota Jakarta Timur,P,D4,975,4511.0,1047.1108818196167,865.6219809936126,932.7668607496207,1037.1110090756856,849.3379889857257,1006.7659713950957,946.9636868346465
406,Prov. D.K.I. Jakarta,Kota Jakarta Timur,P,Profesi,14528,14949.0,3470.020078102738,12962.11300953745,10317.371732523638,8592.34111400354,20682.043637071263,16423.918694808115,16776.35448869161
407,Prov. D.K.I. Jakarta,Kota Jakarta Timur,P,S1,14245,69169.0,16055.777562531826,11913.067496562398,11983.95090027746,12245.5750063557,12689.938090946547,14363.996634982283,13462.074262800426
408,Prov. D.K.I. Jakarta,Kota Jakarta Timur,P,S2,1897,5632.0,1307.3217659960278,1871.5362721593622,1975.6559744580043,1963.8535941608234,2172.723476159664,1205.6050100820962,1386.9907133116187
409,Prov. D.K.I. Jakarta,Kota Jakarta Timur,P,S3,199,1105.0,256.4969018866496,168.8185241460168,193.40537715443458,261.535350515915,187.0357903972717,236.4042760847077,217.6582512128205
410,Prov. D.K.I. Jakarta,Kota Jakarta Utara,L,D3,668,2310.0,536.2061930843082,716.1779138248229,676.0832640815138,735.8621952414692,577.1125356459568,573.170848105384,528.7799184164752
411,Prov. D.K.I. Jakarta,Kota Jakarta Utara,L,D4,396,1644.0,381.6116802729882,287.0803239076753,278.75897052794403,306.436949964965,306.45920863044256,429.5039022961371,378.52296580897786
412,Prov. D.K.I. Jakarta,Kota Jakarta Utara,L,Profesi,95,130.0,30.17610610431172,122.19805041196912,92.36175652728653,81.60604445691338,220.95349483640206,107.2548041061146,104.95780187752277
413,Prov. D.K.I. Jakarta,Kota Jakarta Utara,L,S1,1421,8176.0,1897.8449500680972,1225.3947750674665,1103.1276392860664,1102.4678328361608,1239.274497429073,1358.2159327996217,1340.924976657139
414,Prov. D.K.I. Jakarta,Kota Jakarta Utara,L,S2,117,478.0,110.9552209066231,137.0603284130753,130.49127602144128,127.89515729059431,149.75283350814468,115.69762004056341,148.7315553438248
415,Prov. D.K.I. Jakarta,Kota Jakarta Utara,L,S2 Terapan,41,108.0,25.069380455889736,29.54823158002393,26.656834075172593,21.553220540180174,30.082660104652597,27.276913517724136,28.075837349940358
416,Prov. D.K.I. Jakarta,Kota Jakarta Utara,L,S3,32,177.0,41.08592908048596,19.45519010847314,19.19833847237074,24.013907446121333,30.468073369062807,22.240062163464703,21.233792408998664
417,Prov. D.K.I. Jakarta,Kota Jakarta Utara,P,D3,333,903.0,209.60787547841142,289.29236465438424,270.33163354349733,289.7509096541664,319.1401156263462,222.4654035074484,235.6973203564303
418,Prov. D.K.I. Jakarta,Kota Jakarta Utara,P,D4,76,290.0,67.31592900192615,57.204877316842435,56.2092711074097,62.74788074846868,83.49962811524115,30.94268331177035,35.76197613823045
419,Prov. D.K.I. Jakarta,Kota Jakarta Utara,P,Profesi,466,533.0,123.72203502767806,695.8845424913661,559.0690847891302,537.518622159867,1107.3190125684043,595.4106426445394,601.0115306245643
420,Prov. D.K.I. Jakarta,Kota Jakarta Utara,P,S1,1524,7919.0,1838.189109538804,1354.673764510964,1237.5300689733394,1260.8056090072305,1540.2738719339525,1387.357216448889,1507.390225512374
421,Prov. D.K.I. Jakarta,Kota Jakarta Utara,P,S2,115,292.0,67.78017678814632,96.71680414639023,93.41810988551856,93.38838352271594,114.61839067864823,66.72661713503481,80.1404371246461
422,Prov. D.K.I. Jakarta,Kota Jakarta Utara,P,S2 Terapan,11,27.0,6.267345113972434,8.530446966133903,7.828419241170626,6.475244484131904,10.13407939234894,5.137927617602775,5.011501620061569
423,Prov. D.K.I. Jakarta,Kota Jakarta Utara,P,S3,15,63.0,14.62380526593568,8.040962808087743,8.082273287747494,10.361331601334754,10.647268954990423,7.931625904722972,6.974839101711159
424,Prov. Gorontalo,Kab. Bone Bolango,L,D3,50,190.0,43.487765707630366,37.58981621419945,28.371142487385583,24.883904372452154,48.59003997897224,18.10962652306469,17.225417458324166
425,Prov. Gorontalo,Kab. Bone Bolango,P,D3,22,98.0,22.430531786040927,21.683163379599055,16.30337925581677,14.411340797645336,17.29282243842775,13.671023788923414,12.014665478753631
426,Prov. Gorontalo,Kab. Gorontalo,L,Profesi,35,40.0,9.155319096343234,57.638409112286546,44.514956485896974,43.334241792200174,46.950490704577525,21.704267106891077,28.867760722074383
427,Prov. Gorontalo,Kab. Gorontalo,L,S1,366,2937.0,672.2293046490021,377.0698666556924,299.6041457173001,274.8653782314895,348.6499984494823,372.01049371284046,327.04446345834765
428,Prov. Gorontalo,Kab. Gorontalo,L,S2,60,308.0,70.49595704184291,69.21632416026338,54.407256147713824,47.640551532583565,72.3572510701684,33.197170445118005,44.654887423148296
429,Prov. Gorontalo,Kab. Gorontalo,P,Profesi,217,252.0,57.67851030696238,404.1650168580558,310.29238586637365,303.91598013786063,277.77126808078646,346.0727032285017,210.63299091074552
430,Prov. Gorontalo,Kab. Gorontalo,P,S1,873,4403.0,1007.7717495299817,733.2251341004517,620.2723062192862,604.1560723610671,644.4132821471857,815.1726181990546,784.5496083255431
431,Prov. Gorontalo,Kab. Gorontalo,P,S2,71,250.0,57.22074435214522,72.7634909575498,60.85424919865002,56.541451435789206,63.43954543468068,36.089582333279,39.17452248885771
432,Prov. Gorontalo,Kab. Gorontalo Utara,L,S1,93,575.0,131.607712009934,70.97365312794597,53.2298911405217,47.717832703853254,54.39191171705837,43.93237206811219,45.5179880842094
433,Prov. Gorontalo,Kab. Gorontalo Utara,P,S1,109,699.0,159.98920120859805,118.07271640926905,96.57544062044728,93.65831527638426,120.63600162975635,111.47703251044358,100.13472462352316
434,Prov. Gorontalo,Kab. Pohuwato,L,S1,276,806.0,184.4796797913162,101.69541929079739,77.39319610922888,69.79344300394943,69.56199882815747,91.58673856149287,97.71688774449198
435,Prov. Gorontalo,Kab. Pohuwato,P,S1,476,1160.0,265.5042537939538,196.98826833797543,162.27801624668746,157.39443584437464,172.03448172298613,178.7243790539676,165.6719952272012
436,Prov. Gorontalo,Kota Gorontalo,L,D3,31,196.0,44.861063572081854,51.059853547820765,40.930581420398866,41.01615922431175,42.81274791515447,49.36451479088046,56.39487317267381
437,Prov. Gorontalo,Kota Gorontalo,L,D4,10,150.0,34.33244661128713,23.101602406012205,18.10441659009504,18.05833754059416,19.660208777776475,24.366176158580753,20.145786191443943
438,Prov. Gorontalo,Kota Gorontalo,L,Profesi,3671,3744.0,856.9378674177268,5791.6305714670625,4507.985147317904,4346.455362432,5224.694096189146,4204.773110636543,3926.4450869872594
439,Prov. Gorontalo,Kota Gorontalo,L,S1,1828,15537.0,3556.154819997121,2201.1332320761057,1770.9692598540532,1652.8949683247554,1858.9593519152565,2320.2728180702784,2169.1990969803583
440,Prov. Gorontalo,Kota Gorontalo,L,S2,179,762.0,174.40882878533864,213.15148187551375,180.44350927198033,164.8331881942313,169.23593510376205,170.39579663898817,214.28807205741123
441,Prov. Gorontalo,Kota Gorontalo,L,S3,11,80.0,18.31063819268647,10.690077023801337,9.571943601171865,11.628770032634694,12.923677431339252,13.983706133665533,11.178333144854525
442,Prov. Gorontalo,Kota Gorontalo,P,D3,197,949.0,217.20994556074325,262.98676866458607,204.68442616032934,204.61642465268608,230.94829856416783,224.88153134682614,278.01182993504716
443,Prov. Gorontalo,Kota Gorontalo,P,D4,76,454.0,103.91287174349571,67.8775875309104,49.93484269746715,47.33464309944585,61.15166937210288,75.61938347101783,66.33718981489929
444,Prov. Gorontalo,Kota Gorontalo,P,Profesi,10949,10868.0,2487.500198476457,18969.385755370764,14767.724486793208,14394.804275590546,19186.08464524768,8011.768016438989,9106.48769989638
445,Prov. Gorontalo,Kota Gorontalo,P,S1,3836,24266.0,5554.074329796624,4265.74166659457,3575.696219750584,3502.6379843222394,3995.2146835807957,3663.3001582590587,3631.6307100746963
446,Prov. Gorontalo,Kota Gorontalo,P,S2,190,658.0,150.60499913484622,233.7978362335909,208.756613867489,200.97370855704733,212.62311421556586,160.91160312603324,191.25960877824144
447,Prov. Gorontalo,Kota Gorontalo,P,S3,11,90.0,20.59946796677228,15.120184954337361,14.214265037995382,18.133812235161027,17.46379586163079,16.752776954607906,15.078439141883502
448,Prov. Jambi,Kab. Batang Hari,L,S1,131,1516.0,353.34813365751114,212.67605030178512,168.98354567656725,163.58555505372468,214.83692596678904,221.32045945954263,209.24280671918413
449,Prov. Jambi,Kab. Batang Hari,L,S2,3,25.0,5.82698109593521,9.531987489708465,8.879670640769866,9.66218993997344,7.362867084640399,7.703721256654252,7.6510993832057945
450,Prov. Jambi,Kab. Batang Hari,P,S1,288,2042.0,475.947815915988,363.18502171570356,298.64078383807396,304.890624314478,391.44115204370485,358.8374362478741,392.46063260011533
451,Prov. Jambi,Kab. Batang Hari,P,S2,1,23.0,5.360822608260394,9.628548970105886,8.874962957349066,9.610308863387475,7.488547557698432,7.196281151281701,5.312047603474751
452,Prov. Jambi,Kab. Bungo,L,D3,14,59.0,13.751675386407097,13.293017624027234,11.518553981975707,10.989894563639027,12.50430352436613,10.607024511505946,11.981814873111722
453,Prov. Jambi,Kab. Bungo,L,S1,600,3443.0,802.4918365321971,433.1092590344124,356.92985380065994,329.3183932830716,432.79545639628645,451.5744696773825,456.3844553161604
454,Prov. Jambi,Kab. Bungo,P,D3,25,170.0,39.62347145235943,49.51263669607364,44.67061098609561,45.30209786194282,49.47533386867653,39.117906150812686,39.724254192273854
455,Prov. Jambi,Kab. Bungo,P,S1,978,4007.0,933.9485300564955,711.1036926285159,626.9432984571076,636.7727139635737,779.6780473168698,714.9253270985016,753.6338430646016
456,Prov. Jambi,Kab. Kerinci,L,D3,71,183.0,42.65350162224574,56.1791701293219,49.74706628996017,53.05660105975633,51.081929440354614,28.806907014769553,30.75914606321593
457,Prov. Jambi,Kab. Kerinci,L,Profesi,519,86.0,20.044814970017125,127.16542408813763,101.32796039577069,106.32424627771998,112.72057850187758,75.27461743898743,150.88083844859722
458,Prov. Jambi,Kab. Kerinci,L,S1,243,1668.0,388.77617872079725,233.75785445336717,184.59975064880948,175.2077979061695,166.26208015610257,256.63119955005027,236.7997265761267
459,Prov. Jambi,Kab. Kerinci,L,S2,51,159.0,37.05959977014794,52.025189552918874,45.93733185265245,46.09416439108271,50.697007796063595,44.986000436876324,53.405252736174724
460,Prov. Jambi,Kab. Kerinci,P,D3,7,17.0,3.962347145235943,5.53303973715435,4.795155156575989,5.0180423460732495,4.972919814155424,5.390435338215688,5.191865523151209
461,Prov. Jambi,Kab. Kerinci,P,Profesi,861,219.0,51.04435440039244,355.55292850545266,280.3217713186202,292.7196814965377,322.11580921427327,150.92825073643834,201.52891049409908
462,Prov. Jambi,Kab. Kerinci,P,S1,443,2134.0,497.39110634902954,361.27558095358035,290.83629873074756,285.49660286908835,306.4860234951267,333.6319620022708,353.97224568069163
463,Prov. Jambi,Kab. Kerinci,P,S2,65,167.0,38.924233720847205,65.50601053246834,58.82201506722607,60.85666915081061,63.637795394097175,53.53735725655842,66.84023542714225
464,Prov. Jambi,Kab. Merangin,L,S1,113,2155.0,502.2857704696151,288.92875314021256,240.17535125031932,230.39687801676126,292.4589746549412,262.2833428739211,228.06031668315111
465,Prov. Jambi,Kab. Merangin,P,Profesi,50,51.0,11.887041435707829,59.42785363989813,45.08629557406023,42.37467374224977,44.22471364157388,30.2602534963485,32.7357389757449
466,Prov. Jambi,Kab. Merangin,P,S1,131,2857.0,665.9073996434759,455.2521605860607,383.81815680540024,378.3108560869618,449.84802985533224,379.3203933038653,402.17880582639475
467,Prov. Jambi,Kab. Muaro Jambi,L,D3,78,359.0,83.67544853762962,176.720501492314,126.65448443744079,92.72894668067252,83.74903018597828,81.90690057410124,92.75898757109752
468,Prov. Jambi,Kab. Muaro Jambi,L,D4,6,142.0,33.097252624911995,47.311244223510585,34.73915491045116,27.048295794224966,25.57896552295909,24.663458241063115,20.151046284168594
469,Prov. Jambi,Kab. Muaro Jambi,L,Profesi,1464,1611.0,375.49066182206496,4076.1778570008055,2641.85874504397,1915.9356484619186,6783.01899507494,2301.9934538153557,2038.3094647615399
470,Prov. Jambi,Kab. Muaro Jambi,L,S1,1757,11110.0,2589.5103990336074,3616.3920566498155,2575.113980672008,1929.5072902216218,1842.154403353777,1938.9283860295004,1903.0372616614388
471,Prov. Jambi,Kab. Muaro Jambi,L,S2,176,604.0,140.77986327779468,352.8934189536616,256.8438224539466,181.21040907746064,226.08970577386336,165.2258906224021,169.91070812273134
472,Prov. Jambi,Kab. Muaro Jambi,L,S3,60,306.0,71.32224861424697,84.24727408400821,63.43844443477346,58.35980156145059,63.35032091723864,63.121318057290964,63.666328716672844
473,Prov. Jambi,Kab. Muaro Jambi,P,D3,100,434.0,101.15639182543525,250.5837740553174,180.57403194846563,134.3399297460852,112.62832958679626,101.05614147056413,128.4360809885716
474,Prov. Jambi,Kab. Muaro Jambi,P,D4,39,352.0,82.04389383076776,134.33004393936153,98.87425844328945,77.9139887872315,87.0685688247591,79.75316438947911,91.27645305667772
475,Prov. Jambi,Kab. Muaro Jambi,P,Profesi,3830,4339.0,1011.3308390105151,12116.089497238503,7782.267999913422,5628.175074019338,18640.893471887823,5382.817696236758,5674.72710204672
476,Prov. Jambi,Kab. Muaro Jambi,P,S1,3603,18244.0,4252.297724569679,6791.207287412486,4857.932054933531,3693.897472832596,3570.477517233435,3514.983125181349,3531.310173391086
477,Prov. Jambi,Kab. Muaro Jambi,P,S2,265,739.0,172.24556119584483,507.68682094633465,373.5117983705829,269.59753864648667,297.3317548742403,196.21585344818598,239.07927902712265
478,Prov. Jambi,Kab. Muaro Jambi,P,S3,34,232.0,54.07438457027875,77.34945406615174,59.4196709791444,56.59128410309854,46.259114201026776,49.52596688351122,39.819214149743445
479,Prov. Jambi,Kab. Sarolangun,L,S1,11,645.0,150.33611227512841,79.48946970767888,64.03273643328271,58.75469146040602,105.14676055410928,90.43101456390454,71.92709690121139
480,Prov. Jambi,Kab. Sarolangun,P,S1,29,1066.0,248.46247393067736,160.37256743403387,132.1259068504912,125.9197567309266,168.15632323529283,157.2078736480956,158.00365030017898
481,Prov. Jambi,Kab. Sungai Penuh,L,D3,26,158.0,36.82652052631053,36.547032298771676,32.58312251048504,31.600877105461834,38.27628346840205,38.94681723711665,30.203851084811603
482,Prov. Jambi,Kab. Sungai Penuh,L,S1,256,2610.0,608.336826415636,277.8380542108655,221.46294499995966,191.76713336132823,252.29010304017064,251.59699648635896,229.03470616175514
483,Prov. Jambi,Kab. Sungai Penuh,P,D3,69,274.0,63.86371281144991,78.30323630372229,71.66594227219262,72.54161413927318,80.9912507996733,64.46832156825886,74.32955610796678
484,Prov. Jambi,Kab. Sungai Penuh,P,S1,228,1731.0,403.460171082554,228.64021820681432,187.343413612623,169.60321631823913,186.4422204124425,228.50264666935527,224.10550982683233
485,Prov. Jambi,Kab. Tanjung Jabung Barat,L,S1,215,920.0,214.43290433041574,128.64887394099108,100.05874935910869,98.87287928620265,98.00852540700654,110.55119548298167,116.45326477460061
486,Prov. Jambi,Kab. Tanjung Jabung Barat,P,S1,364,1131.0,263.6126247801089,199.11500987466044,159.9198984992314,166.18685912577195,174.63048706506723,209.21174424533817,202.44456572342597
487,Prov. Jambi,Kab. Tanjung Jabung Timur,L,S1,80,931.0,216.99677601262724,167.16040910125923,131.93409142452597,141.6674699353122,113.10467142946435,135.6676133672463,115.23597354823148
488,Prov. Jambi,Kab. Tanjung Jabung Timur,P,S1,89,735.0,171.3132442204952,152.09028215194397,120.58325656057072,131.3958471560317,107.36244320908608,136.48872390019952,137.56003025809213
489,Prov. Jambi,Kab. Tebo,L,S1,79,482.0,112.34419552963085,81.7862549730981,68.96057587781813,72.08319403036818,79.83359362579908,62.34018261108924,62.19192311040433
490,Prov. Jambi,Kab. Tebo,P,S1,134,754.0,175.74174985340593,149.82262146757344,127.53445243815035,136.15803082857678,171.14665917256983,171.27329318851332,165.48361251089727
491,Prov. Jambi,Kota Jambi,L,D3,181,714.0,166.4185800999096,191.68546048483304,188.23939615320234,196.15667307329988,190.85538547101558,148.67503789977025,159.85663470563736
492,Prov. Jambi,Kota Jambi,L,D4,181,473.0,110.24648233509419,89.98593123915983,93.34188339365737,107.5619956434839,84.49075970286032,71.58084235573159,62.527449994591315
493,Prov. Jambi,Kota Jambi,L,Profesi,524,218.0,50.811275156555034,213.73065463355633,173.14686589890908,158.66183166083212,270.12809227139036,210.0910291222581,202.90374477318005
494,Prov. Jambi,Kota Jambi,L,S1,2149,16623.0,3874.47627030924,2571.9957154967437,2421.8940492697243,2466.5736315875424,2345.926061144326,2532.651846798354,2398.3702018004856
495,Prov. Jambi,Kota Jambi,L,S2,165,1223.0,285.0559152131505,404.4126109285337,414.11022404135616,430.13395568294294,456.0294244455297,406.9042481840687,422.6219853330932
496,Prov. Jambi,Kota Jambi,L,S3,30,303.0,70.62301088273475,53.522062783750535,58.96586589278918,84.00606264618011,54.16678331811097,55.73146888686556,49.670167795194736
497,Prov. Jambi,Kota Jambi,P,D3,549,1615.0,376.4229787974146,537.58912643502,542.3083823207958,590.3045514562135,508.4365442432187,477.02006606341183,456.8838964858046
498,Prov. Jambi,Kota Jambi,P,D4,1538,3388.0,789.6724781211396,713.8427337181959,733.5142973305523,842.4813562144335,625.6259893680648,868.4672299751056,875.8227560251717
499,Prov. Jambi,Kota Jambi,P,Profesi,2489,1512.0,352.4158166821615,2120.6442402673815,1846.241372197075,1873.2862184936657,2277.3099175856264,1574.8708999951994,1823.6621412665013
500,Prov. Jambi,Kota Jambi,P,S1,4100,19913.0,4641.306982534314,3741.900432043535,3597.8748227900082,3797.959813131755,3941.6106361725674,3610.060496238975,3680.1586172540424
501,Prov. Jambi,Kota Jambi,P,S2,136,820.0,191.1249799466749,315.81509202064876,325.9262620369484,345.0172182347465,323.83056810762184,237.13754981065918,289.63427079223743
502,Prov. Jambi,Kota Jambi,P,S3,20,127.0,29.601063967350868,24.40245964323285,26.52340320350054,37.46254301476969,27.54843440840538,18.142422801490053,19.2315929223552
503,Prov. Jawa Barat,Kab. Bandung,L,D3,533,1715.0,392.5343062557162,456.8364295005269,426.6405410243229,483.29501404674613,426.50689319027776,368.27318711044734,402.7421069591326
504,Prov. Jawa Barat,Kab. Bandung,L,D4,79,597.0,136.64313751292278,101.47803024685287,95.7016867999069,111.30343227401849,92.8077684938397,140.91735176152318,129.05444779218027
505,Prov. Jawa Barat,Kab. Bandung,L,Profesi,13,2.0,0.45776595481716176,3.277115727668556,3.0910197981030607,3.234981139033015,3.7430344739307286,2.913819346128645,3.340610216097145
506,Prov. Jawa Barat,Kab. Bandung,L,S1,5626,28803.0,6592.516398299355,4799.740992453541,4834.888432141024,5248.399742294121,5238.801244602404,4723.382665664114,3844.734918350235
507,Prov. Jawa Barat,Kab. Bandung,L,S2,507,1420.0,325.01382792018484,445.0437914023756,468.1861412979915,473.4759842699095,435.7410997554934,381.63416036144815,388.7560810501981
508,Prov. Jawa Barat,Kab. Bandung,L,S3,3,39.0,8.926436118934655,6.773087466547553,8.055082455853283,11.413043075553045,6.409922732705211,5.533016346435833,5.541600175722932
509,Prov. Jawa Barat,Kab. Bandung,P,D3,476,1396.0,319.5206364623789,419.20125433327365,394.59875365091847,443.5670800879236,362.55439511005795,314.13186435684975,353.2158768505589
510,Prov. Jawa Barat,Kab. Bandung,P,D4,28,366.0,83.7711697315406,63.28229916867169,57.14160586576321,64.37038993384539,62.81422470062103,65.01707328504321,51.47957316603033
511,Prov. Jawa Barat,Kab. Bandung,P,Profesi,9,21.0,4.806542525580198,23.565227295922735,17.77133901050652,15.780349233240813,30.313690315471398,11.93956204420534,12.678888768605574
512,Prov. Jawa Barat,Kab. Bandung,P,S1,4002,21335.0,4883.218323012073,3967.791789338415,3994.2765990970875,4326.600604715493,4269.074718726822,3870.6082450582885,3928.3686641548143
513,Prov. Jawa Barat,Kab. Bandung,P,S2,500,1012.0,231.62957313748385,363.7458239745067,385.5319735283679,396.4230012416817,354.0900280210304,301.3743823815666,342.75665520622965
514,Prov. Jawa Barat,Kab. Bandung,P,S3,1,12.0,2.7465957289029705,2.3465543507372755,2.7885853934962963,3.991489353387113,2.424788004806289,3.481803330316791,2.7061289222122706
515,Prov. Jawa Barat,Kab. Bandung Barat,L,D3,79,226.0,51.727552894339276,64.98173705974867,60.20202943764701,64.4258992224326,65.79955302847571,68.94505041233087,51.85748618734137
516,Prov. Jawa Barat,Kab. Bandung Barat,L,Profesi,47,61.0,13.961861621923434,80.64178852440409,63.55907505915315,62.22654471561041,47.32095038047836,35.35827590616668,42.66945875336531
517,Prov. Jawa Barat,Kab. Bandung Barat,L,S1,583,1814.0,415.1937210191657,295.6129662455721,277.3024799974447,286.65322435335884,266.9303758471365,269.8002011712762,239.3656068294957
518,Prov. Jawa Barat,Kab. Bandung Barat,L,S2,50,116.0,26.55042537939538,37.50144749243243,36.80623727384838,37.95620727411087,37.878593355371635,39.22549651737642,36.05117381247505
519,Prov. Jawa Barat,Kab. Bandung Barat,P,D3,164,371.0,84.91558461858351,121.6788230590469,113.29999390760646,123.0481923868213,113.90384220589684,115.84409165286817,99.41095322313193
520,Prov. Jawa Barat,Kab. Bandung Barat,P,Profesi,157,205.0,46.92101036875908,310.19471624156336,246.10244992951257,244.81258419878097,170.37547754508313,198.9993224601687,169.93359144934487
521,Prov. Jawa Barat,Kab. Bandung Barat,P,S1,573,2055.0,470.3545185746337,391.9670707734757,373.8473526898139,395.7511713409334,415.41394492774305,331.0781115398576,368.3659133011783
522,Prov. Jawa Barat,Kab. Bandung Barat,P,S2,27,56.0,12.81744673488053,20.70825290950113,20.452822578947803,21.425666916971224,20.266883947549296,15.82972767199621,14.262074815108857
523,Prov. Jawa Barat,Kab. Bekasi,L,D3,548,1751.0,400.7740934424251,478.9469428195475,468.4337231670767,507.73308484780216,482.8559133837735,458.56433867507,446.9310032535086
524,Prov. Jawa Barat,Kab. Bekasi,L,D4,424,1790.0,409.70052956135976,331.41150557031705,332.24239799516016,387.3751100289062,343.9347557697944,384.9333520831704,374.35789036743626
525,Prov. Jawa Barat,Kab. Bekasi,L,Profesi,17,16.0,3.662127638537294,23.78181706355629,21.327917995671957,22.42634967335942,16.659880600895384,3.971826962777212,7.039601798756768
526,Prov. Jawa Barat,Kab. Bekasi,L,S1,2443,20714.0,4741.081994041344,2783.238016646595,2584.306073774406,2574.8783875473887,2779.578722039211,2958.8593910470413,2744.269616239393
527,Prov. Jawa Barat,Kab. Bekasi,L,S2,131,421.0,96.35973348901256,96.31330877917317,87.39288444201802,82.27556396884707,94.5511917889601,85.35044985244616,105.35530581393166
528,Prov. Jawa Barat,Kab. Bekasi,P,D3,471,1461.0,334.3980299939367,404.360962689906,376.6940619447768,397.2885519511053,438.1483723176731,357.9294445095042,368.0283413339834
529,Prov. Jawa Barat,Kab. Bekasi,P,D4,254,1118.0,255.8911687427934,229.67614261517542,228.6478074575822,267.727294947894,231.80156119195678,262.19153171979036,229.541271248868
530,Prov. Jawa Barat,Kab. Bekasi,P,Profesi,122,163.0,37.30792531759868,269.17212323415595,239.77187487177653,253.50625671498534,157.65926189791588,133.0045978915854,140.54187221260824
531,Prov. Jawa Barat,Kab. Bekasi,P,S1,2933,18332.0,4195.882741854105,2975.5993159746013,2848.7435198519356,2940.3509857760273,2879.0437368862968,3003.601519397094,3347.441198412573
532,Prov. Jawa Barat,Kab. Bekasi,P,S2,66,273.0,62.48505283254258,72.36148849439165,66.45593069709399,63.84180265708977,71.74161541664925,54.115447427301085,63.35704354567683
533,Prov. Jawa Barat,Kab. Bogor,L,D3,187,614.0,140.53414812886865,204.19312238010164,168.20460303572006,174.74254865431695,142.53648331586663,150.4764885090124,140.31966927257068
534,Prov. Jawa Barat,Kab. Bogor,L,D4,1081,4932.0,1128.8508445791208,983.0066384263148,763.7031328303023,872.2644467866985,790.4096593074423,811.351631830583,762.8402325459542
535,Prov. Jawa Barat,Kab. Bogor,L,Profesi,102,180.0,41.19893593354456,329.6513380088495,250.0420277188129,254.19850172426698,442.8990031794914,122.31175981373991,245.7246410916799
536,Prov. Jawa Barat,Kab. Bogor,L,S1,4085,23228.0,5316.493799246517,3801.819720739698,2899.265365685631,2937.598704549253,3426.957150480393,4009.778704241674,3645.7241705001484
537,Prov. Jawa Barat,Kab. Bogor,L,S2,1424,3968.0,908.2076543572489,1495.1448350769188,1309.5325109892435,1313.8900572958548,1292.334442823259,1025.9907069439553,1057.2904753270222
538,Prov. Jawa Barat,Kab. Bogor,L,S2 Terapan,23,36.0,8.239787186708911,16.906846433533715,15.125470336130014,12.87877373379166,27.23516411540772,11.269503077171487,7.04932394980105
539,Prov. Jawa Barat,Kab. Bogor,L,S3,203,1057.0,241.92930712087,201.73660543980895,191.8634959836913,261.3334109982814,166.69124320940358,229.4921634626134,206.2048432514792
540,Prov. Jawa Barat,Kab. Bogor,P,D3,436,1609.0,368.2727106504066,537.7206374076566,420.0125850621372,424.8880568570021,470.2668073756589,367.3085083321108,378.0082789251295
541,Prov. Jawa Barat,Kab. Bogor,P,D4,1921,6546.0,1498.2679701165705,1451.4167904044855,1117.6353272958602,1291.9744640701274,1083.4571843032418,1344.705349583548,1254.1363176917964
542,Prov. Jawa Barat,Kab. Bogor,P,Profesi,181,357.0,81.71122293486337,719.207229593109,540.5139509101978,548.135535540264,858.0461119481323,574.4390380755285,753.7175432275403
543,Prov. Jawa Barat,Kab. Bogor,P,S1,5783,27183.0,6221.725974897454,5129.909323137595,3926.3044955422592,4109.892087878917,4898.206671509585,6028.350295721081,5501.944235565103
544,Prov. Jawa Barat,Kab. Bogor,P,S2,1253,3521.0,805.8969634556132,1505.6679384723834,1322.4150446900358,1344.1012810611305,1239.7565935658013,1044.1269219148649,1270.953271685
545,Prov. Jawa Barat,Kab. Bogor,P,S2 Terapan,6,10.0,2.2888297740858086,5.141589791994809,4.538866757789372,3.8659299363126283,8.27686490743218,4.164419543555828,4.062262524995485
546,Prov. Jawa Barat,Kab. Bogor,P,S3,172,901.0,206.22356264513138,193.81657181894954,184.27269860052033,253.6493497103198,141.4672600945918,221.1790194348243,197.5925713105091
547,Prov. Jawa Barat,Kab. Ciamis,L,D3,34,95.0,21.743882853815183,25.562490354287412,25.421670442488505,26.096586856033156,35.31092210395806,24.288599569745,30.83928934521999
548,Prov. Jawa Barat,Kab. Ciamis,L,Profesi,717,747.0,170.97558412420992,1187.310976091528,1123.9817527908617,1152.60900391105,5361.324287944356,836.4531356296886,956.9979773738883
549,Prov. Jawa Barat,Kab. Ciamis,L,S1,1021,5665.0,1296.6220670196108,847.969723226712,846.3710937570874,834.6315055816788,900.5492176017854,790.2821095763111,773.7429155563425
550,Prov. Jawa Barat,Kab. Ciamis,L,S2,137,348.0,79.65127613818615,109.4878739553437,117.39342627075192,117.73413519954491,165.95056419653497,113.97552540909629,107.9840977507372
551,Prov. Jawa Barat,Kab. Ciamis,P,D3,182,352.0,80.56680804782047,111.44245458820434,112.95021414817901,118.95718718449636,164.41073791026568,98.91055811680657,99.5821206069327
552,Prov. Jawa Barat,Kab. Ciamis,P,Profesi,862,893.0,204.39249882586273,1567.9019817183885,1470.4833451674883,1513.1704043401685,4670.009459332536,1204.0383524766396,1157.1527552155649
553,Prov. Jawa Barat,Kab. Ciamis,P,S1,1325,5722.0,1309.6683967318997,1041.47859211398,1072.9800486408683,1103.205134488455,1274.5180587225875,970.8340984170759,1007.6929785498077
554,Prov. Jawa Barat,Kab. Ciamis,P,S2,94,220.0,50.354255029887796,80.09682380727418,86.87397896768898,88.86632527706884,113.67083870211711,90.2532992664522,75.4565227574233
555,Prov. Jawa Barat,Kab. Cianjur,L,D3,1,5.0,1.1444148870429043,1.5522006783206828,1.5294740648960319,1.6930556910290748,1.4368391594940335,2.165297844842144,2.6708159468707544
556,Prov. Jawa Barat,Kab. Cianjur,L,D4,9,24.0,5.493191457805941,3.8604991659565746,3.439350749065886,3.77622871864002,4.021108132658817,8.616235562997769,6.092479499284852
557,Prov. Jawa Barat,Kab. Cianjur,L,S1,967,4788.0,1095.8916958322852,701.3797289336644,644.3640822495317,646.540927446538,685.0836954827215,676.5795954469972,703.4305630172772
558,Prov. Jawa Barat,Kab. Cianjur,L,S2,99,229.0,52.41420182656502,77.44449302353331,79.7042532678531,84.08208680082411,73.59562848971437,61.79179427871416,67.03073111976676
559,Prov. Jawa Barat,Kab. Cianjur,L,S3,1,3.0,0.6866489322257426,0.3701598986823829,0.35707630250969846,0.45575461712282983,0.4364363906166532,2.3381785616247086,2.175743021606332
560,Prov. Jawa Barat,Kab. Cianjur,P,D3,85,218.0,49.89648907507063,61.22125069789368,54.64361184375,56.58776440264201,63.29227071598,62.30417111821188,59.25762149917059
561,Prov. Jawa Barat,Kab. Cianjur,P,D4,11,63.0,14.419627576740595,12.599657903032744,11.796786334005054,13.367289720343663,13.430641809007103,12.526528711866886,11.819603522655632
562,Prov. Jawa Barat,Kab. Cianjur,P,Profesi,6,9.0,2.059946796677228,16.064505879183827,14.10473743368257,14.971253561275427,11.069489081273499,6.2669422879616326,10.244144151169028
563,Prov. Jawa Barat,Kab. Cianjur,P,S1,1049,4589.0,1050.3439833279776,811.3672232636136,768.1767090298305,798.4346637091967,827.4168164968032,893.616186138827,928.1971268286891
564,Prov. Jawa Barat,Kab. Cianjur,P,S2,34,97.0,22.201648808632346,34.7373081431802,34.75386026852009,36.24830918805874,33.82049074604454,27.24497048315548,32.638694461367656
565,Prov. Jawa Barat,Kab. Cianjur,P,S3,2,5.0,1.1444148870429043,0.9728483313781471,1.0906423702405146,1.5827621869177888,0.8423323661894369,2.1500640776598283,2.401084971167643
566,Prov. Jawa Barat,Kab. Cirebon,L,D3,199,887.0,203.01920096141123,240.0213522887073,234.39194649883012,253.0394915645441,235.7245476623964,226.40870163497783,186.86966226873045
567,Prov. Jawa Barat,Kab. Cirebon,L,Profesi,1163,932.0,213.31893494479738,1286.9517719475534,1120.3509645535864,1147.7281296750486,739.1823392327706,1082.869087972121,1344.9522554630319
568,Prov. Jawa Barat,Kab. Cirebon,L,S1,1406,11603.0,2655.729186871764,1568.7592953164988,1465.7359019797507,1462.7329167543567,1466.5861075267615,1779.079374733546,1658.832715582995
569,Prov. Jawa Barat,Kab. Cirebon,L,S2,65,334.0,76.44691445446601,117.22196635291911,129.2917497724289,141.41662696047666,108.48487188302242,96.2174801944325,101.5720994058019
570,Prov. Jawa Barat,Kab. Cirebon,P,D3,253,912.0,208.74127539662575,282.96464487860766,278.37504245871054,305.5361907098472,262.8964295675613,255.45522100914093,274.6802735230207
571,Prov. Jawa Barat,Kab. Cirebon,P,Profesi,4458,2759.0,631.4881346702747,4492.748400981931,3990.0776551972767,4196.973449664723,2816.2524941364145,2994.753930096806,3555.5273981007795
572,Prov. Jawa Barat,Kab. Cirebon,P,S1,2551,13013.0,2978.454185017863,2178.706713627037,2122.9632285378902,2212.3623185192805,2192.9073150324775,2146.422770020581,2157.9348918353894
573,Prov. Jawa Barat,Kab. Cirebon,P,S2,57,239.0,54.70303160065083,93.41281924703796,102.44582869322826,112.76265660124146,74.41687622191165,51.874993917321824,43.006452469127765
574,Prov. Jawa Barat,Kab. Garut,L,D3,89,316.0,72.32702086111156,87.47961621841993,86.39404690700002,91.11908338754588,85.13166574334205,74.97413720794124,82.5425813391587
575,Prov. Jawa Barat,Kab. Garut,L,Profesi,625,409.0,93.61313776010958,659.0348201553263,615.4739345853451,645.1077557154169,364.50542807730716,405.27974263920987,443.2899281831061
576,Prov. Jawa Barat,Kab. Garut,L,S1,1807,10624.0,2431.652751988763,1533.5213605026752,1475.709801387201,1463.3308191735402,1651.160234038867,1431.384773999355,1477.2601312483616
577,Prov. Jawa Barat,Kab. Garut,L,S2,86,331.0,75.76026552224027,77.12035007601423,70.85881789901025,65.05504961052604,83.52889087857096,72.155583963384,72.71522743346614
578,Prov. Jawa Barat,Kab. Garut,P,D3,338,941.0,215.3788817414746,304.14504520400953,305.06174231681615,329.1993259129685,285.27015490898845,260.8709270707686,276.47046113477325
579,Prov. Jawa Barat,Kab. Garut,P,Profesi,1752,1181.0,270.310796319534,2094.3619199915047,1934.5454418227,2032.088125260723,727.9167253267148,1524.9786746334184,1553.6372925393173
580,Prov. Jawa Barat,Kab. Garut,P,S1,2396,11954.0,2736.067111942176,2097.9782684224624,2086.558047454498,2150.795522826566,2197.751957975056,1998.4956640869777,1968.5336683040955
581,Prov. Jawa Barat,Kab. Garut,P,S2,52,234.0,53.558616713607925,73.42221456053791,73.0439912816411,72.14044437792515,87.36459165188819,78.93593951636686,66.6842851870122
582,Prov. Jawa Barat,Kab. Indramayu,L,D3,428,1294.0,296.17457276670365,355.36407198557697,350.63806581259814,368.4108428770651,291.13760151490555,270.29783059585253,278.68661066656006
583,Prov. Jawa Barat,Kab. Indramayu,L,D4,73,661.0,151.29164806707197,124.38744587041839,125.74864902259407,144.65119257563836,126.12424329901447,138.62708033954632,133.21060130100392
584,Prov. Jawa Barat,Kab. Indramayu,L,Profesi,296,300.0,68.66489322257426,485.7224447541496,455.81897208496497,478.0960984415203,243.03187346449343,303.07146902636975,342.3412796907366
585,Prov. Jawa Barat,Kab. Indramayu,L,S1,536,5382.0,1231.8481844129824,732.6929121213898,689.3434634042404,667.4938415149132,691.8616232422225,762.9057875801232,736.7908986822183
586,Prov. Jawa Barat,Kab. Indramayu,L,S2,19,108.0,24.719361560126735,24.01543720123539,21.666725296181337,19.549410568262857,25.605903932895156,18.60819366834606,21.697368017154616
587,Prov. Jawa Barat,Kab. Indramayu,P,D3,264,690.0,157.9292544119208,224.64842321876486,226.67215703716616,244.99042114584284,186.02339952858063,169.01595446745478,187.83322176753686
588,Prov. Jawa Barat,Kab. Indramayu,P,D4,33,343.0,78.50686125114323,72.16899720494402,72.95166222442062,83.84626915907596,94.65748636467866,58.57234126839485,49.043904265021695
589,Prov. Jawa Barat,Kab. Indramayu,P,Profesi,1173,1187.0,271.6840941839855,2107.8447707582286,1953.4306454307794,2050.863636122079,1256.009875106113,1542.401219666672,1567.783041769362
590,Prov. Jawa Barat,Kab. Indramayu,P,S1,823,5809.0,1329.5812157664463,996.6864098732948,985.583349261768,1003.0125241802355,990.7843812993323,978.0760548007881,955.2697987975357
591,Prov. Jawa Barat,Kab. Indramayu,P,S2,10,49.0,11.215265893020463,16.934850330517556,17.64126785358637,18.00637131936822,16.67579633323996,12.623482010179048,13.204002012405805
592,Prov. Jawa Barat,Kab. Karawang,L,D1,16,16.0,3.662127638537294,14.024172561774733,6.439604166895151,6.34492901320375,6.223370517929878,3.1059097951418657,6.803530210744292
593,Prov. Jawa Barat,Kab. Karawang,L,D2,52,92.0,21.05723392158944,41.28271522349628,38.26596314089201,36.69825665874597,35.7843804780968,22.676990882374778,29.033551911427327
594,Prov. Jawa Barat,Kab. Karawang,L,D3,121,641.0,146.71398851890035,170.0599757658971,166.13757362549885,175.4279276232116,166.30296186714347,179.79196249994715,178.2939964098286
595,Prov. Jawa Barat,Kab. Karawang,L,Profesi,1019,1038.0,237.58053055010694,1651.436384852773,1546.1846969892676,1639.594776472345,1279.5337644005224,1362.7687850347668,1446.554889767248
596,Prov. Jawa Barat,Kab. Karawang,L,S1,2239,14927.0,3416.536203777887,2196.5938066604053,2141.0608337124468,2192.1179687526783,2139.9222325845176,2135.7131722923154,1958.140290948139
597,Prov. Jawa Barat,Kab. Karawang,L,S2,63,166.0,37.994574249824424,49.91569896201608,51.846091959172895,52.902918289397924,55.75545190298996,45.10105592283773,41.538457145593355
598,Prov. Jawa Barat,Kab. Karawang,P,D2,2,6.0,1.3732978644514853,2.9476030298356957,2.695982807273222,2.586371006866484,2.429783478364648,3.8106440734600104,4.190611567783781
599,Prov. Jawa Barat,Kab. Karawang,P,D3,206,1081.0,247.42249857867594,313.7570909491386,302.35867095635257,319.2891524010833,323.95380595560107,260.53278671688315,277.577121672478
600,Prov. Jawa Barat,Kab. Karawang,P,Profesi,801,821.0,187.9129244524449,1436.7886292913352,1330.192420698852,1413.3488008423608,693.9069230522736,1236.1927656687026,1215.8602580523657
601,Prov. Jawa Barat,Kab. Karawang,P,S1,3161,17886.0,4093.8009339298774,3103.9397223399815,3083.949348840284,3248.1809036532886,3307.24031960906,2758.60104408256,2861.1928681141558
602,Prov. Jawa Barat,Kab. Karawang,P,S2,50,137.0,31.35696790497558,49.21851870441275,52.459615922614084,55.213718835054756,52.15911661855189,40.28439937860189,36.66174300665733
603,Prov. Jawa Barat,Kab. Kuningan,L,D3,32,82.0,18.76840414750363,23.69859281045392,23.20966429142063,24.56917520812839,22.423735497026325,26.573626429910405,26.47010619958994
604,Prov. Jawa Barat,Kab. Kuningan,L,Profesi,1241,691.0,158.1581373893294,1123.7415926524955,1025.0657679174024,1065.6533110903608,934.5659524244261,899.1526447998572,887.2290742920679
605,Prov. Jawa Barat,Kab. Kuningan,L,S1,986,6401.0,1465.0799383923263,903.3332197830963,833.2754805506307,818.7388528224899,1001.623218268957,878.0206345717779,819.1015745604283
606,Prov. Jawa Barat,Kab. Kuningan,L,S2,106,243.0,55.618563510285156,57.32818460781204,51.52437610682658,46.97199662308254,58.06848889134894,48.16869000049415,43.93571974541539
607,Prov. Jawa Barat,Kab. Kuningan,P,D3,110,317.0,72.55590383852014,104.97700688598134,103.5423600187536,111.4106057017856,107.40258336641011,79.37397014403417,94.58808706605093
608,Prov. Jawa Barat,Kab. Kuningan,P,Profesi,4612,2538.0,580.9049966629783,4279.18691243714,3758.7398714134188,3834.8130111430864,2882.7210798048272,2533.7382331403005,2851.3318685874374
609,Prov. Jawa Barat,Kab. Kuningan,P,S1,1619,7534.0,1724.4043517962484,1327.4138609080278,1281.2501256128724,1319.382109231032,1549.315720928504,1392.4875805064141,1434.2324725404142
610,Prov. Jawa Barat,Kab. Kuningan,P,S2,100,186.0,42.57223379799604,61.1781006230994,60.46745310157318,60.02578390002489,64.18863674062351,62.26182538362235,67.06020045859756
611,Prov. Jawa Barat,Kab. Majalengka,L,D3,15,48.0,10.986382915611882,13.910726381416561,11.933319127609698,12.420342179718492,12.534703101125448,15.21939209262622,14.000601007073016
612,Prov. Jawa Barat,Kab. Majalengka,L,Profesi,847,506.0,115.81478656874192,831.9903855426652,667.2274057169834,683.9826264813865,685.6221410043652,624.1290975638672,628.5230138297987
613,Prov. Jawa Barat,Kab. Majalengka,L,S1,639,4146.0,948.9488243359763,575.9011368653156,463.52313049738643,440.4265476538675,561.1484273239087,674.7304978077938,614.1883777619747
614,Prov. Jawa Barat,Kab. Majalengka,L,S2,76,187.0,42.80111677540462,67.9404370438782,64.83221678914248,67.55650418789826,67.41802509173118,63.58603206499912,66.03867180902256
615,Prov. Jawa Barat,Kab. Majalengka,P,D3,116,246.0,56.30521244251089,81.83035165029597,70.75176860935804,74.89583870075892,78.81588174491142,80.37968975151526,80.71314674384053
616,Prov. Jawa Barat,Kab. Majalengka,P,Profesi,2913,1697.0,388.41441266236177,3110.533882509101,2481.495374040863,2560.826768747907,2699.737215994985,1601.1870030383568,1602.814970883442
617,Prov. Jawa Barat,Kab. Majalengka,P,S1,959,4766.0,1090.8562703292964,853.8690527389908,730.1198863034377,734.4632755350908,881.4672704033093,818.9042682022491,892.5444864149248
618,Prov. Jawa Barat,Kab. Majalengka,P,S2,42,98.0,22.430531786040927,39.75675332840255,37.76730975254223,39.640404257661025,38.05371738366541,33.27072433838305,36.7818649055348
619,Prov. Jawa Barat,Kab. Pangandaran,L,D3,46,148.0,33.87468065646997,43.81297117511865,40.421615697985494,44.678577437993724,27.605286817537227,32.18014503669764,33.39308189150335
620,Prov. Jawa Barat,Kab. Pangandaran,L,S1,30,183.0,41.8855848657703,36.014384924554875,37.57513817344237,38.86421173855677,29.50770791706702,39.056751273604256,42.562086003441294
621,Prov. Jawa Barat,Kab. Pangandaran,P,D3,39,125.0,28.61037217607261,40.502977498227295,36.885957058529705,40.73719177303699,24.406595692271665,38.35699971504312,42.92022735302931
622,Prov. Jawa Barat,Kab. Pangandaran,P,S1,66,375.0,85.83111652821783,80.80827689809287,83.19785283422846,86.08434904026583,60.949544568721954,74.8248147737221,73.98452700903381
623,Prov. Jawa Barat,Kab. Purwakarta,L,D3,76,283.0,64.77388260662839,76.29783712766564,71.90886077033262,77.32134664917635,73.00147997880104,56.13311675364782,59.38450172405651
624,Prov. Jawa Barat,Kab. Purwakarta,L,D4,45,635.0,145.34069065444885,104.75616613375423,96.46155305520192,108.3426915820317,113.18783243098383,139.94757729548957,131.7286466562735
625,Prov. Jawa Barat,Kab. Purwakarta,L,S1,631,4762.0,1089.9407384196622,640.4543231490554,577.060086295789,573.3786797463184,640.7097290459106,641.6555536061426,670.6744213263655
626,Prov. Jawa Barat,Kab. Purwakarta,L,S2,12,52.0,11.901914825246205,15.93263130762632,15.984423678339356,16.62488202197935,18.152962134744442,17.496100249228217,15.666700176783603
627,Prov. Jawa Barat,Kab. Purwakarta,P,D3,91,286.0,65.46053153885413,89.86109659041628,85.94429288261927,94.4934955706022,87.61707004674469,60.50483232345721,77.67902110771617
628,Prov. Jawa Barat,Kab. Purwakarta,P,D4,523,930.0,212.86116898998023,182.83396985100387,172.94631789086202,199.1886292293416,186.91172222460804,217.25513201757482,179.24773213568827
629,Prov. Jawa Barat,Kab. Purwakarta,P,Profesi,605,553.0,126.57228650694523,726.7399522492018,566.7506613663668,551.4421800514272,452.7858985339107,473.4963638991416,443.9796226019357
630,Prov. Jawa Barat,Kab. Purwakarta,P,S1,803,4416.0,1010.7472282362932,754.1485489610105,716.7141443990681,750.1258436693313,777.9450390180297,791.1599066817043,812.9577914778195
631,Prov. Jawa Barat,Kab. Purwakarta,P,S2,10,47.0,10.757499938203301,16.606716207007693,16.827338462109857,17.829451276802132,17.075829202122023,17.086670280452175,16.802679507364555
632,Prov. Jawa Barat,Kab. Subang,L,D3,112,841.0,192.4905840006165,211.63287320692672,188.8690056986986,197.69417008178706,213.52555441498333,168.05188375870276,164.81940633840384
633,Prov. Jawa Barat,Kab. Subang,L,D4,1,302.0,69.12265917739143,58.198266912640655,56.2859853086351,66.13046918288428,63.95463477117223,46.04862978252148,44.417804767102965
634,Prov. Jawa Barat,Kab. Subang,L,S1,597,5782.0,1323.4013753764145,793.8416888533835,704.0591181394776,704.9584706519857,883.624259586121,771.2603937253386,737.9405672146426
635,Prov. Jawa Barat,Kab. Subang,L,S2,25,136.0,31.128084927567,36.211403204965656,33.31528348970601,32.89475571735562,44.198025235871455,33.96238651595985,39.806737357239584
636,Prov. Jawa Barat,Kab. Subang,P,D3,148,917.0,209.88569028366868,253.68228368834397,223.80869954708837,234.6829647700289,275.21178047858825,236.45325883760418,258.5718574811163
637,Prov. Jawa Barat,Kab. Subang,P,S1,719,5587.0,1278.7691947817414,940.0579179137394,866.1339011539328,900.7491737651328,922.643044798741,827.6203593980863,872.4302275100121
638,Prov. Jawa Barat,Kab. Subang,P,S2,17,63.0,14.419627576740595,23.449315028369384,23.753660297596266,25.562978178797536,24.248050965324623,20.370783933801327,22.16963298407618
639,Prov. Jawa Barat,Kab. Sukabumi,L,D3,57,129.0,29.525904085706934,38.77280407152929,36.82609101868181,40.78888725703593,36.92738540505161,29.213294945725405,39.54029577767906
640,Prov. Jawa Barat,Kab. Sukabumi,L,S1,1039,8736.0,1999.5216906413625,1252.0786638704112,1114.3283092240742,1122.162825743684,1285.567031305919,1476.9785351152238,1300.4256423784352
641,Prov. Jawa Barat,Kab. Sukabumi,L,S2,151,387.0,88.5777122571208,107.16412575229968,98.57325900514863,98.1975446336999,142.65089974278544,92.17863744453737,117.46712223573446
642,Prov. Jawa Barat,Kab. Sukabumi,P,D3,48,112.0,25.63489346976106,37.437267453375654,35.33382413780571,39.36484471744849,30.12942808065324,26.017888934644237,36.510063853526475
643,Prov. Jawa Barat,Kab. Sukabumi,P,S1,1223,9145.0,2093.134828401472,1616.8479505675411,1497.999264092414,1573.4463096455656,1833.7272981207382,1682.6057102745453,1742.9893190154157
644,Prov. Jawa Barat,Kab. Sukabumi,P,S2,56,174.0,39.825638069093074,62.171195847748706,60.769389780295974,64.09280333307038,70.23961105080124,49.09595687892307,58.199875890890254
645,Prov. Jawa Barat,Kab. Sumedang,L,D3,14,61.0,13.961861621923434,18.06934614193589,13.588187232560372,12.564514877878128,17.60143150504167,20.193229646610934,24.53231084121751
646,Prov. Jawa Barat,Kab. Sumedang,L,D4,980,3686.0,843.6626547280291,831.2238322138755,673.4869878807059,702.5274773717582,644.0284027050693,475.76738595468777,345.05239147757953
647,Prov. Jawa Barat,Kab. Sumedang,L,Profesi,392,626.0,143.28074385777163,1041.5174763924276,728.8964710562185,661.4723816829057,928.4714225945124,805.7750737071548,871.9291369598083
648,Prov. Jawa Barat,Kab. Sumedang,L,S1,2804,16237.0,3716.3729041831275,3117.256207029883,2481.3818647929684,2406.824682142463,3009.6328948226414,2750.6811544477564,2511.5739545578767
649,Prov. Jawa Barat,Kab. Sumedang,L,S2,524,1675.0,383.37898715937297,641.4316205165203,544.0072440777146,509.06923714741157,703.5360324589087,496.88045587671405,504.08041954483133
650,Prov. Jawa Barat,Kab. Sumedang,L,S2 Terapan,44,336.0,76.90468040928317,131.93856226166818,104.72118819089728,77.65726529325742,132.45007097737084,87.36696397549848,93.04821090104102
651,Prov. Jawa Barat,Kab. Sumedang,L,S3,218,1330.0,304.41435995341254,241.77325069348908,216.27278895054417,268.5615523003685,283.0388383334942,288.4731454235001,241.36758593384604
652,Prov. Jawa Barat,Kab. Sumedang,L,Sp-1,171,845.0,193.40611591025083,191.30043693613894,188.1583914067616,249.88160701440248,211.0701054210017,177.59397180896184,188.34360361491588
653,Prov. Jawa Barat,Kab. Sumedang,L,Sp-2,52,123.0,28.152606221255446,46.501457297508864,46.040133784666374,41.395356227519954,41.564656573840516,25.862501150461497,24.272853904931413
654,Prov. Jawa Barat,Kab. Sumedang,P,D3,21,72.0,16.479574373417822,28.170230408512413,22.738586341996033,22.464544199459105,21.926250305931053,24.433738584483766,28.301125663988234
655,Prov. Jawa Barat,Kab. Sumedang,P,D4,805,3416.0,781.8642508277122,840.0794681464339,666.9748796163883,703.2089178302315,646.2271711335231,482.5154337660402,395.59516693107696
656,Prov. Jawa Barat,Kab. Sumedang,P,Profesi,837,1651.0,377.885795701567,3018.388072522157,2087.8287779784177,1897.7662583962097,2424.7454151813595,2498.6437418527134,2547.7505209997216
657,Prov. Jawa Barat,Kab. Sumedang,P,S1,4563,23457.0,5368.908001073081,5199.66898413024,4164.10446185373,4157.956662474655,3828.0698011697546,4242.231914794692,4430.523043174061
658,Prov. Jawa Barat,Kab. Sumedang,P,S2,802,2230.0,510.4090396211354,987.5418485089019,846.9857666012069,808.2302883658372,1073.8835676666388,525.9250659469838,519.7018161673124
659,Prov. Jawa Barat,Kab. Sumedang,P,S2 Terapan,40,150.0,34.33244661128713,68.60318828389262,55.241565241346755,41.87842679893562,64.05193953375652,36.95278264429324,46.91096473156894
660,Prov. Jawa Barat,Kab. Sumedang,P,S3,159,905.0,207.1390945547657,192.8303306759206,175.4934144054737,223.2773807349028,196.1967222726301,224.32257779848038,200.98783958737272
661,Prov. Jawa Barat,Kab. Sumedang,P,Sp-1,171,909.0,208.05462646440003,227.07415437553428,221.1601940175737,294.61476951524116,209.79899377934458,219.6246703160959,221.50176769524313
662,Prov. Jawa Barat,Kab. Sumedang,P,Sp-2,26,65.0,14.877393531557757,26.71649599337285,26.019163642219286,23.34451510441084,21.818508399671913,24.390895044620123,27.502040261005718
663,Prov. Jawa Barat,Kab. Tasikmalaya,L,D3,7,27.0,6.179840390031684,6.190140617569609,5.186295386227743,5.295534080800029,6.157876606378831,6.193248703012908,5.67342554401052
664,Prov. Jawa Barat,Kab. Tasikmalaya,L,S1,702,3620.0,828.5563782190628,581.8233612564218,542.9590482160694,577.0125061105247,531.416584630436,499.26887842324743,464.3988058654207
665,Prov. Jawa Barat,Kab. Tasikmalaya,L,S2,18,88.0,20.141702011955118,17.81490745751846,14.188443908828507,12.825215521504777,20.24932470804678,18.4603359696644,19.69720206563157
666,Prov. Jawa Barat,Kab. Tasikmalaya,P,D3,23,75.0,17.166223305643566,19.79561209773185,16.7386388681519,17.401115916419922,19.94325409567219,19.884360860491476,18.263293719234476
667,Prov. Jawa Barat,Kab. Tasikmalaya,P,Profesi,6,6.0,1.3732978644514853,10.504834453251377,8.906757945878018,9.633808653982516,3.396806790216993,5.169178082922657,4.324776975788849
668,Prov. Jawa Barat,Kab. Tasikmalaya,P,S1,946,3858.0,883.030526842305,733.8688310486139,699.7955154044577,764.5513505717213,651.8169384466054,633.2599779047322,692.749349009119
669,Prov. Jawa Barat,Kab. Tasikmalaya,P,S2,7,33.0,7.553138254483169,7.97937341968178,6.520511330888368,6.0789138619577825,8.790387401193376,4.878211309565183,6.0121678473613
670,Prov. Jawa Barat,Kota Bandung,L,D1,16,18.0,4.119893593354456,16.582739509747263,7.830717898306998,7.531369643717189,11.850382948401476,12.628413024630873,11.228031977892394
671,Prov. Jawa Barat,Kota Bandung,L,D2,31,188.0,43.029999752813204,44.08716381617584,30.7216171463012,22.504574072803656,20.61153032967623,19.77268809099292,30.65898238991565
672,Prov. Jawa Barat,Kota Bandung,L,D3,2473,10876.0,2489.3312622957255,2782.635939346377,2685.1106423456886,2695.7877923786286,2649.4519741192375,2558.1444405349134,2688.88487688249
673,Prov. Jawa Barat,Kota Bandung,L,D4,1473,9103.0,2083.5217433503117,1666.0335786850478,1687.2522778573557,1862.6730918245544,1411.6192039476532,1959.0915689473318,1570.5929277455812
674,Prov. Jawa Barat,Kota Bandung,L,Profesi,11310,10923.0,2500.0887622339287,17907.875095799263,17090.528000995266,17567.9366588864,12268.446613248403,11086.74322934277,11157.469684745813
675,Prov. Jawa Barat,Kota Bandung,L,S1,21649,134663.0,30822.068386771727,19475.971755638933,18714.53283033278,18775.382986155604,20881.902564894273,20268.592181320117,18426.19557230156
676,Prov. Jawa Barat,Kota Bandung,L,S2,4772,13422.0,3072.0673227779725,4310.587520364701,4636.704599595558,4646.532327854648,4292.954849131356,3801.3192884569735,3830.2968694167625
677,Prov. Jawa Barat,Kota Bandung,L,S2 Terapan,37,106.0,24.261595605309573,39.033691609646695,41.32088121485627,34.11042005282045,37.07589817947627,25.700585611926982,30.41019954880003
678,Prov. Jawa Barat,Kota Bandung,L,S3,728,3969.0,908.4365373346575,598.8944190591001,676.3971661871979,896.0294696953208,654.3141991976267,716.0288441613764,557.9532209196238
679,Prov. Jawa Barat,Kota Bandung,P,D1,21,22.0,5.0354255029887796,22.189308686039904,10.339339618600011,9.947320378727245,15.775713444313755,14.37055140941987,16.2163925191549
680,Prov. Jawa Barat,Kota Bandung,P,D2,65,296.0,67.74936131293994,82.11248047200695,58.455245434593756,44.01428863194889,53.529362104704035,42.8645274250478,71.65780239064357
681,Prov. Jawa Barat,Kota Bandung,P,D3,4418,14630.0,3348.5579594875385,4443.725860681126,4391.697677859389,4528.377783518213,4321.241251960426,3944.8855270195245,3505.749083716447
682,Prov. Jawa Barat,Kota Bandung,P,D4,2391,10711.0,2451.56557102331,2235.425955003237,2277.6606930163543,2544.980983259134,2003.2666917015224,2274.1198737284,1885.3946599356682
683,Prov. Jawa Barat,Kota Bandung,P,Profesi,25882,25149.0,5756.1779988484,45196.76770764134,42586.10443503035,43809.2867342633,28091.756525394605,22463.45902483525,26012.732299076873
684,Prov. Jawa Barat,Kota Bandung,P,S1,28899,139555.0,31941.763912254504,25203.43197269699,25427.611885241084,26538.714099725028,29504.782131824635,24904.448915139954,25803.10025777867
685,Prov. Jawa Barat,Kota Bandung,P,S2,4297,11653.0,2667.173335742193,4337.236584889468,4722.007742580606,4830.260923521025,4192.704980856488,3723.6203144010096,3910.5064057787313
686,Prov. Jawa Barat,Kota Bandung,P,S2 Terapan,42,115.0,26.3215424019868,49.21572313816439,52.80407487663494,44.52756350801486,44.99859954614416,37.44918029321768,44.0057091136267
687,Prov. Jawa Barat,Kota Bandung,P,S3,516,2347.0,537.1883479779393,414.0983907800716,475.27949702552485,644.6221556411574,443.2044930348942,516.7037241940085,443.47144201309953
688,Prov. Jawa Barat,Kota Banjar,L,S1,85,564.0,129.0899992584396,100.17485781998477,92.8085221564771,98.38875871621309,90.05632685300813,128.59038064916115,109.34855102119027
689,Prov. Jawa Barat,Kota Banjar,P,S1,117,769.0,176.0110096271987,152.0395667041156,139.99619215874063,149.41334702487757,134.69877320253218,193.11598488279526,207.33682435468742
690,Prov. Jawa Barat,Kota Bekasi,L,D3,158,922.0,211.03010517071158,171.59204906896844,148.14460316150843,140.3815647728254,180.66757484076166,171.191601255296,167.12793001839023
691,Prov. Jawa Barat,Kota Bekasi,L,D4,99,441.0,100.93739303718417,68.19169409485096,66.19295812585635,72.4116362577122,71.67409004418957,88.56373524684835,107.00849872287587
692,Prov. Jawa Barat,Kota Bekasi,L,Profesi,97,126.0,28.83925515348119,141.68798208181542,117.65878420237138,112.20645064648114,96.14512819040006,85.01670354595218,75.80728107510596
693,Prov. Jawa Barat,Kota Bekasi,L,S1,1921,13816.0,3162.2472158769533,1693.8503476110154,1583.8515095674106,1528.7562428710899,1756.0281161501275,2078.979890934278,1905.4917321441326
694,Prov. Jawa Barat,Kota Bekasi,L,S2,160,588.0,134.58319071624555,172.0575020112016,182.94342060202453,187.81978936729794,195.5550280414565,175.53351608743895,166.66217142886313
695,Prov. Jawa Barat,Kota Bekasi,L,S3,6,104.0,23.80382965049241,16.97228487757752,20.460108621411088,29.496358373678774,16.346566130633903,14.481968486994331,11.846104890968762
696,Prov. Jawa Barat,Kota Bekasi,P,D3,569,1549.0,354.5397320058918,371.53659858755435,340.6146826220459,341.7201540025873,362.4125139652121,323.6859400415054,376.6412841547629
697,Prov. Jawa Barat,Kota Bekasi,P,D4,624,1929.0,441.5152634211525,348.32075628447603,343.42103380918263,384.4131423158464,386.29273939613057,399.7817150035522,388.90733007957107
698,Prov. Jawa Barat,Kota Bekasi,P,Profesi,751,1150.0,263.215424019868,1442.9322053768954,1192.4488070953498,1145.1681404405977,881.8555288830192,1482.393805956931,1412.3704048522816
699,Prov. Jawa Barat,Kota Bekasi,P,S1,2851,14269.0,3265.9312046430405,2248.074308410528,2227.883892903237,2277.484019018879,2306.636459339514,2342.0977742621026,2409.9897766427653
700,Prov. Jawa Barat,Kota Bekasi,P,S2,187,604.0,138.24531835478285,176.0818165892659,177.09067607930865,175.9485694795071,217.62270242870932,188.66436847711736,200.44340639704635
701,Prov. Jawa Barat,Kota Bekasi,P,S3,4,27.0,6.179840390031684,5.084687448224048,6.1927695205088416,9.097221204832245,3.923629377316392,5.158424096692662,4.309675119852429
702,Prov. Jawa Barat,Kota Bogor,L,D3,309,1226.0,280.61053030292015,335.19595200194965,313.4163491928249,320.04397932983636,291.0605787561167,258.73349487745253,255.3462234283294
703,Prov. Jawa Barat,Kota Bogor,L,D4,119,769.0,176.0110096271987,139.54283914296053,132.88264231897284,144.18034454298075,136.37876088126353,137.42166888272848,112.55082615410163
704,Prov. Jawa Barat,Kota Bogor,L,Profesi,1189,1275.0,291.8257961959406,2075.002968750657,1857.0476900633046,1890.6829984875703,2629.7725381974174,1524.8873726739346,1713.5001384356908
705,Prov. Jawa Barat,Kota Bogor,L,S1,2210,15347.0,3512.667054289491,2264.963987783703,2099.467200035452,2032.4641335236195,2232.219244339171,2469.863736742541,2222.167583496196
706,Prov. Jawa Barat,Kota Bogor,L,S2,187,697.0,159.53143525378087,215.47469669289472,214.41846648446628,210.43361472098542,214.72350789820175,153.8207749748749,176.63018846605846
707,Prov. Jawa Barat,Kota Bogor,L,S3,62,368.0,84.22893568635776,49.694922952467564,50.248136523715864,63.55717059177063,56.68593160466189,59.80037015023676,54.97044855005513
708,Prov. Jawa Barat,Kota Bogor,P,D3,605,1779.0,407.18281680986536,568.026974964866,538.2580065850773,565.2936339678729,516.148913241947,415.28200161134913,455.23754064075854
709,Prov. Jawa Barat,Kota Bogor,P,D4,190,871.0,199.35707332287396,181.183981544204,173.79815540740927,191.70696486242036,199.09910717902662,215.23022163026693,151.51939650109827
710,Prov. Jawa Barat,Kota Bogor,P,Profesi,4568,4816.0,1102.3004191997254,8751.77583840674,7797.3045498113315,7996.2610298823765,8110.555240111857,6548.469954938725,6943.442685012045
711,Prov. Jawa Barat,Kota Bogor,P,S1,2953,14530.0,3325.66966174668,2667.9017533503506,2581.2062437038658,2621.147242487463,2881.657191639923,2791.3264179310167,2565.3915063131612
712,Prov. Jawa Barat,Kota Bogor,P,S2,176,513.0,117.41696741060198,179.39165485845174,178.74436620831676,177.50261973484527,177.0965266921926,151.6501802720304,179.10830571345053
713,Prov. Jawa Barat,Kota Bogor,P,S3,44,224.0,51.26978693952212,35.795033991018904,36.98104890053612,48.08604224147607,39.73055826259754,42.66722300177658,30.54014479289229
714,Prov. Jawa Barat,Kota Cimahi,L,D3,157,557.0,127.48781841657954,148.99935362688356,140.5426694159347,138.7521573672443,147.96961856637145,137.90411412504733,130.7055846767877
715,Prov. Jawa Barat,Kota Cimahi,L,D4,124,699.0,159.98920120859805,104.22369440262538,92.39320137166158,91.5835925133383,88.60981614748238,110.7397821461652,86.477215990142
716,Prov. Jawa Barat,Kota Cimahi,L,Profesi,1004,1150.0,263.215424019868,1772.8882319425572,1574.3322489901998,1539.259655318562,1366.885194830992,1271.179613260969,1188.8390577416772
717,Prov. Jawa Barat,Kota Cimahi,L,S1,2814,14938.0,3419.0539165293812,2181.6707307523266,2046.0981439467519,1931.9691469841582,2080.378192368103,2413.1175850633585,2184.9371818919426
718,Prov. Jawa Barat,Kota Cimahi,L,S2,445,1065.0,243.76037094013864,310.7965572418282,306.3901774875601,288.41439532910846,348.949655365631,302.08004206004716,348.16941268755954
719,Prov. Jawa Barat,Kota Cimahi,P,D3,477,1381.0,316.0873918012502,467.91363663143403,464.9230147239924,483.25186077773617,466.8824697831733,342.5793139361951,366.00076478154045
720,Prov. Jawa Barat,Kota Cimahi,P,D4,117,597.0,136.64313751292278,123.41372967651742,120.01413641311784,129.28558089924857,118.88248421412823,122.9487354047838,86.52231613879601
721,Prov. Jawa Barat,Kota Cimahi,P,Profesi,4322,4616.0,1056.5238237180092,8122.114158038212,7250.976277895021,7196.142915333123,5943.7853427784,4551.463688595684,4691.661736689914
722,Prov. Jawa Barat,Kota Cimahi,P,S1,3351,17242.0,3946.4002964787514,3085.6941028978667,2992.61162773341,2964.880000485488,3454.496521393128,3106.0348193046284,3248.915240269016
723,Prov. Jawa Barat,Kota Cimahi,P,S2,261,729.0,166.85569053085547,276.82645726743044,290.9706011643259,291.11363357002307,295.7930628128869,185.71461921965965,220.4973501545866
724,Prov. Jawa Barat,Kota Cirebon,L,D3,373,1272.0,291.1391472637149,339.93587197417384,286.77162388683286,279.1788904213934,268.5889657135275,258.76713302251073,270.50353909630985
725,Prov. Jawa Barat,Kota Cirebon,L,D4,35,149.0,34.10356363387855,30.34771175352728,27.684857284157307,30.201228619361608,20.628399188541803,19.73053035102173,15.883888736809526
726,Prov. Jawa Barat,Kota Cirebon,L,Profesi,1834,1136.0,260.01106233614786,1798.5402718807618,1446.1776214836125,1407.8490490857605,1053.8950240673066,1851.5064026218747,1698.7067446773603
727,Prov. Jawa Barat,Kota Cirebon,L,S1,2542,16882.0,3864.0024246116623,2883.9123094835227,2598.9748031143886,2551.494080359564,2355.0471335454317,2714.476430643854,2419.968352251226
728,Prov. Jawa Barat,Kota Cirebon,L,S2,213,651.0,149.00281829298615,232.56749651896658,224.61635690824826,223.91209443140178,172.62252240453455,159.26714215312407,160.0975110166327
729,Prov. Jawa Barat,Kota Cirebon,L,S3,18,123.0,28.152606221255446,20.97729099637535,21.423087162183563,28.395517273488053,19.76600319591225,19.063008381483353,16.828637686682367
730,Prov. Jawa Barat,Kota Cirebon,P,D3,172,570.0,130.4632971228911,179.20405337028726,154.06116047876085,153.86527825257102,145.71273053444082,149.6656727752502,145.62762481770648
731,Prov. Jawa Barat,Kota Cirebon,P,D4,153,348.0,79.65127613818615,73.4952884213155,64.54083359038209,69.15818467779701,50.6744201456045,49.62031094842671,43.326222809240726
732,Prov. Jawa Barat,Kota Cirebon,P,Profesi,5817,3541.0,810.4746230037849,6304.418368682816,5062.556370702364,4976.5781562047305,3671.7353794329333,4956.859364092295,5460.892055537809
733,Prov. Jawa Barat,Kota Cirebon,P,S1,3994,19275.0,4411.719389550396,3844.213135085562,3518.69595346083,3533.80916189449,3267.651465146084,3777.0537618176218,3848.2866897888816
734,Prov. Jawa Barat,Kota Cirebon,P,S2,114,398.0,91.0954250086152,160.18417540689097,154.62872023911663,155.75089859997925,118.26949245086784,109.12203290583419,139.4051768089803
735,Prov. Jawa Barat,Kota Cirebon,P,S3,4,39.0,8.926436118934655,6.969762168118532,6.886865261672929,8.991898208776274,7.0021214787775845,4.927954682498733,4.919613685512666
736,Prov. Jawa Barat,Kota Depok,L,D1,10,12.0,2.7465957289029705,10.560622407649875,4.855021498266214,4.7876651521092715,4.98896938671171,4.734479728870771,5.989638237660005
737,Prov. Jawa Barat,Kota Depok,L,D3,594,2063.0,472.18558239390234,610.1202542586483,625.3036724822676,685.8116311781636,588.4228434539973,432.8795939637305,467.3729123836078
738,Prov. Jawa Barat,Kota Depok,L,D4,830,3633.0,831.5318569253743,681.9800965777913,696.433303355761,802.3630657280437,763.323224515951,716.3244258940013,610.9631056922099
739,Prov. Jawa Barat,Kota Depok,L,S1,1391,10984.0,2514.0506238558523,1548.216825565508,1478.1775990821966,1492.4175592786291,1579.9546987870506,1844.2275361919374,1848.6371931317467
740,Prov. Jawa Barat,Kota Depok,L,S2,167,811.0,185.62409467835909,253.14467425621322,267.21149671531947,276.0971556112236,249.51135699300266,216.61264085387285,249.05875302931753
741,Prov. Jawa Barat,Kota Depok,L,S2 Terapan,16,36.0,8.239787186708911,14.78548692233024,16.333892122784107,14.597573022935997,20.356877938104386,9.830661421171664,5.143911790672387
742,Prov. Jawa Barat,Kota Depok,P,D1,3,3.0,0.6866489322257426,2.8904591831228785,1.3112098782657955,1.2934383798679974,1.4005580029989733,2.2694333783255702,2.306939509068943
743,Prov. Jawa Barat,Kota Depok,P,D3,513,1566.0,358.4307426218377,502.9335145494365,506.65273428260275,554.5451447151976,461.1450175124607,387.1307324884252,426.4010412066585
744,Prov. Jawa Barat,Kota Depok,P,D4,908,3246.0,742.9541446682535,675.4021134057405,684.3561034051579,792.1353841463651,765.3080101843142,836.8875826829884,914.665242469604
745,Prov. Jawa Barat,Kota Depok,P,Profesi,176,173.0,39.59675509168449,277.1944380063499,246.52493535991286,253.80432339865243,186.80066280754372,177.61409198590513,172.84480969597044
746,Prov. Jawa Barat,Kota Depok,P,S1,1686,8912.0,2039.8050946652727,1391.9636229691719,1320.1816972435474,1335.1459974785857,1352.2924963983576,1872.7369467120864,1819.2769206205767
747,Prov. Jawa Barat,Kota Depok,P,S2,114,455.0,104.1417547209043,148.41216321622704,151.38721416690976,153.93495360152963,156.1938427983592,117.36125955207565,148.283571104318
748,Prov. Jawa Barat,Kota Depok,P,S2 Terapan,8,10.0,2.2888297740858086,4.03022726846266,4.18281605666372,3.598437469022017,4.440649643740501,5.1736229649702095,4.888845534133878
749,Prov. Jawa Barat,Kota Sukabumi,L,D3,306,1441.0,329.82037044576504,322.75911408497166,290.82244097037596,286.8044723678633,284.6831347309862,288.4589305484759,327.96463993182607
750,Prov. Jawa Barat,Kota Sukabumi,L,D4,5,31.0,7.095372299666007,4.375392038430366,3.914790311706106,4.046820580690641,4.081261405666527,6.088794975107181,4.631466873430908
751,Prov. Jawa Barat,Kota Sukabumi,L,Profesi,107,146.0,33.41691470165281,202.92126037464706,177.93658166436273,178.35128188889442,99.0694420276316,84.73644358961496,61.10004248441542
752,Prov. Jawa Barat,Kota Sukabumi,L,S1,1083,7056.0,1614.9982885949466,974.3865878687727,920.5601843456358,909.0015662988317,826.6734421208715,1128.727504574077,948.1281861168995
753,Prov. Jawa Barat,Kota Sukabumi,L,S2,16,137.0,31.35696790497558,33.16534217414612,31.102369222645855,29.150176151625946,32.92973036815057,25.79767361333874,25.929084179948692
754,Prov. Jawa Barat,Kota Sukabumi,P,D3,549,1515.0,346.75771077400003,435.6430574045878,416.00625144297044,433.9862041816357,403.54626629387786,342.88439662247424,393.6463589461365
755,Prov. Jawa Barat,Kota Sukabumi,P,D4,23,61.0,13.961861621923434,12.273365137913382,12.197391137609426,13.837320482347952,11.074969517628467,12.42898029377155,12.647101871240114
756,Prov. Jawa Barat,Kota Sukabumi,P,Profesi,319,336.0,76.90468040928317,571.2114826130647,519.4312527603107,541.4756679551352,272.39778585966786,289.83822243964846,261.24765741061725
757,Prov. Jawa Barat,Kota Sukabumi,P,S1,1753,8831.0,2021.2655734951777,1444.1628562863411,1393.4491469030306,1417.3450042918541,1081.6704157213292,1523.0122980977567,1511.756838342986
758,Prov. Jawa Barat,Kota Sukabumi,P,S2,14,78.0,17.85287223786931,23.990445107185185,23.7322191015655,23.44316636736703,26.47296585344512,18.43068173410578,19.80180442553586
759,Prov. Jawa Barat,Kota Tasikmalaya,L,D3,312,1139.0,260.6977112683736,313.4331839140292,314.35584274295445,326.93898718845014,275.86058459662496,272.10451720955854,246.69583482397417
760,Prov. Jawa Barat,Kota Tasikmalaya,L,D4,58,202.0,46.23436143653334,38.324939189912556,39.7392165671326,44.7120614511597,32.37066962580535,42.70598215263588,41.90175321275286
761,Prov. Jawa Barat,Kota Tasikmalaya,L,Profesi,1982,2139.0,489.5806886769545,3246.790397495576,3005.9901627563436,3048.852914058815,2699.90428785064,2261.828872407908,2489.882621110141
762,Prov. Jawa Barat,Kota Tasikmalaya,L,S1,2128,15309.0,3503.969501147965,2366.933185505813,2392.8000431029086,2399.8397590849736,2182.0456580018795,2439.4510510864375,2176.4765539295076
763,Prov. Jawa Barat,Kota Tasikmalaya,L,S2,115,438.0,100.25074410495843,130.6806495969393,136.60299745870407,135.1682726647331,134.18853675025252,115.10190953769792,132.23820116258744
764,Prov. Jawa Barat,Kota Tasikmalaya,P,D3,1205,3458.0,791.4773358788726,1150.9485116484846,1191.0790940634681,1283.2614366968387,957.7088521519358,984.8645637002102,933.7099966054454
765,Prov. Jawa Barat,Kota Tasikmalaya,P,D4,340,951.0,217.66771151556043,203.05952816673806,210.3463674607156,239.0477529834104,227.70733217774162,245.79762658851655,192.53877157062246
766,Prov. Jawa Barat,Kota Tasikmalaya,P,Profesi,2797,2967.0,679.0957939712595,5102.395139762633,4733.493508548365,4860.6344922330045,3710.1078940040074,4399.969350781205,4919.55063016198
767,Prov. Jawa Barat,Kota Tasikmalaya,P,S1,3442,19413.0,4443.305240432781,3638.079518442214,3798.3675567312102,3949.8112674594963,4179.210547343829,3601.499402994496,3739.1943042088515
768,Prov. Jawa Barat,Kota Tasikmalaya,P,S2,110,317.0,72.55590383852014,112.65400009402227,120.67503339544915,123.03364038330224,111.11421238255879,84.37707684798417,102.13837753597056
769,Prov. Jawa Tengah,Kab. Banjarnegara,L,D3,21,99.0,22.659414763449508,28.669037673251484,24.84418195966851,26.89110252364788,27.501072176073293,27.45016770856486,29.698896105827888
770,Prov. Jawa Tengah,Kab. Banjarnegara,L,S1,76,812.0,185.85297765576766,117.46912392033278,95.97402513699859,99.23848848139735,130.4576956859352,140.84739003241816,130.80968137386844
771,Prov. Jawa Tengah,Kab. Banjarnegara,P,D3,73,263.0,60.19622305845677,82.89588801261598,70.69850012213045,76.39135237307234,73.73041907282892,45.39722759658172,55.290446669230576
772,Prov. Jawa Tengah,Kab. Banjarnegara,P,S1,136,1048.0,239.86936032419277,179.64175243601406,148.96829003637689,161.02551653339054,199.80272074002622,182.23297857352728,181.4181141439993
773,Prov. Jawa Tengah,Kab. Banyumas,L,D3,303,1474.0,337.37350870024824,392.28210500757564,347.5405897315758,359.857013598569,313.24122431267403,317.72575618011933,329.44365630926785
774,Prov. Jawa Tengah,Kab. Banyumas,L,D4,111,621.0,142.13632897072873,123.15375625520663,119.90240569241344,130.1226849372737,103.84776233245657,116.24681775138271,103.04742177939066
775,Prov. Jawa Tengah,Kab. Banyumas,L,Profesi,1754,1572.0,359.8040404862891,2637.471340300496,2350.95789564263,2345.4744357541736,2094.0851459058244,2121.2135234163943,2158.7517176936353
776,Prov. Jawa Tengah,Kab. Banyumas,L,S1,3980,28152.0,6443.513580006369,4637.087520628424,4423.53463310081,4342.603700716499,4531.426227393245,4765.046128274819,4367.830887117224
777,Prov. Jawa Tengah,Kab. Banyumas,L,S2,413,1281.0,293.1990940603921,421.92174395351645,424.38473196677535,412.8758952708759,374.66398339372955,332.22579873732104,366.38993530248985
778,Prov. Jawa Tengah,Kab. Banyumas,L,S3,47,311.0,71.18260597406865,49.8405379856331,53.463369435982194,69.62224895443461,47.18467355793261,50.14189579584731,47.2653844489762
779,Prov. Jawa Tengah,Kab. Banyumas,L,Sp-1,4,33.0,7.553138254483169,6.818082440270409,8.167453946021698,11.513842807378355,12.787596722902707,8.584237077253833,6.879457891890783
780,Prov. Jawa Tengah,Kab. Banyumas,P,D3,595,2395.0,548.1747308935512,769.9434760043964,711.039074840394,744.1237581723509,602.9757936973563,528.9371409292926,619.3159646194187
781,Prov. Jawa Tengah,Kab. Banyumas,P,D4,264,1434.0,328.218189603905,313.4664284678031,302.0627577465736,328.6988142296242,289.46576298173983,305.12825474163293,295.673295279341
782,Prov. Jawa Tengah,Kab. Banyumas,P,Profesi,6852,5899.0,1350.1806837332185,11076.764050763382,9839.240405329669,9895.65552187807,6992.169578511335,7741.511218015693,7962.49438506433
783,Prov. Jawa Tengah,Kab. Banyumas,P,S1,7577,41477.0,9493.379253975709,8231.798673502119,8082.6177212944685,8222.91332830977,8125.000032482087,7744.784037683523,7560.031739992455
784,Prov. Jawa Tengah,Kab. Banyumas,P,S2,486,1351.0,309.22090247899274,526.9609317752402,541.7546276538064,541.9676400601227,428.97951256767965,389.5465662608041,447.01573679544623
785,Prov. Jawa Tengah,Kab. Banyumas,P,S3,14,148.0,33.87468065646997,26.809752266081063,28.78660429946113,37.92205879162052,23.55410708404816,23.972653041594278,22.3474408418447
786,Prov. Jawa Tengah,Kab. Banyumas,P,Sp-1,2,10.0,2.2888297740858086,2.261963672335445,2.673706924633131,3.7704077770513638,4.080255334943777,4.56101212741562,3.2688326665900824
787,Prov. Jawa Tengah,Kab. Blora,L,D3,11,45.0,10.29973398338614,12.52858569948467,11.011985248681992,11.618908999840041,10.443060036676204,14.11989370317184,13.41777573780485
788,Prov. Jawa Tengah,Kab. Blora,L,D4,187,822.0,188.1418074298535,149.2038094803142,130.86473595757298,149.91981434263215,151.35723657297174,160.86938347861576,154.5443997335979
789,Prov. Jawa Tengah,Kab. Blora,L,S1,343,2673.0,611.8041986131367,380.81380095636564,323.732261842258,318.31895838108426,357.19153730940934,309.62503781494917,343.00386203573163
790,Prov. Jawa Tengah,Kab. Blora,P,D3,1,3.0,0.6866489322257426,1.032693256343708,0.9458579572615674,1.041855164115115,0.6925898789356754,1.6901531067227613,1.6315362639593156
791,Prov. Jawa Tengah,Kab. Blora,P,D4,99,344.0,78.73574422855182,68.0959325286316,58.4956841038387,67.81277685308092,73.13091464009203,46.99740555159278,43.29086904431505
792,Prov. Jawa Tengah,Kab. Blora,P,S1,379,2656.0,607.9131879971908,439.6901245277762,378.81174209402,380.4699115763218,395.3696877418239,375.90676872317965,365.80215560558634
793,Prov. Jawa Tengah,Kab. Boyolali,L,Profesi,8,10.0,2.2888297740858086,17.074271989158003,14.74625696253056,15.037132638934064,23.376640213237735,6.22824840474828,7.938441808980507
794,Prov. Jawa Tengah,Kab. Boyolali,L,S1,169,1295.0,296.40345574411225,192.15144906732252,168.85514874468836,160.80987869542565,158.0300967974092,168.0405206497637,149.09991492261472
795,Prov. Jawa Tengah,Kab. Boyolali,P,Profesi,342,405.0,92.69760585047526,683.1691539508354,555.9925714518516,547.0619203005351,487.15702802136104,490.2979659442408,444.6361208363226
796,Prov. Jawa Tengah,Kab. Boyolali,P,S1,605,1999.0,457.5370718397532,394.01982513670856,372.53999722741906,380.00058029793695,374.62499191029167,331.78378885231643,326.6172645196328
797,Prov. Jawa Tengah,Kab. Brebes,L,D3,25,88.0,20.141702011955118,23.743568215554703,22.6866172014053,23.78914894091609,25.017945261916285,19.89811803777213,22.39309903534715
798,Prov. Jawa Tengah,Kab. Brebes,L,S1,351,2272.0,520.0221246722957,336.4081932249945,320.61742800591776,321.48075662459195,313.0499200627812,302.150928518447,285.5958688789096
799,Prov. Jawa Tengah,Kab. Brebes,P,D3,163,446.0,102.08180792422708,143.8277990331604,141.04530074704422,152.57530726058,149.98328096098845,125.86932462908351,117.79824601039643
800,Prov. Jawa Tengah,Kab. Brebes,P,Profesi,32,34.0,7.78202123189175,60.48049924642546,54.75082901070366,57.75934631291419,36.67269534399597,21.133086157417885,22.75695274757322
801,Prov. Jawa Tengah,Kab. Brebes,P,S1,548,2950.0,675.2047833553136,523.7169653670237,513.2345020322747,530.946503996741,511.9948074497029,594.2874232409525,529.9234500831948
802,Prov. Jawa Tengah,Kab. Cilacap,L,D3,374,1542.0,352.93755116403173,414.2803971485102,391.46604885874274,409.2369458180369,378.1227033518334,322.36119681053844,390.68556202131265
803,Prov. Jawa Tengah,Kab. Cilacap,L,D4,46,573.0,131.14994605511686,110.7600496412422,110.18601052010563,126.76648960851391,155.00374364409544,141.64669739527875,133.17190995860906
804,Prov. Jawa Tengah,Kab. Cilacap,L,Profesi,84,94.0,21.514999876406602,151.3423567031987,137.02479308582812,143.79128336546052,129.31138703382427,77.38282821820505,77.88893387346127
805,Prov. Jawa Tengah,Kab. Cilacap,L,S1,475,2945.0,674.0603684682707,470.58530648043467,459.3218778609679,473.5047975956669,415.86246909809626,508.88233626418446,465.8020752258287
806,Prov. Jawa Tengah,Kab. Cilacap,P,D3,286,756.0,173.03553092088714,245.7956396773987,239.7314969407686,259.61500138888016,253.07289137258735,216.87884165639767,187.9415507456496
807,Prov. Jawa Tengah,Kab. Cilacap,P,D4,80,776.0,177.61319046905876,163.5348867722417,159.87650241750916,184.63807414112733,204.14626699309912,163.6624535916496,139.474245819497
808,Prov. Jawa Tengah,Kab. Cilacap,P,Profesi,174,178.0,40.7411699787274,311.6269358198966,277.55707203165593,290.66279014580215,236.77341591635349,131.0501781087761,94.02123492019255
809,Prov. Jawa Tengah,Kab. Cilacap,P,S1,841,3835.0,877.7662183619077,698.8063029354958,685.0314026035052,717.5813992696982,668.8104602731945,687.6392410468984,719.3344206612696
810,Prov. Jawa Tengah,Kab. Demak,L,S1,77,845.0,193.40611591025083,157.61941462885326,133.35580836108977,144.93137718151453,148.68026878878754,128.00534995942743,100.2262799426458
811,Prov. Jawa Tengah,Kab. Demak,P,S1,74,542.0,124.05457375545083,105.95909049277483,86.74528844218445,92.87213434344108,81.56279415258388,67.01036629710786,67.25550649101386
812,Prov. Jawa Tengah,Kab. Grobogan,L,D3,17,33.0,7.553138254483169,9.177610125571764,7.6406131840385365,8.02620570198491,10.475929306016791,6.920834235233735,6.557495345537946
813,Prov. Jawa Tengah,Kab. Grobogan,L,Profesi,27,31.0,7.095372299666007,36.32073327423398,24.73568959202486,23.05299981401384,28.922157836553584,12.07501355267383,11.572500377434881
814,Prov. Jawa Tengah,Kab. Grobogan,L,S1,61,550.0,125.88563757471948,92.6283749891021,80.43607877804783,83.53763566059808,112.91501700216925,109.08907363189707,104.69879208168467
815,Prov. Jawa Tengah,Kab. Grobogan,P,D3,45,104.0,23.80382965049241,34.66783351974799,29.659939823219478,32.17374381299304,35.56547192669219,26.4062345904871,29.938974826916265
816,Prov. Jawa Tengah,Kab. Grobogan,P,Profesi,192,167.0,38.223457227233006,298.9951866399458,233.33354539700954,244.54116538706745,176.09427493149607,106.42270731800113,113.1102407504812
817,Prov. Jawa Tengah,Kab. Grobogan,P,S1,260,1232.0,281.98382816737166,235.97209719072362,205.67630829596348,216.55035388190257,276.7914859563603,248.5107513243137,235.30134625560677
818,Prov. Jawa Tengah,Kab. Jepara,L,D4,23,222.0,50.81202098470496,46.43127741926799,42.66235764242763,47.078757668071695,48.97460403042781,55.00993033530025,47.61098942735359
819,Prov. Jawa Tengah,Kab. Jepara,L,S1,524,4182.0,957.1886115226853,589.4157016842297,482.0623884809539,449.4409822713856,408.82781398388454,651.4115399793347,599.369816777918
820,Prov. Jawa Tengah,Kab. Jepara,L,S2,42,135.0,30.899201950158417,42.41718850514652,38.49311050761938,36.76230088769258,32.72127606038593,39.3338754382826,41.17262812590883
821,Prov. Jawa Tengah,Kab. Jepara,P,D3,23,53.0,12.130797802654786,16.38946336839512,13.920071379880268,13.852315527320506,11.760884417732798,13.306120615378287,16.478251444850667
822,Prov. Jawa Tengah,Kab. Jepara,P,D4,31,227.0,51.95643587174786,51.73371763451477,46.80515048450154,51.58176127245346,66.09970355382399,54.254474481615496,52.162578576728464
823,Prov. Jawa Tengah,Kab. Jepara,P,S1,821,4329.0,990.8344092017467,782.3528951527684,676.6072856145933,669.5528831543178,703.464984226972,827.6490538932989,906.1323614548111
824,Prov. Jawa Tengah,Kab. Jepara,P,S2,45,103.0,23.57494667308383,40.30429683645498,38.23789606968455,38.22076814999906,30.29028627856437,29.534398614279812,31.985421144988617
825,Prov. Jawa Tengah,Kab. Karanganyar,L,D3,80,300.0,68.66489322257426,71.77226771507686,53.71390983869071,53.722398806029254,78.52089078712076,41.65699918440301,50.81190565491323
826,Prov. Jawa Tengah,Kab. Karanganyar,L,D4,19,173.0,39.59675509168449,34.95787356427854,29.62559932266264,34.42214836952724,33.65162288517474,47.50845302201683,38.908210838244614
827,Prov. Jawa Tengah,Kab. Karanganyar,L,Profesi,13,15.0,3.4332446611287133,25.235511736714095,19.439779739167353,20.64814063837124,9.467336930126205,6.358805964442303,8.634544049633
828,Prov. Jawa Tengah,Kab. Karanganyar,L,S1,79,783.0,179.21537131091884,136.4011216005014,115.65249401390938,122.00339365077286,127.07415840282059,179.22888846407983,191.61639954712604
829,Prov. Jawa Tengah,Kab. Karanganyar,L,S2,24,48.0,10.986382915611882,16.366365651591394,14.431437123134831,15.115823664171604,14.538468615425183,15.50824975604342,15.90601420486506
830,Prov. Jawa Tengah,Kab. Karanganyar,L,S3,12,26.0,5.950957412623103,3.703690449822892,3.252796113445727,4.322936181040215,4.36485539731152,4.801092014277285,4.8794967064935175
831,Prov. Jawa Tengah,Kab. Karanganyar,P,D3,181,497.0,113.7548397720647,142.33168363410303,109.4011711206756,112.93811298064107,135.58761861163677,114.69871549897049,136.60252260628386
832,Prov. Jawa Tengah,Kab. Karanganyar,P,D4,85,332.0,75.98914849964885,72.72411415989424,60.54495089297764,70.12644840893671,70.7582148164992,56.78389443912625,59.026443910035624
833,Prov. Jawa Tengah,Kab. Karanganyar,P,Profesi,56,54.0,12.359680780063368,97.46485966552804,73.41471798342279,77.45037680829903,35.527386304121556,36.73716145722855,73.52722048401472
834,Prov. Jawa Tengah,Kab. Karanganyar,P,S1,177,1078.0,246.7358496464502,219.98765021377665,189.7214951105576,205.01647839366854,182.08579353243653,230.25535507725485,225.53520890292816
835,Prov. Jawa Tengah,Kab. Karanganyar,P,S2,9,29.0,6.637606344848845,10.432645244843389,8.928066705083014,9.233926709301903,9.414416677578142,6.773749192960212,5.9717370268760215
836,Prov. Jawa Tengah,Kab. Karanganyar,P,S3,1,10.0,2.2888297740858086,1.445725072276719,1.2110235969609409,1.567700788261968,1.6458847681240705,4.541097167638896,3.4968360211051936
837,Prov. Jawa Tengah,Kab. Kebumen,L,D3,65,430.0,98.41968028568978,90.00822431542109,72.82262142293466,70.0785424064391,94.78228904288447,88.31476221161788,104.59531193524103
838,Prov. Jawa Tengah,Kab. Kebumen,L,D4,1,23.0,5.26430848039736,2.2090171303283173,1.540027357962959,1.388381440750676,3.547184145626716,3.7423832352532846,4.101429148202802
839,Prov. Jawa Tengah,Kab. Kebumen,L,Profesi,74,88.0,20.141702011955118,117.75714631303106,94.00408745439539,92.81811249536308,63.19514782590268,63.909236548435736,57.15663148894111
840,Prov. Jawa Tengah,Kab. Kebumen,L,S1,648,3488.0,798.3438252011301,510.7403279659244,458.4012259558924,461.9684016961528,466.4397889217123,487.8744965714954,494.14808113834914
841,Prov. Jawa Tengah,Kab. Kebumen,L,S2,45,199.0,45.5477125043076,55.14309500637137,50.87664757034366,49.91333352647972,65.22850809429573,56.711901727532975,64.2375830990959
842,Prov. Jawa Tengah,Kab. Kebumen,P,D3,131,507.0,116.04366954615051,139.8684836303851,121.36552580531279,124.64988071651742,124.29628978047347,134.4985159386643,119.41817853943087
843,Prov. Jawa Tengah,Kab. Kebumen,P,Profesi,208,219.0,50.125372052479214,350.7244638881979,287.52417112052177,293.0068909778902,193.8699685899812,208.00240644484836,190.3015579851036
844,Prov. Jawa Tengah,Kab. Kebumen,P,S1,853,4332.0,991.5210581339724,779.0330610005843,726.6785349182475,762.0996071735003,780.4282736223607,722.8860713407215,766.2912824145247
845,Prov. Jawa Tengah,Kab. Kebumen,P,S2,50,151.0,34.56132958869571,50.782058431369514,48.418573468559416,49.26754223875276,50.62901640944121,45.47990060524487,41.21369064720377
846,Prov. Jawa Tengah,Kab. Kendal,L,D3,73,287.0,65.68941451626272,83.97134888147018,75.70560596530824,81.18811234398669,71.80198616387956,62.57045130892277,59.66368936926189
847,Prov. Jawa Tengah,Kab. Kendal,L,Profesi,14,15.0,3.4332446611287133,23.037179621945537,18.751103676273928,19.272445653797007,14.78335813851091,3.7714003119797237,4.096103267596696
848,Prov. Jawa Tengah,Kab. Kendal,L,S1,342,3084.0,705.8751023280635,427.03042287008765,359.5430054828582,349.60938920094634,344.8603848750918,397.97947138188846,402.6908627508295
849,Prov. Jawa Tengah,Kab. Kendal,P,D3,73,274.0,62.71393580995116,88.16861210717478,78.59612452508819,84.45013308452695,75.34870988568785,71.90560459818498,80.49166890078538
850,Prov. Jawa Tengah,Kab. Kendal,P,Profesi,55,60.0,13.732978644514853,102.7424937244079,83.19638382218598,86.08678345151546,52.93513050539734,28.399588892380287,33.9656112893082
851,Prov. Jawa Tengah,Kab. Kendal,P,S1,389,2995.0,685.5045173386998,508.5263248463144,444.51595367941707,449.92671608968914,417.3588995836697,427.70736312426646,406.3310370309495
852,Prov. Jawa Tengah,Kab. Klaten,L,D3,58,147.0,33.64579767906139,40.84748275313384,38.21925250812299,38.94906364878705,32.07458397078773,32.698055551806355,29.533756901558174
853,Prov. Jawa Tengah,Kab. Klaten,L,Profesi,747,781.0,178.75760535610166,1278.4697690049902,1137.3006029839855,1156.702179475184,1663.3918700831377,905.1297035313603,929.9682932216641
854,Prov. Jawa Tengah,Kab. Klaten,L,S1,270,1831.0,419.0847316351116,261.30906596845006,236.86226654134168,225.24076331801396,174.08371895562252,191.70489438548162,193.9196252363267
855,Prov. Jawa Tengah,Kab. Klaten,L,S2,12,30.0,6.866489322257427,8.249270394222767,7.721753886895957,7.250638447384399,5.574024907042624,6.879198416415519,8.877946278011887
856,Prov. Jawa Tengah,Kab. Klaten,P,D3,192,454.0,103.91287174349571,150.16088202444416,143.933637653926,151.10009402101667,125.53103478597326,101.93853184116227,101.42158421730126
857,Prov. Jawa Tengah,Kab. Klaten,P,Profesi,2449,2571.0,588.4581349174614,4636.2696945956595,4080.9702753224983,4160.971782095073,5748.082859996349,2218.7939825108315,2728.827718369055
858,Prov. Jawa Tengah,Kab. Klaten,P,S1,471,2388.0,546.5725500516911,430.11260913566076,410.029461709125,409.9955753159423,327.2692190663361,343.79861449130846,313.7034424528063
859,Prov. Jawa Tengah,Kab. Klaten,P,S2,20,57.0,13.04632971228911,18.56532479582527,17.764013438925126,17.153194859340257,14.39029501033934,12.451820341378015,11.75419097519859
860,Prov. Jawa Tengah,Kab. Kudus,L,D3,36,110.0,25.177127514943898,30.188461819131977,26.07864012527259,25.65617531177167,25.94254826413002,30.15477097199014,29.484770979453543
861,Prov. Jawa Tengah,Kab. Kudus,L,D4,5,35.0,8.01090420930033,6.128347555350933,5.286215071102555,5.475071757626357,5.908879847945245,9.060158467143035,7.260838894991677
862,Prov. Jawa Tengah,Kab. Kudus,L,Profesi,583,679.0,155.41154166042642,1053.0603008473104,848.9228227318456,821.426924981261,641.3439724290865,654.5561219597395,798.0577412442956
863,Prov. Jawa Tengah,Kab. Kudus,L,S1,1092,9989.0,2286.3120613343144,1686.389082699829,1529.3097690360837,1497.8269110572787,1434.8278795455149,1463.1032254176102,1314.9867802458414
864,Prov. Jawa Tengah,Kab. Kudus,L,S2,83,366.0,83.7711697315406,139.38181381495738,140.1767780455151,143.0755705358107,109.76749152751903,101.60527080195364,110.74228773963968
865,Prov. Jawa Tengah,Kab. Kudus,P,D2,9,20.0,4.577659548171617,7.763373431593645,5.564297910659839,4.524734043328607,4.883376901152461,8.042670219660375,8.253053824642723
866,Prov. Jawa Tengah,Kab. Kudus,P,D3,169,496.0,113.52595679465611,166.8492872679168,149.61339308434083,153.19240322660156,146.39734903453325,125.09607366858339,136.6352606152153
867,Prov. Jawa Tengah,Kab. Kudus,P,D4,16,98.0,22.430531786040927,20.496392095182728,18.14054861199011,19.37838477024263,20.429651586581524,14.41030707787,11.089899833278604
868,Prov. Jawa Tengah,Kab. Kudus,P,Profesi,2217,2413.0,552.2946244869056,4258.560404364599,3446.737407514346,3381.7478116296516,2435.2290438229493,2173.7695829106074,2582.871493266619
869,Prov. Jawa Tengah,Kab. Kudus,P,S1,2143,17067.0,3906.34577543225,3497.2770405841,3277.3079461402813,3330.0203265932555,3382.829909379681,3237.582082450601,3120.4468933760895
870,Prov. Jawa Tengah,Kab. Kudus,P,S2,122,405.0,92.69760585047526,172.87636895340881,173.37698732390035,178.4877281508704,125.42826742492946,117.78199103868425,140.01279884622087
871,Prov. Jawa Tengah,Kab. Magelang,L,D3,74,240.0,54.93191457805941,65.81255915521199,64.02932847648692,64.79327334624683,96.83243200747597,64.87915758835565,60.99545707523678
872,Prov. Jawa Tengah,Kab. Magelang,L,D4,115,549.0,125.65675459731091,110.6728970715156,114.56896295825496,128.27966903383293,261.545001273983,117.90825061149559,112.54215753489915
873,Prov. Jawa Tengah,Kab. Magelang,L,Profesi,26,30.0,6.866489322257427,48.644206777767295,45.07088107947288,45.57717397045533,74.76310879767279,26.797892318129264,29.951007759090036
874,Prov. Jawa Tengah,Kab. Magelang,L,S1,343,2244.0,513.6134013048555,353.08847402292946,349.7120729727925,343.4194745227357,408.48982153853007,275.05151052310816,278.8944723226161
875,Prov. Jawa Tengah,Kab. Magelang,L,S2,10,39.0,8.926436118934655,11.901825235538558,12.210662999984544,11.86419566705066,20.30032722986781,11.985023494442952,9.369022978439823
876,Prov. Jawa Tengah,Kab. Magelang,P,D3,136,369.0,84.45781866376635,122.63661552569806,123.22420959391222,129.26697111423601,262.9150453218242,98.95444906673414,96.6896831959642
877,Prov. Jawa Tengah,Kab. Magelang,P,D4,152,712.0,162.9646799149096,156.97004438147962,160.2638951119582,179.43315035871893,366.98301274120877,138.46043165541545,128.01268370285325
878,Prov. Jawa Tengah,Kab. Magelang,P,Profesi,97,101.0,23.11718071826667,181.97071060711335,167.47686801120028,170.29622928691217,233.14847655506085,296.69974728823894,213.16499385837574
879,Prov. Jawa Tengah,Kab. Magelang,P,S1,567,2898.0,663.3028685300674,556.3823596422835,570.579545958621,582.8299332998281,757.9179688710421,469.9265351153094,524.8067086242795
880,Prov. Jawa Tengah,Kab. Magelang,P,S2,8,27.0,6.179840390031684,10.843316047925804,11.921368790339583,12.359900283062089,22.609086363566913,10.364758783180202,7.757979940723093
881,Prov. Jawa Tengah,Kab. Pati,L,D3,8,44.0,10.070851005977559,12.602206274696796,11.185940675849888,12.220871548368914,12.061223245595318,11.78796474493827,13.174900952353282
882,Prov. Jawa Tengah,Kab. Pati,L,Profesi,21,23.0,5.26430848039736,32.31735413882772,25.124067534810777,25.689447702684095,12.761413433133715,14.312012956100048,17.477270783487196
883,Prov. Jawa Tengah,Kab. Pati,L,S1,252,2044.0,467.83680582313934,290.77466687988,246.31367017729065,248.17168642842472,285.20541747610616,277.34691442886594,238.4104282713082
884,Prov. Jawa Tengah,Kab. Pati,L,S2,13,30.0,6.866489322257427,10.648883297940975,10.460291233378008,11.395312078822881,9.25536126249537,4.824407229895599,4.842307563605968
885,Prov. Jawa Tengah,Kab. Pati,P,D3,61,224.0,51.26978693952212,67.63619576553845,58.24445974633279,62.815791913373985,58.67645187433782,47.32524342047747,34.42576481890906
886,Prov. Jawa Tengah,Kab. Pati,P,Profesi,329,376.0,86.05999950562641,561.8808590212981,425.45824612453544,430.76858556736863,211.1977332216547,290.76626576326976,299.6462987445719
887,Prov. Jawa Tengah,Kab. Pati,P,S1,732,2471.0,565.5698371766033,412.856072592771,356.1159419568988,367.92885692490694,352.68881663816666,397.77172636860166,400.1455035658714
888,Prov. Jawa Tengah,Kab. Pati,P,S2,6,18.0,4.119893593354456,6.826969907867235,6.545366514803782,7.072112851066148,6.208718393311746,4.6791684003710134,5.454807838259072
889,Prov. Jawa Tengah,Kab. Pekalongan,L,D3,47,131.0,29.983670040524096,38.51989984778625,36.24455966259731,37.457764950223556,34.96346779114375,37.2636891696003,35.52569431044673
890,Prov. Jawa Tengah,Kab. Pekalongan,L,S1,142,882.0,201.87478607436833,147.4192384253196,140.63424502876103,140.53647131556716,109.71300701397392,145.75054881691312,132.27968124921938
891,Prov. Jawa Tengah,Kab. Pekalongan,P,D3,127,446.0,102.08180792422708,150.9680007415792,143.35785015939473,150.83869389646463,135.5492574209474,113.48807036722714,106.46247479659968
892,Prov. Jawa Tengah,Kab. Pekalongan,P,S1,113,724.0,165.71127564381257,130.2562079221516,121.6850744989615,120.91823293594567,104.77276472649623,129.79385088632202,120.54121503190682
893,Prov. Jawa Tengah,Kab. Pemalang,L,S1,157,847.0,193.863881865068,130.2875894445128,107.52003397291713,106.93954403506591,132.49455784702852,130.66877742117083,103.03224735215342
894,Prov. Jawa Tengah,Kab. Pemalang,P,S1,308,1241.0,284.04377496404885,223.74274228393847,187.7889117299918,191.5126124492325,239.873986817433,216.1871536992352,194.31014457833712
895,Prov. Jawa Tengah,Kab. Purbalingga,L,S1,29,480.0,109.86382915611883,68.37625335736352,57.011752448324835,55.16268952316026,57.51099727762295,71.70723048777194,60.29947527553522
896,Prov. Jawa Tengah,Kab. Purbalingga,P,S1,33,416.0,95.21531860196964,68.06732576257426,57.2183535066604,56.32523402245731,65.72942213529296,60.285717810052795,54.80427354613064
897,Prov. Jawa Tengah,Kab. Purworejo,L,D3,57,146.0,33.41691470165281,42.37831652610858,42.44483651259192,44.809414934806234,41.606780613975936,31.908923428677237,30.89215070042546
898,Prov. Jawa Tengah,Kab. Purworejo,L,D4,2,28.0,6.408723367440265,4.93497861217452,4.83559273176935,5.261054028806939,4.540650458166234,6.731634852603407,5.462966484249823
899,Prov. Jawa Tengah,Kab. Purworejo,L,Profesi,471,478.0,109.40606320130166,788.7035276269866,740.4173990312908,767.3562780908478,732.3033290926055,564.2470205314518,555.4978441199544
900,Prov. Jawa Tengah,Kab. Purworejo,L,S1,587,3344.0,765.3846764542944,521.7313088688245,517.5846793173306,516.0426966498139,446.9687707154885,441.2743439498546,494.75049232076105
901,Prov. Jawa Tengah,Kab. Purworejo,L,S2,2,15.0,3.4332446611287133,5.621977247111774,6.358238988596403,6.763506121215937,4.719080893788114,3.689279370863018,3.6645376998610786
902,Prov. Jawa Tengah,Kab. Purworejo,P,D3,157,485.0,111.00824404316172,158.87338366775063,159.19900195970862,169.84073660050598,160.54502213341502,147.21659383283708,131.4439321787098
903,Prov. Jawa Tengah,Kab. Purworejo,P,Profesi,902,912.0,208.74127539662575,1647.4720012524108,1526.105662618857,1582.1438186661053,1436.6013774396179,1161.3735651623565,1240.736671142438
904,Prov. Jawa Tengah,Kab. Purworejo,P,S1,713,3805.0,870.8997290396502,716.7244123736125,733.0597337596786,756.649415153972,683.6731917033266,724.0300524221753,758.0946001330533
905,Prov. Jawa Tengah,Kab. Purworejo,P,S2,8,28.0,6.408723367440265,11.048778739991164,12.115797372445368,12.716524299899715,12.443876324971185,9.516835856746301,7.411857527311989
906,Prov. Jawa Tengah,Kab. Rembang,L,S1,203,1446.0,330.96478533280793,217.3853078550193,193.0318776057578,192.07631196140846,178.56387870308865,179.46044114167898,167.27214128069934
907,Prov. Jawa Tengah,Kab. Rembang,P,S1,280,1485.0,339.8912214517426,273.0938961586257,251.49471133681953,260.2636862180692,249.85362723398433,216.12482089924495,202.50510623997602
908,Prov. Jawa Tengah,Kab. Semarang,L,D3,12,35.0,8.01090420930033,10.194866689443883,9.974811426922129,10.731520918380589,10.84881091221896,7.058563725458827,4.916370821413065
909,Prov. Jawa Tengah,Kab. Semarang,L,D4,4,98.0,22.430531786040927,13.27264594112252,11.15192326006033,11.53250021216234,13.86842256506018,19.182712561223717,17.222054572760715
910,Prov. Jawa Tengah,Kab. Semarang,L,Profesi,50,92.0,21.05723392158944,131.4422109926476,112.62897012177692,113.400136271202,105.99170078643141,77.3359419485604,71.10878775883978
911,Prov. Jawa Tengah,Kab. Semarang,L,S1,336,3084.0,705.8751023280635,485.5032264499617,469.65270513807,482.7297302534982,478.9014780835312,522.9673515953215,512.4876822993912
912,Prov. Jawa Tengah,Kab. Semarang,L,S2,59,227.0,51.95643587174786,71.6167946634036,72.99832822185918,74.69375164088432,87.59059033686182,82.82463829805303,81.05021565670522
913,Prov. Jawa Tengah,Kab. Semarang,P,D3,78,269.0,61.569520922908254,82.48715717377435,78.24965972013665,83.06290803885796,94.9680872310092,85.28942538620424,89.9864507851801
914,Prov. Jawa Tengah,Kab. Semarang,P,D4,16,292.0,66.83382940330561,50.2615873975173,44.79354858977814,48.24158604331695,53.56706459781015,56.36544609062022,53.53621575692501
915,Prov. Jawa Tengah,Kab. Semarang,P,Profesi,486,605.0,138.47420133219143,1047.8745950174482,927.4273633589555,968.1056758248072,937.1705828604277,884.5514521880079,892.8901732924901
916,Prov. Jawa Tengah,Kab. Semarang,P,S1,1000,5018.0,1148.5347806362588,930.1857391730427,916.0442344019127,969.3609051531042,973.2967220530813,816.4356605626069,861.4683182741823
917,Prov. Jawa Tengah,Kab. Semarang,P,S2,20,85.0,19.455053079729375,29.876799404830184,30.28578590470849,31.189956734188726,36.15537968993825,22.718188158093646,26.003274910452028
918,Prov. Jawa Tengah,Kab. Sragen,L,D3,7,18.0,4.119893593354456,5.798950329910798,5.205226760622621,5.641586601820695,7.665086672969522,6.109659005227197,7.274918881877507
919,Prov. Jawa Tengah,Kab. Sragen,P,D3,35,111.0,25.40601049235248,38.385857799700055,33.69954705430192,36.284402551191995,41.31450041900103,33.13434855332583,38.17824012980049
920,Prov. Jawa Tengah,Kab. Sukoharjo,L,D3,347,1247.0,285.41707282850035,355.23758526141745,330.82982310734377,338.11297013802147,317.68355102239286,268.5693156780492,268.29790726888854
921,Prov. Jawa Tengah,Kab. Sukoharjo,L,D4,46,164.0,37.53680829500726,29.964183123419417,27.80280616514986,30.278669765415387,24.022309567037016,30.61453239465007,27.959363021918985
922,Prov. Jawa Tengah,Kab. Sukoharjo,L,Profesi,4264,3973.0,909.3520692442918,6756.39191482718,6024.514999208423,6158.330772424012,3544.3245593548795,5744.159837492544,5057.092654439805
923,Prov. Jawa Tengah,Kab. Sukoharjo,L,S1,4162,25849.0,5916.396083034407,4288.350324374156,4089.823105773532,4083.9899170656367,3808.8243030864387,4038.701509770356,3647.343714751357
924,Prov. Jawa Tengah,Kab. Sukoharjo,L,S2,322,1156.0,264.5887218843195,330.84646647214527,310.6819153500182,293.3984804246588,305.9266193280422,297.2664255487942,334.36058240030303
925,Prov. Jawa Tengah,Kab. Sukoharjo,L,S3,25,250.0,57.22074435214522,37.07054207893097,38.18541653249731,49.345414268346026,39.02473105105863,48.709495939798195,48.953993230363
926,Prov. Jawa Tengah,Kab. Sukoharjo,P,D3,475,1426.0,326.38712578463634,485.75646411207293,464.53564201100716,489.5153158213369,410.39719242746855,340.9689328624264,371.60646575732557
927,Prov. Jawa Tengah,Kab. Sukoharjo,P,D4,157,418.0,95.6730845567868,85.90247973716441,79.04628314302076,88.33029645506222,70.4248585974854,66.17016745527431,57.813576130104046
928,Prov. Jawa Tengah,Kab. Sukoharjo,P,Profesi,13236,12541.0,2870.4214196810126,23373.353457258483,20574.8258464628,21046.39945308945,12554.651422562434,8965.161919514125,11828.175116756776
929,Prov. Jawa Tengah,Kab. Sukoharjo,P,S1,8386,37724.0,8634.381439761306,7381.071991234204,7181.386098354723,7364.118465479977,7076.127911362891,7071.817805213531,6396.982683074486
930,Prov. Jawa Tengah,Kab. Sukoharjo,P,S2,381,1088.0,249.024679420536,368.67221465933375,353.8201416147005,343.55888480320857,343.036690970273,311.4930036458485,357.7520419534066
931,Prov. Jawa Tengah,Kab. Sukoharjo,P,S3,22,118.0,27.008191334212544,21.614654359308357,23.19188588595529,31.27753587104962,22.045577869410906,20.57720711795768,20.290896548581298
932,Prov. Jawa Tengah,Kab. Tegal,L,D3,202,796.0,182.1908500172304,195.33420819407513,165.77752531560634,172.91187627043976,202.75911366389514,171.78544587006124,146.29482606793988
933,Prov. Jawa Tengah,Kab. Tegal,L,D4,6,70.0,16.02180841860066,11.729691716402153,10.247508985609647,11.524141609989337,12.55849135427846,11.136119963438421,10.967296213954636
934,Prov. Jawa Tengah,Kab. Tegal,L,Profesi,19,22.0,5.0354255029887796,27.549244594935608,20.84283566349777,20.629840764227048,13.491002771086249,12.83512271660766,15.602497171905151
935,Prov. Jawa Tengah,Kab. Tegal,L,S1,197,1335.0,305.5587748404555,224.66877507668553,210.29403654824483,226.53738127614108,237.9124832669441,217.32264850544667,199.95132411068488
936,Prov. Jawa Tengah,Kab. Tegal,P,D3,321,952.0,217.896594492969,294.4028106491738,262.59890739529465,287.85896477683536,312.44212851365637,251.1548749629724,269.6516255901078
937,Prov. Jawa Tengah,Kab. Tegal,P,D4,6,55.0,12.588563757471949,10.941608907188948,9.781329549360773,11.320916361291022,10.496019602492016,13.157305393741101,10.706875666700018
938,Prov. Jawa Tengah,Kab. Tegal,P,Profesi,86,92.0,21.05723392158944,154.23740963235707,126.0151841073881,133.8973866087882,74.83278620339266,81.73897460674829,65.39241388653345
939,Prov. Jawa Tengah,Kab. Tegal,P,S1,445,2340.0,535.5861671360792,451.69419602435966,425.994578583765,466.61482384400006,451.8556211525493,460.3283622300845,447.51300731247073
940,Prov. Jawa Tengah,Kab. Temanggung,L,D3,5,62.0,14.190744599332014,18.902582377581385,16.89314170986308,18.36754049618923,18.61900511421708,17.88259159554612,21.145340068621575
941,Prov. Jawa Tengah,Kab. Temanggung,L,S1,70,314.0,71.8692549062944,42.47116555240162,34.43465271915545,33.18601577724859,35.55293383795389,31.970543290118894,20.97441252141974
942,Prov. Jawa Tengah,Kab. Temanggung,L,S2,6,53.0,12.130797802654786,19.969294208023822,19.724842406857253,21.363610283492452,16.940082979259447,15.741059316481884,13.397284277938425
943,Prov. Jawa Tengah,Kab. Temanggung,P,D3,32,159.0,36.39239340796436,54.227512191959015,48.28453669837671,52.91434443170809,43.36069238424805,41.67137272688538,45.721069118978015
944,Prov. Jawa Tengah,Kab. Temanggung,P,S1,148,547.0,125.19898864249375,92.52359477139122,78.57064063554455,79.36615739919768,86.09959899646107,117.98904410955662,94.03938359024642
945,Prov. Jawa Tengah,Kab. Temanggung,P,S2,1,15.0,3.4332446611287133,6.187502999099992,6.030731287341595,6.533892770384935,4.951741606144758,3.9418994987833975,4.368533529686422
946,Prov. Jawa Tengah,Kab. Wonogiri,L,D3,7,15.0,3.4332446611287133,4.7394079239020535,4.551352629119405,4.961796118636828,3.8371937652816115,3.699958068441443,3.929666101149156
947,Prov. Jawa Tengah,Kab. Wonogiri,L,S1,79,582.0,133.20989285179408,98.04287228818299,92.7556292509566,95.60396065790867,84.23061988330325,129.73141010830702,108.93459929883541
948,Prov. Jawa Tengah,Kab. Wonogiri,P,D3,30,76.0,17.395106283052147,22.1166397834247,19.39449153267581,19.905373340227015,21.60567026504264,28.449560765708952,28.684129376544604
949,Prov. Jawa Tengah,Kab. Wonogiri,P,S1,106,664.0,151.9782969992977,130.04347395942503,124.71423169114335,131.32581055161296,115.44459759904518,148.8508788524548,120.26944089848756
950,Prov. Jawa Tengah,Kab. Wonosobo,L,D3,19,119.0,27.237074311621125,28.418578026840557,23.558043955764845,21.490261794034687,34.132379203196116,26.27175286538383,23.680576973571547
951,Prov. Jawa Tengah,Kab. Wonosobo,L,Profesi,23,32.0,7.324255277074588,39.43660369078173,29.290113086310015,25.455029974615996,82.66088061004201,15.978183933596284,20.26111217786366
952,Prov. Jawa Tengah,Kab. Wonosobo,L,S1,724,5474.0,1252.9054183345718,867.8947177124093,781.7364643913004,728.7805512850997,1058.782060273656,792.125262310542,778.8536978015799
953,Prov. Jawa Tengah,Kab. Wonosobo,L,S2,73,182.0,41.65670188836172,63.480325981490964,62.68636234738814,60.40357255384668,97.8873771094852,51.372412562077514,65.92644576540681
954,Prov. Jawa Tengah,Kab. Wonosobo,P,D3,59,179.0,40.97005295613598,58.20576357395371,52.5026921192778,51.72154193943247,73.53060170016028,43.06546158948875,43.228592135262296
955,Prov. Jawa Tengah,Kab. Wonosobo,P,Profesi,48,64.0,14.648510554149176,79.27303442388244,55.91079090340455,47.16856195160796,133.5824346988631,80.13732837649518,83.18588123824792
956,Prov. Jawa Tengah,Kab. Wonosobo,P,S1,883,4962.0,1135.7173339013784,979.8314295251616,922.7102380466515,900.2854956614062,1232.2735281584655,915.2809172524459,1039.8239832651566
957,Prov. Jawa Tengah,Kab. Wonosobo,P,S2,68,125.0,28.61037217607261,48.515254267326725,47.61933089903607,46.162883925381315,69.8305475608394,35.843736822674835,42.82895784345734
958,Prov. Jawa Tengah,Kota Magelang,L,D3,77,433.0,99.10632921791552,130.08959145346844,117.76597694891488,121.07615896707318,105.45901990757922,95.52322400546586,110.09553096205407
959,Prov. Jawa Tengah,Kota Magelang,L,D4,450,1913.0,437.8531357826152,396.64973101313603,370.8855478014299,413.93774691844663,570.9138760972123,343.3174232593702,327.0962839005179
960,Prov. Jawa Tengah,Kota Magelang,L,Profesi,521,283.0,64.77388260662839,377.3995858287483,256.1553824093393,305.1891831819209,1262.0055679829459,490.7370624015939,558.0567531848093
961,Prov. Jawa Tengah,Kota Magelang,L,S1,710,5849.0,1338.7365348627895,1089.6692081394199,1035.0693905014032,1072.085501291618,1240.5944764757553,903.378618029289,851.5544333826066
962,Prov. Jawa Tengah,Kota Magelang,L,S2,3,10.0,2.2888297740858086,2.8410269544895996,2.5211036445550303,2.3504516998210545,2.9193394266506227,2.84816764141579,3.008553002116393
963,Prov. Jawa Tengah,Kota Magelang,P,D3,93,494.0,113.06819083983895,174.1776136492752,160.51065984276292,169.15091967354786,154.30893526736625,127.74964626672292,122.60074461289548
964,Prov. Jawa Tengah,Kota Magelang,P,Profesi,2204,1195.0,273.51515800325416,1758.6417590552965,1185.9868307727825,1406.842122091032,5432.344325272996,1242.1879903763224,1457.889944609155
965,Prov. Jawa Tengah,Kota Magelang,P,S1,1420,9056.0,2072.7642434121085,1908.1997885416265,1809.9816789332438,1908.3775513200294,2382.331227215734,1684.8862802578797,1633.8593918872314
966,Prov. Jawa Tengah,Kota Magelang,P,S2,1,13.0,2.9754787063115513,4.361832282017781,3.9513639591948895,3.7844338280784116,5.2376299997195765,3.6014332260387945,4.317964978893848
967,Prov. Jawa Tengah,Kota Pekalongan,L,D3,69,181.0,41.42781891095314,47.989260502484235,42.64900039104734,41.78609352912679,55.08539362316374,42.62003020728772,49.088989009563306
968,Prov. Jawa Tengah,Kota Pekalongan,L,D4,10,111.0,25.40601049235248,18.59700794049418,16.371357399654702,16.970824924650458,24.09613671712506,21.15863393903651,17.49485397226699
969,Prov. Jawa Tengah,Kota Pekalongan,L,Profesi,649,216.0,49.43872312025347,373.7069989332186,333.31912723026676,331.63283314220865,409.74573414951044,575.9001189160888,511.9672383949736
970,Prov. Jawa Tengah,Kota Pekalongan,L,S1,1270,7510.0,1718.9111603384424,1314.1081766504326,1274.946042135401,1252.9950280249468,1572.8988777862974,1396.124587409002,1156.7074061671312
971,Prov. Jawa Tengah,Kota Pekalongan,L,S2,117,338.0,77.36244636410034,127.46349139673715,134.45093458185042,135.32740289662854,198.10968141484042,88.98138047718919,95.20151432801171
972,Prov. Jawa Tengah,Kota Pekalongan,P,D3,179,473.0,108.26164831425875,164.41409490660797,156.74222413782547,162.65738795993175,164.2675381212737,112.117744171884,114.87090825673954
973,Prov. Jawa Tengah,Kota Pekalongan,P,D4,6,30.0,6.866489322257427,6.578454814615343,6.117244525751344,6.93750836623756,13.618219472572656,10.231804548283456,8.832112410916192
974,Prov. Jawa Tengah,Kota Pekalongan,P,Profesi,1435,511.0,116.95920145578484,975.1186603763758,861.0629920015094,859.219172548096,1206.184292904442,913.8662253381472,818.5809346580301
975,Prov. Jawa Tengah,Kota Pekalongan,P,S1,2705,13058.0,2988.753919001249,2743.83712344633,2738.0150138410377,2780.4257507946177,3290.7116151191485,2626.546502233501,2557.030659597138
976,Prov. Jawa Tengah,Kota Pekalongan,P,S2,82,215.0,49.20984014284489,91.09418024098944,95.92134358521176,97.45975465772582,141.66746902459417,74.39325256659795,87.3971075958454
977,Prov. Jawa Tengah,Kota Salatiga,L,D3,31,152.0,34.790212566104294,39.03237638566344,30.374278743611494,28.734386363604603,32.763450797079585,28.48971688270383,30.546611675174
978,Prov. Jawa Tengah,Kota Salatiga,L,D4,33,229.0,52.41420182656502,45.50944555975949,38.406902333164616,41.30284900395625,30.48005115731715,50.182535672995066,47.11146488218776
979,Prov. Jawa Tengah,Kota Salatiga,L,Profesi,2344,1460.0,334.1691470165281,2535.471790590692,1997.792822144155,1974.980301923605,2774.7152107925626,1825.9427618577236,1729.262589923309
980,Prov. Jawa Tengah,Kota Salatiga,L,S1,2211,11473.0,2625.9743998086483,2130.370622674653,1853.6984380471526,1887.1448435291074,1858.8771412391013,2138.6769863740697,1972.9023431525986
981,Prov. Jawa Tengah,Kota Salatiga,L,S2,215,570.0,130.4632971228911,199.00667256086308,178.84073365600983,173.85282093815115,173.18009779715808,153.9382972436493,145.45848854749994
982,Prov. Jawa Tengah,Kota Salatiga,L,S3,30,241.0,55.160797555467994,41.45323160185729,39.95107751482662,52.212475689605476,39.231644987580765,52.09154309477175,48.10629829223628
983,Prov. Jawa Tengah,Kota Salatiga,P,D3,45,105.0,24.03271262790099,35.0855068139047,29.142075682910335,29.230594118491698,28.447457038854257,25.901771832387322,27.936075826259895
984,Prov. Jawa Tengah,Kota Salatiga,P,D4,27,111.0,25.40601049235248,24.63434500972645,20.59271648293312,22.563341331579423,18.692614791778183,25.634896138023237,18.544045735079745
985,Prov. Jawa Tengah,Kota Salatiga,P,Profesi,7284,4193.0,959.7063242741797,7951.883594807328,6175.512362418068,6101.558906831644,8036.512393880772,5020.062966772141,5252.341623679277
986,Prov. Jawa Tengah,Kota Salatiga,P,S1,4261,16907.0,3869.724499046877,3595.733032637747,3148.13163810805,3262.4763732315328,3354.846849455263,3229.1100071249643,3366.2211177944027
987,Prov. Jawa Tengah,Kota Salatiga,P,S2,244,609.0,139.38973324182575,248.7677370926851,227.264794659978,226.21086771217603,201.86912866459966,167.60989927069247,178.70017918071562
988,Prov. Jawa Tengah,Kota Salatiga,P,S3,13,98.0,22.430531786040927,19.86782255199355,19.529635339622505,26.2016545199612,16.781947851094802,18.881324189500518,17.650060323963864
989,Prov. Jawa Tengah,Kota Semarang,L,D3,2213,8196.0,1875.924882840729,2269.431061304495,2238.560654805302,2281.221408308659,2545.6345835251077,2137.9636706914066,2235.8371873524093
990,Prov. Jawa Tengah,Kota Semarang,L,D4,1629,9526.0,2180.3392427941412,1769.7224497696768,1776.4477752454668,1955.5647739630692,2037.6348038671952,1948.6740460880828,1619.0171295604478
991,Prov. Jawa Tengah,Kota Semarang,L,Profesi,11923,12329.0,2821.898228470394,11413.90423402476,8330.326086918722,6893.664146827018,19261.036136143593,12749.29074076641,12561.443096176397
992,Prov. Jawa Tengah,Kota Semarang,L,S1,18987,108937.0,24933.824909958574,17465.296196376363,17467.888782863156,17646.620478249602,24776.2735726216,17431.1140071197,17647.219120659447
993,Prov. Jawa Tengah,Kota Semarang,L,S2,3865,10425.0,2386.1050394844556,3382.2867932032404,3612.1259749312794,3572.5416610945563,4913.191554907861,3357.7333507029916,3756.2447526322585
994,Prov. Jawa Tengah,Kota Semarang,L,S2 Terapan,1,4.0,0.9155319096343235,1.7446077891939629,1.9688039250206577,1.6969082091784993,5.21257166964538,2.608830355591474,2.6803392796625016
995,Prov. Jawa Tengah,Kota Semarang,L,S3,451,3262.0,746.6162723067908,515.1759477905086,586.8787739853296,777.053221136051,691.8601925917762,562.1516888024856,505.1513355718676
996,Prov. Jawa Tengah,Kota Semarang,L,Sp-1,112,465.0,106.43058449499011,92.66536107238089,116.75510426434997,166.0902817316138,143.20016284800613,109.18854922091892,119.17247861708154
997,Prov. Jawa Tengah,Kota Semarang,P,D3,4154,12064.0,2761.24423945712,3964.2141215429388,4007.4515653538656,4186.000586827569,4508.263012639857,3284.9367814076463,3339.8098064020337
998,Prov. Jawa Tengah,Kota Semarang,P,D4,2511,11342.0,2595.9907297681243,2397.687530898884,2409.5440124178335,2706.749965968198,3109.6920546466577,2348.6246690038824,2071.468601108147
999,Prov. Jawa Tengah,Kota Semarang,P,Profesi,25882,26292.0,6017.791242026408,28443.543787100603,21091.768666199998,17864.09405380368,41344.61076905574,21419.804005064863,26490.982923976837
1000,Prov. Jawa Tengah,Kota Semarang,P,S1,31158,141237.0,32326.745080255736,26594.987006404084,27011.019511112812,28153.716404888684,37907.909743370925,25143.28046216989,25327.55988620835
1001,Prov. Jawa Tengah,Kota Semarang,P,S2,3517,9426.0,2157.4509450532832,3507.9600435326042,3774.851435675876,3796.2204890664893,4801.112751176688,3433.2928916751016,3735.7376709328914
1002,Prov. Jawa Tengah,Kota Semarang,P,S2 Terapan,61,99.0,22.659414763449508,45.730293763290625,50.170937054429686,42.755544442641714,63.44866085302132,22.2958525084431,23.42563262509959
1003,Prov. Jawa Tengah,Kota Semarang,P,S3,284,1807.0,413.59154017730566,335.7033181894714,389.7067428846038,529.3321544645247,380.53025252349175,373.8718243211054,353.44737664972774
1004,Prov. Jawa Tengah,Kota Semarang,P,Sp-1,126,555.0,127.03005246176238,119.22852912313805,147.2079887430874,208.34536756264492,208.039933070738,131.62189053523264,132.9137791461754
1005,Prov. Jawa Tengah,Kota Surakarta,L,D1,11,20.0,4.577659548171617,15.880698204523377,6.517653386140956,5.871426322388533,6.059880547202641,12.177696640063733,14.980218244387933
1006,Prov. Jawa Tengah,Kota Surakarta,L,D2,35,78.0,17.85287223786931,35.32553711386351,30.719783283984267,27.977471382937715,24.145755266140792,19.41288142225537,23.527442191415716
1007,Prov. Jawa Tengah,Kota Surakarta,L,D3,1088,4549.0,1041.1886642316344,1167.0177231604755,1030.207273600648,1060.4899979757417,1007.3258548234254,1050.7579881368326,994.7313383656117
1008,Prov. Jawa Tengah,Kota Surakarta,L,D4,717,3236.0,740.6653148941678,585.3809211429577,545.608158236428,597.5085910771314,484.2378682823944,565.8218438938142,513.6809292304558
1009,Prov. Jawa Tengah,Kota Surakarta,L,Profesi,7094,7799.0,1785.0583408095222,12372.200472521168,10808.567821693758,10838.046462639091,11987.80648323133,7399.7481496495675,7311.087711906348
1010,Prov. Jawa Tengah,Kota Surakarta,L,S1,5373,34808.0,7966.958677637883,5418.814525314341,5027.7403781414405,5043.945943258992,5242.9585119416915,5255.055615668013,4961.646009783716
1011,Prov. Jawa Tengah,Kota Surakarta,L,S2,772,2767.0,633.3191984895433,791.147984000294,750.6023777008711,712.2660985780155,891.0023658826195,677.9099186660846,791.7426711653118
1012,Prov. Jawa Tengah,Kota Surakarta,L,S3,160,1103.0,252.45792408166471,157.68053999252774,161.50053877162946,207.10238269619498,184.29335992826867,213.82582559827443,207.99126136835835
1013,Prov. Jawa Tengah,Kota Surakarta,L,Sp-1,89,498.0,113.98372274947327,82.14571487436443,89.39837819965518,119.3641973776848,110.57943313254944,108.0572305221005,102.38184310425163
1014,Prov. Jawa Tengah,Kota Surakarta,L,Sp-2,1,7.0,1.6021808418600663,2.3674460260458874,2.8434970696549353,2.762383026393066,4.366726578559416,3.096319109331751,2.9071573853536004
1015,Prov. Jawa Tengah,Kota Surakarta,P,D1,5,23.0,5.26430848039736,14.639171667257745,5.155020240278852,4.163924351402344,5.377250001504315,11.414784765434343,16.09103088630517
1016,Prov. Jawa Tengah,Kota Surakarta,P,D2,65,170.0,38.91010615945875,87.45221059129729,76.29118973116553,70.40738110332374,55.77001525425844,36.714087595412984,46.897015134792824
1017,Prov. Jawa Tengah,Kota Surakarta,P,D3,3112,8952.0,2048.960413761616,2764.199805717894,2516.4133299471164,2669.0326687134943,2610.7715783452377,2246.3342886479513,2544.515652826307
1018,Prov. Jawa Tengah,Kota Surakarta,P,D4,1478,6126.0,1402.1371196049665,1269.4252129506071,1191.1785895547807,1326.4568814002027,1027.2510127627177,1237.8140804967811,1102.4848303826736
1019,Prov. Jawa Tengah,Kota Surakarta,P,Profesi,17286,18880.0,4321.310613474007,32579.22541285857,28002.975145600856,28025.252457557173,25269.203859178524,13445.029576833253,18858.363800046078
1020,Prov. Jawa Tengah,Kota Surakarta,P,S1,8981,46212.0,10577.140152005339,8606.673362988597,8181.059153970444,8512.389952417952,9521.45389459205,9032.30851523742,8735.877944185408
1021,Prov. Jawa Tengah,Kota Surakarta,P,S2,907,2820.0,645.4499962921981,929.8274968259808,891.0008441818834,861.3357091009898,1024.676678837462,731.5426095737619,885.82748189687
1022,Prov. Jawa Tengah,Kota Surakarta,P,S3,172,978.0,223.8475519055921,170.54936061082225,180.9309406628141,241.07471519095853,190.32586002002336,218.89138041071953,206.88567214081996
1023,Prov. Jawa Tengah,Kota Surakarta,P,Sp-1,75,463.0,105.97281854017295,86.31744695931809,94.02566030206981,126.9942857136332,121.26251950598152,86.727425626074,101.81079241149894
1024,Prov. Jawa Tengah,Kota Surakarta,P,Sp-2,4,7.0,1.6021808418600663,2.59189500102766,3.071806333201909,2.9851479689707032,5.086811767338047,3.08425368439308,2.726156284034917
1025,Prov. Jawa Tengah,Kota Tegal,L,D3,82,1075.0,246.04920071422444,318.09050260094426,289.5742138470013,285.77514961594403,250.18588553075625,230.93031352072407,244.045923687421
1026,Prov. Jawa Tengah,Kota Tegal,L,D4,133,972.0,222.47425404114063,177.5393043270157,159.0121463277817,163.30490683713901,169.09283661528556,200.63574638693575,174.75284667530573
1027,Prov. Jawa Tengah,Kota Tegal,L,Profesi,642,628.0,143.7385098125888,1038.4244024869238,877.7579351911608,848.6458422097792,1020.7076989990312,782.4129021478474,749.8766919478385
1028,Prov. Jawa Tengah,Kota Tegal,L,S1,508,3437.0,786.6707933532924,520.3945149035595,447.8125648683305,433.63067124502453,541.0747294112962,453.89900727549946,536.5681043655987
1029,Prov. Jawa Tengah,Kota Tegal,L,S2,106,282.0,64.5449996292198,74.16982618120201,64.37521333125395,56.372672205061484,68.21276205601337,58.192157167038175,64.28441888579901
1030,Prov. Jawa Tengah,Kota Tegal,P,D3,81,1401.0,320.6650513494218,492.6026988810688,459.05452123062184,466.3993182783496,374.1223781299423,320.44278109046775,353.55696670593534
1031,Prov. Jawa Tengah,Kota Tegal,P,D4,85,538.0,123.13904184581651,115.92615697051713,105.94122776951961,111.72720634024823,102.6116462793156,120.3446287726009,86.03856861547652
1032,Prov. Jawa Tengah,Kota Tegal,P,Profesi,2081,2023.0,463.03026329755915,3722.1095188421214,3127.159167434703,3041.6826063118883,3058.2418678922895,1676.2939059570297,1743.9507532123505
1033,Prov. Jawa Tengah,Kota Tegal,P,S1,571,3132.0,716.8614852436754,582.6608223416371,519.7633761733898,527.1183878522684,642.042140816438,491.62517461633087,578.1855422614822
1034,Prov. Jawa Tengah,Kota Tegal,P,S2,123,214.0,48.98095716543631,75.9970163390109,71.50371047145343,67.41922482218592,74.7133299066198,75.24360122917638,94.58467569243244
1035,Prov. Jawa Timur,Kab. Bangkalan,L,D3,15,93.0,24.66512476097154,25.781564968338344,23.05940054185058,22.801249162970468,25.56099585604848,26.90429446236033,28.436290960657065
1036,Prov. Jawa Timur,Kab. Bangkalan,L,Profesi,485,523.0,138.708174731055,774.9857246059998,546.2441868778546,556.4306779645756,636.3261101535311,609.9979694133311,730.0835624267768
1037,Prov. Jawa Timur,Kab. Bangkalan,L,S1,1729,9901.0,2625.9075296599917,1753.145961930352,1620.209955906895,1620.8833684619103,1751.8960705958496,1452.073209223652,1293.952989195367
1038,Prov. Jawa Timur,Kab. Bangkalan,L,S2,38,105.0,27.847721504322706,36.01670750581773,33.931075433279936,33.35243469514798,35.03087630814239,26.897490911597647,34.5070855914533
1039,Prov. Jawa Timur,Kab. Bangkalan,P,D3,54,539.0,142.95163705552324,107.41740625443441,120.077692804404,115.18533969396353,106.14920165451656,151.27012421070017,127.43261292962849
1040,Prov. Jawa Timur,Kab. Bangkalan,P,Profesi,1706,1849.0,490.3851148713589,3041.410754963908,2210.2378364151186,2295.742033378655,2278.4916015241192,1916.2001274070208,2112.2088862847204
1041,Prov. Jawa Timur,Kab. Bangkalan,P,S1,2728,14315.0,3796.5726984226626,2895.1458674728724,2705.0951290559606,2780.716088513221,2751.1605744133035,3013.009236581896,3003.6850851678905
1042,Prov. Jawa Timur,Kab. Bangkalan,P,S2,47,108.0,28.6433706901605,42.59525979799086,40.35810020654988,40.85277878582822,34.865560481640145,30.755477320230632,39.7838328432938
1043,Prov. Jawa Timur,Kab. Banyuwangi,L,D2,5,10.0,2.652163952792639,3.402724211905913,2.816876732647611,2.507251822260111,2.8023315968654825,3.6027592282687606,3.9709487857408514
1044,Prov. Jawa Timur,Kab. Banyuwangi,L,D3,176,619.0,164.16894867786434,167.64961995920254,143.05835750117356,145.39989176684426,153.60087146582524,156.0957872088698,154.8812949888347
1045,Prov. Jawa Timur,Kab. Banyuwangi,L,D4,365,1767.0,468.63737045845926,318.80252112143546,300.44547778304866,320.6626222588065,287.1111970120018,369.93889240288115,369.3059991093147
1046,Prov. Jawa Timur,Kab. Banyuwangi,L,Profesi,74,129.0,34.21291499102504,116.4810357466976,106.68805699224997,99.33765890403322,112.02130078213976,100.11012889355361,95.57866218355939
1047,Prov. Jawa Timur,Kab. Banyuwangi,L,S1,680,6684.0,1772.7063860465998,799.675128636477,848.0247517332763,824.7504111088198,775.5363418714634,883.2700175567946,775.2829628540135
1048,Prov. Jawa Timur,Kab. Banyuwangi,L,S2,87,391.0,103.69961055419218,88.82137650480651,96.21288148413913,92.12613716119851,95.61332030285861,77.68381131279662,108.57341641683075
1049,Prov. Jawa Timur,Kab. Banyuwangi,P,D1,2,2.0,0.5304327905585278,1.935297531187864,0.6989912586614524,0.672346921613027,1.876192835743564,2.3361771706965295,2.9513958470855624
1050,Prov. Jawa Timur,Kab. Banyuwangi,P,D2,9,28.0,7.426059067819389,11.732239293161374,9.501195375453078,8.762817776623104,10.302640513665246,8.83055829414444,10.32249474889496
1051,Prov. Jawa Timur,Kab. Banyuwangi,P,D3,185,623.0,165.2298142589814,192.55112374984952,166.36202588166674,173.60402464430524,181.0869478955458,170.53563160311379,186.5248910501276
1052,Prov. Jawa Timur,Kab. Banyuwangi,P,D4,406,1651.0,437.87226860606467,345.8313140899518,326.5032117596347,359.1761635554366,490.41756631551374,366.5336409551061,350.13943999296947
1053,Prov. Jawa Timur,Kab. Banyuwangi,P,Profesi,263,336.0,89.11270881383267,432.63698968010107,362.6060386911783,356.1793391072157,347.6443617305506,247.97700890167988,260.64874693242393
1054,Prov. Jawa Timur,Kab. Banyuwangi,P,S1,1092,7403.0,1963.3969742523905,1086.566693823516,1127.5609793044505,1136.7757326729288,995.8105470909732,981.01211695073,1113.4463469804452
1055,Prov. Jawa Timur,Kab. Banyuwangi,P,S2,71,288.0,76.382321840428,77.50660224939081,83.58983608448219,82.54356560355879,76.2763631973102,66.14098605673125,69.68520177964413
1056,Prov. Jawa Timur,Kab. Blitar,L,S1,21,285.0,75.5866726545902,42.684499245461545,36.18584128073428,36.749648598152156,41.7676608740778,52.70671775279543,42.961832577231476
1057,Prov. Jawa Timur,Kab. Blitar,P,S1,40,425.0,112.71696799368715,74.3839592558224,63.17580842802363,66.05691391596581,69.07500432701501,41.702837508563746,53.72060553861568
1058,Prov. Jawa Timur,Kab. Bojonegoro,L,D3,31,68.0,18.034714878989945,19.050755072566382,15.893979142141788,16.215843522888584,20.216776708496486,20.43935880795753,17.365427798322834
1059,Prov. Jawa Timur,Kab. Bojonegoro,L,Profesi,56,73.0,19.360796855386262,101.4131334828785,75.54177598043552,74.28376934184698,107.38668846423617,68.51089930592592,75.17105944101098
1060,Prov. Jawa Timur,Kab. Bojonegoro,L,S1,899,6486.0,1720.1935397813056,882.6357122076495,863.615683753567,860.9661213918034,860.6266769155926,829.2180862715772,868.0658613662035
1061,Prov. Jawa Timur,Kab. Bojonegoro,L,S2,39,136.0,36.06942975797989,24.872091790674933,29.423270369725845,27.486483760468605,28.32409065305601,13.824214072843395,16.95828883531817
1062,Prov. Jawa Timur,Kab. Bojonegoro,P,D3,77,208.0,55.16501021808689,68.3558879715013,57.03624951291683,59.939359090451376,61.9931822505474,23.911146022228774,35.265855664075225
1063,Prov. Jawa Timur,Kab. Bojonegoro,P,Profesi,155,189.0,50.12589870778088,287.9598743279648,221.19516950922403,222.20867948409224,235.45435007811733,215.72643800567445,189.6432015456505
1064,Prov. Jawa Timur,Kab. Bojonegoro,P,S1,1758,8561.0,2270.517559985778,1510.8941935189803,1409.0644800662435,1467.0787030608917,1491.759560651449,1358.2156591343107,1458.8101810486717
1065,Prov. Jawa Timur,Kab. Bojonegoro,P,S2,15,59.0,15.64776732147657,12.205958112463994,14.681825561485306,14.064782989759015,15.042721999239417,12.511574257733132,15.056531303699202
1066,Prov. Jawa Timur,Kab. Bondowoso,L,D3,17,57.0,15.117334530918042,16.819279818000048,13.245011202952455,13.75852614219462,14.510663674059412,10.41190653572893,11.647230047598931
1067,Prov. Jawa Timur,Kab. Bondowoso,L,S1,435,2449.0,649.5149520389173,351.6992241319545,328.49069076996835,330.9535019326315,289.83551619940977,403.38564844366914,326.46276413943355
1068,Prov. Jawa Timur,Kab. Bondowoso,L,S2,24,67.0,17.76949848371068,21.715272461723767,19.133869187417957,19.39574152675717,19.6320858121175,18.19469509435816,16.685419579618138
1069,Prov. Jawa Timur,Kab. Bondowoso,P,D3,36,302.0,80.0953513743377,88.91420092693794,75.3806335604333,79.07351816640713,78.33108229280401,64.22343119039216,80.46877347208556
1070,Prov. Jawa Timur,Kab. Bondowoso,P,S1,506,2604.0,690.6234933072031,436.7910155567719,408.77190650139744,424.0139997240926,351.74884924329876,467.5286103264967,508.1609886838447
1071,Prov. Jawa Timur,Kab. Bondowoso,P,S2,20,48.0,12.730386973404666,18.216310311155784,16.066002906146124,16.77143038061306,14.98913115450858,10.586635435442728,12.69589974474499
1072,Prov. Jawa Timur,Kab. Gresik,L,D3,30,211.0,55.96065940392468,60.025431184382846,49.99757959205003,51.036497781707304,59.270700031079954,33.930058789018396,51.24789674059656
1073,Prov. Jawa Timur,Kab. Gresik,L,Profesi,476,508.0,134.72992880186607,670.496091281224,514.2231947003166,501.65849008551214,770.2915275490034,646.3476047921063,655.6521864989801
1074,Prov. Jawa Timur,Kab. Gresik,L,S1,1194,7810.0,2071.340047131051,1076.4454180867951,1063.8532430553132,1053.7942746844103,1086.5008902310321,1110.915002667249,1070.2904666724949
1075,Prov. Jawa Timur,Kab. Gresik,L,S2,138,318.0,84.33881369880592,101.27761834126333,93.62084811856421,93.44636226890309,108.36757468593837,97.56501781234914,91.24928239068613
1076,Prov. Jawa Timur,Kab. Gresik,P,D3,74,259.0,68.69104637732934,68.97838188681658,63.33065043101129,64.99783163943053,58.66338690932432,51.049341066879975,62.253444906380864
1077,Prov. Jawa Timur,Kab. Gresik,P,Profesi,1823,1952.0,517.7024035851231,2932.730536045458,2280.457898109294,2283.1551828525767,2588.249754179862,1728.8495615362535,1756.8731964527883
1078,Prov. Jawa Timur,Kab. Gresik,P,S1,1573,8054.0,2136.052847579191,1366.8674961304519,1322.230284013009,1356.6623407653842,1274.4903158441887,1400.2269174753865,1456.660213347655
1079,Prov. Jawa Timur,Kab. Gresik,P,S2,145,385.0,102.1083121825166,145.82935684174888,133.97777261454166,137.9780034338574,145.25533921763193,121.19090118670672,124.33973616080011
1080,Prov. Jawa Timur,Kab. Jember,L,D2,12,17.0,4.508678719747486,7.38065662372004,5.825946538961196,5.287951456522303,6.212492453995305,7.170855513005622,6.821550908641215
1081,Prov. Jawa Timur,Kab. Jember,L,D3,610,2349.0,622.9933125109909,544.8487301167139,529.1637083531858,523.7979822456999,464.5731826454943,451.66411632792574,460.6959395415264
1082,Prov. Jawa Timur,Kab. Jember,L,D4,746,4743.0,1257.9213628095486,754.7522844968546,800.7454060732007,834.051332684272,732.7271887319486,855.1114116539854,802.4756018714567
1083,Prov. Jawa Timur,Kab. Jember,L,Profesi,3193,1143.0,303.1423398041986,1527.386326137281,1246.8610085485739,1205.5695040429448,882.1053380364035,1021.0453996174429,1025.550671260934
1084,Prov. Jawa Timur,Kab. Jember,L,S1,5188,33013.0,8755.588857354338,4892.15666173609,5000.83769591805,4949.898485889793,4807.845467372755,4502.92330650744,4246.57145411801
1085,Prov. Jawa Timur,Kab. Jember,L,S2,617,2648.0,702.2930146994908,570.404866737625,674.3726708708219,634.9839146124566,546.4897523816047,654.4199373569207,700.7331141144853
1086,Prov. Jawa Timur,Kab. Jember,L,S3,72,474.0,125.71257136237108,57.14562258832721,67.32501582206682,82.09686013964962,67.54407059195931,72.95367877856421,79.10484034162508
1087,Prov. Jawa Timur,Kab. Jember,P,D2,16,21.0,5.569544300864542,10.118350223585171,8.191996061967545,7.607101082325875,10.475465959676985,8.341460907892392,9.571228002016372
1088,Prov. Jawa Timur,Kab. Jember,P,D3,1002,3397.0,900.9400947636594,965.9075344357638,922.0551167186441,943.6065084575822,788.4376562627232,845.3705927503169,933.0230074495493
1089,Prov. Jawa Timur,Kab. Jember,P,D4,783,4278.0,1134.5957390046908,788.269983434531,842.2120180766972,901.584202075743,825.983471474339,917.7546768171196,912.7638290615148
1090,Prov. Jawa Timur,Kab. Jember,P,Profesi,8975,3216.0,852.9359272181126,4761.528003732754,3989.791952356953,3945.8922129669104,2511.244965921978,3481.872165227342,4282.83218396408
1091,Prov. Jawa Timur,Kab. Jember,P,S1,10413,49994.0,13259.22846559152,9075.715499626456,9090.257325584855,9321.734723224816,9446.658504350833,7806.760965149546,8119.91989584769
1092,Prov. Jawa Timur,Kab. Jember,P,S2,710,2043.0,541.8370955555362,623.2694855075393,676.3465219553261,671.3076868778727,599.4939098635322,431.41398599282854,567.3675495777524
1093,Prov. Jawa Timur,Kab. Jember,P,S3,28,204.0,54.104144636969835,33.26892982293769,36.737833719223225,46.956341407175714,34.95545429381014,29.080256589558243,27.542937059150933
1094,Prov. Jawa Timur,Kab. Jombang,L,D3,22,147.0,38.98681010605179,39.37279663137077,35.47300743464184,34.86294039722044,32.12531780179761,29.303467419430792,43.30469316656096
1095,Prov. Jawa Timur,Kab. Jombang,L,Profesi,323,306.0,81.15621695545475,282.0161260972603,267.90641402389014,242.6741473782559,271.0321946386436,237.39934006836202,215.54054176949924
1096,Prov. Jawa Timur,Kab. Jombang,L,S1,1661,9361.0,2482.6906762091894,1319.946252974034,1352.913653672533,1306.9593637065614,1324.1173597253244,1245.528249329614,1289.6795089068773
1097,Prov. Jawa Timur,Kab. Jombang,L,S2,86,292.0,77.44318742154505,78.27892825368062,82.32222655358343,78.05934811348689,76.27173256897177,78.09346724083149,75.69875942613402
1098,Prov. Jawa Timur,Kab. Jombang,P,D3,152,476.0,126.24300415292961,148.22370669966116,134.10315074664754,135.60777003894583,137.474321679644,118.55289553139392,130.16384379836165
1099,Prov. Jawa Timur,Kab. Jombang,P,Profesi,1758,1338.0,354.8595368836551,1596.7707835807776,1450.3332649513995,1369.6725338871245,1253.68486161415,1169.4149854014202,1115.5455204134614
1100,Prov. Jawa Timur,Kab. Jombang,P,S1,3079,11514.0,3053.7015752454445,2103.5605873822697,2063.993295683045,2076.9898546754926,2070.4779222216525,2139.1843856195665,2122.258382451956
1101,Prov. Jawa Timur,Kab. Jombang,P,S2,78,269.0,71.34321033012199,82.50170703426703,87.76742232375587,85.46060292272587,87.74763052928766,69.00536447646833,62.60186419598503
1102,Prov. Jawa Timur,Kab. Kediri,L,D3,43,111.0,29.43901987599829,27.10238935306014,24.997234069070345,24.38164385920444,22.90826321554548,30.903941464808927,33.50837308572373
1103,Prov. Jawa Timur,Kab. Kediri,L,Profesi,81,111.0,29.43901987599829,106.39285939109513,97.44366555527873,89.0234856157329,55.702897653899925,88.59917927566136,101.44282746730129
1104,Prov. Jawa Timur,Kab. Kediri,L,S1,562,6439.0,1707.7283692031801,1101.615728966615,1021.2931418865387,1009.9734494996668,1060.1729745264165,1137.7114210507984,941.4655017539238
1105,Prov. Jawa Timur,Kab. Kediri,P,D3,197,578.0,153.29507647141452,162.82078768368922,151.30022323402954,151.719093883578,131.7210400269295,169.0403606537631,179.48168716042636
1106,Prov. Jawa Timur,Kab. Kediri,P,Profesi,391,476.0,126.24300415292961,630.509911557424,536.0249148050384,514.6404587595416,271.2119946182431,394.4390928584887,497.62674821345456
1107,Prov. Jawa Timur,Kab. Kediri,P,S1,953,10819.0,2869.376180526356,2115.131243526056,1984.8933616812035,2015.2453990968957,2161.5356504117285,1913.6951353436277,1757.896124578358
1108,Prov. Jawa Timur,Kab. Lamongan,L,D3,5,53.0,14.056468949800985,11.872205154320106,11.17544697613048,10.91787050188289,10.196611866892612,14.765298025505926,14.38480177547655
1109,Prov. Jawa Timur,Kab. Lamongan,L,Profesi,34,46.0,12.199954182846138,55.82410381999561,45.064074671767656,42.895202985756804,52.337549775972846,30.35640571080085,30.507008470387213
1110,Prov. Jawa Timur,Kab. Lamongan,L,S1,1358,7779.0,2063.118338877394,1088.101242119644,1081.65992832496,1058.437693066481,1065.6457483805088,1030.7517503657823,1003.5491813795977
1111,Prov. Jawa Timur,Kab. Lamongan,L,S2,175,490.0,129.9560336868393,129.10515689491,131.80602964554768,126.71615815486872,112.27751192822026,125.42787999112089,120.74356279991387
1112,Prov. Jawa Timur,Kab. Lamongan,P,D3,115,295.0,78.23883660738285,87.82149631343731,78.1109097942698,79.8132827960898,84.78140275165678,70.1843704545472,79.42688004933444
1113,Prov. Jawa Timur,Kab. Lamongan,P,Profesi,207,231.0,61.264987309509955,333.1689404847472,267.3884737071832,262.5852752913764,281.25684304851114,220.97319226289707,218.1114760468899
1114,Prov. Jawa Timur,Kab. Lamongan,P,S1,1971,8998.0,2386.4171247228164,1572.5250553279766,1521.0138091643687,1543.760910771187,1650.2304024992266,1394.983186515991,1472.0536778848136
1115,Prov. Jawa Timur,Kab. Lamongan,P,S2,217,349.0,92.56052195246309,127.97664636264423,120.88722960250999,122.24186397571034,128.45276869569034,108.31897318629836,110.30259844396184
1116,Prov. Jawa Timur,Kab. Lumajang,L,S1,470,3880.0,1029.0396136835438,550.3997563382455,524.3021072749865,525.5396781548964,556.0567315255821,517.3587516315358,421.49256299667627
1117,Prov. Jawa Timur,Kab. Lumajang,L,S2,18,65.0,17.239065693152153,17.435755898427292,16.965078199890897,16.75392179745121,18.258853024143345,16.991177868912064,16.635455517884186
1118,Prov. Jawa Timur,Kab. Lumajang,P,S1,768,4269.0,1132.2087914471774,741.489396943662,692.6822366177494,718.9930609380822,772.1412845921226,687.0439271150312,710.9011189175145
1119,Prov. Jawa Timur,Kab. Lumajang,P,S2,21,52.0,13.791252554521723,16.371467349618197,15.927389780695655,16.202788163314995,17.30910888039363,15.361174853507533,14.058191902592368
1120,Prov. Jawa Timur,Kab. Magetan,L,S1,312,1673.0,443.70702930220847,220.86056092644498,205.71237569726114,203.40819956831004,133.59879785787908,142.16846916056207,152.61196241057135
1121,Prov. Jawa Timur,Kab. Magetan,L,S2,5,24.0,6.365193486702333,8.579561953765458,6.92790025608071,7.054763454064086,9.109946932448402,5.864715251637368,5.026742576915727
1122,Prov. Jawa Timur,Kab. Magetan,P,S1,392,1880.0,498.6068231250161,320.7584730278883,285.9018266383941,294.66678478697224,256.2116154107891,255.86042691960714,265.47683002512446
1123,Prov. Jawa Timur,Kab. Magetan,P,S2,5,48.0,12.730386973404666,19.043178736526116,15.771917200171718,16.431371176344285,17.575119731506387,9.335556496323616,14.167722395510054
1124,Prov. Jawa Timur,Kab. Malang,L,D3,103,225.0,59.67368893783437,61.736811267203294,52.629668597907944,52.79749154130799,70.06045879900603,62.55028986449975,68.29329624093567
1125,Prov. Jawa Timur,Kab. Malang,L,D4,102,437.0,115.89956473703832,85.02213434770208,77.77852149630337,82.58248082520706,96.40583730666314,92.64824425333046,86.62353568188716
1126,Prov. Jawa Timur,Kab. Malang,L,Profesi,47,54.0,14.32168534508025,54.45042464896382,47.49955705052511,44.27352249151712,45.814376431501294,40.74430437061701,54.31735660678644
1127,Prov. Jawa Timur,Kab. Malang,L,S1,528,4026.0,1067.7612073943164,663.7421139151359,609.6577119401302,608.7336984072779,753.1547070973453,760.0637740331754,565.684615364422
1128,Prov. Jawa Timur,Kab. Malang,L,S2,134,537.0,142.4212042649647,157.6998280807985,152.20776727367456,148.5336432133535,162.3880102316753,148.3318131167029,142.57541206931757
1129,Prov. Jawa Timur,Kab. Malang,P,D3,111,339.0,89.90835799967046,108.70720225513506,92.83960135670767,95.88988170927465,125.57435057240237,104.56008081273048,107.1246236664324
1130,Prov. Jawa Timur,Kab. Malang,P,D4,99,433.0,114.83869915592126,93.97188050314365,87.96822871714645,95.6166943096336,119.59271670571967,79.70902045688513,93.65595942598173
1131,Prov. Jawa Timur,Kab. Malang,P,Profesi,233,197.0,52.24762987001498,236.51110813467983,204.95101603508743,197.1290436035077,163.85365260299122,212.31447597298174,242.19149786878754
1132,Prov. Jawa Timur,Kab. Malang,P,S1,861,5170.0,1371.1687635937942,973.0073702470384,905.4306998975997,927.8214369228219,1038.2706762785224,970.7851725426946,1015.3915276388935
1133,Prov. Jawa Timur,Kab. Malang,P,S2,57,243.0,64.44758405286112,81.40416823749916,79.58409950804193,79.72311352732538,80.40767063942607,77.62069274970438,72.0259617387246
1134,Prov. Jawa Timur,Kab. Mojokerto,L,D3,106,325.0,86.19532846576077,96.20624089996838,80.2893751444201,81.3437201879473,99.82900860732487,102.09234408888719,92.83262044611517
1135,Prov. Jawa Timur,Kab. Mojokerto,L,Profesi,105,163.0,43.23027243052001,190.12317736430725,157.2925085604096,149.3318945431482,142.5966792739141,109.85256304205284,137.8788028676957
1136,Prov. Jawa Timur,Kab. Mojokerto,L,S1,657,4341.0,1151.3043719072846,651.8585540461755,634.1623031667077,625.699071540426,632.3840988615093,740.605244683359,589.1068913233684
1137,Prov. Jawa Timur,Kab. Mojokerto,L,S2,266,793.0,210.31660145645625,286.2140909601707,254.85929214383933,255.21159271895772,210.63347693107343,195.0155151657582,187.68048816229052
1138,Prov. Jawa Timur,Kab. Mojokerto,L,S3,18,151.0,40.04767568716885,28.369886072324974,26.01784827210567,33.443032209407676,34.1638130217805,25.68117405094464,20.55837879687907
1139,Prov. Jawa Timur,Kab. Mojokerto,P,D3,212,666.0,176.63411925598976,208.57429014373332,182.46592110494245,188.02381285120325,221.72180194372908,199.3489333746224,198.32212996181877
1140,Prov. Jawa Timur,Kab. Mojokerto,P,Profesi,499,634.0,168.1471946070533,845.7332759229162,707.9029511951956,690.1197528486393,570.560754672296,602.5664741374335,582.9005167560639
1141,Prov. Jawa Timur,Kab. Mojokerto,P,S1,1285,6222.0,1650.17641142758,1144.2571496174376,1091.7015645723047,1115.3593503125571,1301.3951962946098,1237.824371559617,1108.324502033642
1142,Prov. Jawa Timur,Kab. Mojokerto,P,S2,170,447.0,118.55172868983095,179.33391128122142,163.66849619255558,167.7097462650522,135.535079781101,106.30983124749078,119.29723080480703
1143,Prov. Jawa Timur,Kab. Mojokerto,P,S3,2,21.0,5.569544300864542,4.378690737834976,4.118760988240304,5.416382779976793,6.652562640768531,4.589996402244082,4.355140942355884
1144,Prov. Jawa Timur,Kab. Nganjuk,L,D3,4,23.0,6.099977091423069,6.667437950036126,5.44149348837187,5.559515564345661,6.721284338399674,3.917249404140165,3.7001242563300782
1145,Prov. Jawa Timur,Kab. Nganjuk,L,Profesi,28,30.0,7.956491858377916,37.28061560967053,29.02680762781047,28.078713072124863,22.847184166450013,18.85826943552109,19.06530887895052
1146,Prov. Jawa Timur,Kab. Nganjuk,L,S1,422,2380.0,631.215020764648,380.777831035427,348.621612530103,350.4732165260013,383.15308376126626,477.31482436756994,380.71276815864496
1147,Prov. Jawa Timur,Kab. Nganjuk,L,S2,44,179.0,47.473734754988236,52.43691734271454,49.735755348675674,49.083982132730405,50.010013943443106,49.49219341825518,59.0341559126113
1148,Prov. Jawa Timur,Kab. Nganjuk,P,D3,59,169.0,44.821570802195595,54.13594683894276,45.40540215326035,47.4356831029986,56.079887677240954,43.824654239366915,44.5878831975985
1149,Prov. Jawa Timur,Kab. Nganjuk,P,Profesi,63,64.0,16.97384929787289,97.00932466342772,74.21014809606443,74.29708545400415,56.03360338218698,37.953923977278016,42.6319233671542
1150,Prov. Jawa Timur,Kab. Nganjuk,P,S1,670,3260.0,864.6054486104002,618.6228433486066,563.5699068362991,584.3979790158644,688.8698575736429,600.717467573932,549.6715063580693
1151,Prov. Jawa Timur,Kab. Nganjuk,P,S2,30,121.0,32.09118382879093,39.33204020206412,38.266366785488074,38.63567860154225,37.3901337704712,40.80879122741371,43.7266920882581
1152,Prov. Jawa Timur,Kab. Ngawi,L,D3,28,61.0,16.178200112035096,17.640262184813363,14.393170260314319,14.582315981324276,18.37170705637166,14.96821383814876,11.805043899762868
1153,Prov. Jawa Timur,Kab. Ngawi,L,S1,195,2225.0,590.1064794963621,330.52719035105014,312.58370187024127,308.8898537528359,312.86147639255336,335.8525366806619,303.48898631216974
1154,Prov. Jawa Timur,Kab. Ngawi,P,D3,70,197.0,52.24762987001498,65.3020178771802,53.851204602677555,56.03929464318119,62.39793240503996,49.84558029274327,43.01590794080418
1155,Prov. Jawa Timur,Kab. Ngawi,P,S1,316,2414.0,640.2323782041431,391.15114518678223,382.4129516831259,385.7967817168832,387.0094989887989,456.71371400712565,473.9388681832887
1156,Prov. Jawa Timur,Kab. Pacitan,L,D2,48,146.0,38.721593710772524,48.826281358414676,40.55608833236194,35.10831409175872,39.286047378127705,34.78822701693783,27.790916197820945
1157,Prov. Jawa Timur,Kab. Pacitan,L,S1,175,1404.0,372.3638189720865,250.41616525664216,217.91798005455462,218.48465192026208,232.77545026410806,189.74221605669885,159.9187015957994
1158,Prov. Jawa Timur,Kab. Pacitan,P,D2,21,38.0,10.078223020612027,16.145457242284166,12.933982292713349,11.646157209216895,12.144329985233519,12.230083135999852,14.957849512801705
1159,Prov. Jawa Timur,Kab. Pacitan,P,S1,340,1687.0,447.4200588361182,343.1785372408138,302.2080470071263,311.22976218211875,299.6064378852807,260.0107740919978,259.53341337260196
1160,Prov. Jawa Timur,Kab. Pamekasan,L,D3,7,31.0,8.22170825365718,7.1922122637896635,6.8152528671396615,6.635458524290514,6.165489053248157,9.927263750811367,9.92387487152866
1161,Prov. Jawa Timur,Kab. Pamekasan,L,S1,1334,11155.0,2958.4888893401885,1603.0180502972628,1616.75466649814,1570.9680031424332,1617.9383737793157,1748.1169364058153,1664.4796364592414
1162,Prov. Jawa Timur,Kab. Pamekasan,L,S2,20,310.0,82.21708253657181,106.35243659750849,98.48797481463713,97.04257824571603,112.10085660294615,92.56197187521232,87.38914023917332
1163,Prov. Jawa Timur,Kab. Pamekasan,P,D3,92,304.0,80.62578416489622,99.61139668831106,86.75287748720807,89.0012793778281,103.16179921216266,90.49137941178452,98.11875270084212
1164,Prov. Jawa Timur,Kab. Pamekasan,P,Profesi,1,167.0,44.29113801163707,262.15604924856854,207.06984250711048,203.89088826531636,178.91994271068936,155.93255782363218,177.07668328874954
1165,Prov. Jawa Timur,Kab. Pamekasan,P,S1,968,8364.0,2218.269930115763,1548.717119564371,1496.8474698325483,1515.4515711347574,1748.9812258194484,1396.7076421794497,1349.2998020666942
1166,Prov. Jawa Timur,Kab. Pamekasan,P,S2,4,153.0,40.578108477727376,61.25734556240185,56.86732687999115,57.67975380562924,52.249435638032196,45.31777715105734,48.12041021411826
1167,Prov. Jawa Timur,Kab. Pasuruan,L,D3,70,125.0,33.15204940990799,32.026711326824774,27.90809346816601,28.267755891015653,28.368503056985475,38.47477512955135,38.23992812502674
1168,Prov. Jawa Timur,Kab. Pasuruan,L,D4,5,31.0,8.22170825365718,4.033249645821147,4.390505957336568,4.51827293667973,4.695739953801104,7.007079940588931,5.132590417350419
1169,Prov. Jawa Timur,Kab. Pasuruan,L,S1,1859,8096.0,2147.1919361809205,1369.7079061478578,1212.9438080814568,1249.2466145644485,1470.7461002305845,1341.075793335825,1195.8636704865519
1170,Prov. Jawa Timur,Kab. Pasuruan,L,S2,156,582.0,154.3559420525316,208.06281460728928,181.93085303432656,185.17018656110412,148.76513815344464,153.16295312644965,148.89346602628808
1171,Prov. Jawa Timur,Kab. Pasuruan,L,S3,9,138.0,36.59986254853842,25.615008230723234,23.09510863776618,30.16352560466566,28.61245601262495,21.379354000031444,16.312927976371643
1172,Prov. Jawa Timur,Kab. Pasuruan,P,D3,150,341.0,90.43879079022898,97.2271236470173,86.79081559515703,89.96811979824533,91.34840859923058,73.73025119102299,80.74787332680243
1173,Prov. Jawa Timur,Kab. Pasuruan,P,D4,27,114.0,30.234669061836083,19.730823745299205,20.285662442210082,21.836819611300914,24.83944041079801,20.417738950041016,14.087493544969927
1174,Prov. Jawa Timur,Kab. Pasuruan,P,S1,1457,6778.0,1797.6367272028506,1321.2442614769898,1174.4949361087338,1246.7793382126506,1424.1388303856872,1306.7924540658203,1188.7258304149161
1175,Prov. Jawa Timur,Kab. Pasuruan,P,S2,25,244.0,64.71280044814038,97.48228569230335,87.15081373339089,90.82686437554443,80.06449576725059,54.43668280900439,62.18431568045196
1176,Prov. Jawa Timur,Kab. Pasuruan,P,S3,4,21.0,5.569544300864542,4.3259255554165295,4.000489033783227,5.345442524744754,6.361107365950452,3.569535055971063,4.099919827670418
1177,Prov. Jawa Timur,Kab. Ponorogo,L,D3,21,111.0,29.43901987599829,28.80551950326136,26.310081937302378,26.34369812792731,23.448260812675553,30.570762164981634,35.11043721004082
1178,Prov. Jawa Timur,Kab. Ponorogo,L,D4,11,112.0,29.704236271277555,22.20974386630903,21.039973434290086,22.502024757790817,21.590246743685615,24.096759689715118,13.080987000245464
1179,Prov. Jawa Timur,Kab. Ponorogo,L,Profesi,64,84.0,22.278177203458167,93.90772340333879,81.64534114400172,77.44739594297835,61.26227345050149,99.54529275265769,129.56647808756915
1180,Prov. Jawa Timur,Kab. Ponorogo,L,S1,1066,10168.0,2696.720307199555,1586.534266103846,1563.3157368775503,1556.546873250677,1395.002479986057,1534.0044132144455,1344.121033076203
1181,Prov. Jawa Timur,Kab. Ponorogo,L,S2,110,486.0,128.89516810572223,169.19927579107792,157.87170542356367,158.0789896208696,154.11822269302598,136.36091868620204,125.76729494768915
1182,Prov. Jawa Timur,Kab. Ponorogo,L,S3,4,34.0,9.017357439494972,5.857086824949786,5.759913284224958,7.357401212658671,6.701109159169985,5.432742368086494,4.780639436419397
1183,Prov. Jawa Timur,Kab. Ponorogo,P,D3,116,507.0,134.46471240658678,154.07658984454602,140.79192913231705,145.2176495084243,108.21434618276874,146.3737774253973,148.5548423019624
1184,Prov. Jawa Timur,Kab. Ponorogo,P,Profesi,130,177.0,46.94330196442971,215.3782637027994,193.76762445612974,187.59975535069816,127.77974171316026,184.67742779256793,239.36835592456046
1185,Prov. Jawa Timur,Kab. Ponorogo,P,S1,1668,14610.0,3874.8115350300454,2796.8400331280595,2700.6065527373767,2784.8873311957223,3112.859225772298,3127.6943685199044,2950.115701527053
1186,Prov. Jawa Timur,Kab. Ponorogo,P,S2,111,497.0,131.81254845379414,197.1164734227062,186.40879570815144,191.5734356025399,192.78335140120393,141.73844473194623,143.07044930880593
1187,Prov. Jawa Timur,Kab. Ponorogo,P,S3,1,16.0,4.243462324468222,3.3765367651991145,3.256004344081288,4.306790959839515,4.052139715316384,2.7590768895495867,1.8724375041390398
1188,Prov. Jawa Timur,Kab. Probolinggo,L,D3,43,162.0,42.96505603524075,46.21082579595278,39.001227854867395,38.91943325583127,46.00806770806657,34.36362337009672,30.51390547900735
1189,Prov. Jawa Timur,Kab. Probolinggo,L,Profesi,77,111.0,29.43901987599829,134.29460390771513,110.51046607788801,103.16535479122615,98.81477694722244,79.19622091111829,93.63761442410046
1190,Prov. Jawa Timur,Kab. Probolinggo,L,S1,966,6738.0,1787.02807139168,913.5298271416674,940.9566989821556,897.9146257276943,807.6712249028052,754.7566345505562,805.0402320756223
1191,Prov. Jawa Timur,Kab. Probolinggo,L,S2,58,176.0,46.67808556915044,55.6450306938538,53.22486240814438,51.33536120995205,60.97541568928389,57.510379467006295,64.64767615776907
1192,Prov. Jawa Timur,Kab. Probolinggo,P,D3,54,212.0,56.22587579920394,60.435684190177746,55.49029007799248,55.53473741280933,51.45265947815982,40.81457356121644,53.89680689510111
1193,Prov. Jawa Timur,Kab. Probolinggo,P,Profesi,227,265.0,70.28234474900493,385.88036618349764,313.88561574715163,302.7766731370759,350.6405341895466,240.2857618444152,236.50164442848535
1194,Prov. Jawa Timur,Kab. Probolinggo,P,S1,1531,7447.0,1975.066495644678,1300.1396435059696,1283.5525237711465,1276.1941029965744,1315.503170291202,1311.1766098580429,1385.702736034057
1195,Prov. Jawa Timur,Kab. Probolinggo,P,S2,60,132.0,35.00856417686283,49.88436769257077,47.31398360944113,47.113523467250864,55.49045890331717,44.309683207241996,45.01729133019439
1196,Prov. Jawa Timur,Kab. Sampang,L,D3,132,439.0,116.42999752759684,124.95088893652333,102.10580298872878,104.54230812688866,122.79347537140696,121.78348518319481,113.6488715794955
1197,Prov. Jawa Timur,Kab. Sampang,L,Profesi,6,8.0,2.121731162234111,11.083322589650848,8.154994676638802,8.02930979856067,4.704640138177062,7.13680216254353,6.494308657116938
1198,Prov. Jawa Timur,Kab. Sampang,L,S1,297,2216.0,587.7195319388487,340.3556641052676,315.2223869796202,316.69692603889786,271.4433780059941,369.9220226325688,319.0753896500833
1199,Prov. Jawa Timur,Kab. Sampang,P,D3,435,852.0,225.96436877793283,220.5496229140942,202.38463006353786,206.89272664981883,179.1521739329226,146.18809794625068,154.44626637928027
1200,Prov. Jawa Timur,Kab. Sampang,P,Profesi,12,19.0,5.039111510306014,29.213118556687068,22.046525868381252,22.207679592415115,10.4177564755522,12.072651108779317,12.613463027690539
1201,Prov. Jawa Timur,Kab. Sampang,P,S1,167,1501.0,398.0898093141751,269.17827289509955,249.859027342928,258.4220891703099,258.3256863621024,273.6524647839615,244.2844972910201
1202,Prov. Jawa Timur,Kab. Sidoarjo,L,D3,192,576.0,152.764643680856,156.87460962858813,138.14228993887852,138.80739342496216,158.40856221848006,164.08202960115736,152.3569027567563
1203,Prov. Jawa Timur,Kab. Sidoarjo,L,D4,16,128.0,33.94769859574578,20.041019214499492,20.83561500140307,21.596599842368462,19.553832271359056,19.597205539560626,13.90362989548338
1204,Prov. Jawa Timur,Kab. Sidoarjo,L,S1,1716,10356.0,2746.580989512057,1498.5435174821455,1505.360568547509,1481.9756224273258,1580.9873913255394,1622.4421246620518,1507.1489125316143
1205,Prov. Jawa Timur,Kab. Sidoarjo,L,S2,298,951.0,252.22079191057995,258.96393511891233,266.3119460422905,258.1444371689995,289.85907019073375,280.35992983142165,296.7570444642639
1206,Prov. Jawa Timur,Kab. Sidoarjo,P,D3,294,968.0,256.72947063032746,290.0750251039979,263.02378912985785,270.10443708160017,295.80547621303356,252.7019670946697,247.60838502857075
1207,Prov. Jawa Timur,Kab. Sidoarjo,P,D4,82,450.0,119.34737787566874,88.42048493169189,89.15536850268417,95.97761021076295,99.7017045660014,93.67032322753317,88.924776118524
1208,Prov. Jawa Timur,Kab. Sidoarjo,P,Profesi,10,22.0,5.834760696143805,31.062385088882777,25.739075576506934,25.317051660424042,23.35560042027519,13.022494245165085,14.28779665571306
1209,Prov. Jawa Timur,Kab. Sidoarjo,P,S1,2241,10740.0,2848.424085299294,1957.5942800049024,1902.6160561229312,1947.1224857727134,2141.991995917114,1954.9546339247522,1769.5506416996013
1210,Prov. Jawa Timur,Kab. Sidoarjo,P,S2,222,522.0,138.44295833577576,176.52374734268702,176.90361426511942,177.86661127497297,178.27030222845102,164.38119849863259,162.37369145462756
1211,Prov. Jawa Timur,Kab. Situbondo,L,D3,18,109.0,28.908587085439763,20.062795173816564,21.251476564344184,19.613812619443706,23.265724061963144,15.979197807341267,16.873998599386766
1212,Prov. Jawa Timur,Kab. Situbondo,L,S1,679,5007.0,1327.9384911632742,667.4612096183491,700.1152385261169,657.7487121951783,593.8369227814276,599.4554493918629,595.8555317577549
1213,Prov. Jawa Timur,Kab. Situbondo,L,S2,49,111.0,29.43901987599829,35.313630459760404,34.04935293829518,32.416598577703226,35.24192971831575,30.22516532994805,37.091508925302826
1214,Prov. Jawa Timur,Kab. Situbondo,P,Profesi,18,24.0,6.365193486702333,38.19508003025969,30.1627456489565,29.011542503764666,20.008872816184265,16.749139941798745,16.438847335781198
1215,Prov. Jawa Timur,Kab. Situbondo,P,S1,1026,5874.0,1557.8811058703961,1021.0474249465593,1019.6755002347885,1000.28972728836,962.0563491996794,918.7683779552563,865.1762400671906
1216,Prov. Jawa Timur,Kab. Situbondo,P,S2,61,111.0,29.43901987599829,44.682237537561384,41.628248318853366,41.20274099849366,46.07640457274707,34.986635090890786,38.426799431824776
1217,Prov. Jawa Timur,Kab. Sumenep,L,D3,4,18.0,4.77389511502675,5.439170631350365,4.310901579723056,4.476329316794146,3.658690680842034,6.3724720710831075,6.860744424814315
1218,Prov. Jawa Timur,Kab. Sumenep,L,Profesi,52,68.0,18.034714878989945,58.211942840647936,53.1479146487215,49.668333420498215,48.980677557869164,35.75910305825804,46.370067266444494
1219,Prov. Jawa Timur,Kab. Sumenep,L,S1,1417,9572.0,2538.651335613114,1388.1595959791798,1315.2740940273688,1321.0733639095865,1328.0238874246777,1228.2698728269188,1194.978778948686
1220,Prov. Jawa Timur,Kab. Sumenep,L,S2,107,220.0,58.34760696143805,73.707501909545,65.08586825611556,66.02720864773761,79.85680714952738,68.08823924704703,75.55004823178297
1221,Prov. Jawa Timur,Kab. Sumenep,P,D3,6,84.0,22.278177203458167,24.005983063190563,20.988546203645175,21.86461306198415,20.429205036165673,26.72257070441908,30.553981010848013
1222,Prov. Jawa Timur,Kab. Sumenep,P,Profesi,257,274.0,72.6692923065183,374.26538108234985,297.0903173938721,296.95578929631,219.85611924657476,228.93512337621206,217.85638797883124
1223,Prov. Jawa Timur,Kab. Sumenep,P,S1,1855,9628.0,2553.5034537487527,1688.6422175744026,1577.9543869245285,1638.7316899697566,1690.5657492092973,1257.3842994416536,1275.5786947236047
1224,Prov. Jawa Timur,Kab. Sumenep,P,S2,58,139.0,36.86507894381768,54.174726498701204,48.025560593951056,50.132600255936836,44.86777938965254,40.46395581109975,43.43431157634251
1225,Prov. Jawa Timur,Kab. Trenggalek,L,S1,106,917.0,243.203434471085,134.84589519843612,121.76542490919852,121.62787870859673,134.92951246733534,128.74036993738758,135.34743687461105
1226,Prov. Jawa Timur,Kab. Trenggalek,P,S1,185,1128.0,299.16409387500966,196.85463472637676,176.64862395977042,182.1346481668615,237.20614219647436,252.1877129240096,225.67146052896925
1227,Prov. Jawa Timur,Kab. Tuban,L,D3,12,137.0,36.33464615325915,25.610274719777426,26.267481062720222,24.788445759852785,24.30705083468369,20.23379463158069,20.699376436403853
1228,Prov. Jawa Timur,Kab. Tuban,L,Profesi,398,395.0,104.76047613530923,542.523800856239,415.4020680822335,396.4621285252789,459.8568823623947,457.9480728272574,506.67331510996837
1229,Prov. Jawa Timur,Kab. Tuban,L,S1,349,3434.0,910.7531013889921,531.4785457428998,508.44389789208344,496.15236331104,485.0551500120464,558.8684764127291,565.9618770712008
1230,Prov. Jawa Timur,Kab. Tuban,L,S2,30,87.0,23.07382638929596,29.751252308274434,27.068459754990975,26.53358611241437,27.96814337739405,24.84526836948184,25.36132869579593
1231,Prov. Jawa Timur,Kab. Tuban,P,D3,2,34.0,9.017357439494972,9.297397499670218,8.625366288970634,8.613884447943496,9.318523208319894,12.097001798814299,12.857611485250704
1232,Prov. Jawa Timur,Kab. Tuban,P,Profesi,1665,1807.0,479.24602626962985,2662.62875470039,2123.568927007327,2064.93720071831,1571.711108212894,1695.723633797486,1659.2790903582413
1233,Prov. Jawa Timur,Kab. Tuban,P,S1,863,4932.0,1308.0472615173294,941.9967628912152,880.6906100656333,890.7431697519316,1063.5551077384216,975.0596439484109,974.4798555983842
1234,Prov. Jawa Timur,Kab. Tuban,P,S2,46,89.0,23.604259179854484,36.03224689418805,32.649817071382174,33.0033295305345,32.885474227118344,26.38143015573978,23.049371699874552
1235,Prov. Jawa Timur,Kab. Tulungagung,L,D3,13,57.0,15.117334530918042,16.297762162919437,13.977433771395155,14.08508583347434,16.106372382595513,16.060291353753946,15.65361677431671
1236,Prov. Jawa Timur,Kab. Tulungagung,L,Profesi,491,245.0,64.97801684341965,242.29822712696543,218.58964152225346,203.14791018464004,158.82301274829354,250.10359628137053,271.8165918436455
1237,Prov. Jawa Timur,Kab. Tulungagung,L,S1,1908,9395.0,2491.7080336486842,1504.9751609002583,1436.650785229285,1428.0321548925212,1602.7720027642463,1394.2322507422887,1243.0882565053766
1238,Prov. Jawa Timur,Kab. Tulungagung,L,S2,220,497.0,131.81254845379414,147.09652481719766,145.01811174374677,141.57431333760536,172.62069014548686,130.76825641782122,129.44636102274
1239,Prov. Jawa Timur,Kab. Tulungagung,L,S3,64,240.0,63.65193486702333,34.127279522145514,35.939708095123024,44.59735102210379,44.621802795742674,37.399887163758684,31.767565474742053
1240,Prov. Jawa Timur,Kab. Tulungagung,P,D3,87,194.0,51.451980684177194,62.85756592079393,54.76995065024581,56.60981136950456,65.85374145215229,53.141355761356415,49.74082127459539
1241,Prov. Jawa Timur,Kab. Tulungagung,P,D4,6,29.0,7.691275463098653,5.649863487577232,5.6945208550117075,6.105020882780909,6.3695050666236375,7.937086190775012,5.477285325421407
1242,Prov. Jawa Timur,Kab. Tulungagung,P,Profesi,1345,326.0,86.46054486104002,370.0370041151926,337.20017822918936,321.9334503462186,209.57021505703096,231.43491445569498,254.4359768143275
1243,Prov. Jawa Timur,Kab. Tulungagung,P,S1,4669,18949.0,5025.585474146771,3677.4972043956536,3459.6223287319954,3556.287366912191,4113.472911866565,3622.8802406018413,3327.6958962081144
1244,Prov. Jawa Timur,Kab. Tulungagung,P,S2,299,585.0,155.15159123836938,211.52006115487686,204.73703376570643,206.90556447383412,219.52482105232195,183.61404052343144,188.98139452071317
1245,Prov. Jawa Timur,Kab. Tulungagung,P,S3,23,102.0,27.052072318484917,16.08338270479656,17.37887059476318,22.06077624817005,22.58504848128099,14.304271578051955,12.688113612808271
1246,Prov. Jawa Timur,Kota Batu,L,D4,60,379.0,100.51701381084101,72.92465896939308,62.66391658450566,67.34506204734583,77.21570909422468,39.71693674894167,45.0044978282806
1247,Prov. Jawa Timur,Kota Batu,L,S1,87,161.0,42.69983963996148,25.736716682577345,22.443416851363494,22.60370190516268,32.21202272879603,12.885710680759855,14.434598329132461
1248,Prov. Jawa Timur,Kota Batu,L,S2,20,111.0,29.43901987599829,24.34208768090477,25.07922650887681,23.934676626991592,39.85881005631763,19.924977209968965,23.147213158874784
1249,Prov. Jawa Timur,Kota Batu,L,S2 Terapan,208,208.0,55.16501021808689,80.38087998204423,58.96720047996073,56.12359880979489,78.91916094688939,19.64091044257843,34.40637045627979
1250,Prov. Jawa Timur,Kota Batu,P,S1,65,172.0,45.61721998803339,30.773006203174507,27.41850864197382,28.28082884769735,40.022776064972724,13.955302396538258,19.947708043829802
1251,Prov. Jawa Timur,Kota Batu,P,S2,10,49.0,12.99560336868393,13.876314445219563,13.6863774482623,13.613340937783121,17.54951903407252,11.640783872554938,13.830943914876261
1252,Prov. Jawa Timur,Kota Batu,P,S2 Terapan,2,2.0,0.5304327905585278,0.8577559719306099,0.6454015987741643,0.6284540456250733,1.0122077930354008,2.7326194157063113,2.309075472069749
1253,Prov. Jawa Timur,Kota Blitar,L,D2,48,96.0,25.460773946809333,41.29025641669894,31.27419490907879,27.53830000826517,32.993398519133066,28.355541623957052,32.527649386324946
1254,Prov. Jawa Timur,Kota Blitar,L,Profesi,13,18.0,4.77389511502675,19.994757999963788,16.964160001343608,15.574367981833781,14.693892189479703,8.557544884393435,6.987777966097666
1255,Prov. Jawa Timur,Kota Blitar,L,S1,1081,4046.0,1073.0655352999017,505.5540953561462,535.9617368138435,503.21175302040626,490.9772411274008,491.3477604023449,454.18959421244966
1256,Prov. Jawa Timur,Kota Blitar,P,D2,71,168.0,44.556354406916334,81.13253901228157,62.695535164108904,56.560872248235455,92.57986725040564,44.81007331293757,44.88267501255419
1257,Prov. Jawa Timur,Kota Blitar,P,Profesi,32,45.0,11.934737787566874,66.02971168145014,53.080458781470085,50.93074371258971,53.984271131633065,31.816346292181226,27.752449712059665
1258,Prov. Jawa Timur,Kota Blitar,P,S1,1087,4765.0,1263.7561235056924,798.4956870269715,796.3937951481655,783.0271425529938,873.5036682929662,809.9790693377913,778.0843026955348
1259,Prov. Jawa Timur,Kota Kediri,L,D3,104,522.0,138.44295833577576,129.08171823684594,119.84069357728868,120.02889820751555,120.59327329848699,140.4616842278905,134.1812770949348
1260,Prov. Jawa Timur,Kota Kediri,L,D4,37,109.0,28.908587085439763,19.3228427548477,19.09704827622437,20.310027326585235,17.517184939274763,15.970138058832472,10.959660732308867
1261,Prov. Jawa Timur,Kota Kediri,L,Profesi,1495,1754.0,465.18955731982885,2097.56308231733,1758.6446671235822,1692.497474854962,1547.4744251893908,1415.8647130953188,1626.830585679046
1262,Prov. Jawa Timur,Kota Kediri,L,S1,2109,14046.0,3725.2294880925406,2043.3534764935036,2065.9183244717024,2052.7775036425705,2160.2826671581033,2220.9823461650562,2078.144630087696
1263,Prov. Jawa Timur,Kota Kediri,L,S2,451,1075.0,285.10762492520865,312.26296806145854,314.61513036730224,310.0376999240424,360.935302678328,312.9688942301505,362.1720516976679
1264,Prov. Jawa Timur,Kota Kediri,L,S3,6,59.0,15.64776732147657,10.481878424655845,10.107278551171737,13.03987798301862,11.193268770046913,6.44058520037208,5.752159006536919
1265,Prov. Jawa Timur,Kota Kediri,P,D3,405,1138.0,301.8162578278023,332.7240703446956,307.831656593378,317.88490222324043,323.53828307052095,304.21924357093064,287.2746135204642
1266,Prov. Jawa Timur,Kota Kediri,P,D4,66,237.0,62.85628568118554,49.6956129916172,49.04111412815137,53.704114061190594,60.39140316970813,49.485729545350175,46.88949909968771
1267,Prov. Jawa Timur,Kota Kediri,P,Profesi,4118,5221.0,1384.6947997530367,6899.677878771873,5944.900935505839,5850.271425114062,4688.69469163825,4010.7262046922897,4697.241178576162
1268,Prov. Jawa Timur,Kota Kediri,P,S1,3833,16472.0,4368.644463040035,2982.460372680498,2934.410736826639,3025.930065122824,3392.3391982292283,2754.6784933913223,2906.545452259943
1269,Prov. Jawa Timur,Kota Kediri,P,S2,373,831.0,220.39482447706828,284.3991364830437,286.0055371151784,290.4670475547882,308.3338679520544,182.80958585478177,208.20497424502926
1270,Prov. Jawa Timur,Kota Kediri,P,S3,3,53.0,14.056468949800985,10.165617620498688,10.180932545498406,13.39274765939701,10.486899148939974,6.394295742626423,5.53000366843939
1271,Prov. Jawa Timur,Kota Madiun,L,D3,412,1510.0,400.47675687168845,460.21048842839565,392.04391224513597,386.1465951266574,394.2933263170846,320.00429874553015,348.8524818114985
1272,Prov. Jawa Timur,Kota Madiun,L,D4,122,941.0,249.56862795778733,186.73854901063106,177.68149592907392,183.16140601571553,157.197203292619,231.74838227476442,151.61178437293003
1273,Prov. Jawa Timur,Kota Madiun,L,Profesi,1104,1132.0,300.2249594561267,1437.130256026217,1192.8862358291592,1102.904385955109,1177.2076616750803,952.5239898184864,998.5813237788882
1274,Prov. Jawa Timur,Kota Madiun,L,S1,596,3875.0,1027.7135317071475,572.2048385181413,582.9175296104621,554.3858346738268,563.5086909631584,681.7826098872112,562.1615370585372
1275,Prov. Jawa Timur,Kota Madiun,L,S2,90,238.0,63.12150207646481,89.074447354025,81.35257788451761,78.86596266397488,76.3612512411146,54.74868000877214,74.55816810980846
1276,Prov. Jawa Timur,Kota Madiun,P,D3,516,1633.0,433.09837349103793,534.3091769472475,473.2616924873075,475.4096002951997,470.1335808707199,325.60530412260385,345.08235491597344
1277,Prov. Jawa Timur,Kota Madiun,P,D4,73,605.0,160.45591914395465,134.40750787811052,130.6274460708405,137.92768305654113,125.117413629267,103.18825689848877,98.38239267156227
1278,Prov. Jawa Timur,Kota Madiun,P,Profesi,3687,3782.0,1003.048406946176,5183.904635994404,4469.014395268578,4213.036840488498,3331.460377540351,3616.6652705313522,3790.9528420427164
1279,Prov. Jawa Timur,Kota Madiun,P,S1,1159,5229.0,1386.816530915271,1004.4415772805111,976.149888976695,968.5456893075791,1000.7942034673496,956.4101282874301,988.286844437231
1280,Prov. Jawa Timur,Kota Madiun,P,S2,191,479.0,127.0386533387674,198.9613971795342,186.37588277964468,184.84940501501097,166.28844199241877,112.67023080912546,135.2631570780502
1281,Prov. Jawa Timur,Kota Malang,L,D2,6,16.0,4.243462324468222,7.134789498851355,5.95527133542313,5.280693722222132,4.022562364764855,4.058275631428643,5.363370024710478
1282,Prov. Jawa Timur,Kota Malang,L,D3,1699,6280.0,1665.5589623537771,1761.911741158393,1675.5299526721533,1655.633844385283,1702.3650809819364,1711.3917423596158,1734.015533485179
1283,Prov. Jawa Timur,Kota Malang,L,D4,1598,9018.0,2391.7214526284015,1744.9580852143256,1800.244720570408,1878.389015913966,1778.8061678590802,1892.863845405042,1549.8648855819386
1284,Prov. Jawa Timur,Kota Malang,L,Profesi,19473,14066.0,3730.5338159981256,18063.36337122295,16071.882996899123,15058.201375124596,15153.397265698895,13308.597651255912,12736.600411740925
1285,Prov. Jawa Timur,Kota Malang,L,S1,19685,101552.0,26933.255373399807,16622.01749779787,17367.238291083864,16953.32337127999,16539.09237444276,16836.718745761384,16240.82576497375
1286,Prov. Jawa Timur,Kota Malang,L,S2,2425,7536.0,1998.6707548245327,2380.3473291769983,2530.6152791066797,2431.5540582368585,2628.6661433157483,2284.1320119157167,2677.863623745599
1287,Prov. Jawa Timur,Kota Malang,L,S2 Terapan,23,57.0,15.117334530918042,20.325449540187034,18.843191728555954,17.098639758120736,19.101440554414054,14.746722871758509,17.990638371630887
1288,Prov. Jawa Timur,Kota Malang,L,S3,591,3495.0,926.9313015010273,564.9767253134743,623.4181055580713,767.3055271054003,613.7075221330714,775.3172679452501,614.9297505045929
1289,Prov. Jawa Timur,Kota Malang,L,Sp-1,111,467.0,123.85605659541623,95.07704016601643,106.44208201445575,136.77288556286726,84.22225322606982,90.60544218478621,99.1510499635913
1290,Prov. Jawa Timur,Kota Malang,P,D3,3025,9349.0,2479.508079465838,3045.356523767207,2918.521925546099,2961.272683298576,3003.678749403264,2558.4065553721257,3061.100948588673
1291,Prov. Jawa Timur,Kota Malang,P,D4,1818,8433.0,2236.569861390032,1861.3517051073668,1950.7025164729812,2085.5993500971485,2004.8985468069584,1863.9677555872433,1802.93879886469
1292,Prov. Jawa Timur,Kota Malang,P,Profesi,45652,32130.0,8521.40278032275,46977.4824546391,42375.111755290374,40746.02302614746,34992.94762979306,18545.116398756072,21902.737262748502
1293,Prov. Jawa Timur,Kota Malang,P,S1,26542,120553.0,31972.6321001011,23788.949723967016,24522.651511600154,24757.995904026026,25665.59741855927,21605.69106243799,22350.986821723625
1294,Prov. Jawa Timur,Kota Malang,P,S2,2820,7468.0,1980.6360399455427,2792.920542864495,2956.997640325349,2929.9644364817445,2925.470160784522,2465.101949706554,2744.8569816525824
1295,Prov. Jawa Timur,Kota Malang,P,S2 Terapan,17,24.0,6.365193486702333,10.40100688882125,9.489410659201605,8.908085214376882,10.298574489738778,5.4013168361243835,5.985854669595126
1296,Prov. Jawa Timur,Kota Malang,P,S3,450,2177.0,577.3760925229575,428.02822644086075,464.64342928687006,591.6806303568703,421.8385785805022,344.0905494918472,393.6200593152495
1297,Prov. Jawa Timur,Kota Malang,P,Sp-1,110,436.0,115.63434834175905,96.97281804639768,112.15264249904051,147.15242704719148,94.63380791121243,102.46252610740433,99.00866850588719
1298,Prov. Jawa Timur,Kota Mojokerto,L,D3,15,54.0,14.32168534508025,12.070571804089225,10.798364985129083,10.559398502340526,10.765168839731404,10.891479227810615,9.381284687334238
1299,Prov. Jawa Timur,Kota Mojokerto,L,S1,274,1484.0,393.5811305944276,208.48569386671406,197.2138053445778,192.80107639411062,182.04759317072066,175.69262111950502,161.22233029448662
1300,Prov. Jawa Timur,Kota Mojokerto,L,S2,6,25.0,6.630409881981597,5.548371612884058,5.815077721298686,5.480890245123994,7.094238012959058,6.131910569754183,5.310913668366474
1301,Prov. Jawa Timur,Kota Mojokerto,P,D3,14,71.0,18.830364064827737,14.285737572324743,14.418926582550348,14.060201822878607,15.654283920761753,14.906118457893855,14.21741651039278
1302,Prov. Jawa Timur,Kota Mojokerto,P,S1,324,1354.0,359.1029992081233,226.75468707440095,212.95705839365135,214.86889071993446,202.29534478193938,232.85537201766894,243.71964865775178
1303,Prov. Jawa Timur,Kota Mojokerto,P,S2,3,7.0,1.8565147669548472,2.404659861435138,2.2216971002527655,2.2313880210876706,2.2412568326731575,2.07557064788756,2.857637402752555
1304,Prov. Jawa Timur,Kota Pasuruan,L,S1,278,1759.0,466.5156392962252,248.31332575487787,251.23849373825848,235.4417236242754,259.8944076433699,213.65003735841293,218.80830162445065
1305,Prov. Jawa Timur,Kota Pasuruan,L,S2,2,11.0,2.9173803480719025,2.7482816797501144,2.932656719670681,2.682620150717342,3.1114544033795815,2.855548868766599,2.782687412767895
1306,Prov. Jawa Timur,Kota Pasuruan,P,S1,406,2059.0,546.0805578800043,360.4730917136042,355.0807834602986,345.43796654649907,341.05461921855715,333.0554219849853,343.6780395668748
1307,Prov. Jawa Timur,Kota Pasuruan,P,S2,5,28.0,7.426059067819389,8.471504418452232,8.910916755776835,8.4288206137922,8.78845711901347,6.645891031102198,7.955113389400363
1308,Prov. Jawa Timur,Kota Probolinggo,L,S1,51,308.0,81.68664974601327,56.53742894995974,45.91310597426445,46.360706621557576,61.03595121408927,35.29486935958632,37.85327613937733
1309,Prov. Jawa Timur,Kota Probolinggo,P,S1,54,204.0,54.104144636969835,41.55849764203115,34.6153710042403,35.75945175778131,37.55479720665239,32.443800091336335,32.597590465683005
1310,Prov. Jawa Timur,Kota Surabaya,L,D2,8,27.0,7.160842672540125,7.8071097137174945,7.859684349744386,6.854101871835979,5.979709960492039,7.551668104320543,8.365194556810778
1311,Prov. Jawa Timur,Kota Surabaya,L,D3,1504,6029.0,1598.989647138682,1727.4387179945413,1621.3960232608774,1659.1474260565608,1580.519714825551,1563.2942324381097,1594.4833906270198
1312,Prov. Jawa Timur,Kota Surabaya,L,D4,2405,14757.0,3913.798345136097,2766.847149970737,2872.834015080055,3092.9616430895517,2472.8652308709593,3838.7982301097027,2650.5903860475714
1313,Prov. Jawa Timur,Kota Surabaya,L,Profesi,16693,15638.0,4147.453989377129,13314.059076683938,14144.478968930356,13068.592918626757,14532.644583146079,13772.123642201059,14384.89391244497
1314,Prov. Jawa Timur,Kota Surabaya,L,S1,18337,117728.0,31223.39578343718,18303.141227335305,19247.41597806698,19450.388640500634,19526.461127345097,19736.3548491874,18937.856977232976
1315,Prov. Jawa Timur,Kota Surabaya,L,S2,4542,11969.0,3174.375035097509,3810.8542343560516,3997.512408554762,3987.0982829103004,4040.7255496039343,3916.5158744493297,3823.7585675997293
1316,Prov. Jawa Timur,Kota Surabaya,L,S2 Terapan,212,424.0,112.45175159840788,165.4204048702803,145.77526196165354,138.69381364088383,140.2397844417155,95.81989783184525,94.62665521423978
1317,Prov. Jawa Timur,Kota Surabaya,L,S3,555,3274.0,868.31847814431,539.7579423229313,584.5489960925956,747.8939143414657,542.8162194374308,627.7363298108087,476.3518051351706
1318,Prov. Jawa Timur,Kota Surabaya,L,Sp-1,244,1028.0,272.6424543470833,200.4569601564447,226.6437022869896,300.41574210809404,249.15344436195906,209.63041611471198,201.81877254664332
1319,Prov. Jawa Timur,Kota Surabaya,L,Sp-2,28,92.0,24.399908365692276,25.88164745183473,30.701335992378212,28.027312438700196,19.812849591105934,26.41208111659028,26.82701610230253
1320,Prov. Jawa Timur,Kota Surabaya,P,D3,2229,7933.0,2103.9616637504005,2592.984690110831,2457.2272869931794,2586.444554918695,2347.5281020721964,2279.5392941100563,2690.768650017832
1321,Prov. Jawa Timur,Kota Surabaya,P,D4,1862,11161.0,2960.0801877118643,2432.3133600053147,2529.345444804321,2806.729334909415,2442.6368059529236,3059.69116970256,2408.402222860424
1322,Prov. Jawa Timur,Kota Surabaya,P,Profesi,40104,36594.0,9705.328768849382,35900.877739273965,38455.705610294,36518.17253832909,34281.14256489885,20542.04340574959,23368.42980083782
1323,Prov. Jawa Timur,Kota Surabaya,P,S1,27313,146939.0,38970.63190593976,28019.581858499485,28827.942911034927,30203.583445068492,29837.363480770036,26133.84753552797,27688.68011728771
1324,Prov. Jawa Timur,Kota Surabaya,P,S2,4054,9853.0,2613.177142686587,3665.3916570716196,3852.310953025204,3955.8062070354617,3705.9983973142535,3220.030394015149,3524.85418810282
1325,Prov. Jawa Timur,Kota Surabaya,P,S2 Terapan,12,31.0,8.22170825365718,13.817969489144566,12.325524270420205,12.040133989609773,15.222993265812512,9.499733994280808,9.655639703012413
1326,Prov. Jawa Timur,Kota Surabaya,P,S3,414,2288.0,606.8151123989558,454.4649371851863,486.2840783185007,642.9616748897282,403.1496724144649,474.4717118499874,429.25139286663796
1327,Prov. Jawa Timur,Kota Surabaya,P,Sp-1,277,1111.0,294.6554151552622,241.6871305315032,279.6099536759794,379.4177614598055,256.35436986475514,246.4858042626454,240.81758925056542
1328,Prov. Jawa Timur,Kota Surabaya,P,Sp-2,23,66.0,17.504282088431417,21.641822434799373,25.749670286373302,24.194230074889415,15.456747145335239,23.466866502221702,21.761207476029956
1329,Prov. Kalimantan Barat,Kab. Bengkayang,L,D3,14,167.0,38.76469014938505,29.44063215037958,22.889492012113955,20.57974042453852,52.02803240074994,20.121545110866442,18.339828327007897
1330,Prov. Kalimantan Barat,Kab. Bengkayang,L,S1,38,234.0,54.316990987761095,41.4484333835425,36.523540131898514,38.454327108439806,47.29845701124445,50.51980736193546,44.7777521540913
1331,Prov. Kalimantan Barat,Kab. Bengkayang,L,S2,2,10.0,2.3212389311009014,3.019785833376047,2.737899863842421,2.7198201579003083,3.0518195748354495,2.9079438192228597,2.6833884999731694
1332,Prov. Kalimantan Barat,Kab. Bengkayang,P,D3,39,231.0,53.620619308430825,60.68270362737694,50.99381663656569,51.07767133364811,71.45625050094347,57.60961474286046,40.83340526931035
1333,Prov. Kalimantan Barat,Kab. Bengkayang,P,S1,95,413.0,95.86716785446724,81.2542122977977,72.16331617029626,76.72133671261216,94.66346945313722,85.20202397877962,76.46814669865351
1334,Prov. Kalimantan Barat,Kab. Bengkayang,P,S2,1,2.0,0.4642477862201803,0.8351488510117948,0.8039818967235718,0.8678024247955449,0.9939459448893428,2.097223878295635,1.995808773092158
1335,Prov. Kalimantan Barat,Kab. Kapuas Hulu,L,S1,29,92.0,21.355398166128296,18.233140073708366,15.465679564550799,16.898372911961292,26.61135381516069,22.33905400436417,14.197764331782942
1336,Prov. Kalimantan Barat,Kab. Kapuas Hulu,P,S1,55,149.0,34.58646007340344,31.817142223047377,27.004368018954878,29.493184762263184,41.847176611704825,28.649051623633564,34.53211258522335
1337,Prov. Kalimantan Barat,Kab. Ketapang,L,D3,129,591.0,137.18522082806328,152.4948483777742,136.53171278305547,137.8789511959971,145.33578270124957,123.18403298272774,135.04187497237197
1338,Prov. Kalimantan Barat,Kab. Ketapang,L,D4,36,181.0,42.014424652926316,35.694851758008824,35.43936313025034,40.146950499764785,42.52437899394374,29.128351345684912,27.21769471122517
1339,Prov. Kalimantan Barat,Kab. Ketapang,L,S1,18,188.0,43.63929190469695,26.677094660719558,23.425698269956033,22.614450760375778,26.678661839041276,26.093086690315136,21.86382481460619
1340,Prov. Kalimantan Barat,Kab. Ketapang,P,D3,148,570.0,132.3106190727514,161.62312597282028,145.65827626685135,148.2138976235327,144.10376204146903,132.68373105932594,150.85797007619865
1341,Prov. Kalimantan Barat,Kab. Ketapang,P,D4,68,277.0,64.29831839149497,58.73114539336941,58.329417541709326,66.01762911718052,72.01154701707208,39.195219765370034,34.0857726139874
1342,Prov. Kalimantan Barat,Kab. Ketapang,P,S1,23,281.0,65.22681396393533,44.06591239508829,38.95311592172719,37.90803845485278,41.21498313791439,41.91440602744717,38.975660849768595
1343,Prov. Kalimantan Barat,Kab. Kuburaya,L,S1,171,1894.0,439.6426535505108,266.74261332488567,227.05610857078264,223.26939955168135,260.0436636647012,273.12847513251995,263.3196282421466
1344,Prov. Kalimantan Barat,Kab. Kuburaya,P,D3,48,179.0,41.55017686670614,57.16192180772596,51.3328789036448,55.3477018408776,63.10758935886946,51.48146732193984,45.64321506721765
1345,Prov. Kalimantan Barat,Kab. Kuburaya,P,S1,347,2645.0,613.9676972761885,472.2606544667577,418.1115414961816,433.93684660062723,512.622677128097,472.78851810224324,468.05249444014925
1346,Prov. Kalimantan Barat,Kab. Kuburaya,P,S2,1,26.0,6.035221220862344,9.708228890203936,9.283959182649939,9.734032928274523,10.854084629057445,6.959501824607339,6.931314456405428
1347,Prov. Kalimantan Barat,Kab. Landak,L,D3,35,73.0,16.94504419703658,17.629829618518833,13.930656277299036,14.286614432273057,17.49822132716764,15.914279789690095,14.610886503030036
1348,Prov. Kalimantan Barat,Kab. Landak,L,S1,64,658.0,152.73752166643933,94.99137367309659,75.18565701354586,75.89839115699341,99.9863285608335,62.02141390813898,65.09794786942852
1349,Prov. Kalimantan Barat,Kab. Landak,P,D3,230,582.0,135.09610579007247,167.35728948945675,135.50526327851142,143.62807203897134,114.8452179003825,101.91524453483775,158.94276874215925
1350,Prov. Kalimantan Barat,Kab. Landak,P,S1,136,873.0,202.64415868510872,147.68304414283187,119.32160076531349,123.8287620868393,140.68518002667463,124.38162619126967,135.36649234300458
1351,Prov. Kalimantan Barat,Kab. Melawi,L,S1,56,356.0,82.63610594719209,59.631305929941945,48.59650240815043,50.19371109914828,63.78964542079987,58.50288814314604,51.46553359080844
1352,Prov. Kalimantan Barat,Kab. Melawi,P,S1,191,852.0,197.7695569297968,168.84330953723241,140.78038875443772,149.96270927415665,173.88373751598502,161.75697804445358,154.93197147446466
1353,Prov. Kalimantan Barat,Kab. Pontianak,L,S1,72,291.0,67.54805289503624,36.538234793713,30.64933989656934,28.343937559561382,39.77383240284677,35.893962330625484,24.964893076053787
1354,Prov. Kalimantan Barat,Kab. Pontianak,P,S1,87,325.0,75.4402652607793,52.50011265384169,45.964309579760254,45.08494189990557,52.36453618349716,53.82753407654295,37.76877173303551
1355,Prov. Kalimantan Barat,Kab. Sambas,L,D3,106,440.0,102.13451296843967,112.37787186650239,94.29492331150809,96.48561964769053,111.31357244591096,97.79316631477018,100.26103157002211
1356,Prov. Kalimantan Barat,Kab. Sambas,L,D4,151,707.0,164.11159242883375,113.80129452839911,101.01777788891614,108.55890252677807,133.4373737063368,105.55397000590672,89.45720641151541
1357,Prov. Kalimantan Barat,Kab. Sambas,L,S1,44,451.0,104.68787579265066,65.95454790171854,54.86974992655718,54.474740051607405,72.96881858241841,61.64833261991789,56.02117828169496
1358,Prov. Kalimantan Barat,Kab. Sambas,L,S2,16,100.0,23.212389311009016,29.51546668455479,26.299679648759636,26.066188915730624,34.32769737119516,31.363158017828887,31.212781352458517
1359,Prov. Kalimantan Barat,Kab. Sambas,P,D3,88,297.0,68.94079625369677,81.15781181813212,68.0262150733801,69.41293902529388,90.31888004753003,59.71186222030653,63.51326679981754
1360,Prov. Kalimantan Barat,Kab. Sambas,P,D4,203,1170.0,271.5849549388055,206.9316238599365,184.65777286953187,199.66127950898954,287.3537856855163,253.99107159142469,208.76516818332357
1361,Prov. Kalimantan Barat,Kab. Sambas,P,S1,134,966.0,224.2316807443471,176.59082281263633,152.2894946124295,158.82663931497078,220.8284956927199,172.86814684872857,183.43779239989823
1362,Prov. Kalimantan Barat,Kab. Sambas,P,S2,15,54.0,12.534690227944868,21.308504527270138,19.999090858532757,21.295613599281893,22.786830860424224,17.72947668872921,17.320819628989724
1363,Prov. Kalimantan Barat,Kab. Sintang,L,S1,297,2103.0,488.1565472105196,328.5079390925215,298.8192687263292,302.28242556321817,297.99917936449384,316.1947156526711,298.6953172880821
1364,Prov. Kalimantan Barat,Kab. Sintang,P,D3,76,309.0,71.72628297101785,85.46567978309447,77.3238908104558,78.9513108913494,82.66997022452159,67.68547604028093,78.0982799371034
1365,Prov. Kalimantan Barat,Kab. Sintang,P,S1,641,3132.0,727.0120332208023,598.1390704840857,561.0355888253013,591.7889161541092,560.5563446009203,586.3002487013797,596.0539575533671
1366,Prov. Kalimantan Barat,Kota Pontianak,L,D1,27,29.0,6.731592900192615,25.209778287140335,10.915233003963092,10.32892764632386,11.648359978500338,13.715229350741664,16.50941738262676
1367,Prov. Kalimantan Barat,Kota Pontianak,L,D2,5,12.0,2.7854867173210818,4.836375002289987,4.186373433286552,3.5679807158439316,2.6427618159273205,5.618030452444586,6.829893733068253
1368,Prov. Kalimantan Barat,Kota Pontianak,L,D3,960,3417.0,793.1673427571781,1004.4985871077259,1010.6098648429787,1074.366609179751,848.9907231902171,738.9402471966732,691.3244136228768
1369,Prov. Kalimantan Barat,Kota Pontianak,L,D4,518,3094.0,718.1913252826189,554.3072140555313,583.7830547334266,642.6928775234322,493.91459012536995,580.1372530889287,569.4006875956705
1370,Prov. Kalimantan Barat,Kota Pontianak,L,Profesi,3707,3921.0,910.1577848846636,5510.733574967927,4939.036477779696,4954.698333794912,4011.091166790884,4323.143560799006,4209.177298484338
1371,Prov. Kalimantan Barat,Kota Pontianak,L,S1,4528,30075.0,6981.126085285961,4625.582277724689,4554.127887821104,4600.630815837455,4275.427333565107,4684.821762168801,4461.479492130949
1372,Prov. Kalimantan Barat,Kota Pontianak,L,S2,436,1159.0,269.0315921145945,381.01404532175457,402.70413088525396,408.7903240433465,336.7087592456334,303.6202726549555,307.6561829838884
1373,Prov. Kalimantan Barat,Kota Pontianak,L,S3,13,78.0,18.105663662587034,9.102397427920367,9.817888917274889,12.434587481435953,9.674575879922712,11.730144057846177,10.217368460998697
1374,Prov. Kalimantan Barat,Kota Pontianak,P,D3,1397,4550.0,1056.1637136509103,1450.9738383975337,1464.0215768474145,1560.3918135692204,1288.912289934004,1081.8042027269494,1193.6732422416808
1375,Prov. Kalimantan Barat,Kota Pontianak,P,D4,896,4260.0,988.8477846489841,855.94728619227,910.6745011908156,1015.6846646309971,922.840046381905,876.3475572324214,888.9138676876049
1376,Prov. Kalimantan Barat,Kota Pontianak,P,Profesi,7345,7953.0,1846.081321904547,11537.288656983801,10241.594681065553,10123.2456626157,7605.434831261763,7272.491343426841,8109.014722751248
1377,Prov. Kalimantan Barat,Kota Pontianak,P,S1,7374,36731.0,8526.142717826722,6770.253027827828,6851.7688723172805,7182.291458154235,7201.7286223450365,6239.406412414987,6642.983767920256
1378,Prov. Kalimantan Barat,Kota Pontianak,P,S2,438,1027.0,238.3912382240626,388.8539733371897,417.8161852683934,433.5073007137029,359.17078203986324,322.3140750910411,381.5661718774603
1379,Prov. Kalimantan Barat,Kota Pontianak,P,S3,9,59.0,13.69530969349532,7.366370267298026,7.936939110118622,10.02430688673888,7.098663014969016,7.214579475754965,6.197640718751007
1380,Prov. Kalimantan Barat,Kota Singkawang,L,S1,86,658.0,152.73752166643933,106.26521943791184,92.78005657231354,95.07252111725089,98.12054295734191,109.26408560732875,90.06692891969598
1381,Prov. Kalimantan Barat,Kota Singkawang,P,D3,54,164.0,38.068318470054784,51.70072224834289,45.955046782993215,49.11159843811481,54.43849668619494,36.90941100511081,33.45344001031819
1382,Prov. Kalimantan Barat,Kota Singkawang,P,S1,254,1251.0,290.3869902807228,234.99167052027354,209.06707428598023,219.6904728322519,223.7340845455107,232.70122196476476,248.95959581231935
1383,Prov. Kalimantan Selatan,Kab. Banjar,L,D3,35,78.0,20.686878831782582,23.876350212406734,18.88743744538578,19.174340242518255,22.661406300121026,24.843396975293434,25.579836288005957
1384,Prov. Kalimantan Selatan,Kab. Banjar,L,Profesi,58,109.0,28.908587085439763,101.03545520081171,89.3200084322627,82.27671777208755,82.47352758949833,74.97593509606435,71.54281963033162
1385,Prov. Kalimantan Selatan,Kab. Banjar,L,S1,272,2784.0,738.3624444574707,367.7478947566227,365.02088637223386,353.80730847483767,317.3183650262541,321.1032086378877,330.42697934525705
1386,Prov. Kalimantan Selatan,Kab. Banjar,P,D3,111,257.0,68.16061358677082,86.92781642912495,70.66976018704034,73.35975924292806,67.53929886257829,61.14458327459914,79.70020218795337
1387,Prov. Kalimantan Selatan,Kab. Banjar,P,Profesi,143,221.0,58.61282335671732,252.99428733028194,218.50508718379007,208.6321554952464,181.50785290704007,202.03853724244127,179.28496797228306
1388,Prov. Kalimantan Selatan,Kab. Banjar,P,S1,376,3018.0,800.4230809528184,479.40475057197307,470.5564610633525,471.23352396151495,471.89282081712514,381.8028732479199,370.8264458046859
1389,Prov. Kalimantan Selatan,Kab. Barito Kuala,L,D3,55,255.0,67.63018079621229,67.91961291567054,51.674184729880054,53.27125962162114,55.085092142903356,58.25102787734071,55.06741408135556
1390,Prov. Kalimantan Selatan,Kab. Barito Kuala,P,D3,26,146.0,38.721593710772524,44.92707641368168,34.45787781801909,36.4985176035776,36.7147754785324,34.708265517592054,41.97630734742668
1391,Prov. Kalimantan Selatan,Kab. Hulu Sungai Selatan,L,S1,116,903.0,239.4904049371753,121.41132245460423,111.65584216032575,110.9526221790632,70.93999161973902,148.15028239553837,144.54356148979102
1392,Prov. Kalimantan Selatan,Kab. Hulu Sungai Selatan,P,S1,204,1389.0,368.38557304289753,232.05312626517616,207.91350767159128,214.31560224821513,169.13174693186767,221.09312711863012,228.8776497174642
1393,Prov. Kalimantan Selatan,Kab. Hulu Sungai Utara,L,D3,9,57.0,15.117334530918042,11.662988571790581,10.611458175834727,10.330367121483395,14.022625882987683,10.8399616271912,10.218238936063136
1394,Prov. Kalimantan Selatan,Kab. Hulu Sungai Utara,L,S1,228,1099.0,291.472818411911,171.66901244591324,150.34437010738029,150.36615417691183,152.56315271742255,181.26979159267265,180.97750752047168
1395,Prov. Kalimantan Selatan,Kab. Hulu Sungai Utara,P,D3,18,62.0,16.44341650731436,17.40835180507466,14.749241958694896,15.07659395917477,14.34122045232013,15.728190715522953,15.347475975719558
1396,Prov. Kalimantan Selatan,Kab. Hulu Sungai Utara,P,S1,398,1679.0,445.29832767388405,314.5279357084704,272.9483291292342,281.8097318272774,307.83678917208937,248.97698913991826,256.8493744163523
1397,Prov. Kalimantan Selatan,Kab. Kota Baru,L,D3,62,271.0,71.87364312068051,53.65556328304432,50.889397927092034,48.93214424071126,61.9693590201944,37.562469813449894,35.11864398008789
1398,Prov. Kalimantan Selatan,Kab. Kota Baru,L,S1,169,538.0,142.68642066024398,78.1782707036586,73.05887452797916,71.57725593699679,74.56622284909584,62.048766272535,60.13958114081515
1399,Prov. Kalimantan Selatan,Kab. Kota Baru,P,D3,57,155.0,41.108541268285904,41.11115465571337,36.70920762524132,36.95352065686312,36.814516640151425,35.55709018785154,35.00154013163195
1400,Prov. Kalimantan Selatan,Kab. Kota Baru,P,S1,278,855.0,226.76001796377062,154.0701560101186,140.40166074868688,142.65381151608452,163.54325951133532,131.04388068363554,136.4443112893612
1401,Prov. Kalimantan Selatan,Kab. Tabalong,L,S1,62,361.0,95.74311869581426,54.06220158880866,49.57003179886008,48.51097157061885,48.25763994410022,58.88687377338402,58.79788577161446
1402,Prov. Kalimantan Selatan,Kab. Tabalong,P,S1,167,775.0,205.54270634142952,143.541868849577,128.49850883420822,130.37254739733294,158.64909158875358,157.51454912547024,161.27584120729634
1403,Prov. Kalimantan Selatan,Kab. Tanah Bumbu,L,D3,39,297.0,78.76926939794137,84.19534376686198,65.10934437100796,66.54591867730053,96.15199705834483,64.48921419546744,74.24527175520195
1404,Prov. Kalimantan Selatan,Kab. Tanah Bumbu,L,Profesi,27,27.0,7.160842672540125,37.12829941323087,25.893076713896317,25.438504437195224,27.630174338891752,15.599460162851603,19.537155126131182
1405,Prov. Kalimantan Selatan,Kab. Tanah Bumbu,L,S1,36,54.0,14.32168534508025,8.323014863727773,7.2697903181494565,7.2976833542083215,8.374024637735825,7.532920039843605,6.27588769099989
1406,Prov. Kalimantan Selatan,Kab. Tanah Bumbu,P,D3,44,139.0,36.86507894381768,45.34103654492708,35.3759861016395,37.15497993762533,43.71212002762413,33.22752152058046,39.96565386720667
1407,Prov. Kalimantan Selatan,Kab. Tanah Bumbu,P,Profesi,43,43.0,11.404304997008348,65.62269807907633,46.93979795180876,47.17996566988128,38.69391024264993,14.940746576740377,13.374016786640496
1408,Prov. Kalimantan Selatan,Kab. Tanah Bumbu,P,S1,66,133.0,35.273780572142094,24.686514711088225,21.308902434497107,22.104227781294064,26.386274985128036,12.857445932252602,13.393829157192835
1409,Prov. Kalimantan Selatan,Kab. Tanah Laut,L,D2,5,6.0,1.5912983716755833,2.565639815788064,1.8351736267252396,1.6433789585222227,3.2099955365335964,2.2082790606298217,2.49181191694886
1410,Prov. Kalimantan Selatan,Kab. Tanah Laut,L,D3,160,500.0,132.60819763963195,128.82257871488883,107.13432796231432,106.30408930774766,104.89267699296744,115.12450026947126,127.5928772110462
1411,Prov. Kalimantan Selatan,Kab. Tanah Laut,L,D4,31,339.0,89.90835799967046,63.37658640309305,55.94515287075808,58.9348565720541,63.37901506581288,55.9470351798554,36.07704964848909
1412,Prov. Kalimantan Selatan,Kab. Tanah Laut,P,D3,250,643.0,170.53414216456667,202.64640076318202,164.8406322568368,169.68465970765803,181.2638527867832,153.9720156973217,174.90661744587007
1413,Prov. Kalimantan Selatan,Kab. Tanah Laut,P,D4,29,270.0,71.60842672540124,56.87566339540939,51.25229516212446,55.26379439604536,71.62443195550392,60.188387807020845,57.8908802789896
1414,Prov. Kalimantan Selatan,Kab. Tapin,L,S1,3,31.0,8.22170825365718,5.676855118831751,4.649777573948973,4.725565356596376,6.172645512580387,7.346225718100625,8.24639239389612
1415,Prov. Kalimantan Selatan,Kab. Tapin,P,S1,8,89.0,23.604259179854484,17.861460696454305,15.091651002510963,15.66744084653039,14.364400850129964,21.19561855336897,18.676531126699565
1416,Prov. Kalimantan Selatan,Kota Banjarbaru,L,D3,107,342.0,90.70400718550825,90.6608226872998,79.2032479693194,77.70555503793727,79.3853411602058,71.7018424647275,78.29315123188421
1417,Prov. Kalimantan Selatan,Kota Banjarbaru,L,D4,161,329.0,87.25619404687782,62.860359889472214,58.49386474716976,60.860272787297504,76.21181636093337,55.374061930779,32.336511127964094
1418,Prov. Kalimantan Selatan,Kota Banjarbaru,L,Profesi,31,33.0,8.752141044215708,39.45419945917561,32.13176385186044,30.03325765973869,31.184470766906003,27.487341528002755,25.4653148786936
1419,Prov. Kalimantan Selatan,Kota Banjarbaru,L,S1,185,952.0,252.48600830585923,144.1119230598445,138.95315700467958,134.7677819279837,136.89538246547374,159.64673699842393,143.74736993865423
1420,Prov. Kalimantan Selatan,Kota Banjarbaru,P,D3,469,1425.0,377.93336327295106,445.0267193556773,388.0731221363063,392.37883210610664,422.5738401494334,335.3317779717666,357.93178297282617
1421,Prov. Kalimantan Selatan,Kota Banjarbaru,P,D4,738,1564.0,414.7984422167687,339.4518358898928,320.56453577634534,342.20459067945006,359.5093768518958,314.7807813496228,368.6418453772855
1422,Prov. Kalimantan Selatan,Kota Banjarbaru,P,Profesi,121,123.0,32.62161661934946,173.36601433945995,140.88735802475475,135.7249792259498,125.7595784606758,103.59483797937358,108.33975200290486
1423,Prov. Kalimantan Selatan,Kota Banjarbaru,P,S1,333,1394.0,369.71165501929386,261.70266898029087,246.12792559418682,247.51852171584258,247.23511162105984,258.2846095317311,226.45806326534782
1424,Prov. Kalimantan Selatan,Kota Banjarmasin,L,D2,15,24.0,6.365193486702333,9.996938768149091,8.097612036660475,7.236121934612867,8.041279174644558,7.73620334533763,10.443051847397252
1425,Prov. Kalimantan Selatan,Kota Banjarmasin,L,D3,769,2749.0,729.0798706226964,757.4717292766602,689.8262413130511,686.9930383113262,757.22029788193,596.5654535732164,600.2201618077324
1426,Prov. Kalimantan Selatan,Kota Banjarmasin,L,D4,171,847.0,224.6382868015365,153.6022779151681,154.93622821021526,162.0604307305991,153.9959416306367,144.12568864986008,136.5537339142857
1427,Prov. Kalimantan Selatan,Kota Banjarmasin,L,Profesi,5316,3991.0,1058.4786335595422,5418.686158984787,4422.06127866843,4239.2527416543835,5110.261855680876,3904.0449813993596,4538.787199718811
1428,Prov. Kalimantan Selatan,Kota Banjarmasin,L,S1,4857,32279.0,8560.92002321936,5146.2850690144605,5132.570053735665,5066.9567399266025,4879.620302771275,4730.400376278666,4584.9893592970875
1429,Prov. Kalimantan Selatan,Kota Banjarmasin,L,S2,935,3025.0,802.2795957197733,960.3193384543633,958.2921536955116,936.2834110320766,965.0172509696928,802.4626764099847,893.2645215772889
1430,Prov. Kalimantan Selatan,Kota Banjarmasin,L,S3,52,376.0,99.72136462500322,66.33360857336314,66.17536937864253,83.65956430361092,60.16398225790894,66.00349576301784,55.32721944232052
1431,Prov. Kalimantan Selatan,Kota Banjarmasin,L,Sp-1,25,158.0,41.90419045412369,30.532732259173233,32.93116070408968,42.72721077460604,43.12342114986051,34.27855443958486,29.66098442324453
1432,Prov. Kalimantan Selatan,Kota Banjarmasin,P,D3,1018,3093.0,820.3143105987632,964.0653740414685,892.9727591379449,911.7922868046458,1015.9260672306983,732.3658813272631,858.4110966616947
1433,Prov. Kalimantan Selatan,Kota Banjarmasin,P,D4,89,668.0,177.16455204654827,142.6891234874523,143.69943075445806,154.88471363833654,161.74771599577485,110.93719335333735,108.08623865452606
1434,Prov. Kalimantan Selatan,Kota Banjarmasin,P,Profesi,12442,9766.0,2590.1033162972913,14834.621992644208,12371.457856347095,12145.710842113724,11591.098480076587,6636.207914149302,9812.43185893271
1435,Prov. Kalimantan Selatan,Kota Banjarmasin,P,S1,8089,41472.0,10999.054345021632,7965.379314273744,7845.108927947248,8006.29928477566,8365.345703843686,7424.791068405146,7535.866014922398
1436,Prov. Kalimantan Selatan,Kota Banjarmasin,P,S2,885,2701.0,716.3494836492918,1010.029991503652,1006.1140151825778,1013.0535228323585,990.676051455722,797.3655492818134,830.2446212516834
1437,Prov. Kalimantan Selatan,Kota Banjarmasin,P,S3,15,193.0,51.186764288897926,39.09388872779158,39.38773506699478,51.15588902678572,37.4588780206092,31.54311687535029,27.20924645127861
1438,Prov. Kalimantan Selatan,Kota Banjarmasin,P,Sp-1,18,102.0,27.052072318484917,21.690627565768306,24.08782187672645,31.94132620607899,24.130327857311137,32.33637161189765,36.79014353682345
1439,Prov. Kalimantan Tengah,Kab. Barito Selatan,L,S1,22,128.0,29.297021108298352,21.040564196080254,18.370340344875267,18.48855473146924,19.43691493496915,27.139402998055665,17.673622026065296
1440,Prov. Kalimantan Tengah,Kab. Barito Selatan,P,S1,40,266.0,60.88287199068252,52.09748291704336,46.618692864071384,48.348836912132825,51.07596483987901,55.19041186051349,56.30476550726755
1441,Prov. Kalimantan Tengah,Kab. Barito Utara,L,D3,14,69.0,15.79292544119208,18.666790288899403,13.957705321820166,14.785616831806268,18.057760345710783,23.687386297363982,25.27359238734955
1442,Prov. Kalimantan Tengah,Kab. Barito Utara,L,S1,19,175.0,40.054521046501655,27.467299525032306,21.01474514550718,21.68040062766365,26.955447324258994,27.29795855619408,17.290286975186717
1443,Prov. Kalimantan Tengah,Kab. Barito Utara,P,D3,24,93.0,21.28611689899802,30.795906415355688,23.88736680041002,26.32335060482738,20.48952640241102,25.06969354971513,28.70212543609618
1444,Prov. Kalimantan Tengah,Kab. Barito Utara,P,S1,54,319.0,73.0136697933373,58.57546568302593,45.556117457853844,48.12192088387355,52.35063310134509,41.7126755801713,36.74346096746296
1445,Prov. Kalimantan Tengah,Kab. Kapuas,L,S1,75,414.0,94.75755264715248,59.63065245752268,42.35122200548219,41.94706424609446,51.92204924247195,36.67666307697532,36.25564674205067
1446,Prov. Kalimantan Tengah,Kab. Kapuas,P,S1,144,740.0,169.37340328234984,121.2633065885721,86.45980561810406,86.82590868413224,103.83919865766393,95.4947432286312,98.2943124947884
1447,Prov. Kalimantan Tengah,Kab. Kotawaringin Barat,L,D3,1,7.0,1.6021808418600663,1.9023009559357766,1.4463216985433938,1.5262868538534855,1.6931038772889526,4.443995020621504,3.1920238042969524
1448,Prov. Kalimantan Tengah,Kab. Kotawaringin Barat,L,S1,149,886.0,202.79031798400266,117.09448906504267,84.16285845954536,81.30375080788596,112.792592325927,114.4352772704321,125.59228372149582
1449,Prov. Kalimantan Tengah,Kab. Kotawaringin Barat,P,D3,3,88.0,20.141702011955118,25.720742136736412,19.143092427742,20.082390066174646,29.642946839371977,25.61735784903164,31.024391103860268
1450,Prov. Kalimantan Tengah,Kab. Kotawaringin Barat,P,S1,260,1076.0,246.27808369163301,188.11470012521056,145.2304833592695,149.97896253133615,197.54573702797234,174.25527339454038,162.7637812053096
1451,Prov. Kalimantan Tengah,Kab. Kotawaringin Timur,L,D3,15,239.0,54.70303160065083,53.58783524762225,42.9705349113641,41.93934611392627,44.600809342549574,35.80374615571919,31.709666340490063
1452,Prov. Kalimantan Tengah,Kab. Kotawaringin Timur,L,S1,141,1017.0,232.77398802452674,122.65851985831762,96.3787004555082,91.10522519204763,119.0404632480816,120.73982379682451,120.41391175579355
1453,Prov. Kalimantan Tengah,Kab. Kotawaringin Timur,P,D3,101,441.0,100.93739303718417,136.20997428565303,119.4687186882818,126.43377114814656,113.56283455080192,97.22421674196524,92.07417745478818
1454,Prov. Kalimantan Tengah,Kab. Kotawaringin Timur,P,S1,240,1219.0,279.0083494610601,199.56991510110262,170.9960484362476,172.98921850536152,193.40210379662017,196.76902536551637,201.6110439245588
1455,Prov. Kalimantan Tengah,Kab. Seruyan,L,D3,7,25.0,5.722074435214522,4.74662412251944,2.9213975953893234,2.704138949748753,5.9514652615690045,5.8147078019944285,5.9570708557626855
1456,Prov. Kalimantan Tengah,Kab. Seruyan,L,D4,9,137.0,31.35696790497558,18.169045312187276,11.628838054145008,11.6982463358009,20.46936298953708,17.705200756613795,15.257661436833743
1457,Prov. Kalimantan Tengah,Kab. Seruyan,P,D3,1,22.0,5.0354255029887796,3.666558590483508,2.016710091782806,1.7280087359306258,3.3867082844363234,5.740884964016343,6.112024200848796
1458,Prov. Kalimantan Tengah,Kab. Seruyan,P,D4,13,108.0,24.719361560126735,18.777749363494888,12.857311035725091,13.783145507397357,19.628044573733515,20.005862767905402,13.76921604022224
1459,Prov. Kalimantan Tengah,Kota Palangka Raya,L,D3,71,399.0,91.32430798602377,114.63388806077384,109.92439425146493,114.22113960896762,88.93160748711352,104.90193540455905,118.00923510159151
1460,Prov. Kalimantan Tengah,Kota Palangka Raya,L,D4,16,142.0,32.50138279201848,27.136204177214623,26.47288444270074,29.38613521001017,19.979392150443662,21.48238944152934,19.382732840300424
1461,Prov. Kalimantan Tengah,Kota Palangka Raya,L,Profesi,1159,1184.0,270.99744525175976,1907.2222779960146,1700.6589071519654,1733.2490607256732,904.6225192112844,1395.9690142709014,1287.446034067957
1462,Prov. Kalimantan Tengah,Kota Palangka Raya,L,S1,2402,17778.0,4069.081572369751,2717.875623563387,2543.1614929781,2545.822640598271,2503.811395633885,2232.436728949911,2280.5218174473503
1463,Prov. Kalimantan Tengah,Kota Palangka Raya,L,S2,441,1080.0,247.19361560126734,365.14976000047574,378.6033594308576,385.21095163308587,282.1302075963705,262.1265417675088,314.9283829824006
1464,Prov. Kalimantan Tengah,Kota Palangka Raya,L,S3,10,68.0,15.5640424637835,9.935716818981016,10.41756119854503,13.609339868762673,9.306036228576854,11.235117320202395,9.181616195879773
1465,Prov. Kalimantan Tengah,Kota Palangka Raya,P,D3,284,1687.0,386.1255828882759,553.8117332537599,534.1632815770049,563.618494045883,388.54177937206026,442.0773035184365,463.7548247943464
1466,Prov. Kalimantan Tengah,Kota Palangka Raya,P,D4,113,1027.0,235.06281779861257,217.54578084203342,210.5814210054393,234.85039616853766,154.49590036171236,255.44967442972592,221.68686567529608
1467,Prov. Kalimantan Tengah,Kota Palangka Raya,P,Profesi,3769,3926.0,898.5945693060885,7062.537482038014,6269.709485772722,6436.635680134006,3395.2818281213317,4579.8374449995445,5204.526978108652
1468,Prov. Kalimantan Tengah,Kota Palangka Raya,P,S1,3566,21755.0,4979.349173523677,3955.7957961269926,3788.598557174114,3910.6784221084645,4514.275328640718,3415.774631635296,3812.937034639843
1469,Prov. Kalimantan Tengah,Kota Palangka Raya,P,S2,553,1105.0,252.91569003648186,423.3499374033824,439.86744024350185,453.1325132616532,339.7154529711944,315.0718519592483,376.6410582830833
1470,Prov. Kalimantan Tengah,Kota Palangka Raya,P,S3,5,41.0,9.384202073751815,5.806980113173292,5.688747423111668,7.123189422308042,5.572183486402839,6.086097990628972,5.902538243006672
1471,Prov. Kalimantan Timur,Kab. Berau,L,D3,30,162.0,37.60407068383461,50.8843679568309,45.309677108884884,49.93011511674791,56.49564327771807,44.14799604642722,38.36792036736311
1472,Prov. Kalimantan Timur,Kab. Berau,L,D4,8,66.0,15.32017694526595,12.51704718427772,11.671438916489015,13.31572504628157,17.162025004149996,12.033650323357778,8.854786188316368
1473,Prov. Kalimantan Timur,Kab. Berau,L,S1,157,1054.0,244.65858333803502,149.60291828654272,124.84498688586746,123.3233940995758,123.44973004111262,117.07919008314306,120.16327458202639
1474,Prov. Kalimantan Timur,Kab. Berau,L,S2,45,76.0,17.641415876366853,28.406638693203025,27.04857771021599,29.15556950138955,28.598441881852604,18.329910070213955,22.304559821039092
1475,Prov. Kalimantan Timur,Kab. Berau,P,D3,23,80.0,18.56991144880721,26.446024238240366,23.431811869865818,25.608122810497218,25.287113624857245,18.475017375148344,25.36826688256667
1476,Prov. Kalimantan Timur,Kab. Berau,P,D4,9,92.0,21.355398166128296,18.900222908774534,17.65658047089962,20.17133677657826,30.500814986795543,14.076286397902022,11.129877838485177
1477,Prov. Kalimantan Timur,Kab. Berau,P,S1,250,1360.0,315.68849462972264,239.31198357147227,206.61102449215036,213.80415178661053,235.16791842315098,234.08292512776913,240.5226819899165
1478,Prov. Kalimantan Timur,Kab. Berau,P,S2,31,43.0,9.981327403733877,17.603729516756744,16.837993956912133,18.24162145435332,16.110797861480698,8.369607715233274,7.857828456207606
1479,Prov. Kalimantan Timur,Kab. Kutai Barat,L,D3,13,35.0,8.124336258853155,7.0832431544719245,5.095622942676106,4.8947340791219265,8.205304406244998,6.898859713436122,8.520450601785576
1480,Prov. Kalimantan Timur,Kab. Kutai Barat,P,D3,8,28.0,6.499469007082524,5.018641296511183,3.447976507484959,3.100512257742155,7.747634771191087,5.959606597354818,5.923322149829776
1481,Prov. Kalimantan Timur,Kab. Kutai Kartanegara,L,S1,232,1794.0,416.43026423950175,300.3518371576234,238.16037398797553,239.49466992890623,265.70135378057904,307.5726173299561,271.82250150072474
1482,Prov. Kalimantan Timur,Kab. Kutai Kartanegara,L,S2,21,66.0,15.32017694526595,22.166516820026505,18.79845862459073,18.833539075033386,19.82599443910486,16.750902194229866,15.707906269866362
1483,Prov. Kalimantan Timur,Kab. Kutai Kartanegara,P,S1,343,1993.0,462.6229189684097,379.19961888637556,304.7050462728404,311.78904851142227,340.2749905529629,381.8487301210526,411.3979702421367
1484,Prov. Kalimantan Timur,Kab. Kutai Kartanegara,P,S2,12,40.0,9.284955724403606,14.961674905837741,12.796392026285444,12.957271987218938,13.225311008029067,10.683451004892879,8.463532996941051
1485,Prov. Kalimantan Timur,Kab. Kutai Timur,L,S1,114,1221.0,283.4232734874201,124.72437974222971,95.47786326418472,83.99003818961906,149.40788734146062,96.3703557439893,104.10328295311028
1486,Prov. Kalimantan Timur,Kab. Kutai Timur,P,S1,259,1692.0,392.75362714227253,246.0567373234128,201.3885126173227,194.37469431326014,203.40651015155757,227.82009846314685,233.21776854093883
1487,Prov. Kalimantan Timur,Kab. Pasir,L,S1,54,215.0,49.906637018669386,28.57748511165502,21.059253775128546,20.54896199630946,32.24364841154692,36.759458017660585,26.976186533033808
1488,Prov. Kalimantan Timur,Kab. Pasir,P,S1,96,359.0,83.33247762652236,60.85738845904204,46.710864813450435,48.20247035490302,57.72774971909267,42.22959686010588,40.615330512304745
1489,Prov. Kalimantan Timur,Kota Balikpapan,L,D3,239,1185.0,275.06681333545686,297.1200931797916,271.3750688344027,278.13683141331285,333.1054199521787,281.6712552645292,278.0276351192127
1490,Prov. Kalimantan Timur,Kota Balikpapan,L,D4,175,1115.0,258.81814081775053,171.85974950673625,165.10184846791876,176.27637169574916,220.3647969905562,230.6042582498189,153.2714824912497
1491,Prov. Kalimantan Timur,Kota Balikpapan,L,S1,1381,9415.0,2185.446453631499,1401.7647438869078,1285.251164379386,1299.1854646551092,1651.002751611784,1710.2121109765462,1594.7460735821353
1492,Prov. Kalimantan Timur,Kota Balikpapan,L,S2,29,48.0,11.141946869284327,12.280737323636345,11.563727960738506,11.01187704074575,11.792982278972278,11.939564515440685,14.248110678026952
1493,Prov. Kalimantan Timur,Kota Balikpapan,P,D3,206,618.0,143.4525659420357,173.92295745654502,160.59229945033087,166.89052640457513,207.28934106565148,166.67628364084024,191.39236920206653
1494,Prov. Kalimantan Timur,Kota Balikpapan,P,D4,177,1070.0,248.37256562779646,205.35437349273798,204.3075715951817,228.84528040070944,336.58707644478415,247.96916641189216,230.63764122314973
1495,Prov. Kalimantan Timur,Kota Balikpapan,P,S1,1460,8138.0,1889.0242421299138,1433.3512864790007,1343.948763386114,1400.3142765970422,1723.8517814447127,1507.509707789426,1442.4494566995684
1496,Prov. Kalimantan Timur,Kota Balikpapan,P,S2,21,19.0,4.410353969091713,6.782898974947921,6.796141453331352,7.053248429073233,8.230295728616326,5.472234185376384,5.092916318373236
1497,Prov. Kalimantan Timur,Kota Bontang,L,S1,60,630.0,146.2380526593568,94.72855252921356,77.55676834325946,77.55215032216944,101.99288469277218,94.25763890687337,69.34086794073313
1498,Prov. Kalimantan Timur,Kota Bontang,P,S1,46,427.0,99.1169023580085,73.80892885812123,61.405429216020565,62.719704605889056,81.6988428931638,68.79641486455444,55.3230501111638
1499,Prov. Kalimantan Timur,Kota Samarinda,L,D3,752,2655.0,616.2889362072893,772.9665863627764,731.1769214985386,768.1604698689636,749.2685650501102,687.6450368645544,616.1232430424507
1500,Prov. Kalimantan Timur,Kota Samarinda,L,D4,586,3070.0,712.6203518479767,539.0265571706551,534.7419381325984,582.5566340124274,475.9247832926937,687.9208242184536,605.1736699420993
1501,Prov. Kalimantan Timur,Kota Samarinda,L,Profesi,1584,2639.0,612.574953917528,4223.0346527151605,3689.64136925963,3845.1764160683897,3076.9737513731156,4990.377713097712,4793.007616214968
1502,Prov. Kalimantan Timur,Kota Samarinda,L,S1,3997,26770.0,6213.956618557114,4477.538182500973,4212.088686270796,4309.051315971105,4374.06592645336,4492.8302398460755,4197.266842348907
1503,Prov. Kalimantan Timur,Kota Samarinda,L,S2,357,1300.0,301.7610610431172,468.2866442974206,478.10146971628444,497.7590144893132,367.3910676926455,378.7463228013857,350.07748242679526
1504,Prov. Kalimantan Timur,Kota Samarinda,L,S2 Terapan,21,42.0,9.749203510623786,14.18104393523441,13.698788311950866,11.731679701145447,13.32709568894817,8.970637518771643,12.140851912060846
1505,Prov. Kalimantan Timur,Kota Samarinda,L,S3,22,160.0,37.13982289761442,26.4054016295528,29.233135137053928,41.35527091450673,23.11787102020701,21.138891435632264,20.698864610651558
1506,Prov. Kalimantan Timur,Kota Samarinda,L,Sp-1,6,11.0,2.553362824210992,2.0377582525788296,2.5981487118337054,3.790901054536228,1.7215096625806778,3.500300134765262,1.8914803051646034
1507,Prov. Kalimantan Timur,Kota Samarinda,P,D3,873,2933.0,680.8193784918944,933.332995518538,886.4310809975735,935.3386934773483,1029.4449592979522,844.3850210869988,911.2140124423631
1508,Prov. Kalimantan Timur,Kota Samarinda,P,D4,908,3316.0,769.722829553059,674.8524932916238,681.0424264047163,759.2170217284424,640.6322324486132,859.6768084159906,977.8996912886279
1509,Prov. Kalimantan Timur,Kota Samarinda,P,Profesi,4278,6757.0,1568.461145744879,11610.064123521182,10141.477629339914,10552.163174524567,7762.185556447102,8142.464111254407,7894.178248758164
1510,Prov. Kalimantan Timur,Kota Samarinda,P,S1,7009,38053.0,8833.01050451826,7508.446727481785,7234.248467719121,7640.068819120565,6488.682891194041,6850.69597863847,6955.434974075617
1511,Prov. Kalimantan Timur,Kota Samarinda,P,S2,449,1322.0,306.8677866915392,527.5439882336084,542.5009743750082,569.8283271574572,496.58381256491697,393.0349350093241,411.11690701354803
1512,Prov. Kalimantan Timur,Kota Samarinda,P,S2 Terapan,13,23.0,5.338849541532074,8.292052597455005,7.997742349117323,6.825652479041335,8.527341033088499,5.923206809083399,6.20972938878509
1513,Prov. Kalimantan Timur,Kota Samarinda,P,S3,19,85.0,19.730530914357665,15.288771801390437,16.982634683200274,24.10670008538942,15.090608758615751,12.32573274922095,11.938939161541988
1514,Prov. Kalimantan Utara,Kab. Bulungan,L,S1,44,496.0,116.72741276919078,60.24204441070041,46.50147107860462,41.87590322838275,77.08840273900685,54.45057070961187,41.19786964417701
1515,Prov. Kalimantan Utara,Kab. Bulungan,P,S1,40,468.0,110.13796204834937,69.04396210168933,54.76414674758724,51.24032519202828,72.29207530402107,65.60836755956018,65.32208305860304
1516,Prov. Kalimantan Utara,Kab. Nunukan,L,D3,60,177.0,41.654742056747516,53.33594447657809,47.31850776938971,50.560050167713044,41.395009200452336,24.199193459691877,31.902429694622327
1517,Prov. Kalimantan Utara,Kab. Nunukan,L,S1,16,101.0,23.769090100177962,11.695114612771134,8.943133018825911,7.955326902751856,11.442042838110213,14.5890080597953,15.248480020909719
1518,Prov. Kalimantan Utara,Kab. Nunukan,P,D3,61,186.0,43.77277978844654,62.35084367409758,55.202017759060006,59.26924128879723,63.738315352082545,29.767280767716898,31.066141522709938
1519,Prov. Kalimantan Utara,Kab. Nunukan,P,S1,59,221.0,52.00959318949831,32.12960825224837,25.525515472287854,23.89050684659814,31.293260157570582,33.46396389972139,42.03622976049313
1520,Prov. Kalimantan Utara,Kota Tarakan,L,D3,30,113.0,26.593140409109996,23.394235200230426,19.98245148328535,18.713228044600296,24.10917882464479,23.230136647038297,22.638481227147192
1521,Prov. Kalimantan Utara,Kota Tarakan,L,D4,6,40.0,9.41350102977345,5.7700975488197,5.124569586207843,5.138824423065466,5.97816816559763,5.2701237997259875,5.323391145923183
1522,Prov. Kalimantan Utara,Kota Tarakan,L,Profesi,507,516.0,121.4341632840775,657.5550000855441,594.1779283670417,608.5756904717864,662.4911994160825,646.5328654456339,603.2808252134397
1523,Prov. Kalimantan Utara,Kota Tarakan,L,S1,416,4034.0,949.3515788526524,656.1832037545927,614.0378444937419,629.8804765857121,647.6077560954609,632.6718018825796,583.2773664393144
1524,Prov. Kalimantan Utara,Kota Tarakan,L,S2,64,245.0,57.657693807362385,88.1470907878065,89.36551339804444,93.61377203746495,82.44685744257922,70.93126489078264,68.38901319844231
1525,Prov. Kalimantan Utara,Kota Tarakan,P,D3,170,772.0,181.6805698746276,191.08760908398304,166.83536537360615,161.35806905504995,192.18957657110144,159.94482435491125,153.4253574030429
1526,Prov. Kalimantan Utara,Kota Tarakan,P,D4,15,103.0,24.239765151666635,18.15612250480354,16.602224396288918,17.337236631085037,19.391140973083385,12.584310590811604,9.756732481739679
1527,Prov. Kalimantan Utara,Kota Tarakan,P,Profesi,1679,1769.0,416.31208304173083,2524.0778824869362,2280.9910574441005,2353.3594279918934,2324.2006417326365,1732.58467396208,1770.433641789955
1528,Prov. Kalimantan Utara,Kota Tarakan,P,S1,901,6518.0,1533.9299928015837,1274.6876190727646,1220.7154865654197,1294.9213341515388,1245.4593204430646,1096.8985752447918,1116.5763313774992
1529,Prov. Kalimantan Utara,Kota Tarakan,P,S2,36,147.0,34.59461628441743,58.16667863630373,58.62530187153822,61.441750044510094,55.7425433696756,52.27853751478063,42.64400273601477
1530,Prov. Kepulauan Riau,Kab. Bintan,L,D3,14,49.0,12.99560336868393,14.996101742187653,11.603601894650492,11.711940380038394,13.485770815700564,9.154373689185665,8.663039962136407
1531,Prov. Kepulauan Riau,Kab. Bintan,L,D4,9,48.0,12.730386973404666,9.36148961244269,8.160302907007717,8.604232989626892,9.905463484201064,6.854078261399725,5.586831874988008
1532,Prov. Kepulauan Riau,Kab. Bintan,L,S1,82,791.0,209.78616866589772,123.07191873735184,110.89967079321157,109.03916247263945,119.54547172632603,127.04789281688466,130.59548085424595
1533,Prov. Kepulauan Riau,Kab. Bintan,P,D3,8,48.0,12.730386973404666,15.927134890267878,12.775318126694629,13.154557006315429,12.760227188691864,12.965494838619922,17.313300983446016
1534,Prov. Kepulauan Riau,Kab. Bintan,P,D4,5,36.0,9.5477902300535,7.792028932708382,6.966592529136875,7.5151002684679185,10.952692934050248,8.022707235513959,6.141710558744293
1535,Prov. Kepulauan Riau,Kab. Bintan,P,S1,185,1110.0,294.3901987599829,199.80136255507176,181.20194056698585,183.2031247493435,189.49649354743704,232.5554955891367,220.2922707416062
1536,Prov. Kepulauan Riau,Kab. Karimun,L,S1,110,464.0,123.06040740957845,68.65230782806546,70.1277526380507,64.32220740363263,65.12023583288433,46.42094205212818,42.95783502538692
1537,Prov. Kepulauan Riau,Kab. Karimun,P,S1,170,577.0,153.02986007613526,104.23538871160866,104.59506834657424,99.28582819013315,98.0744499473587,87.52252111307605,76.54313906494619
1538,Prov. Kepulauan Riau,Kab. Natuna,L,S1,48,568.0,150.6429125186219,63.12917644473962,61.30056882654839,60.02357850781673,73.20295220087937,55.223789057794676,62.025042809575375
1539,Prov. Kepulauan Riau,Kab. Natuna,P,S1,82,700.0,185.65147669548472,100.42650746661181,93.37278556074382,95.28380563610638,109.53475244788578,101.73214164998333,97.44579015545166
1540,Prov. Kepulauan Riau,Kota Batam,L,D2,6,13.0,3.4478131386304307,4.685295867550001,3.916034682038918,3.5047096807420686,3.635073295781684,5.050469720606006,6.21914952779173
1541,Prov. Kepulauan Riau,Kota Batam,L,D3,357,2263.0,600.1847025169742,612.296066818741,541.1308440829117,549.4599957998441,572.132306892915,496.3314071580946,509.1263114737624
1542,Prov. Kepulauan Riau,Kota Batam,L,D4,482,5058.0,1341.4645273225167,909.9540296448108,886.2127686718679,946.5476605544842,885.8442050972425,856.8300062071927,822.7423208614139
1543,Prov. Kepulauan Riau,Kota Batam,L,Profesi,408,319.0,84.60403009408518,357.1864337495528,307.43747206884194,293.4349279062584,245.44264064139995,231.8730395138729,252.45258686728522
1544,Prov. Kepulauan Riau,Kota Batam,L,S1,1567,13775.0,3653.35584497186,1989.4242925041244,2003.729803461859,1993.076674144472,2076.876905000727,2314.650535104927,2014.921259496892
1545,Prov. Kepulauan Riau,Kota Batam,L,S2,341,827.0,219.33395889595124,230.5305947480291,235.7868417835323,231.13640468273888,219.40643904635323,156.24997867413978,185.69911021967297
1546,Prov. Kepulauan Riau,Kota Batam,L,S2 Terapan,1,33.0,8.752141044215708,8.925879006512584,8.529028675758557,7.75084611808385,7.502572858289242,10.167555774893318,10.720584011614706
1547,Prov. Kepulauan Riau,Kota Batam,L,S3,16,45.0,11.934737787566874,5.1315574311394485,6.032244721565823,7.3697407201717615,6.183934382826833,7.817623992869914,7.220696991392308
1548,Prov. Kepulauan Riau,Kota Batam,P,D2,4,12.0,3.1825967433511666,5.7019966527051675,4.519536223106633,4.226344782625701,6.204920058752392,5.078131138998569,6.010571138680561
1549,Prov. Kepulauan Riau,Kota Batam,P,D3,307,1549.0,410.82019628757973,489.8618260101832,431.01254932316164,452.365638991629,481.31309246535676,445.94676033941505,491.58872824955654
1550,Prov. Kepulauan Riau,Kota Batam,P,D4,661,4198.0,1113.3784273823499,866.2637202108123,845.8416968556313,932.5825544100971,1042.3638213230067,882.6632418264451,883.4655388554314
1551,Prov. Kepulauan Riau,Kota Batam,P,Profesi,1313,1002.0,265.7468280698224,1312.315196185488,1131.1506458589201,1111.6741622363836,876.1041613824407,920.0391616873427,988.4645843363528
1552,Prov. Kepulauan Riau,Kota Batam,P,S1,2187,15450.0,4097.593307064627,2680.9348370141565,2675.8060545243247,2746.621917078522,2973.1069781615065,2815.646784628311,2870.7292820696725
1553,Prov. Kepulauan Riau,Kota Batam,P,S2,253,559.0,148.2559649611085,190.456314156699,191.21211833767924,194.04549045922084,188.8603994884854,156.86144524495376,161.31606599499733
1554,Prov. Kepulauan Riau,Kota Batam,P,S3,9,28.0,7.426059067819389,3.9074142098527056,4.506144133801513,5.700107989997907,4.898198809062013,5.5956744695645195,4.447277619962346
1555,Prov. Kepulauan Riau,Kota Tanjungpinang,L,D3,53,180.0,47.738951150267496,52.21407205457086,45.694319616556875,44.33136525112991,48.45059922081572,36.033600383188656,31.235192135027923
1556,Prov. Kepulauan Riau,Kota Tanjungpinang,L,Profesi,228,133.0,35.273780572142094,187.42714149139113,147.81953585182669,137.87669133648458,182.06614079402723,163.74416263672876,269.75810947717304
1557,Prov. Kepulauan Riau,Kota Tanjungpinang,L,S1,758,5294.0,1404.055596608423,828.6384690212404,820.2215562458479,781.8561093578228,789.2994553523768,860.826166165292,843.0115404013715
1558,Prov. Kepulauan Riau,Kota Tanjungpinang,L,S2,9,63.0,16.708632902593624,18.183322755471956,18.624564955844825,17.42058782364953,19.12821213039474,15.745020263224765,15.864376259951717
1559,Prov. Kepulauan Riau,Kota Tanjungpinang,P,D3,391,1101.0,292.0032512024695,366.40300711353603,323.95298401680833,322.8520462877277,305.3065232932383,266.4435501091414,273.3176819102013
1560,Prov. Kepulauan Riau,Kota Tanjungpinang,P,Profesi,1146,640.0,169.73849297872889,1014.0394127737775,815.4382601222974,779.3816144565649,908.5419491415652,849.3225190092799,812.0499533375827
1561,Prov. Kepulauan Riau,Kota Tanjungpinang,P,S1,1343,8177.0,2168.6744641985406,1547.9940353889886,1511.4041159099982,1489.4736261305377,1659.229988457593,1412.9161545373422,1397.5777048741274
1562,Prov. Kepulauan Riau,Kota Tanjungpinang,P,S2,3,38.0,10.078223020612027,14.546090926219874,14.091043361048289,13.781640449028568,15.473041123032193,11.574269008930925,10.828105431496603
1563,Prov. Lampung,Kab. Lampung Selatan,L,S1,2278,14535.0,3420.630936693927,2418.209412656162,2223.36032364486,2301.9815241501183,2258.6757436200896,2344.730852673994,1917.7307588585686
1564,Prov. Lampung,Kab. Lampung Selatan,L,S2,895,2452.0,577.0476131251124,501.1700871834184,410.26087272585164,346.56961942465836,434.79478133498907,290.4230227052251,378.6649695095207
1565,Prov. Lampung,Kab. Lampung Selatan,L,S3,18,172.0,40.478054428025835,30.40492737139754,31.25268885635376,42.759906529991675,34.58668396031515,23.823415096413733,20.690824364138113
1566,Prov. Lampung,Kab. Lampung Selatan,P,D3,16,55.0,12.943563915938494,16.832576999346408,15.37047554875673,16.113939962576243,16.709455097151917,19.046391085333546,21.44246474662151
1567,Prov. Lampung,Kab. Lampung Selatan,P,S1,2792,14991.0,3527.9448484333448,2811.663075048637,2593.005326802039,2713.7765831671227,2639.549452834249,2448.9104446743804,2318.4777624776843
1568,Prov. Lampung,Kab. Lampung Selatan,P,S2,727,1703.0,400.7798063426046,414.3575855765604,346.2083307318284,301.54503052675926,362.8403608386938,321.62802116988064,475.427324402534
1569,Prov. Lampung,Kab. Lampung Selatan,P,S3,7,60.0,14.120251544660174,11.168387816396068,11.2485796611955,15.145063383434902,12.975936679002436,7.059922518691907,5.2003672430718755
1570,Prov. Lampung,Kab. Lampung Tengah,L,S1,301,758.0,178.38584451420687,138.216600051074,133.58823202990763,143.19373444184845,133.18610684131164,134.43313716838804,127.08634442723816
1571,Prov. Lampung,Kab. Lampung Tengah,P,D3,45,36.0,8.472150926796106,11.550627125342166,10.952182340024526,11.725341426138376,13.03914872230003,10.291660665098973,12.597952196299348
1572,Prov. Lampung,Kab. Lampung Tengah,P,S1,210,792.0,186.38732038951431,157.85782558397216,151.36877620993906,161.95234179976373,157.19102271616794,155.39798515757982,155.72993193438774
1573,Prov. Lampung,Kab. Lampung Timur,L,D3,19,41.0,9.648838555517786,8.008845498470967,6.676379051711993,6.133217826684537,7.751729304108405,8.4642619715743,8.876630342825075
1574,Prov. Lampung,Kab. Lampung Timur,L,S1,1063,4194.0,987.0055829717462,456.21802136548905,370.8704229088834,326.6167034021421,315.45303597703787,406.38868687808036,451.79348371848914
1575,Prov. Lampung,Kab. Lampung Timur,P,D3,15,37.0,8.707488452540442,8.24164323306501,6.912907159523942,6.441573191957711,8.508447683666784,9.485465496315719,8.835131308530084
1576,Prov. Lampung,Kab. Lampung Timur,P,S1,715,4765.0,1121.3833101717623,582.0583970614109,473.6837724919449,420.698855347298,431.434743049258,567.932195563045,562.7575993397288
1577,Prov. Lampung,Kab. Lampung Utara,L,D3,1,9.0,2.1180377316990264,1.4540192394499134,1.1562823790002523,0.9913446697713298,1.5435592613937756,3.276578605596909,3.320735623074531
1578,Prov. Lampung,Kab. Lampung Utara,L,S1,288,1981.0,466.2036384995301,274.5303702134446,246.7079903565563,240.10864773747434,292.47946950633525,270.3427279090282,250.4505560511508
1579,Prov. Lampung,Kab. Lampung Utara,L,S2,19,109.0,25.65179030613265,27.13906916426121,24.612388914218524,22.549821348135506,28.932897759241097,25.127742327357762,26.581981260988055
1580,Prov. Lampung,Kab. Lampung Utara,P,D3,36,61.0,14.35558907040451,13.153387935654276,11.090429982699684,10.239742839263023,16.50554904121108,16.730161336685093,18.32781793867844
1581,Prov. Lampung,Kab. Lampung Utara,P,S1,459,2677.0,629.9985564175881,450.1154868291082,417.32466967568325,424.20405257449255,447.9411928056918,445.48334761127126,425.45507997075464
1582,Prov. Lampung,Kab. Lampung Utara,P,S2,7,50.0,11.766876287216812,19.007420229632476,19.11304923666289,19.847752271801316,21.20055152749489,17.952842116956614,17.078446731004767
1583,Prov. Lampung,Kab. Mesuji,L,S1,104,190.0,44.71412989142389,36.80777324592884,33.41898234129958,35.95062405087729,36.52579675123632,40.59938507847505,24.831775862337235
1584,Prov. Lampung,Kab. Mesuji,P,S1,35,122.0,28.71117814080902,25.794685296192906,23.223340800473924,24.921830458483992,27.101656824456317,29.021843049879134,16.27716506488048
1585,Prov. Lampung,Kab. Pasawaran,L,S1,4,340.0,80.01475875307433,41.46505567404843,33.1715775466637,30.123096341634586,40.82294271054283,45.33875207052363,37.72622249236227
1586,Prov. Lampung,Kab. Pasawaran,P,S1,6,209.0,49.185542880566274,30.525339000061567,24.97477589015474,23.437638043752287,25.669208683498997,32.77734698231537,43.590108553852914
1587,Prov. Lampung,Kab. Pesisir Barat,L,S1,9,42.0,9.884176081262122,4.803605147286215,3.465713451596209,3.0214028798552213,5.434570632853048,7.358371977050411,7.206753924092041
1588,Prov. Lampung,Kab. Pesisir Barat,P,S1,25,101.0,23.769090100177962,10.095693458546968,6.708125870364132,5.361218782993748,9.96285316900809,13.031011486796183,18.284076000047815
1589,Prov. Lampung,Kab. Pringsewu,L,D3,23,88.0,20.70970226550159,25.153189451132377,23.49038624861147,24.854502369517594,28.34708830476662,24.808105460893778,25.915708973796484
1590,Prov. Lampung,Kab. Pringsewu,L,Profesi,137,193.0,45.4201424686569,169.53083258637906,132.93076825267403,118.11597989310046,214.47935170280962,197.05906803277995,220.86868494751815
1591,Prov. Lampung,Kab. Pringsewu,L,S1,430,2864.0,674.0066737317791,465.67533221080487,427.2918742446288,437.18634063587194,521.5419636361991,353.6243662362697,371.3453525092623
1592,Prov. Lampung,Kab. Pringsewu,L,S2,78,219.0,51.53891813800964,59.19902063702833,53.594251506658765,50.32737120990166,62.73936813933569,55.75487009113695,57.25350231158641
1593,Prov. Lampung,Kab. Pringsewu,P,D3,70,354.0,83.30948411349503,105.86108736085238,97.16564625320906,101.59038147389406,116.14928911120109,94.9783527742655,94.15233438140264
1594,Prov. Lampung,Kab. Pringsewu,P,Profesi,508,583.0,137.20177750894803,757.9163926276005,652.1491454087325,649.0511948239666,666.4353837369782,754.0692828054864,699.8228639295705
1595,Prov. Lampung,Kab. Pringsewu,P,S1,1305,6283.0,1478.6256742516646,1170.662127610045,1082.8746360154043,1126.3362464324453,1219.3274024515426,1022.9427904219078,1089.668470725729
1596,Prov. Lampung,Kab. Pringsewu,P,S2,136,317.0,74.60199566095459,100.64464706276286,92.58494293581983,89.18494539302523,103.31037123182435,77.33962100301571,77.61912630550715
1597,Prov. Lampung,Kab. Tenggamus,L,D3,17,18.0,4.236075463398053,5.590237711094792,4.965669596410286,5.33519867142409,4.58585215958058,5.39992244688936,5.5732700736122025
1598,Prov. Lampung,Kab. Tenggamus,L,S1,73,385.0,90.60494741156946,72.55171123591404,64.66568564285983,68.81612928609889,71.07633710133385,67.49881721518447,54.097001166362325
1599,Prov. Lampung,Kab. Tenggamus,P,D3,2,2.0,0.4706750514886725,0.6779102887718089,0.5971185384785185,0.6399932018114141,0.5595444952911273,2.749259796813382,1.3866923368609498
1600,Prov. Lampung,Kab. Tenggamus,P,S1,119,508.0,119.55146307812282,103.75848925376306,91.49318570405502,96.87279482395272,114.03017447436528,65.95806284285234,67.90058860291795
1601,Prov. Lampung,Kab. Tulang Bawang,L,S1,248,702.0,165.20694307252404,127.93839945269893,118.66648539991677,126.16164771478394,145.55286501576717,101.01203086464493,94.49235008960956
1602,Prov. Lampung,Kab. Tulang Bawang,P,S1,272,769.0,180.97455729739457,150.21940750438273,137.33549979935833,144.65691295366872,195.56072191667187,145.89021814006003,153.69670475918443
1603,Prov. Lampung,Kab. Tulang Bawang Barat,L,D3,56,151.0,35.53596638739477,47.342220282557044,39.84070696709044,42.537393948299034,58.636831688209874,25.25119596461465,38.548486216250645
1604,Prov. Lampung,Kab. Tulang Bawang Barat,P,D3,29,83.0,19.53301463677991,28.401038864242313,23.70027723901975,25.242902998254014,34.9790120971621,22.341126117404,22.11953387379168
1605,Prov. Lampung,Kab. Way Kanan,L,S1,167,919.0,216.275186159045,115.13184679450704,88.54989702835195,80.6501430995876,90.87790859004538,103.80221026135098,125.04227816212216
1606,Prov. Lampung,Kab. Way Kanan,P,S1,289,1575.0,370.6566030473296,253.3389415206326,203.94326366937312,197.10712893410678,181.60828440946756,198.5542849399727,228.75347918664644
1607,Prov. Lampung,Kota Bandar Lampung,L,D3,540,2251.0,529.7447704505009,559.2795890278763,518.7514374333444,519.0945180791674,548.3344372753293,414.13259936295793,434.7531158156282
1608,Prov. Lampung,Kota Bandar Lampung,L,D4,308,2710.0,637.7646947671512,492.2844446326501,487.05948242211053,538.0392853091122,460.4593212519185,536.4472472113579,498.8550011437931
1609,Prov. Lampung,Kota Bandar Lampung,L,Profesi,3000,934.0,219.80524904521005,860.0884070715405,711.8047716264387,641.0860440872598,788.6335940324466,766.3104150950825,794.3471784520978
1610,Prov. Lampung,Kota Bandar Lampung,L,S1,5517,41846.0,9847.934102297495,5871.9352762393955,5337.782784157284,5150.104623746778,5991.620012808026,6922.756635411781,5569.165024934961
1611,Prov. Lampung,Kota Bandar Lampung,L,S2,795,3010.0,708.3659524904521,825.7651328521979,780.5758668268179,733.8657764491735,950.1345367909304,761.9253765281105,862.8799220453133
1612,Prov. Lampung,Kota Bandar Lampung,L,S2 Terapan,4,28.0,6.589450720841415,11.22328761583623,10.134283584878553,8.633083822419774,13.585615363889971,8.936475586471671,11.250822453407679
1613,Prov. Lampung,Kota Bandar Lampung,L,S3,63,483.0,113.6680249345144,58.50415489096523,55.522117176855616,65.46875829575363,80.19017755265418,90.33413155775841,79.39161027515622
1614,Prov. Lampung,Kota Bandar Lampung,L,Sp-1,6,24.0,5.6481006178640705,4.78794047726374,5.642653560428903,7.960323829776021,6.20177358480843,8.606057824736215,7.232302862261925
1615,Prov. Lampung,Kota Bandar Lampung,P,D2,18,27.0,6.354113195097079,13.266765612239759,11.847553247505514,10.991309516611096,13.078990719871953,9.468475363264298,10.98812414758766
1616,Prov. Lampung,Kota Bandar Lampung,P,D3,1790,5100.0,1200.221381296115,1567.3064629356616,1502.7062432612738,1573.0098815346335,1637.293113935329,1215.325164442307,1283.1189566089267
1617,Prov. Lampung,Kota Bandar Lampung,P,D4,814,3983.0,937.3493650396913,825.6271487840027,818.8536147250055,913.1530106321508,905.0575612646476,934.4235569261782,823.2566348592667
1618,Prov. Lampung,Kota Bandar Lampung,P,Profesi,7039,1759.0,413.95870778428747,1943.257631440658,1645.725563095088,1532.7794558636758,1705.8247462286488,1464.3870072956224,1314.8459418263985
1619,Prov. Lampung,Kota Bandar Lampung,P,S1,10351,57688.0,13576.15118513927,9882.055726528075,9244.540525341099,9283.206779227361,9939.33560131636,8863.51115521179,9647.336463338235
1620,Prov. Lampung,Kota Bandar Lampung,P,S2,825,2662.0,626.4684935314231,873.5156287644708,844.1262429063765,819.7528882186064,907.3233772416075,800.9736528259078,850.9576345245395
1621,Prov. Lampung,Kota Bandar Lampung,P,S2 Terapan,11,33.0,7.7661383495630965,15.742757153382188,14.508104840826363,12.741870495678803,18.21808821355964,8.319622624530544,10.793614779857538
1622,Prov. Lampung,Kota Bandar Lampung,P,S3,34,296.0,69.65990762032354,44.303492260483004,43.450799358684726,53.58155289629529,50.859042031986355,45.100165051711855,50.47540215874262
1623,Prov. Lampung,Kota Bandar Lampung,P,Sp-1,1,13.0,3.059387834676371,2.830514033861386,3.3078114211828935,4.6551118456909695,4.10568640168225,4.279234767571155,3.3035855804891083
1624,Prov. Lampung,Kota Metro,L,D3,46,134.0,31.53522844974106,32.459522893363456,27.2655678988784,26.794241095168925,27.689485974804406,37.68994319003091,38.70447779081527
1625,Prov. Lampung,Kota Metro,L,Profesi,188,186.0,43.77277978844654,256.039740244733,221.5549491202703,230.99976586651442,174.08673495758723,116.16548816663652,213.86243118566634
1626,Prov. Lampung,Kota Metro,L,S1,679,8090.0,1903.8805832716803,1146.1624864620178,954.5864854872729,916.5989481642214,902.5484411143955,937.4127189254871,884.2972696698852
1627,Prov. Lampung,Kota Metro,L,S2,113,553.0,130.14165173661794,193.58303828739557,181.5141947491648,186.0122791116763,148.8663041622687,161.89981672364468,167.22749159529826
1628,Prov. Lampung,Kota Metro,P,D3,203,521.0,122.6108509127992,164.70989008356062,145.60293193330324,152.78276483659695,123.74092899090314,148.5334678448542,137.39018302006355
1629,Prov. Lampung,Kota Metro,P,Profesi,584,577.0,135.789752354482,866.8714622675006,743.8229425215847,773.6449279534854,560.7868047874124,767.9879724654271,876.2015555330385
1630,Prov. Lampung,Kota Metro,P,S1,1016,9720.0,2287.4807502349486,1724.4852112648891,1490.982840899077,1504.9974284005953,1515.5567036730502,1391.7751810158643,1433.4199524660075
1631,Prov. Lampung,Kota Metro,P,S2,133,427.0,100.48912349283158,170.4099786379426,160.76094023715612,167.09249536835912,123.58233198283149,125.25701827477675,139.00263195853742
1632,Prov. Maluku,Kab. Buru,L,S1,139,772.0,181.6805698746276,101.05349220693397,78.56859866253923,72.17495076495145,126.2056821645392,117.90403791409332,131.79994625442768
1633,Prov. Maluku,Kab. Buru,P,S1,291,1291.0,303.8207457359381,214.67999897524388,174.08859507831892,169.0170040358873,286.75564097927156,230.7918877900664,173.45050140336917
1634,Prov. Maluku,Kab. Maluku Tengah,L,S1,131,909.0,213.92181090160165,165.30512432016624,148.1890446367454,156.55520545554663,88.3506917469369,126.06430273539637,117.08807284562941
1635,Prov. Maluku,Kab. Maluku Tengah,P,S1,323,1950.0,458.90817520145566,388.6188662394518,345.9293714119977,365.13943996532385,219.31176393672644,333.2418278627342,356.62942760780425
1636,Prov. Maluku,Kab. Maluku Tenggara,L,D3,43,287.0,67.5418698886245,54.40796803332362,44.00219213551692,39.499475905389644,52.64196569937285,38.521526296284286,39.12555062251148
1637,Prov. Maluku,Kab. Maluku Tenggara,L,D4,52,754.0,177.44449441122953,110.50558070484958,96.19402168682394,96.19195701571458,90.15638679714081,132.0481348248352,137.19512591940403
1638,Prov. Maluku,Kab. Maluku Tenggara,L,S1,31,286.0,67.30653236288016,28.127384582630103,21.666114975273324,18.14941259283319,13.463377245672437,28.151011124380716,34.68248131776645
1639,Prov. Maluku,Kab. Maluku Tenggara,P,D3,75,348.0,81.89745895902901,87.04470958667135,74.35471231929515,71.56567059680312,70.63239294278314,77.05912261403154,81.6202508809553
1640,Prov. Maluku,Kab. Maluku Tenggara,P,D4,93,815.0,191.80008348163403,143.55066115617123,127.94793412075056,132.39825372435777,122.92126746250923,132.9373786478871,148.83916322827704
1641,Prov. Maluku,Kab. Maluku Tenggara,P,S1,46,353.0,83.07414658775069,40.01134183674886,31.120559573527423,26.550300684467842,21.8285727471233,32.92287189508409,32.251910287361675
1642,Prov. Maluku,Kab. Maluku Tenggara Barat,L,D3,4,25.0,5.883438143608406,3.608379373401762,2.489729051647458,1.9989179596167368,3.096341198278465,3.5107457576969945,3.0875491336991394
1643,Prov. Maluku,Kab. Maluku Tenggara Barat,L,S1,15,680.0,160.02951750614866,65.27140805417824,46.58939839650087,38.3632090706527,58.26603989890705,65.0670565958251,50.61431653564976
1644,Prov. Maluku,Kab. Maluku Tenggara Barat,P,D3,7,75.0,17.65031443082522,10.959185807082799,7.313072769515921,5.692086364194258,9.194836153328984,11.643573912595249,13.697448115741514
1645,Prov. Maluku,Kab. Maluku Tenggara Barat,P,S1,29,1085.0,255.34121543260483,120.71750816275137,87.17109710860039,73.26297549400337,108.86161118770917,107.38101100175751,112.86355406334975
1646,Prov. Maluku,Kab. Seram Bagian Timur,L,S1,79,506.0,119.08078802663414,74.60416900605163,61.8241199762757,60.288226194673214,73.46842992252809,63.57659263014359,62.02850445494128
1647,Prov. Maluku,Kab. Seram Bagian Timur,P,S1,135,870.0,204.74364739757254,157.14285542214293,134.1913179737824,136.40320504902905,115.4491390812704,136.47414902344786,146.62215885543924
1648,Prov. Maluku,Kota Ambon,L,D3,277,1301.0,306.17412099338145,325.5646685591592,288.95023030917,290.31324796866954,299.7288850603539,312.3281915943513,334.342756513417
1649,Prov. Maluku,Kota Ambon,L,D4,152,1238.0,291.34785687148826,218.70182256856503,202.70380258080098,219.16538686605838,190.31330234190244,264.33254498788835,239.34145182717518
1650,Prov. Maluku,Kota Ambon,L,Profesi,2736,2943.0,692.5983382655816,1410.1336028437108,897.7726079830546,632.7537889647705,1878.0410639169677,1933.56633253683,2102.1869641144326
1651,Prov. Maluku,Kota Ambon,L,S1,2001,18365.0,4321.973660294735,2644.5975628180236,2315.569656270328,2260.286008767514,2839.9374746229837,2596.3270631249725,2405.0622542836268
1652,Prov. Maluku,Kota Ambon,L,S2,144,634.0,149.20399132190917,196.65855384750884,185.13912694744553,182.9791011419199,195.1641067212484,163.3921818146156,168.1071978168738
1653,Prov. Maluku,Kota Ambon,L,S3,17,118.0,27.769828037831676,18.030896387717853,17.674501714982153,22.84050123726861,19.142166058199358,18.66532313887674,14.895241862504749
1654,Prov. Maluku,Kota Ambon,P,D3,888,4066.0,956.8823796764711,1008.5029790360894,859.5784702324225,830.5409426076133,983.6953630575816,802.7273147545199,960.6670593781785
1655,Prov. Maluku,Kota Ambon,P,D4,173,1323.0,311.35154655975686,255.51364409865258,234.96864721668092,253.5961767271927,229.9464305423384,292.6051566779954,284.939897023649
1656,Prov. Maluku,Kota Ambon,P,Profesi,6624,6779.0,1595.3530870208554,3626.892680219162,2307.172854863952,1636.2936288084688,4174.913195156782,4345.492854707756,5037.608092064138
1657,Prov. Maluku,Kota Ambon,P,S1,3568,30613.0,7204.387675611366,5206.188928400833,4641.501201853773,4658.700719710867,5078.702236117837,4210.657787034721,4743.29118417563
1658,Prov. Maluku,Kota Ambon,P,S2,187,588.0,138.3784651376697,210.67740007690753,200.4191762070963,201.90762190864888,206.23378148430305,174.73224104267558,196.2634343072437
1659,Prov. Maluku,Kota Ambon,P,S3,12,77.0,18.12098948231389,13.75676668449942,13.681590591720107,18.105508064890017,13.587658135460135,10.608547945594793,10.600502726708363
1660,Prov. Maluku,Kota. Tual,L,S1,64,1145.0,269.461466977265,153.12849140182868,126.29275349538824,119.30275398271168,167.35166057786063,99.06240775910149,115.85637345496629
1661,Prov. Maluku,Kota. Tual,P,S1,156,1752.0,412.31134510407713,286.1627237082678,242.95535876396636,238.95528166848987,361.6589936392235,216.97687790414184,237.95797009310343
1662,Prov. Maluku Utara,Kab. Halmahera Selatan,L,S1,23,252.0,59.305056487572735,27.308573075181542,19.875191683572588,17.126772390697983,24.679499723216214,27.406022992095394,28.24493686093463
1663,Prov. Maluku Utara,Kab. Halmahera Selatan,P,S1,31,370.0,87.07488452540441,55.231335387898746,43.06996625221771,40.45115429477541,53.53065590032034,45.43060673481934,32.10645952620705
1664,Prov. Maluku Utara,Kab. Kepulauan Morotai,L,S1,72,1027.0,241.69163893943332,198.13979432500778,171.88715013516568,182.88210478994353,190.4398573145329,181.40336363929794,143.51471823863696
1665,Prov. Maluku Utara,Kab. Kepulauan Morotai,P,S1,120,1032.0,242.868326568155,216.13529416763322,185.5922177475387,196.5801930916228,222.1253167774538,190.0762301161769,188.19398893940212
1666,Prov. Maluku Utara,Kab. Kepulauan Sula,L,S1,13,115.0,27.06381546059867,16.575481779403805,12.762111845363197,12.144221422149906,17.102808831446694,16.379996290805266,12.712611993189496
1667,Prov. Maluku Utara,Kab. Kepulauan Sula,P,S1,75,225.0,52.95094329247566,39.056913843939405,30.812153959952333,30.365083190511072,45.282411213609585,37.04742857176602,42.448579950016864
1668,Prov. Maluku Utara,Kab. halmahera Utara,L,D3,6,46.0,10.825526184239468,9.533710304223968,7.931804418631984,7.397885813180412,7.865802778795186,11.829260897602044,10.757099664800627
1669,Prov. Maluku Utara,Kab. halmahera Utara,L,D4,13,47.0,11.060863709983805,5.476209126037073,4.410747678469036,4.05978801355088,7.331929109153903,8.131903350080332,7.325387205315624
1670,Prov. Maluku Utara,Kab. halmahera Utara,L,Profesi,2,16.0,3.76540041190938,9.983163093249146,6.92603452842904,5.382569676716624,12.429357691445393,4.822050790352859,5.850411533760302
1671,Prov. Maluku Utara,Kab. halmahera Utara,L,S1,109,1085.0,255.34121543260483,129.82950461346638,106.80142506582526,97.0426681285413,138.17148289775048,118.36697934760427,124.5996501816062
1672,Prov. Maluku Utara,Kab. halmahera Utara,L,S2,9,31.0,7.295463298074424,8.453550029221883,7.609722597273917,7.141965730332534,8.88210796755325,7.892427521860402,8.664314833389412
1673,Prov. Maluku Utara,Kab. halmahera Utara,P,D3,47,253.0,59.54039401331707,55.22399986873864,45.022348027315275,41.32549392599953,50.823743782547815,46.739135693334305,40.56052854577858
1674,Prov. Maluku Utara,Kab. halmahera Utara,P,D4,13,48.0,11.296201235728141,7.446999304598225,6.35463204013707,6.293216528513651,7.701691729803943,10.20984148825013,7.7926840072992025
1675,Prov. Maluku Utara,Kab. halmahera Utara,P,Profesi,21,52.0,12.237551338705485,40.11195318518152,28.763552958863635,23.38185585358843,33.37703451334498,38.897720966064625,42.67152902827319
1676,Prov. Maluku Utara,Kab. halmahera Utara,P,S1,317,2453.0,577.2829506508568,364.49188235200626,310.6606842404278,296.1067927501207,324.2878593056211,284.6962233935364,327.9535180165254
1677,Prov. Maluku Utara,Kab. halmahera Utara,P,S2,7,33.0,7.7661383495630965,10.018216057688695,9.001749213834305,8.49168977000145,10.264018942929143,6.585043535550933,6.825417921199213
1678,Prov. Maluku Utara,Kota Ternate,L,D3,80,831.0,195.56548389354342,120.54687896085822,95.96406271365426,79.3991041213256,148.26561005578077,102.27880201064953,93.87395295276193
1679,Prov. Maluku Utara,Kota Ternate,L,Profesi,924,82.0,19.297677111035572,100.60953865379636,94.17909689347086,96.17231351199649,102.84862285952642,92.64523330255174,107.44820428084928
1680,Prov. Maluku Utara,Kota Ternate,L,S1,1337,12823.0,3017.7330926196237,1449.6257937191879,1261.5569776989541,1140.6294408350868,1161.7229644878569,1845.672013525083,1429.042014695422
1681,Prov. Maluku Utara,Kota Ternate,L,S2,151,627.0,147.55662864169884,175.0064136158059,171.0568609929405,164.56399949801846,242.37536070162224,173.3880366958413,154.81886361255113
1682,Prov. Maluku Utara,Kota Ternate,L,S3,3,13.0,3.059387834676371,1.9925446515048755,2.102476847088575,2.756251652676896,2.59733157872664,2.467522668860233,1.7523478765028084
1683,Prov. Maluku Utara,Kota Ternate,P,D3,447,2576.0,606.2294663174101,640.6409592901007,587.7053758992992,575.9696256135946,843.2989801724141,476.6553640745862,643.1732867564926
1684,Prov. Maluku Utara,Kota Ternate,P,Profesi,3871,172.0,40.478054428025835,242.06376775468183,228.43853938876356,237.14749445155897,237.4643817211237,170.93121397245372,118.97708388181745
1685,Prov. Maluku Utara,Kota Ternate,P,S1,2416,17463.0,4109.699212073344,2597.789861031909,2385.4553653421,2309.8342702743316,2648.795475361651,2418.8993597324034,2709.3573512921794
1686,Prov. Maluku Utara,Kota Ternate,P,S2,105,335.0,78.83807112435264,116.16162455936956,117.54472804267859,118.50347268041823,150.08972028041248,96.77262446451213,112.26053953445573
1687,Prov. Maluku Utara,Kota Tidore Kepulauan,L,D3,6,18.0,4.236075463398053,5.566840558846193,5.238019512028291,5.661842954704908,5.213544056861699,5.831326763040675,5.590256276813658
1688,Prov. Maluku Utara,Kota Tidore Kepulauan,L,S1,90,934.0,219.80524904521005,100.21317566422027,78.55744654337349,67.99641041259986,83.71354675490542,108.49651386953671,120.48151465437914
1689,Prov. Maluku Utara,Kota Tidore Kepulauan,P,D3,6,12.0,2.8240503089320352,4.0504379446737095,3.7792106319019023,4.075058370526752,4.136725637957936,4.8459079149567055,5.425188047754718
1690,Prov. Maluku Utara,Kota Tidore Kepulauan,P,S1,157,1154.0,271.579504708964,165.4594060646618,137.57721412268768,128.29970927933263,126.62003936152334,110.14968733778962,117.57840247356958
1691,Prov. Nusa Tenggara Barat,Kab. Bima,L,Profesi,40,53.0,12.353199923382645,64.28198249834512,52.98903642585514,52.8310860035745,59.27294997271689,39.13481394656959,39.665432622175956
1692,Prov. Nusa Tenggara Barat,Kab. Bima,L,S1,487,3508.0,817.6419873816287,525.9951256364031,466.89324119823635,468.7109284613363,548.2529345731424,533.0839184439145,542.7168994399989
1693,Prov. Nusa Tenggara Barat,Kab. Bima,P,D3,125,244.0,56.87133549632765,73.38753010224917,68.29098954966477,71.25008304050276,79.0043426038798,63.50781155634293,54.74332686851664
1694,Prov. Nusa Tenggara Barat,Kab. Bima,P,Profesi,133,155.0,36.127282794798305,230.49441845435317,194.58683616737906,201.85796311722441,248.80818288764598,121.07352226625743,80.39023062125582
1695,Prov. Nusa Tenggara Barat,Kab. Bima,P,S1,715,4114.0,958.8880091470982,700.0954162787623,621.2813740695904,629.0517773569719,840.3804989978291,753.9505383503747,820.9755068373058
1696,Prov. Nusa Tenggara Barat,Kab. Dompu,L,S1,414,2164.0,504.3834836641518,349.70892041996274,317.5493947074331,321.5182957351409,345.773260286585,244.4752529638553,244.86945952596534
1697,Prov. Nusa Tenggara Barat,Kab. Dompu,P,S1,541,2674.0,623.25389802123,490.90662696222967,445.77565831221006,455.3796805973332,420.3048265362944,299.21887592891767,288.19648295948184
1698,Prov. Nusa Tenggara Barat,Kab. Lombok Barat,L,S1,145,1512.0,352.4158166821615,282.77192472241626,253.73605309403445,283.5450747581494,257.9107323023216,223.621088718882,210.0585029285314
1699,Prov. Nusa Tenggara Barat,Kab. Lombok Barat,P,S1,167,1282.0,298.80759059955756,263.0977563768544,233.54946317976638,259.6641905598503,243.31936200645686,222.10037408847242,234.36248394902876
1700,Prov. Nusa Tenggara Barat,Kab. Lombok Tengah,L,D3,152,559.0,130.2912973051113,169.3593897526726,162.10428223761252,165.13944373593907,150.95453405571504,135.66383172939848,129.83701873790466
1701,Prov. Nusa Tenggara Barat,Kab. Lombok Tengah,L,D4,37,169.0,39.39039220852202,32.11693347016407,31.41843846030871,33.91393903720646,30.937464828374463,30.30257755371789,30.02458033405412
1702,Prov. Nusa Tenggara Barat,Kab. Lombok Tengah,L,Profesi,37,27.0,6.293139583610027,41.63315544737317,36.48084553879393,37.38592510375529,29.503142979524704,19.07399990236069,21.834995931056955
1703,Prov. Nusa Tenggara Barat,Kab. Lombok Tengah,L,S1,936,3061.0,713.4555653863072,598.4668740035107,569.1634444766491,593.3342221642316,524.8468802468096,537.5027121053944,456.9981307808369
1704,Prov. Nusa Tenggara Barat,Kab. Lombok Tengah,L,S2,36,111.0,25.871796065952335,44.78915537493697,45.827867420350465,48.05454293641609,32.63677882226427,37.38422922898046,43.57920550893183
1705,Prov. Nusa Tenggara Barat,Kab. Lombok Tengah,P,D3,154,539.0,125.62971242836313,189.3489674296241,182.40483807177017,189.03487311275768,217.1275320816495,154.93506765296354,144.87456321325197
1706,Prov. Nusa Tenggara Barat,Kab. Lombok Tengah,P,D4,39,192.0,44.751214816782415,41.84270118261733,41.03288994156127,44.82802880281837,45.51351643531034,42.58882499444163,45.49368858471609
1707,Prov. Nusa Tenggara Barat,Kab. Lombok Tengah,P,Profesi,199,197.0,45.91661103596946,333.5272653014407,289.1673279407549,294.906633313555,210.9783022520506,459.28075488200625,209.07125190005968
1708,Prov. Nusa Tenggara Barat,Kab. Lombok Tengah,P,S1,1029,3769.0,878.4756700231923,823.7597890466325,779.5208341760562,814.5778268505339,956.859737170059,847.7914773190013,766.0036668941337
1709,Prov. Nusa Tenggara Barat,Kab. Lombok Tengah,P,S2,25,52.0,12.120120679545238,23.03789476018854,23.323400886719106,24.338217245076088,14.99188445097988,12.374763243036867,11.878789924378335
1710,Prov. Nusa Tenggara Barat,Kab. Lombok Timur,L,Profesi,3259,2744.0,639.5694450898487,3222.6351368786045,2757.0929439950837,2815.643327155829,2276.8286723873534,3137.0147827977476,2746.3183577410273
1711,Prov. Nusa Tenggara Barat,Kab. Lombok Timur,L,S1,1825,11046.0,2574.5933274280133,1587.2276355946465,1461.8605015256012,1502.5857416418144,1795.8748581294406,1644.512209241526,1555.691904833975
1712,Prov. Nusa Tenggara Barat,Kab. Lombok Timur,L,S2,42,189.0,44.05197708527019,43.48590366349245,39.6887846708889,36.900557425775034,42.26914508076054,46.815918131586585,53.26857286014766
1713,Prov. Nusa Tenggara Barat,Kab. Lombok Timur,P,D3,33,29.0,6.759298071284844,9.17431487933912,9.09236063822901,10.046574374818986,10.732931065912615,7.621693975306095,8.202686594920795
1714,Prov. Nusa Tenggara Barat,Kab. Lombok Timur,P,Profesi,6362,5731.0,1335.7771464321877,7255.554734189989,6106.786310020385,6160.454823924665,5201.476993642284,4131.434256467604,4357.001612629528
1715,Prov. Nusa Tenggara Barat,Kab. Lombok Timur,P,S1,2118,12533.0,2921.1821630142394,2207.8622603204176,2081.5343953743736,2224.7312338384236,2548.0219896388617,2536.9002921889437,2496.309893216392
1716,Prov. Nusa Tenggara Barat,Kab. Lombok Timur,P,S2,47,119.0,27.7364300166516,34.17710950734384,32.12492072433472,31.302404519993985,33.512064824677324,31.06493569041071,30.989377486855265
1717,Prov. Nusa Tenggara Barat,Kab. Lombok Utara,L,S1,144,386.0,89.96858812123965,64.46852367288493,54.089461984040454,57.05852385342441,73.60809989878311,54.5110193748984,41.91655723114679
1718,Prov. Nusa Tenggara Barat,Kab. Lombok Utara,P,S1,248,802.0,186.92955355760154,153.27001026628204,128.88834521877703,137.5780181513289,184.7332308659505,157.9754401503838,172.43560417855502
1719,Prov. Nusa Tenggara Barat,Kab. Sumbawa,L,D1,765,803.0,187.16263280143895,363.73694010907707,132.62081684518319,112.233993012515,168.61857489766766,100.69895695468031,98.5303209834013
1720,Prov. Nusa Tenggara Barat,Kab. Sumbawa,L,D2,29,45.0,10.488565972683379,20.451291491994255,17.05875175929719,16.794176019605988,29.537951253206465,11.065502332690789,11.22774455165604
1721,Prov. Nusa Tenggara Barat,Kab. Sumbawa,L,D3,7,20.0,4.661584876748169,4.886633520217556,4.650752266042276,4.659585435118467,5.614859746612032,3.610003195611636,3.0167551885984367
1722,Prov. Nusa Tenggara Barat,Kab. Sumbawa,L,Profesi,9,9.0,2.097713194536676,12.831679758496822,11.66752233526839,12.426510947877665,16.205516712847825,7.055818362662571,7.2031501532983055
1723,Prov. Nusa Tenggara Barat,Kab. Sumbawa,L,S1,719,3583.0,835.1229306694344,538.6884287291617,505.50511291095984,513.0596326657416,594.9849733106231,565.0378361420272,517.1886751511631
1724,Prov. Nusa Tenggara Barat,Kab. Sumbawa,L,S2,83,225.0,52.44282986341689,54.90099549902939,51.053488132801654,46.875911334692525,60.08776006969268,73.87878860199868,76.97121489498335
1725,Prov. Nusa Tenggara Barat,Kab. Sumbawa,P,D1,31,32.0,7.458535802797069,15.55395819975029,5.571144552497635,4.648645152011254,6.102735947028788,11.77873650483454,17.22735216161148
1726,Prov. Nusa Tenggara Barat,Kab. Sumbawa,P,D2,1,3.0,0.6992377315122252,1.4969904583495859,1.2354860739082891,1.2104347668382185,1.5224660796033205,2.077705356921315,1.9719836859229616
1727,Prov. Nusa Tenggara Barat,Kab. Sumbawa,P,D3,75,114.0,26.57103379746456,31.428580062885743,29.84905887647473,30.090417085069962,32.632626894605544,42.19382579794573,38.46682316638546
1728,Prov. Nusa Tenggara Barat,Kab. Sumbawa,P,Profesi,40,43.0,10.022407485008562,62.29268608490011,54.703378653777115,56.194661200351426,89.11646390712734,27.243279582581863,21.940076852826746
1729,Prov. Nusa Tenggara Barat,Kab. Sumbawa,P,S1,969,4229.0,985.6921221884002,773.7489025568956,742.4193148758441,782.3745466063488,893.3976106782472,793.1924969107345,818.1398493512914
1730,Prov. Nusa Tenggara Barat,Kab. Sumbawa,P,S2,32,102.0,23.774082871415658,28.539440376924333,26.617732097197155,24.751195028758268,24.86491199467155,19.164559786018415,22.034169375859925
1731,Prov. Nusa Tenggara Barat,Kab. Sumbawa Barat,L,S1,63,660.0,153.83230093268955,65.69831304154107,43.70589930785925,36.90447321533807,31.905141350128243,46.562685669843056,45.35515285617065
1732,Prov. Nusa Tenggara Barat,Kab. Sumbawa Barat,P,S1,98,698.0,162.68931219851106,91.44999250983507,63.7087191252791,57.60566415532864,59.41725185171713,89.80371900317107,84.91423777256105
1733,Prov. Nusa Tenggara Barat,Kota Bima,L,S1,1079,5522.0,1287.0635844701692,952.6384310584306,897.8174494422584,963.8783662478105,856.4924656969399,749.5030638871641,745.9960621600154
1734,Prov. Nusa Tenggara Barat,Kota Bima,L,S2,26,90.0,20.977131945366757,33.522984682892705,34.47313829214556,37.910861091092194,25.264781402375874,34.28639118788361,37.90737659934884
1735,Prov. Nusa Tenggara Barat,Kota Bima,P,D3,100,534.0,124.46431620917609,146.5740673673376,134.7111759914208,136.8901536829304,163.59987031038474,162.6118245117725,158.01737681628683
1736,Prov. Nusa Tenggara Barat,Kota Bima,P,S1,862,4701.0,1095.705525279657,918.8250660989696,865.2430326176617,936.1819165514003,924.4572344574406,916.0739805516131,960.6125683315821
1737,Prov. Nusa Tenggara Barat,Kota Bima,P,S2,14,24.0,5.593901852097802,9.815240905511375,9.986916483651356,10.929651863088864,6.571979817187392,4.917757067027236,4.180174494058692
1738,Prov. Nusa Tenggara Barat,Kota Mataram,L,D3,388,2380.0,554.728600333032,574.187303780494,550.5702545353315,546.2164915515069,529.5164703118502,587.0009668492273,589.326479757372
1739,Prov. Nusa Tenggara Barat,Kota Mataram,L,D4,37,396.0,92.29938055961374,76.51229749803683,79.69680376616147,90.68093228036126,77.63147341160523,79.94687275657066,58.07047026142122
1740,Prov. Nusa Tenggara Barat,Kota Mataram,L,Profesi,7419,2611.0,608.5699056594734,3708.5617571790985,3377.7356300662227,3536.364944130381,2817.073062286604,2399.0695686060735,2334.9993908052
1741,Prov. Nusa Tenggara Barat,Kota Mataram,L,S1,5222,39978.0,9318.042010131914,6189.030174362193,5855.3772471172315,5891.712101030086,5723.210634696997,6422.466564497757,5786.245421208868
1742,Prov. Nusa Tenggara Barat,Kota Mataram,L,S2,515,1664.0,387.8438617454476,532.5948690670627,540.5990736175565,545.2189675367696,501.7778248906503,547.4545896693675,539.6175117423597
1743,Prov. Nusa Tenggara Barat,Kota Mataram,L,S3,42,226.0,52.6759091072543,34.36326385869113,36.17771795515185,47.73117269663133,34.006134981742974,38.33511929455681,33.478422824756784
1744,Prov. Nusa Tenggara Barat,Kota Mataram,P,D3,715,3741.0,871.9494511957448,1139.940609319218,1126.2624799757943,1171.8395524364123,1121.056243459393,1038.810645009475,1189.574254488927
1745,Prov. Nusa Tenggara Barat,Kota Mataram,P,D4,329,1937.0,451.4744953130601,407.99792611146256,419.55882397386114,473.7075898134441,432.26320628626155,460.98560154756046,470.6487394279144
1746,Prov. Nusa Tenggara Barat,Kota Mataram,P,Profesi,16790,4168.0,971.4742883143183,6508.562596742064,5867.799334126524,6116.858133178293,4219.971026251555,4617.387933958282,5147.823545697146
1747,Prov. Nusa Tenggara Barat,Kota Mataram,P,S1,8128,46426.0,10820.936974395523,8827.004744930435,8571.56623259288,8999.044227675597,9385.309262948991,9100.633800158605,8875.625433349853
1748,Prov. Nusa Tenggara Barat,Kota Mataram,P,S2,386,1148.0,267.57497192534487,437.32397162595385,450.4129250265781,467.01579603358783,397.6026922799459,405.0844492331452,419.7081722943409
1749,Prov. Nusa Tenggara Barat,Kota Mataram,P,S3,2,56.0,13.05243765489487,10.460713823511478,11.285911345036359,15.505233669820317,9.456165303466454,6.510317221407487,7.611261245844257
1750,Prov. Nusa Tenggara Timur,Kab. Alor,L,S1,180,1104.0,257.3194851964989,173.82717419774565,148.2952155534016,148.7744077167507,184.50296044118252,200.11779580461905,171.8594099705831
1751,Prov. Nusa Tenggara Timur,Kab. Alor,P,S1,271,1721.0,401.1293786441799,315.89101739376497,271.683208321355,277.8776878355147,331.04723944313514,285.5878240439046,307.88825513317585
1752,Prov. Nusa Tenggara Timur,Kab. Belu,L,S1,2,391.0,91.1339843404267,66.91889254821552,53.52869135349349,57.120138358889996,50.011606200316834,38.73477129548693,38.135173306318
1753,Prov. Nusa Tenggara Timur,Kab. Belu,P,S1,40,667.0,155.4638556395514,120.69941479459523,94.41050105800156,98.74274704894268,115.68433886106445,95.30675625390187,91.96130755678506
1754,Prov. Nusa Tenggara Timur,Kab. Ende,L,Profesi,395,397.0,92.53245980345113,569.0895559785398,515.6457768663623,542.7820865653536,1045.2870609427316,555.8453223497186,464.41237485171854
1755,Prov. Nusa Tenggara Timur,Kab. Ende,L,S1,426,2712.0,632.1109092870516,417.7364511727493,391.2131548306449,393.22576383087574,422.33368851730495,345.03121241774085,351.9353457058883
1756,Prov. Nusa Tenggara Timur,Kab. Ende,L,S2,12,19.0,4.42850563291076,7.14715786179853,7.568588593916847,8.160952754089749,12.536844386179835,4.341416699705477,5.328071108254867
1757,Prov. Nusa Tenggara Timur,Kab. Ende,P,Profesi,993,1000.0,233.0792438374084,1574.816731231357,1412.1191800505383,1479.580127908314,2323.6253135205857,1047.539090749294,1214.2490700682515
1758,Prov. Nusa Tenggara Timur,Kab. Ende,P,S1,830,4289.0,999.6768768186447,794.1437834731379,758.0795465098643,787.9627741143088,830.8098231119868,830.9541922120357,860.5042197154065
1759,Prov. Nusa Tenggara Timur,Kab. Ende,P,S2,4,8.0,1.8646339506992673,2.8757313666975737,2.8853008943882363,2.927353722503913,4.979719695933134,3.3869120957139285,3.755114763305919
1760,Prov. Nusa Tenggara Timur,Kab. Flores Timur,L,S1,63,383.0,89.26935038972742,58.030172816163876,46.90435299312345,46.939317081302626,61.922799074514444,51.82034319076566,57.222262139559625
1761,Prov. Nusa Tenggara Timur,Kab. Flores Timur,P,S1,121,539.0,125.62971242836313,90.89931050849422,73.00672110051944,73.10885990453619,99.20277407492634,95.58741004981309,100.28156283691747
1762,Prov. Nusa Tenggara Timur,Kab. Kupang,L,D3,141,530.0,123.53199923382645,117.39515825564371,97.57806965962163,99.5550486068862,116.94742412292078,130.76185485912333,135.9423250146966
1763,Prov. Nusa Tenggara Timur,Kab. Kupang,L,Profesi,31,60.0,13.984754630244504,82.98799256076154,65.1871018994843,69.76452317139325,76.25672978387685,52.52154740366746,51.169826273124905
1764,Prov. Nusa Tenggara Timur,Kab. Kupang,L,S1,84,1211.0,282.2589642871016,162.22769104871824,127.15001471119251,124.16760564693695,135.5090819842861,131.45332189550587,114.27670148769528
1765,Prov. Nusa Tenggara Timur,Kab. Kupang,P,D3,123,772.0,179.9371762424793,201.97206586360096,166.6048249295894,169.89525023236058,187.35281745954458,168.26265933871218,203.74574353252038
1766,Prov. Nusa Tenggara Timur,Kab. Kupang,P,Profesi,66,92.0,21.443290433041575,138.14863021639252,106.99340101234156,113.4350072411091,111.42964871835642,82.63071774883143,86.8732480365094
1767,Prov. Nusa Tenggara Timur,Kab. Kupang,P,S1,183,1881.0,438.4220576581652,300.57545558923226,239.27351557027683,240.52046013939437,278.9026619147582,266.2507697275436,271.64758922615863
1768,Prov. Nusa Tenggara Timur,Kab. Malaka,L,S1,12,139.0,32.39801489339977,22.1230945391887,17.65090817225909,17.783973686734402,21.668375859788316,31.644801555001614,20.70725338039047
1769,Prov. Nusa Tenggara Timur,Kab. Malaka,P,S1,27,355.0,82.74313156227998,65.23373969330447,52.34514696647712,53.602653332288405,63.951980756227115,59.42066347568402,63.362845956671876
1770,Prov. Nusa Tenggara Timur,Kab. Manggarai,L,Profesi,506,513.0,119.56965208859052,736.9338166062157,645.5710651417047,672.5417016128858,781.1559112762111,657.6696137784201,536.7198729492858
1771,Prov. Nusa Tenggara Timur,Kab. Manggarai,L,S1,393,2721.0,634.2086224815882,444.67627847994856,409.23477419692244,415.7745238931257,447.1086574560855,331.4139629051775,313.58069735185603
1772,Prov. Nusa Tenggara Timur,Kab. Manggarai,P,D3,134,401.0,93.46477677880077,123.1578144144612,116.28139531146088,119.4029378574432,119.45811037742061,107.89318844264797,122.73974120841896
1773,Prov. Nusa Tenggara Timur,Kab. Manggarai,P,Profesi,1556,1564.0,364.5359373617068,2481.307344335186,2154.6785764188003,2239.1120668499507,2123.618976946538,1767.1143462577588,1837.6430376142362
1774,Prov. Nusa Tenggara Timur,Kab. Manggarai,P,S1,889,5007.0,1167.027773893904,955.0698069872017,886.38172477764,918.4993008631259,980.2583620474102,972.342169396366,950.9325847435487
1775,Prov. Nusa Tenggara Timur,Kab. Manggarai Barat,L,D3,17,88.0,20.51097345769194,18.281539042261542,13.632314387816875,13.173589883925336,18.421643062527956,13.494186125097833,16.540757597325598
1776,Prov. Nusa Tenggara Timur,Kab. Manggarai Barat,L,D4,33,157.0,36.59344128247312,24.516945811587394,19.637922412806414,21.446650167427546,22.711018074890433,18.74981695829084,16.2185070048282
1777,Prov. Nusa Tenggara Timur,Kab. Manggarai Barat,P,D3,29,94.0,21.90944892071639,23.39408113849701,17.93550587115718,18.119645070539814,24.046006536243812,17.401617982292215,16.830806783229615
1778,Prov. Nusa Tenggara Timur,Kab. Manggarai Barat,P,D4,55,294.0,68.52529768819808,53.865696487288986,43.31949298947913,47.985334517779805,47.06676883017107,28.181096922724567,28.916619653866025
1779,Prov. Nusa Tenggara Timur,Kab. Nagakeo,L,D3,57,181.0,42.187343134570924,44.29593676997881,34.77690212648625,35.10776774851838,41.79224220148162,23.2998897400274,25.77798581414369
1780,Prov. Nusa Tenggara Timur,Kab. Nagakeo,L,S1,19,92.0,21.443290433041575,13.315415473015044,10.107889915659205,10.080640405031767,13.41508849215861,14.234130785250013,15.507897540819991
1781,Prov. Nusa Tenggara Timur,Kab. Nagakeo,P,D3,69,185.0,43.11966010992056,54.35093472503072,43.413878444189,45.21388629788509,56.69195703159165,39.144962551075515,41.519662421890274
1782,Prov. Nusa Tenggara Timur,Kab. Nagakeo,P,S1,17,83.0,19.345577238504898,14.612262159507965,11.331947406289176,11.721197380797463,15.18836504117669,15.421454089810686,14.838508698447484
1783,Prov. Nusa Tenggara Timur,Kab. Ngada,L,S1,53,834.0,194.38808936039862,144.3234807968056,134.43115963487668,140.47282174329683,170.70333945280214,145.42170970145705,126.21840824606748
1784,Prov. Nusa Tenggara Timur,Kab. Ngada,P,S1,189,1586.0,369.66368072612977,294.05040694656697,270.37356775934825,280.2747532354758,332.8163555127638,254.55930761519653,279.91774574730965
1785,Prov. Nusa Tenggara Timur,Kab. Rote-Ndao,L,S1,46,1256.0,292.747530259785,95.43341686854977,57.58558508976232,43.70589935620705,106.98143470756767,124.78313294530277,110.68304569928104
1786,Prov. Nusa Tenggara Timur,Kab. Rote-Ndao,P,S1,68,949.0,221.19220240170057,89.10302653836371,55.19804125594936,43.72710312946125,82.58132436109406,76.9652645673202,97.35402510050642
1787,Prov. Nusa Tenggara Timur,Kab. Sikka,L,D3,36,251.0,58.50289020318951,67.04400414014124,60.52611758293804,63.990611252575505,63.75903425716701,63.59633986679248,63.43108702396727
1788,Prov. Nusa Tenggara Timur,Kab. Sikka,L,Profesi,3,6.0,1.3984754630244505,4.9071009944046295,3.4605211846165087,2.998187734012404,4.688581247135939,3.0272997330866906,3.3045989714101816
1789,Prov. Nusa Tenggara Timur,Kab. Sikka,L,S1,559,4210.0,981.2636165554894,645.3508751293517,558.4272993761006,576.6997512697827,641.0489227162764,595.6307297267105,577.2844657427321
1790,Prov. Nusa Tenggara Timur,Kab. Sikka,L,S2,60,174.0,40.55578842770906,58.22395304040931,55.12581937734814,58.52617131805838,56.60276717105148,50.39388470369568,54.588596307752745
1791,Prov. Nusa Tenggara Timur,Kab. Sikka,P,D3,83,806.0,187.86187053295117,238.7819499849809,213.96739060747373,226.0396582420546,244.5806750435373,202.64223983266302,237.41765684387872
1792,Prov. Nusa Tenggara Timur,Kab. Sikka,P,Profesi,35,40.0,9.323169753496337,59.216520511849104,48.29959143493694,50.951279101707016,64.80043472786835,20.11632466188488,15.579778390171965
1793,Prov. Nusa Tenggara Timur,Kab. Sikka,P,S1,785,4924.0,1147.682196655399,886.3782655881945,775.1365205810475,818.7189705995304,840.0035129484808,816.467651195335,832.571053176125
1794,Prov. Nusa Tenggara Timur,Kab. Sumba Barat Daya,L,S1,84,2145.0,499.95497803124107,300.48629378023674,234.47379685929675,231.66775701610777,230.29522025040012,246.5290961749478,225.68220005729515
1795,Prov. Nusa Tenggara Timur,Kab. Sumba Barat Daya,P,D3,1,208.0,48.48048271818095,65.81415124099117,55.871358812986045,60.185712298505514,48.47308209931987,36.60505668043378,28.939006892756858
1796,Prov. Nusa Tenggara Timur,Kab. Sumba Barat Daya,P,S1,209,2628.0,612.5322528047093,430.0140545735234,338.4810865451602,341.2237705880136,366.8724310594101,341.8502594849998,394.6287674558808
1797,Prov. Nusa Tenggara Timur,Kab. Sumba Timur,L,S1,325,2019.0,470.5869933077276,331.79100480230875,292.6629978934865,303.01167515950897,308.03608808705246,331.7268800955347,281.39411407352884
1798,Prov. Nusa Tenggara Timur,Kab. Sumba Timur,P,S1,565,2668.0,621.8554225582056,501.73238613381926,443.58254161321906,464.7328765590193,495.5832151655932,443.2465979806556,442.8121420586638
1799,Prov. Nusa Tenggara Timur,Kab. Timor Tengah Selatan,L,S1,28,336.0,78.31462592936923,52.49737554492189,44.03470738401869,44.23584017616537,55.636764062584255,41.44336873801443,43.08344674473338
1800,Prov. Nusa Tenggara Timur,Kab. Timor Tengah Selatan,P,S1,104,969.0,225.85378727844875,164.80203987554063,136.99275643619401,137.21745207321905,176.09444600148552,182.45547358698875,163.12054795189584
1801,Prov. Nusa Tenggara Timur,Kab. Timor Tengah Utara,L,D3,3,36.0,8.390852778146703,8.913597412116504,8.299463252032336,8.297913984560871,6.936576759937772,12.719093376094127,13.174896797750591
1802,Prov. Nusa Tenggara Timur,Kab. Timor Tengah Utara,L,S1,427,3724.0,867.987104050509,592.2574647289299,547.6364922099268,559.9050868186428,580.3612618003764,543.8822648565592,575.2949370333782
1803,Prov. Nusa Tenggara Timur,Kab. Timor Tengah Utara,P,D3,48,369.0,86.00624097600371,114.09442703283123,109.42256572641138,114.67567938875966,91.99548788154725,119.13278534279213,124.7504418204688
1804,Prov. Nusa Tenggara Timur,Kab. Timor Tengah Utara,P,S1,1084,7367.0,1717.0947893501877,1384.0257830462206,1294.8890121749168,1356.1400527966598,1408.5236247994987,1213.7128127392562,1294.0652827339811
1805,Prov. Nusa Tenggara Timur,Kota Kupang,L,D3,812,4673.0,1089.1793064522094,1203.72901365974,1212.5319172287775,1280.3365762580681,1200.8017048520396,960.4218064073425,1119.565929868513
1806,Prov. Nusa Tenggara Timur,Kota Kupang,L,D4,624,4272.0,995.7145296734087,751.4525411418947,790.1818269971362,908.7291400951867,826.1940141346236,776.6878054726554,748.4862240197518
1807,Prov. Nusa Tenggara Timur,Kota Kupang,L,Profesi,3611,3883.0,905.0467038206568,4384.967843297336,3832.6940206740264,3799.5229554482444,4086.855289903005,3968.2152369221594,3965.6415633517977
1808,Prov. Nusa Tenggara Timur,Kota Kupang,L,S1,4101,36070.0,8407.168325215322,4824.911938320026,4494.589156797806,4426.725958200235,4822.087986253279,4825.123445448431,4743.800944819548
1809,Prov. Nusa Tenggara Timur,Kota Kupang,L,S2,125,628.0,146.3737651298925,138.37766844348792,128.86519815608824,116.11610137708664,110.21482398374958,118.15304216399748,142.0972383023159
1810,Prov. Nusa Tenggara Timur,Kota Kupang,L,S2 Terapan,6,9.0,2.097713194536676,3.3365065270261343,3.1577331748846897,2.86154571595314,3.6101732495767918,3.9300702321128043,2.862280797517168
1811,Prov. Nusa Tenggara Timur,Kota Kupang,L,S3,5,111.0,25.871796065952335,11.152922998175773,10.635903109157793,12.331658242932114,16.23887194269673,18.214937403485692,14.446734262090898
1812,Prov. Nusa Tenggara Timur,Kota Kupang,P,D3,1364,6158.0,1435.301983550761,1597.250577913648,1544.8314304209407,1561.6151839164065,1781.6675441345906,1364.8977568427808,1448.3053127857834
1813,Prov. Nusa Tenggara Timur,Kota Kupang,P,D4,791,4866.0,1134.1636005128294,937.1666056418607,977.2143471262617,1121.4796902820892,1121.9196444402357,973.1062297128219,933.4909702971358
1814,Prov. Nusa Tenggara Timur,Kota Kupang,P,Profesi,7703,8061.0,1878.8517845733493,9743.490525951434,8359.694599158744,8162.887443430952,9140.358974143986,6372.9764188676145,7149.150648006091
1815,Prov. Nusa Tenggara Timur,Kota Kupang,P,S1,7084,48514.0,11307.606435528032,7777.218050487427,7374.236260761273,7496.967170812808,8560.01670393469,8103.133085208104,7979.609015522966
1816,Prov. Nusa Tenggara Timur,Kota Kupang,P,S2,128,566.0,131.92285201197316,152.23799418982105,144.99433312236607,135.69506780853933,159.2827258091389,158.61442116799566,171.6085489077098
1817,Prov. Nusa Tenggara Timur,Kota Kupang,P,S2 Terapan,5,6.0,1.3984754630244505,2.763121924480242,2.689146818372271,2.548954239181176,2.305520038708612,2.9802971800218647,2.7771630513574865
1818,Prov. Nusa Tenggara Timur,Kota Kupang,P,S3,4,29.0,6.759298071284844,4.165980598972397,4.268713567451436,5.47898615753446,5.19202877515794,6.168073428747912,6.583203394896648
1819,Prov. Papua,Kab. Biak Numfor,L,D3,22,280.0,64.08723367440264,54.84263409941555,42.1653143480019,38.97920317615855,55.892658581595036,43.066425545428714,44.84663765790265
1820,Prov. Papua,Kab. Biak Numfor,L,S1,145,1191.0,272.5996260936198,152.25331538368536,126.26962035093155,118.47951994892775,157.8091832235276,140.17988137451667,130.2009384680109
1821,Prov. Papua,Kab. Biak Numfor,L,S2,18,72.0,16.479574373417822,17.177889344310234,14.502808169986247,13.287578820312808,19.27981838232899,17.158690654982205,19.412589692100063
1822,Prov. Papua,Kab. Biak Numfor,P,D3,21,242.0,55.389680532876575,51.06518965447756,38.462022200461966,35.36697221292756,56.38652110389874,36.42183406098998,37.75585575782803
1823,Prov. Papua,Kab. Biak Numfor,P,S1,209,1402.0,320.8939343268304,224.8147916147625,195.54906371627646,192.52163962750348,214.7815706079086,210.71435900692288,224.1335600348134
1824,Prov. Papua,Kab. Biak Numfor,P,S2,4,21.0,4.806542525580198,7.026303898261744,6.540839501489798,6.539008312960265,8.080925984919807,3.9620199820348962,4.537082491698927
1825,Prov. Papua,Kab. Jayapura,L,S1,243,3938.0,901.3411650349915,434.36346699946483,344.9812284151199,317.4531033120807,445.3448047298196,520.0714051901091,521.8935518031266
1826,Prov. Papua,Kab. Jayapura,L,S2,32,114.0,26.09265942457822,25.829556148630463,21.801541814541327,20.26004682431543,28.717100317297064,22.29579985073241,23.705156807481167
1827,Prov. Papua,Kab. Jayapura,P,S1,279,3562.0,815.2811655293651,488.52441714424214,405.3404964468979,390.1640326688067,511.06872646779385,552.2555922130366,557.4147219574991
1828,Prov. Papua,Kab. Jayapura,P,S2,19,46.0,10.52861696079472,14.19499427661602,13.038645825752871,13.086121467271596,18.498427715279824,17.086258174494002,16.184329282296954
1829,Prov. Papua,Kab. Jayawijaya,L,S1,321,4438.0,1015.782653739282,512.3157024079762,386.2537965601763,362.18938556937695,468.65131528344784,565.8943350959228,551.1191586722164
1830,Prov. Papua,Kab. Jayawijaya,L,S2,36,122.0,27.92372324384687,44.194989633781866,42.82123538963369,47.05270504641931,28.74515749668183,27.126053670083053,37.376043896546626
1831,Prov. Papua,Kab. Jayawijaya,P,S1,397,3069.0,702.4418576669348,490.4598621471919,405.36412855291536,412.87860773849405,451.6344215040209,448.45034733032776,449.66191851242036
1832,Prov. Papua,Kab. Jayawijaya,P,S2,11,59.0,13.504095667106272,23.38505228585103,22.35165889036532,24.563110099492878,17.27829899226289,19.34966906112828,22.400978205311503
1833,Prov. Papua,Kab. Merauke,L,D3,37,380.0,86.97553141526073,65.5043958761331,51.32079902182232,45.453355706451966,53.03848084063897,59.941570388456704,89.92277706182509
1834,Prov. Papua,Kab. Merauke,L,Profesi,1462,1253.0,286.79037069295185,1573.356060899545,1159.472785549115,1401.302533198399,1696.410291445828,1427.8764839143382,1506.593440661108
1835,Prov. Papua,Kab. Merauke,L,S1,454,9891.0,2263.8815295482736,1054.920319037964,869.424857855342,769.0513473621251,893.923040185111,1175.5903312295004,1215.1421821998406
1836,Prov. Papua,Kab. Merauke,L,S2,21,65.0,14.877393531557757,19.113833411486638,19.125264810830416,18.89455250649366,19.21984138679976,16.83636194985633,13.435279777783379
1837,Prov. Papua,Kab. Merauke,P,D3,95,642.0,146.94287149630892,119.5249245269023,91.84153627588124,80.9806895459657,96.7193996206814,138.1285620913352,155.78931227369202
1838,Prov. Papua,Kab. Merauke,P,Profesi,2960,2604.0,596.0112731719446,3587.9630208758094,2608.1969380120136,3165.410311744243,3353.588854861035,2361.49358071468,3078.3299547385723
1839,Prov. Papua,Kab. Merauke,P,S1,502,8173.0,1870.6605743603316,1066.1288724862904,911.0352810487177,838.3640635013467,944.5683168377194,1065.9906209963308,1249.3993858508545
1840,Prov. Papua,Kab. Merauke,P,S2,16,37.0,8.468670164117492,13.005432983293616,13.356609578486314,13.613108151734579,12.881526209682821,9.553719474799063,6.730803435886211
1841,Prov. Papua,Kab. Mimika,L,D3,50,142.0,32.50138279201848,32.52706595587653,26.56104473676779,26.664391854871543,33.83009953085329,28.778791178826697,35.36578465147214
1842,Prov. Papua,Kab. Mimika,L,S1,93,811.0,185.62409467835909,93.60023596056574,73.41274034381863,68.30845027238759,85.62321606517936,125.91386524145952,150.6964665039673
1843,Prov. Papua,Kab. Mimika,P,D3,27,157.0,35.9346274531472,38.05534077933344,30.19901804676723,29.96631069553267,37.80053472719903,31.439499405818385,39.732800710467295
1844,Prov. Papua,Kab. Mimika,P,S1,147,1061.0,242.84483903050432,151.16313257667434,123.45926860165879,119.85814739388012,129.82673382142266,129.366942391544,110.21926309129023
1845,Prov. Papua,Kab. Nabire,L,S1,327,2893.0,662.1584536430245,506.39689240652484,467.412545022232,511.49215720066655,444.9097929018589,373.473457561081,415.60737124955
1846,Prov. Papua,Kab. Nabire,P,S1,206,1995.0,456.62153993011884,382.5860822282655,348.414179935385,381.8531791055971,342.1008842334406,311.59076979978045,339.9593513962663
1847,Prov. Papua,Kab. Yapen Waropen,L,S1,15,518.0,118.5613822976449,57.65180636632035,46.56103870086151,39.4693542639177,56.827361733155925,52.16370725303375,44.0333030599637
1848,Prov. Papua,Kab. Yapen Waropen,P,S1,38,917.0,209.88569028366868,133.00758745333334,114.41033372636169,103.54504032191083,128.4155089245126,121.5153897157812,97.23696335604832
1849,Prov. Papua,Kota Jayapura,L,D3,272,3156.0,722.3546767014813,467.7392043786046,334.10352737110577,281.57640704511243,401.6282474696752,653.6270297362202,740.1209743242935
1850,Prov. Papua,Kota Jayapura,L,D4,13,273.0,62.48505283254258,26.691815132157405,19.327558017046897,17.346414579450368,37.869454067127485,39.08677581117393,35.36258060860117
1851,Prov. Papua,Kota Jayapura,L,Profesi,399,1008.0,230.71404122784952,1300.1667648405385,1051.9515959166463,1014.4061969996642,992.515896093245,1224.5714706366703,1389.376596533499
1852,Prov. Papua,Kota Jayapura,L,S1,1834,31667.0,7248.03724559753,3369.0843167806643,2703.3264424073304,2402.5570442080234,2470.80112041612,3704.766829832584,4312.161498939165
1853,Prov. Papua,Kota Jayapura,L,S2,337,2184.0,499.8804226603406,459.58193813422963,386.1782857868111,340.303396563282,450.74515817370946,590.6609753438477,632.6318588860338
1854,Prov. Papua,Kota Jayapura,L,S3,23,179.0,40.97005295613598,16.216939184094283,13.756656905226645,15.5443806644621,14.04690484603282,16.580183457121947,21.270470027189052
1855,Prov. Papua,Kota Jayapura,P,D3,804,5140.0,1176.4585038801058,1080.1206930509054,854.8555238473081,789.2504826594105,1132.7040106661511,942.7526902353352,1132.9206388715893
1856,Prov. Papua,Kota Jayapura,P,D4,86,770.0,176.23989260460726,94.52976698380448,71.82303478824402,67.65976919054077,175.5639373574763,134.65563062038845,105.07079021696154
1857,Prov. Papua,Kota Jayapura,P,Profesi,751,1793.0,410.3871784935855,2387.825140677278,1856.9016367165773,1754.7361480680545,1906.3974607130012,2198.497813357256,2327.4520022987213
1858,Prov. Papua,Kota Jayapura,P,S1,2268,25708.0,5884.123583219797,3294.157340405267,2721.18318937408,2503.628967062459,2610.6655841673673,3369.977367471662,3906.8349420083396
1859,Prov. Papua,Kota Jayapura,P,S2,339,1414.0,323.64053005573334,350.77036438118535,300.6474791907325,271.99003004317717,378.4735255671105,329.4948458752809,427.7769394347462
1860,Prov. Papua,Kota Jayapura,P,S3,9,65.0,14.877393531557757,7.093158979864151,6.197050844628458,7.243416149680422,13.33259986810347,10.07674197909476,9.560376778214684
1861,Prov. Papua Barat,Kab. Fak-Fak,L,D3,149,543.0,124.28345673285942,120.53736849697783,92.39508557790307,91.21460895048087,100.62012761386887,111.38265621723401,122.43874664503603
1862,Prov. Papua Barat,Kab. Fak-Fak,L,D4,15,71.0,16.25069139600924,12.004604904053997,9.947973994355221,11.002568377840776,12.811542827781855,9.879559287894978,8.504373748629499
1863,Prov. Papua Barat,Kab. Fak-Fak,L,S1,72,1109.0,253.8312219461162,109.76552504462418,76.50358610101566,67.06260636657343,82.64134548108738,89.36142571483406,92.68636943782984
1864,Prov. Papua Barat,Kab. Fak-Fak,P,D3,188,576.0,131.83659498734258,133.82786986146866,99.2013130017857,96.43109769350349,122.63509904299818,120.31203033685489,170.91788543935854
1865,Prov. Papua Barat,Kab. Fak-Fak,P,D4,14,57.0,13.04632971228911,9.40791912247263,7.307163906873674,7.765451677613787,10.665875271640552,13.545109556869852,9.974402242726077
1866,Prov. Papua Barat,Kab. Fak-Fak,P,S1,177,1776.0,406.49616787763966,234.92180041284485,176.67715230042123,166.1572450481366,185.60998528932237,257.20334482960874,241.6943072430201
1867,Prov. Papua Barat,Kab. Manokwari,L,D3,34,832.0,190.43063720393928,135.03005699876735,89.57958686187807,74.59391854663546,133.67746026914722,126.15698859762529,120.48874091829151
1868,Prov. Papua Barat,Kab. Manokwari,L,D4,50,242.0,55.389680532876575,45.63562878975154,38.518008009711004,44.23987963601003,59.337300563889684,59.16989244517261,47.68175508541694
1869,Prov. Papua Barat,Kab. Manokwari,L,Profesi,2,425.0,97.27526539864688,255.75018560602933,131.06806429634523,92.58641373144732,365.1021839410068,344.2430612052145,409.58020503569884
1870,Prov. Papua Barat,Kab. Manokwari,L,S1,372,8075.0,1848.2300425742906,1012.0184138550267,780.9386158496457,700.1905946962902,1022.9503895577071,945.3351763499646,844.7019573016065
1871,Prov. Papua Barat,Kab. Manokwari,L,S2,74,223.0,51.04090396211354,57.32167787745602,46.97606710097942,42.511972940419675,64.82178015120472,60.2624910801292,63.35842533984243
1872,Prov. Papua Barat,Kab. Manokwari,L,S3,8,47.0,10.757499938203301,5.8432189250171405,5.093192530065744,6.15664771351386,8.831422392397311,5.808675486798014,5.731429929509187
1873,Prov. Papua Barat,Kab. Manokwari,P,D3,43,476.0,108.9482972464845,96.1887448723497,66.7054626514283,58.1310107598335,148.57380131495304,85.53577308887915,106.98104829828038
1874,Prov. Papua Barat,Kab. Manokwari,P,D4,38,243.0,55.618563510285156,51.64567009252888,43.691898338667635,50.410577369706694,62.962913465778,61.90123118966731,62.146865615066595
1875,Prov. Papua Barat,Kab. Manokwari,P,Profesi,12,1174.0,268.70861547767396,760.8093081347375,381.9014102880766,268.30613787464534,1028.8515568138369,1819.810130460906,1514.7115948002938
1876,Prov. Papua Barat,Kab. Manokwari,P,S1,580,8301.0,1899.95759546863,1249.9785686981736,992.3073556756608,919.5236238732214,1278.2458696614124,1020.8813874991614,1196.0743328470955
1877,Prov. Papua Barat,Kab. Manokwari,P,S2,80,199.0,45.5477125043076,64.48377120203162,55.548991605324545,52.83830128742838,82.13912806694424,71.20588359063443,72.32175217138928
1878,Prov. Papua Barat,Kab. Manokwari,P,S3,1,15.0,3.4332446611287133,1.6099373819070848,1.2447578024197152,1.384733818038705,3.1576182537421027,2.9679815617737075,2.252274206089161
1879,Prov. Papua Barat,Kab. Sorong,L,Profesi,244,246.0,56.30521244251089,414.62309183215126,316.99158983518447,327.9234187566571,271.25176310568384,466.6604134474781,351.7629156678489
1880,Prov. Papua Barat,Kab. Sorong,L,S1,156,2541.0,581.591645595204,281.94833230633435,193.48076295749817,169.90873862157085,316.04443361859956,280.3470346988042,222.75623542570267
1881,Prov. Papua Barat,Kab. Sorong,P,Profesi,413,420.0,96.13085051160397,773.2342808938299,582.7246626247012,602.5320616313866,523.2074579472632,661.6343252519814,639.3359887094847
1882,Prov. Papua Barat,Kab. Sorong,P,S1,402,4879.0,1116.720046776466,657.0033766630787,465.6833803947911,424.60148369610545,601.7557910951086,702.0902148316073,667.3133116391962
1883,Prov. Papua Barat,Kota Sorong,L,D3,200,740.0,169.37340328234984,199.17547608619066,192.46587514172026,201.67747587414803,172.06406206920687,172.8474864164725,164.91293676044089
1884,Prov. Papua Barat,Kota Sorong,L,D4,80,968.0,221.5587221315063,114.40296748009835,93.35702369458697,90.33014502726688,129.79186075432384,167.5146980021474,147.98768692515202
1885,Prov. Papua Barat,Kota Sorong,L,Profesi,10,20.0,4.577659548171617,12.112198557554295,7.227128674707148,5.391174427544683,11.54436203047366,12.069632055855525,12.87540503414247
1886,Prov. Papua Barat,Kota Sorong,L,S1,470,7312.0,1673.5923308115434,823.427831881737,702.9717510100904,639.9775568673346,733.4357202004692,923.1148813658959,922.4837935644539
1887,Prov. Papua Barat,Kota Sorong,L,S2,36,172.0,39.36787211427591,47.59061092759981,46.79944446141742,45.79268759125418,55.86282138222802,54.13907582521185,49.72989410891438
1888,Prov. Papua Barat,Kota Sorong,P,D3,345,1283.0,293.65686001520925,394.28880841090387,383.1053106539583,407.53710110988766,355.9359580878648,308.5409506491661,326.25068558634604
1889,Prov. Papua Barat,Kota Sorong,P,D4,135,816.0,186.76850956540198,140.9317825966431,129.1471957140916,138.39185730322748,123.58666822011156,153.05233143956835,123.86941177529967
1890,Prov. Papua Barat,Kota Sorong,P,Profesi,38,69.0,15.79292544119208,60.96606447008218,40.82792152416118,33.69676001737962,39.38813619423004,46.344529411590194,54.21389375142292
1891,Prov. Papua Barat,Kota Sorong,P,S1,799,8454.0,1934.9766910121427,1199.3020186932706,1075.863740974796,1029.311218203028,927.0696339396321,1084.59157692856,1248.6539235776363
1892,Prov. Papua Barat,Kota Sorong,P,S2,14,87.0,19.912819034546537,28.335681390107418,28.40371507272934,28.51821713236532,28.931153525034777,20.5516570009396,23.148854288981173
1893,Prov. Riau,Kab. Bengkalis,L,D2,12,24.0,5.5709734346421635,11.472682666648067,9.276850005218575,8.33587663290163,7.361745600057313,9.612009481421532,11.56866284428758
1894,Prov. Riau,Kab. Bengkalis,L,D3,230,832.0,193.12707906759502,231.78249304248683,206.23598558068701,214.11777131934673,201.87128097600893,132.36531273557787,142.7922597222627
1895,Prov. Riau,Kab. Bengkalis,L,D4,288,1495.0,347.0252201995848,273.6941571759217,260.71494161863535,288.916710173927,203.49696510711846,293.41173236591897,286.05645871761027
1896,Prov. Riau,Kab. Bengkalis,L,S1,84,2079.0,482.58557377587744,291.4239727911677,248.90526104873436,239.69212456839657,253.0399213335844,241.8364868717773,237.11352540852695
1897,Prov. Riau,Kab. Bengkalis,P,D2,2,3.0,0.6963716793302704,1.6276106486895825,1.3332798440886569,1.218523386106912,1.387296086457473,1.9079725706617403,1.5511644535577842
1898,Prov. Riau,Kab. Bengkalis,P,D3,101,333.0,77.29725640566002,102.02661857456047,91.26950047544719,95.35486686731093,97.91375911949146,71.58259459335659,86.67110486139393
1899,Prov. Riau,Kab. Bengkalis,P,D4,321,1443.0,334.9547777578601,304.1239240180804,294.06586105834424,332.5055864694554,256.1313808636362,296.5049207573086,296.1565435904689
1900,Prov. Riau,Kab. Bengkalis,P,S1,86,2832.0,657.3748652877754,515.4837953977308,460.54184661356334,471.8542912053164,566.4194546838792,466.51148799374727,460.7155871549915
1901,Prov. Riau,Kab. Indragiri Hilir,L,S1,341,2586.0,600.2723875826931,369.183205369879,307.8455595693675,303.0932392857137,398.20033967259764,319.5137518241978,300.5800117334535
1902,Prov. Riau,Kab. Indragiri Hilir,L,S2,2,54.0,12.534690227944868,17.71006654782341,16.27706330276823,16.66716970910443,18.185833344941848,17.021841660136193,17.502356652112088
1903,Prov. Riau,Kab. Indragiri Hilir,P,D3,50,121.0,28.08699106632091,38.16146051890916,33.29265168466834,35.54561437529721,41.9888472010225,40.670503273024174,38.12769312401176
1904,Prov. Riau,Kab. Indragiri Hilir,P,S1,523,2810.0,652.2681396393533,493.0067660097084,424.8189081699606,437.3380498771557,617.1538252773685,438.32919147695446,438.6468200685677
1905,Prov. Riau,Kab. Indragiri Hulu,L,S1,232,1397.0,324.277078674796,189.95079443804428,158.09906828813416,154.62007447572682,168.62880692396112,174.91034486933762,167.00339119942555
1906,Prov. Riau,Kab. Indragiri Hulu,P,D3,27,106.0,24.60513266966956,32.247663597815,28.226450656957713,30.134436825494383,33.5519971829101,36.032243517388636,36.4688641565289
1907,Prov. Riau,Kab. Indragiri Hulu,P,Profesi,8,9.0,2.0891150379908114,15.29693222849571,12.41493311803045,13.219708731195656,9.015317671253387,6.191759665764097,5.901375327428434
1908,Prov. Riau,Kab. Indragiri Hulu,P,S1,428,2104.0,488.3886711036297,357.7836812026726,308.7248694282322,317.2259644337628,354.43764831605347,337.67205179896473,351.9434488219634
1909,Prov. Riau,Kab. Kampar,L,D2,20,36.0,8.356460151963246,17.86045205699246,14.32421221700495,13.132196750241741,20.920356903353277,15.220547045949381,17.370288796518214
1910,Prov. Riau,Kab. Kampar,L,D3,94,420.0,97.49203510623786,123.00331623547561,108.7088447606928,115.43792990557796,114.63222217850473,96.42353498270009,93.00957842086706
1911,Prov. Riau,Kab. Kampar,L,Profesi,210,120.0,27.85486717321082,141.9730444960637,107.70597259419205,102.35262319492345,64.60350774073176,86.86363124456264,78.23574089089058
1912,Prov. Riau,Kab. Kampar,L,S1,240,1699.0,394.3784943940432,271.3995585277331,235.0826775964534,238.30762872313207,296.44314054565126,291.87170284696566,250.46104053997428
1913,Prov. Riau,Kab. Kampar,L,S2,67,128.0,29.71185831809154,37.27065641982858,33.749499530294415,33.010590042530424,42.20279165617185,35.49304610593731,37.87085378266945
1914,Prov. Riau,Kab. Kampar,P,D2,8,22.0,5.106725648421984,11.7601777715133,9.437511542743362,8.648402655514245,12.735713389475274,10.59804514246578,11.15898990054145
1915,Prov. Riau,Kab. Kampar,P,D3,59,297.0,68.94079625369677,93.62011996540467,82.7702142615267,87.82476054734893,99.52899749059488,71.20089002478267,69.3627411247048
1916,Prov. Riau,Kab. Kampar,P,D4,2,44.0,10.213451296843967,8.397888933945334,7.780011358882164,8.55457975316188,10.048088321090924,8.092975979764882,9.039738742463982
1917,Prov. Riau,Kab. Kampar,P,Profesi,1297,889.0,206.35814097487014,1398.0857510991466,1115.6525697730988,1136.8525246251272,525.3593719671691,860.9517026527409,895.2556119408017
1918,Prov. Riau,Kab. Kampar,P,S1,611,2831.0,657.1427413946652,550.5653280150685,491.2534022277766,518.5349909948825,641.0937497912781,491.09688396852175,483.8293469433917
1919,Prov. Riau,Kab. Kampar,P,S2,160,217.0,50.37088480488956,75.4410019218791,70.04544488115799,70.87461083381427,80.47718353134994,69.77476637918178,68.57992830678815
1920,Prov. Riau,Kab. Kepulauan Meranti,L,D3,4,21.0,4.874601755311893,5.417049589079465,4.255554995043291,4.449824353939437,3.772461430150493,7.480660047529377,7.47598539023352
1921,Prov. Riau,Kab. Kepulauan Meranti,L,S1,55,585.0,135.79247746940274,73.6392945096181,55.21637461504492,53.103288202844176,79.33144112406967,53.67706931315097,44.342712871202984
1922,Prov. Riau,Kab. Kepulauan Meranti,P,D3,17,31.0,7.195840686412795,10.296839951612432,8.44449825881081,9.368242696008581,9.802421217233787,9.358961290698891,14.523688333726318
1923,Prov. Riau,Kab. Kepulauan Meranti,P,S1,135,756.0,175.48566319122816,126.61521342869911,99.88523174169211,103.03992701290834,118.96174618929639,106.81134642193967,107.06645682305006
1924,Prov. Riau,Kab. Kuantan Singingi,L,S1,119,1400.0,324.9734503541262,207.6047166700196,173.60569498863887,167.9720308263821,201.83817324470732,180.96093946818033,170.41284108898955
1925,Prov. Riau,Kab. Kuantan Singingi,P,S1,155,1294.0,300.36831768445666,232.84705958586434,200.42114227970333,201.69485116607763,224.32140699353369,233.87943243408807,249.3564740364209
1926,Prov. Riau,Kab. Pelalawan,L,S1,25,426.0,98.8847784648984,69.60869893937605,55.53585141348443,58.28013893758574,52.57827320420977,34.50595893139322,22.054499456235877
1927,Prov. Riau,Kab. Pelalawan,P,S1,19,371.0,86.11796434384345,69.52008982577541,56.32842269642048,60.331471267836946,51.762812174012815,44.84129258688931,46.712889363753945
1928,Prov. Riau,Kab. Rokan Hilir,L,S1,99,948.0,220.05345066836546,152.76578547243903,130.29461571314678,135.84692938916206,168.70664000388808,130.44094257115393,120.35804380780012
1929,Prov. Riau,Kab. Rokan Hilir,P,S1,233,1690.0,392.2893793560524,301.07451361656433,258.5213191880082,271.74825040049893,311.0780005191818,268.09476456369885,243.96189263580771
1930,Prov. Riau,Kab. Rokan Hulu,L,D3,1,1.0,0.23212389311009016,0.32164215424188586,0.29337626378119724,0.3231877310329243,0.38693439911797,1.782141839407043,1.5642136830861308
1931,Prov. Riau,Kab. Rokan Hulu,L,S1,771,3782.0,877.892563742361,721.9852778832678,658.5223189232912,712.3668290462567,722.7202164481145,667.239972923524,535.758527537595
1932,Prov. Riau,Kab. Rokan Hulu,P,D3,18,72.0,16.71292030392649,24.95207794706798,22.773198887935592,25.07642966818338,27.860125152084937,27.1396751878946,28.27944111146394
1933,Prov. Riau,Kab. Rokan Hulu,P,Profesi,45,57.0,13.231061907275139,90.94907875744438,73.50401550524475,75.66979894738306,46.689823955666306,39.715962415355705,37.25040429355703
1934,Prov. Riau,Kab. Rokan Hulu,P,S1,1286,4556.0,1057.5564570095707,938.010261913346,856.3045871909306,926.2500254195178,797.0597716850835,893.503162995661,891.0461318940121
1935,Prov. Riau,Kota Dumai,L,D3,68,262.0,60.81645999484362,73.51144824616566,68.22248471888415,71.22751226138696,61.3223038155108,67.11997334022267,61.250112479321025
1936,Prov. Riau,Kota Dumai,L,S1,124,1561.0,362.3453971448507,239.28420969179825,217.73023163913157,217.1250075995443,221.8814024433802,273.8398247866363,228.85380906883967
1937,Prov. Riau,Kota Dumai,P,D3,71,333.0,77.29725640566002,99.79555257206134,92.48003150748093,96.23057409767199,84.58557818535591,97.23510853199225,97.89871666047084
1938,Prov. Riau,Kota Dumai,P,S1,187,2001.0,464.47991011329043,360.7922002309653,335.4206129614016,344.29801552791014,344.8322871913369,423.08633167006826,446.57449823414373
1939,Prov. Riau,Kota Pekanbaru,L,D3,426,1769.0,410.6271669117495,466.1622713941504,466.7248502936493,477.05896812708073,451.50000141303667,450.1013906696083,433.20682696147054
1940,Prov. Riau,Kota Pekanbaru,L,D4,313,2198.0,510.20831705597817,396.65666126454033,431.76695943066665,480.59638198149304,404.68346884265253,409.0670356904134,402.15146035606705
1941,Prov. Riau,Kota Pekanbaru,L,Profesi,2468,2545.0,590.7553079651794,3618.2043179961233,3322.801315620821,3338.8935217597646,3030.4812147144407,4165.770725946117,4447.790821049853
1942,Prov. Riau,Kota Pekanbaru,L,S1,8738,59477.0,13806.032790508832,9194.253655332206,9199.423312092846,9219.808984050738,9305.212852179424,8252.066604023792,8041.0019902617205
1943,Prov. Riau,Kota Pekanbaru,L,S2,1110,3593.0,834.021147944554,1020.0527173089811,1063.8480132858206,1025.9218783426784,1256.1421649501062,877.8605113943486,979.1295951750175
1944,Prov. Riau,Kota Pekanbaru,L,S2 Terapan,11,44.0,10.213451296843967,12.23417517370394,12.199238628489532,9.820263662468854,12.001028388252728,8.826313321524797,12.239748894251372
1945,Prov. Riau,Kota Pekanbaru,L,S3,114,458.0,106.3127430444213,62.1017022709121,70.93046857484883,94.24687118458783,75.75232857269799,59.303139306320375,56.906327912552015
1946,Prov. Riau,Kota Pekanbaru,L,Sp-1,17,122.0,28.319114959430998,22.255139543226296,30.563027984446467,44.49965432356165,23.30801854431561,31.738032301488307,34.01610486924939
1947,Prov. Riau,Kota Pekanbaru,P,D3,1613,4190.0,972.5991121312777,1296.2630685847835,1323.538530464052,1389.451437782541,1409.0720669018792,1133.5592704789658,1148.6615287683555
1948,Prov. Riau,Kota Pekanbaru,P,D4,231,1630.0,378.36194576944695,321.71934839703937,354.0601912215896,398.9188116219432,333.4831147471888,383.5419346699967,345.29911447190716
1949,Prov. Riau,Kota Pekanbaru,P,Profesi,8880,8915.0,2069.3845070764537,13880.168179662756,12803.605288365252,12929.549277620847,9962.463526076685,8846.610983012608,10343.952934730953
1950,Prov. Riau,Kota Pekanbaru,P,S1,14941,75730.0,17578.742425227127,14184.373524025876,14638.24148682932,15292.310151828306,14973.410404697403,10216.57947903808,12851.681936533214
1951,Prov. Riau,Kota Pekanbaru,P,S2,1178,3237.0,751.3850419973618,1118.6325217536985,1201.7442582037309,1206.6386398475886,1235.4847736707,897.2939343284526,1011.5588922392909
1952,Prov. Riau,Kota Pekanbaru,P,S2 Terapan,7,22.0,5.106725648421984,6.975453268434738,7.054299243172072,5.78485500933379,7.353542737173019,4.797284202701187,4.735249571025282
1953,Prov. Riau,Kota Pekanbaru,P,S3,29,204.0,47.35327419445839,34.675801368615154,41.083110234416175,57.398674681165446,38.91545628295754,27.586520874427208,25.139681324186856
1954,Prov. Riau,Kota Pekanbaru,P,Sp-1,9,62.0,14.39168137282559,11.82571550919688,16.134585367764895,23.247159784685444,15.209531918835218,19.70835117822695,25.367378601246735
1955,Prov. Sulawesi Barat,Kab. Majene,L,D3,16,239.0,55.47761045331155,50.49492903650358,43.127852691785506,41.68335510142728,57.44800514528895,45.98020915272608,36.193204291340834
1956,Prov. Sulawesi Barat,Kab. Majene,L,Profesi,18,23.0,5.338849541532074,23.65101789959713,18.12565303319465,16.685388914006314,24.173649348319667,12.442444543195576,13.027880237336275
1957,Prov. Sulawesi Barat,Kab. Majene,L,S1,821,7681.0,1782.9436229786024,1056.288282578817,922.8601139043211,904.0748266431386,1128.0352226931902,944.9366943427868,986.150827812003
1958,Prov. Sulawesi Barat,Kab. Majene,L,S2,26,69.0,16.016548624596222,23.895151047688003,23.551605750870017,24.782470306134194,31.602146257327142,24.713842469079708,22.498675174159516
1959,Prov. Sulawesi Barat,Kab. Majene,P,D3,195,947.0,219.8213267752554,254.53273972499088,226.29771895920237,231.113384121498,307.5573068468549,236.59329544934025,243.54998320004606
1960,Prov. Sulawesi Barat,Kab. Majene,P,Profesi,81,97.0,22.516017631678746,147.73132345723107,122.19436317421844,125.06033090386929,102.8272082777831,81.50768758860738,88.20205441914675
1961,Prov. Sulawesi Barat,Kab. Majene,P,S1,1574,12882.0,2990.2199910441814,2173.927939921847,1961.79782308092,2008.2651008230741,2418.7005562147447,2308.843420098031,2281.785589034942
1962,Prov. Sulawesi Barat,Kab. Majene,P,S2,11,39.0,9.052831831293517,15.42745527937494,15.427827792235583,16.54721657615408,19.779711718694628,12.886160884649856,10.334365122848123
1963,Prov. Sulawesi Barat,Kab. Mamasa,L,S1,32,254.0,58.9594688499629,30.58690487824506,23.217953821870374,21.77665861516672,32.5524706262599,33.70142128878902,23.49634348719825
1964,Prov. Sulawesi Barat,Kab. Mamasa,P,S1,65,487.0,113.0443359446139,67.03311112720762,51.635266175205835,49.37495061322326,58.54343081250346,42.35617370836373,45.21512814780438
1965,Prov. Sulawesi Barat,Kab. Mamuju,L,D3,19,78.0,18.105663662587034,18.32190331611394,15.908887119772434,16.130915326829196,21.10543482727714,17.797064484169823,19.291762408230085
1966,Prov. Sulawesi Barat,Kab. Mamuju,L,Profesi,10,30.0,6.963716793302705,28.218511261097262,20.988450868978056,18.988796423431204,23.85325752878214,25.301816713801063,23.73165010601445
1967,Prov. Sulawesi Barat,Kab. Mamuju,L,S1,333,3860.0,895.998227404948,588.6099404735204,522.0927463322608,535.6616893781188,648.6107276344661,527.5096558807775,482.43795258846177
1968,Prov. Sulawesi Barat,Kab. Mamuju,L,S2,1,35.0,8.124336258853155,12.952275805835692,12.856488859463896,14.005715418922845,7.903485862149582,9.720754172679342,12.025501912821632
1969,Prov. Sulawesi Barat,Kab. Mamuju,P,D3,212,932.0,216.33946837860404,228.46317310161731,196.99250438982318,197.53292334180665,299.1105425483722,242.06799294527556,270.48056181172666
1970,Prov. Sulawesi Barat,Kab. Mamuju,P,Profesi,92,172.0,39.92530961493551,179.18933670835614,134.23663886749983,122.51892315449817,154.68181175356474,149.05384244478907,124.01360866469385
1971,Prov. Sulawesi Barat,Kab. Mamuju,P,S1,540,4207.0,976.5452183141493,699.4557890174062,622.5436634585492,640.9817768569038,865.2265342974439,696.3809544198999,726.98713653713
1972,Prov. Sulawesi Barat,Kab. Mamuju,P,S2,2,23.0,5.338849541532074,9.17079816025205,9.108539345882104,9.91844135827564,5.5010923813369095,5.8061286646978445,4.730175286727704
1973,Prov. Sulawesi Barat,Kab. Polewali Mamasa,L,Profesi,369,196.0,45.49628304957767,289.4370880613173,235.56864693857185,244.97780355263237,230.1865543285517,199.387894142419,191.3235254147853
1974,Prov. Sulawesi Barat,Kab. Polewali Mamasa,L,S1,432,3166.0,734.9042455865455,461.5850609936795,398.15620121064626,397.78872351928266,452.2480380527031,470.97067729159033,439.95914862685714
1975,Prov. Sulawesi Barat,Kab. Polewali Mamasa,P,Profesi,1002,483.0,112.11584037217355,799.0836113028155,656.8283054320963,691.7360897654636,671.3495361317354,509.54459424373175,490.25493840801073
1976,Prov. Sulawesi Barat,Kab. Polewali Mamasa,P,S1,520,3407.0,790.8461038260772,600.0958924184312,532.2452355712342,552.2643608536351,596.7894533087652,555.3162677121879,554.8673461275114
1977,Prov. Sulawesi Selatan,Kab. Bantaeng,L,D2,66,152.0,35.282831752733706,67.92293005074123,49.43196057072268,43.88528623391365,34.78535962881631,29.579054939087907,39.178520512729236
1978,Prov. Sulawesi Selatan,Kab. Bantaeng,P,D2,60,150.0,34.81858396651352,72.72888487558795,53.050219957805616,47.18753904477995,42.71239457719752,36.84046633193583,43.797424350916174
1979,Prov. Sulawesi Selatan,Kab. Barru,L,D3,1,1.0,0.23212389311009016,0.31318153727312664,0.2800600372498345,0.31003549314500595,0.19396244980080407,1.7463689425939166,1.5872490069555754
1980,Prov. Sulawesi Selatan,Kab. Barru,L,S1,139,1198.0,278.08442394588803,140.6845064530912,112.784347427799,105.14989460280354,126.12659025008199,120.1025802882826,109.12798326237322
1981,Prov. Sulawesi Selatan,Kab. Barru,P,D3,20,49.0,11.374070762394417,10.45613949563204,8.389742421110356,7.964473240755971,11.570090577196897,15.021779865124408,14.332589489158249
1982,Prov. Sulawesi Selatan,Kab. Barru,P,S1,290,1708.0,396.467609432034,249.62146171399252,207.22481795777713,202.65225749162983,193.24404892078024,240.92053098894715,226.4026986500577
1983,Prov. Sulawesi Selatan,Kab. Bone,L,D3,176,431.0,100.04539793044886,137.61214566111076,125.90912577338509,137.4125812341121,112.0419703941242,104.82702222357538,100.77144812871376
1984,Prov. Sulawesi Selatan,Kab. Bone,L,S1,776,5847.0,1357.228403014697,809.8167407440873,687.6823904935828,663.6229933866794,599.5228010906106,697.6544457097818,719.9947912304567
1985,Prov. Sulawesi Selatan,Kab. Bone,L,S2,61,304.0,70.56566350546741,65.92724834708153,56.4487178628798,49.9552470513574,47.00325578341654,45.46455188995862,56.637095448020766
1986,Prov. Sulawesi Selatan,Kab. Bone,P,D3,468,939.0,217.96433563037465,317.11015828663733,289.04420706026656,313.3701305139399,401.21353480157313,224.47471972666906,264.4328096015612
1987,Prov. Sulawesi Selatan,Kab. Bone,P,S1,1780,8707.0,2021.102737309555,1411.720217937198,1223.4457130276828,1213.329442773576,1281.640219792622,1110.5357574603013,1201.2319065606032
1988,Prov. Sulawesi Selatan,Kab. Bone,P,S2,89,353.0,81.93973426786182,98.44253401751307,87.96500959938878,82.5543457438493,86.3629549550979,101.03250396866117,117.27318602774292
1989,Prov. Sulawesi Selatan,Kab. Bulukumba,L,D3,5,18.0,4.178230075981623,5.477747107212009,5.097374345608277,5.473272736624237,4.257879263107331,6.577332331814694,5.741413739619
1990,Prov. Sulawesi Selatan,Kab. Bulukumba,L,Profesi,8,11.0,2.553362824210992,16.096715966801945,13.401859437477713,13.650395447707476,7.757113995988617,7.853666880140544,8.931363258529109
1991,Prov. Sulawesi Selatan,Kab. Bulukumba,L,S1,155,1299.0,301.5289371500071,141.4208718311442,116.6671348074659,103.8531858476887,155.96746529565132,156.94990375470928,136.4330044351554
1992,Prov. Sulawesi Selatan,Kab. Bulukumba,P,D3,62,189.0,43.87141579780704,52.718309969049216,47.23510616905275,48.02730486933981,43.720370260342186,43.62576814098887,38.78092470314063
1993,Prov. Sulawesi Selatan,Kab. Bulukumba,P,Profesi,105,116.0,26.92637160077046,168.80569893451286,137.9742510166167,136.75569335988703,121.68700783550743,94.33209800376612,113.37571191710745
1994,Prov. Sulawesi Selatan,Kab. Bulukumba,P,S1,457,2952.0,685.2297324609862,439.6182050873527,384.08996770564323,370.15477130979474,319.9947017489446,333.889350756505,332.28589309160395
1995,Prov. Sulawesi Selatan,Kab. Enrekang,L,S1,80,688.0,159.70123845974203,90.70687839956766,71.27566847659857,67.4665125595961,90.25520334718003,97.58560864674376,95.13508875218206
1996,Prov. Sulawesi Selatan,Kab. Enrekang,P,S1,168,1177.0,273.2098221905761,186.0788961840889,150.4820199569425,148.00799368656325,170.28189676161827,219.4478251157222,240.55095490836433
1997,Prov. Sulawesi Selatan,Kab. Gowa,L,D3,28,87.0,20.194778700577842,29.220593875143578,24.62564304324151,25.588628094641045,14.830226653258562,20.152175501375385,20.230888433138226
1998,Prov. Sulawesi Selatan,Kab. Gowa,L,D4,76,300.0,69.63716793302704,64.22827621228078,57.41719501326264,62.8992497261764,124.17450208649386,32.86941371844536,36.25646995340322
1999,Prov. Sulawesi Selatan,Kab. Gowa,L,Profesi,1732,1047.0,243.0337160862644,1801.4343228630198,1378.9189026218733,1388.26005401722,2534.8552491982555,1636.6898867647838,1482.068204295157
2000,Prov. Sulawesi Selatan,Kab. Gowa,L,S1,1647,10480.0,2432.658399793745,1930.417728342767,1596.5315976502372,1586.5871453452753,1757.0805606329523,1476.4647332798586,1492.965046669245
2001,Prov. Sulawesi Selatan,Kab. Gowa,L,S2,273,1035.0,240.2482293689433,340.6649472475754,293.1475028900833,279.22233474228665,308.427698722229,227.4071890529383,327.77759319688664
2002,Prov. Sulawesi Selatan,Kab. Gowa,L,S3,200,587.0,136.2567252556229,87.54253718921485,81.47190817745735,105.05564514195063,70.89356665965146,101.75634576189212,93.06075821597877
2003,Prov. Sulawesi Selatan,Kab. Gowa,P,D3,144,438.0,101.6702651822195,147.23549273362937,121.99906304246052,123.62726597663134,68.91062280313407,94.51402605900635,110.61400521153794
2004,Prov. Sulawesi Selatan,Kab. Gowa,P,D4,136,455.0,105.61637136509103,104.95851273604934,93.88553454881811,102.80493140578685,237.4331079789061,80.4991855882334,69.13832948740858
2005,Prov. Sulawesi Selatan,Kab. Gowa,P,Profesi,2698,1082.0,251.15805234511754,1830.531438811743,1371.8718204974082,1338.9732237341093,1777.8225086561151,1598.865284256109,1596.7053664153684
2006,Prov. Sulawesi Selatan,Kab. Gowa,P,S1,3359,16604.0,3854.185121199937,3552.116834823008,2992.4687112244324,3048.073091998938,2893.7817671465473,2605.655019621635,2760.56852959514
2007,Prov. Sulawesi Selatan,Kab. Gowa,P,S2,320,982.0,227.94566303410852,393.204111365593,348.4838252948593,345.53347761266383,324.1469833977161,263.4105370315298,329.8929424608057
2008,Prov. Sulawesi Selatan,Kab. Gowa,P,S3,82,306.0,71.02991129168758,53.66823884424676,51.02864414391516,67.72532407201221,37.347084834795254,51.474783096263046,49.006412813274714
2009,Prov. Sulawesi Selatan,Kab. Jeneponto,L,S1,362,1115.0,258.81814081775053,195.4761153868369,168.56396558907198,180.10089396331418,192.19925087795417,167.7585734618948,135.91863850157705
2010,Prov. Sulawesi Selatan,Kab. Jeneponto,P,S1,429,1942.0,450.7846004197951,391.386133309651,342.9531176150992,374.28969790799124,296.2380018023745,333.6672387427975,298.1973564313429
2011,Prov. Sulawesi Selatan,Kab. Luwu,L,S1,2,48.0,11.141946869284327,9.060442382514225,7.6887389688380114,8.364122075767078,7.640438513725836,11.136118524138448,12.85687815108443
2012,Prov. Sulawesi Selatan,Kab. Luwu,P,D3,14,13.0,3.017610610431172,4.01755602492997,3.328682078319627,3.5607662937071902,4.349661282508032,5.0473242391895825,5.808070002595829
2013,Prov. Sulawesi Selatan,Kab. Luwu,P,S1,3,138.0,32.033097249192444,27.284744262690477,23.0129594198661,24.788269347352227,29.11531402446399,33.217118548911465,37.65635691457245
2014,Prov. Sulawesi Selatan,Kab. Luwu Timur,L,D3,71,205.0,47.585398087568485,68.68653838506417,63.63203171693209,69.34811503759896,47.50345920797036,41.108618141315254,53.9930736596887
2015,Prov. Sulawesi Selatan,Kab. Luwu Timur,L,S1,11,35.0,8.124336258853155,5.25309875885304,4.551349323413131,4.433337224426057,4.54290786037782,7.5729529743816295,7.034253293072546
2016,Prov. Sulawesi Selatan,Kab. Luwu Timur,P,D3,45,155.0,35.979203432063976,47.92765224858801,42.82080668094043,44.29234010596429,31.143236166009775,37.332369514765546,42.68351094579818
2017,Prov. Sulawesi Selatan,Kab. Luwu Timur,P,S1,80,231.0,53.620619308430825,41.25871771578883,36.62446326548251,36.86438223096276,38.063091149271976,41.41565340579125,41.95748667490035
2018,Prov. Sulawesi Selatan,Kab. Maros,L,D3,3,16.0,3.7139822897614425,4.522424571491843,4.1961958818371325,4.366853951321691,3.993144223880002,5.007442885662183,5.0490366600286825
2019,Prov. Sulawesi Selatan,Kab. Maros,L,S1,112,1159.0,269.0315921145945,143.66097392637369,124.49888098557089,115.45830628468761,147.34649468374414,153.22481685837283,130.91444256802865
2020,Prov. Sulawesi Selatan,Kab. Maros,L,S2,2,5.0,1.1606194655504507,0.9379851392020983,0.8099932910349749,0.678258239788646,0.4860953569642717,2.0663989487282324,2.169423468521384
2021,Prov. Sulawesi Selatan,Kab. Maros,P,D3,44,232.0,53.85274320154092,78.67667132060697,74.93865675868066,80.80744239391318,81.05410479026662,61.93314469034399,64.44540963446775
2022,Prov. Sulawesi Selatan,Kab. Maros,P,S1,248,1739.0,403.6634501184468,268.33113198891493,240.92105902693314,234.4967039865687,269.37789806193655,238.74338003678787,259.78307072182776
2023,Prov. Sulawesi Selatan,Kab. Maros,P,S2,5,8.0,1.8569911448807213,3.4181149791830014,3.529103603360831,3.7941142655997746,2.693112837915194,3.1483202203987317,3.3809811208429283
2024,Prov. Sulawesi Selatan,Kab. Pangkajene Kepulauan,L,D3,22,53.0,12.30256633483478,15.915420623558104,13.622150574961584,14.25806704599333,14.244231005563918,15.93369500493325,14.665582584142363
2025,Prov. Sulawesi Selatan,Kab. Pangkajene Kepulauan,L,D4,134,575.0,133.47123853830183,110.11202258385798,100.92222236204168,112.54718931441136,91.9383900410204,106.43375018448563,96.29470071960966
2026,Prov. Sulawesi Selatan,Kab. Pangkajene Kepulauan,L,S1,39,403.0,93.54592892336633,59.4826658572067,48.75014745951808,47.122386452846,56.689917913518215,51.94903700815529,55.22448492392692
2027,Prov. Sulawesi Selatan,Kab. Pangkajene Kepulauan,L,S2 Terapan,3,12.0,2.7854867173210818,4.207647275930068,3.6836771530042807,3.150161201587389,3.2842464432123855,4.222254069289793,4.24602382304981
2028,Prov. Sulawesi Selatan,Kab. Pangkajene Kepulauan,P,D3,32,69.0,16.016548624596222,22.942701560428524,19.77683286376127,20.88081359211441,21.730832195203202,24.316787617198973,26.217770814805927
2029,Prov. Sulawesi Selatan,Kab. Pangkajene Kepulauan,P,D4,318,1018.0,236.30212318607178,219.79070407110058,203.33583779886737,229.59390620519628,179.5118768458213,156.60011636228458,162.57743262164757
2030,Prov. Sulawesi Selatan,Kab. Pangkajene Kepulauan,P,S1,152,1095.0,254.17566295554872,200.7135953592449,170.45822666240963,172.9366229002213,179.309633972279,232.19340482947956,236.2880048978182
2031,Prov. Sulawesi Selatan,Kab. Pangkajene Kepulauan,P,S2 Terapan,3,13.0,3.017610610431172,4.990552410931626,4.388422674584763,3.77132993755403,3.656595151855978,4.402085296332106,4.912832400917796
2032,Prov. Sulawesi Selatan,Kab. Pinrang,L,Profesi,24,41.0,9.517079617513696,64.56293447142671,52.23992415154242,55.66806253571365,38.74679918174498,24.956144495804466,24.204376460187063
2033,Prov. Sulawesi Selatan,Kab. Pinrang,L,S1,163,1309.0,303.85017608110803,159.144323084905,128.71989867338968,121.3731185431319,148.18989823208835,147.9277955372879,136.716567772238
2034,Prov. Sulawesi Selatan,Kab. Pinrang,P,Profesi,82,160.0,37.13982289761442,271.4692525451307,219.78863549901348,234.1103277399565,152.81532054340477,72.4128908566967,142.1310979510869
2035,Prov. Sulawesi Selatan,Kab. Pinrang,P,S1,233,1287.0,298.743450432686,204.242953320884,173.0158702141878,173.87605266623882,189.11562830573547,213.9225191069892,198.5568656521679
2036,Prov. Sulawesi Selatan,Kab. Sidenreng Rappang,L,D3,4,15.0,3.4818583966513525,4.52383234483625,4.023637195565495,4.289246645751312,3.332320724237515,4.449060239616577,5.24938249661021
2037,Prov. Sulawesi Selatan,Kab. Sidenreng Rappang,L,D4,18,52.0,12.070442441724689,6.921007252706793,5.98292149863645,5.945831038461556,5.591013571322005,10.73405676451234,6.758488073488913
2038,Prov. Sulawesi Selatan,Kab. Sidenreng Rappang,L,Profesi,281,306.0,71.02991129168758,466.4278345413779,375.6003094185686,386.1916495041793,240.60625912997892,321.16106454224393,352.6400519970413
2039,Prov. Sulawesi Selatan,Kab. Sidenreng Rappang,L,S1,351,2240.0,519.9575205666019,259.5328238919146,210.7445437547793,193.39951729248702,177.18005069410017,251.8852914653024,232.90453060715637
2040,Prov. Sulawesi Selatan,Kab. Sidenreng Rappang,L,S2,31,126.0,29.24761053187136,32.70632396800872,28.80014878193253,26.946842129943263,27.344055228069717,26.78331680288141,26.762140285972222
2041,Prov. Sulawesi Selatan,Kab. Sidenreng Rappang,P,D3,33,109.0,25.301504348999828,34.7238202525915,30.757829212092776,32.557284574885415,28.81876007859091,35.78727849720661,37.46713679679623
2042,Prov. Sulawesi Selatan,Kab. Sidenreng Rappang,P,D4,82,171.0,39.693185721825415,25.230854462439787,21.972703529823324,22.035923471503974,21.17546564691321,21.69110388103795,20.328232350746894
2043,Prov. Sulawesi Selatan,Kab. Sidenreng Rappang,P,Profesi,1523,1642.0,381.147432486768,2801.044368605459,2277.4435353787994,2370.549174605849,1851.2764519727025,1752.1224661048257,1893.2922374058853
2044,Prov. Sulawesi Selatan,Kab. Sidenreng Rappang,P,S1,1107,4431.0,1028.5409703708094,696.0757280318243,597.5531390835631,592.1531134953029,588.4303383575348,700.302953610362,747.0688268857524
2045,Prov. Sulawesi Selatan,Kab. Sidenreng Rappang,P,S2,40,125.0,29.01548663876127,44.27412004837109,41.264748150716095,41.7649048958042,40.32987314244836,44.92068205402203,47.013226895833355
2046,Prov. Sulawesi Selatan,Kab. Sinjai,L,D4,8,81.0,18.802035341917303,16.11285528677508,15.003878849222145,16.723704528923115,20.807637262752248,13.671191183739186,11.72114455076191
2047,Prov. Sulawesi Selatan,Kab. Sinjai,L,S1,278,1636.0,379.7546891281075,292.59731306408474,254.71752470961442,261.3747352718379,258.70317263110394,266.0542445082723,243.86853858578485
2048,Prov. Sulawesi Selatan,Kab. Sinjai,L,S2,28,58.0,13.46318580038523,17.52228558616534,15.660386083076107,15.115307342228553,16.60250870326372,16.474784843262682,15.992246973709241
2049,Prov. Sulawesi Selatan,Kab. Sinjai,P,D3,32,36.0,8.356460151963246,11.38910608951913,9.859912203170712,10.20981599858451,5.520910583005776,12.903160433418698,18.458889274460567
2050,Prov. Sulawesi Selatan,Kab. Sinjai,P,D4,2,5.0,1.1606194655504507,1.0716642714445725,0.9985161725785693,1.1124892214945223,1.5293707017991935,2.2371857440562284,2.5052876314249133
2051,Prov. Sulawesi Selatan,Kab. Sinjai,P,S1,514,2522.0,585.4164584236473,498.92317528444363,437.3200239133946,452.5106278875874,459.637391021627,458.132462901888,488.6867985818473
2052,Prov. Sulawesi Selatan,Kab. Sinjai,P,S2,21,46.0,10.677699083064148,13.998458723762816,12.319732887908508,11.621110193113669,14.596665477001833,11.590200060932244,14.086910832357582
2053,Prov. Sulawesi Selatan,Kab. Soppeng,L,D3,16,43.0,9.981327403733877,11.794399855341727,10.51838869027343,11.068500613503971,13.664931858998326,12.44500962363542,11.901838343740916
2054,Prov. Sulawesi Selatan,Kab. Soppeng,L,S1,191,1048.0,243.26583997937448,170.57832015307196,152.113803957022,157.17562009250577,234.8240144698727,166.0785620548939,163.71841583907235
2055,Prov. Sulawesi Selatan,Kab. Soppeng,P,D3,60,197.0,45.72840694268776,48.66171572797475,41.651745595536276,41.30658219976751,54.668406551258684,44.15972372934081,42.09102033416488
2056,Prov. Sulawesi Selatan,Kab. Soppeng,P,S1,225,1542.0,357.935043175759,277.00361643897855,248.58695727696588,258.8197659932698,354.03404827965346,318.61480384091107,256.88480619922836
2057,Prov. Sulawesi Selatan,Kab. Takalar,L,Profesi,2,6.0,1.3927433586605409,6.422993998329701,4.722983922124659,4.355053376028418,4.40887431198119,3.7810766917080207,3.53137819667453
2058,Prov. Sulawesi Selatan,Kab. Takalar,L,S1,13,326.0,75.6723891538894,64.5849554656488,58.44698453938609,63.88458582539164,93.86187926327987,66.10602990058001,56.702812313066076
2059,Prov. Sulawesi Selatan,Kab. Takalar,P,Profesi,8,25.0,5.803097327752254,29.319144926081407,21.657779989497378,20.073298215055313,19.31062833851032,17.872907646278026,16.928374008338743
2060,Prov. Sulawesi Selatan,Kab. Takalar,P,S1,37,518.0,120.2401766310267,109.77591046219572,99.23313293201895,108.15659890252633,128.6576235246126,112.03791282889854,106.11908008242013
2061,Prov. Sulawesi Selatan,Kab. Tana Toraja,L,D3,11,44.0,10.213451296843967,10.514178125940164,8.907333064747714,8.805388613070983,8.719461251300409,10.102644883707663,9.691305193448176
2062,Prov. Sulawesi Selatan,Kab. Tana Toraja,L,Profesi,3,4.0,0.9284955724403606,4.803432504766461,3.679286305591299,3.5014677234269316,1.838337412275675,5.204375738582761,5.399746726994615
2063,Prov. Sulawesi Selatan,Kab. Tana Toraja,L,S1,958,5144.0,1194.0453061583037,712.2358064820685,601.6971594191571,581.3147231205862,563.0611385691362,643.0345030987893,641.0743119546163
2064,Prov. Sulawesi Selatan,Kab. Tana Toraja,L,S2,51,147.0,34.12221228718325,39.98768720570324,35.84572381890846,34.15114445496555,35.957793350735315,30.33336949074542,34.51048932705098
2065,Prov. Sulawesi Selatan,Kab. Tana Toraja,L,S3,3,10.0,2.3212389311009014,1.384220251111586,1.3795450669961928,1.8497310000341916,1.3174614866521799,2.20125958025853,1.7695204683971748
2066,Prov. Sulawesi Selatan,Kab. Tana Toraja,P,D3,172,596.0,138.34584029361375,168.25482806834174,145.78730569866374,148.56262633825642,131.9670854823147,169.88185831877814,174.82781675400105
2067,Prov. Sulawesi Selatan,Kab. Tana Toraja,P,Profesi,51,76.0,17.641415876366853,75.6218140421056,54.44926513272894,47.43979122258596,33.4139885937164,88.13508683630413,86.59060086889964
2068,Prov. Sulawesi Selatan,Kab. Tana Toraja,P,S1,1555,7415.0,1721.1986674113184,1254.7552764795373,1094.0199414944789,1103.1917154832943,1007.7645346499528,1221.569478034756,1198.710568343613
2069,Prov. Sulawesi Selatan,Kab. Tana Toraja,P,S2,66,215.0,49.906637018669386,67.90993784661636,62.00648401702723,60.5454329213365,66.4771402518285,74.99943016193795,78.83306988643393
2070,Prov. Sulawesi Selatan,Kab. Tana Toraja,P,S3,2,4.0,0.9284955724403606,0.7656370458369132,0.8102044009912569,1.18037293192824,0.6478659408694238,1.7398082906792907,1.5985523891248246
2071,Prov. Sulawesi Selatan,Kab. Toraja Utara,L,Profesi,10,30.0,6.963716793302705,23.970408344315207,16.41452683551474,13.735255569228226,20.709069761288433,23.355334750680303,21.786329573027174
2072,Prov. Sulawesi Selatan,Kab. Toraja Utara,L,S1,15,106.0,24.60513266966956,11.238600220407381,8.750833318542362,7.7659482786753085,13.043095530759826,14.360425245987415,17.03184069427273
2073,Prov. Sulawesi Selatan,Kab. Toraja Utara,P,D3,10,59.0,13.69530969349532,15.24368296430453,12.738502048227339,12.698034544760144,17.504086674872422,15.423536758092311,19.701804851177602
2074,Prov. Sulawesi Selatan,Kab. Toraja Utara,P,Profesi,35,111.0,25.76575213522001,96.53198727263052,66.30319417888053,55.64469878704729,76.13500783587848,71.94253623058337,78.9043573571553
2075,Prov. Sulawesi Selatan,Kab. Toraja Utara,P,S1,115,770.0,178.73539769476943,84.01188602624396,64.76995392576187,56.60485286830774,63.77743484131862,70.08829508271143,83.55041169114077
2076,Prov. Sulawesi Selatan,Kab. Wajo,L,S1,268,1754.0,407.1453085150981,194.47045818370265,148.57062327096853,133.97325811055424,272.14999723931453,203.6457267971781,202.68850104965287
2077,Prov. Sulawesi Selatan,Kab. Wajo,L,S2,38,84.0,19.498407021247573,20.468384336770963,17.091361033930802,15.83073511366667,22.304930539974023,15.967842779733038,18.389564654362303
2078,Prov. Sulawesi Selatan,Kab. Wajo,P,D3,34,141.0,32.729468928522714,34.30439448172023,27.4341137576676,26.830156190126893,34.864515055520286,30.302507957854306,35.36817394303684
2079,Prov. Sulawesi Selatan,Kab. Wajo,P,S1,388,2063.0,478.871591486116,295.26648118978085,235.6295424660913,225.62010574495048,245.70475033208,211.63684222824276,259.8639532402278
2080,Prov. Sulawesi Selatan,Kab. Wajo,P,S2,55,140.0,32.49734503541262,47.032720849833254,41.670364619001454,41.895971465753604,51.74968819424852,39.91332837850592,46.03648101422824
2081,Prov. Sulawesi Selatan,Kota Makassar,L,D3,1610,6834.0,1586.3346855143561,1756.359523119764,1687.7878539682895,1688.0542930622144,1647.8538782402065,1733.2175388969451,1673.7080715969412
2082,Prov. Sulawesi Selatan,Kota Makassar,L,D4,1160,8067.0,1872.5434457190972,1322.4799875984597,1366.982180554475,1463.9920837130858,1412.8031684775704,1750.1108254707199,1595.6555991882367
2083,Prov. Sulawesi Selatan,Kota Makassar,L,Profesi,12939,12134.0,2816.591318997834,17140.81461194712,15981.633238392895,16750.136847557,16721.995487848402,12123.73295836862,12562.895476057007
2084,Prov. Sulawesi Selatan,Kota Makassar,L,S1,13286,90741.0,21063.15418470269,12717.06527834169,12217.555050232751,11925.94445985207,13429.638923399762,17335.487930825893,14190.884153080833
2085,Prov. Sulawesi Selatan,Kota Makassar,L,S2,2842,10755.0,2496.4924703990196,2733.1960046962627,2683.570243297647,2463.578642765894,3050.212547666719,2365.651076101554,3455.1428228728832
2086,Prov. Sulawesi Selatan,Kota Makassar,L,S2 Terapan,74,157.0,36.44345121828415,47.95131477829361,47.25930369727428,38.78144719594142,50.72686811925527,28.94782872643131,31.337537680732908
2087,Prov. Sulawesi Selatan,Kota Makassar,L,S3,389,2570.0,596.5584052929318,321.42622750933265,348.0902740098577,444.7313412333225,375.9736303378357,525.4049419300097,503.95427031136546
2088,Prov. Sulawesi Selatan,Kota Makassar,L,Sp-1,194,911.0,211.46486662329212,169.1866110300795,225.53316864088788,326.34684132827374,161.6293135377374,187.16401079718338,199.05877206159647
2089,Prov. Sulawesi Selatan,Kota Makassar,L,Sp-2,20,68.0,15.78442473148613,25.355439472073,28.37254256945192,27.040298600341664,19.028482452642812,25.437503656535117,22.080836189823824
2090,Prov. Sulawesi Selatan,Kota Makassar,P,D3,3372,11547.0,2680.334593742211,3259.6215793748315,3148.682835736327,3168.1727677509257,3167.7765158632533,3208.9316522888616,3333.9946572981203
2091,Prov. Sulawesi Selatan,Kota Makassar,P,D4,1935,9825.0,2280.6172498066358,1878.9631596362394,1972.8610382153433,2159.5613091404193,2014.8721471654012,2116.877572858606,1929.319147466402
2092,Prov. Sulawesi Selatan,Kota Makassar,P,Profesi,30259,27328.0,6343.481750912544,40964.73540446732,37982.86804190469,39477.87997887676,39108.775880486726,20833.008585949818,27033.167557870478
2093,Prov. Sulawesi Selatan,Kota Makassar,P,S1,21767,122562.0,28449.56858735887,21320.517004685335,21297.32522843922,21901.727093061272,23413.975086558265,21992.08714319298,21060.560758420528
2094,Prov. Sulawesi Selatan,Kota Makassar,P,S2,3730,11347.0,2633.909815120193,3605.3774109757283,3669.6706354930516,3539.1641113017026,4099.893772585454,3113.8747380735244,3776.5366421642693
2095,Prov. Sulawesi Selatan,Kota Makassar,P,S2 Terapan,55,131.0,30.40822999742181,47.511654891529375,47.95093604239298,40.63202119575689,49.445089320919415,38.04872962027404,42.06394398563731
2096,Prov. Sulawesi Selatan,Kota Makassar,P,S3,274,1661.0,385.55778645585974,252.56425902458605,281.69081440901624,374.61594758392715,286.0540868736617,381.88822000122224,344.5743595431467
2097,Prov. Sulawesi Selatan,Kota Makassar,P,Sp-1,264,1345.0,312.20663623307126,268.1987463879651,357.442539500603,516.3931815724247,258.9751705344306,316.82247867934456,297.3766062993264
2098,Prov. Sulawesi Selatan,Kota Makassar,P,Sp-2,5,34.0,7.892212365743065,13.91264793828321,15.645789665899944,14.996406551185302,25.506884847463322,11.407061989157395,9.167438512698688
2099,Prov. Sulawesi Selatan,Kota Palopo,L,D3,96,836.0,194.05557464003536,218.9232180159471,198.48856009005186,202.85847846863638,182.22701988099269,178.70514361349987,162.9422753695428
2100,Prov. Sulawesi Selatan,Kota Palopo,L,Profesi,383,436.0,101.20601739599931,653.7804312175052,552.8414832628685,568.2042172285381,526.4619152673445,488.95517297946867,480.18993570592886
2101,Prov. Sulawesi Selatan,Kota Palopo,L,S1,993,9434.0,2189.8568076005904,1159.5637190846205,999.7958100542204,933.4455149413981,1203.66992359105,1000.4802539778104,971.0651916470802
2102,Prov. Sulawesi Selatan,Kota Palopo,L,S2,111,461.0,107.00911472375157,112.04987924879785,102.40075088463023,94.20518398177813,122.3011695428361,99.79526772043809,127.88817955904354
2103,Prov. Sulawesi Selatan,Kota Palopo,P,D3,207,1062.0,246.51557448291575,304.39971905024464,277.37244664656896,285.05930650060094,286.36343562602383,252.00602830934335,266.9859999999811
2104,Prov. Sulawesi Selatan,Kota Palopo,P,Profesi,2870,4297.0,997.4363686940574,5975.637841354429,4879.148305757759,4767.576966480377,4383.343881403938,3685.458937722343,4248.211841327544
2105,Prov. Sulawesi Selatan,Kota Palopo,P,S1,3057,20841.0,4837.694056307389,3377.72121920173,3057.963642798983,3053.694752518859,3395.8993197202667,2997.278526349187,3233.297413430668
2106,Prov. Sulawesi Selatan,Kota Palopo,P,S2,196,542.0,125.81115006566887,172.11779391541376,164.77706067356624,161.61395714511033,190.20800833346973,157.87071220375182,176.6813754236568
2107,Prov. Sulawesi Selatan,Kota Pare-Pare,L,D3,10,93.0,21.587522059238385,14.847088380433544,11.075110657132411,9.440885688155197,14.898284586285081,11.922482124983404,11.574948823093683
2108,Prov. Sulawesi Selatan,Kota Pare-Pare,L,Profesi,535,538.0,124.8826544932285,902.6484514608301,725.5766340639985,762.0711369260237,1494.531559716602,786.7843723938548,684.5663387117883
2109,Prov. Sulawesi Selatan,Kota Pare-Pare,L,S1,832,6065.0,1407.8314117126968,803.6334356458916,649.830126959775,609.1485427969317,680.8447495495541,743.8110682422872,686.3347260940175
2110,Prov. Sulawesi Selatan,Kota Pare-Pare,L,S2,132,611.0,141.8276986902651,166.47184351586577,144.68328020907174,136.10226552339802,119.42879679147116,144.63743364046005,154.82379001903607
2111,Prov. Sulawesi Selatan,Kota Pare-Pare,L,S3,11,95.0,22.051769845458566,7.850656211360876,6.707314765851363,7.468687678090941,6.396177042498548,11.00295663281024,10.136511646405616
2112,Prov. Sulawesi Selatan,Kota Pare-Pare,P,D3,50,244.0,56.638229918861995,68.67177156391507,57.62561507285755,57.89056309405871,58.53990786695205,63.970482858805646,78.22074545302269
2113,Prov. Sulawesi Selatan,Kota Pare-Pare,P,Profesi,2143,2150.0,499.06637018669386,3886.6558359661335,3126.1228581743985,3281.9354733660984,6472.835203133715,2451.123089248532,2571.638785725761
2114,Prov. Sulawesi Selatan,Kota Pare-Pare,P,S1,1487,8018.0,1861.1693749567028,1438.716493270286,1230.169008575219,1245.4091741957031,1327.4413602775926,1222.0358362594925,1109.087280165197
2115,Prov. Sulawesi Selatan,Kota Pare-Pare,P,S2,147,575.0,133.47123853830183,190.96237937115967,171.01570559672857,167.5770328840868,189.1299380412157,168.1606467215718,188.56245885858263
2116,Prov. Sulawesi Selatan,Kota Pare-Pare,P,S3,2,15.0,3.4818583966513525,1.7829545869663188,1.6326527162469655,2.0015365394019597,1.6644138860491249,1.717055137812458,1.3775725868096695
2117,Prov. Sulawesi Tengah,Kab. Banggai,L,D3,143,369.0,86.83954699966007,67.30564953636039,56.76564626992364,52.322303735032506,60.525960039433116,63.05063107339241,54.319232403544255
2118,Prov. Sulawesi Tengah,Kab. Banggai,L,S1,308,4220.0,993.124358641099,480.16396180950494,401.05770605378706,359.6329281019359,444.183861995816,542.572383546817,550.0682755368198
2119,Prov. Sulawesi Tengah,Kab. Banggai,L,S2,33,55.0,12.943563915938494,20.60285138307929,21.31228231704183,22.744699481994164,16.41005103767987,12.610917293166825,8.399642723745991
2120,Prov. Sulawesi Tengah,Kab. Banggai,P,D3,250,576.0,135.5544148287377,102.01020099396618,82.63488191128002,73.328152131923,67.71083437248527,96.36496565288942,105.35538319382788
2121,Prov. Sulawesi Tengah,Kab. Banggai,P,S1,623,4940.0,1162.5673771770212,736.478422144641,648.3898165220511,621.9552080538812,883.3418826569875,866.1081414551713,822.3230813891882
2122,Prov. Sulawesi Tengah,Kab. Banggai,P,S2,38,61.0,14.35558907040451,24.938994216147822,25.581284689062624,27.234200003233433,19.83494332731223,15.654719808596466,16.481852174851284
2123,Prov. Sulawesi Tengah,Kab. Buol,L,S1,46,458.0,107.784586790906,71.85746348915823,56.90942009651486,55.92955408384914,62.246953546636,62.92627021912937,76.17110869497253
2124,Prov. Sulawesi Tengah,Kab. Buol,P,S1,36,431.0,101.43047359580892,73.17791288326276,57.306787004215145,56.001884404003995,80.72977371675906,47.36050257675973,59.80155427592321
2125,Prov. Sulawesi Tengah,Kab. Marowali,L,D3,76,299.0,70.36592019755653,92.49253697069926,82.85113905567044,88.20305649849098,64.46475641048652,62.13753595407019,70.23895140294547
2126,Prov. Sulawesi Tengah,Kab. Marowali,P,D3,14,201.0,47.30284267461159,67.87306864355163,60.29164941812575,64.03469242830317,47.21072727832008,60.16661061744538,57.48749637643058
2127,Prov. Sulawesi Tengah,Kab. Poso,L,Profesi,3,4.0,0.941350102977345,5.439985829577031,4.702172845590051,4.886770048790531,6.966076780141458,2.1411320495899817,1.7495449364512063
2128,Prov. Sulawesi Tengah,Kab. Poso,L,S1,37,494.0,116.25673771770211,65.20113249280818,53.17802373763505,49.75306419356419,71.5746162638713,71.2268891143526,53.894651658854826
2129,Prov. Sulawesi Tengah,Kab. Poso,P,D3,41,163.0,38.36001669632681,40.42062119317498,33.055270018619716,31.668455066980922,51.89330651455384,35.42202809392197,36.502443480296684
2130,Prov. Sulawesi Tengah,Kab. Poso,P,Profesi,15,18.0,4.236075463398053,25.09545429502876,21.066259913009635,21.32594785568487,17.268686806674165,9.972498340501105,10.885270197018938
2131,Prov. Sulawesi Tengah,Kab. Poso,P,S1,74,1002.0,235.80820079582492,158.7598615773921,132.53145939771343,128.25626707880917,182.4326728132373,173.21549651458477,143.716480778189
2132,Prov. Sulawesi Tengah,Kab. Sigi,L,S1,7,15.0,3.5300628861650436,2.5209133800292634,2.0427000325315814,2.0607157416633646,1.9477437230036168,4.63570690139875,5.4180810557840475
2133,Prov. Sulawesi Tengah,Kab. Sigi,L,S2,3,12.0,2.8240503089320352,3.5000503538831595,2.839777399445539,2.674141176444913,3.9959488309853497,4.210154982991473,2.4721472462840706
2134,Prov. Sulawesi Tengah,Kab. Sigi,P,S1,6,22.0,5.177425566375398,4.68978609719982,3.961490745790671,4.221247535322768,5.073222141582967,4.4375910026013345,5.6412186458335585
2135,Prov. Sulawesi Tengah,Kab. Sigi,P,S2,3,12.0,2.8240503089320352,5.063575721825749,4.474346742448396,4.678662005758543,5.2354703754458045,4.824191802297428,2.3433250848409317
2136,Prov. Sulawesi Tengah,Kab. Toli-Toli,L,S1,201,1827.0,429.9616595349023,210.10298605849377,176.04555534575326,158.305992925566,197.4513818099601,201.11458645854387,243.40872371933187
2137,Prov. Sulawesi Tengah,Kab. Toli-Toli,P,S1,354,2803.0,659.6510846613745,410.8723542980349,359.61097632575957,342.3697040422954,408.9316204714064,336.47147436246445,366.6605614545102
2138,Prov. Sulawesi Tengah,Kota Palu,L,D3,180,919.0,216.275186159045,171.83664556983004,146.62682091077443,132.28140122374612,231.0793657868646,139.34421581685305,129.285568102133
2139,Prov. Sulawesi Tengah,Kota Palu,L,D4,52,725.0,170.6197061646438,114.84754051692175,108.99062791094376,113.74495400168136,109.75177080952967,117.10587423174799,112.0458251877608
2140,Prov. Sulawesi Tengah,Kota Palu,L,Profesi,2011,802.0,188.74069564695768,949.2808948192608,865.1431959546795,863.0388613165431,782.7432032093124,583.0160975423385,701.4026716865301
2141,Prov. Sulawesi Tengah,Kota Palu,L,S1,3814,33610.0,7909.694240267141,4385.013450104472,3951.04274737813,3744.890470375839,3954.873414850995,4775.863124444001,4318.39558668774
2142,Prov. Sulawesi Tengah,Kota Palu,L,S2,298,1527.0,359.36040181160143,394.71901758263493,370.55939648738877,342.8951030316169,362.9871740160883,402.14108983616995,497.1609007418525
2143,Prov. Sulawesi Tengah,Kota Palu,L,S3,46,333.0,78.36739607286397,43.36962948535824,42.73299043695714,52.18054134522883,53.33867536168939,54.73369284047808,56.23157917585338
2144,Prov. Sulawesi Tengah,Kota Palu,P,D3,1143,3568.0,839.6842918557918,913.9892196475033,834.1172163714248,818.4714274800411,948.906006236134,862.3592445334907,929.0836537817202
2145,Prov. Sulawesi Tengah,Kota Palu,P,D4,357,1088.0,256.04722800983785,207.80254510277877,201.8506708402452,217.85898958614868,214.2711215284917,235.41714352384582,213.94794665975718
2146,Prov. Sulawesi Tengah,Kota Palu,P,Profesi,5911,1792.0,421.7248461338506,2318.1503690952104,2096.2005740859963,2087.463479865768,1930.3391277102814,1381.0388515619527,1376.9073513339024
2147,Prov. Sulawesi Tengah,Kota Palu,P,S1,6656,41713.0,9816.634211373497,6885.244729083092,6459.777391568801,6458.373291184371,6747.663510980819,7414.806783508094,7527.379680224923
2148,Prov. Sulawesi Tengah,Kota Palu,P,S2,387,1441.0,339.12137459758856,467.95455178518654,456.52479914354404,444.6060538649021,456.5605868237257,412.0771683452461,451.6880637188668
2149,Prov. Sulawesi Tengah,Kota Palu,P,S3,16,199.0,46.83216762312291,30.163217261298296,30.085747412954923,37.519248449665334,34.281529194549684,31.219563209563447,26.745408240913758
2150,Prov. Sulawesi Tenggara,Kab. Kolaka,L,D3,1,18.0,4.119893593354456,3.77573718593817,2.8513793985530778,2.6724243207280445,4.857373786669743,4.425076326952645,4.548573159367621
2151,Prov. Sulawesi Tenggara,Kab. Kolaka,L,D4,9,44.0,10.070851005977559,8.911503397254464,8.091932926219016,9.234209732085741,13.72126491366142,9.892157314024017,7.236755790931618
2152,Prov. Sulawesi Tenggara,Kab. Kolaka,L,S1,460,4266.0,976.4147816250061,534.4071924034232,416.8524348210634,387.46185427158144,571.50702515546,604.9422652861118,630.6765352128077
2153,Prov. Sulawesi Tenggara,Kab. Kolaka,L,S2,3,12.0,2.7465957289029705,4.596353657160972,4.570426747086268,4.893702901322376,4.084784276861916,3.744383696792121,3.356041521638365
2154,Prov. Sulawesi Tenggara,Kab. Kolaka,P,D3,55,311.0,71.18260597406865,90.39852824407218,74.8699739080549,76.24617125584685,90.99262269382832,74.83532562402264,82.81590793520509
2155,Prov. Sulawesi Tenggara,Kab. Kolaka,P,D4,12,60.0,13.732978644514853,13.304141900868267,11.920429253313005,13.607560522635094,20.86233264493876,14.559601336578757,10.449853261119332
2156,Prov. Sulawesi Tenggara,Kab. Kolaka,P,S1,923,5543.0,1268.6983437757638,925.8954318840837,778.2681431365512,776.0628068337517,929.5763135303748,697.964650641633,796.8996096289331
2157,Prov. Sulawesi Tenggara,Kab. Kolaka,P,S2,10,31.0,7.095372299666007,12.999636317379846,12.754934914644846,13.661551193560102,11.158850163091206,8.053531858580172,6.781469055147814
2158,Prov. Sulawesi Tenggara,Kab. Konawe,L,D3,1,181.0,41.42781891095314,53.062611955434384,49.78825695468073,52.10716875945496,49.15870373045952,51.580185759809645,49.70914381947124
2159,Prov. Sulawesi Tenggara,Kab. Konawe,L,S1,138,861.0,197.06824354878813,94.35474581600533,74.38037727140207,64.97391521218157,99.70072114264161,103.64820388823556,94.2441571901454
2160,Prov. Sulawesi Tenggara,Kab. Konawe,P,D3,25,238.0,54.47414862324225,81.62181163347512,77.84931480300423,83.41969947182753,84.20690734768586,74.96327659398303,72.68658809584348
2161,Prov. Sulawesi Tenggara,Kab. Konawe,P,S1,156,804.0,184.02191383649904,118.72758908630016,101.3670801384196,95.27470250516724,113.01109877853014,109.61327377694886,112.38265384139189
2162,Prov. Sulawesi Tenggara,Kab. Muna,L,D3,6,23.0,5.26430848039736,4.731688924485782,3.53701271257709,3.352476632054745,5.382419099729068,5.062907379305461,4.54346444228365
2163,Prov. Sulawesi Tenggara,Kab. Muna,L,D4,2,46.0,10.52861696079472,7.573274787805643,6.257363686924857,6.760834441040474,8.345068869200244,10.657086052747793,9.157690530709202
2164,Prov. Sulawesi Tenggara,Kab. Muna,L,Profesi,2,6.0,1.3732978644514853,8.289800518347306,6.248182000769079,6.188573289051091,6.332637915438829,2.8731895502895153,2.77978686064332
2165,Prov. Sulawesi Tenggara,Kab. Muna,L,S1,27,574.0,131.37882903252543,84.40158570040664,70.88576535243962,70.40504261099663,83.78477662233955,121.2189669759755,107.15550107636751
2166,Prov. Sulawesi Tenggara,Kab. Muna,P,D3,46,198.0,45.318829526899016,57.02767383902109,46.96770292264018,48.546060690241106,55.882264106091114,45.59761365379911,37.016842864067925
2167,Prov. Sulawesi Tenggara,Kab. Muna,P,D4,9,160.0,36.62127638537294,31.269585020346536,26.435694179863223,29.395049128903707,32.657893231542076,39.86341987363173,38.70961243247505
2168,Prov. Sulawesi Tenggara,Kab. Muna,P,Profesi,6,12.0,2.7465957289029705,21.784432211629273,17.582899094197057,18.572887885934577,17.171440896878284,6.00994600362328,8.796795888869116
2169,Prov. Sulawesi Tenggara,Kab. Muna,P,S1,67,845.0,193.40611591025083,148.30251983763299,127.75670973167286,130.8390214595322,146.8936802613799,156.42543356255177,184.07790684840418
2170,Prov. Sulawesi Tenggara,Kab. Wakatobi,L,D1,22,22.0,5.0354255029887796,20.032701715590164,7.09945066880496,7.06356646353645,10.851885316886593,9.891623642413613,14.460030125001028
2171,Prov. Sulawesi Tenggara,Kab. Wakatobi,L,S1,48,382.0,87.4332973700779,46.707064580393755,31.94884060438216,30.194624862433237,41.735234428327225,20.270068866135748,16.157039859220998
2172,Prov. Sulawesi Tenggara,Kab. Wakatobi,P,D1,19,21.0,4.806542525580198,20.935023652110473,7.320865131304632,7.286225639534203,10.718164503264926,9.609433083823594,13.323033662064725
2173,Prov. Sulawesi Tenggara,Kab. Wakatobi,P,S1,80,618.0,141.44968003850298,95.65796756070122,68.91001610446317,68.5547137819613,90.40949833959455,53.523769195817884,49.41834639504472
2174,Prov. Sulawesi Tenggara,Kota Baubau,L,D3,17,73.0,16.708457350826404,20.005126840573798,19.42419832538149,19.75900576463896,22.17055698241303,22.048691328921116,21.886588530418948
2175,Prov. Sulawesi Tenggara,Kota Baubau,L,D4,6,211.0,48.294308233210565,37.414349416903086,36.5037489153741,39.286391833626524,43.18167650718445,47.80874797686025,39.91844701358717
2176,Prov. Sulawesi Tenggara,Kota Baubau,L,Profesi,6,14.0,3.2043616837201325,9.159825019282604,5.639773800978335,4.17000351126482,19.800448556728814,5.657096127899006,7.3774657116325395
2177,Prov. Sulawesi Tenggara,Kota Baubau,L,S1,887,7370.0,1686.867543501241,944.5233395310178,851.5554528203265,782.8731902069926,924.5172873005699,923.4585489401708,903.9791008620124
2178,Prov. Sulawesi Tenggara,Kota Baubau,L,S2,51,116.0,26.55042537939538,38.24258814281566,40.54805829509276,40.70151996984188,47.11266851451222,39.492374936945765,38.90358221377235
2179,Prov. Sulawesi Tenggara,Kota Baubau,P,D3,223,975.0,223.16090297336635,292.37931234088,280.06337377944413,284.93394941768673,323.36652992024966,240.28581926657782,254.21871291235286
2180,Prov. Sulawesi Tenggara,Kota Baubau,P,D4,29,298.0,68.2071272677571,58.900590539590276,57.164314066316976,61.93155573977393,68.14919174798348,55.490697654361476,52.296405590442355
2181,Prov. Sulawesi Tenggara,Kota Baubau,P,Profesi,37,57.0,13.04632971228911,41.50690242338157,25.404131872070607,18.898585144013573,79.3807551076224,43.11389713580837,77.00142593204079
2182,Prov. Sulawesi Tenggara,Kota Baubau,P,S1,1690,10427.0,2386.562805439273,1672.0181825487994,1578.7065613306147,1522.7195172621377,1471.0275620562663,1439.3798930107725,1579.882924070779
2183,Prov. Sulawesi Tenggara,Kota Baubau,P,S2,20,48.0,10.986382915611882,17.808255404726015,18.862886793492663,19.124288833192214,20.77075524368191,12.881239963791236,11.068166890035247
2184,Prov. Sulawesi Tenggara,Kota Kendari,L,D3,249,2028.0,464.17467818460204,446.96882354897076,358.9590283017581,342.05289087064267,389.5756103506432,366.8926270887003,400.45977305027856
2185,Prov. Sulawesi Tenggara,Kota Kendari,L,D4,29,182.0,41.65670188836172,26.0200309911521,21.195385974104198,20.994249806321175,26.15829535479795,35.345523184173594,34.93440465508821
2186,Prov. Sulawesi Tenggara,Kota Kendari,L,Profesi,2338,2338.0,535.1284011812621,3975.299147577039,3453.8755558424637,3544.396277142074,3655.4469090812077,3038.99520465092,3441.117149253538
2187,Prov. Sulawesi Tenggara,Kota Kendari,L,S1,4871,33714.0,7716.560700352896,4836.45801120885,4206.961855188779,4016.6873547132573,4320.190776612042,4022.200959899432,4126.288026914209
2188,Prov. Sulawesi Tenggara,Kota Kendari,L,S2,648,2280.0,521.8531884915644,601.3110113483466,530.4311365150662,488.6844914955685,549.2402359572212,588.799101849103,643.7750156042863
2189,Prov. Sulawesi Tenggara,Kota Kendari,L,S3,71,310.0,70.95372299666008,45.6591126614342,45.69268510674095,59.141113933928445,46.21137711757516,46.20656212247566,43.134538085841264
2190,Prov. Sulawesi Tenggara,Kota Kendari,P,D3,842,3702.0,847.3247823665664,1016.2656105903988,858.8673203090324,844.157885359288,935.1853771908286,872.6443978420822,938.8413124678635
2191,Prov. Sulawesi Tenggara,Kota Kendari,P,D4,286,1311.0,300.06558338264955,216.17476592374535,177.86457952777695,179.48657555713018,209.3111125257297,226.38543302485257,199.1555909125384
2192,Prov. Sulawesi Tenggara,Kota Kendari,P,Profesi,8047,7724.0,1767.8921175038788,14316.56285550687,12250.182104673075,12556.368318309382,12508.065557124424,6415.948455159326,7726.325356068271
2193,Prov. Sulawesi Tenggara,Kota Kendari,P,S1,7758,42156.0,9648.790795636136,7541.916693264171,6854.672192532952,6871.0265920457905,6377.5310720004,6168.8502441803275,7035.235698307575
2194,Prov. Sulawesi Tenggara,Kota Kendari,P,S2,567,1594.0,364.8394659892779,528.5455668669541,489.5116292728378,473.58260600681865,541.6777335511151,521.1433647486539,586.76867954581
2195,Prov. Sulawesi Tenggara,Kota Kendari,P,S3,31,150.0,34.33244661128713,24.52598297557331,24.369930944936815,31.707009020602964,24.2001763833564,20.5480744396014,19.14630026675419
2196,Prov. Sulawesi Utara,Kab. Bolaang Mongondaw,L,S1,6,39.0,10.343439415891291,5.890670117615381,4.974626724903617,5.057371248215953,5.709232711805721,8.124301524668303,8.189810000013376
2197,Prov. Sulawesi Utara,Kab. Bolaang Mongondaw,P,S1,15,48.0,12.730386973404666,8.310212167439806,7.093030945029183,7.406646627243029,7.519938761925999,8.682208066602401,7.627389714644233
2198,Prov. Sulawesi Utara,Kab. Kep. Sangihe,L,D3,32,280.0,74.26059067819389,51.53506589144951,55.24462414786264,49.42286666576538,60.7746554213379,36.51058892724516,34.762300696460116
2199,Prov. Sulawesi Utara,Kab. Kep. Sangihe,L,D4,6,56.0,14.852118135638777,7.494838943228428,8.5233588618693,8.095309985155401,9.417528782646102,11.152248532968104,10.016484030991673
2200,Prov. Sulawesi Utara,Kab. Kep. Sangihe,P,D3,101,651.0,172.6558733268008,147.3919504049885,154.63976869062444,143.33084499689656,152.9699623841899,92.64791625828403,147.23780611617053
2201,Prov. Sulawesi Utara,Kab. Kep. Sangihe,P,D4,7,71.0,18.830364064827737,12.274241643556474,13.36125068358314,13.226567411545789,13.73498255030661,12.180853359357009,12.166588963483997
2202,Prov. Sulawesi Utara,Kab. Kepulauan Sitaro,L,S1,4,24.0,6.365193486702333,2.9650749488171573,2.7438337124456673,2.721691546430678,3.071853910451644,6.4246830960500345,6.4675628162056
2203,Prov. Sulawesi Utara,Kab. Kepulauan Sitaro,P,S1,22,161.0,42.69983963996148,23.94033144817061,21.89889641503703,22.44527520946361,25.874995616957783,17.746530319569306,25.437037462306172
2204,Prov. Sulawesi Utara,Kab. Minahasa,L,Profesi,1416,75.0,19.89122964594479,107.8966424336582,84.40865056285399,80.78875710156628,121.94824295861144,123.94593479681797,224.71236130662788
2205,Prov. Sulawesi Utara,Kab. Minahasa,L,S1,1003,8364.0,2218.269930115763,1055.2957677589686,1147.3163635622814,1094.122254754125,1161.0257604428393,916.6672116271164,923.6225440203143
2206,Prov. Sulawesi Utara,Kab. Minahasa,L,S2,135,202.0,53.57371184641131,58.71180858747507,60.022588296658384,57.51367795939846,70.67415251264984,52.624493568614774,66.24398173910801
2207,Prov. Sulawesi Utara,Kab. Minahasa,L,S3,12,97.0,25.725990342088597,12.323757067071458,14.04977388552299,16.91506117492046,20.9739009496309,12.973395149530182,10.798957369278124
2208,Prov. Sulawesi Utara,Kab. Minahasa,P,Profesi,5848,312.0,82.74751532713033,498.1333220339435,399.69908525936273,391.38629267817504,486.320502702775,592.2538167298931,594.3508174466098
2209,Prov. Sulawesi Utara,Kab. Minahasa,P,S1,1896,12873.0,3414.130656429964,1993.018022972289,2106.6465722038633,2091.0363130542723,2044.8513501394837,2390.5523456321966,2122.208128072824
2210,Prov. Sulawesi Utara,Kab. Minahasa,P,S2,167,242.0,64.18236765758186,79.92803075612672,82.91332181801214,81.51654802829755,92.72124588458344,80.62006012401294,80.92352784325391
2211,Prov. Sulawesi Utara,Kab. Minahasa,P,S3,8,77.0,20.42166243650332,9.888891993777127,12.06546377547213,14.692375886528993,15.975637011793431,11.418198864866357,10.402563825318452
2212,Prov. Sulawesi Utara,Kab. Minahasa Selatan,L,D3,91,515.0,136.5864435688209,147.0865881577354,123.86309396149437,119.95970594170919,151.66637741912487,124.22428840849415,129.7640258275413
2213,Prov. Sulawesi Utara,Kab. Minahasa Selatan,P,D3,28,91.0,24.134691970413012,31.282949027560214,26.03976845121706,26.058817071699313,27.88146088952626,26.363605914876924,28.136734582614334
2214,Prov. Sulawesi Utara,Kab. Minahasa Utara,L,Profesi,6,23.0,6.099977091423069,23.50855689100306,20.84692642555637,18.657529040925173,16.36365514698252,13.633835828222072,15.105326012318846
2215,Prov. Sulawesi Utara,Kab. Minahasa Utara,L,S1,268,1711.0,453.7852523228205,275.1741842466623,261.23051786809924,249.41622769644533,272.6015202252998,251.8174788744025,246.81676200934663
2216,Prov. Sulawesi Utara,Kab. Minahasa Utara,L,S2,44,91.0,24.134691970413012,30.52078276222304,28.36269853838684,26.96712747486671,33.18765674834806,23.769623708509975,23.288781369745692
2217,Prov. Sulawesi Utara,Kab. Minahasa Utara,P,D3,8,91.0,24.134691970413012,19.66825103551337,20.560707706806493,19.39730725143532,17.62106283569162,17.32469940851749,19.034809252411563
2218,Prov. Sulawesi Utara,Kab. Minahasa Utara,P,Profesi,100,166.0,44.025921616357806,151.25671474229455,151.9999384557373,135.49354920042805,117.20021969963871,106.84149577925567,111.91113643691558
2219,Prov. Sulawesi Utara,Kab. Minahasa Utara,P,S1,341,2107.0,558.810944853409,397.28952890789935,377.07805845627774,370.9507799732534,419.03622250268666,387.80612282420844,387.8588495351982
2220,Prov. Sulawesi Utara,Kab. Minahasa Utara,P,S2,27,76.0,20.156446041224054,28.504713278879283,27.075279781701727,26.36167936664837,31.73580886308827,26.10061239548172,22.57675102735357
2221,Prov. Sulawesi Utara,Kota Bitung,L,D3,91,330.0,87.52141044215708,96.07190936992826,77.30094351830623,78.27652408192033,82.66904710317587,93.87193023655074,88.53785407616894
2222,Prov. Sulawesi Utara,Kota Bitung,L,S1,108,847.0,224.6382868015365,95.1721332815275,101.09284350697149,96.41320231014058,97.09728417001304,106.67630566892817,108.45615417191318
2223,Prov. Sulawesi Utara,Kota Bitung,P,D3,55,171.0,45.35200359275412,57.55832549228071,46.62400119603971,48.54469940731972,36.0534859820993,42.399276893852054,42.76031958634305
2224,Prov. Sulawesi Utara,Kota Bitung,P,S1,250,1658.0,439.7287833730195,220.61125639590315,233.35828877672233,229.50721204656259,198.91066992314057,223.4486085854276,229.47623025390507
2225,Prov. Sulawesi Utara,Kota Manado,L,D3,207,1074.0,284.8424085299294,263.8892346855938,258.417161482453,250.34247924599774,235.7998911842352,225.3042464461275,235.2037719279705
2226,Prov. Sulawesi Utara,Kota Manado,L,D4,472,2757.0,731.2016017849305,449.4705062545826,485.38151567384807,494.568210869848,472.6482859170502,471.93458017771474,418.48725582838887
2227,Prov. Sulawesi Utara,Kota Manado,L,Profesi,388,382.0,101.31266299667881,431.89878018529436,391.1147964735364,361.61341551244294,962.6075525751795,343.38398347793134,409.40920346227097
2228,Prov. Sulawesi Utara,Kota Manado,L,S1,2361,19278.0,5112.841668193649,2573.6356518963044,2845.570659936623,2708.436258885978,2289.368447431791,3163.291136429344,2748.196834343422
2229,Prov. Sulawesi Utara,Kota Manado,L,S2,226,910.0,241.34691970413013,256.96364134530137,276.1144157602912,262.2971974224201,302.4350343981527,223.9048510801779,264.27653120384247
2230,Prov. Sulawesi Utara,Kota Manado,L,S3,26,149.0,39.51724289661032,22.000595204587068,24.29776073908696,29.64452385689159,26.60747160692708,24.47073535542067,18.380080448346117
2231,Prov. Sulawesi Utara,Kota Manado,L,Sp-1,81,379.0,100.51701381084101,74.7923800627828,81.57118943210531,104.65746576292649,82.1664769063608,74.4653995332048,71.27976035241382
2232,Prov. Sulawesi Utara,Kota Manado,P,D3,854,3287.0,871.7662912829404,887.8218178995371,896.0066345709043,886.7545536144927,904.8953032906115,849.0165122500296,938.1069613976501
2233,Prov. Sulawesi Utara,Kota Manado,P,D4,597,3218.0,853.4663600086711,619.5181466333528,664.2802699250317,699.6098067255529,707.0523609342633,711.5955920033532,802.649810926617
2234,Prov. Sulawesi Utara,Kota Manado,P,Profesi,1246,1000.0,265.2163952792639,1233.724757458535,1154.76135914133,1090.038842567897,2541.744651230553,1786.5674140961169,2035.1321028206576
2235,Prov. Sulawesi Utara,Kota Manado,P,S1,4455,27712.0,7349.676745978961,4570.827653664517,4938.4053561226865,4871.243980988936,4322.486417449262,4398.887442106577,4857.953173250293
2236,Prov. Sulawesi Utara,Kota Manado,P,S2,263,912.0,241.87735249468867,313.56855461806924,331.307619413018,325.66642789713006,341.1257999657312,234.6393705838233,281.9620732139695
2237,Prov. Sulawesi Utara,Kota Manado,P,S3,21,110.0,29.173803480719027,17.94800280659034,20.37076044164284,25.413540354710758,23.100240138045084,16.18404899000732,13.952121595535564
2238,Prov. Sulawesi Utara,Kota Manado,P,Sp-1,36,273.0,72.40407591123903,60.15424507101222,67.10456232203417,88.14897225801528,59.07821937457421,52.76589168857041,41.841046050805566
2239,Prov. Sulawesi Utara,Kota Tomohon,L,D3,47,135.0,35.80421336270062,34.78104487301466,31.25702248248998,30.385287053274503,27.795441614635664,34.93042452273768,39.653824692986014
2240,Prov. Sulawesi Utara,Kota Tomohon,L,Profesi,5,15.0,3.978245929188958,10.909554958010796,11.312274185441481,9.892750817098628,5.6035477607943065,4.984578323771028,5.777806176486785
2241,Prov. Sulawesi Utara,Kota Tomohon,L,S1,425,3666.0,972.2833050937815,411.5474665744293,462.0304172730968,429.34208191522146,289.6017231814189,473.9812835615481,465.61138185473254
2242,Prov. Sulawesi Utara,Kota Tomohon,L,S3,3,42.0,11.139088601729084,3.5965186084951384,4.767860549834904,5.432738186735055,3.3405396515374166,5.79687662934542,6.533283788353408
2243,Prov. Sulawesi Utara,Kota Tomohon,P,D3,147,373.0,98.92571543916543,108.11627554854478,99.0388959707062,98.66333220209437,86.48575570251245,86.32809993896225,89.62934162532754
2244,Prov. Sulawesi Utara,Kota Tomohon,P,Profesi,57,71.0,18.830364064827737,80.56530765351859,73.3777827648609,68.44598138554086,39.88342839323405,51.27400563682155,53.274614447643316
2245,Prov. Sulawesi Utara,Kota Tomohon,P,S1,615,4499.0,1193.2085623614082,633.8618270184811,690.1507256495992,666.0743881195611,459.1429921420174,588.2739748826914,681.122010917832
2246,Prov. Sulawesi Utara,Kota. Kotamobagu,L,Profesi,18,20.0,5.304327905585278,13.145556937069804,12.931551547354713,11.87228214253708,9.403881611233887,9.55211985536095,11.639705228338904
2247,Prov. Sulawesi Utara,Kota. Kotamobagu,L,S1,68,2682.0,711.3103721389857,264.9087302467123,282.8530593514851,276.72540673714786,132.631019567274,299.8863556083103,279.9673912581296
2248,Prov. Sulawesi Utara,Kota. Kotamobagu,P,D3,37,307.0,81.421433350734,90.01439663976686,74.31399002597692,78.8006593921984,60.387842181446686,67.64473384564079,78.31430286296019
2249,Prov. Sulawesi Utara,Kota. Kotamobagu,P,Profesi,62,59.0,15.64776732147657,50.42687941959324,47.33889531307697,45.33502781230595,30.669469609092225,29.70007712776679,30.742510033261915
2250,Prov. Sulawesi Utara,Kota. Kotamobagu,P,S1,162,3371.0,894.0444684863985,417.6897055625196,433.10269087908415,439.73786393337065,247.47011093793293,400.9336601825235,409.55882286901215
2251,Prov. Sumatera Barat,Kab. Agam,L,Profesi,327,141.0,33.18259112995141,223.52518469860095,175.8983152147356,166.7280560413716,269.23567509719584,339.76001957496095,407.76427668689007
2252,Prov. Sumatera Barat,Kab. Agam,L,S1,565,3410.0,802.5009627881866,728.7269072408785,603.609712212119,583.6376207345502,590.9010151815119,453.4950977782378,600.087214269678
2253,Prov. Sumatera Barat,Kab. Agam,L,S2,71,220.0,51.774255663753976,93.40242510801835,81.02923193833713,76.99088064843787,80.12620584304099,91.37451823352768,117.02245246074278
2254,Prov. Sumatera Barat,Kab. Agam,L,S3,3,60.0,14.120251544660174,12.32986168012826,11.072466754049197,13.66442701821615,10.161906757662528,8.611227606655003,7.774205545308587
2255,Prov. Sumatera Barat,Kab. Agam,P,Profesi,1369,380.0,89.42825978284777,650.629878589918,505.9400962457053,476.49788008591736,669.4208970705715,659.4243228778271,1144.0942359292003
2256,Prov. Sumatera Barat,Kab. Agam,P,S1,1612,7630.0,1795.6253214292856,1843.1492254627667,1531.6634361934548,1497.2310958685648,1333.0285667805315,1317.3452486979895,1430.4176994712402
2257,Prov. Sumatera Barat,Kab. Agam,P,S2,87,230.0,54.12763092119734,108.53802195563419,93.9389961787895,89.66087600629844,80.38549025044928,92.27763596936889,128.23917339535848
2258,Prov. Sumatera Barat,Kab. Agam,P,S3,3,33.0,7.7661383495630965,7.338314256451692,6.516123189716503,7.99590729987839,5.65148226756695,6.032890656234628,4.837457987351962
2259,Prov. Sumatera Barat,Kab. Dharmas Raya,L,Profesi,9,11.0,2.588712783187699,12.360270038391334,10.157929025549631,9.766142719825215,8.590208261705465,4.678371378653629,6.799458620556792
2260,Prov. Sumatera Barat,Kab. Dharmas Raya,L,S1,110,700.0,164.7362680210354,112.063440790249,98.7680810681141,98.9629168964274,97.34118960265226,89.3741129114574,85.79088637540106
2261,Prov. Sumatera Barat,Kab. Dharmas Raya,L,S2,17,29.0,6.824788246585752,9.1983744207151,8.480835833399674,8.33867755705124,7.389731769773292,8.963681350831719,7.753935187398242
2262,Prov. Sumatera Barat,Kab. Dharmas Raya,P,D3,24,43.0,10.119513607006459,8.908950290131152,6.952686329159447,6.188367338936387,7.121503380036355,8.911373431955713,7.915094919454221
2263,Prov. Sumatera Barat,Kab. Dharmas Raya,P,Profesi,42,46.0,10.825526184239468,65.933782582901,56.59260025500112,57.59416006851717,37.94638231350042,34.930819893150314,35.34427621510327
2264,Prov. Sumatera Barat,Kab. Dharmas Raya,P,S1,401,1906.0,448.5533240687049,363.8963395300305,327.75937252907244,339.1141285147046,356.166270836191,352.5407642483376,382.80380648154073
2265,Prov. Sumatera Barat,Kab. Dharmas Raya,P,S2,12,30.0,7.060125772330087,12.148195995779288,11.701308478230102,12.182368963875088,8.294640437158694,8.846515424918925,7.874028626034859
2266,Prov. Sumatera Barat,Kab. Lima Puluh Koto,L,D3,103,351.0,82.60347153626202,107.38098362107976,95.27409088467512,101.0436496552748,79.73794074171931,72.71174402072265,98.77000129803255
2267,Prov. Sumatera Barat,Kab. Lima Puluh Koto,L,D4,158,726.0,170.85504369038813,144.8385265226754,130.7643824039214,144.889633105165,112.97883062889227,120.07870596181901,136.00645764621495
2268,Prov. Sumatera Barat,Kab. Lima Puluh Koto,P,D2,2,2.0,0.4706750514886725,1.0013932543931054,0.8040592708711286,0.7366616524851026,0.9676312494459388,2.853706164539619,1.8296896661612625
2269,Prov. Sumatera Barat,Kab. Lima Puluh Koto,P,D3,133,337.0,79.30874617584132,115.59293772140308,102.74347323421728,109.99469942062018,76.7270451110628,68.04140280243963,97.81953558204688
2270,Prov. Sumatera Barat,Kab. Lima Puluh Koto,P,D4,160,684.0,160.970867609126,150.9474515646002,135.76478626828992,150.8656261291994,132.122200180656,111.59189356854112,113.18762949570097
2271,Prov. Sumatera Barat,Kab. Padang Pariaman,L,D3,104,384.0,90.36960988582513,117.83446533014947,106.29724781604328,113.76007539475435,100.59044141383,80.28476974625646,94.91164692963363
2272,Prov. Sumatera Barat,Kab. Padang Pariaman,L,D4,47,165.0,38.83069174781548,32.187496447940745,29.283279537120915,32.40752299356639,36.895230745038006,28.77545352382258,25.34135596684099
2273,Prov. Sumatera Barat,Kab. Padang Pariaman,L,S1,37,208.0,48.95020535482194,36.975533790031086,32.97146864298565,34.35889556613111,33.66419918013418,29.941568756697244,33.25647883952241
2274,Prov. Sumatera Barat,Kab. Padang Pariaman,P,D3,10,42.0,9.884176081262122,14.27413453259086,12.831019627661796,13.77512432576735,15.566011111765594,12.431300907471002,11.77268849005178
2275,Prov. Sumatera Barat,Kab. Padang Pariaman,P,D4,24,82.0,19.297677111035572,17.69700833735668,16.03745661993062,17.79700222370827,21.1035557663231,10.223363408838713,7.910328520142123
2276,Prov. Sumatera Barat,Kab. Padang Pariaman,P,S1,200,937.0,220.51126162244307,184.79323479793302,164.22052041759713,171.6855132877312,187.68070687184132,197.78056924575253,161.35073377720454
2277,Prov. Sumatera Barat,Kab. Pasaman,L,S1,18,181.0,42.59609215972486,35.352853186241965,30.115445692423567,32.16839849931781,36.07221234776147,21.900799761802855,22.971145071583468
2278,Prov. Sumatera Barat,Kab. Pasaman,P,S1,39,325.0,76.48469586690928,68.80196269834717,57.98345131547311,61.622652873337515,61.87096453969637,39.90108296834084,60.7144709597289
2279,Prov. Sumatera Barat,Kab. Pasaman Barat,L,S1,89,925.0,217.68721131351103,103.66606015386009,84.10366548922248,74.38817612220389,115.00217829027244,114.71836139943318,130.24937491504517
2280,Prov. Sumatera Barat,Kab. Pasaman Barat,P,D3,19,100.0,23.533752574433624,30.633479998877988,28.22949012215711,29.485684811769733,32.623624167329176,31.501577154112717,32.29852950801379
2281,Prov. Sumatera Barat,Kab. Pasaman Barat,P,S1,154,1374.0,323.353760372718,191.80853908725726,161.24432685411867,149.60504569770688,175.90967375596628,160.33933193122408,192.01350807366555
2282,Prov. Sumatera Barat,Kab. Pesisir Selatan,L,S1,69,426.0,100.25378596708724,73.15656128061434,67.22488164102035,69.89718527790292,89.64897908347999,71.52928623773927,61.93116834299466
2283,Prov. Sumatera Barat,Kab. Pesisir Selatan,P,S1,96,699.0,164.50093049529104,127.18656851385123,114.75694335293811,117.6950634232277,141.0266584673054,111.8897444237389,107.40175974875581
2284,Prov. Sumatera Barat,Kab. Sawahlunto/ Sijunjung,L,S1,7,42.0,9.884176081262122,5.484538675887911,4.086309951204662,3.7451695930922027,5.660290774874276,7.588857340865108,7.41585133381316
2285,Prov. Sumatera Barat,Kab. Sawahlunto/ Sijunjung,P,S1,11,77.0,18.12098948231389,12.069669561702613,9.204018799756836,8.725250059503411,13.271451789702443,20.28075470895663,20.772465196319924
2286,Prov. Sumatera Barat,Kab. Solok,L,S1,12,71.0,16.708964327847873,13.649242513667714,11.56589390868213,12.279956145577355,10.087166444110974,16.942814872339525,15.041999275728799
2287,Prov. Sumatera Barat,Kab. Solok,P,S1,5,55.0,12.943563915938494,11.724465242999552,9.903726864476678,10.55311883830692,12.683055353957418,11.06769555869064,16.12410521419106
2288,Prov. Sumatera Barat,Kab. Solok Selatan,L,S1,33,136.0,32.00590350122973,23.47077674332838,19.996534093867034,20.638687521754445,15.274325524555918,15.45023000019036,8.259466909744457
2289,Prov. Sumatera Barat,Kab. Solok Selatan,P,S1,66,267.0,62.835119373737776,51.43933951152328,43.68121952390227,45.224970532198064,36.31794614277223,30.91510347324858,36.77383188980346
2290,Prov. Sumatera Barat,Kab. Tanah Datar,L,D3,20,40.0,9.41350102977345,8.281654528234792,6.908100557893531,6.09845055109125,6.359596457636649,11.118872332140382,10.811553827557306
2291,Prov. Sumatera Barat,Kab. Tanah Datar,L,Profesi,743,187.0,44.008117314190876,268.338426244187,246.32783063775548,248.81177126248983,506.538630411194,198.45395172677618,262.31350884861155
2292,Prov. Sumatera Barat,Kab. Tanah Datar,L,S1,430,2579.0,606.9354788946432,452.23420977381943,422.92818397619965,419.8077399347274,461.30472140257496,467.8154680990585,402.9430888345057
2293,Prov. Sumatera Barat,Kab. Tanah Datar,L,S2,72,226.0,53.18628081821999,68.50271653826248,64.06130071416074,59.26587518630611,66.4646082962214,80.25308992525332,86.26320650160207
2294,Prov. Sumatera Barat,Kab. Tanah Datar,P,D3,5,11.0,2.588712783187699,3.1787386458024427,2.853487299491323,2.7593339230734406,2.0862881905004884,3.389350738664165,5.18865628231208
2295,Prov. Sumatera Barat,Kab. Tanah Datar,P,Profesi,1034,407.0,95.78237297794486,630.3886618812016,571.7141565597591,573.6519070618336,555.9583877461616,560.6960835331398,715.6275642943191
2296,Prov. Sumatera Barat,Kab. Tanah Datar,P,S1,1459,5988.0,1409.2011041570854,1215.7439800894965,1149.805496698165,1164.4223883672548,1261.3183151805954,1010.9095161707487,1032.9185475020001
2297,Prov. Sumatera Barat,Kab. Tanah Datar,P,S2,109,283.0,66.60051978564717,99.83086335442562,94.57448632088257,89.44039081462503,95.37009223755905,93.12282928491403,93.04795760945538
2298,Prov. Sumatera Barat,Kota Bukittinggi,L,D3,58,259.0,60.95241916778309,62.03464644875989,59.466988350131636,58.62894326454378,64.92728323917301,64.08439700559815,60.29254083177436
2299,Prov. Sumatera Barat,Kota Bukittinggi,L,D4,1,16.0,3.76540041190938,3.148247817119585,3.314666522174715,3.7254876902731118,3.236387986933897,3.648511999521555,2.8920762748497593
2300,Prov. Sumatera Barat,Kota Bukittinggi,L,Profesi,29,41.0,9.648838555517786,38.69776410051341,33.83248673520274,30.78981755846477,47.22175541754411,25.2533512894918,32.89053918823459
2301,Prov. Sumatera Barat,Kota Bukittinggi,L,S1,197,1634.0,384.54151706624543,212.45990358444936,197.00755952416677,184.49837382420736,191.50045118075448,310.83046314685663,253.44893773411857
2302,Prov. Sumatera Barat,Kota Bukittinggi,L,S2,64,182.0,42.831429685469196,49.39806445554015,48.75166382652702,45.69494065291332,59.48486211457742,44.06398348806718,56.52669191859989
2303,Prov. Sumatera Barat,Kota Bukittinggi,P,D3,296,880.0,207.0970226550159,270.4288599817802,271.2737788462051,283.7289128768944,288.0587159922466,244.54278039580842,239.9344686333846
2304,Prov. Sumatera Barat,Kota Bukittinggi,P,D4,14,53.0,12.472888864449821,11.381755632869433,11.882859819168816,13.323130863490848,15.212934876305848,10.76069644793472,9.570902407295721
2305,Prov. Sumatera Barat,Kota Bukittinggi,P,Profesi,637,636.0,149.67466637339786,815.7107960656155,760.6682112065636,750.6087904432632,829.5700895789685,632.5494499903092,664.8985365386999
2306,Prov. Sumatera Barat,Kota Bukittinggi,P,S1,1215,5166.0,1215.7536579952412,899.5734807193776,885.7432798643473,894.868564608634,1072.1242796287763,938.531044722498,917.760625814277
2307,Prov. Sumatera Barat,Kota Bukittinggi,P,S2,100,279.0,65.65916968266981,87.89888395516256,87.80218574717902,84.0430473287308,101.738736732079,73.27040013021248,73.74269623234116
2308,Prov. Sumatera Barat,Kota Padang,L,D2,10,13.0,3.059387834676371,4.555278449845616,3.781886008332415,3.188088118776333,3.159780058505267,4.261772166821202,6.78503435738756
2309,Prov. Sumatera Barat,Kota Padang,L,D3,1923,7491.0,1762.9134053508228,1970.5663778137507,1866.7719937232557,1903.6833412673086,1828.4253847636849,2022.3773631024906,2105.2973099114283
2310,Prov. Sumatera Barat,Kota Padang,L,D4,766,4223.0,993.830371218332,751.6226582741735,733.6544797778652,792.9293544554569,717.4567506633349,780.3898801345978,713.2340587511529
2311,Prov. Sumatera Barat,Kota Padang,L,Profesi,8124,1780.0,418.90079582491853,2179.730817505314,1987.408283043514,1989.1109250312315,1882.7477847746695,1392.5585089645806,1664.5408424839638
2312,Prov. Sumatera Barat,Kota Padang,L,S1,10220,64914.0,15276.700146167843,9596.380564098248,8919.068238318314,8783.662264819992,10694.85626593196,12629.28253552471,10862.037566015557
2313,Prov. Sumatera Barat,Kota Padang,L,S2,1114,3045.0,716.6027658915039,909.6370072543499,886.3729085214586,858.271560982216,847.9151094410443,746.5743952652664,910.2881912946737
2314,Prov. Sumatera Barat,Kota Padang,L,S2 Terapan,3,24.0,5.6481006178640705,8.267406608893886,7.112668977740378,5.703190342181703,6.70473208372417,11.42188961574204,10.722924736325634
2315,Prov. Sumatera Barat,Kota Padang,L,S3,205,1107.0,260.51864099898023,155.25676665694132,155.0220512049136,192.71355603231422,151.017995631983,199.5274967350957,184.2886401679137
2316,Prov. Sumatera Barat,Kota Padang,L,Sp-1,69,332.0,78.13205854711964,65.07529729601457,76.39863975769923,106.74771299905053,71.4477823304202,87.13326020732563,73.46324308660091
2317,Prov. Sumatera Barat,Kota Padang,P,D3,3449,10385.0,2443.980204854932,3167.297130193024,3032.638890371189,3152.720003322004,2918.2433496027315,2785.6518531855136,3209.5815609807605
2318,Prov. Sumatera Barat,Kota Padang,P,D4,1353,6479.0,1524.7518292975547,1289.0960208855247,1258.6467779433078,1370.7533344502474,1178.1074278049136,1495.9215716926888,1414.9242080555578
2319,Prov. Sumatera Barat,Kota Padang,P,Profesi,22625,5758.0,1355.073473235888,7861.665160047251,7158.557264596916,7205.548936794094,5801.801640318229,6016.8675683610945,6345.57422190921
2320,Prov. Sumatera Barat,Kota Padang,P,S1,19681,90515.0,21301.576142748596,16963.85462988791,16499.390542237674,17247.876320149117,18821.47893864693,19618.859685590432,19615.86890546389
2321,Prov. Sumatera Barat,Kota Padang,P,S2,1543,3722.0,875.9262708204195,1359.1803034605907,1363.7873222232026,1375.3773943311378,1128.7449267954917,1059.9829014364932,1169.3494489575437
2322,Prov. Sumatera Barat,Kota Padang,P,S2 Terapan,4,19.0,4.471412989142388,7.0380781808979025,5.974683900623285,4.752172894177151,4.787494031624459,9.440340981310124,8.980602483619965
2323,Prov. Sumatera Barat,Kota Padang,P,S3,196,1022.0,240.51495131071164,169.2602599051823,172.0372563661805,219.83480374226198,140.37061719172635,201.3645489060648,192.1829974305649
2324,Prov. Sumatera Barat,Kota Padang,P,Sp-1,54,291.0,68.48321999160184,62.739449635542066,73.22800323960209,102.37162751079502,60.12119215894539,58.548999594795525,45.66781303991717
2325,Prov. Sumatera Barat,Kota Padang,P,Sp-2,1,2.0,0.4706750514886725,0.7481068789994135,0.8477059194708233,0.8203903543496743,0.7326905743665211,2.4509015805930807,2.3312424419846756
2326,Prov. Sumatera Barat,Kota Padang Panjang,L,D3,4,11.0,2.588712783187699,2.747789060382461,2.424862191212822,2.4278136807024104,2.2281425584590444,3.427493899024723,4.464632238200577
2327,Prov. Sumatera Barat,Kota Padang Panjang,L,S1,258,1793.0,421.9601836595949,290.6472945326232,263.86686637061234,269.3355422318699,256.60898445368497,290.318457096185,304.4673042476898
2328,Prov. Sumatera Barat,Kota Padang Panjang,L,S2,24,82.0,19.297677111035572,23.230455801228647,21.111322936654357,20.101066117008248,23.091664499224056,22.48949563723822,24.902676067714687
2329,Prov. Sumatera Barat,Kota Padang Panjang,L,S2 Terapan,2,7.0,1.6473626802103538,2.6636299146028857,2.248481128246108,1.8787438000293255,2.8013863179998593,2.2743176135985137,2.613284197682052
2330,Prov. Sumatera Barat,Kota Padang Panjang,P,D3,48,81.0,19.062339585291237,23.915416946245962,21.490158398599583,22.12460811883919,21.45032862157798,24.099651093579812,26.24573285551219
2331,Prov. Sumatera Barat,Kota Padang Panjang,P,D4,28,343.0,80.72077133030733,66.58354584763022,61.118496085132094,66.0414191741315,59.51524946118726,71.73479505002497,57.59703819452858
2332,Prov. Sumatera Barat,Kota Padang Panjang,P,S1,271,1841.0,433.25638489532304,343.7269857334781,315.0157088548603,327.3782984764331,334.7334426361521,356.2002333645178,340.73464828813337
2333,Prov. Sumatera Barat,Kota Padang Panjang,P,S2,9,56.0,13.17890144168283,17.434186825089448,15.746839738257767,14.995965919348146,15.835425776872938,15.460732005442186,19.47474852757956
2334,Prov. Sumatera Barat,Kota Padang Panjang,P,S2 Terapan,1,5.0,1.1766876287216812,1.9469441526141442,1.595151230533306,1.297424850410176,1.980134574583453,2.295861406722257,2.5838286507888966
2335,Prov. Sumatera Barat,Kota Pariaman,L,D3,3,19.0,4.471412989142388,3.804604070562512,3.2024784873478835,2.9699567965421982,4.218870316329756,3.6380357882289727,4.4586665359535145
2336,Prov. Sumatera Barat,Kota Pariaman,L,Profesi,38,66.0,15.532276699126193,40.2893939173417,28.39789045611205,22.049101437751514,70.76910513624969,44.39847617871391,52.56409872173144
2337,Prov. Sumatera Barat,Kota Pariaman,L,S1,135,1024.0,240.98562636220032,147.13574922216185,131.58677337582816,129.06061290453815,149.21386840518545,182.61716358504353,159.93008923480832
2338,Prov. Sumatera Barat,Kota Pariaman,P,D3,35,180.0,42.36075463398053,50.006971122520675,45.20858658486125,45.82077198912116,57.49566665262825,45.7814466379575,53.984788524663195
2339,Prov. Sumatera Barat,Kota Pariaman,P,Profesi,252,461.0,108.49059936813902,355.0696684509233,260.437414943074,213.15865500677913,446.47813217103135,158.30041718462735,295.68821339905685
2340,Prov. Sumatera Barat,Kota Pariaman,P,S1,611,2357.0,554.6905481794006,410.46228608748487,376.97359928823766,383.90291881994864,411.3032154368672,419.2936945482717,410.34182126747305
2341,Prov. Sumatera Barat,Kota Payakumbuh,L,D3,6,87.0,20.474364739757252,10.078383577513828,7.208002432157237,5.415508934145764,10.265465160265826,11.052800773483275,11.810166729855824
2342,Prov. Sumatera Barat,Kota Payakumbuh,L,S1,130,849.0,199.80155935694148,109.44587449745723,96.10174618057755,90.06802731105356,92.85377658808437,103.27790875343297,116.7758458620024
2343,Prov. Sumatera Barat,Kota Payakumbuh,P,D3,4,34.0,8.001475875307433,6.683465541851028,5.489506798331474,4.866238367689931,6.820172721442803,6.060847210514122,5.9261915731819315
2344,Prov. Sumatera Barat,Kota Payakumbuh,P,S1,160,639.0,150.38067895063085,107.63476841559824,99.50249291565927,99.62003229218925,92.37301566252734,91.61297440576955,105.3602938614473
2345,Prov. Sumatera Barat,Kota Solok,L,D3,22,132.0,31.064553398252386,27.366506230413876,23.211295959383072,21.69143520766044,22.917618050466437,25.009020654472963,22.73920183426158
2346,Prov. Sumatera Barat,Kota Solok,L,S1,102,874.0,205.68499750054988,94.43389470408697,76.66662822501684,67.2705779681292,71.47093690185591,100.16279389267464,117.5823149256129
2347,Prov. Sumatera Barat,Kota Solok,P,D3,54,223.0,52.48026824098699,68.33651888749826,63.51462581681272,66.36831158522224,62.814803965527105,55.76952036975762,48.36415053416451
2348,Prov. Sumatera Barat,Kota Solok,P,S1,190,1312.0,308.76283377656915,192.74381060232122,166.57029856791146,158.06579188186885,164.78665496286257,146.2591468688879,171.29198492130493
2349,Prov. Sumatera Selatan,Kab. Banyuasin,L,S1,2,136.0,36.06942975797989,23.94731104577852,19.001157597210444,19.816837971307997,20.85150787256799,23.450018907114035,19.320111302774855
2350,Prov. Sumatera Selatan,Kab. Banyuasin,P,S1,12,128.0,33.94769859574578,25.207168109011704,20.442319292316657,21.83248915245995,22.712453820715158,24.850823696929535,19.888713846431035
2351,Prov. Sumatera Selatan,Kab. Lahat,L,S1,56,294.0,77.97362021210358,48.80924768269033,43.84651702039432,42.75151706114063,48.80940791160881,42.55291190027429,40.07546686380963
2352,Prov. Sumatera Selatan,Kab. Lahat,L,S2,44,49.0,12.99560336868393,16.889791570606675,14.872731914034828,14.438889406154853,17.864004242658662,7.078979380462229,5.735035952228675
2353,Prov. Sumatera Selatan,Kab. Lahat,P,S1,103,377.0,99.98658102028249,73.72146255632929,66.10620675492517,66.42747767558362,71.93167501711174,53.75195376766385,50.49886220020074
2354,Prov. Sumatera Selatan,Kab. Lahat,P,S2,40,63.0,16.708632902593624,24.469705399720766,21.947871515612224,21.84005581062412,22.320671974977852,14.924291643740736,16.178590721294672
2355,Prov. Sumatera Selatan,Kab. Muara Enim,L,D1,34,34.0,9.017357439494972,29.428590738890215,9.870752949579138,9.258409215267545,16.710380027298463,14.210308055454561,20.228724237751745
2356,Prov. Sumatera Selatan,Kab. Muara Enim,L,S1,56,404.0,107.14742369282261,57.942850207225035,53.84206410012526,53.37906682784255,51.87913076736425,61.14278915530411,59.03874918631905
2357,Prov. Sumatera Selatan,Kab. Muara Enim,L,S2,11,22.0,5.834760696143805,6.473257758357327,5.9171307802787,5.83951786681653,7.696160397479515,5.195913732003262,3.5539414359965376
2358,Prov. Sumatera Selatan,Kab. Muara Enim,P,D1,9,9.0,2.386947557513375,8.645246705489791,2.9741765228624306,2.854048302386191,5.039735671467241,6.40314696342778,6.611854811274139
2359,Prov. Sumatera Selatan,Kab. Muara Enim,P,S1,114,434.0,115.10391555120053,80.3404588437729,71.484691642006,73.8581677111805,85.88137423471153,68.33686307744708,75.51591606998595
2360,Prov. Sumatera Selatan,Kab. Muara Enim,P,S2,3,5.0,1.3260819763963194,1.5998292991958412,1.5138912231681334,1.5247083754318453,1.7425114960827104,1.8985695794554907,2.002695632518197
2361,Prov. Sumatera Selatan,Kab. Musi Banyu Asin,L,D3,23,83.0,22.012960808178903,23.83321709740338,19.312271888613097,19.292717965013747,24.55803641890221,27.076694001596046,26.51902639810855
2362,Prov. Sumatera Selatan,Kab. Musi Banyu Asin,L,S1,113,588.0,155.94724042420717,91.77367673736487,84.00574516748136,82.42130594164456,92.3091939539637,68.90590059526397,57.52088735208994
2363,Prov. Sumatera Selatan,Kab. Musi Banyu Asin,P,D3,24,85.0,22.54339359873743,28.598247585453315,23.18832024236105,23.857403247859352,22.805654266874445,30.120958175431518,29.042563428827215
2364,Prov. Sumatera Selatan,Kab. Musi Banyu Asin,P,S1,118,748.0,198.3818636688894,133.25491342576476,123.51821190613951,124.41218932171728,122.94235838697392,133.8648809617669,129.71970057552687
2365,Prov. Sumatera Selatan,Kab. Ogan Ilir,L,D3,91,572.0,151.70377809973894,156.66119978281935,142.00195522892548,143.14803836121337,126.09749058063684,159.3388418579545,171.0745739647207
2366,Prov. Sumatera Selatan,Kab. Ogan Ilir,L,Profesi,2805,499.0,132.34298124435267,539.8399928391534,490.44561237496606,459.897511798691,682.1309453894372,460.5779438549893,485.78533140266717
2367,Prov. Sumatera Selatan,Kab. Ogan Ilir,L,S1,2481,13029.0,3455.5044140935292,2256.6414524698484,2176.3949355536383,2182.5293531889633,2293.5577013758975,2378.3653416427387,2242.5061444586145
2368,Prov. Sumatera Selatan,Kab. Ogan Ilir,L,S2,296,937.0,248.50776237667026,290.216686169103,294.00045861255865,288.0328922799306,298.10945591117144,219.09994904596843,245.30224273650973
2369,Prov. Sumatera Selatan,Kab. Ogan Ilir,L,S3,58,450.0,119.34737787566874,74.21986896065262,76.64098939229355,96.64885609565599,86.40616993410214,94.09667674074217,90.93903541386915
2370,Prov. Sumatera Selatan,Kab. Ogan Ilir,L,Sp-1,67,330.0,87.52141044215708,63.3618598385457,68.80354983712505,89.71429162592385,72.63663660381599,75.32228925835803,66.19664929332488
2371,Prov. Sumatera Selatan,Kab. Ogan Ilir,L,Sp-2,7,26.0,6.895626277260861,8.412655539752857,8.929926248063184,8.173397617989181,7.1089215947095985,7.423874592457478,6.978034678619377
2372,Prov. Sumatera Selatan,Kab. Ogan Ilir,P,D3,122,807.0,214.02963099036594,270.3964540633858,241.08335501539946,251.22265259032352,173.32661859944776,168.12947500080853,169.5625331770171
2373,Prov. Sumatera Selatan,Kab. Ogan Ilir,P,Profesi,5712,1363.0,361.48994676563666,1698.9563351301117,1556.3501584935157,1499.955943250171,1950.7079288992823,1395.5246819562037,1351.8147828405633
2374,Prov. Sumatera Selatan,Kab. Ogan Ilir,P,S1,4424,21704.0,5756.256643141143,4409.023693966792,4249.2327405836895,4391.629049227306,4266.985839694365,3792.9977097978376,3797.545850357893
2375,Prov. Sumatera Selatan,Kab. Ogan Ilir,P,S2,441,1231.0,326.48138258877384,468.01913215080714,464.48384284897304,471.33750389970425,492.77195255074196,272.8867728247792,313.48238335003373
2376,Prov. Sumatera Selatan,Kab. Ogan Ilir,P,S3,61,354.0,93.88660392885942,72.51035817313033,72.96527647026939,95.44195296721058,67.5222193216315,76.59738410619623,82.99489914191138
2377,Prov. Sumatera Selatan,Kab. Ogan Ilir,P,Sp-1,72,379.0,100.51701381084101,80.10141004748462,89.54696468260865,119.33688442357862,74.65301391769307,86.46703264771081,89.82560584583516
2378,Prov. Sumatera Selatan,Kab. Ogan Ilir,P,Sp-2,12,23.0,6.099977091423069,8.259084857219367,8.991977811533467,8.420123648130494,6.925267719520269,7.49052837619469,5.292271552917218
2379,Prov. Sumatera Selatan,Kab. Ogan Komering Ilir,L,S1,136,1188.0,315.0770775917655,179.62598001347388,170.5036891782411,166.28455640431102,167.59715050115108,207.8371411187924,165.21213663357483
2380,Prov. Sumatera Selatan,Kab. Ogan Komering Ilir,P,D3,15,48.0,12.730386973404666,16.05372959266072,13.340757662024473,13.686527022144404,14.770812654336783,13.965097804340662,18.42230555720228
2381,Prov. Sumatera Selatan,Kab. Ogan Komering Ilir,P,S1,179,1492.0,395.7028617566617,280.5697623094496,259.354564168509,262.40774157625583,276.9052314222788,253.4924398753149,244.93236230527643
2382,Prov. Sumatera Selatan,Kab. Ogan Komering Ulu,L,D3,6,19.0,5.039111510306014,6.042516644179785,5.076797750650689,4.910321895938339,5.901924713837053,5.8349028888284415,6.911523320131541
2383,Prov. Sumatera Selatan,Kab. Ogan Komering Ulu,L,S1,336,2037.0,540.2457971838605,325.83212980334594,319.9501326601327,301.30330316923414,319.0791945506233,314.55270575565334,298.9677793662096
2384,Prov. Sumatera Selatan,Kab. Ogan Komering Ulu,L,S2,27,83.0,22.012960808178903,25.32674673119804,25.320524011017874,23.50655044666134,29.8884576126083,21.635087105648747,24.096779708629576
2385,Prov. Sumatera Selatan,Kab. Ogan Komering Ulu,P,D3,44,114.0,30.234669061836083,39.4532455338761,34.30412125381454,33.863407970997244,45.29118598978212,42.72964298503259,41.82139072743373
2386,Prov. Sumatera Selatan,Kab. Ogan Komering Ulu,P,Profesi,14,17.0,4.508678719747486,27.401345272237872,21.88766359598765,20.665756141152738,31.401268607176995,9.79855463883789,8.386987987449372
2387,Prov. Sumatera Selatan,Kab. Ogan Komering Ulu,P,S1,477,2594.0,687.9713293544105,507.9660527726815,488.96466457564014,476.9643541161967,547.4308854463548,493.3385773821502,483.88541981522525
2388,Prov. Sumatera Selatan,Kab. Ogan Komering Ulu,P,S2,31,106.0,28.11293789960197,41.36905676786366,39.767404441741846,38.4321973858991,39.122835346636876,36.716490568750494,36.702853865128056
2389,Prov. Sumatera Selatan,Kab. Ogan Komering Ulu Timur,L,S1,499,2581.0,684.5235162157801,347.11371846665327,326.5474684503273,327.66919969843303,293.84674775146857,324.5426983808095,314.0768083327114
2390,Prov. Sumatera Selatan,Kab. Ogan Komering Ulu Timur,L,S2,36,67.0,17.76949848371068,12.44201204228447,13.803257344271053,13.126068217631952,16.07887236953603,12.01436407923164,13.645200646668155
2391,Prov. Sumatera Selatan,Kab. Ogan Komering Ulu Timur,P,S1,602,3169.0,840.4707566399873,526.3671841781554,483.5089452299177,503.07405976314067,465.57711161335305,463.2262860162583,475.7373139666725
2392,Prov. Sumatera Selatan,Kab. Ogan Komering Ulu Timur,P,S2,44,59.0,15.64776732147657,15.079888894412715,15.557668014124861,15.539944774710044,19.042416857816864,15.092490754787333,16.41850987273279
2393,Prov. Sumatera Selatan,Kab. Penukal Abab Lematang Ilir,L,S1,4,30.0,7.956491858377916,2.855890463106712,3.232303985262974,2.9508089165230036,2.4697688489660106,6.054359810405038,6.584702952351267
2394,Prov. Sumatera Selatan,Kab. Penukal Abab Lematang Ilir,P,S1,7,45.0,11.934737787566874,5.122639723240527,5.748009915927937,5.417799626383111,4.7611967986007935,10.357524800453872,9.209488364304338
2395,Prov. Sumatera Selatan,Kota Lubuk Linggau,L,D3,4,6.0,1.5912983716755833,1.0778508170892651,1.167025745702339,1.0742611065107837,1.1568478738588621,1.8925999263975948,1.5091427432769957
2396,Prov. Sumatera Selatan,Kota Lubuk Linggau,L,Profesi,450,234.0,62.06063649534775,336.01811856080366,261.3757495531903,245.85464145502186,209.68515217532385,303.2527444228018,293.52525944707133
2397,Prov. Sumatera Selatan,Kota Lubuk Linggau,L,S1,580,3634.0,963.796380444845,572.9283491532819,562.6437895440716,539.876285412416,494.5155136343568,563.0605685782514,554.3083332379315
2398,Prov. Sumatera Selatan,Kota Lubuk Linggau,L,S2,68,207.0,54.899793822807624,68.06094980774506,65.35369421510434,62.49265755011162,76.09358023758564,49.841014856181474,68.68839032539508
2399,Prov. Sumatera Selatan,Kota Lubuk Linggau,P,D3,30,86.0,22.808609994016695,27.39660506608653,24.579685416525077,24.51488756463142,27.836461833102415,25.824556215701083,27.044456202015116
2400,Prov. Sumatera Selatan,Kota Lubuk Linggau,P,Profesi,2046,1096.0,290.6771692260732,1744.849876227644,1392.7435028019893,1340.1038101046859,986.3606155171453,1031.9360144879356,1103.2586605128572
2401,Prov. Sumatera Selatan,Kota Lubuk Linggau,P,S1,1024,5289.0,1402.7295146320266,1017.0589293911618,980.5069411297146,974.2572363359178,1078.9092015650747,938.5183657027054,952.7946132511341
2402,Prov. Sumatera Selatan,Kota Lubuk Linggau,P,S2,67,168.0,44.556354406916334,65.7368647021139,62.716963816646924,61.88205296269485,63.6015443121592,60.816424966498055,68.78946928042616
2403,Prov. Sumatera Selatan,Kota Pagar Alam,L,S1,154,639.0,169.47327658344963,92.4078240079567,91.56633223601898,86.59101581961735,95.21052806581982,59.352363195911586,50.247343452922124
2404,Prov. Sumatera Selatan,Kota Pagar Alam,P,S1,425,1063.0,281.9250281818575,198.37947082803333,188.34734708201637,185.55298792974034,206.74133680033017,155.04846281476412,144.0881833522046
2405,Prov. Sumatera Selatan,Kota Palembang,L,D3,1628,5327.0,1412.8077376526387,1525.4866494903986,1377.3596391089454,1398.787887562902,1390.049085251507,1283.72901666515,1161.9796918608693
2406,Prov. Sumatera Selatan,Kota Palembang,L,D4,595,3142.0,833.3099139674471,606.0054012467231,592.6812492581455,638.7056469381182,731.6747850300476,594.1641907408401,552.3907841912477
2407,Prov. Sumatera Selatan,Kota Palembang,L,Profesi,1793,619.0,164.16894867786434,821.3753171290678,682.9104353565133,662.9160071058037,759.2727468371517,771.4997715343965,804.7520127092799
2408,Prov. Sumatera Selatan,Kota Palembang,L,S1,5234,35673.0,9461.06446879718,4880.344274340625,5256.328193061587,5174.565365976879,5178.002399866909,5864.910563393939,5183.27630302434
2409,Prov. Sumatera Selatan,Kota Palembang,L,S2,818,2085.0,552.9761841572652,558.6833701680941,607.152298927711,590.0082415897122,637.6856025361978,464.0053772854798,537.0211976739081
2410,Prov. Sumatera Selatan,Kota Palembang,L,S2 Terapan,2,8.0,2.121731162234111,2.7605809322178376,2.4639468365910693,2.297951943921708,2.552317214789035,3.74622285280831,4.128671375032402
2411,Prov. Sumatera Selatan,Kota Palembang,L,S3,39,198.0,52.51284626529425,26.128387731190568,29.992134954176947,37.15824411609003,32.9367250910856,28.377219103818966,27.782547041457104
2412,Prov. Sumatera Selatan,Kota Palembang,P,D3,2764,8943.0,2371.8302229824567,2909.255346092979,2665.7383700928735,2777.609924627849,2715.1316846594314,2576.103784173621,2670.1060205903955
2413,Prov. Sumatera Selatan,Kota Palembang,P,D4,1106,4583.0,1215.4867395648664,986.2741791216597,990.1370036998561,1090.1313578902825,1063.3291439269144,1033.2063777030414,941.1573672167018
2414,Prov. Sumatera Selatan,Kota Palembang,P,Profesi,7488,2774.0,735.710280504678,4044.705160730546,3464.693074042186,3436.770021003285,2858.3493910883044,3241.565206790096,3842.8030778353714
2415,Prov. Sumatera Selatan,Kota Palembang,P,S1,9090,45052.0,11948.529040121397,7821.204046987499,8118.741483234364,8318.593157335967,8516.930677591039,9264.426202985758,8193.773180411297
2416,Prov. Sumatera Selatan,Kota Palembang,P,S2,910,1941.0,514.7850232370512,644.7189717617777,683.3505183077253,688.6412437841132,685.312587910815,523.2614942960655,579.8690866943433
2417,Prov. Sumatera Selatan,Kota Palembang,P,S2 Terapan,3,3.0,0.7956491858377917,1.3214701250937837,1.1350897187081146,1.1017635148174771,1.7956207205316985,2.0806368259425967,1.8392982790467403
2418,Prov. Sumatera Selatan,Kota Palembang,P,S3,13,79.0,20.952095227061847,12.513802773306594,14.216226894967805,18.193285101193844,14.96849686491497,12.033870925134483,12.685143120329226
2419,Prov. Sumatera Selatan,Kota Prabumulih,L,D3,62,246.0,65.24323323869892,62.89273171838456,57.404537509096244,54.27202042648847,60.14610477286555,58.12600807771645,50.80066357049417
2420,Prov. Sumatera Selatan,Kota Prabumulih,L,S1,48,473.0,125.44735496709181,63.59911282738848,66.56583636124131,61.56016227499477,57.54543024116522,42.65973888797257,36.205226595704396
2421,Prov. Sumatera Selatan,Kota Prabumulih,P,D3,26,166.0,44.025921616357806,52.720674039364845,46.88652961707818,45.98114887949182,52.23302799477341,46.58603231526357,36.41553378543615
2422,Prov. Sumatera Selatan,Kota Prabumulih,P,S1,132,777.0,206.07313913198803,138.5820073657885,137.17063421684114,132.6473789868967,135.79828296880996,131.3375872913378,134.90015767164607
2423,Prov. Sumatera Utara,Kab. Asahan,L,D3,1,22.0,5.106725648421984,7.222545896503233,6.995765897363195,7.6792204968204025,9.718979421250403,7.631604940085065,6.427602063350406
2424,Prov. Sumatera Utara,Kab. Asahan,L,Profesi,456,211.0,48.978141446229024,348.1121104566806,304.86222842887673,322.15968887135745,525.4084731848122,414.04983112882803,417.0328624808917
2425,Prov. Sumatera Utara,Kab. Asahan,L,S1,647,5495.0,1275.5207926399455,677.9005759599542,589.7015333427813,546.312216918913,714.9948232408289,599.617448565772,666.8166159444967
2426,Prov. Sumatera Utara,Kab. Asahan,L,S2,9,49.0,11.374070762394417,13.180540079920586,12.492341696822884,11.839333108510742,14.883583501084095,13.55926726837745,13.668719013802415
2427,Prov. Sumatera Utara,Kab. Asahan,P,D3,50,132.0,30.6403538905319,41.29385784982255,38.86898212889352,40.930896867993795,61.8038645301572,47.14312930416265,44.05287531368049
2428,Prov. Sumatera Utara,Kab. Asahan,P,Profesi,2219,1249.0,289.9227424945026,2084.8397445567643,1799.7898941043711,1861.4926162167096,4557.545330460658,1346.0375651079305,1295.1705055564512
2429,Prov. Sumatera Utara,Kab. Asahan,P,S1,1466,7414.0,1720.9665435182085,1263.3912080817283,1166.517942914906,1173.6758765783163,1330.3607124887965,1256.0258585770193,1227.769613797461
2430,Prov. Sumatera Utara,Kab. Asahan,P,S2,5,14.0,3.249734503541262,4.974170852867861,4.951513962409966,5.021309525690796,6.477602724930618,3.3065778224339097,2.3094972316238898
2431,Prov. Sumatera Utara,Kab. Batubara,P,S1,15,2.0,0.4642477862201803,0.410441948309362,0.32968631457129854,0.36267105797866117,0.45980503493204844,2.2079025061280824,3.153813201857822
2432,Prov. Sumatera Utara,Kab. Dairi,L,S1,57,800.0,185.69911448807213,69.14091069078349,49.90484863775884,41.35905495355611,37.6684825289728,55.58979911089805,65.67777920582088
2433,Prov. Sumatera Utara,Kab. Dairi,P,S1,147,1235.0,286.67300799096137,111.65377498155853,80.0740934615768,65.68063055261607,54.0836250365368,78.31489528299637,87.70700648484885
2434,Prov. Sumatera Utara,Kab. Deli Serdang,L,D3,79,806.0,187.09185784673267,148.43738414926545,130.40463234706152,118.78817279213048,198.02752579982527,154.89359919318417,149.97615285717293
2435,Prov. Sumatera Utara,Kab. Deli Serdang,L,D4,100,769.0,178.50327380165933,113.9090593681499,112.43308439586973,116.98984670539997,143.03918626906258,112.22351635486835,97.431567497915
2436,Prov. Sumatera Utara,Kab. Deli Serdang,L,Profesi,256,329.0,76.36876083321967,333.61415365848404,270.8137169716246,244.85261008021067,809.8020466032079,489.97331343302824,466.02607477311886
2437,Prov. Sumatera Utara,Kab. Deli Serdang,L,S1,1860,11075.0,2570.7721161942486,1561.4478749586603,1459.3469374928961,1423.5630533209685,1888.66231589273,1722.1692214386396,1772.1569316108228
2438,Prov. Sumatera Utara,Kab. Deli Serdang,L,S2,196,687.0,159.46911456663193,170.5552250213155,165.05055815553496,153.32667724046516,201.16367876519655,171.54575636395094,179.08086536976734
2439,Prov. Sumatera Utara,Kab. Deli Serdang,L,S3,10,47.0,10.909822976174237,8.13544701474956,9.433867560138127,13.703814725995976,7.1964947117516065,5.757766431799634,5.845126199973986
2440,Prov. Sumatera Utara,Kab. Deli Serdang,P,D3,201,957.0,222.1425657063563,233.97892481578316,216.15072800012143,211.04186819499307,361.746143530345,262.36640161384696,265.9124569041804
2441,Prov. Sumatera Utara,Kab. Deli Serdang,P,D4,420,1634.0,379.29044134188734,290.9423682012503,294.3443797036186,316.85524726320443,442.98764316411985,434.2294087205036,426.8496145464537
2442,Prov. Sumatera Utara,Kab. Deli Serdang,P,Profesi,2032,2428.0,563.5968124712989,2913.6819059917957,2420.057365331897,2256.827440106676,6475.393697063778,3268.2417517930294,3158.854568092143
2443,Prov. Sumatera Utara,Kab. Deli Serdang,P,S1,4025,19848.0,4607.195030449069,3413.988379728081,3286.8756040695375,3339.067526877724,4227.04764708192,3610.2680817993405,3513.623970726608
2444,Prov. Sumatera Utara,Kab. Deli Serdang,P,S2,338,1234.0,286.44088409785127,324.36244236312183,312.7817150706432,288.7446633663765,404.7941499403176,289.3984101307767,368.506178000921
2445,Prov. Sumatera Utara,Kab. Deli Serdang,P,S3,2,26.0,6.035221220862344,4.621898292835116,5.301969083477532,7.575850545959017,5.541535070944187,5.7117470454940005,4.933978603075689
2446,Prov. Sumatera Utara,Kab. Humbang Hasudutan,L,D3,9,23.0,5.338849541532074,7.139140409278732,5.685882696907006,6.301671409291431,6.809647299419044,6.790421682413225,6.553453648361659
2447,Prov. Sumatera Utara,Kab. Humbang Hasudutan,L,S1,2,21.0,4.874601755311893,3.9998138487899073,3.210876855135611,3.5336526549088734,4.553375404787231,6.018549339876966,5.766679137480997
2448,Prov. Sumatera Utara,Kab. Humbang Hasudutan,P,D3,34,123.0,28.55123885254109,39.50076598996965,31.176807069509987,34.07285704572068,26.856396110894142,28.789779383592993,35.60346046479293
2449,Prov. Sumatera Utara,Kab. Humbang Hasudutan,P,S1,7,44.0,10.213451296843967,8.531943022429866,6.761437254983096,7.298180409895094,5.935903289292549,8.296209824556875,8.144760216230413
2450,Prov. Sumatera Utara,Kab. Karo,L,D3,26,87.0,20.194778700577842,22.664150324943307,19.031310395924923,19.637648311359527,21.425836602055355,14.269885931314823,17.499523755824093
2451,Prov. Sumatera Utara,Kab. Karo,L,Profesi,1,5.0,1.1606194655504507,8.000969654402056,6.371628364758552,6.768862678179562,8.983749911756968,4.487030904796306,3.6552564929744222
2452,Prov. Sumatera Utara,Kab. Karo,L,S1,111,876.0,203.340530364439,116.19445114985461,94.07377476133527,90.55807267792883,89.48873318817384,120.74475559329828,127.18147326454128
2453,Prov. Sumatera Utara,Kab. Karo,P,D3,76,261.0,60.584336101733534,79.8410543017642,68.47136412046753,72.68388863579837,86.5741392874989,63.9036778743793,56.17991948301668
2454,Prov. Sumatera Utara,Kab. Karo,P,Profesi,1,5.0,1.1606194655504507,8.620726819639103,6.869371534872521,7.294475065814048,8.2275982375983,4.4355752640036545,4.291731113870754
2455,Prov. Sumatera Utara,Kab. Karo,P,S1,209,1197.0,277.85230005277793,176.99632351749415,144.55408675538433,140.68457806818176,138.55892735427634,147.91251282387321,145.75122433920828
2456,Prov. Sumatera Utara,Kab. Labuhan Batu,L,D3,9,105.0,24.373008776559466,12.408580817742248,9.172124061501744,7.241988529231753,10.426134511823886,11.474480503159656,10.944920305166315
2457,Prov. Sumatera Utara,Kab. Labuhan Batu,L,Profesi,241,248.0,57.56672549130236,132.7854978250305,86.58302817635487,63.57041131446975,58.081376380253396,66.1290201603534,93.27137177901085
2458,Prov. Sumatera Utara,Kab. Labuhan Batu,L,S1,589,4640.0,1077.0548640308184,683.5285633539181,603.8867554691543,601.3428874128916,649.4583360361105,656.2546042372429,605.4536873539367
2459,Prov. Sumatera Utara,Kab. Labuhan Batu,L,S2,32,146.0,33.89008839407316,56.18661807867979,56.42889516250563,61.02691459214557,58.971648953294014,36.747608887297424,39.351914729813544
2460,Prov. Sumatera Utara,Kab. Labuhan Batu,P,D3,52,229.0,53.15637152221065,54.02380368716487,46.2706702591577,44.88252666229819,48.950112670673754,49.625948837641346,45.29078996445394
2461,Prov. Sumatera Utara,Kab. Labuhan Batu,P,Profesi,956,975.0,226.3207957823379,567.5287134676734,371.0726571673287,273.1439954586921,224.4375828739584,219.95700566074677,166.9987278955858
2462,Prov. Sumatera Utara,Kab. Labuhan Batu,P,S1,887,5327.0,1236.5239785974502,962.9150093676155,878.0706734408164,912.9429006633594,893.073738358518,921.5367947388886,882.8260203711181
2463,Prov. Sumatera Utara,Kab. Labuhan Batu,P,S2,13,65.0,15.08805305215586,26.95222682790525,27.084986110731606,29.27927069215612,26.60685790312991,30.6628552165759,32.361784397144554
2464,Prov. Sumatera Utara,Kab. Labuhan Batu Utara,L,S1,8,26.0,6.035221220862344,4.499023485588186,3.530111446671578,3.7622711288362183,2.9854724398632593,6.039927011983723,5.345389043121878
2465,Prov. Sumatera Utara,Kab. Labuhan Batu Utara,P,S1,41,67.0,15.552300838376041,10.996662230768907,8.375821013412455,8.550380981130889,13.493665221526346,14.988546199210655,12.521465145151904
2466,Prov. Sumatera Utara,Kab. Langkat,L,D3,1,21.0,4.874601755311893,6.273717307894943,5.626055401322367,6.092202487369306,6.073953136224266,6.473154943854546,5.917702408759824
2467,Prov. Sumatera Utara,Kab. Langkat,L,Profesi,1,16.0,3.7139822897614425,21.81077207419348,17.282911423165476,17.44421516137666,20.936434270439793,9.296280738524379,12.606257223924505
2468,Prov. Sumatera Utara,Kab. Langkat,L,S1,140,1400.0,324.9734503541262,253.38987878420443,228.3393457090032,244.4771503660271,244.94095719602691,175.8605451179659,179.32331061742988
2469,Prov. Sumatera Utara,Kab. Langkat,P,D3,58,467.0,108.4018580824121,156.98644433225692,142.3271517792079,156.30411365066246,158.63009995973104,115.05519196996275,136.8803338765597
2470,Prov. Sumatera Utara,Kab. Langkat,P,Profesi,5,42.0,9.749203510623786,65.95165016947176,53.130149034716304,54.814382987492436,35.59527094123507,36.89482659706847,37.7285008391914
2471,Prov. Sumatera Utara,Kab. Langkat,P,S1,454,3097.0,718.8876969619492,626.5491554842538,569.9102287453105,617.462750744641,700.7627649256792,521.7270611810445,497.4701720502908
2472,Prov. Sumatera Utara,Kab. Mandailing Natal,L,S1,130,1170.0,271.5849549388055,161.16659556314934,137.9858743249054,132.97634785375328,143.2918848212493,119.72990468972299,128.31518149758824
2473,Prov. Sumatera Utara,Kab. Mandailing Natal,P,D3,65,214.0,49.674513125559294,71.67321181071388,65.82262152866721,71.19689277515236,73.09670358781706,51.932498416575726,32.1552464845107
2474,Prov. Sumatera Utara,Kab. Mandailing Natal,P,S1,349,2249.0,522.0466356045928,375.62685348746845,330.96278613736956,331.6502934881872,398.80188343447486,315.239678197756,338.83527487888597
2475,Prov. Sumatera Utara,Kab. Nias Barat,L,S1,12,44.0,10.213451296843967,8.671473823169283,8.047493605371718,8.424289060660174,7.890261450294953,12.040362760272423,8.822685630863017
2476,Prov. Sumatera Utara,Kab. Nias Barat,P,S1,14,65.0,15.08805305215586,14.461866243701229,13.579351888857097,14.432535365199483,14.03149958771029,18.271611831890297,14.698540295282779
2477,Prov. Sumatera Utara,Kab. Nias Selatan,L,D3,2,44.0,10.213451296843967,4.552219861836009,3.1208123263935375,2.3181389646780297,3.2806852795006276,9.633970763503347,10.492969701726997
2478,Prov. Sumatera Utara,Kab. Nias Selatan,L,S1,212,2793.0,648.3220334564818,249.15630093142963,186.67642538066391,154.28075656112884,111.78982469889368,263.99395811689465,240.1848158439322
2479,Prov. Sumatera Utara,Kab. Nias Selatan,P,D3,9,40.0,9.284955724403606,6.142870877003585,4.547570122076624,3.758362694464764,2.888235450219449,9.585712808810182,10.063977789664472
2480,Prov. Sumatera Utara,Kab. Nias Selatan,P,S1,369,2704.0,627.6630069696838,316.2500415847085,248.41962124090176,219.1404931923141,316.9122156733326,245.3278786804386,263.0341767938891
2481,Prov. Sumatera Utara,Kab. Padang Lawas,L,S1,40,313.0,72.65477854345822,23.08736442913315,15.130887506216546,12.001227587134974,13.69733624366258,19.325065441544925,26.071340599235402
2482,Prov. Sumatera Utara,Kab. Padang Lawas,P,S1,171,844.0,195.9125657849161,65.53312631640837,42.73764776032919,33.62028438490601,34.882065272555536,55.082040802867716,64.37200649888307
2483,Prov. Sumatera Utara,Kab. Padang Lawas utara,L,S1,174,485.0,112.58008815839372,69.35476473996262,57.630679002421836,57.22520148327435,63.57880726092136,56.24949455094076,53.701753421081335
2484,Prov. Sumatera Utara,Kab. Padang Lawas utara,P,D3,101,255.0,59.19159274307299,83.59863397116632,73.47886088906107,80.29780632843081,90.8645153982215,63.60536932700137,57.94225981778178
2485,Prov. Sumatera Utara,Kab. Padang Lawas utara,P,Profesi,9,29.0,6.731592900192615,39.87381032963081,30.353441915411498,30.058514847318943,28.92674129518336,27.068558719760112,24.52918077607123
2486,Prov. Sumatera Utara,Kab. Padang Lawas utara,P,S1,209,772.0,179.1996454809896,124.49967620360093,104.64646114319314,105.46227541346843,116.56520147614481,123.31906827615359,123.09746541861641
2487,Prov. Sumatera Utara,Kab. Simalungun,L,D3,31,233.0,54.08486709465101,35.06941136743364,26.401445306673242,22.67534927358097,26.854846224909014,18.385113618952225,18.996795953566853
2488,Prov. Sumatera Utara,Kab. Simalungun,L,S1,167,747.0,173.39654815323735,138.8582667836828,124.44132356035543,134.10106140680242,172.48711192686312,160.08011329515932,180.62277719975336
2489,Prov. Sumatera Utara,Kab. Simalungun,L,S2,5,43.0,9.981327403733877,15.969716313671132,15.291675576130896,16.395123190928043,14.637979419958219,10.238344330285095,12.130955121522867
2490,Prov. Sumatera Utara,Kab. Simalungun,P,D3,35,339.0,78.68999976432056,67.97887881221475,53.86057998000681,49.64160792791784,74.46646954129578,38.01084277823992,71.29629696908216
2491,Prov. Sumatera Utara,Kab. Simalungun,P,S1,410,1824.0,423.39398103280445,376.0344532334234,339.52464030707176,369.2735385516562,364.6064244132449,330.86088066538707,309.1417520579065
2492,Prov. Sumatera Utara,Kab. Simalungun,P,S2,17,62.0,14.39168137282559,24.53264835359013,23.44268882313368,25.029235610294975,23.09142581027007,20.934358651752717,23.481874999981372
2493,Prov. Sumatera Utara,Kab. Tapanuli Selatan,L,S1,35,501.0,116.29407044815517,77.0208583157365,61.50029541985971,61.72511001768479,74.75615415684325,98.7313834248689,74.77219166858288
2494,Prov. Sumatera Utara,Kab. Tapanuli Selatan,P,S1,58,419.0,97.25991121312778,73.72954057702361,59.76147749171403,61.17853133527654,77.526632841657,70.75165521376533,51.29834851065114
2495,Prov. Sumatera Utara,Kab. Tapanuli Tengah,L,S1,36,398.0,92.38530945781588,55.84702151632653,45.2025921741784,45.039516770793576,36.33642760570229,46.54271671249007,49.800895393011466
2496,Prov. Sumatera Utara,Kab. Tapanuli Tengah,P,S1,57,585.0,135.79247746940274,104.2517459222898,87.80084282322811,92.38977431523206,65.38263435874225,67.67587953219699,81.88920270532182
2497,Prov. Sumatera Utara,Kab. Tapanuli Utara,L,D3,31,100.0,23.212389311009016,31.4339596548884,29.494965677674454,32.006528444559585,29.283170332426984,30.41287552965294,26.275747824935088
2498,Prov. Sumatera Utara,Kab. Tapanuli Utara,L,S1,288,1873.0,434.76805179519886,278.66546185488033,247.76594540472024,244.7726999562475,253.37893032118353,271.2485603113792,279.7062713209494
2499,Prov. Sumatera Utara,Kab. Tapanuli Utara,L,S2,22,135.0,31.33672556986217,33.62487179890002,30.62781199659848,28.375572829956486,31.408190472634093,22.52068451430947,23.243275181009178
2500,Prov. Sumatera Utara,Kab. Tapanuli Utara,L,S3,5,60.0,13.92743358660541,6.336574599134704,6.14447582505229,7.537424030303643,9.508359682775538,7.377838227508766,6.6038745788376
2501,Prov. Sumatera Utara,Kab. Tapanuli Utara,P,D3,102,284.0,65.92318564326561,93.0784644500619,86.70994750826587,93.02483218682072,72.02849347265867,71.8787290643228,81.31349763395215
2502,Prov. Sumatera Utara,Kab. Tapanuli Utara,P,S1,475,2608.0,605.3791132311152,432.7282820506167,388.1485529471313,387.73489310243974,383.92408245321343,391.3166969629078,374.4618668485039
2503,Prov. Sumatera Utara,Kab. Tapanuli Utara,P,S2,21,137.0,31.800973356082352,36.01269351950313,32.66156488420674,30.037906148249135,31.132629281778566,22.522193628804168,28.272720157334767
2504,Prov. Sumatera Utara,Kab. Tapanuli Utara,P,S3,9,38.0,8.820707938183427,3.897082690550236,3.688887082537767,4.368628974692071,9.340951192503804,5.983143462044242,4.814342651544386
2505,Prov. Sumatera Utara,Kab. Toba Samosir,L,D3,76,261.0,60.584336101733534,81.07924407620459,76.78448898775333,84.95146447972567,62.24418551735815,69.00544256547171,64.7360897242182
2506,Prov. Sumatera Utara,Kab. Toba Samosir,L,D4,24,150.0,34.81858396651352,28.401661815474142,28.546322242349145,33.21174930704519,33.096886595819335,21.23605531794501,19.490720894924685
2507,Prov. Sumatera Utara,Kab. Toba Samosir,L,S1,86,509.0,118.15106159303589,97.71449902902926,92.94922378732478,101.76951279970814,73.08270292349404,109.84969354263826,114.11936805200374
2508,Prov. Sumatera Utara,Kab. Toba Samosir,P,D3,189,570.0,132.3106190727514,191.35925817994132,180.6881551960918,199.06911936664955,145.59452272387833,162.66511052564186,179.34912235939981
2509,Prov. Sumatera Utara,Kab. Toba Samosir,P,D4,33,127.0,29.47973442498145,25.483485582664372,25.82322741065392,30.249475185993443,30.89712338747776,20.776889694257836,16.817982647480292
2510,Prov. Sumatera Utara,Kab. Toba Samosir,P,S1,249,936.0,217.26796395104438,179.58952690323875,168.2830096181984,180.04866830644818,131.59891478838557,200.97210968601317,185.40834866818602
2511,Prov. Sumatera Utara,Kota Binjai,L,D3,33,76.0,17.641415876366853,17.924203287341005,15.484587260411942,15.630127429951362,18.423724422442813,16.970739796895938,18.15963020592211
2512,Prov. Sumatera Utara,Kota Binjai,L,S1,292,2591.0,601.4330070482436,291.79290570236475,239.47993748414484,220.84230930690867,240.82516050813587,291.9974732988248,260.94003612648464
2513,Prov. Sumatera Utara,Kota Binjai,P,D3,92,374.0,86.81433602317372,110.90349131695737,99.53959990690662,105.8556580099975,124.46380240151368,104.05100625559444,123.7301504472451
2514,Prov. Sumatera Utara,Kota Binjai,P,S1,742,5329.0,1236.9882263836705,765.5001011374068,654.1239715074405,637.672545404928,650.3173431430309,657.5745554331089,703.5456233366831
2515,Prov. Sumatera Utara,Kota Gunung Sitoli,L,D3,5,34.0,7.892212365743065,5.769224879028432,4.346266777473806,3.8971169366174485,7.706288370971543,6.833516948533365,7.183764851432927
2516,Prov. Sumatera Utara,Kota Gunung Sitoli,L,S1,452,3201.0,743.0285818453985,415.7941135495689,332.7804187818059,319.0450332337006,295.48378667099394,331.75520345901197,329.4425913641487
2517,Prov. Sumatera Utara,Kota Gunung Sitoli,P,D3,8,216.0,50.13876091177947,67.18197257917548,57.46581539209405,61.521453059958624,61.28662700300869,55.86636278729506,27.20982658375367
2518,Prov. Sumatera Utara,Kota Gunung Sitoli,P,S1,606,2919.0,677.5696439883532,525.2465152368953,446.5486714359134,465.4525533239533,515.6008350204759,443.44209622059316,433.7856267146833
2519,Prov. Sumatera Utara,Kota Medan,L,D1,3,6.0,1.3927433586605409,3.023061065731261,1.225895827163606,0.9664669472719724,1.67850391259665,3.0572306346213645,4.962554790582921
2520,Prov. Sumatera Utara,Kota Medan,L,D3,2519,10799.0,2506.7059216958637,2825.9064542499227,2951.4243126302986,3020.2804548101294,2673.118852736637,2295.456807642969,2433.8656940421333
2521,Prov. Sumatera Utara,Kota Medan,L,D4,786,4952.0,1149.4775186811664,894.1517810740647,1005.6168266413749,1109.3221552863438,733.9375005137362,1086.6219117090113,874.9989103686052
2522,Prov. Sumatera Utara,Kota Medan,L,Profesi,10412,10078.0,2339.3445947634887,14731.700411512678,14418.324207953092,14891.133153910796,16965.858271945577,9798.42718364781,11316.177196399796
2523,Prov. Sumatera Utara,Kota Medan,L,S1,15039,106770.0,24783.868067364325,14410.033012498374,14580.679672795352,14006.882850682461,12856.872341538054,17736.523156701744,15526.849863547486
2524,Prov. Sumatera Utara,Kota Medan,L,S2,2543,7944.0,1843.9922068665562,2187.418467302785,2363.5775278438823,2260.9472034368614,2526.015648408072,1678.2251614006386,1987.3976874615505
2525,Prov. Sumatera Utara,Kota Medan,L,S2 Terapan,16,65.0,15.08805305215586,18.602058515965112,19.490632374651852,15.875167912921533,15.379511635390289,14.232431288631656,15.475330697506719
2526,Prov. Sumatera Utara,Kota Medan,L,S3,338,1335.0,309.8853973019704,184.2849923983206,220.59470538510232,295.48868976259547,180.61938931842656,278.81508341887564,243.04821648262663
2527,Prov. Sumatera Utara,Kota Medan,L,Sp-1,125,547.0,126.97176953121932,89.84078280571468,125.58084130672951,176.90925959262688,98.1864533439706,119.41280999135283,110.08071184264946
2528,Prov. Sumatera Utara,Kota Medan,P,D1,3,5.0,1.1606194655504507,3.9464051335781165,1.7503992038636356,1.5633009893028715,2.496326156870659,2.595105697048523,3.5769535209097874
2529,Prov. Sumatera Utara,Kota Medan,P,D3,4243,15064.0,3496.7143258103983,4614.555046306004,4919.990473996118,5175.825093265745,4764.909184900005,3452.754914878315,3465.735642504621
2530,Prov. Sumatera Utara,Kota Medan,P,D4,1149,6484.0,1505.0913229258247,1313.4932731792096,1492.4859645664824,1668.1706973833946,1366.4925453616167,1584.0259152468168,1447.7588673065577
2531,Prov. Sumatera Utara,Kota Medan,P,Profesi,34802,33078.0,7678.194136295562,51456.853895769804,50524.07534312607,52264.43580235945,57479.95084505085,20672.272182664907,28248.989731104484
2532,Prov. Sumatera Utara,Kota Medan,P,S1,27103,130216.0,30226.2448652235,22638.565897518754,23943.205389465038,24437.77046051626,24956.767253532507,23073.99705869749,21996.16192585357
2533,Prov. Sumatera Utara,Kota Medan,P,S2,2541,6944.0,1611.868313756466,2290.189373202487,2539.2088701402713,2515.3162636722936,2307.6226467623624,1828.0311265852924,2018.820160546653
2534,Prov. Sumatera Utara,Kota Medan,P,S2 Terapan,13,38.0,8.820707938183427,13.856549121439103,15.118483464387529,13.018716008928017,13.44102725166703,7.262657320596779,9.77911525748858
2535,Prov. Sumatera Utara,Kota Medan,P,S3,209,1033.0,239.78398158272313,165.56000610296334,201.85701881047223,277.1103792646882,167.36555078495329,205.0379524710807,198.19826668181705
2536,Prov. Sumatera Utara,Kota Medan,P,Sp-1,133,531.0,123.25778724145788,89.98588762583599,124.5706300356344,172.88780162804164,113.86946812375112,119.9152972083588,107.19073318549093
2537,Prov. Sumatera Utara,Kota Medan,P,Sp-2,1,16.0,3.7139822897614425,5.899549225420534,6.98788509440534,6.561642374215593,4.886790368733274,4.675541800569289,3.114670907064055
2538,Prov. Sumatera Utara,Kota Padang Sidempuan,L,D3,1,14.0,3.249734503541262,4.138030748026025,3.996015469526903,4.244971934074263,3.7729632224798295,3.5215336461795386,4.241487227658283
2539,Prov. Sumatera Utara,Kota Padang Sidempuan,L,Profesi,1055,640.0,148.5592915904577,1007.3233105370884,891.713816451101,929.7619457424131,1242.0873879851645,813.4358192332741,858.4467036714456
2540,Prov. Sumatera Utara,Kota Padang Sidempuan,L,S1,882,7948.0,1844.9207024389966,1306.665515988958,1243.2100053280512,1269.8697437793778,1397.1823447519002,1325.0948491940337,1306.1604285904816
2541,Prov. Sumatera Utara,Kota Padang Sidempuan,L,S2,89,288.0,66.85168121570597,106.97105689070747,111.90477296231722,118.41826456350485,119.95912841131438,71.24413519630437,69.70325117042813
2542,Prov. Sumatera Utara,Kota Padang Sidempuan,P,D3,148,591.0,137.18522082806328,196.005640125082,191.2305830138679,205.82963043402376,200.6103715920944,188.56176777831215,201.34507063360851
2543,Prov. Sumatera Utara,Kota Padang Sidempuan,P,Profesi,4854,3055.0,709.1384934513254,5162.639528390355,4569.091644137761,4756.377737166022,6440.662336276659,4014.782910736163,4073.696089999238
2544,Prov. Sumatera Utara,Kota Padang Sidempuan,P,S1,2982,14785.0,3431.9517596326828,2858.8885006637493,2778.4235971830467,2920.4234812290183,3206.2749204054317,2695.785181970698,2674.850718490782
2545,Prov. Sumatera Utara,Kota Padang Sidempuan,P,S2,148,402.0,93.31380503025625,156.42836253802506,162.653884550674,170.43970502474923,147.41607174972123,126.82214939135373,134.70786753882925
2546,Prov. Sumatera Utara,Kota Pematang Siantar,L,D3,83,438.0,101.6702651822195,79.33317894403031,64.56393323567023,57.587451841964246,58.30610671680163,58.02722472174084,60.12215511073269
2547,Prov. Sumatera Utara,Kota Pematang Siantar,L,Profesi,119,214.0,49.674513125559294,355.22327925905034,301.54179805690006,316.55023977160994,257.7065389272597,486.7367157812073,492.64120477840004
2548,Prov. Sumatera Utara,Kota Pematang Siantar,L,S1,768,6432.0,1493.0208804841,881.3540570752676,764.2354394062285,730.6019193285332,707.8793002929782,834.0435058504352,813.0031762625724
2549,Prov. Sumatera Utara,Kota Pematang Siantar,L,S2,75,227.0,52.692123735990464,63.33758094338723,58.611796316739735,55.7476601228308,58.42719409790953,71.95137828385947,73.43083493088272
2550,Prov. Sumatera Utara,Kota Pematang Siantar,P,D3,143,506.0,117.45468991370562,118.24101512920349,100.50302604502284,95.168880060782,81.11966885837468,118.75049713506756,111.69591404176806
2551,Prov. Sumatera Utara,Kota Pematang Siantar,P,Profesi,552,1099.0,255.10415852798909,1968.0964640597524,1672.2105214982607,1755.436285128774,1399.265344301904,1357.19513622241,1285.9249850997996
2552,Prov. Sumatera Utara,Kota Pematang Siantar,P,S1,1130,7159.0,1661.7749507751355,1220.0945764375274,1100.6916527732237,1109.4835786739388,1071.3586121914168,1151.6327428181587,1199.9114715122626
2553,Prov. Sumatera Utara,Kota Pematang Siantar,P,S2,74,164.0,38.068318470054784,52.781497609570685,49.67204143241434,48.31317077387442,46.03112739777967,49.782212301850635,46.45801787202081
2554,Prov. Sumatera Utara,Kota Sibolga,L,D3,9,13.0,3.017610610431172,3.0511169934587,2.5024472341785273,2.516063584086189,2.7308774282757273,3.942985825310963,4.260642021788616
2555,Prov. Sumatera Utara,Kota Sibolga,L,S1,99,771.0,178.9675215878795,87.9486729540075,68.78341706190646,63.52164301961906,65.76377714264977,100.86276832224354,91.55340716918549
2556,Prov. Sumatera Utara,Kota Sibolga,P,D3,50,85.0,19.730530914357665,23.00137218235771,19.18328762112267,19.721069272074768,19.90230295634747,14.862585298471263,13.017972577122151
2557,Prov. Sumatera Utara,Kota Sibolga,P,S1,244,1346.0,312.43876012618136,194.58906348557713,158.27340496553126,154.25374448292544,142.46445683646914,171.21705069506942,161.06073822218875
2558,Prov. Sumatera Utara,Kota Tanjung Balai,L,S1,19,319.0,74.04752190211876,29.080541374443857,21.508756834124974,18.449093580653166,21.43016113490682,22.356076702210615,28.23183164151879
2559,Prov. Sumatera Utara,Kota Tanjung Balai,P,D3,8,68.0,15.78442473148613,12.957531159392916,9.916913388325986,9.07663102051495,17.948312631024013,16.82571982874152,18.21249356880725
2560,Prov. Sumatera Utara,Kota Tanjung Balai,P,S1,87,919.0,213.32185776817286,96.13098642485136,72.21773968013129,63.23501267867451,78.17278276785336,69.73082232886989,76.69728068887466
2561,Prov. Sumatera Utara,Kota Tebing Tinggi,L,D3,4,36.0,8.356460151963246,5.146181567687163,3.7297689633826097,3.1549961813077654,2.8353982795745125,6.4156384311013515,8.281778523469443
2562,Prov. Sumatera Utara,Kota Tebing Tinggi,L,S1,143,1440.0,334.25840607852984,199.2271771433487,162.20105559371126,158.67248148289914,164.12220874212935,196.75599393942278,191.4326089157883
2563,Prov. Sumatera Utara,Kota Tebing Tinggi,L,S2,12,26.0,6.035221220862344,9.89956251080525,9.29329992806552,10.067585541460234,8.099263517544085,5.095554743345704,4.864532663618572
2564,Prov. Sumatera Utara,Kota Tebing Tinggi,P,D3,14,46.0,10.677699083064148,11.075821511825582,9.087904724584421,9.095123324919218,10.734350853566257,11.662689585526143,12.881358585065486
2565,Prov. Sumatera Utara,Kota Tebing Tinggi,P,S1,360,2500.0,580.3097327752254,444.42312882606205,377.68782344430093,391.88952962793684,472.2023077965503,474.29354320398716,454.6164670292241
2566,Prov. Sumatera Utara,Kota Tebing Tinggi,P,S2,9,27.0,6.267345113972434,10.098936590104405,9.280008346445817,9.743011617186827,9.54333591510314,6.172697528503122,6.037575471087872
