row_id,provinsi_pt,kabupaten_pt,jk,nm_jenj_didik,jumlah_lulusan,jumlah_terdaftar,ExposureRateBaseline,NB2_Offset,PoissonRate,TweedieRate,HistGBPoissonRate,RandomForestLogCount,ExtraTreesLogCount
0,Prov. Aceh,Kab. Aceh Barat,L,D2,21,149.0,35.11899897153519,53.592118818556145,44.349118516128065,38.26355445506549,43.71977998017295,40.357691049676575,47.06616795958516
1,Prov. Aceh,Kab. Aceh Barat,L,Profesi,35,85.0,20.03432827235229,92.58446762052685,84.54332056983063,83.0591141291342,78.55404320950855,80.48924564199949,69.6710595042957
2,Prov. Aceh,Kab. Aceh Barat,L,S1,554,4231.0,997.2381520037945,652.4350469856607,630.1414752051704,654.4531863413752,743.0653930348487,625.4678615634293,542.2039469400197
3,Prov. Aceh,Kab. Aceh Barat,L,S2,5,66.0,15.556066658532366,20.87635316717055,21.38198566156645,22.120895469908763,25.439227381233447,22.918803970353103,21.012651796847155
4,Prov. Aceh,Kab. Aceh Barat,P,D2,4,26.0,6.128147471543054,8.989039468686773,6.83734845841588,5.503707012466655,6.654043596202666,6.228074020707621,8.95668125156041
5,Prov. Aceh,Kab. Aceh Barat,P,D3,14,19.0,4.478261613819924,6.078908800292798,6.131217472760712,6.719756486038934,6.9075369683427965,5.215454501656273,5.554501526267702
6,Prov. Aceh,Kab. Aceh Barat,P,Profesi,55,151.0,35.590394930884656,182.0248452576294,164.25964880510773,161.0806952835467,140.91687134169277,121.59363333327201,97.47125662629904
7,Prov. Aceh,Kab. Aceh Barat,P,S1,1464,7356.0,1733.7943384873347,1316.8275197920202,1288.0569316553153,1365.7254805778489,1463.4442533031745,1227.5614911279838,1308.8030120066385
8,Prov. Aceh,Kab. Aceh Barat,P,S2,4,43.0,10.135013126013511,16.41921878761746,17.378292284880498,18.709166597159946,17.394629503576652,12.266410264514601,13.77326295570246
9,Prov. Aceh,Kab. Aceh Barat Daya,L,S1,26,345.0,81.31580298778283,39.77169934463761,30.17151622684058,26.266400445320546,45.87955523330279,32.042689557231206,30.9660370383762
10,Prov. Aceh,Kab. Aceh Barat Daya,P,S1,75,754.0,177.71627667474854,103.12917063133749,80.19590570235903,72.4270545077033,87.77433388058496,104.0024872666463,112.23449110498463
11,Prov. Aceh,Kab. Aceh Besar,L,D3,340,1451.0,341.9977685080373,376.1167170188316,350.0606656352835,363.07317597494205,337.72572956178044,304.1678433548004,325.98568052665803
12,Prov. Aceh,Kab. Aceh Besar,L,D4,59,313.0,73.77346763819138,49.641231937506824,47.70514232536267,51.68059573095052,46.35321404518152,23.255470751930673,13.902124366924296
13,Prov. Aceh,Kab. Aceh Besar,L,Profesi,33,120.0,28.28375756096794,103.73370750594493,81.12830655090444,71.01125653400922,96.8334547611659,102.59690527151702,107.06311546530972
14,Prov. Aceh,Kab. Aceh Besar,L,S1,339,4502.0,1061.112304495647,612.1457105478197,534.365098153621,518.9596194502939,683.3777840782247,661.6926926948523,582.2268104457025
15,Prov. Aceh,Kab. Aceh Besar,L,S2,10,94.0,22.155610089424886,23.368880269102924,20.39731595706799,18.71336167178574,29.376427308764573,18.192126967409095,23.329201596600033
16,Prov. Aceh,Kab. Aceh Besar,P,D3,1119,4509.0,1062.7621903533702,1245.1276915555181,1123.0054463804238,1141.5687225671406,1211.1762209079654,862.925625371641,828.2930949797576
17,Prov. Aceh,Kab. Aceh Besar,P,D4,460,1573.0,370.75292202835476,271.2763023502373,255.30585216226157,273.7545069905044,268.9424349748078,333.41831200278045,331.85158766688767
18,Prov. Aceh,Kab. Aceh Besar,P,Profesi,96,331.0,78.01603127233656,366.55057762724726,305.42790648021355,286.23260394767493,264.733048794171,333.10316597105907,329.2459350349182
19,Prov. Aceh,Kab. Aceh Besar,P,S1,480,3582.0,844.270163194893,626.4040967545774,584.2734005792792,612.0641639283006,705.9435359744577,707.5334028306214,692.8387952977163
20,Prov. Aceh,Kab. Aceh Besar,P,S2,3,18.0,4.242563634145191,5.776741596070916,5.393292483536581,5.317235728428266,6.146732725344681,5.42790594128682,5.929974019499683
21,Prov. Aceh,Kab. Aceh Jaya,L,S1,9,106.0,24.98398584552168,18.65358366756945,15.024641914682375,15.752352592415736,12.472057968692921,17.02614368918966,17.408592718342668
22,Prov. Aceh,Kab. Aceh Jaya,P,S1,40,149.0,35.11899897153519,30.25873287422269,24.609056298246443,26.275523042752898,20.551224725480452,12.645418838574653,20.268693586336784
23,Prov. Aceh,Kab. Aceh Selatan,L,S1,20,435.0,102.52862115850878,56.85716680532057,49.610587902016874,45.79807174324139,46.761815076899865,52.36981745196769,47.32708277534161
24,Prov. Aceh,Kab. Aceh Selatan,P,S1,72,433.0,102.05722519915932,57.699281658237126,47.69703727944209,42.255467485396814,38.416720449486114,46.183922195713755,46.244662618362945
25,Prov. Aceh,Kab. Aceh Singkil,L,D3,7,28.0,6.599543430892519,7.325847871769981,6.354631740918495,6.495261640647494,5.736973623709539,6.356816519215627,8.82655934081372
26,Prov. Aceh,Kab. Aceh Singkil,L,S1,46,515.0,121.38445953248741,62.196908071024936,47.36544545596168,42.54223315191821,54.42846904662474,37.898857784428536,33.04199970854104
27,Prov. Aceh,Kab. Aceh Singkil,P,D3,40,108.0,25.455381804871145,32.93471592119536,28.994186266124217,30.325218466161,29.261643115495353,32.244254415835194,33.892031219199865
28,Prov. Aceh,Kab. Aceh Singkil,P,S1,94,619.0,145.89704941865963,88.2487695221609,68.64230113198698,63.4020415397158,71.33465673130034,82.26975955206261,85.00056737138532
29,Prov. Aceh,Kab. Aceh Tamiang,L,S1,93,1664.0,392.20143817875544,260.77232562980896,204.22805316977403,202.59906386188268,268.22188363598246,265.07697440384845,223.36110069209062
30,Prov. Aceh,Kab. Aceh Tamiang,P,S1,51,1282.0,302.16480994300747,202.44036832273966,149.30290019902318,141.3420687894803,216.6518070834186,166.71135606520625,196.78600152170185
31,Prov. Aceh,Kab. Aceh Tengah,L,D4,11,48.0,11.313503024387176,5.356361569836492,4.368437524420663,3.955075645529274,18.15793602451439,5.9948656844616925,5.083075958057879
32,Prov. Aceh,Kab. Aceh Tengah,L,Profesi,346,70.0,16.4988585772313,86.7627212501535,83.03605241143576,85.44169573890022,76.6874002730641,58.32046481288397,50.493866734567774
33,Prov. Aceh,Kab. Aceh Tengah,L,S1,209,2486.0,585.9451774713858,241.38989509441723,180.08388310223796,146.6167421104509,196.75645159586364,278.85402196863544,237.15334946418986
34,Prov. Aceh,Kab. Aceh Tengah,L,S2,3,207.0,48.7894817926697,46.05353571751831,38.603998466883546,33.21550953384911,82.23004049214471,43.54798935335976,71.45664952804823
35,Prov. Aceh,Kab. Aceh Tengah,P,D4,5,14.0,3.2997717154462594,1.8761670913584731,1.576985976801903,1.4820630508512433,2.4654582150281708,3.071713633016426,2.7505479291407036
36,Prov. Aceh,Kab. Aceh Tengah,P,Profesi,1010,146.0,34.411905032510994,209.1497689743993,202.27085179276253,212.11362606257606,161.63619201339995,106.39564654605799,104.32882510660419
37,Prov. Aceh,Kab. Aceh Tengah,P,S1,246,2611.0,615.4074249307274,308.9640654217969,239.3524397492552,203.70845935607403,183.9834125856398,289.19338292070233,294.0087802331641
38,Prov. Aceh,Kab. Aceh Tengah,P,S2,13,260.0,61.281474715430534,77.29776035877691,70.54791194677114,66.31864531807776,68.61279487016859,75.27386796739461,86.63011775121147
39,Prov. Aceh,Kab. Aceh Tenggara,L,Profesi,9,47.0,11.077805044712443,62.61311437916423,55.33220670785445,58.881943468066396,61.170327869864174,31.661680618573428,28.84367160733461
40,Prov. Aceh,Kab. Aceh Tenggara,L,S1,453,2651.0,624.8353441177168,413.74121912952404,350.52197618917944,357.9240796775331,460.37143550209663,400.2507803300284,365.97600495889634
41,Prov. Aceh,Kab. Aceh Tenggara,P,D3,53,186.0,43.83982421950031,61.28802752333032,54.76278827883697,59.86947494300971,80.43417172052116,53.37533391181843,47.21735924873316
42,Prov. Aceh,Kab. Aceh Tenggara,P,Profesi,6,62.0,14.613274739833436,91.17614077934294,79.520850136748,84.36388681641081,85.97592287364868,51.088646690243756,51.79131594789771
43,Prov. Aceh,Kab. Aceh Tenggara,P,S1,472,2554.0,601.9726400892677,465.9576566312997,401.24860793498647,419.8436905957778,582.0481138298769,466.4715244556659,438.4852913127954
44,Prov. Aceh,Kab. Aceh Timur,L,D3,2,140.0,32.9977171544626,21.04638115020628,14.008070590623179,10.876592944241013,21.594546431704394,15.331989265561868,17.57116604374994
45,Prov. Aceh,Kab. Aceh Timur,P,D3,10,226.0,53.26774340648962,40.25237395703761,27.42008882632254,21.957089662172592,35.48884805882068,29.24899208772198,35.26937081945771
46,Prov. Aceh,Kab. Aceh Utara,L,D3,6,14.0,3.2997717154462594,4.198166956259717,3.541944539971803,3.1365822931885283,2.6087239918450655,3.4402078715371136,2.985405360582344
47,Prov. Aceh,Kab. Aceh Utara,L,Profesi,293,363.0,85.55836662192802,560.4151803764008,496.68391864031724,457.07609553740264,632.1120023327699,838.1920526336064,828.0022494075483
48,Prov. Aceh,Kab. Aceh Utara,L,S1,1630,8837.0,2082.863046385614,1751.4348856578679,1560.0843492593754,1441.1154838147647,1315.7874441347096,1398.6535937472165,1316.1798215344324
49,Prov. Aceh,Kab. Aceh Utara,L,S2,119,401.0,94.51488984956787,141.00250915258582,123.70967065596847,106.70557841516555,138.72546956478115,97.60304267936894,107.74099704521736
50,Prov. Aceh,Kab. Aceh Utara,P,D3,36,68.0,16.02746261788183,24.918617011437075,21.862366136153224,20.265150726521902,16.443835942796916,22.95812274477213,21.843659488228585
51,Prov. Aceh,Kab. Aceh Utara,P,Profesi,1095,1255.0,295.80096449178967,2163.2174662093366,1903.236178372579,1755.6420799934826,2330.999773813314,1689.225616459696,1985.0423847616714
52,Prov. Aceh,Kab. Aceh Utara,P,S1,2965,13121.0,3092.5931913121694,2996.2173741002866,2692.47273433958,2530.0934935854657,2311.097529421808,2586.3303912574293,2417.0847577747654
53,Prov. Aceh,Kab. Aceh Utara,P,S2,91,283.0,66.70252824794939,120.1154814309316,108.89671224583984,97.73951648294452,100.04392709676877,104.64766964465836,117.0666537352601
54,Prov. Aceh,Kab. Bener Meriah,L,S1,7,176.0,41.482844422752976,27.00328871275824,21.99111643471006,21.894911513307132,27.17311241178448,29.33877309412405,26.651939167645796
55,Prov. Aceh,Kab. Bener Meriah,P,S1,11,616.0,145.18995547963542,105.10565351704417,84.80059846819734,84.47131479080956,114.52466253529391,103.1092093552859,101.29938032325944
56,Prov. Aceh,Kab. Bireuen,L,D3,8,24.0,5.656751512193588,4.841593761001975,3.8654807833022047,3.5265393369370606,5.093496676829136,4.024106228735421,4.442980903670681
57,Prov. Aceh,Kab. Bireuen,L,Profesi,906,510.0,120.20596963411374,657.5057222391206,616.2663871219256,648.0429569127629,507.8805759939802,645.8319082822493,610.792830552722
58,Prov. Aceh,Kab. Bireuen,L,S1,824,8373.0,1973.4991838165379,1143.2093629969513,975.2849527241074,937.6220249502169,1225.507691170273,931.2015919163941,906.0166262492426
59,Prov. Aceh,Kab. Bireuen,L,S2,180,655.0,154.38217668695,188.81365023756962,173.53517984895717,169.53354527754203,215.34700599476415,156.38464631169654,151.88337482232274
60,Prov. Aceh,Kab. Bireuen,P,D3,87,293.0,69.05950804469671,64.8593071373809,50.94959439740369,46.207645309351506,66.67004910603345,42.415599290198315,41.476654893237814
61,Prov. Aceh,Kab. Bireuen,P,Profesi,4079,2418.0,569.917714853504,3503.99658623344,3271.5880773637855,3459.638140440835,2104.130063303011,2187.3183442628997,2472.3902906844805
62,Prov. Aceh,Kab. Bireuen,P,S1,1559,10540.0,2484.256705771684,1715.4593037936274,1502.5569494415568,1494.1500406367013,1731.2492745126592,1518.613645755379,1454.7856671335435
63,Prov. Aceh,Kab. Bireuen,P,S2,243,607.0,143.06867366256282,185.2827058270723,164.50803272103903,157.06041547089012,229.24220262798033,160.03876701980312,176.6124928419431
64,Prov. Aceh,Kab. Nagan Raya,L,S1,182,458.0,107.94967469102764,86.34860995791415,72.05871150138577,78.08628680713954,59.40955008719264,30.998927320970164,41.94111775330163
65,Prov. Aceh,Kab. Nagan Raya,P,S1,117,377.0,88.85813833737427,78.46090099794854,64.62068486029015,69.81218913321888,54.353804688955435,30.274305729754044,40.796020594405526
66,Prov. Aceh,Kab. Pidie,L,D3,25,117.0,27.57666362194374,29.501760898811536,26.89633564171745,27.527871515600033,27.294981281812078,43.65550921024175,45.94878128054267
67,Prov. Aceh,Kab. Pidie,L,Profesi,25,29.0,6.835241410567252,31.33545689964282,27.308415821395585,26.599391859779036,34.068365174056616,16.227438709675596,16.617412594522328
68,Prov. Aceh,Kab. Pidie,L,S1,316,2120.0,499.67971691043357,267.6584860397377,223.31961368747838,208.46110636351543,299.43108420385477,245.4364366278475,221.30408424690017
69,Prov. Aceh,Kab. Pidie,P,D3,80,223.0,52.56064946746542,67.6381760457955,63.61846094563334,67.72240404297415,70.11273653971264,61.81477306575113,64.15059549775488
70,Prov. Aceh,Kab. Pidie,P,Profesi,130,115.0,27.105267662594276,150.63664895945217,135.95298941130406,138.0796395576853,147.56199017603754,112.38269137919612,81.89872640365556
71,Prov. Aceh,Kab. Pidie,P,S1,597,3464.0,816.4578015932746,549.9499240271252,484.221239844187,479.657292003634,649.9371430853295,498.5940641579793,557.5091275562978
72,Prov. Aceh,Kab. Pidie Jaya,L,S1,127,456.0,107.47827873167817,80.90134826842142,77.4221043163787,81.60186077416182,82.17781624568775,70.86946123386826,66.20625943448404
73,Prov. Aceh,Kab. Pidie Jaya,P,S1,35,184.0,43.36842826015084,35.40722547685782,33.14064376903237,34.530761268654196,34.18805586262172,32.75721524559444,41.90290205870573
74,Prov. Aceh,Kab. Sabussalam,P,D3,32,91.0,21.44851615040069,30.04244620354523,26.0572693110059,28.029893859204844,25.457889135425784,22.326972527672122,23.645519171815828
75,Prov. Aceh,Kab. Sabussalam,P,S1,5,384.0,90.5080241950974,52.57305844164676,37.87735686681196,33.95180854026317,48.47356390543268,46.32911279456502,44.605415308595745
76,Prov. Aceh,Kota Banda Aceh,L,D3,289,1730.0,407.7575048372878,415.08874110665204,370.04671790973475,365.217211929489,381.4809586043621,356.883969952434,402.6061905908322
77,Prov. Aceh,Kota Banda Aceh,L,D4,16,158.0,37.240280788607784,26.60403217842707,26.255572994405725,28.751377982356153,24.448864924156773,29.958798228809812,29.448125905422163
78,Prov. Aceh,Kota Banda Aceh,L,Profesi,4620,4200.0,989.9315146338779,5166.306882426783,4822.368524052125,4901.067440566427,6223.458806217409,5791.171679342136,5275.965427129596
79,Prov. Aceh,Kota Banda Aceh,L,S1,4628,31757.0,7485.06074053049,4998.086303870508,4684.115722425232,4792.590292567821,4996.37376580993,4698.279440765836,4804.801786626293
80,Prov. Aceh,Kota Banda Aceh,L,S2,522,1474.0,347.41882204055617,457.42447898797485,445.49111905643946,445.68785092250727,478.9998110207041,400.87734866393805,441.3822835544941
81,Prov. Aceh,Kota Banda Aceh,L,S3,87,603.0,142.12588174386389,86.18856152850594,88.82225853442957,114.96823865890998,88.6315988232918,124.96001825798764,128.50277428065465
82,Prov. Aceh,Kota Banda Aceh,L,Sp-1,31,284.0,66.93822622762413,55.291698746836246,64.94513734959882,93.76262493604203,79.8100761407346,59.620427309232106,52.372448629490734
83,Prov. Aceh,Kota Banda Aceh,P,D3,472,2291.0,539.9840714348129,644.8048493200571,585.0003218396065,590.5084371089846,613.4183865292475,533.3470712902005,580.1726307023637
84,Prov. Aceh,Kota Banda Aceh,P,D4,53,334.0,78.72312521136077,65.23289221686251,65.16971012740036,72.81312605760006,67.55351312347888,52.68125400423426,63.390276447962556
85,Prov. Aceh,Kota Banda Aceh,P,Profesi,11977,11730.0,2764.737301584616,15822.90139452778,14527.154821521432,14672.66995388882,18971.36426920883,10878.17842096048,12403.26601577139
86,Prov. Aceh,Kota Banda Aceh,P,S1,8610,42119.0,9927.363205920072,7936.232037375089,7658.344838178983,8156.145495316288,8145.943388982584,7740.33367251722,7782.6058796287125
87,Prov. Aceh,Kota Banda Aceh,P,S2,655,1663.0,391.9657401990807,627.206921690689,633.4241797483332,661.5767025001227,638.4823936745561,558.562514930121,630.3510981485335
88,Prov. Aceh,Kota Banda Aceh,P,S3,50,360.0,84.85127268290381,61.793640036262474,65.63160317478867,88.18128989372441,57.22083663529621,78.8444975213498,66.8563950450323
89,Prov. Aceh,Kota Banda Aceh,P,Sp-1,26,263.0,61.98856865445473,56.32631702688991,65.17932666833445,93.65729353550216,51.38075201079927,47.65486142227179,48.424002572091766
90,Prov. Aceh,Kota Langsa,L,D3,3,16.0,3.7711676747957252,2.7926390950350295,2.1162940689249066,1.8239269546185923,2.905618108872009,2.6534758959196587,2.8813930562021697
91,Prov. Aceh,Kota Langsa,L,Profesi,726,481.0,113.3707282235465,623.9005818338718,599.814484666328,640.5359264940697,667.3162351810479,552.2584916875153,568.8994943974908
92,Prov. Aceh,Kota Langsa,L,S1,633,5825.0,1372.9407316053187,777.4001829416774,670.440668549957,646.7352991496791,697.042427043066,753.507742324015,784.795941701812
93,Prov. Aceh,Kota Langsa,L,S2,54,169.0,39.83295856502985,47.386371728720164,43.90358951614846,42.85780062000223,52.41134417921256,53.536923716261676,54.59658656194145
94,Prov. Aceh,Kota Langsa,P,D3,60,223.0,52.56064946746542,53.916357475154456,45.316895393302104,43.413119460841884,50.49718965008238,30.605279985460644,39.76368491339789
95,Prov. Aceh,Kota Langsa,P,Profesi,1421,595.0,140.24029790646603,848.6440324384915,803.6160119120817,853.9639050674766,868.7749145310215,622.8795925384826,593.3780447473168
96,Prov. Aceh,Kota Langsa,P,S1,1587,10325.0,2433.5816401416164,1734.2582842496338,1579.1279404670988,1617.6409598764271,1743.5719311241617,1679.9684862464962,1579.2630992846246
97,Prov. Aceh,Kota Langsa,P,S2,42,133.0,31.347831296739464,45.51559074813031,43.824756070111086,44.753554593436924,49.04274621646117,48.755564152411296,50.11682293341782
98,Prov. Aceh,Kota Lhokseumawe,L,D3,234,1268.0,298.86503822756123,271.16706678798624,232.18376651861738,222.60746427171802,249.1655030729361,245.51846533072418,301.96859957434924
99,Prov. Aceh,Kota Lhokseumawe,L,D4,304,2281.0,537.6270916380656,341.11889607520396,322.8464382936453,343.4889221434845,307.5360127467339,402.61732701889525,371.70788362529066
100,Prov. Aceh,Kota Lhokseumawe,L,Profesi,106,231.0,54.446233304863284,171.086509934961,125.33204850048199,102.32978999606877,167.5538614877122,265.1078978089966,313.95386627865827
101,Prov. Aceh,Kota Lhokseumawe,L,S1,148,2242.0,528.434870430751,327.4331661456911,300.70767570164,303.4608878226987,342.1267714684326,329.9481308029746,324.1650555787277
102,Prov. Aceh,Kota Lhokseumawe,P,D3,288,1188.0,280.0091998535826,330.5224403129833,303.7446861841493,312.9357233793597,328.6022870323833,286.92141909899664,304.69708854929655
103,Prov. Aceh,Kota Lhokseumawe,P,D4,212,1685.0,397.1510957519248,305.8876685977061,299.8697707331716,331.812495231744,301.60616263046694,371.27853807976726,361.7425861517043
104,Prov. Aceh,Kota Lhokseumawe,P,Profesi,392,681.0,160.51032415849306,680.478619174832,545.4423911070123,488.7950837093224,551.1292716962257,717.2628704028871,645.1533050258212
105,Prov. Aceh,Kota Lhokseumawe,P,S1,315,5541.0,1306.0025053776947,930.5228446915876,861.4443197127711,884.7943811147745,990.6022056762266,944.2645639632485,964.9027840576097
106,Prov. Aceh,Kota Lhokseumawe,P,S2 Terapan,6,13.0,3.064073735771527,5.197265312221924,4.967108955292936,4.443632656205756,6.038766991523199,3.9088055754037314,4.4726370863064195
107,Prov. Aceh,Kota Sabang,L,D3,3,7.0,1.6498858577231297,2.132912659396781,1.7994114662102738,1.9581931554834775,2.5030579216293365,2.9766823699893297,1.5813828646998365
108,Prov. Aceh,Kota Sabang,P,D3,26,85.0,20.03432827235229,28.590123127750136,23.804582084061813,25.825992868496588,34.49279939049314,20.063616582801146,19.04310795367798
109,Prov. Bali,Kab. Badung,L,D1,17,20.0,4.692441185604745,19.294652696628653,7.560474875858722,7.158279624261558,7.4618859218468625,9.17095938157058,12.68571706960111
110,Prov. Bali,Kab. Badung,L,D2,29,63.0,14.781189734654948,31.40600144119017,25.97036881173245,22.816680876664464,24.571965739287187,20.043091716088306,20.170115250208728
111,Prov. Bali,Kab. Badung,L,D3,257,3251.0,762.7563147200514,1029.2639846598465,959.7749946645433,987.6890142705716,768.427051535867,778.0960727929338,735.332441838679
112,Prov. Bali,Kab. Badung,L,D4,201,3485.0,817.6578765916269,657.6082427942523,616.4734104312207,650.0356550355858,544.1598324022688,740.1393109838374,730.226498767931
113,Prov. Bali,Kab. Badung,L,Profesi,542,766.0,179.72049740866174,966.1318368726643,830.5504914031701,796.5157198145897,838.9359379029707,1043.3712293532435,1109.8011335024287
114,Prov. Bali,Kab. Badung,L,S1,2281,13874.0,3255.1464504540118,2235.8211966263443,1994.2441883705537,1946.7102180233455,1852.394695398336,2556.6549646637186,2185.3084219013563
115,Prov. Bali,Kab. Badung,L,S2,322,1188.0,278.7310064249219,372.9110579055905,356.9857587427246,342.35991915778794,327.6494458071983,307.05229030331117,332.17521251414183
116,Prov. Bali,Kab. Badung,L,S2 Terapan,16,91.0,21.35060739450159,37.121454688855145,32.314786178297226,26.25235458433878,26.752622135431682,25.386743445197908,29.09425565294791
117,Prov. Bali,Kab. Badung,L,S3,90,445.0,104.40681637970559,71.13023585801358,74.04671411029692,96.81538494692741,71.36508778660571,79.15087401740321,77.42280624952738
118,Prov. Bali,Kab. Badung,L,Sp-1,164,762.0,178.7820091715408,145.31778545670738,161.8097305429067,225.9369896255654,135.45600265074037,171.89724564809742,189.23782488934938
119,Prov. Bali,Kab. Badung,P,D1,5,8.0,1.8769764742418982,8.487272096747242,3.273127338845878,3.0982980582574844,3.326399669817333,3.2493965542816365,5.553276387600529
120,Prov. Bali,Kab. Badung,P,D2,37,56.0,13.138835319693287,30.699499308403542,24.98500441171384,21.945955287434874,24.350765854297467,19.7135892708516,21.69433627308844
121,Prov. Bali,Kab. Badung,P,D3,173,2224.0,521.7994598392477,775.1446386480584,711.6308928150324,732.4614549784579,575.9076976736967,503.93454928938326,555.1618954563463
122,Prov. Bali,Kab. Badung,P,D4,246,3859.0,905.4065267624356,842.2396441858177,789.9138810058022,848.3871985566186,719.2457874096157,936.8487676058426,901.9364256012492
123,Prov. Bali,Kab. Badung,P,Profesi,1333,1764.0,413.87331257033856,2507.597313824588,2138.805899287749,2069.16894929892,2067.053193662449,2412.1973486659613,2300.463196626005
124,Prov. Bali,Kab. Badung,P,S1,3895,19875.0,4663.113428194716,3789.6143455539636,3410.085910926373,3414.7664205698843,3637.002003433436,3753.78505339677,3744.923466778212
125,Prov. Bali,Kab. Badung,P,S2,446,1315.0,308.52800795351203,511.82247386449217,501.57759428220857,502.4420553804747,409.0746155129216,343.3101741533191,399.71252311136783
126,Prov. Bali,Kab. Badung,P,S2 Terapan,10,88.0,20.646741216660878,42.43367118612874,37.22668385382559,31.043096228926565,33.49881695951772,26.10637163379683,31.84085746936591
127,Prov. Bali,Kab. Badung,P,S3,106,355.0,83.29083104448424,66.93485333325397,70.17323095825236,94.10661855915879,58.54619910869282,78.3725497014107,57.1600532176375
128,Prov. Bali,Kab. Badung,P,Sp-1,128,601.0,141.0078576274226,125.15395303081873,136.8385220273828,190.5346259303776,113.5979313965168,161.76558494914778,166.85387889528607
129,Prov. Bali,Kab. Bangli,L,S1,79,336.0,78.83301191815973,52.26962672629553,46.63135775004469,46.1854519302651,51.35586831560775,41.13014724176123,33.762437192815796
130,Prov. Bali,Kab. Bangli,P,S1,151,659.0,154.61593706567635,120.21335856377375,107.79675281598615,109.27092644714146,127.56781233682543,65.46504744108591,63.77319631027856
131,Prov. Bali,Kab. Buleleng,L,D3,39,162.0,38.00877360339844,48.72327868731075,44.93019322880423,44.35202685552177,40.53390483706262,42.60076739726048,40.885799872446924
132,Prov. Bali,Kab. Buleleng,L,D4,70,292.0,68.50964130982928,56.77437777445141,52.73995256391275,56.70888022726586,52.95315003410591,41.440476830045235,34.72650840352868
133,Prov. Bali,Kab. Buleleng,L,Profesi,5424,4654.0,1091.9310638902243,6603.594071931752,5937.7917572922715,5804.9752421805815,6557.818494165408,5138.372835466197,4805.025779351281
134,Prov. Bali,Kab. Buleleng,L,S1,1183,7197.0,1688.5749606398676,1271.1145876111184,1150.8167868189698,1165.9176678687568,1255.194904736284,1281.458852962058,1233.0217273044186
135,Prov. Bali,Kab. Buleleng,L,S2,219,863.0,202.47883715884475,295.1402100025419,285.72965008273997,284.41881357737236,290.25784401136383,209.70747769077133,233.5239942965687
136,Prov. Bali,Kab. Buleleng,L,S3,27,287.0,67.3365310134281,48.92444189862269,51.08301136698531,68.89596944508838,47.05716657198476,46.18955665175787,45.92383958170812
137,Prov. Bali,Kab. Buleleng,P,D3,129,354.0,83.056208985204,122.84256822363926,111.97052769952973,114.11585648888433,106.73418836924968,106.21757241588281,113.34922293536299
138,Prov. Bali,Kab. Buleleng,P,D4,77,276.0,64.75568836134549,60.60921351598501,55.449612883289646,60.818041347649384,59.609100226875576,50.85086483759353,50.779364801573855
139,Prov. Bali,Kab. Buleleng,P,Profesi,11344,9683.0,2271.8454000105376,15232.316923375016,13516.079026198686,13249.963627167046,14594.287792390509,8938.49709842092,9532.992248780021
140,Prov. Bali,Kab. Buleleng,P,S1,2251,11943.0,2802.0912539838737,2438.0285841011782,2214.2058274748247,2275.860657204289,2335.164621858406,2752.557300492308,2453.770578001672
141,Prov. Bali,Kab. Buleleng,P,S2,311,1058.0,248.23013871849102,417.2698352361153,401.29860674133755,409.63045324569396,366.3611617065849,280.39001566841637,368.8877280947582
142,Prov. Bali,Kab. Buleleng,P,S3,28,241.0,56.54391628653718,46.091364094027256,47.44393007480173,64.8459593431675,42.224595830473476,46.12094998444988,40.762962142971084
143,Prov. Bali,Kab. Gianyar,L,D3,91,217.0,50.91298686381149,67.5913118757764,60.8490184290933,65.70490682100139,58.95552570044793,68.9202126529165,48.178415043740586
144,Prov. Bali,Kab. Gianyar,P,D3,78,175.0,41.05886037404152,60.809201948056284,54.1323211348097,58.74535322711025,60.29637464038796,47.10204276567732,43.467757865910656
145,Prov. Bali,Kab. Jembrana,L,D3,101,211.0,49.505254508130065,62.03582679813434,59.12420766277022,60.354343653518086,72.4547096345652,42.249662873932444,39.28751868667691
146,Prov. Bali,Kab. Jembrana,L,S1,13,52.0,12.200347082572339,10.160432568606153,10.200929911707933,10.7611189518514,15.385065388048533,11.217330378609985,8.332365879714454
147,Prov. Bali,Kab. Jembrana,P,D3,64,160.0,37.53952948483796,56.45849428854561,54.49851915680281,57.42230820996501,66.33445486704233,36.29687383803518,36.13038290692098
148,Prov. Bali,Kab. Jembrana,P,S1,22,65.0,15.250433853215423,13.966686325332342,13.80077935079341,14.555327756492208,20.55892720290777,16.105256337470852,13.113864016692421
149,Prov. Bali,Kab. Karang Asem,L,S1,115,390.0,91.50260311929253,64.59421792002252,54.066387897929935,56.0670670119093,56.5805760306185,51.18772682216047,50.949889794323255
150,Prov. Bali,Kab. Karang Asem,P,S1,241,751.0,176.20116651945818,153.66767333270118,131.5127120832367,142.26028108171798,113.93083158855774,144.78796041509148,133.47622187024214
151,Prov. Bali,Kab. Tabanan,L,D3,16,61.0,14.311945616094473,19.865871421871216,18.551969698562264,19.250452336790765,17.379286530337072,17.244133118839745,17.302419640613397
152,Prov. Bali,Kab. Tabanan,L,D4,5,55.0,12.90421326041305,10.339654597439036,9.612522400821469,10.092835825574321,9.819290277018835,14.584055199626208,14.004412813797991
153,Prov. Bali,Kab. Tabanan,L,Profesi,711,382.0,89.62562664505064,549.0320688617004,488.79615808186674,490.6702571428849,475.071656359591,383.2503785580556,402.1869169873919
154,Prov. Bali,Kab. Tabanan,L,S1,199,861.0,202.0095930402843,143.6842366682314,129.14675632043125,126.77516664249049,133.238142936495,140.46048221066346,128.1792911989801
155,Prov. Bali,Kab. Tabanan,P,D3,32,118.0,27.685402995068,41.434121835352,37.83666611576364,38.970649788206664,48.090739569537014,39.56917908725625,40.38664851854946
156,Prov. Bali,Kab. Tabanan,P,D4,5,87.0,20.412119157380644,17.057102537096444,15.338046129001725,15.792366551392195,16.70005342656387,16.091518381181096,14.92318939336836
157,Prov. Bali,Kab. Tabanan,P,Profesi,1892,996.0,233.68357104311633,1583.9245382995148,1390.664556116483,1398.8101033480311,1103.9471502100728,1187.9363907020202,1170.0481781688334
158,Prov. Bali,Kab. Tabanan,P,S1,198,772.0,181.12822976434316,149.0102750569776,133.82278291931692,134.02432842811518,153.5511530435064,130.31444800230994,145.87755947499056
159,Prov. Bali,Kota Denpasar,L,D3,371,1620.0,380.08773603398436,440.6233368724702,434.6421817612071,442.26974311073707,392.78178820596605,397.28230608920614,382.1774776475768
160,Prov. Bali,Kota Denpasar,L,D4,327,1681.0,394.39968165007883,279.06527558829094,277.18118354892624,293.84246645969137,262.6297344764891,311.8563576117987,262.37259937452666
161,Prov. Bali,Kota Denpasar,L,Profesi,2336,1603.0,376.0991610262204,2085.4776606816326,2018.0012994418896,2040.0143369170355,1474.5961372435936,2348.1789029221136,2303.5258870807775
162,Prov. Bali,Kota Denpasar,L,S1,5126,35608.0,8354.42228685069,5244.235823180877,5079.408830863213,4976.824495397052,5498.722950380406,5582.811023746534,5407.774061869594
163,Prov. Bali,Kota Denpasar,L,S2,595,2060.0,483.32144211728877,661.5168875651416,710.8850541805784,716.4886129827294,704.4545444550687,542.8694628436058,563.1756746446632
164,Prov. Bali,Kota Denpasar,L,S2 Terapan,9,32.0,7.507905896967593,14.610156716920203,14.70418432287079,12.97250569802319,18.55899204611604,8.46548492901421,8.500453123271516
165,Prov. Bali,Kota Denpasar,L,S3,43,442.0,103.70295020186488,71.62345776820351,83.44993931294415,114.28867440439863,69.13864849068788,89.79392587635554,79.87482799577603
166,Prov. Bali,Kota Denpasar,P,D3,775,2366.0,555.1157922570413,780.8814347929217,783.7195929513779,825.4222431545379,736.5264283693691,555.752347645026,653.5736365717315
167,Prov. Bali,Kota Denpasar,P,D4,1036,3628.0,851.2088310687009,760.9041979527033,782.081674141647,866.7247251523124,726.2285945176761,976.5467257947356,901.1838692957571
168,Prov. Bali,Kota Denpasar,P,Profesi,5054,3193.0,749.1482352817976,4702.453956795221,4521.139477988075,4617.954943023228,3154.164672895942,6279.255646825061,7821.359781090648
169,Prov. Bali,Kota Denpasar,P,S1,5950,31884.0,7480.689738091085,5735.992142558322,5669.002565783094,5757.839101593621,6367.875705708246,5856.116886805607,6617.566708583874
170,Prov. Bali,Kota Denpasar,P,S2,465,1458.0,342.07896243058593,555.3485450037624,602.1157715598987,623.7019455635633,514.9261062703191,471.935209116764,492.67871382900756
171,Prov. Bali,Kota Denpasar,P,S2 Terapan,9,20.0,4.692441185604745,10.041672667542981,9.946603159209394,8.773208116299323,12.555767066051331,10.189792571739128,9.123298896022606
172,Prov. Bali,Kota Denpasar,P,S3,22,187.0,43.87432508540437,34.033924928369906,39.297989422955446,54.22399250874701,29.600162494591853,26.529841942555937,22.364834174063215
173,Prov. Bangka Belitung,Kab. Bangka,L,D2,3,4.0,0.9427919186989313,1.741895479755091,1.5025777102247209,1.4067560888344035,1.7348335964336365,1.4962117403203306,1.3823718113897199
174,Prov. Bangka Belitung,Kab. Bangka,L,D3,281,485.0,114.31352014224542,130.8464381948844,122.51717544458924,134.0355778618804,108.2022150789493,117.18657415126057,110.69019811517983
175,Prov. Bangka Belitung,Kab. Bangka,L,D4,171,604.0,142.36157972353863,101.19703556278884,98.44750989460921,112.26096408166411,96.3896095917416,96.12957594786127,81.38189511806227
176,Prov. Bangka Belitung,Kab. Bangka,L,S1,560,5089.0,1199.4670185647153,852.2148110827205,812.0171625862732,873.3448100390824,802.6309039578714,763.1998341036756,745.0739284548703
177,Prov. Bangka Belitung,Kab. Bangka,L,S2,68,173.0,40.77575048372878,56.043568969442745,54.90156932585906,56.883522168714926,55.376946007925035,59.014703556651476,61.22162552447953
178,Prov. Bangka Belitung,Kab. Bangka,P,D2,15,24.0,5.656751512193588,11.537066891596817,9.821942436835965,9.16749468392229,9.804112177363102,7.6814248325190375,9.417636701296914
179,Prov. Bangka Belitung,Kab. Bangka,P,D3,138,309.0,72.83067571949245,97.19985072203934,91.93783560599702,99.77824295184702,87.88566053026011,72.12576352688299,83.76875786635124
180,Prov. Bangka Belitung,Kab. Bangka,P,D4,83,237.0,55.86042118291168,45.15656105910222,43.986338530717994,50.44716962905714,46.575516419511324,42.3293082376786,40.53156050399554
181,Prov. Bangka Belitung,Kab. Bangka,P,S1,1085,7777.0,1833.0231879303972,1470.8327861776177,1399.6499063323965,1518.5389662751058,1456.7303680647303,1448.5479662000646,1359.4170470666454
182,Prov. Bangka Belitung,Kab. Bangka,P,S2,55,147.0,34.647603012185726,55.640591101618554,55.388863647532666,58.79238775236458,48.0907855320161,43.16043659738336,37.524736538757274
183,Prov. Bangka Belitung,Kab. Bangka Tengah,L,D3,20,93.0,21.919912109750154,26.83363479338699,24.82664372339035,25.99655925098452,23.211337561046555,28.096227710881028,26.948593559475245
184,Prov. Bangka Belitung,Kab. Bangka Tengah,P,D3,167,870.0,205.05724231701757,284.29567242797395,263.038438854878,277.9868158838864,267.404574646629,176.21914447033626,221.06260829720955
185,Prov. Bangka Belitung,Kota Pangkalpinang,L,D3,2,8.0,1.8855838373978626,2.0834002588703138,1.9523936233345593,2.029578540850761,2.0253292707085637,3.2799925472281064,2.1906190689779343
186,Prov. Bangka Belitung,Kota Pangkalpinang,L,Profesi,20,25.0,5.89244949186832,29.189902427391,26.763120596175387,27.057108902225114,22.06135155133549,14.083361604844805,16.817336439553223
187,Prov. Bangka Belitung,Kota Pangkalpinang,L,S1,409,2752.0,648.6408400648647,388.02804120186266,346.76107652182003,343.4326098498705,441.7826131700617,431.6024671942046,399.0460173840301
188,Prov. Bangka Belitung,Kota Pangkalpinang,L,S2,102,215.0,50.67506563006756,69.98334593133443,70.47528488174706,73.57516622656588,80.53840829104814,70.00008250487825,68.57326265318652
189,Prov. Bangka Belitung,Kota Pangkalpinang,P,D3,32,55.0,12.963388882110305,12.097237380273025,9.749578610634215,8.88715185157211,12.434660856601916,14.16305033768143,19.444261181059638
190,Prov. Bangka Belitung,Kota Pangkalpinang,P,Profesi,98,123.0,28.99085149999214,163.02119850208015,149.64720221314636,152.86067511691635,113.30527456984524,121.41990663248761,87.40437467600353
191,Prov. Bangka Belitung,Kota Pangkalpinang,P,S1,698,3920.0,923.9360803249526,668.4299702566918,617.7441762021248,636.486514508303,755.3924158601965,694.7142765671726,747.4509083465966
192,Prov. Bangka Belitung,Kota Pangkalpinang,P,S2,79,174.0,41.01144846340351,64.51986514051752,65.17012827497234,68.85958723692816,68.04807214421697,56.87801684331719,64.25764718732623
193,Prov. Banten,Kab. Lebak,L,D3,67,98.0,25.866184988503328,25.50711992127219,23.26106054709015,22.819056496007125,23.563226745133605,26.33037619519438,29.58651908332049
194,Prov. Banten,Kab. Lebak,L,S1,442,2687.0,709.2085618786575,360.5656657600966,371.7410689032488,354.3541527146366,300.39150752064864,337.11396293178734,312.7546848234444
195,Prov. Banten,Kab. Lebak,L,S2,17,70.0,18.47584642035952,14.716482240281055,16.84318814127468,15.365281600825316,20.00418437052248,18.886080111063098,19.467772701235134
196,Prov. Banten,Kab. Lebak,P,D3,118,235.0,62.02605583977839,73.82294810165813,66.97542041687667,67.80135179632555,74.14883624587223,73.25077763061277,68.87667350667935
197,Prov. Banten,Kab. Lebak,P,S1,742,3167.0,835.9000801896942,520.4287354032851,530.8891962594639,523.0321416872686,470.32196593380763,471.4968363941979,444.4112927855305
198,Prov. Banten,Kab. Lebak,P,S2,4,16.0,4.22305061036789,3.8929353410099923,4.503350258722278,4.219136665531921,4.236504803626233,3.214538630435513,3.160224707637565
199,Prov. Banten,Kab. Pandeglang,L,S1,592,4968.0,1311.2572145192298,549.7957588825537,617.6814015479465,568.2931358558229,427.55341746810126,552.1437522934672,489.27303918829625
200,Prov. Banten,Kab. Pandeglang,L,S2,35,252.0,66.51304711329428,51.836049649426315,60.60835706235975,54.426302999942486,73.26856498282467,43.62457543863316,52.961447244369786
201,Prov. Banten,Kab. Pandeglang,P,S1,840,5462.0,1441.6439021143385,796.7639791014271,861.4018654896822,826.118707253828,580.3615968194127,677.2493901897844,662.4777487939731
202,Prov. Banten,Kab. Pandeglang,P,S2,20,110.0,29.033472946279247,26.362073711967945,31.075806418881577,28.681516624419718,34.34751884938863,20.88747346190387,25.603899274057138
203,Prov. Banten,Kab. Serang,L,D3,218,1074.0,283.4722722209446,300.52309512357925,279.5296911784806,272.89451778600846,268.1376587355302,272.2493660041799,253.4429471111554
204,Prov. Banten,Kab. Serang,L,D4,10,317.0,83.66919021791382,62.18356893162031,62.45016129730134,63.85606959097599,46.572117633728844,61.28186247357977,49.01802444692824
205,Prov. Banten,Kab. Serang,L,Profesi,1226,1277.0,337.0522268399872,2042.6202486297727,1532.7691851379882,1417.7664633910501,2055.4983971002266,1484.2305570973185,1396.0958162191314
206,Prov. Banten,Kab. Serang,L,S1,2441,15507.0,4092.92786343593,2423.5329918785646,2472.383506429699,2368.1145035632917,2147.8473363385156,2361.4608608855,2261.7405685179583
207,Prov. Banten,Kab. Serang,L,S2,149,606.0,159.94804186768386,207.72789189449276,207.22860103132174,197.2747430115545,182.13826895059407,167.02330873072867,161.3585499403354
208,Prov. Banten,Kab. Serang,L,S3,17,127.0,33.52046421979513,22.31723435020942,22.936060130265254,28.36603887829941,19.004356188105774,19.520741955188562,17.121172809702827
209,Prov. Banten,Kab. Serang,P,D3,343,1430.0,377.4351483016302,436.6850762484121,419.748884231748,417.98676930623753,397.178361230964,400.702894565422,432.86240473123263
210,Prov. Banten,Kab. Serang,P,D4,15,472.0,124.57999300585276,104.43254861406864,107.04066536595553,112.07603444000986,100.99896766605882,83.2315833254532,97.20976544463606
211,Prov. Banten,Kab. Serang,P,Profesi,4721,4748.0,1253.1902686266715,8526.581260224459,6541.50389389112,6192.575196201829,7386.571438461542,5237.005032574448,5235.2154546325655
212,Prov. Banten,Kab. Serang,P,S1,4183,21260.0,5611.378498526334,4201.441444221275,4189.905855873935,4162.821978651214,4028.4295327883588,3853.0760759657646,3797.295241729959
213,Prov. Banten,Kab. Serang,P,S2,221,512.0,135.1376195317725,205.09090339805365,206.04087749135013,201.66331765955383,158.29382634837046,158.16685476814638,166.82704686108914
214,Prov. Banten,Kab. Serang,P,S3,23,127.0,33.52046421979513,25.53464344363743,26.639065320325653,33.79121004869313,18.40306542028892,21.22902903701921,19.29637158697479
215,Prov. Banten,Kab. Tangerang,L,D3,504,1892.0,499.375734676003,431.4494997052117,397.5092549363136,405.25087586797423,504.8673447951023,441.565734390315,442.6528034851984
216,Prov. Banten,Kab. Tangerang,L,D4,154,435.0,114.81418846937702,84.29740354143647,77.98083097524291,85.1267505259929,95.77857001081885,58.1611495735191,57.98219145774512
217,Prov. Banten,Kab. Tangerang,L,Profesi,155,112.0,29.56135427257523,166.93286780015043,117.95740263712516,115.70804424116304,132.1679895590535,97.9037900927072,133.80346914789428
218,Prov. Banten,Kab. Tangerang,L,S1,1982,11077.0,2923.67072569032,1578.4686687504595,1528.7970281156795,1549.1814483878188,1805.7299130849635,1949.0897115632674,1659.824293631538
219,Prov. Banten,Kab. Tangerang,L,S2,154,895.0,236.22689351745385,225.1030909676869,231.4191230031736,227.34011436108318,289.0952224994488,178.0528171606034,238.35639139357616
220,Prov. Banten,Kab. Tangerang,L,S3,16,157.0,41.438684114234924,15.845984263996304,18.40756213469572,22.844577098592882,28.148113068161223,22.369028541433206,21.45506572901714
221,Prov. Banten,Kab. Tangerang,P,D3,323,997.0,263.14884115854915,245.29088075269374,234.55093290298953,243.61537379248298,283.3845493373492,188.35349170011048,208.55241771966513
222,Prov. Banten,Kab. Tangerang,P,D4,39,285.0,75.22308899717804,61.13781674795333,58.13122537138183,64.84157134805268,72.64206879553127,24.736733463400487,27.14860163112549
223,Prov. Banten,Kab. Tangerang,P,Profesi,204,135.0,35.631989524979076,229.6469914337058,164.87878648815862,165.83795860175712,193.1708072178865,143.73575624171576,118.29850889419446
224,Prov. Banten,Kab. Tangerang,P,S1,3012,13089.0,3454.719339944082,2350.003794594322,2227.854325760016,2341.3529341757057,2875.2456859774297,2684.9685070479773,2397.6794877543134
225,Prov. Banten,Kab. Tangerang,P,S2,105,506.0,133.55397555288454,157.04225068996723,159.27957771864632,161.8789659868548,209.43187507905958,132.4602622457213,160.43651964342004
226,Prov. Banten,Kab. Tangerang,P,S3,7,43.0,11.349448515363704,4.902608978425461,5.809109825771311,7.383586337452316,8.363639969731599,7.985761835260981,8.96083509442164
227,Prov. Banten,Kota Cilegon,L,D3,116,484.0,127.74728096362868,137.227327095071,117.82301159583268,116.99597851273887,137.19446085732545,125.73480024421524,115.42471968515468
228,Prov. Banten,Kota Cilegon,L,D4,10,231.0,60.970293187186414,42.971653016983815,40.843542651521666,42.163209862800905,38.96560036677762,45.459039458826545,30.39850724996406
229,Prov. Banten,Kota Cilegon,L,S1,228,2176.0,574.3348830100331,273.10712301301345,280.80353623209675,266.24053329867166,248.66973467650428,234.73724212914223,235.8181883873964
230,Prov. Banten,Kota Cilegon,P,D3,33,161.0,42.4944467668269,41.70802732384907,39.571870374602625,39.280197738983176,39.863181853774954,38.637949138566974,41.46023688291415
231,Prov. Banten,Kota Cilegon,P,D4,5,103.0,27.185888304243292,21.908344922183492,21.137369958494418,22.40502223205437,31.652542814736563,18.26148089291019,14.562852624786261
232,Prov. Banten,Kota Cilegon,P,S1,367,2040.0,538.438952821906,320.7510294847379,323.50648100928726,317.89506800102197,260.96245178528704,285.7301516004724,334.92318114743813
233,Prov. Banten,Kota Serang,L,D3,115,567.0,149.6543560049121,113.2465282520377,112.0317462964507,108.71074545465974,123.09663056179137,130.87131751759011,134.1230386079972
234,Prov. Banten,Kota Serang,L,D4,26,111.0,29.297413609427238,20.90279573395755,19.96403132065535,20.991102880219596,21.01670236606889,19.847882663407923,16.027516421369317
235,Prov. Banten,Kota Serang,L,Profesi,559,463.0,122.20452703752082,775.6285182768264,535.6235762263096,514.5468608513793,575.0984025158452,427.76516217435653,682.8297369341822
236,Prov. Banten,Kota Serang,L,S1,1996,17564.0,4635.853807531352,2363.9136502094484,2389.818308935633,2323.019775420527,2124.136798516386,2221.86276717949,2200.1305515586605
237,Prov. Banten,Kota Serang,L,S2,243,849.0,224.08562301264618,264.24530075246804,256.02126889535464,249.03101169023674,282.0491091388154,193.76069665835675,224.16564186879825
238,Prov. Banten,Kota Serang,L,S3,13,128.0,33.78440488294312,18.541093534369647,19.19434964047911,23.989034692904468,22.83301974093981,23.627895872303817,17.718676494564207
239,Prov. Banten,Kota Serang,P,D3,956,2431.0,641.6397521127714,623.9419491992965,599.709026640278,604.8349900866498,687.9655709182373,583.433814954371,569.9296721330514
240,Prov. Banten,Kota Serang,P,D4,104,550.0,145.16736473139622,116.58024676785188,113.72663881986338,122.41711510090815,125.32934117325541,125.98528881606829,106.43478186141057
241,Prov. Banten,Kota Serang,P,Profesi,1396,844.0,222.7659196969062,1468.2236044686651,1067.5821146951776,1040.3061955419118,1176.3666408462643,902.36527662132,880.8716998479775
242,Prov. Banten,Kota Serang,P,S1,3349,20386.0,5380.6943589349885,3564.1979014162666,3486.5607980617647,3526.9506697459747,3456.296109494699,3319.0093410408626,3449.989394787115
243,Prov. Banten,Kota Serang,P,S2,205,557.0,147.0149493734322,208.44143552395388,201.2031798937867,201.87264560403491,220.70718358245568,181.88818191051521,193.00510792041652
244,Prov. Banten,Kota Serang,P,S3,3,34.0,8.973982547031767,6.339106489571783,6.372058094895288,8.27874936798838,6.6948457193659285,5.412500662682189,4.485908483297402
245,Prov. Banten,Kota Tangerang,L,D3,93,466.0,122.99634902696481,134.37279779322955,122.69655567268235,123.3998654304711,128.2177269321704,105.77691235323358,106.25488480226781
246,Prov. Banten,Kota Tangerang,L,Profesi,69,105.0,27.71376963053928,107.04663748523012,94.52936191629844,85.27649088598837,85.54602120441987,92.52303982755059,104.30499534831326
247,Prov. Banten,Kota Tangerang,L,S1,2437,17946.0,4736.679140853885,2399.836812941514,2578.130141389362,2490.2696525703986,1870.213037312723,2238.088072154189,2245.528898911555
248,Prov. Banten,Kota Tangerang,L,S2,596,1819.0,480.1080662661995,558.0835731887687,576.382924206522,556.3020685285314,563.8552764220043,575.9622012986107,571.8794357978578
249,Prov. Banten,Kota Tangerang,L,S3,5,62.0,16.364321115175574,11.27518144985453,11.357030361381891,14.478525630869266,12.00019726615416,9.822833526408106,8.060812755279063
250,Prov. Banten,Kota Tangerang,P,D3,211,597.0,157.5725758993519,166.91349231060656,164.68575382745007,166.69816022232217,183.6473033381955,150.9391769794273,163.68909220161976
251,Prov. Banten,Kota Tangerang,P,Profesi,459,631.0,166.54655844638367,739.9057083285164,661.946213026461,612.843961778305,547.7430244542497,609.7343325981016,616.8589205174716
252,Prov. Banten,Kota Tangerang,P,S1,3489,18285.0,4826.155025661054,3199.4278342560015,3316.796749445236,3336.5974418947217,3164.027456925071,2886.88632170256,3101.5864705438726
253,Prov. Banten,Kota Tangerang,P,S2,312,868.0,229.10049561245805,320.05199929215735,329.37301222365204,327.8917986606627,325.3332984018111,235.0661858477157,241.85305363254633
254,Prov. Banten,Kota Tangerang,P,S3,5,27.0,7.126397904995815,5.566664238633653,5.711534024752052,7.460388653915853,8.013345118726667,6.470316846243525,3.8954303397411687
255,Prov. Banten,Kota tangerang Selatan,L,D3,1913,12694.0,3350.462778000625,1684.0652680056671,2007.8173668295287,1842.367857956275,951.2081237601125,1815.154121657334,2079.4990210590654
256,Prov. Banten,Kota tangerang Selatan,L,D4,580,5183.0,1368.0044570960483,723.6765728163147,799.120911649262,804.5925110807574,717.8648422789313,918.1042351343593,760.5942007904291
257,Prov. Banten,Kota tangerang Selatan,L,Profesi,2998,1779.0,469.5504397402798,2348.426703278053,1832.427013363026,1697.4195967776407,1090.6711382012754,1628.2722408936477,1714.0983016066698
258,Prov. Banten,Kota tangerang Selatan,L,S1,32072,798816.0,210840.02477322728,72293.74895703275,87673.99856243395,80704.22148142691,40612.3872588185,8144.6509059957325,12626.511557495985
259,Prov. Banten,Kota tangerang Selatan,L,S2,1138,8238.0,2174.3431830131676,1805.5658223529517,2062.3185754130336,1909.6428618878167,2007.924800605074,1381.0247850630751,1779.2469170982808
260,Prov. Banten,Kota tangerang Selatan,L,S3,54,458.0,120.88482372178086,66.4375979438498,70.9924818479433,87.93040984070201,72.02771672539413,78.88746745125634,81.65010117032791
261,Prov. Banten,Kota tangerang Selatan,P,D3,2148,12990.0,3428.589214292431,2276.8729749836893,2609.973804734989,2497.065009680478,1449.7590736998666,2044.099206474475,2505.966510335723
262,Prov. Banten,Kota tangerang Selatan,P,D4,659,6574.0,1735.1459195349069,1072.7459457494115,1192.8774705751362,1234.886614698614,1224.6926931968674,1484.0205154407827,1240.2376300311143
263,Prov. Banten,Kota tangerang Selatan,P,Profesi,6751,3146.0,830.3573262635864,4839.5041015490815,3806.8036272985446,3624.400272189597,1947.0943265405842,3381.7178870907205,4686.9145746642735
264,Prov. Banten,Kota tangerang Selatan,P,S1,63535,925989.0,244406.150727747,108876.22472032283,127759.61042820121,122378.62302016286,76867.98284727357,8694.477866668474,14772.6456585217
265,Prov. Banten,Kota tangerang Selatan,P,S2,910,5440.0,1435.8372075250827,1558.5339911529172,1718.4744924105182,1657.107430550302,1350.9342693153562,1281.6108797176491,1394.2775925363842
266,Prov. Banten,Kota tangerang Selatan,P,S3,14,171.0,45.133853398306826,30.63105776898069,32.28265854025772,41.369942812650166,31.200192723985033,24.401006837134027,22.669801785734222
267,Prov. Bengkulu,Kab. Bengkulu Selatan,L,S1,8,149.0,39.32715880905098,23.22624502739024,21.040942513880342,20.394303894473584,20.855146458429477,17.340648014128202,16.006188969402103
268,Prov. Bengkulu,Kab. Bengkulu Selatan,P,D3,26,51.0,13.46097382054765,16.07169909019818,13.540435608010567,13.709906251022074,16.731216197520226,11.54316928589164,12.366725799313622
269,Prov. Bengkulu,Kab. Bengkulu Selatan,P,S1,70,392.0,103.46473995401331,78.16841498537572,68.91903596291488,69.39423742162737,98.07255453936136,81.08240337215994,84.98171939923196
270,Prov. Bengkulu,Kab. Muko-muko,L,S1,14,61.0,16.100380452027583,8.541371174681464,7.389224495869176,7.1994365789273225,9.292191122428957,16.08490389132548,15.527103975052565
271,Prov. Bengkulu,Kab. Muko-muko,P,S1,18,86.0,22.69889703072741,15.20966138319227,12.867646339201299,13.004921050112051,17.389639250902487,14.869563593696158,15.50182106497909
272,Prov. Bengkulu,Kab. Rejang Lebong,L,D2,24,45.0,11.87732984165969,20.99894222304251,15.250318233802908,13.300501619748331,16.709812642864147,14.932421878480215,17.072175946284446
273,Prov. Bengkulu,Kab. Rejang Lebong,L,D3,91,497.0,131.1785095845526,118.56069894493223,106.37476604584172,101.43469938123788,114.89336282994405,106.65731862980878,117.7477233235721
274,Prov. Bengkulu,Kab. Rejang Lebong,L,Profesi,717,196.0,51.732369977006655,194.4831968144039,158.7142152750065,138.2949513534823,197.0966393569513,124.65708163567953,144.68816565474225
275,Prov. Bengkulu,Kab. Rejang Lebong,L,S1,275,1938.0,511.5170051808107,255.2332931931828,252.3095705098351,235.556861031973,265.8315718298773,194.75265775087283,192.70484087077477
276,Prov. Bengkulu,Kab. Rejang Lebong,L,S2,34,126.0,33.25652355664714,37.18857414676532,35.65124492036343,33.191209447821,43.74004906482736,40.552714043677504,49.39317082814583
277,Prov. Bengkulu,Kab. Rejang Lebong,L,S3,4,23.0,6.070635252403842,4.521455392857494,4.0453856209638595,5.041424581707478,7.529846362413434,4.399205680050679,3.767001717631145
278,Prov. Bengkulu,Kab. Rejang Lebong,P,D2,15,41.0,10.821567189067718,21.190797280069482,15.86308853392999,13.953402921788767,23.81593742937309,14.825881323204714,15.785107186961811
279,Prov. Bengkulu,Kab. Rejang Lebong,P,D3,61,276.0,72.8476230288461,76.87452912537574,69.48167431113306,68.11271821638194,75.3977578177757,67.75179172511956,67.70151231856704
280,Prov. Bengkulu,Kab. Rejang Lebong,P,Profesi,706,400.0,105.57626525919726,448.07025577889067,373.0701212347065,332.90476256776395,395.60682255054166,170.30739698149742,192.99285505368726
281,Prov. Bengkulu,Kab. Rejang Lebong,P,S1,731,4159.0,1097.7292180325035,713.7446190558016,681.9002576273314,662.8278502159408,637.1378693045265,765.3460891288379,777.4924599588571
282,Prov. Bengkulu,Kab. Rejang Lebong,P,S2,41,123.0,32.46470156720316,41.720202225780014,40.5322236680407,38.72328491090936,49.23929046316109,45.041152200644774,49.67079006506468
283,Prov. Bengkulu,Kab. Rejang Lebong,P,S3,8,22.0,5.806694589255849,4.18189156083099,4.047136540548535,5.0745497014553305,4.125185002366168,4.219430656122272,3.8421355548249068
284,Prov. Bengkulu,Kota Bengkulu,L,D3,185,793.0,209.30494587635854,219.6125642947146,203.09828178670622,202.3555381120377,206.0039828956628,175.7939564346123,164.10313302015277
285,Prov. Bengkulu,Kota Bengkulu,L,D4,46,180.0,47.50931936663876,36.06044245002835,35.64264699915533,37.06072094830055,32.92111383127324,28.933302358941788,32.23284034383631
286,Prov. Bengkulu,Kota Bengkulu,L,Profesi,2478,2419.0,638.4724641549954,1490.5261704425598,1590.3987902053163,1338.267552645877,2210.0900090431496,1296.4886173011541,1338.1294462574585
287,Prov. Bengkulu,Kota Bengkulu,L,S1,3235,22841.0,6028.668686963311,3578.295160802064,3611.72120581178,3537.1331593149735,3685.187138774605,3429.4660639902536,3247.777710462557
288,Prov. Bengkulu,Kota Bengkulu,L,S2,428,1299.0,342.8589214292431,438.70135336003216,436.61000633114617,420.9285310516112,431.98063333481423,370.61663046997535,368.1555418348726
289,Prov. Bengkulu,Kota Bengkulu,L,S3,54,251.0,66.24910645014627,39.450813425315935,41.951860922323625,51.96698340547609,37.665047243594074,49.55681882955434,39.95910389613831
290,Prov. Bengkulu,Kota Bengkulu,P,D3,1378,4577.0,1208.0564152283646,1471.7559209495698,1372.2717511030476,1412.329973749751,1373.9759704237376,1015.5424043415164,1073.2345713261955
291,Prov. Bengkulu,Kota Bengkulu,P,D4,334,1452.0,383.24184289088606,317.29737212352325,324.15002081967214,343.8150855130005,274.6349731837683,311.36805029771216,257.1575225092766
292,Prov. Bengkulu,Kota Bengkulu,P,Profesi,7778,7477.0,1973.4843383575446,5101.0044981124365,5593.918743774344,4809.817178376967,6938.080311859388,5348.073123901356,6725.590047337222
293,Prov. Bengkulu,Kota Bengkulu,P,S1,5646,29747.0,7851.442906663352,5779.211196723096,5740.217892361359,5835.970591486111,5894.683208906871,4961.850358105322,5187.287595468928
294,Prov. Bengkulu,Kota Bengkulu,P,S2,586,1647.0,434.7102722047447,657.0078065824714,655.8245616085181,650.858665499493,624.6954854498224,516.8129437183707,607.4507463219314
295,Prov. Bengkulu,Kota Bengkulu,P,S3,32,162.0,42.75838742997489,31.46738640124728,32.993944295157206,42.29012050425595,28.66720443853024,24.870688734793596,22.760113003893064
296,Prov. D.I. Yogyakarta,Kab. Bantul,L,D1,17,40.0,9.350300842911206,17.16679275287422,6.389814117614295,5.443163899830796,7.790946164078185,14.038231876245868,18.02869888756043
297,Prov. D.I. Yogyakarta,Kab. Bantul,L,D3,400,2170.0,507.253820727933,447.7773839189814,419.4698176051349,384.42209851287174,439.71001189347135,381.091287157263,508.06937244359756
298,Prov. D.I. Yogyakarta,Kab. Bantul,L,D4,194,1535.0,358.81779484671756,216.04643100813269,207.02347302711894,203.65453215638965,213.7562481464834,289.0037035423667,307.4208157007536
299,Prov. D.I. Yogyakarta,Kab. Bantul,L,Profesi,449,632.0,147.73475331799708,901.5250042515278,807.8522316902265,822.5432226361545,950.3762680401767,805.5630004894604,916.1541556023147
300,Prov. D.I. Yogyakarta,Kab. Bantul,L,S1,4690,29836.0,6974.389398727469,4717.485853036433,4567.4436567943085,4549.107762539517,4398.923951544115,4603.827762785893,4567.9970416604965
301,Prov. D.I. Yogyakarta,Kab. Bantul,L,S2,268,937.0,219.030797245195,296.0440372861021,309.85078982208523,307.3243052025018,279.7550978043542,267.32472194819064,267.3319174094716
302,Prov. D.I. Yogyakarta,Kab. Bantul,L,S3,26,182.0,42.54386883524599,32.27830427882944,36.14526088656793,49.071445147808575,27.3014828500093,25.874489023143827,27.669513842173146
303,Prov. D.I. Yogyakarta,Kab. Bantul,P,D1,58,133.0,31.08975030267976,67.15860181049608,25.34657405346303,22.152486805158613,33.951240589547474,17.028215959120924,23.194041662723347
304,Prov. D.I. Yogyakarta,Kab. Bantul,P,D3,741,2338.0,546.5250842681601,655.1352828879666,639.9264862320885,636.7702217010136,573.007531126748,603.5253716730299,701.3457222923251
305,Prov. D.I. Yogyakarta,Kab. Bantul,P,D4,230,1207.0,282.1453279348457,212.50712019356908,208.75510794417423,213.86490753627422,190.98961689817017,259.29503422628153,262.7986279084212
306,Prov. D.I. Yogyakarta,Kab. Bantul,P,Profesi,1152,1708.0,399.25784599230855,2685.341357894655,2409.3234165158397,2455.761308409507,2529.838564621965,1921.3846965908856,2319.399287823872
307,Prov. D.I. Yogyakarta,Kab. Bantul,P,S1,6521,31912.0,7459.67001247456,5950.361385234626,5845.047683133287,5987.452454010924,6082.800371458212,5222.12815123783,5745.029211231266
308,Prov. D.I. Yogyakarta,Kab. Bantul,P,S2,337,967.0,226.04352287737842,335.42484194293337,351.2408085140859,348.23643508449,292.7784853749093,282.18645401929507,320.4791363264523
309,Prov. D.I. Yogyakarta,Kab. Bantul,P,S3,15,81.0,18.934359206895195,15.997934613844771,17.972669918276114,24.521297096929885,12.939546308030785,14.43093694615025,12.165517008252953
310,Prov. D.I. Yogyakarta,Kab. Gunung Kidul,L,S1,140,887.0,207.342921191556,117.58228103748345,96.27683959353557,91.23438832010248,103.1630765709678,126.2392365118591,122.86262532198755
311,Prov. D.I. Yogyakarta,Kab. Gunung Kidul,P,S1,180,793.0,185.36971421071468,132.89964860710813,111.78505342239806,110.7590945468655,136.62015926909882,125.33345294762148,125.0391778431093
312,Prov. D.I. Yogyakarta,Kab. Kulon Progo,L,S1,28,320.0,74.80240674328965,61.89979269457019,54.34752412191334,57.029911282281596,60.80651768676035,51.02628159625718,44.7971750381267
313,Prov. D.I. Yogyakarta,Kab. Kulon Progo,P,S1,128,746.0,174.383110720294,161.99860050683017,142.9244914121829,151.25632978062774,161.52741711530638,144.62212417752366,145.5053211594892
314,Prov. D.I. Yogyakarta,Kab. Sleman,L,D1,352,356.0,83.21767750190973,313.95105281194975,127.17240752607336,132.834491573561,250.2322520814634,72.01587512292744,88.85494676321954
315,Prov. D.I. Yogyakarta,Kab. Sleman,L,D3,838,3061.0,715.5317720037801,819.4285167704966,764.8279554825024,726.8121160841648,730.360112433009,689.4532442384112,709.2489673227934
316,Prov. D.I. Yogyakarta,Kab. Sleman,L,D4,1519,10154.0,2373.5738689730097,1976.5113099431003,1911.897592064222,2011.870667311601,1814.3320098790825,1863.0823964411813,1763.1802299029152
317,Prov. D.I. Yogyakarta,Kab. Sleman,L,Profesi,11692,12732.0,2976.200758298637,17581.89663145779,14827.265482541881,13950.554338987107,15041.881071773765,12691.114041875,14395.490630446215
318,Prov. D.I. Yogyakarta,Kab. Sleman,L,S1,17549,101225.0,23662.105070592173,18238.767233227798,17157.636308057532,16859.590356244746,18565.172075108865,15273.320058161404,17698.9903722983
319,Prov. D.I. Yogyakarta,Kab. Sleman,L,S2,4156,12414.0,2901.865866597493,4256.20505186343,4285.7864967502355,4100.278215045787,4404.291398482565,3808.127302166155,4014.7108688237586
320,Prov. D.I. Yogyakarta,Kab. Sleman,L,S3,506,4258.0,995.3395247278979,698.2830742232583,729.3806197528766,899.1096622338534,733.9424964525622,892.3280087315369,732.4585048705187
321,Prov. D.I. Yogyakarta,Kab. Sleman,L,Sp-1,152,752.0,175.7856558467307,156.99670226013504,177.90932652742336,244.86496023634385,169.63560288860023,143.1474538132565,160.46492653414242
322,Prov. D.I. Yogyakarta,Kab. Sleman,L,Sp-2,46,96.0,22.440722022986897,32.77565603859471,35.132338988609064,35.854950831108816,24.613080631551806,30.640671798098186,32.798155859098074
323,Prov. D.I. Yogyakarta,Kab. Sleman,P,D1,249,250.0,58.439380268195045,240.83077477079019,97.5064173024073,101.61346040184256,187.98862577215053,36.48050539526446,54.93741960545605
324,Prov. D.I. Yogyakarta,Kab. Sleman,P,D3,1474,4513.0,1054.947692601457,1451.1790350606136,1378.6548548620126,1352.5134285090876,1290.874452076754,1215.293279656119,1268.7978879923019
325,Prov. D.I. Yogyakarta,Kab. Sleman,P,D4,2674,13161.0,3076.48273483886,2930.5154975080604,2856.6864272001376,3031.0162376278495,3035.3678666048277,2836.6386547075663,2335.876163306254
326,Prov. D.I. Yogyakarta,Kab. Sleman,P,Profesi,25253,29312.0,6851.900457685332,43705.302602602176,36758.08881110263,34359.55783735041,33345.85534916438,14625.55007263621,30791.369900577523
327,Prov. D.I. Yogyakarta,Kab. Sleman,P,S1,22953,114269.0,26711.238175465518,24053.327792970354,22920.505407702934,23130.02686729533,24493.97548418681,16437.248111844438,22630.265714783127
328,Prov. D.I. Yogyakarta,Kab. Sleman,P,S2,5626,14731.0,3443.4820429231245,5830.6400484128,5931.240155572077,5779.849245810375,5535.5546013404,4015.0913101562373,4090.770720762326
329,Prov. D.I. Yogyakarta,Kab. Sleman,P,S3,418,3244.0,758.3093983600988,642.0641454042427,683.3719518450082,872.6751882745673,601.9924955207146,780.6363419186472,779.6054325631861
330,Prov. D.I. Yogyakarta,Kab. Sleman,P,Sp-1,179,874.0,204.30407341760986,200.73033582203,227.66902116354942,313.4633549046852,147.0305454205085,193.73145198853697,195.37946052368005
331,Prov. D.I. Yogyakarta,Kab. Sleman,P,Sp-2,32,64.0,14.96048134865793,22.59896175977381,23.958121999439776,23.898163514531323,21.274970673208387,23.92927305415316,24.488214677951092
332,Prov. D.I. Yogyakarta,Kota Yogyakarta,L,D2,13,50.0,11.687876053639009,20.616460132962963,17.84131052040217,17.436971780694208,18.15920866910748,16.08880234257083,14.7270801567728
333,Prov. D.I. Yogyakarta,Kota Yogyakarta,L,D3,581,2369.0,553.7715674214162,606.8179749879923,615.9247231145816,634.3944243721688,581.9750965502608,565.8418329368886,600.2418415348983
334,Prov. D.I. Yogyakarta,Kota Yogyakarta,L,D4,278,1368.0,319.78028882756325,262.56869602493305,277.0235066704102,310.92503421560565,268.7247017811888,328.3055235419184,257.49346633168335
335,Prov. D.I. Yogyakarta,Kota Yogyakarta,L,Profesi,4723,3846.0,899.0314260459126,5484.237474178246,5166.524523490367,6099.2246929691655,5183.911205660339,3983.5933699226093,4643.580886682007
336,Prov. D.I. Yogyakarta,Kota Yogyakarta,L,S1,4990,28908.0,6757.4624191719295,4348.7703580318375,4329.291041638591,4341.579758199972,4404.902698193963,4977.088847181673,4954.799709390251
337,Prov. D.I. Yogyakarta,Kota Yogyakarta,L,S2,550,1578.0,368.8693682528471,503.7188930417984,548.3601976877699,559.6197384460787,523.3255055493053,565.0571946476972,532.1434516256321
338,Prov. D.I. Yogyakarta,Kota Yogyakarta,L,S3,11,62.0,14.49296630651237,10.96978478788689,12.745556984449196,17.719456085838313,11.802238478883949,7.456861369412306,7.176289602822983
339,Prov. D.I. Yogyakarta,Kota Yogyakarta,P,D2,10,12.0,2.805090252873362,5.933178685083645,5.225281645414907,5.277099575045789,4.2154986160806445,4.322214737823873,5.310999950456991
340,Prov. D.I. Yogyakarta,Kota Yogyakarta,P,D3,1146,3512.0,820.9564140076039,1079.4981210882188,1114.7942426932545,1182.4323573191207,1089.4102142654956,1083.1212022782756,1122.8375680314123
341,Prov. D.I. Yogyakarta,Kota Yogyakarta,P,D4,140,715.0,167.1366275670378,149.4381780170155,157.50757371326847,176.32076036971964,161.28944316953326,104.76657148862205,107.19817424151125
342,Prov. D.I. Yogyakarta,Kota Yogyakarta,P,Profesi,17796,13697.0,3201.77676613387,21320.21396099774,20094.85715598976,23915.72539873855,18571.391745616926,13997.889313570477,14388.220815451712
343,Prov. D.I. Yogyakarta,Kota Yogyakarta,P,S1,6194,27278.0,6376.4376598232975,5049.741745118526,5142.400529945704,5388.963674201991,5460.920994194812,5740.901427442993,5623.865402732517
344,Prov. D.I. Yogyakarta,Kota Yogyakarta,P,S2,746,1657.0,387.33621241759676,646.354653963235,718.6910860035815,763.3052381381525,674.8716023873575,585.8345893216377,630.0072129102803
345,Prov. D.I. Yogyakarta,Kota Yogyakarta,P,S3,5,71.0,16.596783996167392,13.374229983616418,15.454892169774967,21.23046683911604,13.977935101483505,13.440086585293644,10.150923084284182
346,Prov. D.K.I. Jakarta,Kota Jakarta Barat,L,D3,350,1498.0,351.46384480179546,367.7614285312973,336.1635243663007,333.29449741936895,340.022430476103,364.3001056183353,362.3430644421357
347,Prov. D.K.I. Jakarta,Kota Jakarta Barat,L,D4,88,503.0,118.01489581795934,85.81932707789001,82.78739568167538,89.15411694982846,86.71456171372554,96.1907674069576,102.33947368984862
348,Prov. D.K.I. Jakarta,Kota Jakarta Barat,L,Profesi,708,1183.0,277.55789612852067,1468.9727225583179,1339.3206529307454,1349.220591915998,1316.8194213800564,2016.303217517715,1742.7235896299069
349,Prov. D.K.I. Jakarta,Kota Jakarta Barat,L,S1,13510,76404.0,17926.06381724725,11962.703829094127,11242.870606725615,11505.20886997242,11253.366845264609,11455.439480407964,11072.620592920317
350,Prov. D.K.I. Jakarta,Kota Jakarta Barat,L,S2,2227,6188.0,1451.8413028261082,1900.7140900714674,1925.9142838229538,1935.863826381212,1867.041809256203,1165.5248533960155,1328.5793808845224
351,Prov. D.K.I. Jakarta,Kota Jakarta Barat,L,S3,193,1086.0,254.79955637833768,166.90001572783953,182.84207647507998,248.9613920490868,174.42421467964903,233.6408405780733,186.80202201685103
352,Prov. D.K.I. Jakarta,Kota Jakarta Barat,L,Sp-1,6,18.0,4.223197067044271,3.479262354177122,4.148149941184495,6.149130338015031,4.639964379331304,9.069952848988024,4.783497716075831
353,Prov. D.K.I. Jakarta,Kota Jakarta Barat,P,D3,370,1131.0,265.35754904594836,317.08717453261386,288.58377679782694,290.3172930858576,305.325712443261,287.9639855270662,294.9383204225765
354,Prov. D.K.I. Jakarta,Kota Jakarta Barat,P,D4,158,828.0,194.26706508403646,157.22326084895522,149.58382710891334,162.13645666214484,178.29195638671533,138.8981872696538,150.01229283067377
355,Prov. D.K.I. Jakarta,Kota Jakarta Barat,P,Profesi,911,1922.0,450.943597936616,2700.63078421965,2446.1749828659495,2489.508633712992,2172.5534914558493,3361.3456812477552,2420.9343580777418
356,Prov. D.K.I. Jakarta,Kota Jakarta Barat,P,S1,13914,68248.0,16012.486301757634,12306.0017490249,11556.042877901882,12023.991457377151,13716.289933000864,12053.467064744804,12576.090643100271
357,Prov. D.K.I. Jakarta,Kota Jakarta Barat,P,S2,1827,4404.0,1033.275549070165,1574.7761640256983,1600.0366636668223,1641.6851906892414,1579.8679507128968,1072.4908475258453,1057.9729964400049
358,Prov. D.K.I. Jakarta,Kota Jakarta Barat,P,S3,95,457.0,107.22228109106844,80.27608290810882,87.65705983813419,121.02105909433014,84.20494793654008,85.52074457390582,78.4105214181079
359,Prov. D.K.I. Jakarta,Kota Jakarta Barat,P,Sp-1,8,26.0,6.1001735412861695,5.526614720699759,6.484987223899231,9.61101125090218,6.91058495767497,9.846213936204983,8.386305161440196
360,Prov. D.K.I. Jakarta,Kota Jakarta Pusat,L,D1,42,64.0,15.015811793935185,55.980424928166144,22.951027324445835,21.529045081884075,22.00974829639734,19.432498656572466,18.30141431002754
361,Prov. D.K.I. Jakarta,Kota Jakarta Pusat,L,D2,14,149.0,34.958686832755355,72.99307629753757,64.84346151200856,58.12459914294496,58.41382861081464,27.204091144082934,35.55566140404434
362,Prov. D.K.I. Jakarta,Kota Jakarta Pusat,L,D3,1883,6497.0,1524.3395191437016,1851.984362012459,1793.5975066460012,1835.979875618648,1711.3976076652393,1461.7503226613312,1670.921979245322
363,Prov. D.K.I. Jakarta,Kota Jakarta Pusat,L,D4,458,3185.0,747.2712588075557,572.6418935411532,569.7446534643841,607.6399416027916,566.4016438240558,717.2808553229684,661.8083466885836
364,Prov. D.K.I. Jakarta,Kota Jakarta Pusat,L,Profesi,1290,1826.0,428.4198802457133,2356.428855576339,2205.1965958413293,2189.7081225771917,2176.381430159211,4875.929176264539,4408.004632016152
365,Prov. D.K.I. Jakarta,Kota Jakarta Pusat,L,S1,10385,64351.0,15098.164136742549,10589.475490505294,10231.541052553885,10390.506098117505,11580.065807532908,14702.71178862269,12275.765613604293
366,Prov. D.K.I. Jakarta,Kota Jakarta Pusat,L,S2,3103,8773.0,2058.3393260655216,2665.6356807387974,2727.7777146480244,2654.4579394049647,2873.0877276876263,2346.690533816581,2908.2202351425576
367,Prov. D.K.I. Jakarta,Kota Jakarta Pusat,L,S2 Terapan,62,207.0,48.566766271009115,82.26562623447033,76.7152202725361,63.38652594993516,75.31357332798801,41.568025368424074,70.34282388307288
368,Prov. D.K.I. Jakarta,Kota Jakarta Pusat,L,S3,312,1982.0,465.02092149343025,305.68091738330776,339.80659953851523,450.28669092409166,350.1672743483455,390.1428752807643,366.7321012486876
369,Prov. D.K.I. Jakarta,Kota Jakarta Pusat,L,Sp-1,268,1291.0,302.8970785307863,249.42782715888134,301.3612436956203,434.1257915720223,284.38382180179127,279.36387011568684,277.5763057747468
370,Prov. D.K.I. Jakarta,Kota Jakarta Pusat,L,Sp-2,133,307.0,72.02897219903284,101.71698602975053,118.15318587283099,114.79965439780356,112.84295504918566,55.99926759818732,62.93021129212422
371,Prov. D.K.I. Jakarta,Kota Jakarta Pusat,P,D1,25,31.0,7.273283837687355,31.401610961728082,12.887370783940929,12.316313377919345,12.609960242475609,13.788968405512694,17.687335269770276
372,Prov. D.K.I. Jakarta,Kota Jakarta Pusat,P,D2,7,52.0,12.200347082572339,28.226482006393546,24.740099324005865,22.23283089958359,32.235136968262346,18.897764715625268,18.732021084501557
373,Prov. D.K.I. Jakarta,Kota Jakarta Pusat,P,D3,2733,7906.0,1854.922000669556,2589.589233361486,2499.6895272645256,2605.397291550782,2551.497717664894,2201.996306653289,2364.295212502782
374,Prov. D.K.I. Jakarta,Kota Jakarta Pusat,P,D4,764,4660.0,1093.3387962459058,968.8238153828211,963.0553616446053,1047.7901202892747,944.3122155394811,1140.9560985121414,982.3524440116677
375,Prov. D.K.I. Jakarta,Kota Jakarta Pusat,P,Profesi,4937,6329.0,1484.9230131846216,9328.635499601236,8699.396894315687,8756.523993480667,8926.239567928638,11396.548936024234,10932.373573363355
376,Prov. D.K.I. Jakarta,Kota Jakarta Pusat,P,S1,13458,69821.0,16381.546801005446,13401.617356175831,12970.721703111034,13484.152294384541,14360.418388759068,18692.55789204207,15900.541132575605
377,Prov. D.K.I. Jakarta,Kota Jakarta Pusat,P,S2,3366,8395.0,1969.6521876575919,2989.0482868953604,3073.7033841027414,3060.5509056778133,3061.3471514703565,2441.5830969171657,3067.8708080604815
378,Prov. D.K.I. Jakarta,Kota Jakarta Pusat,P,S2 Terapan,59,142.0,33.316332417793696,65.19544069523714,60.810916469155146,51.145401173496126,70.14271964593568,34.92671871229359,47.8337702207832
379,Prov. D.K.I. Jakarta,Kota Jakarta Pusat,P,S3,261,1510.0,354.2793095131583,272.45633063651127,304.19790670109813,412.211302001126,291.292066024012,340.41777301945547,307.8168312085517
380,Prov. D.K.I. Jakarta,Kota Jakarta Pusat,P,Sp-1,493,1872.0,439.2124949726042,392.8792148440597,465.3018305980412,667.1403192414385,440.2988039726944,386.776359724601,387.91376652005437
381,Prov. D.K.I. Jakarta,Kota Jakarta Pusat,P,Sp-2,74,192.0,45.047435381805556,68.48388532068148,77.74889733147417,74.94112921409084,75.24832147631221,51.185164607444555,67.15194942332022
382,Prov. D.K.I. Jakarta,Kota Jakarta Selatan,L,D3,814,3745.0,878.6596120044886,975.6041726983898,971.5429971592275,1002.4732558591812,899.7480737195406,922.1378164724939,989.1562266733157
383,Prov. D.K.I. Jakarta,Kota Jakarta Selatan,L,D4,900,4931.0,1156.92137431085,905.9734349766181,952.7522491992983,1079.3154014250033,846.3547700673237,915.6830872259654,813.4382943864393
384,Prov. D.K.I. Jakarta,Kota Jakarta Selatan,L,Profesi,3694,3530.0,828.2158692592376,2867.429827964646,2397.334975108468,2144.2960838061986,3107.6472732917036,4117.986547333031,4505.817414426237
385,Prov. D.K.I. Jakarta,Kota Jakarta Selatan,L,S1,16038,104708.0,24566.806583115085,15509.0969718469,15466.861761626024,15569.25635282077,16106.754155737523,16468.13544502329,16061.890215623487
386,Prov. D.K.I. Jakarta,Kota Jakarta Selatan,L,S2,3384,11049.0,2592.3391329873416,3107.2119726182677,3277.2708094837203,3236.967224198587,3658.6553391984517,2737.7799931088193,3181.5402933576793
387,Prov. D.K.I. Jakarta,Kota Jakarta Selatan,L,S2 Terapan,11,25.0,5.865551482005932,8.885890936928378,7.902765064488911,7.126331888817339,8.754674907985551,9.813277129837711,6.59105034880831
388,Prov. D.K.I. Jakarta,Kota Jakarta Selatan,L,S3,171,1347.0,316.03591385047963,175.70103518982728,195.3882621358418,254.39592617131504,234.33086548296578,300.99187618559716,281.6909720934402
389,Prov. D.K.I. Jakarta,Kota Jakarta Selatan,P,D3,1603,6146.0,1441.9871763363383,1985.5856202342466,2025.822278998566,2181.3863488982693,1944.464741802804,1476.2422460689909,1560.6422676424113
390,Prov. D.K.I. Jakarta,Kota Jakarta Selatan,P,D4,1406,5320.0,1248.1893553708624,1098.861470541913,1149.4664596718908,1306.7183761362935,1143.0606766542223,1144.3211184388479,1044.4643022704781
391,Prov. D.K.I. Jakarta,Kota Jakarta Selatan,P,Profesi,14300,13243.0,3107.099931048182,12371.378502780877,10349.848559016473,9384.8449330857,11475.232236102613,14057.543268265403,14587.23367848779
392,Prov. D.K.I. Jakarta,Kota Jakarta Selatan,P,S1,21584,102360.0,24015.913987925087,18349.860121234833,18555.600460974245,19378.5863219379,21357.617693768054,20063.16017176641,20757.452168893247
393,Prov. D.K.I. Jakarta,Kota Jakarta Selatan,P,S2,3354,9414.0,2208.7320660641535,3250.908715744557,3498.930179340264,3596.972492623603,3613.304847369449,2673.959950843436,3085.783170337535
394,Prov. D.K.I. Jakarta,Kota Jakarta Selatan,P,S2 Terapan,6,15.0,3.519330889203559,6.6393102812930245,6.198456310868272,5.672528428916459,6.541733557472614,5.5715269544103245,3.4840511219258152
395,Prov. D.K.I. Jakarta,Kota Jakarta Selatan,P,S3,120,608.0,142.65021204238425,97.38258779977942,110.47536879693632,149.76459720123563,110.71596646885934,139.35795880945895,143.34864156458494
396,Prov. D.K.I. Jakarta,Kota Jakarta Timur,L,D1,23,37.0,8.681016193368778,29.617082315522556,12.097891049550082,11.409016858844723,9.70657864509948,16.2407921368114,18.05159156856031
397,Prov. D.K.I. Jakarta,Kota Jakarta Timur,L,D3,805,3199.0,750.5559676374791,795.0048573877725,756.9941645059071,762.8132675336216,742.0118407718179,771.4267644317385,780.854181119786
398,Prov. D.K.I. Jakarta,Kota Jakarta Timur,L,D4,682,3629.0,851.4434531279811,645.6619124594639,654.6745897494201,725.0592080433559,578.0141095861404,815.8920918456005,767.2007306871484
399,Prov. D.K.I. Jakarta,Kota Jakarta Timur,L,Profesi,5391,5752.0,1349.546084979925,3610.121553458313,2736.012057390517,2168.899537361484,7199.565244223664,8028.922992155831,6300.481196048976
400,Prov. D.K.I. Jakarta,Kota Jakarta Timur,L,S1,11116,71562.0,16790.02380621234,10219.704806486061,9757.889731147718,9656.753637753069,9962.959700026213,12969.449016421744,11377.701074233031
401,Prov. D.K.I. Jakarta,Kota Jakarta Timur,L,S2,2449,8215.0,1927.4202169871492,2313.6737558868012,2368.8622936399934,2328.315085199459,2409.2187167580305,1982.2439697329266,2110.4509082397917
402,Prov. D.K.I. Jakarta,Kota Jakarta Timur,L,S3,317,1894.0,444.3741802767694,236.22054912622826,251.23198542626463,319.9319235485114,274.3721229912077,377.5286264663302,368.7725616365174
403,Prov. D.K.I. Jakarta,Kota Jakarta Timur,P,D1,8,10.0,2.3462205928023727,10.251625415406838,4.332497325017532,4.318334829380275,4.161468539793393,4.670499506292567,7.299116600847595
404,Prov. D.K.I. Jakarta,Kota Jakarta Timur,P,D3,1336,4002.0,938.9574812395095,1210.7398153831034,1173.8175068688977,1226.254651821941,1135.734903453019,1132.3781224308539,1281.8001720499356
405,Prov. D.K.I. Jakarta,Kota Jakarta Timur,P,D4,975,4511.0,1058.3801094131504,917.3678690916589,925.6755228851051,1041.623587224642,804.040880385723,994.3146591619976,930.8895073147701
406,Prov. D.K.I. Jakarta,Kota Jakarta Timur,P,Profesi,14528,14949.0,3507.365164180267,12245.013016446357,9660.93393208924,8150.193640777,21451.45782771184,15919.359217990304,15095.86479024855
407,Prov. D.K.I. Jakarta,Kota Jakarta Timur,P,S1,14245,69169.0,16228.573218354732,12135.463767140232,11796.538647725414,12191.559155406843,13165.561972243802,16358.411572334444,14838.248889488375
408,Prov. D.K.I. Jakarta,Kota Jakarta Timur,P,S2,1897,5632.0,1321.3914378662962,1879.8389344073314,1941.2999531057492,1960.4079956327835,1913.8521158484134,1110.2136632603456,1540.4348453592345
409,Prov. D.K.I. Jakarta,Kota Jakarta Timur,P,S3,199,1105.0,259.2573755046622,177.82480698041087,196.15075306658107,264.7243579963145,194.699829901198,234.79615166318152,218.59733372804237
410,Prov. D.K.I. Jakarta,Kota Jakarta Utara,L,D3,668,2310.0,541.9769569373481,712.5008709325684,663.878000899532,733.3101188146011,597.4157919366146,540.4366391066767,582.8099340199674
411,Prov. D.K.I. Jakarta,Kota Jakarta Utara,L,D4,396,1644.0,385.7186654567101,295.6640209924763,275.409289348969,308.5888864801944,302.30892251019543,403.18841199055805,372.3440995401266
412,Prov. D.K.I. Jakarta,Kota Jakarta Utara,L,Profesi,95,130.0,30.500867706430846,111.21251667362296,84.91336937930407,76.50671870850897,123.38041326772935,91.2289566131307,96.59194500905247
413,Prov. D.K.I. Jakarta,Kota Jakarta Utara,L,S1,1421,8176.0,1918.2699566752199,1221.7213752663633,1080.1396578028007,1099.9732735598561,1172.5801768300623,1481.551735893097,1368.181679942417
414,Prov. D.K.I. Jakarta,Kota Jakarta Utara,L,S2,117,478.0,112.14934433595342,135.85159680758113,126.73911912158769,127.18558158466101,140.15301130480867,124.44188422592805,143.9878685636639
415,Prov. D.K.I. Jakarta,Kota Jakarta Utara,L,S2 Terapan,41,108.0,25.339182402265624,33.69232422083177,27.09482521417565,21.60523610033329,31.999968271214225,23.695203723979162,27.612237052362232
416,Prov. D.K.I. Jakarta,Kota Jakarta Utara,L,S3,32,177.0,41.528104492602,20.536064019141552,19.41399233653962,24.444945998799327,26.791352211045165,22.741859473976408,20.132767547936183
417,Prov. D.K.I. Jakarta,Kota Jakarta Utara,P,D3,333,903.0,211.86371953005425,294.741059825857,267.05619622423615,290.6006252534588,301.223307003742,229.40665946867304,238.61434459400243
418,Prov. D.K.I. Jakarta,Kota Jakarta Utara,P,D4,76,290.0,68.04039719126881,59.85848518810673,55.65097945434393,63.32055603467295,74.42771969116005,29.608646876600766,35.789943397444695
419,Prov. D.K.I. Jakarta,Kota Jakarta Utara,P,Profesi,466,533.0,125.05355759636646,630.8155349665011,511.0802676457284,500.5822284659315,562.7787221420533,594.3836100240976,530.4285460027467
420,Prov. D.K.I. Jakarta,Kota Jakarta Utara,P,S1,1524,7919.0,1857.972087440199,1371.2342714147721,1213.53562749379,1259.7435865513241,1514.6992416579833,1493.6634765192068,1572.6739690837785
421,Prov. D.K.I. Jakarta,Kota Jakarta Utara,P,S2,115,292.0,68.50964130982928,96.98760467483686,91.0172395225396,93.14180284983522,97.3752502396826,64.49477840490486,78.83206525959444
422,Prov. D.K.I. Jakarta,Kota Jakarta Utara,P,S2 Terapan,11,27.0,6.334795600566406,9.861657108651837,7.967227400714948,6.4983678567747925,10.723749987174818,7.72227920024227,7.108139128507528
423,Prov. D.K.I. Jakarta,Kota Jakarta Utara,P,S3,15,63.0,14.781189734654948,8.600771217746464,8.181814892601135,10.557017215200464,9.919386460712774,6.2449164373658155,7.284600737540366
424,Prov. Gorontalo,Kab. Bone Bolango,L,D3,50,190.0,44.78261613819924,37.06605656459338,28.518951752879772,24.758461254033456,42.262949288990825,23.745691370617703,27.577262478566094
425,Prov. Gorontalo,Kab. Bone Bolango,P,D3,22,98.0,23.098402008123816,21.482348942075863,16.462293348561595,14.369697387445227,15.753523177297167,13.889564161807067,14.675623104718053
426,Prov. Gorontalo,Kab. Gorontalo,L,Profesi,35,40.0,9.427919186989314,46.50034226012011,39.67288992234028,38.89963975682568,36.271890348285716,18.356032808177854,22.546720288888515
427,Prov. Gorontalo,Kab. Gorontalo,L,S1,366,2937.0,692.2449663046904,378.17236037285437,300.5285100386294,275.2910273483092,361.1587209162629,373.08265505040504,335.0236040793111
428,Prov. Gorontalo,Kab. Gorontalo,L,S2,60,308.0,72.59497773981771,71.46851820991408,56.40198274086741,48.65775905462797,124.20407039801242,54.06283571977124,65.05842783415173
429,Prov. Gorontalo,Kab. Gorontalo,P,Profesi,217,252.0,59.395890878032674,327.86836847527155,278.0347863075976,273.5828373727883,234.38861399548793,360.6369174266503,226.01344410923917
430,Prov. Gorontalo,Kab. Gorontalo,P,S1,873,4403.0,1037.7782045078486,720.9263411605435,608.07748999133,594.2728340564797,738.4994975075556,827.2796638132593,810.0028308850281
431,Prov. Gorontalo,Kab. Gorontalo,P,S2,71,250.0,58.92449491868321,73.67321569518658,61.67051308783725,56.7267527727348,66.00098938156432,66.88683995236597,87.16751527254303
432,Prov. Gorontalo,Kab. Gorontalo Utara,L,S1,93,575.0,135.52633831297138,71.72537492141397,54.14761651600654,48.1824621697733,69.59517315125687,58.35876318523151,48.90878540262214
433,Prov. Gorontalo,Kab. Gorontalo Utara,P,S1,109,699.0,164.75288779263823,115.94433445937311,95.06203231083,92.20128789916032,129.54367841371283,108.51216996510512,118.1891243500851
434,Prov. Gorontalo,Kab. Pohuwato,L,S1,276,806.0,189.97257161783466,102.26142670132143,78.213446707626,70.16810242819324,94.63322684898007,109.00045984645381,103.51187300434039
435,Prov. Gorontalo,Kab. Pohuwato,P,S1,476,1160.0,273.4096564226901,193.00692189785144,159.1819247018623,154.62599075869392,191.6163011773609,191.28186621078459,189.13541379035158
436,Prov. Gorontalo,Kota Gorontalo,L,D3,31,196.0,46.19680401624763,53.12386332082936,44.52099466166664,42.84634639981722,43.11792595582786,52.97934727043167,53.00554223420818
437,Prov. Gorontalo,Kota Gorontalo,L,D4,10,150.0,35.354696951209924,23.28729093179157,19.43787707603363,18.6761225031073,19.779336036787463,28.166673163355995,27.215249866137743
438,Prov. Gorontalo,Kota Gorontalo,L,Profesi,3671,3744.0,882.4532359021997,4918.599085706894,4186.02691461917,3993.7185431356806,5806.685426387117,5168.222999682581,4150.83393644887
439,Prov. Gorontalo,Kota Gorontalo,L,S1,1828,15537.0,3662.039510206324,2333.426471452239,1882.3885901443705,1716.97220829189,1945.24723208131,2280.9322476527504,2276.4756443905485
440,Prov. Gorontalo,Kota Gorontalo,L,S2,179,762.0,179.6018605121464,226.06879087084937,189.62954869818986,168.88206367372766,186.41499899334812,176.62668005385106,221.0578451900869
441,Prov. Gorontalo,Kota Gorontalo,L,S3,11,80.0,18.855838373978628,11.151111106859808,9.999401067328808,11.631967011719599,13.390710847139118,12.291354452780528,10.933792352338653
442,Prov. Gorontalo,Kota Gorontalo,P,D3,197,949.0,223.67738271132146,278.2365607170821,227.8655349500529,217.24741045427186,247.1025634375705,227.52483372923518,224.05875957837432
443,Prov. Gorontalo,Kota Gorontalo,P,D4,76,454.0,107.00688277232871,70.05740520213335,54.64730011887964,49.57091215810179,71.62992644413477,81.52614597139801,105.3382716497205
444,Prov. Gorontalo,Kota Gorontalo,P,Profesi,10949,10868.0,2561.5656431049965,16162.45310410969,13752.266709643007,13239.142232628095,19854.785425393824,8068.647371299273,10133.495019113481
445,Prov. Gorontalo,Kota Gorontalo,P,S1,3836,24266.0,5719.447174787067,4475.1855674614035,3764.6635935970976,3609.487940767286,3972.8988791432103,3501.4936281628566,3694.838655738822
446,Prov. Gorontalo,Kota Gorontalo,P,S2,190,658.0,155.0892706259742,243.93856611660883,215.2368179136472,202.8028637606038,232.18939311219188,183.1648326536557,197.5219262773506
447,Prov. Gorontalo,Kota Gorontalo,P,S3,11,90.0,21.212818170725953,15.54250024979183,14.596057660215116,17.890084170443355,17.21146433100972,14.204290853987361,15.219230730187077
448,Prov. Jambi,Kab. Batang Hari,L,S1,131,1516.0,357.31813718689494,214.03659421971474,170.6645865304409,163.3076713574388,203.02342738183296,201.01094273019623,192.04486610605963
449,Prov. Jambi,Kab. Batang Hari,L,S2,3,25.0,5.89244949186832,9.17278210239795,8.76780618367155,9.418252881384902,9.508426307223553,8.487105103945884,8.003045733812206
450,Prov. Jambi,Kab. Batang Hari,P,S1,288,2042.0,481.29527449580445,358.18973838232,299.5392509751433,302.4116407054735,370.1539071616253,378.41131302346685,393.84452912162897
451,Prov. Jambi,Kab. Batang Hari,P,S2,1,23.0,5.421053532518855,9.3156030095927,8.787957752374624,9.411065310072608,9.878137875431223,7.772840227958646,5.6387127746922605
452,Prov. Jambi,Kab. Bungo,L,D3,14,59.0,13.906180800809237,13.399574389519403,11.381576570860599,10.87515036206593,11.038524651121524,11.359015447395759,11.255673083062318
453,Prov. Jambi,Kab. Bungo,L,S1,600,3443.0,811.5081440201051,438.27256471948016,361.13310369915456,332.8209366333939,415.80769551540646,425.5836719705029,454.3801657799252
454,Prov. Jambi,Kab. Bungo,P,D3,25,170.0,40.06865654470458,48.74125003052212,43.77854900173238,44.47359120178321,44.33459065392613,44.36189083600081,35.90429192519742
455,Prov. Jambi,Kab. Bungo,P,S1,978,4007.0,944.4418045566545,691.8505888103284,625.464437756193,634.1666460594604,736.102818362356,689.1776833329146,746.6061598369006
456,Prov. Jambi,Kab. Kerinci,L,D3,71,183.0,43.13273028047611,54.958865021131956,48.17852539120111,51.088816392589656,50.10822714414716,37.03277959219372,32.68738910317835
457,Prov. Jambi,Kab. Kerinci,L,Profesi,519,86.0,20.270026252027023,118.18122826113587,102.42958364780594,106.67123828497738,214.78672506359655,98.31782261339721,91.38330225620979
458,Prov. Jambi,Kab. Kerinci,L,S1,243,1668.0,393.14423009745434,237.8215898111551,185.64537878118568,175.02353131710666,216.3492378869745,257.56301189873517,237.5798740577637
459,Prov. Jambi,Kab. Kerinci,L,S2,51,159.0,37.475978768282516,51.998297999367274,45.63237976942471,45.489044185198864,48.92792110560031,42.18305568315957,55.81405432772681
460,Prov. Jambi,Kab. Kerinci,P,D3,7,17.0,4.006865654470458,5.476003684357723,4.668133515363292,4.86741908638735,5.027968673559908,6.510101591756146,4.992755137111294
461,Prov. Jambi,Kab. Kerinci,P,Profesi,861,219.0,51.61785754876649,332.2127001168232,284.1713320953139,295.0350500241595,582.551718871831,410.71414230829674,236.01860935016506
462,Prov. Jambi,Kab. Kerinci,P,S1,443,2134.0,502.97948862587987,363.3064327021511,291.4238970159865,284.4156769464586,326.6017154152473,304.80807947031093,331.8440397904961
463,Prov. Jambi,Kab. Kerinci,P,S2,65,167.0,39.36156260568038,64.80342206122528,58.24994987974309,59.92871093835145,56.85161741748988,59.10301258303094,65.55775218952135
464,Prov. Jambi,Kab. Merangin,L,S1,113,2155.0,507.9291461990492,290.5607194607422,242.62808202722107,231.09146041940986,280.459713576355,252.69260267173925,191.50989370015046
465,Prov. Jambi,Kab. Merangin,P,Profesi,50,51.0,12.020596963411375,57.76655864669408,46.81266375105184,43.844122318282025,59.538271143231604,37.85709210115694,36.32084601606861
466,Prov. Jambi,Kab. Merangin,P,S1,131,2857.0,673.3891279307117,453.84426993284666,386.7585231888845,378.88812479186373,478.16117418099543,365.61957962627497,380.30342442491167
467,Prov. Jambi,Kab. Muaro Jambi,L,D3,78,359.0,84.61557470322909,186.39815625563168,124.62575053402165,92.92721182414701,76.66157269777425,84.49928946737988,94.88011480036349
468,Prov. Jambi,Kab. Muaro Jambi,L,D4,6,142.0,33.469113113812064,48.24980928911848,34.381147101584034,27.143165229754832,26.56927332086748,28.216773962534763,21.675113185805078
469,Prov. Jambi,Kab. Muaro Jambi,L,Profesi,1464,1611.0,379.7094452559946,4016.128881570462,2713.0209265379635,1993.6083103041847,6248.939507683294,2409.5049950289376,2105.503517382692
470,Prov. Jambi,Kab. Muaro Jambi,L,S1,1757,11110.0,2618.604554186282,3703.9443925397068,2571.5909418176734,1951.0470117035013,2067.227072562132,1803.013093328718,1706.141698953343
471,Prov. Jambi,Kab. Muaro Jambi,L,S2,176,604.0,142.36157972353863,371.10861377446224,258.4481059180043,184.86807527039088,261.7105342865464,154.49995257423103,159.87839395932238
472,Prov. Jambi,Kab. Muaro Jambi,L,S3,60,306.0,72.12358178046824,87.40148420480477,64.71603315584457,60.15793598622503,76.18292693849193,59.51354864825918,56.357484597411315
473,Prov. Jambi,Kab. Muaro Jambi,P,D3,100,434.0,102.29292317883404,262.2124969567218,177.61612325411363,134.62644894580612,95.70108585070936,101.22797500374519,126.37447028170513
474,Prov. Jambi,Kab. Muaro Jambi,P,D4,39,352.0,82.96568884550595,136.6922498630124,97.85663703092611,78.29510396680162,79.60385585312511,79.81869230971864,96.66773117985281
475,Prov. Jambi,Kab. Muaro Jambi,P,Profesi,3830,4339.0,1022.6935338086657,11990.944506166094,8011.736069559116,5881.141839435903,16473.328491320026,5905.643568102139,6195.365627662156
476,Prov. Jambi,Kab. Muaro Jambi,P,S1,3603,18244.0,4300.073941185826,6948.520067851059,4848.316532784616,3739.7403464330596,3665.7266811692793,3794.0572866367093,3505.6612363117756
477,Prov. Jambi,Kab. Muaro Jambi,P,S2,265,739.0,174.18080697962756,530.2616943576403,375.1671582759898,274.85789281068685,317.8085617571835,183.39049792191315,238.18019469342866
478,Prov. Jambi,Kab. Muaro Jambi,P,S3,34,232.0,54.68193128453802,79.2831362627827,60.386718348750115,58.164298010765634,55.40948874463906,48.32788806615274,38.192822495718104
479,Prov. Jambi,Kab. Sarolangun,L,S1,11,645.0,152.02519689020266,81.01060826549111,65.00016334919246,59.3995579325265,75.62033566123897,80.68013114306129,70.10665936282443
480,Prov. Jambi,Kab. Sarolangun,P,S1,29,1066.0,251.2540463332652,161.25091876932288,133.5415572527185,126.85089575395843,161.43069826694568,142.83662040713048,149.25400857340964
481,Prov. Jambi,Kab. Sungai Penuh,L,D3,26,158.0,37.240280788607784,36.581901462719486,32.11732654731599,31.207755596948466,34.786831749160896,36.37384406270214,31.597897907964043
482,Prov. Jambi,Kab. Sungai Penuh,L,S1,256,2610.0,615.1717269510527,288.80438818940553,226.5570146853963,196.34671704950625,302.05829674496357,314.1049706653346,257.43919456734403
483,Prov. Jambi,Kab. Sungai Penuh,P,D3,69,274.0,64.58124643087679,77.16249378625199,70.27864284711266,71.3194535480149,75.57909006849458,69.71684808424968,69.81846843019825
484,Prov. Jambi,Kab. Sungai Penuh,P,S1,228,1731.0,407.99320281696254,233.79984654633452,190.61292002918853,172.82111879493164,186.53440506458432,252.73322149239374,243.74324986322637
485,Prov. Jambi,Kab. Tanjung Jabung Barat,L,S1,215,920.0,216.8421413007542,130.75777073045316,101.46178314801301,98.30197780582998,83.54138437489006,110.38855534968171,112.00520500149102
486,Prov. Jambi,Kab. Tanjung Jabung Barat,P,S1,364,1131.0,266.5744150121228,198.57312222732614,161.12402913220077,164.2510049431141,154.1322277050969,189.23032522298672,201.0255498364942
487,Prov. Jambi,Kab. Tanjung Jabung Timur,L,S1,80,931.0,219.43481907717626,163.71656113659355,131.8175691073477,138.1542794492733,109.54232046087839,133.9941038780801,116.14551857147084
488,Prov. Jambi,Kab. Tanjung Jabung Timur,P,S1,89,735.0,173.23801506092863,148.47333967974652,120.42274403382764,128.25105671956297,103.22808607807809,123.31621456594134,136.9196070860738
489,Prov. Jambi,Kab. Tebo,L,S1,79,482.0,113.60642620322122,79.56952278571295,68.75689467573203,70.91348663832039,83.35588214723741,68.2443845920899,62.7600099864502
490,Prov. Jambi,Kab. Tebo,P,S1,134,754.0,177.71627667474854,144.8758819364241,126.96351136901123,133.9023373496846,189.98114089510239,167.7197248662525,180.67635816364208
491,Prov. Jambi,Kota Jambi,L,D3,181,714.0,168.28835748775924,189.13878156378587,183.953711534847,191.41090717756148,169.71298808737052,164.2962852233415,159.11189054949654
492,Prov. Jambi,Kota Jambi,L,D4,181,473.0,111.48514438614863,85.62867770107536,91.05047766463811,104.55935603112594,90.1432225882259,61.251134914492205,58.06916022446429
493,Prov. Jambi,Kota Jambi,L,Profesi,524,218.0,51.382159569091755,210.4274603712209,179.97203017167502,164.79759398609798,197.338094379466,252.5222858487179,216.1583243103632
494,Prov. Jambi,Kota Jambi,L,S1,2149,16623.0,3918.0075161330838,2531.8017056635695,2419.416658298609,2452.5896689443407,2392.222778776301,2474.1436342924403,2350.309775674403
495,Prov. Jambi,Kota Jambi,L,S2,165,1223.0,288.25862914219823,397.2645644772682,411.0989187536278,425.4234758212818,452.06496964107544,416.38922140093126,411.9457224011005
496,Prov. Jambi,Kota Jambi,L,S3,30,303.0,71.41648784144405,50.72246174286794,58.84439881550086,83.14407328714482,52.389292198259696,54.34864289519879,50.69399894296629
497,Prov. Jambi,Kota Jambi,P,D3,549,1615.0,380.65223717469354,521.8046592211149,527.1810096686104,573.3213220492682,487.2470220918221,455.83656147184325,448.60962912746436
498,Prov. Jambi,Kota Jambi,P,D4,1538,3388.0,798.5447551379948,681.5273415182551,717.4171913490339,822.3350795844626,562.6525962797356,851.7279129244923,889.1130812638612
499,Prov. Jambi,Kota Jambi,P,Profesi,2489,1512.0,356.37534526819604,2002.5529080229392,1890.3375328766217,1915.2829687143044,1583.0635638214092,1594.1445809514084,1699.1169246149514
500,Prov. Jambi,Kota Jambi,P,S1,4100,19913.0,4693.453869262955,3637.3727378028457,3579.879944695821,3764.5405645664077,3688.154163429987,3636.294293217923,3705.272431794608
501,Prov. Jambi,Kota Jambi,P,S2,136,820.0,193.27234333328093,308.6447357027521,323.1801872275369,341.2634927619755,311.34164571908104,234.72526455401967,296.19897401653213
502,Prov. Jambi,Kota Jambi,P,S3,20,127.0,29.93364341869107,23.289189124229026,26.56040814586478,37.276634904442425,20.663130197943563,18.935641007833738,17.684107773192565
503,Prov. Jawa Barat,Kab. Bandung,L,D3,533,1715.0,393.1013843085966,461.8734277311438,473.62993179201095,515.5901094243262,437.70630995357607,372.7532383214682,392.54300284069757
504,Prov. Jawa Barat,Kab. Bandung,L,D4,79,597.0,136.84054019372138,99.93251491173886,103.05940115845512,116.59247812029898,103.40111260291638,145.91853069830307,112.33869547730191
505,Prov. Jawa Barat,Kab. Bandung,L,Profesi,13,2.0,0.4584272703307249,3.0662219960244976,2.9293118760263988,3.0681335566789385,4.415143753947365,3.343642454004023,4.104206860496555
506,Prov. Jawa Barat,Kab. Bandung,L,S1,5626,28803.0,6602.040333667935,4842.520652715492,5072.576164351121,5406.330934637603,5475.336613002976,4653.657498912359,3844.650183197826
507,Prov. Jawa Barat,Kab. Bandung,L,S2,507,1420.0,325.4833619348147,448.1020051062486,469.30402407165366,472.8493956836648,507.25832747241236,393.6442658923533,372.13781027550687
508,Prov. Jawa Barat,Kab. Bandung,L,S3,3,39.0,8.939331771449135,7.000665740446793,7.8319586619771355,11.15013743575355,6.603710987436052,5.8050733033994195,5.060348390437554
509,Prov. Jawa Barat,Kab. Bandung,P,D3,476,1396.0,319.982234690846,419.6946441875434,428.9925749204528,466.37512372924715,376.6069632728689,345.35798134306856,358.78162310293527
510,Prov. Jawa Barat,Kab. Bandung,P,D4,28,366.0,83.89219047052265,61.204932654186685,61.01545309002101,66.84281003210513,62.74892865491158,70.24741724380556,64.63428810766794
511,Prov. Jawa Barat,Kab. Bandung,P,Profesi,9,21.0,4.813486338472611,20.781138759222635,16.799226700549603,14.760737487459744,42.750225222215995,10.845370372327704,11.932364525969335
512,Prov. Jawa Barat,Kab. Bandung,P,S1,4002,21335.0,4890.272906253008,3968.5274249139748,4143.787860628708,4419.35104610279,4411.227815662884,3810.424432854671,3745.794945124184
513,Prov. Jawa Barat,Kab. Bandung,P,S2,500,1012.0,231.9641987873468,364.95427208722236,385.92822331910565,395.3678801690317,391.9516486327587,301.0739362833515,349.5904757986497
514,Prov. Jawa Barat,Kab. Bandung,P,S3,1,12.0,2.7505636219843494,2.412060854395644,2.707551756411845,3.892584272343478,2.4214092244743672,3.98856909776713,2.4556903216320025
515,Prov. Jawa Barat,Kab. Bandung Barat,L,D3,79,226.0,51.80228154737191,64.63879504191704,59.38511655844482,63.80000887654454,67.93300437858365,64.00168805334371,62.813709496560726
516,Prov. Jawa Barat,Kab. Bandung Barat,L,Profesi,47,61.0,13.98203174508711,73.55424154972017,59.02318844365988,58.02352693762618,55.365558408445764,41.286508309405924,49.547271802380536
517,Prov. Jawa Barat,Kab. Bandung Barat,L,S1,583,1814.0,415.7935341899675,293.3192433191208,270.48192270469997,281.70773681457877,281.8250207268073,256.0055390154742,233.28958828580133
518,Prov. Jawa Barat,Kab. Bandung Barat,L,S2,50,116.0,26.588781679182045,37.79908326937119,36.172550146641726,37.490455390489075,37.220102136910775,39.284357261660034,38.24705957056555
519,Prov. Jawa Barat,Kab. Bandung Barat,P,D3,164,371.0,85.03825864634946,120.53967210100052,111.6095849265809,121.67358189695778,121.36132568731868,116.82449984283551,108.80691095894893
520,Prov. Jawa Barat,Kab. Bandung Barat,P,Profesi,157,205.0,46.988795208899305,281.8747398693058,228.22831596542426,227.9602653442337,215.58988201068794,196.13975618266244,185.5698733202642
521,Prov. Jawa Barat,Kab. Bandung Barat,P,S1,573,2055.0,471.03402026481984,388.40830182699773,364.17420087016404,388.59422111973385,369.8976593720998,326.0257807096921,324.43464311264273
522,Prov. Jawa Barat,Kab. Bandung Barat,P,S2,27,56.0,12.835963569260297,20.793142504778285,20.073301377915936,21.13305717005934,19.59418198433718,14.438148023570442,15.119262762554165
523,Prov. Jawa Barat,Kab. Bekasi,L,D3,548,1751.0,401.35307517454964,472.81576579163146,500.7670860477449,528.0538063203845,515.7042899513158,440.5238595868216,445.7056839384941
524,Prov. Jawa Barat,Kab. Bekasi,L,D4,424,1790.0,410.2924069459988,322.71546250074164,354.2449151646186,403.3984222583894,385.2524559728223,393.03714236864886,394.7226026883546
525,Prov. Jawa Barat,Kab. Bekasi,L,Profesi,17,16.0,3.667418162645799,21.919606906063432,21.47229274125214,22.05104067034838,22.940405915966338,9.97357041048054,14.64538607999335
526,Prov. Jawa Barat,Kab. Bekasi,L,S1,2443,20714.0,4747.931238815318,2699.156288460535,2732.7684119893615,2649.520424753974,2749.2148694290754,3124.993703171475,2565.4535341247088
527,Prov. Jawa Barat,Kab. Bekasi,L,S2,131,421.0,96.49894040461758,93.31359629116044,93.01758119794113,84.73750585045836,75.74918685261774,75.6134966855986,102.00519817645021
528,Prov. Jawa Barat,Kab. Bekasi,P,D3,471,1461.0,334.88112097659456,392.43430584393894,402.03524688518394,411.3844370518867,436.0697202302867,348.55176555595915,371.86383630498386
529,Prov. Jawa Barat,Kab. Bekasi,P,D4,254,1118.0,256.2608441148752,222.0264301910952,243.24041382718633,278.05489734040844,251.95372660398255,239.81276090783354,209.9442318061309
530,Prov. Jawa Barat,Kab. Bekasi,P,Profesi,122,163.0,37.361822531954076,246.37428807717706,241.0502095618059,248.73826940338375,228.43675363788228,124.98329937393491,162.1438594354992
531,Prov. Jawa Barat,Kab. Bekasi,P,S1,2933,18332.0,4201.944359851424,2892.0253155903492,3010.069190959471,3026.2697312787564,3144.88767932075,3260.995420291953,3094.312333151667
532,Prov. Jawa Barat,Kab. Bekasi,P,S2,66,273.0,62.575322400143946,69.93774459724493,70.63877150971119,65.68030998858659,68.23363802875083,55.4462330445045,65.31313461414057
533,Prov. Jawa Barat,Kab. Bogor,L,D3,187,614.0,140.73717199153253,200.5055763711731,155.99190684872175,169.11841908838025,158.68430556988957,153.17578632149153,150.69727587820077
534,Prov. Jawa Barat,Kab. Bogor,L,D4,1081,4932.0,1130.4816486355676,954.3865547925517,756.5280188020184,881.6627451316964,927.4735383928829,829.8481159424535,737.3513532461848
535,Prov. Jawa Barat,Kab. Bogor,L,Profesi,102,180.0,41.25845432976524,302.94804263331787,219.32828016034833,233.32061213143135,196.34309633071246,168.71834326986993,269.28983940914935
536,Prov. Jawa Barat,Kab. Bogor,L,S1,4085,23228.0,5324.174317621038,3720.1197697218163,2831.07830286973,2930.5081742609464,3692.384308391775,3967.3637297486994,3815.021564289111
537,Prov. Jawa Barat,Kab. Bogor,L,S2,1424,3968.0,909.5197043361582,1488.715485766672,1209.3901032157912,1268.1490356942872,1279.6350621006954,890.1516465364223,1054.905781647422
538,Prov. Jawa Barat,Kab. Bogor,L,S2 Terapan,23,36.0,8.251690865953048,17.913367904261374,14.06807405338873,12.318455668524587,25.32951838260269,12.461293104243007,8.773987573144908
539,Prov. Jawa Barat,Kab. Bogor,L,S3,203,1057.0,242.2788123697881,204.21094280328836,171.83797790182828,246.21488717066293,174.0715255551527,230.65608634023607,189.42395517870028
540,Prov. Jawa Barat,Kab. Bogor,P,D3,436,1609.0,368.80473898106817,519.0894462372075,390.18434367305855,410.25261161389636,490.7606061005565,346.47973215933854,381.6442832788719
541,Prov. Jawa Barat,Kab. Bogor,P,D4,1921,6546.0,1500.4324557924626,1401.64020697462,1112.7805937421851,1308.754646008755,1345.4257173300414,1451.5353592227302,1264.1420095761061
542,Prov. Jawa Barat,Kab. Bogor,P,Profesi,181,357.0,81.82926775403439,654.954453684794,471.1761121388197,500.36588642941535,755.1447308398392,710.9041819734853,802.7866428106611
543,Prov. Jawa Barat,Kab. Bogor,P,S1,5783,27183.0,6230.714244700047,5021.827801837639,3886.656789618742,4135.436951832978,5081.567350283483,5684.570893524577,5090.477257178889
544,Prov. Jawa Barat,Kab. Bogor,P,S2,1253,3521.0,807.0612094172411,1492.2184935776809,1219.6017930744724,1295.2409603800254,1099.4265019812449,849.6069386358012,1096.0162418795994
545,Prov. Jawa Barat,Kab. Bogor,P,S2 Terapan,6,10.0,2.2921363516536246,5.4013291908598005,4.215393447716262,3.6886247094655573,9.076039370231232,3.9876014592541464,3.687661917981355
546,Prov. Jawa Barat,Kab. Bogor,P,S3,172,901.0,206.52148528399155,195.13561106403867,164.80909959121433,238.5546094427829,148.46784158100013,221.77718899746617,205.90916170945016
547,Prov. Jawa Barat,Kab. Ciamis,L,D3,34,95.0,21.775295340709434,25.431784846880113,24.19892470795224,25.194613348240775,37.477443890498286,29.024042090591355,28.147031579268678
548,Prov. Jawa Barat,Kab. Ciamis,L,Profesi,717,747.0,171.22258546852575,1112.8457577173115,1007.8022645370286,1054.1743081291893,5274.980284894413,676.9605359182389,713.0465137520366
549,Prov. Jawa Barat,Kab. Ciamis,L,S1,1021,5665.0,1298.4952432117782,840.0422544158346,797.4927379941334,799.8612493191487,814.1051218100652,814.9563436571939,788.8534677280109
550,Prov. Jawa Barat,Kab. Ciamis,L,S2,137,348.0,79.76634503754613,110.84263601377737,111.34361955611037,113.47918417176636,177.26322982841683,111.16633632707529,109.00243580720468
551,Prov. Jawa Barat,Kab. Ciamis,P,D3,182,352.0,80.68319957820758,110.78783470592442,107.37781285989351,114.76304486306651,246.7814453937775,95.66222784124771,104.71394035671625
552,Prov. Jawa Barat,Kab. Ciamis,P,Profesi,862,893.0,204.68777620266866,1458.470547130325,1316.58793343751,1380.833199224289,3694.2582846360015,1029.2948886355105,1036.3822399348066
553,Prov. Jawa Barat,Kab. Ciamis,P,S1,1325,5722.0,1311.560420416204,1035.7647487632032,1014.7235557537791,1060.7193188249103,1219.6975438367633,969.3803367962274,916.1964772646224
554,Prov. Jawa Barat,Kab. Ciamis,P,S2,94,220.0,50.426999736379734,80.88050803386253,82.28685970762406,85.55852838004866,120.03560239163038,70.14294610725271,70.12885047836106
555,Prov. Jawa Barat,Kab. Cianjur,L,D3,1,5.0,1.1460681758268123,1.5534166576733761,1.538858668824806,1.7016539830311888,1.178346509493726,2.570507022643011,2.4979193908150066
556,Prov. Jawa Barat,Kab. Cianjur,L,D4,9,24.0,5.501127243968699,3.713822247943323,3.496220715760097,3.8093196910700526,3.669574520537976,7.346284858444361,4.605922210687033
557,Prov. Jawa Barat,Kab. Cianjur,L,S1,967,4788.0,1097.4748851717554,686.5783423383207,641.3016374057806,642.344972801253,629.4632181172518,708.3392190989495,710.5156488139728
558,Prov. Jawa Barat,Kab. Cianjur,L,S2,99,229.0,52.489922452868,78.26709702208362,79.89109395263544,84.22640568123987,70.92912849971208,60.96620260312957,60.48498293791061
559,Prov. Jawa Barat,Kab. Cianjur,L,S3,1,3.0,0.6876409054960874,0.3670767647625473,0.34684317806953885,0.4421090870381849,0.41388636115313643,2.0969160053794513,2.0925716110682204
560,Prov. Jawa Barat,Kab. Cianjur,P,D3,85,218.0,49.96857246604901,59.50887827489232,54.874933134647186,56.47316563304913,60.12996053805917,66.0060117705541,64.51831655559235
561,Prov. Jawa Barat,Kab. Cianjur,P,D4,11,63.0,14.440459015417835,12.144717626228266,11.807313420006173,13.366665025043202,11.948303089505274,9.890960735314403,8.959709094759807
562,Prov. Jawa Barat,Kab. Cianjur,P,Profesi,6,9.0,2.062922716488262,14.827893123344062,13.344289808304245,14.179324410856806,10.09899208553957,7.42749811911026,8.62845748016786
563,Prov. Jawa Barat,Kab. Cianjur,P,S1,1049,4589.0,1051.8613717738483,795.959034720832,764.1458218644791,793.5595099800735,835.2211683498845,880.7045225608182,953.8490330459579
564,Prov. Jawa Barat,Kab. Cianjur,P,S2,34,97.0,22.233722611040157,34.68255078904918,34.78181247992537,36.19182701839367,33.26125553953515,27.834514990880223,30.457882837418616
565,Prov. Jawa Barat,Kab. Cianjur,P,S3,2,5.0,1.1460681758268123,0.9949802387332236,1.0587097033262507,1.5452004975699996,0.7682722399536543,2.8576611886984766,2.4179076011235145
566,Prov. Jawa Barat,Kab. Cirebon,L,D3,199,887.0,203.3124943916765,237.42209545045046,245.34707243142805,259.41447773478467,223.40966195769224,256.21983380926935,212.22098462274286
567,Prov. Jawa Barat,Kab. Cirebon,L,Profesi,1163,932.0,213.6271079741178,1180.5059351696852,1104.2642932621961,1110.7357340630965,798.3873619289592,869.4839914737829,819.4042554935066
568,Prov. Jawa Barat,Kab. Cirebon,L,S1,1406,11603.0,2659.5658088237005,1527.0770483688975,1517.125603760802,1483.9271337329183,1414.850812896946,1773.8970456737027,1594.2397454923303
569,Prov. Jawa Barat,Kab. Cirebon,L,S2,65,334.0,76.55735414523106,119.31913771071875,134.87770171144626,145.10685126291702,109.19848907657298,105.38109618593546,108.74457825218235
570,Prov. Jawa Barat,Kab. Cirebon,P,D3,253,912.0,209.04283527081054,278.9072406480892,290.9904243798884,312.81242043770385,294.6426397791017,281.2414891445254,291.07724065153167
571,Prov. Jawa Barat,Kab. Cirebon,P,Profesi,4458,2759.0,632.400419421235,4119.003500537348,3927.697383668162,4059.001609796413,3099.710403724355,3340.5238792915607,3653.178602882461
572,Prov. Jawa Barat,Kab. Cirebon,P,S1,2551,13013.0,2982.7570344068613,2130.7957432434605,2194.1797892903523,2245.1733202205874,2225.3471017305123,2193.416760151593,2107.6370599071092
573,Prov. Jawa Barat,Kab. Cirebon,P,S2,57,239.0,54.782058804521625,94.44875533439806,106.7198635222543,115.4678572485115,79.63201890239218,50.688889366310846,40.385845243351035
574,Prov. Jawa Barat,Kab. Garut,L,D3,89,316.0,72.43150871225453,87.04658647280188,85.04144074643303,89.92511601266672,76.32004836112905,77.63067889315616,77.50514766064306
575,Prov. Jawa Barat,Kab. Garut,L,Profesi,625,409.0,93.74837678263324,616.8208037521575,570.6451189073015,602.9137878744823,345.0951764771905,358.9242946419368,408.27047398495495
576,Prov. Jawa Barat,Kab. Garut,L,S1,1807,10624.0,2435.1656599968105,1509.291332727622,1439.5443593439215,1432.5165486950534,1778.1775998962055,1481.2549874835897,1348.3466936890613
577,Prov. Jawa Barat,Kab. Garut,L,S2,86,331.0,75.86971323973496,75.36357555789814,69.4461495578895,63.58880682401246,71.61824228014378,71.87382775228316,75.00108740515742
578,Prov. Jawa Barat,Kab. Garut,P,D3,338,941.0,215.69003069060605,302.155714089108,299.8903395252364,324.5910922613174,284.91229667456196,305.2296415607992,295.32408762439496
579,Prov. Jawa Barat,Kab. Garut,P,Profesi,1752,1181.0,270.70130313029307,1944.6306625018208,1791.0406545753335,1894.7394446366388,862.3389517494012,1536.4209001770637,1522.332060573393
580,Prov. Jawa Barat,Kab. Garut,P,S1,2396,11954.0,2740.0197947667425,2071.379852404713,2036.4212128725878,2108.033960250855,2434.09190198701,2098.7386159869066,1876.29039763848
581,Prov. Jawa Barat,Kab. Garut,P,S2,52,234.0,53.63599062869481,72.74790639286456,71.51655075139968,70.69482658590866,78.11176945175062,67.64073714782072,60.20755176963156
582,Prov. Jawa Barat,Kab. Indramayu,L,D3,428,1294.0,296.602443903979,353.3876707152129,344.47532455296414,363.0569013892626,283.4834806213508,307.36437832850015,298.36465132087983
583,Prov. Jawa Barat,Kab. Indramayu,L,D4,73,661.0,151.5102128443046,122.56581293608468,124.98253712877384,144.1111783700611,116.27543700550571,121.31854326454625,98.56373627335785
584,Prov. Jawa Barat,Kab. Indramayu,L,Profesi,296,300.0,68.76409054960874,454.95926184423894,421.806872370974,446.3172169834382,300.18003307738775,307.8187613823025,322.7617256707067
585,Prov. Jawa Barat,Kab. Indramayu,L,S1,536,5382.0,1233.6277844599806,716.3641206087614,669.4552025192221,650.6704258835058,704.3903340392673,753.9129962428785,760.776471524561
586,Prov. Jawa Barat,Kab. Indramayu,L,S2,19,108.0,24.755072597859144,23.356213716154087,21.191511143016008,19.063243681158685,22.9855901867829,19.241957791821267,24.155670682170978
587,Prov. Jawa Barat,Kab. Indramayu,P,D3,264,690.0,158.1574082641001,223.41066272009616,222.40275280717094,241.3006369918874,195.25620516945312,178.6728516005684,205.03023956382506
588,Prov. Jawa Barat,Kab. Indramayu,P,D4,33,343.0,78.62027686171932,70.52196223440869,71.74602875392306,82.87238581909372,69.39002047223256,73.3221298716218,62.55072919165104
589,Prov. Jawa Barat,Kab. Indramayu,P,Profesi,1173,1187.0,272.0765849412852,1957.9255621426562,1805.0363120338218,1909.910278514754,1356.2876989743595,1609.3439998908314,1539.1442056246528
590,Prov. Jawa Barat,Kab. Indramayu,P,S1,823,5809.0,1331.5020066755903,980.9833942639816,956.0532110972871,978.6587116338518,1075.4393579920054,910.4900505279269,870.0492265720197
591,Prov. Jawa Barat,Kab. Indramayu,P,S2,10,49.0,11.23146812310276,16.959615411320634,17.242755038128486,17.664757477962553,15.669478631132542,14.239154727671773,15.148190531041568
592,Prov. Jawa Barat,Kab. Karawang,L,D1,16,16.0,3.667418162645799,13.87392729078592,6.490165332489523,6.315378722310742,7.425003283746316,5.3844909278364685,10.67617692025323
593,Prov. Jawa Barat,Kab. Karawang,L,D2,52,92.0,21.087654435213345,40.38898722688447,39.23649582459116,36.5840156108793,23.24218517561203,26.28823863374383,30.39649353705331
594,Prov. Jawa Barat,Kab. Karawang,L,D3,121,641.0,146.92594014099734,168.2206118750952,168.78405658579237,176.40207872738387,165.73631633126814,189.87932015531626,176.85210698520967
595,Prov. Jawa Barat,Kab. Karawang,L,Profesi,1019,1038.0,237.92375330164623,1541.5007889137032,1479.6663662421565,1562.4526854505098,925.771249778756,1077.0314995355077,968.0113580167773
596,Prov. Jawa Barat,Kab. Karawang,L,S1,2239,14927.0,3421.4719321133653,2168.295324969491,2176.999045962256,2203.814111292208,2114.4680345088523,2111.8141978220888,1929.6873650462794
597,Prov. Jawa Barat,Kab. Karawang,L,S2,63,166.0,38.049463437450164,50.075019160373266,52.47816644136317,53.069692396748074,52.29573774893008,40.2798814442038,37.93585839056544
598,Prov. Jawa Barat,Kab. Karawang,P,D2,2,6.0,1.3752818109921747,2.859251042753789,2.760321119035849,2.571967661894561,1.8958318181044242,4.0559961928629615,4.3014564445411825
599,Prov. Jawa Barat,Kab. Karawang,P,D3,206,1081.0,247.7799396137568,307.6984933972676,306.7257254089128,320.2655816166554,306.923563477535,270.64082094557364,291.7406851391612
600,Prov. Jawa Barat,Kab. Karawang,P,Profesi,801,821.0,188.18439447076256,1330.4070087747552,1271.1196862915267,1343.6869378524573,584.8920142278807,1012.2071657742,972.487815798146
601,Prov. Jawa Barat,Kab. Karawang,P,S1,3161,17886.0,4099.715078567673,3063.765783696331,3138.0098639203084,3267.678186219082,3331.0677750526415,2770.298375936596,2845.7774171875562
602,Prov. Jawa Barat,Kab. Karawang,P,S2,50,137.0,31.402268017654656,49.41950797226137,53.03202938300618,55.368475660788086,47.79425119175177,43.645856120677365,37.258334762080366
603,Prov. Jawa Barat,Kab. Kuningan,L,D3,32,82.0,18.79551808355972,23.685928277543,22.337642996549064,23.940566547334875,23.591470799634294,26.416445130136577,25.149077173349145
604,Prov. Jawa Barat,Kab. Kuningan,L,Profesi,1241,691.0,158.38662189926544,1052.5777427772355,929.173338993308,982.5508242209088,939.9095484243936,804.6449461016306,693.53378892248
605,Prov. Jawa Barat,Kab. Kuningan,L,S1,986,6401.0,1467.196478693485,888.8750201842785,803.3117466604899,795.7416154324721,1009.9055697642416,908.9052598009171,865.1831872287255
606,Prov. Jawa Barat,Kab. Kuningan,L,S2,106,243.0,55.69891334518307,56.08553284258889,49.369505327784715,45.299059591693016,52.58830973403559,42.39778442343901,47.85643363959808
607,Prov. Jawa Barat,Kab. Kuningan,P,D3,110,317.0,72.66072234741989,104.54123643172218,99.516733143447,108.4123854112265,111.52591988997129,72.38443376385844,91.84952089639734
608,Prov. Jawa Barat,Kab. Kuningan,P,Profesi,4612,2538.0,581.7442060496899,3950.7808316167934,3401.722180171412,3522.398447436704,3982.1324967308624,2636.8378555908384,2883.6310373086862
609,Prov. Jawa Barat,Kab. Kuningan,P,S1,1619,7534.0,1726.8955273358406,1313.7114193595344,1234.3959136574013,1283.691360584311,1502.8269577403378,1409.549846815739,1411.611400853834
610,Prov. Jawa Barat,Kab. Kuningan,P,S2,100,186.0,42.633736140757414,60.91222692647153,57.88545578167786,58.084741236216175,59.94132354130612,49.66531822110529,63.109743304920734
611,Prov. Jawa Barat,Kab. Majalengka,L,D3,15,48.0,11.002254487937398,13.759746106134713,11.206221118469204,11.967084598054939,12.880486717539144,14.651324157086123,15.18948044207485
612,Prov. Jawa Barat,Kab. Majalengka,L,Profesi,847,506.0,115.9820993936734,771.9432060198023,590.141839615768,623.708833593578,681.0921909445877,632.5788440855828,629.6021958806717
613,Prov. Jawa Barat,Kab. Majalengka,L,S1,639,4146.0,950.3197313955927,558.3539861135439,431.3381406255946,420.10926987999886,513.4706211614013,602.5750253610009,589.2150456933432
614,Prov. Jawa Barat,Kab. Majalengka,L,S2,76,187.0,42.86294977592278,68.9009265181827,60.671769641755134,65.09471066195728,60.456134001793195,57.09986735257204,63.40960487027454
615,Prov. Jawa Barat,Kab. Majalengka,P,D3,116,246.0,56.38655425067916,80.66423626979967,66.35084791322141,72.06743388888505,74.76349380515268,73.57112133264927,76.22966107075192
616,Prov. Jawa Barat,Kab. Majalengka,P,Profesi,2913,1697.0,388.9755388756201,2867.0685020745123,2191.6874866359512,2330.4298738389107,2215.873002009906,1478.3527166807787,1463.5274447822467
617,Prov. Jawa Barat,Kab. Majalengka,P,S1,959,4766.0,1092.4321851981174,835.3026788543613,678.0960125173206,701.2417449820747,754.9281067812532,835.3287634020579,871.4136566281991
618,Prov. Jawa Barat,Kab. Majalengka,P,S2,42,98.0,22.46293624620552,40.060900220562985,35.293609577033074,38.12000095025211,32.72760826439983,34.155482489001656,36.45402576438645
619,Prov. Jawa Barat,Kab. Pangandaran,L,D3,46,148.0,33.92361800447364,45.024438488037724,38.49161051946744,43.40176203968542,34.40679105614707,42.94228705780252,47.43857186382218
620,Prov. Jawa Barat,Kab. Pangandaran,L,S1,30,183.0,41.946095235261325,36.77478210344633,32.23125153332826,35.37444633762964,31.86462836777909,36.43404338760169,43.93789112561433
621,Prov. Jawa Barat,Kab. Pangandaran,P,D3,39,125.0,28.651704395670304,41.257155418299035,35.03373422310367,39.446026537679344,35.112213544571205,42.47931772999937,46.36067385047623
622,Prov. Jawa Barat,Kab. Pangandaran,P,S1,66,375.0,85.95511318701092,81.81355606765325,71.26130425019112,78.1617437289611,78.13884865488212,74.23891662944996,72.59606263849037
623,Prov. Jawa Barat,Kab. Purwakarta,L,D3,76,283.0,64.86745875179757,75.32842735339807,74.85905371323399,79.03170691970682,77.2686922336098,62.484678840532965,59.62488179894843
624,Prov. Jawa Barat,Kab. Purwakarta,L,D4,45,635.0,145.55065833000515,101.05824271739925,100.78077339031603,111.07914039146496,106.3110645961017,133.19252130681593,104.75199521121613
625,Prov. Jawa Barat,Kab. Purwakarta,L,S1,631,4762.0,1091.515330657456,622.1763646635951,594.148901608375,579.9959942283655,632.5601308323068,627.3624125786426,654.6393975521831
626,Prov. Jawa Barat,Kab. Purwakarta,L,S2,12,52.0,11.919109028598847,15.957607045748057,16.579087492034837,16.95317122183488,17.031299098885746,14.940698276923044,10.67716824714394
627,Prov. Jawa Barat,Kab. Purwakarta,P,D3,91,286.0,65.55509965729365,88.56010223688271,89.35217326559362,96.49185928733058,92.2809139924271,67.71845764575468,77.79112759598478
628,Prov. Jawa Barat,Kab. Purwakarta,P,D4,523,930.0,213.16868070378706,176.27680977159264,179.50562491879367,203.42734569798608,182.87491112262973,183.74495749566827,156.71455335072625
629,Prov. Jawa Barat,Kab. Purwakarta,P,Profesi,605,553.0,126.75514024644544,650.0589558311485,554.5823171518307,529.0058644664008,577.2646524350127,469.28603904058775,456.753008840157
630,Prov. Jawa Barat,Kab. Purwakarta,P,S1,803,4416.0,1012.2074128902406,738.0444598694173,736.7908296126382,759.4260785360191,828.5379464252533,761.9849947638857,895.3116941991296
631,Prov. Jawa Barat,Kab. Purwakarta,P,S2,10,47.0,10.773040852772034,16.58400231322747,17.42990005159227,18.159595250400237,17.1615920665479,16.978735484325256,16.93300546781686
632,Prov. Jawa Barat,Kab. Subang,L,D3,112,841.0,192.7686671740698,207.1958085144998,195.51920449469344,201.11366387967325,214.28543216794975,186.87247698023924,184.9187399037717
633,Prov. Jawa Barat,Kab. Subang,L,D4,1,302.0,69.22251781993945,56.946020909899666,58.083520025505656,67.52649260297082,33.2931099380529,35.084056225201856,37.75689044291036
634,Prov. Jawa Barat,Kab. Subang,L,S1,597,5782.0,1325.3132385261256,772.7505014327544,723.4266766578814,712.8365654083506,881.5408665918017,709.0634264000265,774.0330265013931
635,Prov. Jawa Barat,Kab. Subang,L,S2,25,136.0,31.173054382489294,35.68821757803368,34.35610643840323,33.3282314597238,40.23683376794811,35.66029790381214,39.53714494986441
636,Prov. Jawa Barat,Kab. Subang,P,D3,148,917.0,210.18890344663737,246.3602008046659,231.35275112390272,238.17796185048527,258.3713615993258,254.3308610359376,261.8974821969209
637,Prov. Jawa Barat,Kab. Subang,P,S1,719,5587.0,1280.61657966888,917.971331917728,886.989652454458,909.785816801384,933.8024890039296,772.7393885595518,826.6039633182477
638,Prov. Jawa Barat,Kab. Subang,P,S2,17,63.0,14.440459015417835,23.52669816460239,24.47345789322944,25.98958107477078,20.93581536079789,19.380126072651912,21.084897740008508
639,Prov. Jawa Barat,Kab. Sukabumi,L,D3,57,129.0,29.568558936331755,38.59969625121563,39.321599579096755,42.49792367916967,36.76836096533442,34.05714380059812,42.165689587419756
640,Prov. Jawa Barat,Kab. Sukabumi,L,S1,1039,8736.0,2002.4103168046063,1220.4226446729506,1176.1832980527995,1155.4977667978587,1328.0280561381317,1469.819883101968,1397.6174492760663
641,Prov. Jawa Barat,Kab. Sukabumi,L,S2,151,387.0,88.70567680899526,105.82624734771629,104.92150707517006,101.62275630295508,117.54152784761833,86.51485621771874,109.63057783080747
642,Prov. Jawa Barat,Kab. Sukabumi,P,D3,48,112.0,25.671927138520594,37.015614044528974,37.67441235636254,40.92873071480145,32.74127053591552,28.158684601796278,38.48811322400572
643,Prov. Jawa Barat,Kab. Sukabumi,P,S1,1223,9145.0,2096.1586935872397,1582.7961956040567,1579.1295874981056,1620.7868879960722,1793.6651584882347,1586.4797137880964,1722.96203443954
644,Prov. Jawa Barat,Kab. Sukabumi,P,S2,56,174.0,39.883172518773065,61.94847092304804,64.54794516518315,66.38567926171137,77.70092042616592,50.22724913563552,58.60888663027941
645,Prov. Jawa Barat,Kab. Sumedang,L,D3,14,61.0,13.98203174508711,17.58809818595288,11.573053132124741,11.501307210705095,16.905839220801873,20.88832704086096,23.83156930721071
646,Prov. Jawa Barat,Kab. Sumedang,L,D4,980,3686.0,844.8814592195259,809.4954623420787,576.1317623759254,648.6067045704181,558.548056488605,406.4668440851622,319.8218188157579
647,Prov. Jawa Barat,Kab. Sumedang,L,Profesi,392,626.0,143.4877356135169,949.896923654475,584.6917822619631,572.913474482839,659.9373528499408,715.2818574645263,738.8436711015428
648,Prov. Jawa Barat,Kab. Sumedang,L,S1,2804,16237.0,3721.74179417999,3097.0754659604677,2170.810561719999,2248.4255746604567,2955.727967926697,2883.274739261707,2538.462752261121
649,Prov. Jawa Barat,Kab. Sumedang,L,S2,524,1675.0,383.9328389019821,642.249880829919,461.76293382032367,466.3646318550214,582.388540716194,455.86016343628575,508.02693212174927
650,Prov. Jawa Barat,Kab. Sumedang,L,S2 Terapan,44,336.0,77.01578141556178,137.64462395421685,89.4815290808498,70.16920270371281,139.01001658198788,90.0037289685423,104.17618714858646
651,Prov. Jawa Barat,Kab. Sumedang,L,S3,218,1330.0,304.85413476993205,244.3908404639332,178.00384331371168,239.78253440984747,240.7419409550735,239.08125314564458,215.16054950778073
652,Prov. Jawa Barat,Kab. Sumedang,L,Sp-1,171,845.0,193.68552171473127,187.5762041544378,161.34952442737838,227.9496902061817,206.6392205992211,168.2350938608917,181.7241325538656
653,Prov. Jawa Barat,Kab. Sumedang,L,Sp-2,52,123.0,28.19327712533958,48.83047591881736,39.2595901671568,37.58722617495078,45.742279924862004,34.19249359966788,29.033893880438214
654,Prov. Jawa Barat,Kab. Sumedang,P,D3,21,72.0,16.503381731906096,27.74326091453327,19.346333756192035,20.60648781846077,21.54694680195404,25.207733259154498,27.269484982891672
655,Prov. Jawa Barat,Kab. Sumedang,P,D4,805,3416.0,782.9937777248781,813.1076510694537,576.8977792352996,652.9064440264842,579.1929676450005,418.98454656526565,394.86521928339147
656,Prov. Jawa Barat,Kab. Sumedang,P,Profesi,837,1651.0,378.4317116580134,2730.525256309575,1672.3399027573976,1639.7873674028647,1746.9827468593683,1726.9049590206466,2080.2910475235017
657,Prov. Jawa Barat,Kab. Sumedang,P,S1,4563,23457.0,5376.6642400739065,5164.006206529319,3677.194857240222,3907.0481693589277,4798.729330595544,4039.275625581517,4343.645516135355
658,Prov. Jawa Barat,Kab. Sumedang,P,S2,802,2230.0,511.14640641875826,986.2012097940999,717.9745673101295,739.5867180043105,836.8574285933563,491.58641907322897,545.9629389786763
659,Prov. Jawa Barat,Kab. Sumedang,P,S2 Terapan,40,150.0,34.38204527480437,71.43705188874216,47.140086934044355,37.803788762539945,69.8641729837709,41.41779548396229,51.6713395937455
660,Prov. Jawa Barat,Kab. Sumedang,P,S3,159,905.0,207.438339824653,194.6886652279172,144.25141856542982,199.18912312651133,176.70186504732155,199.6956752774102,204.97338923154342
661,Prov. Jawa Barat,Kab. Sumedang,P,Sp-1,171,909.0,208.35519436531447,220.94593797584545,189.3754470935168,268.14554116350865,233.0114063375974,198.04765184309977,213.69289580864407
662,Prov. Jawa Barat,Kab. Sumedang,P,Sp-2,26,65.0,14.898886285748558,27.794891371227756,22.15443103132866,21.141155741585052,26.73772774477078,24.570278816248535,27.125041638650604
663,Prov. Jawa Barat,Kab. Tasikmalaya,L,D3,7,27.0,6.188768149464786,5.987781941554814,5.4508138186886566,5.4287847943125875,6.056354727437915,6.948056049292904,7.57159066943754
664,Prov. Jawa Barat,Kab. Tasikmalaya,L,S1,702,3620.0,829.753359298612,574.4389260585601,564.5436027147896,590.0633012317577,519.0040418146027,477.0619202875832,466.74497609003095
665,Prov. Jawa Barat,Kab. Tasikmalaya,L,S2,18,88.0,20.170799894551894,17.011691393216612,14.848868521014284,13.037396166930858,17.674772141240414,19.956628504325998,19.133277241044492
666,Prov. Jawa Barat,Kab. Tasikmalaya,P,D3,23,75.0,17.191022637402185,19.088895491814956,17.56865102762278,17.816732137380402,19.488456686776303,16.50930840072441,16.645217421962595
667,Prov. Jawa Barat,Kab. Tasikmalaya,P,Profesi,6,6.0,1.3752818109921747,9.663555176743975,8.807965951591953,9.3707966207241,3.2817773226786238,5.082063006172013,4.290796598985153
668,Prov. Jawa Barat,Kab. Tasikmalaya,P,S1,946,3858.0,884.3062044679683,724.4588645051721,726.6793568210917,781.3923123418826,627.0140188071338,594.8091296318968,680.2194069185429
669,Prov. Jawa Barat,Kab. Tasikmalaya,P,S2,7,33.0,7.564049960456961,7.626146292447814,6.815386339860763,6.177286979501673,7.982439658717106,5.316625893813628,5.666249171018914
670,Prov. Jawa Barat,Kota Bandung,L,D1,16,18.0,4.125845432976524,16.28962889841073,8.073179286973183,7.651408709435486,16.076500921654876,9.231056744977327,10.979961395622222
671,Prov. Jawa Barat,Kota Bandung,L,D2,31,188.0,43.09216341108814,39.71637920041416,32.172406062295934,22.514089662149093,21.336481744174495,14.284867772685878,25.73214377896178
672,Prov. Jawa Barat,Kota Bandung,L,D3,2473,10876.0,2492.927496058482,2710.443912437544,2801.632746322978,2768.685275508297,2905.517443989645,2534.04993332411,2404.149803387951
673,Prov. Jawa Barat,Kota Bandung,L,D4,1473,9103.0,2086.5317209102946,1611.3006954220302,1760.9181094262944,1921.5381034361567,1547.9850070970003,1785.130498993456,1511.3703021974572
674,Prov. Jawa Barat,Kota Bandung,L,Profesi,11310,10923.0,2503.700536911254,16562.701964784676,16729.57729642893,17079.599210393146,13688.183001701796,11178.504556160142,11689.734598827403
675,Prov. Jawa Barat,Kota Bandung,L,S1,21649,134663.0,30866.595752273202,19077.260026581604,20039.44921152826,19606.744531723456,21069.485501035582,20626.3800957059,17754.983960350528
676,Prov. Jawa Barat,Kota Bandung,L,S2,4772,13422.0,3076.5054111894947,4301.847101250199,4803.468237315646,4761.065316882458,4704.455737517249,4242.76643342401,3921.02026169739
677,Prov. Jawa Barat,Kota Bandung,L,S2 Terapan,37,106.0,24.29664532752842,41.075382999353685,43.081244134194044,34.554900144742,48.337442221165425,38.77729395602108,41.16829854972905
678,Prov. Jawa Barat,Kota Bandung,L,S3,728,3969.0,909.7489179713235,602.6775448509748,679.2727696394949,894.4262158231595,617.6579884509504,764.9266649216652,567.4800599851204
679,Prov. Jawa Barat,Kota Bandung,P,D1,21,22.0,5.042699973637974,21.611617291009,10.643898982428967,10.080969103928748,24.366194466332175,13.293583155124804,12.15119285756877
680,Prov. Jawa Barat,Kota Bandung,P,D2,65,296.0,67.84723600894728,73.95823021985126,61.13694522023971,44.006950336428204,57.27227083214189,27.08973854723614,55.04932849418837
681,Prov. Jawa Barat,Kota Bandung,P,D3,4418,14630.0,3353.395482469253,4327.14912267482,4566.293646003899,4641.753154588116,4862.904688726034,4488.643093071873,3450.1510087451206
682,Prov. Jawa Barat,Kota Bandung,P,D4,2391,10711.0,2455.107246256197,2151.7153737405456,2367.3708910098044,2616.840335266313,2370.1362727594264,2126.745791977083,1994.5440591496335
683,Prov. Jawa Barat,Kota Bandung,P,Profesi,25882,25149.0,5764.4937107737005,41451.684684176216,41625.892815266125,42487.88456993058,31848.2777118092,22220.99569118121,24951.27919641953
684,Prov. Jawa Barat,Kota Bandung,P,S1,28899,139555.0,31987.908855502155,24785.963880673575,26994.583694802204,27599.08455549045,28989.769534545085,24861.627799471094,25689.039874268954
685,Prov. Jawa Barat,Kota Bandung,P,S2,4297,11653.0,2671.0264905819686,4318.325658614313,4886.605170118178,4944.80008119376,4600.42445061019,3892.7222036554654,3973.2862244654475
686,Prov. Jawa Barat,Kota Bandung,P,S2 Terapan,42,115.0,26.35956804401668,51.68150779845806,54.98060682205654,45.06185181626663,59.22373541715698,44.58564119735508,51.19819284576648
687,Prov. Jawa Barat,Kota Bandung,P,S3,516,2347.0,537.9644017331057,416.12953678016277,476.7457975296522,642.9725325371717,424.7325728387785,537.4679868879294,442.87525274329096
688,Prov. Jawa Barat,Kota Banjar,L,S1,85,564.0,129.2764902332644,100.28094821301504,89.26644785319722,96.11803138200501,96.19249452062817,105.04649847756879,81.44330823888501
689,Prov. Jawa Barat,Kota Banjar,P,S1,117,769.0,176.26528544216373,151.19669010912563,134.54166120452848,145.7209709270627,144.3783999585848,192.6646431447832,194.90663062581214
690,Prov. Jawa Barat,Kota Bekasi,L,D3,158,922.0,211.33497162246417,163.26671923983812,157.84473559139693,144.20356761186835,119.94144499718335,161.8322326600134,188.26522512409653
691,Prov. Jawa Barat,Kota Bekasi,L,D4,99,441.0,101.08321310792483,65.41199452462509,70.2780975499331,74.78259820633978,70.6708737784656,92.1513308933184,104.06337879361965
692,Prov. Jawa Barat,Kota Bekasi,L,Profesi,97,126.0,28.88091803083567,127.30280841702142,118.02527480983395,109.2122665322007,144.55037749547236,74.2120406727884,75.6486405993897
693,Prov. Jawa Barat,Kota Bekasi,L,S1,1921,13816.0,3166.8155834446475,1634.0797672296258,1669.7426939509637,1564.4143681684889,1518.0531042534158,2108.791527311268,1718.2291821069216
694,Prov. Jawa Barat,Kota Bekasi,L,S2,160,588.0,134.77761747723312,171.9797016713549,194.2410043576169,193.93598275726097,186.85363945209232,171.46629446225876,163.09507217840977
695,Prov. Jawa Barat,Kota Bekasi,L,S3,6,104.0,23.838218057197693,17.42709932151342,21.071868627919365,29.799384033138768,17.040544670973333,15.731424542311897,11.521101139982312
696,Prov. Jawa Barat,Kota Bekasi,P,D3,569,1549.0,355.0519208711464,356.68705293843664,362.32016467222877,351.4194444439721,389.48058468709,313.39075000219844,373.18494298932114
697,Prov. Jawa Barat,Kota Bekasi,P,D4,624,1929.0,442.15310223398416,333.59490497568606,364.1356695055108,396.64174604872903,364.07652302275613,385.5911761548758,379.3717913032187
698,Prov. Jawa Barat,Kota Bekasi,P,Profesi,751,1150.0,263.5956804401668,1288.04257292292,1194.4664024976535,1112.3759010893816,1327.8619022485038,882.2949791582125,1188.4281477146997
699,Prov. Jawa Barat,Kota Bekasi,P,S1,2851,14269.0,3270.649360174557,2188.2755061400203,2348.2681901752107,2335.315624556068,2376.15029612047,2545.202540988106,2236.224003746428
700,Prov. Jawa Barat,Kota Bekasi,P,S2,187,604.0,138.4450356398789,172.73638021962432,187.71213622246805,180.816706948115,194.5542814670305,186.1030993341536,190.6495681908626
701,Prov. Jawa Barat,Kota Bekasi,P,S3,4,27.0,6.188768149464786,5.206020706159813,6.369370551737887,9.179743068501963,3.760574385553594,4.875617424623302,4.840406090972001
702,Prov. Jawa Barat,Kota Bogor,L,D3,309,1226.0,281.01591671273434,330.59856072083755,310.9574420622717,318.47686335448077,297.4796795429321,303.14982127402,288.7856343090996
703,Prov. Jawa Barat,Kota Bogor,L,D4,119,769.0,176.26528544216373,135.29186253990375,130.73475634799135,143.0508522737731,124.83139139483679,145.0569417427401,129.5646012076155
704,Prov. Jawa Barat,Kota Bogor,L,Profesi,1189,1275.0,292.2473848358371,1927.5038838252772,1727.0055305793346,1776.9376694085884,2417.6213012801363,1586.370198953315,1607.887085365951
705,Prov. Jawa Barat,Kota Bogor,L,S1,2210,15347.0,3517.7416588828173,2215.76968529626,2055.9672984426848,2002.5025758169456,2203.004819655912,2413.1756052046408,2221.2275396996174
706,Prov. Jawa Barat,Kota Bogor,L,S2,187,697.0,159.76190371025763,215.23427076467635,210.91039911649534,208.2180083033181,214.29417989978757,165.08867727504693,176.54617849842822
707,Prov. Jawa Barat,Kota Bogor,L,S3,62,368.0,84.35061774085338,49.66489530157607,47.91675517880557,61.166967667266825,57.53364893577462,57.03470812964623,54.25040821907486
708,Prov. Jawa Barat,Kota Bogor,P,D3,605,1779.0,407.7710569591798,560.0416435444541,536.2355367790954,564.021302634839,510.9332128778952,389.49860583603606,437.12756700368254
709,Prov. Jawa Barat,Kota Bogor,P,D4,190,871.0,199.64507622903068,175.03725273544742,170.75678599547203,189.94834300215877,172.29029949339673,196.11018909938312,166.96842804698258
710,Prov. Jawa Barat,Kota Bogor,P,Profesi,4568,4816.0,1103.8928669563854,8077.670301343002,7241.014413402039,7500.26844211624,6449.710646831462,6709.647071688736,7016.842065918921
711,Prov. Jawa Barat,Kota Bogor,P,S1,2953,14530.0,3330.4741189527163,2625.358624812755,2531.7361183251055,2588.8192583178966,2825.3214804686154,2629.199421639997,2646.369336204779
712,Prov. Jawa Barat,Kota Bogor,P,S2,176,513.0,117.58659483983094,178.2944018490049,175.57597599371047,175.3398255073176,178.06523545937208,161.50898779176822,180.22169320441355
713,Prov. Jawa Barat,Kota Bogor,P,S3,44,224.0,51.34385427704119,35.768114871832275,35.21987220145402,46.250773023979214,41.28723190549837,37.622921019535994,31.597483203080948
714,Prov. Jawa Barat,Kota Cimahi,L,D3,157,557.0,127.67199478710688,146.99956469297123,138.68531406344795,137.3484600548457,146.521478520527,139.99068803799403,126.78294156548709
715,Prov. Jawa Barat,Kota Cimahi,L,D4,124,699.0,160.22033098058836,99.30147805197056,90.81864514843451,90.29878028113649,87.14752174810782,126.6220955780013,121.98541667387
716,Prov. Jawa Barat,Kota Cimahi,L,Profesi,1004,1150.0,263.5956804401668,1643.437745680859,1463.2502048794177,1442.5893004811012,1012.6048947018209,1237.0676456792628,1175.1806145526614
717,Prov. Jawa Barat,Kota Cimahi,L,S1,2814,14938.0,3423.9932821001844,2140.013146211683,2003.1332379720482,1900.3852367323475,2287.6747595480397,2290.9322710899078,2151.136470551854
718,Prov. Jawa Barat,Kota Cimahi,L,S2,445,1065.0,244.112521451111,309.68732870844065,301.20263434450266,284.5514450010417,330.1170192960782,277.8279137254502,344.2810211697325
719,Prov. Jawa Barat,Kota Cimahi,P,D3,477,1381.0,316.54403016336556,464.9672220485094,458.25905012683154,478.8738874367515,438.24829366209656,315.3138389103559,274.9063433547864
720,Prov. Jawa Barat,Kota Cimahi,P,D4,117,597.0,136.84054019372138,119.59611707472905,117.85925529316135,127.88795708943795,105.23547123566775,129.47562397239264,93.73090192164771
721,Prov. Jawa Barat,Kota Cimahi,P,Profesi,4322,4616.0,1058.050139923313,7498.636564535043,6730.144691545277,6734.381981671803,5084.378101043271,4732.027439161731,4707.871711726895
722,Prov. Jawa Barat,Kota Cimahi,P,S1,3351,17242.0,3952.101497521179,3043.7647238308805,2951.9875587726397,2933.97626955219,3461.8632773895424,2866.377814876934,3043.8972117766184
723,Prov. Jawa Barat,Kota Cimahi,P,S2,261,729.0,167.09674003554923,278.6406276817752,285.7374633509234,287.70930009184235,261.85260259569884,203.91148051813602,225.15126951000187
724,Prov. Jawa Barat,Kota Cirebon,L,D3,373,1272.0,291.559743930341,331.60789012288905,272.04007420655796,270.85736645179793,312.53440610619185,296.8386939544289,290.2424557884382
725,Prov. Jawa Barat,Kota Cirebon,L,D4,35,149.0,34.152831639639004,29.572225967933004,26.179311429058554,29.40742373978748,22.75455620364534,19.854908778167463,17.653277509230506
726,Prov. Jawa Barat,Kota Cirebon,L,Profesi,1834,1136.0,260.38668954785174,1653.4144541078117,1292.2462799545538,1294.0508188477725,964.2012271377516,1902.5834347036232,1688.187049668157
727,Prov. Jawa Barat,Kota Cirebon,L,S1,2542,16882.0,3869.5845888616486,2843.493962229546,2440.6914154209385,2465.1808137132,2383.6928804050763,2752.585659152984,2544.322165808412
728,Prov. Jawa Barat,Kota Cirebon,L,S2,213,651.0,149.21807649265097,234.21988377942913,212.3727730340497,217.58818235354005,213.7254620991056,174.75664703595848,172.89238039500415
729,Prov. Jawa Barat,Kota Cirebon,L,S3,18,123.0,28.19327712533958,21.34087849196347,19.640754388632686,26.896267587982383,20.107747035246696,17.794836766661177,14.943358177972833
730,Prov. Jawa Barat,Kota Cirebon,P,D3,172,570.0,130.6517720442566,174.6772537296376,145.95710396840536,149.17103558751788,163.6063909042944,149.8424037253155,143.31557603931086
731,Prov. Jawa Barat,Kota Cirebon,P,D4,153,348.0,79.76634503754613,70.60679537872393,60.989477416649294,67.12585975342111,57.048087386895375,63.389625490056254,59.63407194868589
732,Prov. Jawa Barat,Kota Cirebon,P,Profesi,5817,3541.0,811.6454821205484,5763.047188692232,4517.360061303473,4566.0116782011555,3033.091620054165,5212.994619149333,5658.467952754725
733,Prov. Jawa Barat,Kota Cirebon,P,S1,3994,19275.0,4418.092817812361,3784.1125163869315,3299.4736003595917,3410.776442030797,3442.4580947112686,3922.5870919021318,3887.336104732505
734,Prov. Jawa Barat,Kota Cirebon,P,S2,114,398.0,91.22702679581425,160.44470414163953,145.9958756587275,151.08398992622244,142.37000849188428,110.9283519248945,130.17063918278438
735,Prov. Jawa Barat,Kota Cirebon,P,S3,4,39.0,8.939331771449135,6.997043351492034,6.304050697727855,8.487133201921333,6.932342984475721,5.939991541343161,5.137318146214982
736,Prov. Jawa Barat,Kota Depok,L,D1,10,12.0,2.7505636219843494,10.418624246470467,5.006185470543483,4.838985978572063,5.828993768761754,5.7872722681815985,8.653462392573662
737,Prov. Jawa Barat,Kota Depok,L,D3,594,2063.0,472.8677293461427,608.7492741267531,650.3740504600033,702.2496244484629,578.7507168371299,424.9253040003993,439.0146272429349
738,Prov. Jawa Barat,Kota Depok,L,D4,830,3633.0,832.7331365557618,666.3524752187554,721.4475466870631,820.6980051683651,772.5063744989749,748.5205331907117,585.3848948648936
739,Prov. Jawa Barat,Kota Depok,L,S1,1391,10984.0,2517.682568656341,1516.942186836948,1540.3615668828415,1523.643548769237,1584.3977150661685,1767.052147826268,1833.7608137597156
740,Prov. Jawa Barat,Kota Depok,L,S2,167,811.0,185.89225811910893,254.16388842822016,276.73850695456883,281.473560812083,271.0223835941211,209.95757665342543,240.92427566218262
741,Prov. Jawa Barat,Kota Depok,L,S2 Terapan,16,36.0,8.251690865953048,15.889440855397739,17.038559018104884,14.767176163744463,11.972635333280149,10.776586979686519,5.978015585714633
742,Prov. Jawa Barat,Kota Depok,P,D1,3,3.0,0.6876409054960874,2.8273285969807076,1.3500595188399813,1.3040825373454068,1.7366267659116656,2.514931610994784,2.8758820511978818
743,Prov. Jawa Barat,Kota Depok,P,D3,513,1566.0,358.9485526689576,497.15471460323676,526.460924091266,566.5197384086267,472.8683989637411,401.52822543720214,435.2558835816047
744,Prov. Jawa Barat,Kota Depok,P,D4,908,3246.0,744.0274597467665,655.1839553877301,707.9203778582494,808.4828355699826,733.9147800584095,817.9076932828785,985.9456795143761
745,Prov. Jawa Barat,Kota Depok,P,Profesi,176,173.0,39.6539588836077,253.424443324082,240.96926202659785,244.47497830324835,222.86248812302543,226.08560371271196,193.1818282057978
746,Prov. Jawa Barat,Kota Depok,P,S1,1686,8912.0,2042.7519165937101,1353.0667689990769,1369.5339983446752,1357.3878882152153,1390.8747553868495,1804.7314438908784,1834.630059133434
747,Prov. Jawa Barat,Kota Depok,P,S2,114,455.0,104.2922040002399,147.0004932721665,156.5391413995398,156.36921529104177,169.5122165508396,121.3557779891033,148.25432667182318
748,Prov. Jawa Barat,Kota Depok,P,S2 Terapan,8,10.0,2.2921363516536246,4.243821839890277,4.355817030232183,3.621653355302701,4.336880355595961,5.244626799214468,4.772773417771533
749,Prov. Jawa Barat,Kota Sukabumi,L,D3,306,1441.0,330.2968482732873,313.705938327538,290.21441178113605,284.0968542373199,281.99528308734017,283.24794929479725,326.92369304961846
750,Prov. Jawa Barat,Kota Sukabumi,L,D4,5,31.0,7.105622690126236,4.161717339415912,3.8925346051312104,4.004666855384559,3.802048408463151,5.342736638057582,4.154865374861954
751,Prov. Jawa Barat,Kota Sukabumi,L,Profesi,107,146.0,33.465190734142915,186.8009727662696,167.27408114665002,167.564459804552,121.77624132796313,63.6515579856442,52.736967270713244
752,Prov. Jawa Barat,Kota Sukabumi,L,S1,1083,7056.0,1617.3314097267973,954.7830364770797,914.7420355219016,899.3916359319849,907.206570814578,952.2371161512219,959.8690788784652
753,Prov. Jawa Barat,Kota Sukabumi,L,S2,16,137.0,31.402268017654656,32.524238145791614,30.919826808258456,28.772881542216172,29.849023918001784,24.790032083520995,31.785552941069202
754,Prov. Jawa Barat,Kota Sukabumi,P,D3,549,1515.0,347.2586572755241,427.103277203785,414.6788321562721,430.48903548480854,381.4039203533391,353.5738102164037,383.2236343855727
755,Prov. Jawa Barat,Kota Sukabumi,P,D4,23,61.0,13.98203174508711,11.909348313535952,12.11753994400291,13.747148958213627,10.435401115418522,8.92521515806004,7.676171443154418
756,Prov. Jawa Barat,Kota Sukabumi,P,Profesi,319,336.0,77.01578141556178,527.6383604725271,487.7137702023609,508.8392969539023,351.7598051738289,275.8464773577758,273.6747441160624
757,Prov. Jawa Barat,Kota Sukabumi,P,S1,1753,8831.0,2024.1856121453156,1415.6108769058837,1385.459308733057,1403.2940088489083,1173.2338077455827,1517.9581029919093,1524.2026099541954
758,Prov. Jawa Barat,Kota Sukabumi,P,S2,14,78.0,17.87866354289827,23.704473062220636,23.5663690320858,23.166180132417242,20.382744059878277,16.282225110501667,17.172590194322375
759,Prov. Jawa Barat,Kota Tasikmalaya,L,D3,312,1139.0,261.07433045334784,311.4710848324061,313.4124093543909,325.2982098848037,307.23325479945106,291.88743949754354,246.75549458391217
760,Prov. Jawa Barat,Kota Tasikmalaya,L,D4,58,202.0,46.301154303403216,37.63436551756688,39.48525975590301,44.54087975321079,52.048214692873316,30.973763745304183,24.03578817848159
761,Prov. Jawa Barat,Kota Tasikmalaya,L,Profesi,1982,2139.0,490.28796561871025,3017.254647815988,2822.5341124929478,2869.0411278049137,3486.9726395450093,2087.751577122143,2161.6470731767768
762,Prov. Jawa Barat,Kota Tasikmalaya,L,S1,2128,15309.0,3509.0315407465337,2344.827056116739,2362.416892951375,2371.430046653845,2108.927843227137,2403.72346309044,2264.287836453673
763,Prov. Jawa Barat,Kota Tasikmalaya,L,S2,115,438.0,100.39557220242875,131.072035571983,135.6783280113807,134.02460151469975,159.4774310023335,112.4546926732635,132.15986704848913
764,Prov. Jawa Barat,Kota Tasikmalaya,P,D3,1205,3458.0,792.6207504018233,1146.2787407431856,1186.0357818554448,1276.756196332579,1287.4219827040217,900.1443368678738,960.4632913904178
765,Prov. Jawa Barat,Kota Tasikmalaya,P,D4,340,951.0,217.98216704225968,198.2934245008481,208.7097095432277,237.70474207543614,211.06161884504968,206.20887043202117,167.38291316978976
766,Prov. Jawa Barat,Kota Tasikmalaya,P,Profesi,2797,2967.0,680.0768555356303,4718.748418946254,4438.455926010388,4566.491626713195,5296.138180946802,4991.805646296707,5160.827624722507
767,Prov. Jawa Barat,Kota Tasikmalaya,P,S1,3442,19413.0,4449.7242994651815,3613.021257893548,3745.9537204516923,3903.354847322362,4077.891842414972,3760.7413598901626,3632.8189620835296
768,Prov. Jawa Barat,Kota Tasikmalaya,P,S2,110,317.0,72.66072234741989,113.05448564813202,119.70580113270398,121.94108294640118,126.62842420680413,78.87726041453548,101.60062665637614
769,Prov. Jawa Tengah,Kab. Banjarnegara,L,D3,21,99.0,26.13012565165132,28.699173735840336,23.329439034095262,23.51007406712343,28.526045347763013,26.479367180168552,26.551802715590217
770,Prov. Jawa Tengah,Kab. Banjarnegara,L,S1,76,812.0,214.31981847617044,119.93565500641661,110.3463556254523,109.46443584421955,125.28868972791719,155.40319877822336,146.46104962578252
771,Prov. Jawa Tengah,Kab. Banjarnegara,P,D3,73,263.0,69.4163944079222,82.33732432432242,69.43974128092157,71.30133344850013,87.14338584825613,74.12513215860072,78.32186213958072
772,Prov. Jawa Tengah,Kab. Banjarnegara,P,S1,136,1048.0,276.6098149790968,186.72425442766584,170.6612688939478,175.9477936823218,205.34529729865363,196.00075516631364,224.5243554040371
773,Prov. Jawa Tengah,Kab. Banyumas,L,D3,303,1474.0,389.0485374801419,385.3064821206204,371.21458941901886,370.7260795405642,388.8713936232176,344.813998988762,344.2692051951601
774,Prov. Jawa Tengah,Kab. Banyumas,L,D4,111,621.0,163.90715181490373,121.74314213836159,124.19761951051146,127.58769893009512,150.43178402300882,119.2135656620934,105.64791949177426
775,Prov. Jawa Tengah,Kab. Banyumas,L,Profesi,1754,1572.0,414.9147224686452,2662.978153075176,1985.9323323423976,1857.7858753023243,1595.6954764044558,1609.0291757352263,1788.1426116292566
776,Prov. Jawa Tengah,Kab. Banyumas,L,S1,3980,28152.0,7430.457548942303,4579.624619702343,4669.968282039292,4529.559496081475,4583.340406909341,4208.7199565028595,4296.70954455402
777,Prov. Jawa Tengah,Kab. Banyumas,L,S2,413,1281.0,338.10798949257924,418.06428468082805,431.47758281955186,410.39385170056954,422.9622476769801,323.68718779178306,317.0440018758167
778,Prov. Jawa Tengah,Kab. Banyumas,L,S3,47,311.0,82.08554623902586,50.00552435201454,53.971792494787145,66.38914635979701,51.64101128145893,53.91573310717591,51.251016646306056
779,Prov. Jawa Tengah,Kab. Banyumas,L,Sp-1,4,33.0,8.710041883883774,6.649368858736812,7.688765328173678,9.805217702418727,16.269034554450958,8.921823183059887,7.064431356629945
780,Prov. Jawa Tengah,Kab. Banyumas,P,D3,595,2395.0,632.1378882394436,752.8632555147464,724.3716901816942,738.33417762927,726.02124359597,541.909930983788,541.0382032973228
781,Prov. Jawa Tengah,Kab. Banyumas,P,D4,264,1434.0,378.49091095422216,308.16507014086824,324.32859905715,340.0636272307612,378.0582573262114,318.1895226336237,261.2074421575543
782,Prov. Jawa Tengah,Kab. Banyumas,P,Profesi,6852,5899.0,1556.9859719100116,11152.681292339868,8522.439817137958,8153.911872397471,7751.217124347129,6404.9234135613915,7735.655818027013
783,Prov. Jawa Tengah,Kab. Banyumas,P,S1,7577,41477.0,10947.46688538931,8224.5855422259,8311.05266837052,8334.333683492592,8521.869342711007,6602.022152893884,6774.776437351959
784,Prov. Jawa Tengah,Kab. Banyumas,P,S2,486,1351.0,356.58383591293875,526.0119645731235,542.4621759277444,531.7296838722275,521.7464949084302,385.4185359646688,429.10939522807485
785,Prov. Jawa Tengah,Kab. Banyumas,P,S3,14,148.0,39.06321814590299,26.871423497197625,29.587492269263546,37.27263940551175,27.65899092325663,27.519267175407663,24.606762816192347
786,Prov. Jawa Tengah,Kab. Banyumas,P,Sp-1,2,10.0,2.6394066314799316,2.1911310174267284,2.621746464383931,3.4093633563423786,5.3082414951112495,5.323052418804721,3.4532165672185933
787,Prov. Jawa Tengah,Kab. Blora,L,D3,11,45.0,11.87732984165969,12.464558024964175,10.719218182858606,10.546563957423654,11.13445277285618,9.656084027988094,11.43475440622486
788,Prov. Jawa Tengah,Kab. Blora,L,D4,187,822.0,216.95922510765035,153.70495956566637,144.41902390479402,149.72289814771827,131.241137313166,170.9343230207217,138.2094730006885
789,Prov. Jawa Tengah,Kab. Blora,L,S1,343,2673.0,705.5133925945856,379.947613289834,370.0718878591898,353.52713924567826,336.167073697161,307.49528447355146,336.9638594471462
790,Prov. Jawa Tengah,Kab. Blora,P,D3,1,3.0,0.7918219894439794,1.0430941165729009,0.8792886548944564,0.8967710116164672,0.876386834447253,1.8006583878370732,1.6906811321343678
791,Prov. Jawa Tengah,Kab. Blora,P,D4,99,344.0,90.79558812290963,70.20473928083102,68.07342226292992,72.40401434458433,59.756838672820784,38.515250399183444,29.03464963373218
792,Prov. Jawa Tengah,Kab. Blora,P,S1,379,2656.0,701.0264013210698,440.43387538507653,432.28415518489993,424.4971103706564,394.3638050999729,390.8067344362109,399.48772762952393
793,Prov. Jawa Tengah,Kab. Boyolali,L,Profesi,8,10.0,2.6394066314799316,17.87669752983873,12.875907097336931,11.417804208160472,49.674532264514134,5.4725193675745905,6.923531090201214
794,Prov. Jawa Tengah,Kab. Boyolali,L,S1,169,1295.0,341.8031587766511,191.3571783181107,199.6244903385239,179.6791755480358,188.68836646613485,158.89100718094474,137.15676902628837
795,Prov. Jawa Tengah,Kab. Boyolali,P,Profesi,342,405.0,106.89596857493721,697.4368330351996,544.13498389489,485.2669511401036,650.2449034511087,320.99670078134557,428.5582587959766
796,Prov. Jawa Tengah,Kab. Boyolali,P,S1,605,1999.0,527.6173856328382,403.6746622289286,399.73789267234815,376.6695502491232,406.082115481578,344.3160798659121,340.67291384168243
797,Prov. Jawa Tengah,Kab. Brebes,L,D3,25,88.0,23.226778357023395,23.782488771897174,21.811712051633204,21.35003373639482,21.55454006864734,22.02168488185324,24.784954603037942
798,Prov. Jawa Tengah,Kab. Brebes,L,S1,351,2272.0,599.6731866722404,342.46534554516717,344.68380794596334,330.88670159552385,304.05911517246483,274.8639120457557,272.22099200596074
799,Prov. Jawa Tengah,Kab. Brebes,P,D3,163,446.0,117.71753576400494,145.3721884964895,132.6750126541801,134.00362518323487,147.01349452215428,121.10428315926018,106.23326214350503
800,Prov. Jawa Tengah,Kab. Brebes,P,Profesi,32,34.0,8.973982547031767,63.69804177727838,46.80187051422594,44.82052508754599,43.5774934057504,26.304111122373264,23.4806009281853
801,Prov. Jawa Tengah,Kab. Brebes,P,S1,548,2950.0,778.6249562865797,537.9548663839596,538.223095085266,533.0939778225164,525.8648326539615,470.5430935773615,449.4547500130539
802,Prov. Jawa Tengah,Kab. Cilacap,L,D3,374,1542.0,406.9965025742054,414.0854723823181,379.520331819604,370.6715074249986,385.0869179727995,375.52416701758057,379.4557120714654
803,Prov. Jawa Tengah,Kab. Cilacap,L,D4,46,573.0,151.23799998380008,115.12519846509983,111.134092281852,114.6563879720878,144.61893969820682,119.26545171841424,99.87051111790184
804,Prov. Jawa Tengah,Kab. Cilacap,L,Profesi,84,94.0,24.810422335911355,159.97598718361093,113.77041025614955,106.5312508140455,110.59262379211158,201.80351683203983,137.08718586356343
805,Prov. Jawa Tengah,Kab. Cilacap,L,S1,475,2945.0,777.3052529708398,485.81332307064736,471.025852080942,456.69135074504203,388.6212805087426,458.24069784406606,426.2289384343909
806,Prov. Jawa Tengah,Kab. Cilacap,P,D3,286,756.0,199.5391413398828,248.43536567251527,225.3511965556749,227.46555289099834,232.8738933586689,212.76914452973287,220.53125458307562
807,Prov. Jawa Tengah,Kab. Cilacap,P,D4,80,776.0,204.81795460284266,169.2431420886566,169.08464147020496,178.23587891942384,202.1409316060432,148.50811275892053,143.3114925825852
808,Prov. Jawa Tengah,Kab. Cilacap,P,Profesi,174,178.0,46.98143804034278,326.7846800228846,241.21168904266918,230.1069326883153,208.4924293261248,222.54913964510183,280.38452660176205
809,Prov. Jawa Tengah,Kab. Cilacap,P,S1,841,3835.0,1012.2124431725537,722.4750962879737,711.4685902731788,707.7966564900347,625.7715900314699,701.946494585065,716.9269492360885
810,Prov. Jawa Tengah,Kab. Demak,L,S1,77,845.0,223.02986036005422,162.91400006336963,129.32050671219253,130.3541694202667,130.16648129160774,135.54497699555125,130.85874219869388
811,Prov. Jawa Tengah,Kab. Demak,P,S1,74,542.0,143.0558394262123,107.92910254808258,90.39274420538939,92.36736048469312,79.3018308196633,74.77476472326697,78.05474469217366
812,Prov. Jawa Tengah,Kab. Grobogan,L,D3,17,33.0,8.710041883883774,9.063730701194668,7.602440940093851,7.468485617950048,10.532821659171923,6.652201868011627,7.867943303021331
813,Prov. Jawa Tengah,Kab. Grobogan,L,Profesi,27,31.0,8.182160557587787,35.60613372393326,27.10990860854391,24.350959559572637,16.046803897464358,11.529431332912683,13.458948505265605
814,Prov. Jawa Tengah,Kab. Grobogan,L,S1,61,550.0,145.16736473139622,94.56479178619198,83.3448327278741,81.3216128448324,118.19164476100016,87.46859046069382,99.62204859438854
815,Prov. Jawa Tengah,Kab. Grobogan,P,D3,45,104.0,27.449828967391287,34.566334197388635,28.815463975269665,29.22065295881116,36.65762587167988,26.736211987711542,29.944239210174118
816,Prov. Jawa Tengah,Kab. Grobogan,P,Profesi,192,167.0,44.07809074571485,309.1567210619364,209.95912090716232,201.15241251294856,234.61557911027663,263.72935847371315,239.90187724978708
817,Prov. Jawa Tengah,Kab. Grobogan,P,S1,260,1232.0,325.17489699832754,240.92822889745744,216.03344294485527,216.05213808192045,322.43400875864734,224.60642655666956,213.89991062963284
818,Prov. Jawa Tengah,Kab. Jepara,L,D4,23,222.0,58.594827218854476,46.60054308489343,45.415521453990436,44.560636646077604,39.72319971368751,37.56595625199313,30.47562502703599
819,Prov. Jawa Tengah,Kab. Jepara,L,S1,524,4182.0,1103.7998532849074,571.0117549387087,609.4734612206406,550.3474747068198,483.11674967391843,570.7059618450339,525.0761438432355
820,Prov. Jawa Tengah,Kab. Jepara,L,S2,42,135.0,35.631989524979076,41.907236665124316,43.20709879714272,38.72357548540579,30.486696274902865,44.06371795476453,46.55012824252306
821,Prov. Jawa Tengah,Kab. Jepara,P,D3,23,53.0,13.988855146843637,15.651983776693948,15.168261775446405,14.327352374944823,9.14146190239743,10.995987686662072,13.264677281702491
822,Prov. Jawa Tengah,Kab. Jepara,P,D4,31,227.0,59.91453053459444,51.52878641507191,52.07401748241438,52.06839458477727,46.840713812567856,38.15901376385634,32.44040642194637
823,Prov. Jawa Tengah,Kab. Jepara,P,S1,821,4329.0,1142.5991307676622,776.4298814612218,798.2253260409085,752.2875813341919,787.9487845209422,728.0526645272056,794.8509891144997
824,Prov. Jawa Tengah,Kab. Jepara,P,S2,45,103.0,27.185888304243292,40.480164609377056,40.77831638874615,37.92065550699353,28.73432413217499,31.52877310417616,33.7305844523242
825,Prov. Jawa Tengah,Kab. Karanganyar,L,D3,80,300.0,79.18219894439794,67.27527915981923,58.61183639855004,58.48843827189652,68.44649057947832,44.64295937702555,48.528660786632656
826,Prov. Jawa Tengah,Kab. Karanganyar,L,D4,19,173.0,45.661734724602816,35.02493841012119,29.94647233618614,32.22060934642098,36.99804162857864,24.166839521371752,20.167265524432782
827,Prov. Jawa Tengah,Kab. Karanganyar,L,Profesi,13,15.0,3.959109947219897,25.74984385744743,16.209488067429923,15.847299593285562,9.809209087281232,7.239054151285313,12.837525787254235
828,Prov. Jawa Tengah,Kab. Karanganyar,L,S1,79,783.0,206.66553924487863,136.6286233305242,115.21864260119882,117.0701553005842,137.46539099436342,179.23174245058092,170.67740392466672
829,Prov. Jawa Tengah,Kab. Karanganyar,L,S2,24,48.0,12.66915183110367,16.4831005532303,14.157522038779968,14.133525598197808,15.658235875511053,13.751400142411597,15.96223056720169
830,Prov. Jawa Tengah,Kab. Karanganyar,L,S3,12,26.0,6.862457241847822,3.6747316261121727,3.5325190495081227,4.468003521968974,4.047035614841174,4.886379603279781,4.2875198785877044
831,Prov. Jawa Tengah,Kab. Karanganyar,P,D3,181,497.0,131.1785095845526,134.66272114090685,116.6692357824533,120.1570628537735,113.49791314503507,103.0244721951778,122.6555023647895
832,Prov. Jawa Tengah,Kab. Karanganyar,P,D4,85,332.0,87.62830016513372,72.24399061841012,64.19915493787073,70.34290463902484,88.86893081705395,39.48383879692565,30.0236923785242
833,Prov. Jawa Tengah,Kab. Karanganyar,P,Profesi,56,54.0,14.25279580999163,98.42142012491631,64.69209655167292,64.31798803670077,36.86771651995115,30.074552653417864,56.52841428168903
834,Prov. Jawa Tengah,Kab. Karanganyar,P,S1,177,1078.0,284.5280348735366,221.5535119685904,187.594032236255,196.1487208209918,292.9992565243748,206.46421661803763,200.75899348835168
835,Prov. Jawa Tengah,Kab. Karanganyar,P,S2,9,29.0,7.654279231291801,10.367043154250565,9.366945467187518,9.488105880157338,10.249539817755414,8.324921766529267,9.029052308817802
836,Prov. Jawa Tengah,Kab. Karanganyar,P,S3,1,10.0,2.6394066314799316,1.4054455068832261,1.4460275979740698,1.846082378676774,1.7584673581669974,3.0343397635629703,2.1882204812755353
837,Prov. Jawa Tengah,Kab. Kebumen,L,D3,65,430.0,113.49448515363704,85.70943603898448,84.95833815152635,80.98132156467963,85.20609360436549,70.40286936471455,77.84664978589953
838,Prov. Jawa Tengah,Kab. Kebumen,L,D4,1,23.0,6.070635252403842,2.0131865074262834,2.5707731134960703,2.4322468077917416,2.622771670769111,4.5997141186658554,4.015603643215059
839,Prov. Jawa Tengah,Kab. Kebumen,L,Profesi,74,88.0,23.226778357023395,119.91452897831486,89.63845335462241,82.59953146765899,75.78617653968496,70.62948130345947,64.28871680544975
840,Prov. Jawa Tengah,Kab. Kebumen,L,S1,648,3488.0,920.6250330602,518.2723868587719,505.0192689351809,489.2369334459438,480.70974219303594,479.4342890651911,499.1915959117664
841,Prov. Jawa Tengah,Kab. Kebumen,L,S2,45,199.0,52.52419196645064,55.63940192120707,56.20794044446025,53.04172214349919,59.84978431405498,65.08646879190678,67.973526563054
842,Prov. Jawa Tengah,Kab. Kebumen,P,D3,131,507.0,133.81791621603253,136.75701200326336,129.1647215667119,128.70408521494662,110.01769372593206,134.56555007881812,131.30573146829744
843,Prov. Jawa Tengah,Kab. Kebumen,P,Profesi,208,219.0,57.803005229410495,360.4797768118615,267.9931961269148,254.86065297302383,228.11152896121803,185.89671707287044,192.55670926714092
844,Prov. Jawa Tengah,Kab. Kebumen,P,S1,853,4332.0,1143.3909527571063,801.1968030475952,767.770734821659,769.9636531769222,757.6474941997812,718.9326354796984,791.473209190389
845,Prov. Jawa Tengah,Kab. Kebumen,P,S2,50,151.0,39.85504013534696,51.847340825915964,51.76726894929843,50.51149953748886,47.86519477238225,45.80444216228653,51.10974386595751
846,Prov. Jawa Tengah,Kab. Kendal,L,D3,73,287.0,75.75097032347404,84.300028305019,71.18312256456342,70.37697664456051,68.01328574218546,78.79452697683475,72.26883487384801
847,Prov. Jawa Tengah,Kab. Kendal,L,Profesi,14,15.0,3.959109947219897,23.884662451561276,16.599318655015082,15.45705451610779,13.595331668507617,4.091066247358451,3.611243185356417
848,Prov. Jawa Tengah,Kab. Kendal,L,S1,342,3084.0,813.9930051484108,423.91760055050713,419.77533275344723,398.73637039290105,338.8310090054386,364.38345782292157,385.37390101568053
849,Prov. Jawa Tengah,Kab. Kendal,P,D3,73,274.0,72.31974170255012,87.98956115050557,76.72665000882287,77.40129796533664,72.475140218382,89.06074886962925,90.70659891059844
850,Prov. Jawa Tengah,Kab. Kendal,P,Profesi,55,60.0,15.836439788879588,106.15277756737885,75.72164103757393,72.07862519974329,54.1076987640916,29.155091816817503,26.237812202563422
851,Prov. Jawa Tengah,Kab. Kendal,P,S1,389,2995.0,790.5022861282395,511.76098011648173,498.5657520048857,490.3541983403888,398.25115678920906,418.1947698293395,411.43312123442956
852,Prov. Jawa Tengah,Kab. Klaten,L,D3,58,147.0,38.79927748275499,40.59562372303194,38.4355857658571,35.89233635825411,25.889164150372473,29.730137450386085,23.870294530131233
853,Prov. Jawa Tengah,Kab. Klaten,L,Profesi,747,781.0,206.13765791858265,1339.7396952546037,991.7077910405642,885.9075151981993,2584.6842600403043,940.0268156176561,914.8444075213737
854,Prov. Jawa Tengah,Kab. Klaten,L,S1,270,1831.0,483.27535422397546,260.6103500806188,279.00515323939936,253.09530696620382,165.01326045527895,174.6928763887902,190.51078008584443
855,Prov. Jawa Tengah,Kab. Klaten,L,S2,12,30.0,7.918219894439794,8.248713736055208,9.057623895091844,8.055746278610883,4.836974735034654,8.271132398785003,9.125315359307324
856,Prov. Jawa Tengah,Kab. Klaten,P,D3,192,454.0,119.82906106918888,150.47877754295462,142.03742794324938,136.78803730522276,107.21017108572401,100.37459017460091,90.74039081887128
857,Prov. Jawa Tengah,Kab. Klaten,P,Profesi,2449,2571.0,678.5914449534904,4831.117580477278,3690.278637785215,3364.405706054966,7949.496952289049,2909.663085214074,3313.0060097846645
858,Prov. Jawa Tengah,Kab. Klaten,P,S1,471,2388.0,630.2903035974076,437.12260056069425,454.540516423588,428.59707092970905,257.21016399591605,346.9381847578578,324.85156109654275
859,Prov. Jawa Tengah,Kab. Klaten,P,S2,20,57.0,15.044617799435608,18.702344767428837,20.51829685695926,18.80720212837164,11.78822486557001,11.66645286218309,12.801640519598617
860,Prov. Jawa Tengah,Kab. Kudus,L,D3,36,110.0,29.033472946279247,28.904020238266707,27.00601003507519,25.909908435224125,22.456556074489026,31.158162208134854,33.288813183286074
861,Prov. Jawa Tengah,Kab. Kudus,L,D4,5,35.0,9.23792321017976,5.96283831547766,6.195160897265941,6.17075949003131,4.781029486563501,7.968491076879626,6.662958547035917
862,Prov. Jawa Tengah,Kab. Kudus,L,Profesi,583,679.0,179.21571027748735,1055.200154639528,785.2126089655026,716.6304799578797,761.5615738684996,697.8409016860304,736.7993832046761
863,Prov. Jawa Tengah,Kab. Kudus,L,S1,1092,9989.0,2636.5032841853035,1675.3462619180918,1632.5284741202759,1560.0860346138536,1447.6573416555661,1612.7550427261888,1326.3374506346374
864,Prov. Jawa Tengah,Kab. Kudus,L,S2,83,366.0,96.60228271216549,142.69948042353735,133.01742908958508,127.21230249623076,111.18072930646004,108.44788988509343,117.6662649796315
865,Prov. Jawa Tengah,Kab. Kudus,P,D2,9,20.0,5.278813262959863,7.136486376116334,6.6358425848392635,5.567639694157255,4.2002400158800715,6.336271922521729,8.771981665735996
866,Prov. Jawa Tengah,Kab. Kudus,P,D3,169,496.0,130.9145689214046,161.9349919220402,148.88188488309808,147.8910411945983,132.4169824237645,129.4047151323008,125.39356592913639
867,Prov. Jawa Tengah,Kab. Kudus,P,D4,16,98.0,25.866184988503328,20.12175532833655,20.809441295874507,21.385964219745855,15.450317874975509,14.49355554711444,11.469357885602609
868,Prov. Jawa Tengah,Kab. Kudus,P,Profesi,2217,2413.0,636.8888201761074,4268.071318284452,3230.3926369658952,3022.092557785145,2775.8297601609793,2616.5513030121897,2724.280258708183
869,Prov. Jawa Tengah,Kab. Kudus,P,S1,2143,17067.0,4504.675297946799,3516.185553450005,3386.0183202269413,3346.1693949137302,3086.4151047134337,3210.5974525535225,3194.8280852222897
870,Prov. Jawa Tengah,Kab. Kudus,P,S2,122,405.0,106.89596857493721,176.54549192122997,168.5149084951952,164.86110834405437,144.02959135278948,105.60965674000926,124.79542637901882
871,Prov. Jawa Tengah,Kab. Magelang,L,D3,74,240.0,63.34575915551835,65.76677318103842,63.13429180576687,60.280613529443734,89.62562891952273,57.58146415517624,58.485305207891415
872,Prov. Jawa Tengah,Kab. Magelang,L,D4,115,549.0,144.90342406824823,115.29613453158264,115.54804756715292,116.74850824600688,327.4323695593252,126.92373276307151,114.54205978931667
873,Prov. Jawa Tengah,Kab. Magelang,L,Profesi,26,30.0,7.918219894439794,51.29048668775413,38.43109620356148,35.1196389132891,63.79588889343821,27.629851684254717,32.857419661839415
874,Prov. Jawa Tengah,Kab. Magelang,L,S1,343,2244.0,592.2828481040966,361.2906812780486,373.24742350850255,351.4537011625141,407.6850031129085,297.4815547136196,313.08740583110455
875,Prov. Jawa Tengah,Kab. Magelang,L,S2,10,39.0,10.293685862771733,12.222314370878076,12.914311821118122,11.931143404899927,16.706806914000023,9.415275208920148,9.65380200877873
876,Prov. Jawa Tengah,Kab. Magelang,P,D3,136,369.0,97.39410470160946,123.97522455279112,117.69933463621967,116.17713854699558,240.78128425456194,130.5199312738922,139.61730282599393
877,Prov. Jawa Tengah,Kab. Magelang,P,D4,152,712.0,187.92575216137112,162.39410097983762,168.48969705750963,173.5724366979637,426.2088069978014,150.56609271395038,134.7451688896518
878,Prov. Jawa Tengah,Kab. Magelang,P,Profesi,97,101.0,26.658006977947306,191.08659231205334,147.18294103606192,137.42755788255337,198.34979001677002,447.11954545568597,269.0156505078889
879,Prov. Jawa Tengah,Kab. Magelang,P,S1,567,2898.0,764.9000418028841,576.9978117353055,587.5459947904575,572.755597321253,813.2298149320518,466.2176295621619,568.6368489483054
880,Prov. Jawa Tengah,Kab. Magelang,P,S2,8,27.0,7.126397904995815,11.432933117493556,11.516842415102012,11.122382915226167,17.07150042838341,9.704786371095867,9.301539611061221
881,Prov. Jawa Tengah,Kab. Pati,L,D3,8,44.0,11.613389178511698,12.671968778533328,10.30157374677133,10.532702477293517,12.748923120994645,9.571874877957944,11.943995482949775
882,Prov. Jawa Tengah,Kab. Pati,L,Profesi,21,23.0,6.070635252403842,33.15404364111437,22.861232903216667,21.815202901215685,16.765034320071102,14.370692114933314,14.999375395925494
883,Prov. Jawa Tengah,Kab. Pati,L,S1,252,2044.0,539.494715474498,291.648349184777,272.1190569717493,269.0539812327488,268.6186445932834,276.2432804684496,256.05589264705816
884,Prov. Jawa Tengah,Kab. Pati,L,S2,13,30.0,7.918219894439794,11.219164462362691,9.56896269348894,9.605046566912286,11.997329798101596,5.279485404265626,5.521871988183165
885,Prov. Jawa Tengah,Kab. Pati,P,D3,61,224.0,59.12270854515046,67.09463397906386,57.398041946995754,59.53942721005568,63.29939727498195,57.148271161069964,55.06255968811713
886,Prov. Jawa Tengah,Kab. Pati,P,Profesi,329,376.0,99.24168934364542,569.5638212456241,411.6783843824403,399.0274121604492,255.32727042082064,260.5462657322392,309.4664359426967
887,Prov. Jawa Tengah,Kab. Pati,P,S1,732,2471.0,652.197378638691,416.5796948647888,389.7940021435392,396.7712044279577,307.36544289660395,399.70810988112925,432.76182800276786
888,Prov. Jawa Tengah,Kab. Pati,P,S2,6,18.0,4.750931936663877,7.1128954357498815,6.346025578538727,6.474322745309722,6.536475122512898,5.380170473602523,6.626920050315732
889,Prov. Jawa Tengah,Kab. Pekalongan,L,D3,47,131.0,34.5762268723871,38.533008864290785,35.50410039501739,33.190851111388284,25.111803616501273,32.03265318520578,30.659409383261625
890,Prov. Jawa Tengah,Kab. Pekalongan,L,S1,142,882.0,232.79566489652996,150.71576017434936,150.08995599089437,138.1762169892822,88.80819919183098,154.38488360176981,133.79225453973046
891,Prov. Jawa Tengah,Kab. Pekalongan,P,D3,127,446.0,117.71753576400494,151.36411066928514,141.12589482960445,135.44622417340477,89.1596199937093,96.5913666020657,95.87589283244523
892,Prov. Jawa Tengah,Kab. Pekalongan,P,S1,113,724.0,191.09304011914702,131.868629881047,136.91772931133147,128.24216106822965,82.94699316080666,132.4649617083152,128.16746784948828
893,Prov. Jawa Tengah,Kab. Pemalang,L,S1,157,847.0,223.5577416863502,130.46903474327542,121.6937850136508,115.34210049220243,130.60101175435653,132.34304433643524,123.80389832000887
894,Prov. Jawa Tengah,Kab. Pemalang,P,S1,308,1241.0,327.55036296665946,225.4082491072516,210.993386084742,205.89100383575683,230.49125406963768,255.23806972875295,222.33762877914702
895,Prov. Jawa Tengah,Kab. Purbalingga,L,S1,29,480.0,126.6915183110367,67.83332067549081,67.18634641691338,62.823328982057035,61.96780568833954,75.24618071831792,70.70398247099256
896,Prov. Jawa Tengah,Kab. Purbalingga,P,S1,33,416.0,109.79931586956515,67.65713209917125,67.87422248935825,65.14056156745264,80.4126556974182,69.13477006467912,55.22622501634737
897,Prov. Jawa Tengah,Kab. Purworejo,L,D3,57,146.0,38.535336819607,42.966663737432135,39.96942533961912,38.313397553434676,43.23637200022012,31.126561958757186,38.2671690986554
898,Prov. Jawa Tengah,Kab. Purworejo,L,D4,2,28.0,7.390338568143807,5.026894010431115,5.322953476191645,5.251471170234062,4.359839897021166,6.588371328130154,5.969562432164918
899,Prov. Jawa Tengah,Kab. Purworejo,L,Profesi,471,478.0,126.16363698474072,835.6633991169151,618.3387633081677,563.1429248754009,573.1486618157844,525.8771194060365,704.830801629536
900,Prov. Jawa Tengah,Kab. Purworejo,L,S1,587,3344.0,882.617577566889,533.8546509241903,551.0221291522532,515.2076727202738,437.5111188631548,474.9620093257414,532.3052113813659
901,Prov. Jawa Tengah,Kab. Purworejo,L,S2,2,15.0,3.959109947219897,6.001351752244478,5.758954837939092,5.438615534720239,4.552730190758824,3.962810863164658,3.4679818363703374
902,Prov. Jawa Tengah,Kab. Purworejo,P,D3,157,485.0,128.01122162677666,160.82112047144412,152.7522105878197,149.88608904328063,134.8924124428313,144.60804728705554,119.66094188070319
903,Prov. Jawa Tengah,Kab. Purworejo,P,Profesi,902,912.0,240.71388479096973,1733.804733485677,1327.521121943445,1232.8651098590094,1119.8142019606537,1127.2842933182778,1160.6558725925227
904,Prov. Jawa Tengah,Kab. Purworejo,P,S1,713,3805.0,1004.2942232781139,741.3834585518466,758.0836169689914,732.3831504092924,766.8910897765022,722.5711632130917,779.1549237293777
905,Prov. Jawa Tengah,Kab. Purworejo,P,S2,8,28.0,7.390338568143807,11.632716435509153,11.753935826719413,11.259557247933278,9.730036527760124,9.67881415517647,9.224436401248134
906,Prov. Jawa Tengah,Kab. Rembang,L,S1,203,1446.0,381.65819891199806,219.1570334645494,213.4264710212169,203.04918694792795,204.54748940683461,173.97233748857016,154.43312171081791
907,Prov. Jawa Tengah,Kab. Rembang,P,S1,280,1485.0,391.95188477476984,278.9782961001939,267.5807824746138,263.49829122565114,282.9072837318239,228.05471851433407,220.31965717885836
908,Prov. Jawa Tengah,Kab. Semarang,L,D3,12,35.0,9.23792321017976,10.337711865436086,9.12359217557494,9.015547082508153,10.125324197517354,10.166243552728922,10.278315878483744
909,Prov. Jawa Tengah,Kab. Semarang,L,D4,4,98.0,25.866184988503328,13.086011664772494,14.68430212256522,14.584609948974071,11.578043228847996,17.639239285749834,13.957379430466013
910,Prov. Jawa Tengah,Kab. Semarang,L,Profesi,50,92.0,24.282541009615368,135.97730272856592,101.79990883638825,93.88281937595157,89.62084332668731,82.63005029473749,95.0993433699782
911,Prov. Jawa Tengah,Kab. Semarang,L,S1,336,3084.0,813.9930051484108,500.4004850339131,487.2129086996009,472.2731006783224,408.5132969883308,477.07063609797274,469.7815361939748
912,Prov. Jawa Tengah,Kab. Semarang,L,S2,59,227.0,59.91453053459444,74.26414580866212,73.0169990240403,69.5602809701224,68.46642318670692,89.61017484595341,85.84205412003242
913,Prov. Jawa Tengah,Kab. Semarang,P,D3,78,269.0,71.00003838681016,82.49530918845667,76.6646477023084,76.8439309754269,76.02092982428783,78.54964023726167,83.69772624385601
914,Prov. Jawa Tengah,Kab. Semarang,P,D4,16,292.0,77.070673639214,50.17266664267144,54.74037546569403,56.21840362888464,48.99323765012911,44.92480912735413,31.405324586354926
915,Prov. Jawa Tengah,Kab. Semarang,P,Profesi,486,605.0,159.68410120453584,1096.6746312612663,811.8761987743493,774.0656163659004,875.0525952382953,994.2461946009878,950.9784085524843
916,Prov. Jawa Tengah,Kab. Semarang,P,S1,1000,5018.0,1324.4542476766296,966.8282160116863,941.9602466106253,941.8214818898657,827.4694237585647,784.1155137023667,861.5310101022958
917,Prov. Jawa Tengah,Kab. Semarang,P,S2,20,85.0,22.434956367579417,30.869498261226568,31.163118285764156,30.34472065480097,28.69283061942821,22.975422460541672,23.574845943380694
918,Prov. Jawa Tengah,Kab. Sragen,L,D3,7,18.0,4.750931936663877,5.858822922996168,4.789792383909384,4.663217392245616,7.964580338765066,5.8708261676780085,8.126675819234407
919,Prov. Jawa Tengah,Kab. Sragen,P,D3,35,111.0,29.297413609427238,38.38434774327472,32.758304537132496,32.43528493322762,39.224612765936975,40.50543792362754,40.28313343872787
920,Prov. Jawa Tengah,Kab. Sukoharjo,L,D3,347,1247.0,329.13400694554747,345.3543763706287,318.54722331154835,314.7221631385838,310.572185555081,310.74811136054336,326.1093873931072
921,Prov. Jawa Tengah,Kab. Sukoharjo,L,D4,46,164.0,43.28626875627087,29.825943615756596,30.412930230851362,31.38182603088941,26.704198077399944,25.061290025958495,22.649898085765987
922,Prov. Jawa Tengah,Kab. Sukoharjo,L,Profesi,4264,3973.0,1048.6362546869768,6931.5731805411215,4973.404442687003,4702.981001089466,3716.4317912518654,4375.80949485618,4532.955994541435
923,Prov. Jawa Tengah,Kab. Sukoharjo,L,S1,4162,25849.0,6822.602201712474,4284.679385901588,4222.830197716361,4126.124744025908,3983.0991937776826,3755.9805638434345,3758.2686632573086
924,Prov. Jawa Tengah,Kab. Sukoharjo,L,S2,322,1156.0,305.1154065990801,323.98987572890786,344.5514401833224,324.46701321680155,341.0522827570718,317.5889474618696,338.31511623787173
925,Prov. Jawa Tengah,Kab. Sukoharjo,L,S3,25,250.0,65.98516578699828,37.176703608072515,40.20480361754418,49.38093769861675,43.12853565858406,45.83733286980534,39.179822471642964
926,Prov. Jawa Tengah,Kab. Sukoharjo,P,D3,475,1426.0,376.3793856490382,476.36341191093464,437.25484771916916,445.6376060976746,402.88540213423335,377.92770880472636,436.675757230509
927,Prov. Jawa Tengah,Kab. Sukoharjo,P,D4,157,418.0,110.32719719586113,86.21709065589032,89.3932356623189,95.17646874091973,82.25393830483834,74.01888670940198,66.45006889160454
928,Prov. Jawa Tengah,Kab. Sukoharjo,P,Profesi,13236,12541.0,3310.079856538982,23822.346565945245,17678.683269621717,17049.541042134828,11676.204570361968,8264.212182687632,11005.187392416503
929,Prov. Jawa Tengah,Kab. Sukoharjo,P,S1,8386,37724.0,9956.897576594893,7424.423031477279,7324.621634469837,7372.023154733513,7286.912212725821,5639.154053889363,5975.030303657431
930,Prov. Jawa Tengah,Kab. Sukoharjo,P,S2,381,1088.0,287.16744150501654,363.69207888993606,386.50804541278836,375.094520648956,366.9454215254206,337.6887799985,404.15302460298733
931,Prov. Jawa Tengah,Kab. Sukoharjo,P,S3,22,118.0,31.14499825146319,22.003843563984177,23.334473871364565,29.705027596063438,20.927604525962096,22.010941824829366,19.151551407878408
932,Prov. Jawa Tengah,Kab. Tegal,L,D3,202,796.0,210.09676786580255,191.92188366945,167.3680563946827,169.11196664319732,162.2420148369048,161.79938021031376,144.65144806810227
933,Prov. Jawa Tengah,Kab. Tegal,L,D4,6,70.0,18.47584642035952,11.855969191831779,11.154409511383957,11.808774935210483,10.34710188303553,13.759259624916567,12.011450127809798
934,Prov. Jawa Tengah,Kab. Tegal,L,Profesi,19,22.0,5.806694589255849,27.812495660178225,20.21496095010401,19.16478969387963,14.93811800721078,12.712405009651965,13.236882449308517
935,Prov. Jawa Tengah,Kab. Tegal,L,S1,197,1335.0,352.36078530257083,233.36038738047935,202.30950452860645,206.46614407471762,210.188370960744,244.65136117121037,170.75647523176391
936,Prov. Jawa Tengah,Kab. Tegal,P,D3,321,952.0,251.27151131688947,294.68392131564707,249.76937050126884,262.2763585424678,284.01877256585,236.41521229764982,245.3229061664835
937,Prov. Jawa Tengah,Kab. Tegal,P,D4,6,55.0,14.516736473139623,11.146382124147722,10.46687054716848,11.423543156786591,13.397193353255267,12.726624258147458,13.41642241290458
938,Prov. Jawa Tengah,Kab. Tegal,P,Profesi,86,92.0,24.282541009615368,160.36887824729695,110.27734009885256,109.54116534988304,109.43167177418604,152.39719740787598,72.3648948992477
939,Prov. Jawa Tengah,Kab. Tegal,P,S1,445,2340.0,617.6211517663039,469.93372315725145,412.9169429830832,432.41832638855317,455.1062730756765,472.25611636565077,422.0137372130902
940,Prov. Jawa Tengah,Kab. Temanggung,L,D3,5,62.0,16.364321115175574,19.05462293250958,15.559744133891755,15.48713218935896,18.983572289346636,16.55565105443931,16.527983560143802
941,Prov. Jawa Tengah,Kab. Temanggung,L,S1,70,314.0,82.87736822846985,41.8452509346474,41.24115143630747,39.09600380686341,35.347101457090446,29.45270836070423,24.695470468770953
942,Prov. Jawa Tengah,Kab. Temanggung,L,S2,6,53.0,13.988855146843637,21.08041191910818,18.08316701531405,17.663445402516473,15.67466128996017,12.634256438215267,12.471473981066174
943,Prov. Jawa Tengah,Kab. Temanggung,P,D3,32,159.0,41.96656544053091,54.50650050417796,45.61734736324517,46.43459350084582,40.93470233650319,41.80562820858366,46.30577932339048
944,Prov. Jawa Tengah,Kab. Temanggung,P,S1,148,547.0,144.37554274195224,92.74093269706728,89.14105747864882,87.72986744097663,85.59787783038921,83.5649565745566,68.72604384419738
945,Prov. Jawa Tengah,Kab. Temanggung,P,S2,1,15.0,3.959109947219897,6.48778342491485,5.7588783938697,5.736153942059828,4.601266100890546,4.143840118470757,4.2037086840350915
946,Prov. Jawa Tengah,Kab. Wonogiri,L,D3,7,15.0,3.959109947219897,4.828246671076588,4.079888092416665,4.007778757027973,4.291980591822102,3.6100520721854905,4.23633435349355
947,Prov. Jawa Tengah,Kab. Wonogiri,L,S1,79,582.0,153.613465952132,100.90893591073929,94.82469202589621,90.94313037187604,94.42279195194672,126.15622774331162,90.31501631072719
948,Prov. Jawa Tengah,Kab. Wonogiri,P,D3,30,76.0,20.05949039924748,21.693563317905117,20.486383249112066,20.048620574195834,20.782509137359195,24.656208333548037,26.241919859841158
949,Prov. Jawa Tengah,Kab. Wonogiri,P,S1,106,664.0,175.25660033026745,134.38945668556482,127.2284223587817,125.43864448507189,128.41642554904894,150.65681455209716,138.86586030247526
950,Prov. Jawa Tengah,Kab. Wonosobo,L,D3,19,119.0,31.408938914611184,27.253785837623788,27.174985682551004,25.682565822472558,24.649045003159895,25.295905437121235,28.043590232800696
951,Prov. Jawa Tengah,Kab. Wonosobo,L,Profesi,23,32.0,8.44610122073578,38.9390656584106,32.199046413972766,28.595536267200956,64.37648193725872,23.385010669700844,29.6619223844023
952,Prov. Jawa Tengah,Kab. Wonosobo,L,S1,724,5474.0,1444.8111900721144,875.2372593289191,879.9512013768474,836.6548560440945,1038.8061072215908,784.3252938835194,847.334884252512
953,Prov. Jawa Tengah,Kab. Wonosobo,L,S2,73,182.0,48.03720069293475,65.70024769878832,63.883838504601904,60.599972723045106,86.77786947245963,57.16432005040124,64.55790869099866
954,Prov. Jawa Tengah,Kab. Wonosobo,P,D3,59,179.0,47.24537870349077,57.66508189444359,53.99065921458296,53.58427881093698,45.66420618023261,30.77434806743913,35.065012990155786
955,Prov. Jawa Tengah,Kab. Wonosobo,P,Profesi,48,64.0,16.89220244147156,76.557435426636,68.05054842455301,60.92035194899588,117.28467507946867,42.06011728572348,74.27442335843642
956,Prov. Jawa Tengah,Kab. Wonosobo,P,S1,883,4962.0,1309.6735705403419,1004.4957809374772,986.724175977515,973.4302429106124,1183.513637515356,833.5140174874643,1055.2813538677121
957,Prov. Jawa Tengah,Kab. Wonosobo,P,S2,68,125.0,32.99258289349914,50.01988724769615,49.96516404510914,48.43761883805165,59.11822330987066,42.85064286247287,42.92230370401287
958,Prov. Jawa Tengah,Kota Magelang,L,D3,77,433.0,114.28630714308103,129.2984650012705,112.50829508831252,110.84782118550375,74.00036257992329,91.65609870371712,95.98186889977427
959,Prov. Jawa Tengah,Kota Magelang,L,D4,450,1913.0,504.91848860211087,407.14799329865406,380.0043035288886,393.45781391041095,548.2947075310462,350.876296776252,335.9878424461591
960,Prov. Jawa Tengah,Kota Magelang,L,Profesi,521,283.0,74.69520767088206,440.56202102730447,312.17580240570356,321.6585990150302,1336.7342789867494,427.7048699357332,591.8560895533391
961,Prov. Jawa Tengah,Kota Magelang,L,S1,710,5849.0,1543.7889387526118,1131.9254254046796,1020.386566714578,1007.1068919664773,1081.9362420861492,1008.9469565339626,935.6909428292959
962,Prov. Jawa Tengah,Kota Magelang,L,S2,3,10.0,2.6394066314799316,2.8179327161431735,2.901885088468134,2.706370225628437,2.8793543602516145,4.093314556205509,3.8485826534160847
963,Prov. Jawa Tengah,Kota Magelang,P,D3,93,494.0,130.3866875951086,174.11714520215827,151.9992271027073,154.14631676735792,135.0775897326273,124.00623453164629,115.24838161329794
964,Prov. Jawa Tengah,Kota Magelang,P,Profesi,2204,1195.0,315.4090924618518,2032.3214640886097,1488.7003426240985,1559.860664641612,5882.802597927905,1284.319061900235,1278.5176540772347
965,Prov. Jawa Tengah,Kota Magelang,P,S1,1420,9056.0,2390.246645468226,1988.0836952848574,1824.0254959851572,1849.5822613317537,2199.305747778872,1575.2874067636458,1462.142920393427
966,Prov. Jawa Tengah,Kota Magelang,P,S2,1,13.0,3.431228620923911,4.356281764414893,4.4880139284103375,4.312008594244593,5.16602496526582,4.212204470978716,3.917282633425604
967,Prov. Jawa Tengah,Kota Pekalongan,L,D3,69,181.0,47.773260029786755,47.303789815607914,45.08184176493597,44.02304433601801,36.99248041812674,28.038785415852054,22.23288156680798
968,Prov. Jawa Tengah,Kota Pekalongan,L,D4,10,111.0,29.297413609427238,18.695977717587674,19.841171036547657,20.175170741576117,16.40806870894104,17.046079343013307,14.436790016570125
969,Prov. Jawa Tengah,Kota Pekalongan,L,Profesi,649,216.0,57.01118323996652,390.98525696251716,280.12577929248965,262.8070568273135,842.7744252374243,588.8573088596495,508.9662726555313
970,Prov. Jawa Tengah,Kota Pekalongan,L,S1,1270,7510.0,1982.1943802414285,1346.3565231560644,1304.5856739054207,1269.8161947176013,1565.4883268900774,1317.3420568220927,1191.9972450945497
971,Prov. Jawa Tengah,Kota Pekalongan,L,S2,117,338.0,89.21194414402169,133.36140049457245,126.21268682775812,122.10232573700843,213.20738786436237,96.11353544053982,100.79031246968738
972,Prov. Jawa Tengah,Kota Pekalongan,P,D3,179,473.0,124.84393366900075,165.63791949760926,151.06414275069608,153.64434086577566,94.78590727049055,120.22169204294237,103.53448411387801
973,Prov. Jawa Tengah,Kota Pekalongan,P,D4,6,30.0,7.918219894439794,6.900951974150609,6.934859705279174,7.46782355213414,8.705143725721912,9.959728995107978,8.972764403759102
974,Prov. Jawa Tengah,Kota Pekalongan,P,Profesi,1435,511.0,134.8736788686245,1014.68527977381,749.782724549288,718.018464585259,1929.7067343552762,1019.2026868835425,1032.3732036114156
975,Prov. Jawa Tengah,Kota Pekalongan,P,S1,2705,13058.0,3446.5371793864942,2839.0450818652403,2731.8369551795154,2745.4206482421405,3019.686968678011,2699.9697243657165,2509.6115846025355
976,Prov. Jawa Tengah,Kota Pekalongan,P,S2,82,215.0,56.74724257681852,95.10968102878182,92.0736899578708,91.14950052152416,178.01015158204058,76.01971933191521,83.61022856265532
977,Prov. Jawa Tengah,Kota Salatiga,L,D3,31,152.0,40.11898079849496,35.52164326773459,33.6498159885397,32.67449192301593,33.20488097910449,28.89196593113588,37.42798245176767
978,Prov. Jawa Tengah,Kota Salatiga,L,D4,33,229.0,60.44241186089043,43.82837795148345,42.23364070680885,43.90014546185485,36.19704534635337,48.813052020545946,44.49709393678379
979,Prov. Jawa Tengah,Kota Salatiga,L,Profesi,2344,1460.0,385.35336819607,2490.3754051302703,1735.934513221729,1640.7277590412732,1819.4888199292375,1752.966178948619,1590.2818061571081
980,Prov. Jawa Tengah,Kota Salatiga,L,S1,2211,11473.0,3028.191228296925,2099.178646252884,1915.9392499590247,1914.455398699069,1999.6428104582105,2055.3146708805502,1902.3565998575482
981,Prov. Jawa Tengah,Kota Salatiga,L,S2,215,570.0,150.44617799435608,192.64908449867963,183.88625804613568,177.2790983612388,181.4611512493845,164.98381125413636,155.95688571991116
982,Prov. Jawa Tengah,Kota Salatiga,L,S3,30,241.0,63.60969981866634,40.724513147298104,40.42621222201409,50.4879859263187,37.830297765401255,45.42626834901115,37.81758375712852
983,Prov. Jawa Tengah,Kota Salatiga,P,D3,45,105.0,27.71376963053928,32.66624429262043,29.674686541783018,30.03782253945285,28.459460150815687,27.670360391610938,32.834381958130585
984,Prov. Jawa Tengah,Kota Salatiga,P,D4,27,111.0,29.297413609427238,23.821756753326905,23.452408422808027,25.07109370144545,21.912129709065244,21.211575414972206,18.00675115363563
985,Prov. Jawa Tengah,Kota Salatiga,P,Profesi,7284,4193.0,1106.7032005795352,7754.30432478681,5599.465217048348,5394.90357032215,5471.869812375845,4811.175497044437,4926.6120700032325
986,Prov. Jawa Tengah,Kota Salatiga,P,S1,4261,16907.0,4462.44479184312,3551.629158615475,3285.737573490731,3371.18283743187,3269.429133420949,3106.6130080824655,3298.370137936959
987,Prov. Jawa Tengah,Kota Salatiga,P,S2,244,609.0,160.73986385712783,242.07660414315018,232.1318169298803,230.25721435929165,199.20527440901031,175.42068929584073,194.5155788171892
988,Prov. Jawa Tengah,Kota Salatiga,P,S3,13,98.0,25.866184988503328,19.64641467065122,19.528342935515848,25.118395357136773,14.539719806704717,14.278509784867452,13.766017107270295
989,Prov. Jawa Tengah,Kota Semarang,L,D3,2213,8196.0,2163.2576751609517,2194.293768274666,2100.079278567357,2145.7028329543346,2400.2388376668064,2082.683734045655,2295.5311228527244
990,Prov. Jawa Tengah,Kota Semarang,L,D4,1629,9526.0,2514.2987571477825,1763.8166520577345,1830.438268549463,1962.9660286865198,1805.736028356846,1947.537730267336,1559.277043926307
991,Prov. Jawa Tengah,Kota Semarang,L,Profesi,11923,12329.0,3254.124435951607,10458.895102421437,10096.859607569575,9108.807999228346,17330.09572545323,11101.754448734484,11747.342530776628
992,Prov. Jawa Tengah,Kota Semarang,L,S1,18987,108937.0,28752.90402135293,17521.362990450823,17862.40513937976,18188.423051525508,20871.27728234279,17286.474677225626,17311.20800940349
993,Prov. Jawa Tengah,Kota Semarang,L,S2,3865,10425.0,2751.5814133178283,3376.1849159399862,3484.6290319809914,3456.0101470005116,5455.603358965722,3039.5899487929178,3403.589450144204
994,Prov. Jawa Tengah,Kota Semarang,L,S2 Terapan,1,4.0,1.0557626525919726,1.5623090037630052,1.4243537432606197,1.373208323619194,3.341951368551803,2.4987063734718595,2.57887023991499
995,Prov. Jawa Tengah,Kota Semarang,L,S3,451,3262.0,860.9744431887536,520.7419136694715,561.9570105356742,720.8235777285839,788.0274134752468,715.0778653199958,536.8047725696107
996,Prov. Jawa Tengah,Kota Semarang,L,Sp-1,112,465.0,122.7324083638168,90.69566229608148,105.86461826484526,140.37477392618976,240.5391126155856,88.85754185425506,105.8171208966954
997,Prov. Jawa Tengah,Kota Semarang,P,D3,4154,12064.0,3184.180160217389,3853.1933153059213,3686.356218712142,3874.929581571309,4216.192468632659,3168.32964181214,3374.6270024514424
998,Prov. Jawa Tengah,Kota Semarang,P,D4,2511,11342.0,2993.615001424538,2399.8910492574923,2527.6786444034474,2787.645565022967,2790.131286149326,2658.195530501679,2346.097283502985
999,Prov. Jawa Tengah,Kota Semarang,P,Profesi,25882,26292.0,6939.527915487036,26193.844422549377,25417.65220517538,23588.998479640646,35349.02788736902,16376.69413670551,22297.89553551247
1000,Prov. Jawa Tengah,Kota Semarang,P,S1,31158,141237.0,37278.18744103311,26945.700707928914,27490.651857546673,28908.683818273497,32274.509973683507,22649.802715877544,24312.445646882094
1001,Prov. Jawa Tengah,Kota Semarang,P,S2,3517,9426.0,2487.9046908329833,3507.3102531028685,3668.889462926127,3733.864194259095,5436.115871305011,2913.7170378936585,3408.2225046372464
1002,Prov. Jawa Tengah,Kota Semarang,P,S2 Terapan,61,99.0,26.13012565165132,40.433680074475504,38.71293600982222,37.889140451020644,60.96068466323212,24.581580390160024,27.09837853511186
1003,Prov. Jawa Tengah,Kota Semarang,P,S3,284,1807.0,476.9407783084236,341.4316550935057,369.26736804437803,487.70005973458785,491.16885216795725,386.62676266656524,340.8677709725253
1004,Prov. Jawa Tengah,Kota Semarang,P,Sp-1,126,555.0,146.4870680471362,115.5858352229078,140.5741240856919,189.67954475931523,292.1084981006928,140.60662521313046,135.15630857839912
1005,Prov. Jawa Tengah,Kota Surakarta,L,D1,11,20.0,5.278813262959863,15.578638887241853,6.821772009588749,5.672741257086681,14.197692234319643,13.163851092215522,16.235255930261648
1006,Prov. Jawa Tengah,Kota Surakarta,L,D2,35,78.0,20.587371725543466,33.9155691667145,27.707067939602204,24.387231763092657,21.25523400347861,20.25813416751956,27.136916988221856
1007,Prov. Jawa Tengah,Kota Surakarta,L,D3,1088,4549.0,1200.6660766602208,1125.0121223026758,1082.7463054112056,1088.1870307558363,972.7083955782002,931.6476626670893,1049.5490912390862
1008,Prov. Jawa Tengah,Kota Surakarta,L,D4,717,3236.0,854.1119859469057,574.7778181822396,593.3237715600807,619.6225214591489,476.3280300121889,545.2440257221613,526.4842342774086
1009,Prov. Jawa Tengah,Kota Surakarta,L,Profesi,7094,7799.0,2058.4732318911983,12356.44441936099,9228.718871610612,8744.248633778268,19611.016938055538,8202.455949096058,7200.014035388685
1010,Prov. Jawa Tengah,Kota Surakarta,L,S1,5373,34808.0,9187.246602855344,5350.235820101433,5433.649466695104,5383.766487222434,5016.857275501016,5743.743474104465,4845.225863621747
1011,Prov. Jawa Tengah,Kota Surakarta,L,S2,772,2767.0,730.3238149304971,763.5774783274614,819.8693707598254,780.7919756805383,897.2686941376968,754.6055695838164,831.8191363932385
1012,Prov. Jawa Tengah,Kota Surakarta,L,S3,160,1103.0,291.1265514522364,154.85499500648623,171.7864783274555,212.3536876701849,181.95989766043147,214.6344106639928,212.62642504134266
1013,Prov. Jawa Tengah,Kota Surakarta,L,Sp-1,89,498.0,131.44245024770058,76.86694471390183,95.98075653599454,121.18028447652293,101.33018991755864,109.35902088830721,108.55987894703455
1014,Prov. Jawa Tengah,Kota Surakarta,L,Sp-2,1,7.0,1.8475846420359519,2.651117167608681,2.7551141701292683,2.305442778370312,1.9168277984823423,2.622073504363129,2.4821118677761302
1015,Prov. Jawa Tengah,Kota Surakarta,P,D1,5,23.0,6.070635252403842,13.4852595305623,7.020487430812052,5.708151587626514,17.64296442014971,14.24458731264153,18.95971860066871
1016,Prov. Jawa Tengah,Kota Surakarta,P,D2,65,170.0,44.869912735158834,83.95089506810395,69.81387789232764,62.9725190970192,46.835537606898185,29.52303131970199,33.31329849614202
1017,Prov. Jawa Tengah,Kota Surakarta,P,D3,3112,8952.0,2362.7968165008347,2686.002019498762,2567.6914996012697,2660.311369312849,2624.0006380911905,2343.958833593467,2507.8103359952465
1018,Prov. Jawa Tengah,Kota Surakarta,P,D4,1478,6126.0,1616.900502444606,1248.5573009757022,1306.825347484922,1400.5321475047278,1183.010589781776,1467.9061893204534,1289.8169612774113
1019,Prov. Jawa Tengah,Kota Surakarta,P,Profesi,17286,18880.0,4983.199720234111,32281.277092559565,25020.29149293452,24153.524884175487,58622.76576201176,12843.240180509603,15916.547956889963
1020,Prov. Jawa Tengah,Kota Surakarta,P,S1,8981,46212.0,12197.22592539506,8603.97739928793,8676.837652464508,8895.03150415885,9004.102782026077,9183.436763232834,8857.376827801076
1021,Prov. Jawa Tengah,Kota Surakarta,P,S2,907,2820.0,744.3126700773406,899.7594290168254,976.8185736572244,955.2751880497241,1101.1261498381348,807.5365869997348,887.2168493015267
1022,Prov. Jawa Tengah,Kota Surakarta,P,S3,172,978.0,258.1339685587373,169.6370394365452,185.57193069355193,237.35398546076803,200.9058274312459,201.1459410266053,194.43755415216665
1023,Prov. Jawa Tengah,Kota Surakarta,P,Sp-1,75,463.0,122.20452703752082,80.68772780391976,102.78777683201798,132.90298060408904,121.69392838639443,79.14831249164935,94.39483497467306
1024,Prov. Jawa Tengah,Kota Surakarta,P,Sp-2,4,7.0,1.8475846420359519,2.8829080014392883,3.100185105993671,2.645357279357223,2.363869875641625,2.4376679472528657,2.171269857535368
1025,Prov. Jawa Tengah,Kota Tegal,L,D3,82,1075.0,283.7362128840926,312.537140253277,288.9885318955242,276.4701032116776,192.7715469520715,248.05264709132504,248.28277161013636
1026,Prov. Jawa Tengah,Kota Tegal,L,D4,133,972.0,256.5503245798493,176.2199977283968,183.8731083680776,181.81649307036983,122.54168926093236,187.34982867578213,164.91947899205582
1027,Prov. Jawa Tengah,Kota Tegal,L,Profesi,642,628.0,165.7547364569397,1065.6498861105274,788.6950057016622,716.6775894358117,1106.2120804064932,745.4892788850586,659.0976969365271
1028,Prov. Jawa Tengah,Kota Tegal,L,S1,508,3437.0,907.1640592396524,529.9192728931448,545.2465776620605,519.9998178888142,656.2307479037913,466.4295673674677,557.6453750834164
1029,Prov. Jawa Tengah,Kota Tegal,L,S2,106,282.0,74.43126700773406,71.91856935735483,80.90052907430999,72.6539786426859,77.9316963916364,53.08042690525625,59.34919554800709
1030,Prov. Jawa Tengah,Kota Tegal,P,D3,81,1401.0,369.7808690703384,487.88739005755764,450.0905119072043,443.96141941423747,248.09423948314202,337.4433471769759,395.44181946690736
1031,Prov. Jawa Tengah,Kota Tegal,P,D4,85,538.0,142.00007677362032,115.83706042874421,120.97974586224582,123.22009522481983,71.05041907900171,113.12783161173066,114.6418178129396
1032,Prov. Jawa Tengah,Kota Tegal,P,Profesi,2081,2023.0,533.9519615483902,3805.0580643472545,2893.1201909854535,2686.656953901943,3418.1522947179046,1808.1349474738843,1662.6259820378993
1033,Prov. Jawa Tengah,Kota Tegal,P,S1,571,3132.0,826.6621569795145,603.7841554334599,609.5247593662599,603.7269849501054,694.0483573664513,476.43194566024414,576.1559345447632
1034,Prov. Jawa Tengah,Kota Tegal,P,S2,123,214.0,56.48330191367053,76.01072877597693,80.58890760739011,75.9172706265669,71.1343376523667,86.23473644271006,85.06239298531727
1035,Prov. Jawa Timur,Kab. Bangkalan,L,D3,15,93.0,24.546481672763363,26.214095200769442,24.172226152503725,23.62850210775881,25.933009117315784,26.986291003129892,27.497034705872828
1036,Prov. Jawa Timur,Kab. Bangkalan,L,Profesi,485,523.0,138.04096682640042,779.4697170000878,582.5235236953188,595.0220767111092,756.983098050001,652.6518262699639,840.9507428038766
1037,Prov. Jawa Timur,Kab. Bangkalan,L,S1,1729,9901.0,2613.2765058282803,1794.1170655603648,1713.6001815628003,1699.9382339855408,1910.2287714618176,1701.0051761192942,1386.8967378370617
1038,Prov. Jawa Timur,Kab. Bangkalan,L,S2,38,105.0,27.71376963053928,37.86849811871608,36.77795402196809,35.49283746684992,36.91485485138816,27.91764425449268,35.491107102616596
1039,Prov. Jawa Timur,Kab. Bangkalan,P,D3,54,539.0,142.2640174367683,100.10547479964195,115.39794593314551,108.62911892897283,106.44716325102195,114.32032570386468,114.59559770091107
1040,Prov. Jawa Timur,Kab. Bangkalan,P,Profesi,1706,1849.0,488.0262861606393,3034.0836390166055,2338.7580009804265,2424.293333717255,2693.9672909459728,2044.7408711853727,1850.9914057140277
1041,Prov. Jawa Timur,Kab. Bangkalan,P,S1,2728,14315.0,3778.3105929635217,2907.360122796175,2839.8372824621306,2887.0917705225597,2605.473165492443,2853.6446385184245,2919.675906708355
1042,Prov. Jawa Timur,Kab. Bangkalan,P,S2,47,108.0,28.50559161998326,43.76797638329001,43.40281657833515,43.05107200438534,37.61896501222275,29.874580061333123,35.553278689029746
1043,Prov. Jawa Timur,Kab. Banyuwangi,L,D2,5,10.0,2.6394066314799316,3.5257064984677235,2.9500733125094416,2.5591066101490805,2.178772836999735,5.006137950647119,4.570517484714294
1044,Prov. Jawa Timur,Kab. Banyuwangi,L,D3,176,619.0,163.37927048860774,167.9407100407484,148.18213018792892,149.81352298152376,144.16786729506487,144.7062680454327,159.01926564891394
1045,Prov. Jawa Timur,Kab. Banyuwangi,L,D4,365,1767.0,466.3831517825039,323.0325555843252,312.4012419257168,329.21752398353374,238.04560063200552,358.5812897163574,355.4959417064975
1046,Prov. Jawa Timur,Kab. Banyuwangi,L,Profesi,74,129.0,34.04834554609111,133.0890385447507,110.59322316378251,100.71963613429433,90.69873294135922,92.39742820372122,86.57323101804747
1047,Prov. Jawa Timur,Kab. Banyuwangi,L,S1,680,6684.0,1764.1793924811861,791.5212977030678,841.0662883566198,809.5058995363795,787.1592622924613,794.5840817351158,742.4658119148481
1048,Prov. Jawa Timur,Kab. Banyuwangi,L,S2,87,391.0,103.20079929086532,88.59728620409889,96.9722328830656,91.14758133088624,95.67383155219748,82.46751254690184,105.82494109102915
1049,Prov. Jawa Timur,Kab. Banyuwangi,P,D1,2,2.0,0.5278813262959863,2.020509913866134,0.8106353573540107,0.7079937559714541,1.4850498410134925,3.0819772146589344,3.8579684976819175
1050,Prov. Jawa Timur,Kab. Banyuwangi,P,D2,9,28.0,7.390338568143807,12.103225999469936,10.01553764844757,8.98177753590537,7.782049414325214,10.111821336854923,12.156126030852294
1051,Prov. Jawa Timur,Kab. Banyuwangi,P,D3,185,623.0,164.43503314119974,189.70715145335487,171.14364935934597,177.1278140541246,164.73068557985317,159.43696836657855,198.33303683123003
1052,Prov. Jawa Timur,Kab. Banyuwangi,P,D4,406,1651.0,435.76603485733665,343.3668539015587,337.5320109839868,365.89107565889157,448.9116141862312,339.7103252652432,340.7450265465629
1053,Prov. Jawa Timur,Kab. Banyuwangi,P,Profesi,263,336.0,88.68406281772569,503.39698830448265,388.0945928982118,372.5234461524131,345.997757244215,240.8826959755101,249.91076897232227
1054,Prov. Jawa Timur,Kab. Banyuwangi,P,S1,1092,7403.0,1953.9527292845933,1066.7672932860596,1123.7982114465326,1119.0581019881097,927.7584587545404,885.5307851955406,1056.4753901726847
1055,Prov. Jawa Timur,Kab. Banyuwangi,P,S2,71,288.0,76.01491098662203,76.51743981925014,84.23348242646973,81.43332115283509,80.09292013410898,56.49140766471138,73.9754100143551
1056,Prov. Jawa Timur,Kab. Blitar,L,S1,21,285.0,75.22308899717804,46.434667385869396,37.938665536743315,37.60950225316888,45.26113288920974,58.031215727378694,47.73305272448671
1057,Prov. Jawa Timur,Kab. Blitar,P,S1,40,425.0,112.17478183789709,79.92023452107301,66.06635644840064,67.24076521631375,71.89878313774972,46.81837072609346,51.91365322979239
1058,Prov. Jawa Timur,Kab. Bojonegoro,L,D3,31,68.0,17.947965094063534,19.42834575725814,16.71676822153428,16.898885145171707,18.03449008874329,21.97060770441327,21.069990737049668
1059,Prov. Jawa Timur,Kab. Bojonegoro,L,Profesi,56,73.0,19.2676684098035,124.40682484308462,84.9799661688963,81.79879255187964,86.76868707536852,104.2184089921723,89.43016455904434
1060,Prov. Jawa Timur,Kab. Bojonegoro,L,S1,899,6486.0,1711.9191411778836,872.6327869414602,875.1533089075685,864.4076888155605,807.8262824402492,785.9264062900972,832.2410595073707
1061,Prov. Jawa Timur,Kab. Bojonegoro,L,S2,39,136.0,35.89593018812707,24.111536835664623,28.761269922211465,26.235051026265438,22.552526781860095,18.566659587738304,19.31260214025061
1062,Prov. Jawa Timur,Kab. Bojonegoro,P,D3,77,208.0,54.899657934782574,68.89024396435772,59.874537509062904,62.17293348210418,79.06577265967482,38.615770557492766,46.68155977266823
1063,Prov. Jawa Timur,Kab. Bojonegoro,P,Profesi,155,189.0,49.8847853349707,345.5001567139289,245.47495030243607,240.56994246075644,232.05638419214662,236.85635214299413,271.09779678483096
1064,Prov. Jawa Timur,Kab. Bojonegoro,P,S1,1758,8561.0,2259.5960172099694,1490.874963696357,1447.7683806450207,1491.7533171386344,1406.5183759989004,1342.7599830614558,1387.7474126162472
1065,Prov. Jawa Timur,Kab. Bojonegoro,P,S2,15,59.0,15.572499125731595,11.628365084435076,14.234202212387329,13.273427304161403,11.521129966345455,19.200037604924916,24.566108219903164
1066,Prov. Jawa Timur,Kab. Bondowoso,L,D3,17,57.0,15.044617799435608,17.513266849036864,14.03563274019032,14.4394828516346,16.001041398326027,15.707849353544733,16.943025803209515
1067,Prov. Jawa Timur,Kab. Bondowoso,L,S1,435,2449.0,646.3906840494352,365.1211872057028,338.34912291720605,336.42860158221833,341.58511742268036,378.46747666531513,346.36771514960975
1068,Prov. Jawa Timur,Kab. Bondowoso,L,S2,24,67.0,17.68402443091554,23.28443367129097,20.62524348625575,20.50545798830611,21.23422086256539,21.972873188927906,20.464847742673097
1069,Prov. Jawa Timur,Kab. Bondowoso,P,D3,36,302.0,79.71008027069392,89.24460864429247,77.52014933942482,80.19105016861667,85.21709559823532,53.180129878106236,57.721304491001526
1070,Prov. Jawa Timur,Kab. Bondowoso,P,S1,506,2604.0,687.3014868373741,447.72192867687875,419.89475676845075,428.6651052015222,388.27065991652574,460.47056477796144,463.151226783404
1071,Prov. Jawa Timur,Kab. Bondowoso,P,S2,20,48.0,12.66915183110367,19.297406038657687,17.279858502563318,17.642541558072732,16.972587021107714,11.559405212658419,12.559459567111242
1072,Prov. Jawa Timur,Kab. Gresik,L,D3,30,211.0,55.69147992422655,61.14819095779958,52.711419178943224,53.34362303137387,54.29422098617965,38.529276617819455,58.64617557737322
1073,Prov. Jawa Timur,Kab. Gresik,L,Profesi,476,508.0,134.08185687918052,814.1988787263132,573.398493460017,547.4576119050862,743.124984588339,711.2228305914197,745.9780924740217
1074,Prov. Jawa Timur,Kab. Gresik,L,S1,1194,7810.0,2061.3765791858264,1088.406662933022,1088.0667978327233,1065.236624717951,1040.79582630108,1086.6243803285745,1023.4757142805498
1075,Prov. Jawa Timur,Kab. Gresik,L,S2,138,318.0,83.93313088106181,106.67850823994559,100.77064334588607,98.75336597301943,94.75863558104616,93.516681337003,92.74975392112648
1076,Prov. Jawa Timur,Kab. Gresik,P,D3,74,259.0,68.36063175533022,66.24979999900458,63.84187926919775,64.74155796621707,59.414115714552175,62.52748868267641,70.44253876298193
1077,Prov. Jawa Timur,Kab. Gresik,P,Profesi,1823,1952.0,515.2121744648827,3503.1429791203964,2524.839580707118,2466.388113277403,2849.8285489503846,1905.4950589614098,1855.1722004608587
1078,Prov. Jawa Timur,Kab. Gresik,P,S1,1573,8054.0,2125.7781009939367,1377.6407867550706,1361.646638827342,1377.4591154084324,1185.1263988879407,1360.2478211596922,1401.2390157934922
1079,Prov. Jawa Timur,Kab. Gresik,P,S2,145,385.0,101.61715531197736,152.12040700256907,144.27963348407752,145.50086802253495,124.68601880765063,114.07823409545786,120.7153995986919
1080,Prov. Jawa Timur,Kab. Jember,L,D2,12,17.0,4.4869912735158834,7.965640496175529,6.198988380529303,5.540595001726307,7.389852020748924,7.108901753175687,8.345488728426133
1081,Prov. Jawa Timur,Kab. Jember,L,D3,610,2349.0,619.9966177346358,529.2824633653591,518.0442619519812,514.1129108757411,488.70026897702047,433.24253713676785,420.20426771659396
1082,Prov. Jawa Timur,Kab. Jember,L,D4,746,4743.0,1251.8705653109314,749.1687399357454,792.3076503616674,820.9416033116054,759.7066200452072,778.616768111941,732.5710768107774
1083,Prov. Jawa Timur,Kab. Jember,L,Profesi,3193,1143.0,301.68417797815613,1859.7228364166986,1347.409307789852,1289.3022079882876,839.0878851369353,1024.5052049189856,942.2493763821471
1084,Prov. Jawa Timur,Kab. Jember,L,S1,5188,33013.0,8713.473112504698,4990.643302690506,5004.038071981747,4954.991848532234,5018.490294453888,4833.1416647817305,4541.652108628445
1085,Prov. Jawa Timur,Kab. Jember,L,S2,617,2648.0,698.9148760158859,566.202011827495,655.8950763417151,610.8369011156614,632.5957989413815,683.626511941793,732.9816507785521
1086,Prov. Jawa Timur,Kab. Jember,L,S3,72,474.0,125.10787433214875,54.288157182676635,63.723434338315926,77.48633616118441,66.2683513011512,68.24435801585788,72.44450019781993
1087,Prov. Jawa Timur,Kab. Jember,P,D2,16,21.0,5.5427539261078556,10.700225662808105,8.61666523800813,7.853382811759538,10.112619155662335,8.538061576754828,10.323432508327594
1088,Prov. Jawa Timur,Kab. Jember,P,D3,1002,3397.0,896.6064327137327,939.305313884546,909.5708092606071,930.3310101433009,851.7686411608158,812.0689516924393,874.9345631541707
1089,Prov. Jawa Timur,Kab. Jember,P,D4,783,4278.0,1129.1381569471146,773.481789358294,830.4676385846333,881.5546425786018,862.3957410844856,838.4516166011103,834.6755853193904
1090,Prov. Jawa Timur,Kab. Jember,P,Profesi,8975,3216.0,848.8331726839459,5679.276134090401,4260.911636608934,4156.666886498445,2238.080691213172,3621.471117340402,5070.152257824515
1091,Prov. Jawa Timur,Kab. Jember,P,S1,10413,49994.0,13195.449513420768,9194.868391768776,9142.550889474673,9358.9102966995,9907.463913142828,8451.244295480268,8287.059770477304
1092,Prov. Jawa Timur,Kab. Jember,P,S2,710,2043.0,539.23077481135,629.2741319346823,678.3545326104222,665.2920557996132,682.6300876845633,481.7016075399885,663.4895924837894
1093,Prov. Jawa Timur,Kab. Jember,P,S3,28,204.0,53.8438952821906,31.925455023372884,35.57536283350228,45.277846743682694,37.07453903613156,26.992558813381883,24.548752194429248
1094,Prov. Jawa Timur,Kab. Jombang,L,D3,22,147.0,38.79927748275499,39.17483404819309,37.11919837334794,36.10171206279697,38.3434783204858,29.734190837576005,39.44504836337622
1095,Prov. Jawa Timur,Kab. Jombang,L,Profesi,323,306.0,80.7658429232859,319.0859593649979,281.41850256295584,248.36611071454715,275.5890670900057,177.4733041476469,235.52192266346927
1096,Prov. Jawa Timur,Kab. Jombang,L,S1,1661,9361.0,2470.748547728364,1307.5106278083003,1389.1929257003906,1326.6300180656926,1375.2767220513874,1351.34076580761,1251.2879133937388
1097,Prov. Jawa Timur,Kab. Jombang,L,S2,86,292.0,77.070673639214,79.06562096307931,86.22385352455414,80.05462693915071,80.89836766799199,76.76313833125361,75.80648437531683
1098,Prov. Jawa Timur,Kab. Jombang,P,D3,152,476.0,125.63575565844474,145.5427113413054,139.84217252565074,139.5435643741786,142.32925218950396,108.57748327574966,108.02089679200752
1099,Prov. Jawa Timur,Kab. Jombang,P,Profesi,1758,1338.0,353.1526072920148,1812.7391080999046,1546.8858048135698,1420.7196113004827,1217.5479294855008,1513.6963898593965,1554.8071377474707
1100,Prov. Jawa Timur,Kab. Jombang,P,S1,3079,11514.0,3039.012795485993,2098.0212392516446,2154.338023508727,2138.2458423985877,2132.0966719567264,2133.178415543192,2083.4021348526494
1101,Prov. Jawa Timur,Kab. Jombang,P,S2,78,269.0,71.00003838681016,82.0339819501341,91.35458951988116,86.838341450775,96.44480156128606,76.30874621347837,67.34000502052137
1102,Prov. Jawa Timur,Kab. Kediri,L,D3,43,111.0,29.297413609427238,26.77205238614025,25.326201379525898,24.534236052633556,21.471686461543378,36.16175052805085,36.21658554295349
1103,Prov. Jawa Timur,Kab. Kediri,L,Profesi,81,111.0,29.297413609427238,121.95799161421006,101.39882215406159,90.69603670455517,61.82346453072223,77.33542456878807,128.49875760923524
1104,Prov. Jawa Timur,Kab. Kediri,L,S1,562,6439.0,1699.513930009928,1148.542285313725,1071.717323370453,1052.4236457887334,969.5113089498702,1062.7727503407414,976.875621196752
1105,Prov. Jawa Timur,Kab. Kediri,P,D3,197,578.0,152.55770329954004,158.46121303417922,152.53643410818796,151.48280725930576,117.84732088657385,165.64239407915665,170.76040744287903
1106,Prov. Jawa Timur,Kab. Kediri,P,Profesi,391,476.0,125.63575565844474,732.4780927782443,572.7826368872963,537.749756456134,317.40030678957214,286.85765766462794,513.9672001364637
1107,Prov. Jawa Timur,Kab. Kediri,P,S1,953,10819.0,2855.5740345981376,2171.0816350034247,2069.6620097942496,2080.26955715059,1958.526060321763,1977.553195698003,1762.8849721344238
1108,Prov. Jawa Timur,Kab. Lamongan,L,D3,5,53.0,13.988855146843637,11.648531544474375,11.37567531089743,10.954638346621511,10.58930918638183,15.716931059936423,14.726033711714706
1109,Prov. Jawa Timur,Kab. Lamongan,L,Profesi,34,46.0,12.141270504807684,66.788109890481,49.8222774077894,46.22054246778848,50.81345785646776,32.99046610967562,28.044053308463724
1110,Prov. Jawa Timur,Kab. Lamongan,L,S1,1358,7779.0,2053.1944186282385,1099.3421634768965,1115.4485868363972,1075.466667907861,1125.5330885352457,999.092181719119,979.2191749325139
1111,Prov. Jawa Timur,Kab. Lamongan,L,S2,175,490.0,129.33092494251665,131.82458423953054,138.1097672918466,129.69242337614165,117.45864570916856,118.46649794120432,130.10798187317647
1112,Prov. Jawa Timur,Kab. Lamongan,P,D3,115,295.0,77.86249562865798,86.80317959925057,81.09687270744618,81.54985696590465,78.88722009018805,72.77499042705145,74.51200879070191
1113,Prov. Jawa Timur,Kab. Lamongan,P,Profesi,207,231.0,60.970293187186414,394.70570750308667,295.72833911968365,282.2970411662713,395.90339396921223,244.24702557165153,244.55155641426052
1114,Prov. Jawa Timur,Kab. Lamongan,P,S1,1971,8998.0,2374.938087005642,1589.802459200891,1584.116120113301,1580.2027262004362,1471.9471930944017,1437.936270949374,1432.750989254589
1115,Prov. Jawa Timur,Kab. Lamongan,P,S2,217,349.0,92.1152914386496,132.5743173781175,130.23465489621555,128.4858594477761,116.61167012793769,117.96354561200667,116.5467716670284
1116,Prov. Jawa Timur,Kab. Lumajang,L,S1,470,3880.0,1024.0897730142133,568.6037818458477,539.1329095741297,533.6183997008155,598.9583985968287,525.8179306095952,443.6150754568151
1117,Prov. Jawa Timur,Kab. Lumajang,L,S2,18,65.0,17.156143104619552,18.062493801003505,17.692211708162148,17.12150120510582,21.699784836656118,18.472349246199904,18.61729823471037
1118,Prov. Jawa Timur,Kab. Lumajang,P,S1,768,4269.0,1126.7626909787828,761.7975858239823,716.1690604235141,732.3284516597668,766.0864674285102,711.5673950947213,707.9337617493035
1119,Prov. Jawa Timur,Kab. Lumajang,P,S2,21,52.0,13.724914483695644,16.761804226700843,16.58003169412998,16.482805905173453,18.265988431372186,15.049726266148737,14.047056920332732
1120,Prov. Jawa Timur,Kab. Magetan,L,S1,312,1673.0,441.5727294465925,232.33547604023465,211.20095394427977,203.90763442800622,189.0585470512061,153.46747713720816,160.62189557817476
1121,Prov. Jawa Timur,Kab. Magetan,L,S2,5,24.0,6.334575915551835,9.552580573479634,7.674543505411764,7.5994039623442475,8.067788803898674,4.994000282535116,5.162630770369601
1122,Prov. Jawa Timur,Kab. Magetan,P,S1,392,1880.0,496.2084467182271,338.458892926939,297.93960000213957,299.2720186324343,293.5996519443027,282.09558832829316,284.06866587343507
1123,Prov. Jawa Timur,Kab. Magetan,P,S2,5,48.0,12.66915183110367,20.775551760708066,17.271520526252225,17.439720282083194,15.958549712854515,12.529550501579166,14.46094808149957
1124,Prov. Jawa Timur,Kab. Malang,L,D3,103,225.0,59.38664920829846,62.60081764318679,54.313172471906576,54.19982457885956,67.70034308269489,69.76421786754291,70.4131212835615
1125,Prov. Jawa Timur,Kab. Malang,L,D4,102,437.0,115.342069795673,87.97661124792948,81.433003891261,85.43162291064176,135.05362032485567,67.27565809097959,69.77118085972786
1126,Prov. Jawa Timur,Kab. Malang,L,Profesi,47,54.0,14.25279580999163,63.42400761999818,49.772750409485454,45.46323409989838,41.23520610842476,38.90297237662567,70.47732205528212
1127,Prov. Jawa Timur,Kab. Malang,L,S1,528,4026.0,1062.6251098338203,692.9425484625684,634.2628172376787,629.0387328900115,710.9658747848227,689.6049701014762,607.484319672995
1128,Prov. Jawa Timur,Kab. Malang,L,S2,134,537.0,141.7361361104723,164.01203599686988,159.06454236304242,152.87361761408332,165.2444430481703,141.88872198207412,138.21435727876266
1129,Prov. Jawa Timur,Kab. Malang,P,D3,111,339.0,89.47588480716968,108.86902869899797,95.56514265309337,97.91138285533951,112.47166725883271,94.88116582347195,102.77116098788301
1130,Prov. Jawa Timur,Kab. Malang,P,D4,99,433.0,114.28630714308103,95.35232930545679,91.12681733545718,97.55247558554167,153.1610221189712,66.93380922249175,61.157153868437
1131,Prov. Jawa Timur,Kab. Malang,P,Profesi,233,197.0,51.99631064015465,272.8706462120175,214.90487316774792,202.03233243755642,157.44037012836586,160.77715242993966,179.3720738905018
1132,Prov. Jawa Timur,Kab. Malang,P,S1,861,5170.0,1364.5732284751246,1000.8389700962887,936.0849541250465,949.7662959517855,1053.614961883645,950.3428756811671,994.9512452975366
1133,Prov. Jawa Timur,Kab. Malang,P,S2,57,243.0,64.13758114496233,83.3076009131083,82.60950283056529,81.2539667660556,78.13132083353752,94.49604333200249,80.30068223379426
1134,Prov. Jawa Timur,Kab. Mojokerto,L,D3,106,325.0,85.78071552309777,98.15663043464765,85.59199034609068,85.86037176834827,104.83624571026382,101.23222434915044,89.8273915622052
1135,Prov. Jawa Timur,Kab. Mojokerto,L,Profesi,105,163.0,43.02232809312288,225.22919551321797,172.3319859810632,159.6953598669996,183.92906009461237,115.80642656342586,124.20484086047641
1136,Prov. Jawa Timur,Kab. Mojokerto,L,S1,657,4341.0,1145.7664187254381,669.7096478701142,662.5686948557658,644.9869069713317,621.796633732717,705.3530232668285,606.0022149550446
1137,Prov. Jawa Timur,Kab. Mojokerto,L,S2,266,793.0,209.30494587635854,305.5767256727407,281.4237164336364,276.5963057020816,231.79465449255292,199.90083487674764,209.11977536499813
1138,Prov. Jawa Timur,Kab. Mojokerto,L,S3,18,151.0,39.85504013534696,28.666880382533108,27.60941982886513,35.09374909883795,31.921403329666028,29.200846363102674,21.409592129034397
1139,Prov. Jawa Timur,Kab. Mojokerto,P,D3,212,666.0,175.78448165656343,206.98533402856086,190.69798179667615,193.84269456762664,210.4577060482052,187.9061858841298,208.6599839575236
1140,Prov. Jawa Timur,Kab. Mojokerto,P,Profesi,499,634.0,167.33838043582764,986.2515973700912,770.7116366688637,731.1734913289713,727.6385797956818,740.9416724922974,662.3604599432808
1141,Prov. Jawa Timur,Kab. Mojokerto,P,S1,1285,6222.0,1642.2388061068134,1169.48268971662,1146.9773770590227,1153.4412309288743,1249.0543371066065,1144.697634854839,1073.4459451361988
1142,Prov. Jawa Timur,Kab. Mojokerto,P,S2,170,447.0,117.98147642715293,187.65309765128114,178.70664193148923,179.1429138419839,150.5680937834338,98.92840090168471,123.83161000650794
1143,Prov. Jawa Timur,Kab. Mojokerto,P,S3,2,21.0,5.5427539261078556,4.335354778072723,4.320635733925011,5.600181499718619,5.159494813664532,4.546966962050964,3.3766062170775477
1144,Prov. Jawa Timur,Kab. Nganjuk,L,D3,4,23.0,6.070635252403842,6.862208331554066,5.771425295837202,5.832375528333608,6.511953923679656,4.836713024762233,4.432860586394204
1145,Prov. Jawa Timur,Kab. Nganjuk,L,Profesi,28,30.0,7.918219894439794,45.13255540579338,32.10697218919344,30.307658834650603,23.290335339863688,13.941836714892672,17.023485896500897
1146,Prov. Jawa Timur,Kab. Nganjuk,L,S1,422,2380.0,628.1787782922237,399.78329723004526,367.7307334688459,364.6521309394579,372.1169011530949,463.6501749768249,386.00783453778104
1147,Prov. Jawa Timur,Kab. Nganjuk,L,S2,44,179.0,47.24537870349077,54.867505188374125,52.88921113773026,51.08681567703468,49.4920962539445,54.97388150245954,62.346697043959196
1148,Prov. Jawa Timur,Kab. Nganjuk,P,D3,59,169.0,44.60597207201084,54.558148960384415,47.570969317320404,48.99356817984172,52.1476443322287,40.971385421250034,43.57411618536855
1149,Prov. Jawa Timur,Kab. Nganjuk,P,Profesi,63,64.0,16.89220244147156,116.75807123393697,82.48569718833899,80.39343574366613,50.33525183067535,30.104063691423935,32.946919003049146
1150,Prov. Jawa Timur,Kab. Nganjuk,P,S1,670,3260.0,860.4465618624577,642.8515464768172,594.4411271376465,606.4157063206915,645.060597911119,505.2538061307802,544.6273275812661
1151,Prov. Jawa Timur,Kab. Nganjuk,P,S2,30,121.0,31.93682024090717,40.324752122274454,40.225279595270514,39.6199481192721,36.02565439409318,42.812390218705424,45.04736538416674
1152,Prov. Jawa Timur,Kab. Ngawi,L,D3,28,61.0,16.100380452027583,18.204417127456153,15.33094506015287,15.312687274864006,18.53999669670856,19.946292267759112,18.221492615878773
1153,Prov. Jawa Timur,Kab. Ngawi,L,S1,195,2225.0,587.2679755042848,344.13994224207346,327.02540860034134,317.4999556057117,298.08728037445104,330.62323584897143,292.79100543143886
1154,Prov. Jawa Timur,Kab. Ngawi,P,D3,70,197.0,51.99631064015465,66.36132172717029,57.02164886842873,58.32498607495236,71.63534108209916,48.34317969859182,45.977666596001605
1155,Prov. Jawa Timur,Kab. Ngawi,P,S1,316,2414.0,637.1527608392554,397.9921618529253,394.3109769392174,389.48677909752513,357.5471960242105,419.75785255967986,424.0093556580046
1156,Prov. Jawa Timur,Kab. Pacitan,L,D2,48,146.0,38.535336819607,50.96941423468751,43.260400294898155,36.03095942653494,32.651821876610896,26.643174976330613,19.98972451233133
1157,Prov. Jawa Timur,Kab. Pacitan,L,S1,175,1404.0,370.57269105978236,259.37940338273387,234.7642689429724,231.60340735827094,221.53461389359762,204.96738893747144,165.42123794471468
1158,Prov. Jawa Timur,Kab. Pacitan,P,D2,21,38.0,10.02974519962374,16.861410126220754,13.962165192339326,12.071434174098302,9.73518829010427,10.5611436248474,15.085712274509708
1159,Prov. Jawa Timur,Kab. Pacitan,P,S1,340,1687.0,445.2678987306644,348.93294354359307,323.1353315434282,326.55591869179887,309.6194257800923,283.6651165967151,279.40387334087995
1160,Prov. Jawa Timur,Kab. Pamekasan,L,D3,7,31.0,8.182160557587787,7.034814058517952,6.9866713248952,6.711542693545549,6.72327244810049,8.307426174329535,6.8175716944821865
1161,Prov. Jawa Timur,Kab. Pamekasan,L,S1,1334,11155.0,2944.2580974158636,1627.839410615967,1681.5787621345476,1609.485041005535,1525.3450713338714,1649.3825212344957,1642.712011718766
1162,Prov. Jawa Timur,Kab. Pamekasan,L,S2,20,310.0,81.82160557587787,112.13338503707371,108.14279362012489,104.40417005963369,101.41648617544425,90.96278482270911,89.30881251730187
1163,Prov. Jawa Timur,Kab. Pamekasan,P,D3,92,304.0,80.23796159698992,99.07307031312374,91.67183525277538,92.69726601238709,96.64910425263118,70.75367708431148,99.78802510527304
1164,Prov. Jawa Timur,Kab. Pamekasan,P,Profesi,1,167.0,44.07809074571485,311.98400936047807,232.63888786972768,222.98022435253733,173.12391687147831,207.54090217879076,229.3035989113433
1165,Prov. Jawa Timur,Kab. Pamekasan,P,S1,968,8364.0,2207.5997065698148,1576.8537449541427,1579.4450544020604,1572.1544845601081,1738.1344838646944,1298.0168006662234,1297.1021217127457
1166,Prov. Jawa Timur,Kab. Pamekasan,P,S2,4,153.0,40.38292146164295,63.776570399281994,62.267582579555736,61.70808271428571,53.682122155907514,43.55998226791669,49.25086797708808
1167,Prov. Jawa Timur,Kab. Pasuruan,L,D3,70,125.0,32.99258289349914,32.136712989757875,28.830402188693586,28.963148138156242,32.52104612747711,39.09059098533789,42.37555232167663
1168,Prov. Jawa Timur,Kab. Pasuruan,L,D4,5,31.0,8.182160557587787,3.923253156644267,4.342477843250035,4.388833495638505,5.358398579803701,5.5167125787101305,4.958028935795185
1169,Prov. Jawa Timur,Kab. Pasuruan,L,S1,1859,8096.0,2136.8636088461526,1385.7031120605911,1270.2459833259704,1302.5124222926813,1273.4327315882826,1271.2278012705945,1229.92413880128
1170,Prov. Jawa Timur,Kab. Pasuruan,L,S2,156,582.0,153.613465952132,223.0505693703375,199.2860211775008,199.67190570762378,168.00930388663173,148.64417497927,148.12671924925777
1171,Prov. Jawa Timur,Kab. Pasuruan,L,S3,9,138.0,36.42381151442305,25.97914703535833,24.300879611464854,31.477589546711876,26.833247414068456,25.399745451600406,18.258958470107515
1172,Prov. Jawa Timur,Kab. Pasuruan,P,D3,150,341.0,90.00376613346566,95.63492345038496,88.67380685098333,90.87171712208425,104.95605212209543,90.29066412320005,91.56574019706446
1173,Prov. Jawa Timur,Kab. Pasuruan,P,D4,27,114.0,30.089235598871216,19.337334456837997,20.467551174336304,21.603864872586964,27.102654218042353,21.734436690249193,17.167835177159496
1174,Prov. Jawa Timur,Kab. Pasuruan,P,S1,1457,6778.0,1788.9898148170976,1303.9107508154157,1220.0185173749492,1287.2651845091502,1289.0271875128483,1276.4692648298792,1160.2638383244553
1175,Prov. Jawa Timur,Kab. Pasuruan,P,S2,25,244.0,64.40152180811033,102.50770579874342,94.48463802430173,96.62317473019132,70.8233954541844,74.26208597597268,65.32143574841417
1176,Prov. Jawa Timur,Kab. Pasuruan,P,S3,4,21.0,5.5427539261078556,4.2989951755230305,4.161119875015662,5.496315633526933,4.778530043642128,3.751357891062891,3.0645283813764297
1177,Prov. Jawa Timur,Kab. Ponorogo,L,D3,21,111.0,29.297413609427238,29.980022197411948,26.128620775551543,26.126852431947075,21.854672466732882,35.08407049071295,33.535502168642374
1178,Prov. Jawa Timur,Kab. Ponorogo,L,D4,11,112.0,29.56135427257523,23.861320436231125,21.475493184809483,22.799233857704454,34.101118891147195,27.056432852589523,16.169757499837754
1179,Prov. Jawa Timur,Kab. Ponorogo,L,Profesi,64,84.0,22.171015704431422,115.05045821586282,84.63148342789681,79.09973766131486,74.85097028826443,139.69600337183294,262.5037963358908
1180,Prov. Jawa Timur,Kab. Ponorogo,L,S1,1066,10168.0,2683.748662888794,1706.3970079345497,1567.0344355158861,1555.1612514890369,1598.741936080805,1691.0367276252737,1375.1923586142018
1181,Prov. Jawa Timur,Kab. Ponorogo,L,S2,110,486.0,128.27516228992465,187.00409522048378,165.11552375841072,163.81561875068692,172.62419882907028,140.76384917192718,129.2392004503663
1182,Prov. Jawa Timur,Kab. Ponorogo,L,S3,4,34.0,8.973982547031767,6.079128745254667,5.738565724437914,7.31400537956686,4.972261144285926,5.562168603350608,4.390839589649649
1183,Prov. Jawa Timur,Kab. Ponorogo,P,D3,116,507.0,133.81791621603253,158.26891431621814,139.47020315882517,143.28026760026617,90.8858111813755,145.83251159204337,146.24354107223624
1184,Prov. Jawa Timur,Kab. Ponorogo,P,Profesi,130,177.0,46.71749737719478,257.779816174478,197.88486728099946,188.1159573285707,158.67661433908467,196.7372397854489,265.8399495201547
1185,Prov. Jawa Timur,Kab. Ponorogo,P,S1,1668,14610.0,3856.1730885921797,2993.567325300307,2723.0676917159763,2792.311768730551,2866.601629433554,3103.0800248285723,2788.409305762815
1186,Prov. Jawa Timur,Kab. Ponorogo,P,S2,111,497.0,131.1785095845526,214.3285202189989,193.6050304580856,196.54550472869948,227.13307596976057,147.72954804911987,149.85809072369787
1187,Prov. Jawa Timur,Kab. Ponorogo,P,S3,1,16.0,4.22305061036789,3.4864737005914526,3.2622213185728643,4.295380240735319,4.724919102902859,3.2183621786418954,2.165456634223734
1188,Prov. Jawa Timur,Kab. Probolinggo,L,D3,43,162.0,42.75838742997489,45.14553368853354,41.24344571825383,40.67601354723035,43.11533261491355,30.56236239248481,31.705624523916704
1189,Prov. Jawa Timur,Kab. Probolinggo,L,Profesi,77,111.0,29.297413609427238,160.1427734083824,123.09130295594053,111.49604922537151,104.66171657847606,84.74853542236933,97.84970164268042
1190,Prov. Jawa Timur,Kab. Probolinggo,L,S1,966,6738.0,1778.4321882911777,923.3370268908227,975.2112110238077,911.7144254907807,719.0070370154754,710.1013395688659,785.8249191596575
1191,Prov. Jawa Timur,Kab. Probolinggo,L,S2,58,176.0,46.45355671404679,58.26782253827077,58.02350727931863,54.515889446355295,62.749086225894175,62.218951855761446,65.82733573253971
1192,Prov. Jawa Timur,Kab. Probolinggo,P,D3,54,212.0,55.95542058737455,58.4024265273302,57.40823943768685,56.36196839654938,54.66354189847654,37.98610457473407,49.968484857625825
1193,Prov. Jawa Timur,Kab. Probolinggo,P,Profesi,227,265.0,69.94427573421818,456.53709449239926,350.5128965555314,327.2356256201997,410.3034719802549,255.1732484122823,243.91878269794833
1194,Prov. Jawa Timur,Kab. Probolinggo,P,S1,1531,7447.0,1965.5661184631049,1317.1176043540781,1349.3252177455793,1311.912510938649,1236.1067388316526,1227.255691248606,1299.40148582691
1195,Prov. Jawa Timur,Kab. Probolinggo,P,S2,60,132.0,34.840167535535095,51.77033919497451,51.64971250442015,49.970865639498086,55.73074541817948,45.66897180952305,44.840037404066024
1196,Prov. Jawa Timur,Kab. Sampang,L,D3,132,439.0,115.86995112196898,128.50548771051683,107.80285185153862,109.21362139378647,106.29767714464228,104.27815319374567,94.63301195213988
1197,Prov. Jawa Timur,Kab. Sampang,L,Profesi,6,8.0,2.111525305183945,13.672212019993648,9.17939178367864,8.833289644430895,5.17565601470771,5.30596779016898,5.955773884128524
1198,Prov. Jawa Timur,Kab. Sampang,L,S1,297,2216.0,584.8925095359527,355.8444431219322,329.69404210945214,326.7802722064226,265.77586294779684,389.94951324202583,341.81969733402275
1199,Prov. Jawa Timur,Kab. Sampang,P,D3,435,852.0,224.87744500209016,215.55187001725199,204.05586085461928,205.3450064804525,168.32320100393056,158.876985672233,164.28265319394552
1200,Prov. Jawa Timur,Kab. Sampang,P,Profesi,12,19.0,5.01487259981187,35.31053192954396,24.5315813936675,24.072216101780466,12.318036667156923,12.997201407837107,12.166969063195898
1201,Prov. Jawa Timur,Kab. Sampang,P,S1,167,1501.0,396.1749353851377,277.9174288469826,260.62209585805965,265.1820338816666,237.72508243529165,296.9534387411866,241.19961625705855
1202,Prov. Jawa Timur,Kab. Sidoarjo,L,D3,192,576.0,152.02982197324405,159.32928354515326,144.20378490462363,143.51829351495684,147.91372567404045,154.9455805233392,149.67684697166558
1203,Prov. Jawa Timur,Kab. Sidoarjo,L,D4,16,128.0,33.78440488294312,20.111834258184548,21.27702802229568,21.65508531431406,18.84607397010153,19.943700355344102,18.13749979543945
1204,Prov. Jawa Timur,Kab. Sidoarjo,L,S1,1716,10356.0,2733.369507560617,1541.5671379953392,1551.903847829854,1508.7906942857453,1464.0283675097385,1649.5630014790465,1478.7734637920494
1205,Prov. Jawa Timur,Kab. Sidoarjo,L,S2,298,951.0,251.00757065374148,266.9588073300469,278.2092224428356,264.28470354610647,296.4742584846841,271.2966372572706,310.290721780407
1206,Prov. Jawa Timur,Kab. Sidoarjo,P,D3,294,968.0,255.49456192725737,288.2941032403407,271.0136833597185,274.73308146801367,279.9980442548692,245.43502340138772,244.97229562774166
1207,Prov. Jawa Timur,Kab. Sidoarjo,P,D4,82,450.0,118.77329841659692,88.60369971590103,91.94163868197599,96.97925244041527,89.90204646318521,76.01637674038507,76.37180869404557
1208,Prov. Jawa Timur,Kab. Sidoarjo,P,Profesi,10,22.0,5.806694589255849,36.84462542628888,28.11562086041026,26.95674878431932,31.343072621450553,12.886460866790754,13.943311815436072
1209,Prov. Jawa Timur,Kab. Sidoarjo,P,S1,2241,10740.0,2834.722722209446,2008.6523271009528,1981.0430382724123,1998.3846307676108,1993.2199658277914,2090.1875265796734,1813.3475670910827
1210,Prov. Jawa Timur,Kab. Sidoarjo,P,S2,222,522.0,137.77702616325243,181.41553838304785,186.28886127751818,183.14899225321804,193.6525798177171,174.09356005976463,183.0802143212792
1211,Prov. Jawa Timur,Kab. Situbondo,L,D3,18,109.0,28.76953228313125,19.02486422081976,21.202266429107294,19.10136900921857,18.836070740783835,20.03741134590848,17.85935790189454
1212,Prov. Jawa Timur,Kab. Situbondo,L,S1,679,5007.0,1321.5509003820016,671.596935319096,727.6743031100951,667.3876601314473,611.0260400382986,593.5841069445142,572.161161949975
1213,Prov. Jawa Timur,Kab. Situbondo,L,S2,49,111.0,29.297413609427238,36.973556816532955,37.384293266418894,34.55181360262861,37.89298727626311,40.95627161552649,39.75250905693881
1214,Prov. Jawa Timur,Kab. Situbondo,P,Profesi,18,24.0,6.334575915551835,45.76098391224312,34.41294181022397,31.949935705829958,48.48833121196514,15.632424190228296,17.066145931340042
1215,Prov. Jawa Timur,Kab. Situbondo,P,S1,1026,5874.0,1550.3874553313117,1029.4195287442328,1076.5963283789843,1029.5069232141736,915.4113015633264,947.969830346557,897.463203502287
1216,Prov. Jawa Timur,Kab. Situbondo,P,S2,61,111.0,29.297413609427238,46.77336512712038,46.221785389588966,44.32160509481564,47.73647592194085,37.84896339279979,37.010336329915674
1217,Prov. Jawa Timur,Kab. Sumenep,L,D3,4,18.0,4.750931936663877,5.6432476587952225,4.58402011136236,4.7220398129041055,3.6523688673626413,6.398819688455256,6.338196150492767
1218,Prov. Jawa Timur,Kab. Sumenep,L,Profesi,52,68.0,17.947965094063534,66.65732921196741,54.850556656812515,49.974407998693295,36.6111481519078,34.58099297546477,39.87338088198093
1219,Prov. Jawa Timur,Kab. Sumenep,L,S1,1417,9572.0,2526.4400276525903,1437.932749881584,1357.5923514753692,1347.2442019912385,1328.9132751955076,1212.7876899574276,1181.799719833033
1220,Prov. Jawa Timur,Kab. Sumenep,L,S2,107,220.0,58.06694589255849,78.863265407775,70.51608826772802,70.28434247431652,74.75028066711594,70.79542959352955,76.79824068241983
1221,Prov. Jawa Timur,Kab. Sumenep,P,D3,6,84.0,22.171015704431422,23.811757677821046,21.458566231216746,22.070450058531556,22.83144007266721,26.523870844951844,28.266227203893095
1222,Prov. Jawa Timur,Kab. Sumenep,P,Profesi,257,274.0,72.31974170255012,444.03864040873134,322.8073440395187,314.61007578387444,259.6739801214927,207.86196887127957,226.98038933510915
1223,Prov. Jawa Timur,Kab. Sumenep,P,S1,1855,9628.0,2541.220704788878,1736.3600779619976,1634.1466111434218,1672.6530793484917,1810.33206290916,1344.362173543294,1285.9629962106756
1224,Prov. Jawa Timur,Kab. Sumenep,P,S2,58,139.0,36.68775217757105,57.208667943891136,51.858251836816194,53.035308548206686,49.27453218683657,39.78473151788407,42.421604171610255
1225,Prov. Jawa Timur,Kab. Trenggalek,L,S1,106,917.0,242.03358810670971,141.96941423962934,127.06425930676896,124.3371763671864,152.77962175150404,146.8263574906268,146.85624889484762
1226,Prov. Jawa Timur,Kab. Trenggalek,P,S1,185,1128.0,297.72506803093626,204.67135436014746,184.21693962611153,185.63555099804785,259.579451161546,266.88603305756163,269.4504621174992
1227,Prov. Jawa Timur,Kab. Tuban,L,D3,12,137.0,36.15987085127506,24.46638155482932,25.577572742430775,23.816542924359972,21.67603706006878,26.084724896222752,24.183677565825214
1228,Prov. Jawa Timur,Kab. Tuban,L,Profesi,398,395.0,104.25656194345729,662.3073786503745,463.1843445980156,432.5159156225755,772.7038577045536,453.7449774850039,558.5314869114612
1229,Prov. Jawa Timur,Kab. Tuban,L,S1,349,3434.0,906.3722372502084,551.2819189345311,528.2759859873123,509.18826595611137,517.910384734611,544.7936875367603,519.9521085661562
1230,Prov. Jawa Timur,Kab. Tuban,L,S2,30,87.0,22.962837693875404,31.656888646617872,29.29323762934098,28.192476482786894,27.099897031868586,26.044852944173932,28.593675499929663
1231,Prov. Jawa Timur,Kab. Tuban,P,D3,2,34.0,8.973982547031767,9.080695421618682,8.710226315929367,8.577053404105062,8.167680607340348,11.830521021967979,15.418822520054599
1232,Prov. Jawa Timur,Kab. Tuban,P,Profesi,1665,1807.0,476.9407783084236,3168.4462107822123,2326.9832846084,2205.8926169057795,2736.326611750424,2024.0328019426586,1740.1307109348465
1233,Prov. Jawa Timur,Kab. Tuban,P,S1,863,4932.0,1301.7553506459021,973.1094997613626,921.3604397283599,918.3596519677145,1064.0345904757446,967.9400007198091,974.0062367308215
1234,Prov. Jawa Timur,Kab. Tuban,P,S2,46,89.0,23.49071902017139,37.94272507747188,35.32249237894286,34.96218728530479,35.75524068435565,23.713091459574816,25.981229304626687
1235,Prov. Jawa Timur,Kab. Tulungagung,L,D3,13,57.0,15.044617799435608,16.873692043991372,14.616573649223417,14.589398360147808,16.46591162317359,17.480551872434734,17.808331167343916
1236,Prov. Jawa Timur,Kab. Tulungagung,L,Profesi,491,245.0,64.66546247125832,285.49754102786716,229.67220571524516,208.16524866621256,181.47909596779456,231.9190240203756,247.69637116137588
1237,Prov. Jawa Timur,Kab. Tulungagung,L,S1,1908,9395.0,2479.7225302753955,1589.525102728065,1496.9521205116437,1470.4273664590473,1360.4000881064856,1504.3896155650214,1292.642733874558
1238,Prov. Jawa Timur,Kab. Tulungagung,L,S2,220,497.0,131.1785095845526,155.40433125642875,152.6812096119803,146.1277182032771,162.53410992833392,142.49360557853444,133.94790246351081
1239,Prov. Jawa Timur,Kab. Tulungagung,L,S3,64,240.0,63.34575915551835,33.70557131497169,35.860884081564194,43.92038479834315,38.95669066444709,41.414199649383434,32.98121977178412
1240,Prov. Jawa Timur,Kab. Tulungagung,P,D3,87,194.0,51.204488650710665,63.97203975025971,56.82346141554957,57.9956263460222,60.618864594207416,37.697912851637966,47.154419338069836
1241,Prov. Jawa Timur,Kab. Tulungagung,P,D4,6,29.0,7.654279231291801,5.720827584945188,5.824814114595441,6.1155909063111995,6.195873518660654,9.777834048044864,8.807791225453293
1242,Prov. Jawa Timur,Kab. Tulungagung,P,Profesi,1345,326.0,86.04465618624576,429.43735364049235,352.2860301038538,327.0402188043852,236.05162002771218,216.2835181221594,244.5819626267087
1243,Prov. Jawa Timur,Kab. Tulungagung,P,S1,4669,18949.0,5001.411625991322,3857.1570762483366,3618.08880777786,3666.331672422767,3424.127219081068,3478.667140627187,3491.439431532948
1244,Prov. Jawa Timur,Kab. Tulungagung,P,S2,299,585.0,154.40528794157598,222.21998314565434,216.66695935570533,214.14993759527408,224.19516943891455,194.38099217036878,207.17985669347917
1245,Prov. Jawa Timur,Kab. Tulungagung,P,S3,23,102.0,26.9219476410953,15.562521582033805,17.139616713080482,21.403317508085962,18.554126261017764,15.34505115785246,14.013313749152998
1246,Prov. Jawa Timur,Kota Batu,L,D4,60,379.0,100.0335113330894,77.57056869876382,67.06456420798285,70.27743161907716,101.48243145837235,48.58045271980893,33.46564861112656
1247,Prov. Jawa Timur,Kota Batu,L,S1,87,161.0,42.4944467668269,27.64260248435162,23.813505296477583,23.49302548968128,36.277704020155504,19.7123335175291,17.845560146255984
1248,Prov. Jawa Timur,Kota Batu,L,S2,20,111.0,29.297413609427238,24.924580923296446,25.515951985836438,23.604587414143296,35.499437114200376,21.60203114669217,23.54230784917487
1249,Prov. Jawa Timur,Kota Batu,L,S2 Terapan,208,208.0,54.899657934782574,80.62311721748077,63.67830299775576,59.65827304460333,83.14439855496322,38.61773512685576,40.45538897643982
1250,Prov. Jawa Timur,Kota Batu,P,S1,65,172.0,45.39779406145482,32.42780712681024,28.80117658942077,29.006241871919187,46.11342981927213,25.334708551338878,26.654348134886565
1251,Prov. Jawa Timur,Kota Batu,P,S2,10,49.0,12.933092494251664,14.250169886901247,14.1318953700868,13.599989014230866,17.477195003433376,12.863282279423647,12.812476872855445
1252,Prov. Jawa Timur,Kota Batu,P,S2 Terapan,2,2.0,0.5278813262959863,0.8430010351538275,0.6889792887049115,0.6582143200140718,0.8442812922916403,3.3226292208080843,3.4183464312598844
1253,Prov. Jawa Timur,Kota Blitar,L,D2,48,96.0,25.33830366220734,44.51103416073225,35.001770948890105,29.672464969627725,30.752069764864405,27.573197100538277,30.43973321363447
1254,Prov. Jawa Timur,Kota Blitar,L,Profesi,13,18.0,4.750931936663877,23.669753692875258,18.704284439476787,16.587595020604613,11.139588941417651,7.5120699529293855,6.010540399798492
1255,Prov. Jawa Timur,Kota Blitar,L,S1,1081,4046.0,1067.9039230967803,507.546304646007,550.2110185600327,503.87215252479825,445.3610463286999,524.0093951769062,468.9811864183316
1256,Prov. Jawa Timur,Kota Blitar,P,D2,71,168.0,44.342031408862844,85.85223304604652,69.50478095989716,60.17661754411128,89.94287805496214,37.56581891246554,32.9597976227558
1257,Prov. Jawa Timur,Kota Blitar,P,Profesi,32,45.0,11.87732984165969,78.66943343946019,59.63007588294982,55.176989116771985,48.60154155876784,30.367417715858316,26.864939138739846
1258,Prov. Jawa Timur,Kota Blitar,P,S1,1087,4765.0,1257.6772599001872,808.2960786641097,835.0712799921221,799.6825896279958,800.4289589984018,770.8330810924601,811.1871758322816
1259,Prov. Jawa Timur,Kota Kediri,L,D3,104,522.0,137.77702616325243,131.70226183072313,124.0847247016025,122.30714433077505,126.11702373820296,131.89163932707993,135.60251457414128
1260,Prov. Jawa Timur,Kota Kediri,L,D4,37,109.0,28.76953228313125,20.013344378984566,20.056505943714445,20.871302808955527,16.171953721452507,18.793977292214997,17.420033125496563
1261,Prov. Jawa Timur,Kota Kediri,L,Profesi,1495,1754.0,462.95192316157994,2564.468051025958,1939.162294460262,1814.0064337528513,1423.486576831037,1442.6350102305169,1525.5970768796592
1262,Prov. Jawa Timur,Kota Kediri,L,S1,2109,14046.0,3707.3105545767116,2144.708648783276,2150.1211626226896,2098.3842090589187,2186.125134348295,2117.2066645063633,2018.3888938886485
1263,Prov. Jawa Timur,Kota Kediri,L,S2,451,1075.0,283.7362128840926,331.4925047902663,335.25154817619216,322.1795559799608,380.27467109689087,314.4857817029037,384.7104172136439
1264,Prov. Jawa Timur,Kota Kediri,L,S3,6,59.0,15.572499125731595,10.795734344395392,10.643915632066754,13.512703123457882,12.943026106605611,8.662832081919701,6.451111246567001
1265,Prov. Jawa Timur,Kota Kediri,P,D3,405,1138.0,300.36447466241617,335.8919740382786,318.5631501522393,322.87590708882936,340.08412621014986,298.46426038946356,319.19088399583376
1266,Prov. Jawa Timur,Kota Kediri,P,D4,66,237.0,62.55393716607438,51.182845291568185,51.55864524095824,55.063786434213476,52.9151729852372,52.827022933804486,53.05641137808
1267,Prov. Jawa Timur,Kota Kediri,P,Profesi,4118,5221.0,1378.0342022956722,8260.063829849356,6475.211710618464,6173.2828859689835,4072.5391716064405,3407.726731606392,4872.85939454883
1268,Prov. Jawa Timur,Kota Kediri,P,S1,3833,16472.0,4347.630603373743,3119.1234462838443,3078.867522360836,3111.7895311139587,3151.981879677761,2811.3756584631205,2872.511400430592
1269,Prov. Jawa Timur,Kota Kediri,P,S2,373,831.0,219.3346910759823,298.5607768964915,304.4163128129016,300.67667571841423,317.0673465990934,226.92733548499805,246.48242797858492
1270,Prov. Jawa Timur,Kota Kediri,P,S3,3,53.0,13.988855146843637,10.215582054282768,10.548044480791102,13.605570319587587,9.797270545839238,7.318890395806731,6.089828091964947
1271,Prov. Jawa Timur,Kota Madiun,L,D3,412,1510.0,398.5504013534696,458.4779634508921,415.51865682084076,406.09709764059556,352.744546179489,329.45808201257273,351.38153751315946
1272,Prov. Jawa Timur,Kota Madiun,L,D4,122,941.0,248.36816402226154,187.89987728070687,188.41349011750313,191.20812656906463,182.43296358572584,203.81370699059013,179.62336942487224
1273,Prov. Jawa Timur,Kota Madiun,L,Profesi,1104,1132.0,298.7808306835282,1707.7709040649506,1319.3517084319224,1191.0928727431974,1472.0389616165464,1109.145982249924,1180.663087883623
1274,Prov. Jawa Timur,Kota Madiun,L,S1,596,3875.0,1022.7700696984734,576.0348726346476,602.6349882067778,565.7006889623576,552.7601566293812,628.8360843358546,563.3760651698734
1275,Prov. Jawa Timur,Kota Madiun,L,S2,90,238.0,62.81787782922237,94.68696407317516,89.92556368581104,85.5567230897968,60.506898270607614,66.67372780844225,72.22272562777658
1276,Prov. Jawa Timur,Kota Madiun,P,D3,516,1633.0,431.0151029206728,517.1680935099905,492.4979122705463,489.34206013953485,478.0716966635927,331.5366688984423,357.8126441065947
1277,Prov. Jawa Timur,Kota Madiun,P,D4,73,605.0,159.68410120453584,132.63539814809917,137.11841531027807,142.08509688486882,149.9707259038309,116.5886046999838,113.30430694662327
1278,Prov. Jawa Timur,Kota Madiun,P,Profesi,3687,3782.0,998.22358802571,6010.478670366865,4862.8750799620775,4460.505883508269,4158.608236558192,3876.9697700140055,4382.976313364222
1279,Prov. Jawa Timur,Kota Madiun,P,S1,1159,5229.0,1380.1457276008562,1014.8937194153891,1025.3676309020705,1002.4248402321806,990.6536515099547,910.3559553820023,971.5861473421861
1280,Prov. Jawa Timur,Kota Madiun,P,S2,191,479.0,126.42757764788871,207.23608225117164,203.65681253476592,197.58481532153658,131.95059847331086,110.19028849359842,134.84254807316825
1281,Prov. Jawa Timur,Kota Malang,L,D2,6,16.0,4.22305061036789,7.498773621693878,6.165055896310821,5.463540595300545,5.939929286303343,5.3914648777096605,7.995793603313868
1282,Prov. Jawa Timur,Kota Malang,L,D3,1699,6280.0,1657.547364569397,1699.6385421990421,1639.0430011831957,1651.6674467496568,1762.4003955669007,1702.0783451160469,1810.0243976243162
1283,Prov. Jawa Timur,Kota Malang,L,D4,1598,9018.0,2380.2169002686023,1703.7639132296108,1775.946571977038,1877.5061346564526,1849.4193858050928,1829.2565149993243,1592.6400198369079
1284,Prov. Jawa Timur,Kota Malang,L,Profesi,19473,14066.0,3712.5893678396715,21200.140872149997,16703.816409229796,15709.599783545518,12811.877062263344,12675.276048276144,13464.068689783831
1285,Prov. Jawa Timur,Kota Malang,L,S1,19685,101552.0,26803.702224005,16665.450174604295,17112.190191901413,16975.961171792078,17604.35439180238,16472.462951338755,16965.731552819456
1286,Prov. Jawa Timur,Kota Malang,L,S2,2425,7536.0,1989.0568374832762,2430.4613590859035,2547.270885311416,2465.1573022335624,2317.7042347816637,2334.2595441146923,2668.319017903214
1287,Prov. Jawa Timur,Kota Malang,L,S2 Terapan,23,57.0,15.044617799435608,18.983952700174697,18.634813513430203,17.222757307466313,13.005562542933578,13.783367096721923,15.915148284250732
1288,Prov. Jawa Timur,Kota Malang,L,S3,591,3495.0,922.472617702236,544.5500791043197,601.2755255957908,750.8572584717002,492.34290080672815,776.776080273171,601.9954755889202
1289,Prov. Jawa Timur,Kota Malang,L,Sp-1,111,467.0,123.2602896901128,92.04269580283226,108.49639676869435,140.6160155329784,115.26464031757595,96.21437853480016,104.40572802124146
1290,Prov. Jawa Timur,Kota Malang,P,D3,3025,9349.0,2467.5812597705876,2918.016687616081,2850.254147380521,2938.4365294841045,2943.5672848492354,2343.3370129040995,2824.3141550611176
1291,Prov. Jawa Timur,Kota Malang,P,D4,1818,8433.0,2225.811612327026,1799.9868981119603,1915.2044551992412,2066.7479291449486,1911.8728507366097,1799.803475788739,1836.1037562472964
1292,Prov. Jawa Timur,Kota Malang,P,Profesi,45652,32130.0,8480.41350694502,54236.960604826665,43730.30187366624,42080.17963459742,30893.959619868514,17078.10148740127,23876.935600395052
1293,Prov. Jawa Timur,Kota Malang,P,S1,26542,120553.0,31818.838764480017,23608.165329284195,24212.097272473122,24787.71507982251,25391.507190975113,21465.2907893834,22889.040845265707
1294,Prov. Jawa Timur,Kota Malang,P,S2,2820,7468.0,1971.1088723892128,2822.0994112989656,2975.5622848675857,2961.6323524080226,2656.9590559985727,2394.833352989102,2803.423493849403
1295,Prov. Jawa Timur,Kota Malang,P,S2 Terapan,17,24.0,6.334575915551835,9.652650506624726,9.424365882550958,8.989000147564333,6.338048722891741,7.330552338084541,7.667314516881647
1296,Prov. Jawa Timur,Kota Malang,P,S3,450,2177.0,574.5988236731811,409.9731458199595,450.10496660506874,580.1268990188812,340.2672645320411,432.04569318623174,386.8731425969309
1297,Prov. Jawa Timur,Kota Malang,P,Sp-1,110,436.0,115.078129132525,91.76339079905215,112.69889170540776,148.63452589798808,115.03174951366688,83.4908470162964,90.78869177767392
1298,Prov. Jawa Timur,Kota Mojokerto,L,D3,15,54.0,14.25279580999163,12.13182055634003,11.063216591039648,10.58215654211958,10.937327188910439,10.702511051095401,10.091543311033512
1299,Prov. Jawa Timur,Kota Mojokerto,L,S1,274,1484.0,391.6879441116218,218.07322904529624,205.52616225585402,196.2388903610104,185.72487193759858,160.29540959923483,151.9642290589082
1300,Prov. Jawa Timur,Kota Mojokerto,L,S2,6,25.0,6.5985165786998285,5.654037116462386,5.955013063915156,5.431816959917555,5.993098751081387,5.897196815499587,6.260480488450963
1301,Prov. Jawa Timur,Kota Mojokerto,P,D3,14,71.0,18.73978708350751,13.623063411389507,14.082192980471246,13.361676161195124,13.266615813729794,12.55434907946838,11.989147776262579
1302,Prov. Jawa Timur,Kota Mojokerto,P,S1,324,1354.0,357.3756579023827,234.97129238566365,222.1292481173192,218.322167392186,205.1642114359877,223.8134803715311,224.8612417928486
1303,Prov. Jawa Timur,Kota Mojokerto,P,S2,3,7.0,1.8475846420359519,2.527102447114826,2.3827696697790626,2.3156238452827087,2.3709532329291667,2.401492572414626,2.6532435804956713
1304,Prov. Jawa Timur,Kota Pasuruan,L,S1,278,1759.0,464.27162647731996,253.0974208430419,265.3364807962106,241.68867626839878,286.41470338403,218.03858292624548,199.0270380593049
1305,Prov. Jawa Timur,Kota Pasuruan,L,S2,2,11.0,2.9033472946279244,2.792547724182699,3.1093096760752266,2.740380706248451,2.819468986163635,3.913809092862288,3.5295667149439334
1306,Prov. Jawa Timur,Kota Pasuruan,P,S1,406,2059.0,543.4538254217179,364.9009841482256,377.5104846787113,356.3309675396464,375.69811032279307,306.8531276654249,309.6966045717741
1307,Prov. Jawa Timur,Kota Pasuruan,P,S2,5,28.0,7.390338568143807,8.548383044183607,9.481910884095447,8.620216556031098,9.489466041144578,7.680699896821052,8.078659007807289
1308,Prov. Jawa Timur,Kota Probolinggo,L,S1,51,308.0,81.29372424958189,62.54183523737399,50.35675731533857,49.53866154271572,60.37259183280835,47.722353012860246,40.40677604012411
1309,Prov. Jawa Timur,Kota Probolinggo,P,S1,54,204.0,53.8438952821906,45.045554101161486,37.5305762119682,37.64902274382362,39.47223116533146,37.69113144847562,38.302456009671154
1310,Prov. Jawa Timur,Kota Surabaya,L,D2,8,27.0,7.126397904995815,7.786129171085517,7.441899842870915,6.502825628720508,5.801537340438834,8.605283471239428,11.055255082885768
1311,Prov. Jawa Timur,Kota Surabaya,L,D3,1504,6029.0,1591.2982581192507,1720.0387381423775,1576.5080236967128,1653.5536343766012,1616.3572637604925,1638.721111468173,1701.2557259014443
1312,Prov. Jawa Timur,Kota Surabaya,L,D4,2405,14757.0,3894.9723660749346,2738.175572625747,2782.7625550878824,3053.3425597567257,2483.400918451774,3308.8997872061996,2659.0261823733945
1313,Prov. Jawa Timur,Kota Surabaya,L,Profesi,16693,15638.0,4127.504090308316,14878.345281790102,13497.440573987184,12553.12562721119,14593.056530488479,12368.723793826126,14441.090210419641
1314,Prov. Jawa Timur,Kota Surabaya,L,S1,18337,117728.0,31073.206391086936,18164.358466497444,18440.88721782144,19094.57386166526,19341.576847367673,18670.05463923187,19242.71511224806
1315,Prov. Jawa Timur,Kota Surabaya,L,S2,4542,11969.0,3159.10579721833,3951.450549432649,3973.1353055122454,4018.228713102944,3903.472012679349,3747.18915163674,3886.544338901147
1316,Prov. Jawa Timur,Kota Surabaya,L,S2 Terapan,212,424.0,111.9108411747491,158.88933515695052,144.38628148982565,140.96980306883688,145.57593655540865,90.27229473433427,102.84519887565148
1317,Prov. Jawa Timur,Kota Surabaya,L,S3,555,3274.0,864.1417311465295,529.2636711817275,557.8144750070186,729.0777684873851,491.77033830731597,734.5330563302961,528.1602217571132
1318,Prov. Jawa Timur,Kota Surabaya,L,Sp-1,244,1028.0,271.33100171613694,195.52731990744095,226.09354361142334,304.16852702506634,264.4897876205241,206.46907229096024,211.88414437902318
1319,Prov. Jawa Timur,Kota Surabaya,L,Sp-2,28,92.0,24.282541009615368,29.90262459436166,32.98737533593943,28.222452261874167,16.82303136172249,22.937213246476478,31.953420746988094
1320,Prov. Jawa Timur,Kota Surabaya,P,D3,2229,7933.0,2093.8412807530294,2521.8671123113095,2367.8012244154183,2549.2538403694957,2350.132347455301,2050.5194119431767,2557.508858797066
1321,Prov. Jawa Timur,Kota Surabaya,P,D4,1862,11161.0,2945.8417413947514,2360.444545710894,2436.785638325345,2750.0954166733204,2518.4220173673243,2721.3561436795485,2350.0959148530046
1322,Prov. Jawa Timur,Kota Surabaya,P,Profesi,40104,36594.0,9658.644627237662,39538.175801366524,36513.45681555849,34800.57048376,34337.455573877,17444.876644379114,23853.63795341948
1323,Prov. Jawa Timur,Kota Surabaya,P,S1,27313,146939.0,38783.177102302965,27562.51598127033,27748.915433514136,29733.88478621393,29323.632716080996,23074.87103352732,25927.264756771685
1324,Prov. Jawa Timur,Kota Surabaya,P,S2,4054,9853.0,2600.6073539971762,3753.5033731980916,3818.8638230586757,3965.2126105096577,3223.2774050001144,3207.782153114111,3409.7638199622565
1325,Prov. Jawa Timur,Kota Surabaya,P,S2 Terapan,12,31.0,8.182160557587787,13.063132042700099,12.129193788327743,12.122063933188743,13.804906514604738,10.674899060290096,10.729126894251465
1326,Prov. Jawa Timur,Kota Surabaya,P,S3,414,2288.0,603.8962372826084,442.1988991146373,465.31399750057017,626.9231829855743,342.1816831618203,524.4404131983946,434.12010427228995
1327,Prov. Jawa Timur,Kota Surabaya,P,Sp-1,277,1111.0,293.2380767574204,231.17772705576772,275.98516458638613,378.8720725546088,275.7079197281418,251.0160357795082,265.30692098397117
1328,Prov. Jawa Timur,Kota Surabaya,P,Sp-2,23,66.0,17.420083767767547,24.68564166286922,27.583799944891986,24.22090322027583,13.070751330142523,24.3258797146861,27.81789798491787
1329,Prov. Kalimantan Barat,Kab. Bengkayang,L,D3,14,167.0,44.07809074571485,28.96855247176903,30.72128114297515,27.809764280668894,37.253656308098726,22.2137677101576,20.555456499503595
1330,Prov. Kalimantan Barat,Kab. Bengkayang,L,S1,38,234.0,61.762115176630395,42.27513890929573,38.87473312586305,37.044724804473425,43.12421065250987,55.97791662583748,46.396623862504384
1331,Prov. Kalimantan Barat,Kab. Bengkayang,L,S2,2,10.0,2.6394066314799316,3.111830893251591,3.0648203733980703,2.8261393385564353,3.8342045270512997,4.240761731987014,3.4432453029908165
1332,Prov. Kalimantan Barat,Kab. Bengkayang,P,D3,39,231.0,60.970293187186414,60.96021748783545,58.93518329686013,56.52895422568755,70.5493461756785,59.799578200136246,46.47391809562753
1333,Prov. Kalimantan Barat,Kab. Bengkayang,P,S1,95,413.0,109.00749388012116,83.73216007700773,78.73386808531929,76.78282347759647,91.57244157589786,82.86116100468004,79.980809828061
1334,Prov. Kalimantan Barat,Kab. Bengkayang,P,S2,1,2.0,0.5278813262959863,0.8762996993768914,0.8101098521039931,0.7845685016388088,0.9423530910772692,1.9366192172327787,2.2935266658709232
1335,Prov. Kalimantan Barat,Kab. Kapuas Hulu,L,S1,29,92.0,24.282541009615368,18.827320316770948,15.820570344468939,15.240313525918955,23.399887983763758,20.081379240168378,14.83662379730197
1336,Prov. Kalimantan Barat,Kab. Kapuas Hulu,P,S1,55,149.0,39.32715880905098,33.158037169058694,28.831590582324342,28.32189646687283,35.86987541429089,31.242165786669535,31.955871281244864
1337,Prov. Kalimantan Barat,Kab. Ketapang,L,D3,129,591.0,155.98893192046395,149.72060250174232,149.7911527305283,137.13754164263491,164.91375115589932,121.09759994543325,137.60345160423435
1338,Prov. Kalimantan Barat,Kab. Ketapang,L,D4,36,181.0,47.773260029786755,37.02764395124013,37.9097248762041,36.984668429202095,32.67931468542897,27.33832179301283,26.141512933551073
1339,Prov. Kalimantan Barat,Kab. Ketapang,L,S1,18,188.0,49.62084467182271,26.562681929446132,29.1747545975844,26.15557887188418,23.212397989277786,26.430691911065196,23.41308390887155
1340,Prov. Kalimantan Barat,Kab. Ketapang,P,D3,148,570.0,150.44617799435608,160.3372618823716,164.64982539303796,154.2388619533971,154.2612945685138,121.24318816863176,154.63646372278453
1341,Prov. Kalimantan Barat,Kab. Ketapang,P,D4,68,277.0,73.11156369199409,61.48814092523357,65.19252127916283,64.85179328705877,53.852100267708394,42.943512021036554,35.32364426438092
1342,Prov. Kalimantan Barat,Kab. Ketapang,P,S1,23,281.0,74.16732634458607,44.32287728753717,49.87754960434166,45.73482241150812,39.87036448550937,48.74523947092579,37.68224483095655
1343,Prov. Kalimantan Barat,Kab. Kuburaya,L,S1,171,1894.0,499.903616002299,270.84813056109044,266.7140366123078,253.35382296089654,254.6808330974751,230.3892937930941,255.42351346988698
1344,Prov. Kalimantan Barat,Kab. Kuburaya,P,D3,48,179.0,47.24537870349077,58.035440645901005,50.89863113449008,51.172150713263385,53.30503391560044,37.901531842595325,39.00588557877827
1345,Prov. Kalimantan Barat,Kab. Kuburaya,P,S1,347,2645.0,698.1230540264419,486.7710070369351,465.4628207757953,459.6255474740625,439.338664339716,458.9755261197251,455.8634607443387
1346,Prov. Kalimantan Barat,Kab. Kuburaya,P,S2,1,26.0,6.862457241847822,10.18349922174865,9.629218563362132,9.42615173458976,9.472191206071933,7.699809617780228,8.623728623323696
1347,Prov. Kalimantan Barat,Kab. Landak,L,D3,35,73.0,19.2676684098035,18.037909808333367,14.454344213882546,14.616582325855047,17.763500007388235,16.110387387611976,16.34662774470064
1348,Prov. Kalimantan Barat,Kab. Landak,L,S1,64,658.0,173.6729563513795,98.90307090046258,84.18305900635646,84.27475670563567,101.97486843615773,82.88820101710216,89.60186953668324
1349,Prov. Kalimantan Barat,Kab. Landak,P,D3,230,582.0,153.613465952132,173.43012150166592,138.30082229985524,144.30685534711668,143.8772236085325,98.23078144338366,163.93525086888485
1350,Prov. Kalimantan Barat,Kab. Landak,P,S1,136,873.0,230.420198928198,155.65089677786813,132.66793557373364,136.78323475989683,171.22362441838808,141.88861607098744,145.8820744700415
1351,Prov. Kalimantan Barat,Kab. Melawi,L,S1,56,356.0,93.96287608068556,61.207830305298685,54.92715347807819,51.87027577321774,50.365930454636676,73.12989087273225,72.22137583778492
1352,Prov. Kalimantan Barat,Kab. Melawi,P,S1,191,852.0,224.87744500209016,175.4929654267991,157.1132694667939,152.97860152308743,142.09542345612647,164.33925530185567,164.51252966266767
1353,Prov. Kalimantan Barat,Kab. Pontianak,L,S1,72,291.0,76.806732976066,36.248737257186676,41.61095654389023,36.54745340575736,36.3288549360737,35.57313633176029,27.14530558497643
1354,Prov. Kalimantan Barat,Kab. Pontianak,P,S1,87,325.0,85.78071552309777,52.89828513957998,58.627855121724096,53.622303837190245,47.86661083979312,57.105672724048496,42.672083589981376
1355,Prov. Kalimantan Barat,Kab. Sambas,L,D3,106,440.0,116.13389178511699,112.67782550403386,100.1284001466248,96.12716776824719,101.59970867209597,73.34343462979803,94.02488957746097
1356,Prov. Kalimantan Barat,Kab. Sambas,L,D4,151,707.0,186.60604884563114,119.68248539248069,117.40174353404075,117.27465252015729,125.2335429195878,110.86687747273827,87.1057612946655
1357,Prov. Kalimantan Barat,Kab. Sambas,L,S1,44,451.0,119.03723907974491,67.19330854566618,64.49892660029428,60.98958930088162,74.9655260126365,67.01070880858768,73.34778563293492
1358,Prov. Kalimantan Barat,Kab. Sambas,L,S2,16,100.0,26.394066314799314,30.563075178436268,29.416207218554188,27.45928055677166,36.57949203540426,27.989871915118773,30.45785571237771
1359,Prov. Kalimantan Barat,Kab. Sambas,P,D3,88,297.0,78.39037695495396,82.10697778530078,75.70753265775011,74.05399952406073,76.8482178749156,62.877029152011175,60.10066297309288
1360,Prov. Kalimantan Barat,Kab. Sambas,P,D4,203,1170.0,308.81057588315196,219.79265261724342,221.39965900228918,226.0452141027487,254.82637805231815,256.01988001037193,232.33193264417235
1361,Prov. Kalimantan Barat,Kab. Sambas,P,S1,134,966.0,254.96668060096138,182.5330543053156,171.0803696088997,167.88697230126695,220.10750462438887,176.21462387205025,184.72414731392058
1362,Prov. Kalimantan Barat,Kab. Sambas,P,S2,15,54.0,14.25279580999163,22.44032071402185,20.54211584214405,20.05919353748551,18.806294669679957,10.433375063355914,11.647302820170356
1363,Prov. Kalimantan Barat,Kab. Sintang,L,S1,297,2103.0,555.0672146002296,331.3236416265594,332.23567147180205,313.98636140625763,285.8429589279192,271.049878836321,276.7429922923886
1364,Prov. Kalimantan Barat,Kab. Sintang,P,D3,76,309.0,81.55766491272988,85.43247383987503,84.04222993647963,81.6340793221757,80.45354534913207,76.40174731039608,70.62542732846894
1365,Prov. Kalimantan Barat,Kab. Sintang,P,S1,641,3132.0,826.6621569795145,611.5905492088561,604.0252889849008,590.8783413806656,654.7940882560398,536.6383034527198,536.5205205026518
1366,Prov. Kalimantan Barat,Kota Pontianak,L,D1,27,29.0,7.654279231291801,24.949308039075436,10.883671432179852,9.013172077781704,15.526614493504235,18.26812393878569,22.82121637433237
1367,Prov. Kalimantan Barat,Kota Pontianak,L,D2,5,12.0,3.1672879577759177,4.471475959396861,4.0047682550036665,3.410113365071205,1.9516100997085568,5.208651023081466,6.537688456534523
1368,Prov. Kalimantan Barat,Kota Pontianak,L,D3,960,3417.0,901.8852459766925,979.4698767341329,925.5350442370174,916.9467235383547,811.1255612885519,815.5596598991202,722.052049026921
1369,Prov. Kalimantan Barat,Kota Pontianak,L,D4,518,3094.0,816.6324117798907,565.7158698643868,598.3844650018245,613.0665316708794,441.6221988676809,645.1273933897791,535.5250526108166
1370,Prov. Kalimantan Barat,Kota Pontianak,L,Profesi,3707,3921.0,1034.911340203281,5783.472298816018,4589.828042837324,4247.23068221068,4546.2052258266895,4952.773481400898,4610.149719753601
1371,Prov. Kalimantan Barat,Kota Pontianak,L,S1,4528,30075.0,7938.015444175893,4582.061747215923,4831.707769393222,4698.100666101243,4197.9003910769425,4532.450735736637,4534.150372635998
1372,Prov. Kalimantan Barat,Kota Pontianak,L,S2,436,1159.0,305.90722858852405,382.8237766018279,397.2511092105217,380.23305780384686,249.4701454522499,291.16392338795606,309.91552814104574
1373,Prov. Kalimantan Barat,Kota Pontianak,L,S3,13,78.0,20.587371725543466,9.692796126098052,11.64527050619493,13.977952495805635,8.365654538491267,11.30826942917918,10.402387704085099
1374,Prov. Kalimantan Barat,Kota Pontianak,P,D3,1397,4550.0,1200.9300173233687,1428.6010162943235,1392.8856342310837,1409.098234743627,1250.2991216962193,1074.17439094671,1272.6728380534414
1375,Prov. Kalimantan Barat,Kota Pontianak,P,D4,896,4260.0,1124.3872250104507,882.9112239101999,951.3496085951409,998.6565532456182,888.7869586648668,975.9936799956243,899.3227182684444
1376,Prov. Kalimantan Barat,Kota Pontianak,P,Profesi,7345,7953.0,2099.1200940159893,12201.734190228404,10189.669541194702,9566.357934709044,7575.487365396751,8178.085660694642,8884.168239389079
1377,Prov. Kalimantan Barat,Kota Pontianak,P,S1,7374,36731.0,9694.804498088935,6798.221824127089,7112.063437845373,7150.88314034519,6812.044289315793,6458.366390668722,6829.973771525092
1378,Prov. Kalimantan Barat,Kota Pontianak,P,S2,438,1027.0,271.06706105298895,395.25146783240126,413.49459194624666,406.78190872930844,295.15296213904924,323.40374580820844,370.8848912388317
1379,Prov. Kalimantan Barat,Kota Pontianak,P,S3,9,59.0,15.572499125731595,7.914777689531389,9.866918575889501,12.06689239854951,7.434251525701125,7.5776636733745875,6.76819878649843
1380,Prov. Kalimantan Barat,Kota Singkawang,L,S1,86,658.0,173.6729563513795,108.15612614900834,102.41029533658795,97.59067839473578,99.7483181154386,110.3067503362904,101.10447059505624
1381,Prov. Kalimantan Barat,Kota Singkawang,P,D3,54,164.0,43.28626875627087,52.33583991080995,46.79575565920789,46.368448742485896,48.53307386874973,36.34277664201143,34.10595889393161
1382,Prov. Kalimantan Barat,Kota Singkawang,P,S1,254,1251.0,330.18976959813943,242.04336423109456,230.1688905997662,225.69586555280364,233.91842582188727,228.15889789337677,217.20925131738167
1383,Prov. Kalimantan Selatan,Kab. Banjar,L,D3,35,78.0,18.38444241462916,23.01564479639701,21.85363090691498,23.986781578844646,17.767599042468625,26.389595912236338,26.878942255860764
1384,Prov. Kalimantan Selatan,Kab. Banjar,L,Profesi,58,109.0,25.691079784545877,102.66770372470359,80.09318149796545,72.65056899263372,83.33195478085568,67.40552662423275,79.22656051697389
1385,Prov. Kalimantan Selatan,Kab. Banjar,L,S1,272,2784.0,656.1831754144562,382.16951009870104,319.7746888717317,309.0364308555376,349.1264086024593,336.30718262385403,334.96153293664776
1386,Prov. Kalimantan Selatan,Kab. Banjar,P,D3,111,257.0,60.574380776406336,83.41429300669606,78.0251546060373,85.23437011914623,55.5203030735902,58.37039543588034,77.22243163770511
1387,Prov. Kalimantan Selatan,Kab. Banjar,P,Profesi,143,221.0,52.08925350811595,250.72088865797278,201.88699072711356,190.35908336785096,177.58201813695203,280.42846143096915,198.39995777427023
1388,Prov. Kalimantan Selatan,Kab. Banjar,P,S1,376,3018.0,711.3365026583436,488.2704891595093,417.01646753038085,414.5889656379449,452.66466631058773,394.5843771463804,411.77909786206965
1389,Prov. Kalimantan Selatan,Kab. Barito Kuala,L,D3,55,255.0,60.10298481705687,71.67598130245628,56.2563302031489,58.226704447933365,65.32341003126687,50.30168769999409,45.03844120509442
1390,Prov. Kalimantan Selatan,Kab. Barito Kuala,P,D3,26,146.0,34.411905032510994,46.88041934926191,36.9524350269525,38.71273157233147,44.793358339617285,33.09772867023033,40.418477431729926
1391,Prov. Kalimantan Selatan,Kab. Hulu Sungai Selatan,L,S1,116,903.0,212.83527564628375,131.5761238159561,101.74812765511464,98.80732253972552,104.34749895490195,125.06552849058593,130.55464290796345
1392,Prov. Kalimantan Selatan,Kab. Hulu Sungai Selatan,P,S1,204,1389.0,327.3844937682039,244.9841355573664,196.04311279988295,198.36689929242087,235.39019376017865,234.66568365658466,248.04598852889973
1393,Prov. Kalimantan Selatan,Kab. Hulu Sungai Utara,L,D3,9,57.0,13.434784841459772,12.498008219515514,9.36356732046345,8.706639354550589,12.513334652035342,14.55247352718776,14.252843327598173
1394,Prov. Kalimantan Selatan,Kab. Hulu Sungai Utara,L,S1,228,1099.0,259.0320796625314,177.10793834531611,148.07942058605,151.96598369695576,180.18127670447674,182.07563946977308,178.95962027438404
1395,Prov. Kalimantan Selatan,Kab. Hulu Sungai Utara,P,D3,18,62.0,14.613274739833436,17.84322430109444,14.421794041945757,14.525795603282976,17.16322506417783,17.688364997274377,13.495539270094662
1396,Prov. Kalimantan Selatan,Kab. Hulu Sungai Utara,P,S1,398,1679.0,395.7369078738764,318.55246346562467,271.66711852842684,286.37749226506656,365.51085714790025,294.2497645505773,278.12206905362456
1397,Prov. Kalimantan Selatan,Kab. Kota Baru,L,D3,62,271.0,63.8741524918526,56.826278862268175,43.46572952537308,39.952181835925394,48.28794675005544,32.89132062229945,32.535698508603396
1398,Prov. Kalimantan Selatan,Kab. Kota Baru,L,S1,169,538.0,126.80551306500627,80.93841444673686,68.16524297921764,67.89623721049603,76.1569866571323,63.085924622081436,58.11321265210114
1399,Prov. Kalimantan Selatan,Kab. Kota Baru,P,D3,57,155.0,36.533186849583586,41.83163617792693,34.17169221277829,33.7044039339721,42.0113386997615,33.84799223259278,35.476958634558976
1400,Prov. Kalimantan Selatan,Kab. Kota Baru,P,S1,278,855.0,201.52177262189656,155.4458971123029,135.35960045963768,140.3745833314543,153.45522488491432,137.89227580903176,134.08639784750028
1401,Prov. Kalimantan Selatan,Kab. Tabalong,L,S1,62,361.0,85.08697066257855,56.00457484126014,46.87274442812023,46.92452955482362,51.29169180556931,59.61397524913029,57.744499067871686
1402,Prov. Kalimantan Selatan,Kab. Tabalong,P,S1,167,775.0,182.66593424791793,144.98196649594178,125.3218095393897,130.48785240413648,170.1077628070588,162.83415842643834,170.02785398779503
1403,Prov. Kalimantan Selatan,Kab. Tanah Bumbu,L,D3,39,297.0,70.00229996339564,85.62291536153514,72.78483784232247,77.15631838065389,95.46044061602625,59.20299836739471,56.8361834737803
1404,Prov. Kalimantan Selatan,Kab. Tanah Bumbu,L,Profesi,27,27.0,6.363845451217786,36.491421871440686,31.053928043168714,32.70722773262938,41.88814947988177,15.530726382055619,17.440129330073677
1405,Prov. Kalimantan Selatan,Kab. Tanah Bumbu,L,S1,36,54.0,12.727690902435572,8.74451823261462,7.216971590809245,7.372814559087783,10.580292966269115,8.935533858357683,7.412171601664703
1406,Prov. Kalimantan Selatan,Kab. Tanah Bumbu,P,D3,44,139.0,32.762019174787866,45.55929196135132,38.80601541114373,41.59481251660847,48.44381837164475,32.0382080462559,42.51356762388819
1407,Prov. Kalimantan Selatan,Kab. Tanah Bumbu,P,Profesi,43,43.0,10.135013126013511,64.15308495729688,53.880352192214865,56.57558314750935,71.07847027546511,24.59185906311055,20.638926212945155
1408,Prov. Kalimantan Selatan,Kab. Tanah Bumbu,P,S1,66,133.0,31.347831296739464,25.41283873698339,21.420844281382745,22.524536931992024,32.52204204073658,13.531945679329947,11.60600890675904
1409,Prov. Kalimantan Selatan,Kab. Tanah Laut,L,D2,5,6.0,1.414187878048397,2.675272453765185,2.1455916493183804,1.9843281736758058,3.4284850890048872,2.2035393283213023,2.1566275329348095
1410,Prov. Kalimantan Selatan,Kab. Tanah Laut,L,D3,160,500.0,117.84898983736642,128.65755785816128,107.53401071075851,109.30157025361363,114.42756211624017,93.56265254331922,108.86973604576713
1411,Prov. Kalimantan Selatan,Kab. Tanah Laut,L,D4,31,339.0,79.90161510973442,59.472338513832774,54.266305037807626,60.71291560761326,74.28954473393459,39.92307160277444,27.834957850656618
1412,Prov. Kalimantan Selatan,Kab. Tanah Laut,P,D3,250,643.0,151.5538009308532,196.80597927873254,168.80351494457736,177.9911233592454,216.9832832284325,131.85274122124045,156.7885968230983
1413,Prov. Kalimantan Selatan,Kab. Tanah Laut,P,D4,29,270.0,63.638454512177866,53.10828593306305,48.19011978048342,54.006902796939,76.07715416485225,46.81560011794153,50.39342045049281
1414,Prov. Kalimantan Selatan,Kab. Tapin,L,S1,3,31.0,7.306637369916718,5.733134908183576,5.1396228946053455,5.596425958406134,6.090524068242432,6.755744456283212,6.552386869048463
1415,Prov. Kalimantan Selatan,Kab. Tapin,P,S1,8,89.0,20.97712019105122,17.9839943178557,15.827826170912443,17.09764409100933,16.935706608439798,16.322027589817036,17.45831960479222
1416,Prov. Kalimantan Selatan,Kota Banjarbaru,L,D3,107,342.0,80.60870904875863,87.94249574826591,81.24109652400139,83.93546997026218,78.3462970309689,89.70611262004311,92.95308643811234
1417,Prov. Kalimantan Selatan,Kota Banjarbaru,L,D4,161,329.0,77.5446353129871,57.39942202031285,57.738864047515726,65.47385292246017,66.68351395307839,35.797471348699986,18.980811670711986
1418,Prov. Kalimantan Selatan,Kota Banjarbaru,L,Profesi,31,33.0,7.778033329266183,37.4874138460406,33.626052387744,33.54895545281409,26.490224120789524,20.397057557357318,22.11362096558688
1419,Prov. Kalimantan Selatan,Kota Banjarbaru,L,S1,185,952.0,224.38447665034565,142.95703604508543,130.82730033310327,132.84053488729677,141.89551902175194,160.22574790219326,139.48803096281148
1420,Prov. Kalimantan Selatan,Kota Banjarbaru,P,D3,469,1425.0,335.86962103649427,424.68076420012613,397.01032633310666,418.58292650199104,424.1448096695766,321.6184482995935,372.7223904027185
1421,Prov. Kalimantan Selatan,Kota Banjarbaru,P,D4,738,1564.0,368.63164021128216,306.98829886085906,307.75976135483916,351.1056153664534,314.25898298034105,324.40888880081786,333.39243202961904
1422,Prov. Kalimantan Selatan,Kota Banjarbaru,P,Profesi,121,123.0,28.99085149999214,162.030933926196,147.12184323994757,149.83326828106811,109.98997409227279,122.66169681896942,85.51633981702587
1423,Prov. Kalimantan Selatan,Kota Banjarbaru,P,S1,333,1394.0,328.56298366657757,253.10150233793703,239.5398832335349,253.2028807234065,231.20696064926375,236.43537496514185,217.98272496335986
1424,Prov. Kalimantan Selatan,Kota Banjarmasin,L,D2,15,24.0,5.656751512193588,10.446089191347998,9.29080393726074,8.4866146264236,8.016467869336283,9.805455875170956,10.91799846356811
1425,Prov. Kalimantan Selatan,Kota Banjarmasin,L,D3,769,2749.0,647.9337461258406,755.0241487751662,731.4497620565984,757.9608986545592,686.3382652386697,649.7739775024005,630.9059977993481
1426,Prov. Kalimantan Selatan,Kota Banjarmasin,L,D4,171,847.0,199.6361887844987,146.0701790423091,148.1366148380638,162.80160803356097,144.06613045146003,151.39778544769067,134.09854374876463
1427,Prov. Kalimantan Selatan,Kota Banjarmasin,L,Profesi,5316,3991.0,940.6706368818587,5210.840564632305,5089.20810144289,5269.777170825373,6861.9227861099935,5241.885663126615,4722.273664139819
1428,Prov. Kalimantan Selatan,Kota Banjarmasin,L,S1,4857,32279.0,7608.0950859207005,5219.396849256184,5031.749125112755,5155.781435705802,5193.961578799056,5019.996902839858,4906.3382601009125
1429,Prov. Kalimantan Selatan,Kota Banjarmasin,L,S2,935,3025.0,712.9863885160668,987.255174176566,1001.252726823879,1016.0040496858617,905.5421836380673,805.245517372891,872.7105519582252
1430,Prov. Kalimantan Selatan,Kota Banjarmasin,L,S3,52,376.0,88.62244035769955,61.75148923167133,69.35528379086851,94.9996937971356,56.585836059339755,73.998164759797,61.270288749075306
1431,Prov. Kalimantan Selatan,Kota Banjarmasin,L,Sp-1,25,158.0,37.240280788607784,30.067071395277857,35.418395143070526,50.07665570342527,33.63851144926066,28.928265518563933,30.123412119173175
1432,Prov. Kalimantan Selatan,Kota Banjarmasin,P,D3,1018,3093.0,729.0138511339486,952.8663294581701,918.5204227925842,955.866620305834,950.3091881609871,760.3057184161077,882.6130312828917
1433,Prov. Kalimantan Selatan,Kota Banjarmasin,P,D4,89,668.0,157.44625042272153,133.52679189705637,137.0370442786743,153.66558699246656,141.2999900702627,102.74186579207759,105.10367977456448
1434,Prov. Kalimantan Selatan,Kota Banjarmasin,P,Profesi,12442,9766.0,2301.826469503441,14168.431978213523,13703.143396748565,14190.685778067858,17127.871399618274,8369.216919639233,10069.795335650097
1435,Prov. Kalimantan Selatan,Kota Banjarmasin,P,S1,8089,41472.0,9774.86661307052,7908.490727768282,7785.542197678727,8214.744014013368,8228.769789939652,7367.480280176296,7569.833724583094
1436,Prov. Kalimantan Selatan,Kota Banjarmasin,P,S2,885,2701.0,636.6202431014534,1021.541771313454,1048.3545999545129,1085.5431817173564,922.3343746621989,800.9444907632679,856.9585331871463
1437,Prov. Kalimantan Selatan,Kota Banjarmasin,P,S3,15,193.0,45.489710077223435,35.973227257492496,40.44723427392237,55.97238780821236,30.196335968436543,31.09579434955679,25.480231513558223
1438,Prov. Kalimantan Selatan,Kota Banjarmasin,P,Sp-1,18,102.0,24.04119392682275,21.279128382122913,24.65103172418546,34.63170706472612,22.916252661899254,35.941459031177004,41.3730819885296
1439,Prov. Kalimantan Tengah,Kab. Barito Selatan,L,S1,22,128.0,29.339345301166393,20.88095092270487,16.89292358448666,17.53336207565792,19.810744875834143,20.86459255695029,13.298973725244672
1440,Prov. Kalimantan Tengah,Kab. Barito Selatan,P,S1,40,266.0,60.97082695398641,51.732909505937364,42.81495908545924,45.83191625805751,58.548232344261486,50.61526279241505,51.45225455023621
1441,Prov. Kalimantan Tengah,Kab. Barito Utara,L,D3,14,69.0,15.815740826410009,18.242403873067396,14.05865882176521,14.856684928801942,14.69002841587615,23.643810196809312,26.20869530597698
1442,Prov. Kalimantan Tengah,Kab. Barito Utara,L,S1,19,175.0,40.11238615393843,26.84355688345417,20.931237674596723,21.63105218276343,24.90566318837887,21.487323238582302,16.46864150805175
1443,Prov. Kalimantan Tengah,Kab. Barito Utara,P,D3,24,93.0,21.316868070378707,30.201350394604756,24.031029007772922,26.456177058356502,25.399465890512275,24.92935844223272,26.90218322240783
1444,Prov. Kalimantan Tengah,Kab. Barito Utara,P,S1,54,319.0,73.11914961775062,57.1662385690469,45.31556503328091,47.97119378249376,45.28553100558667,38.95365263076616,33.905830260829866
1445,Prov. Kalimantan Tengah,Kab. Kapuas,L,S1,75,414.0,94.89444495846006,57.69551099804229,41.29554511941818,41.23842577640581,62.87105852537041,35.99964723744669,44.85258013845319
1446,Prov. Kalimantan Tengah,Kab. Kapuas,P,S1,144,740.0,169.61809002236822,116.81347330913918,84.18875530683867,85.22818866607737,151.9876763770368,95.1495658953732,99.19020517387892
1447,Prov. Kalimantan Tengah,Kab. Kotawaringin Barat,L,D3,1,7.0,1.6044954461575371,1.8624973921142658,1.4415498306696573,1.5233548319600128,1.6884172773672408,3.3774907881485747,2.7854123979481864
1448,Prov. Kalimantan Tengah,Kab. Kotawaringin Barat,L,S1,149,886.0,203.08328075651113,112.48345617726682,82.9188509775719,80.23158048156469,122.71718914996417,112.74889358859582,131.19288817921972
1449,Prov. Kalimantan Tengah,Kab. Kotawaringin Barat,P,D3,3,88.0,20.170799894551894,24.920404751095816,19.051289173510984,19.98581835749156,34.31755362722241,23.209254374953986,22.36727618131339
1450,Prov. Kalimantan Tengah,Kab. Kotawaringin Barat,P,S1,260,1076.0,246.63387143793,182.8677535593143,142.93575019478536,148.31533526862148,237.40405800143262,173.53334058351882,190.55350594222224
1451,Prov. Kalimantan Tengah,Kab. Kotawaringin Timur,L,D3,15,239.0,54.782058804521625,51.82920991760175,41.958237331205225,41.05436673863016,55.62548764302822,40.47668067470168,31.577034863327913
1452,Prov. Kalimantan Tengah,Kab. Kotawaringin Timur,L,S1,141,1017.0,233.11026696317361,118.26750061715107,95.15389096933443,89.69907108940326,119.22536836723528,120.0796493531341,119.48827581902515
1453,Prov. Kalimantan Tengah,Kab. Kotawaringin Timur,P,D3,101,441.0,101.08321310792483,133.89966737442285,116.5441971957214,124.15045375974016,117.39916292332042,112.287479618626,139.96284181762255
1454,Prov. Kalimantan Tengah,Kab. Kotawaringin Timur,P,S1,240,1219.0,279.41142126657684,194.8975146585977,167.23683698002776,169.8434353929959,192.83996287661427,206.30688579457131,213.59142709749338
1455,Prov. Kalimantan Tengah,Kab. Seruyan,L,D3,7,25.0,5.7303408791340615,4.461370646014577,2.8788847796115737,2.6599771967975823,8.54018953219494,6.666802196172628,6.4210113220906635
1456,Prov. Kalimantan Tengah,Kab. Seruyan,L,D4,9,137.0,31.402268017654656,16.898841331391765,11.420989930822616,11.52460323519987,24.485952407162586,16.06166722104001,13.532024846512007
1457,Prov. Kalimantan Tengah,Kab. Seruyan,P,D3,1,22.0,5.042699973637974,3.3363331419278395,1.98346973160246,1.6865428761436054,1.9560340071736788,5.575048016641342,5.159061169114281
1458,Prov. Kalimantan Tengah,Kab. Seruyan,P,D4,13,108.0,24.755072597859144,17.65669642458483,12.614181173919372,13.604417950860709,28.581060553441066,15.458899961753122,12.205041195843998
1459,Prov. Kalimantan Tengah,Kota Palangka Raya,L,D3,71,399.0,91.45624043097962,113.94839833262087,103.59258000827255,110.08633903794889,98.2331027313426,102.82690455559806,105.20527692197061
1460,Prov. Kalimantan Tengah,Kota Palangka Raya,L,D4,16,142.0,32.54833619348147,26.551635956858735,24.861178711094137,28.33156833179588,22.698382258588673,20.76878936886759,16.556925966354633
1461,Prov. Kalimantan Tengah,Kota Palangka Raya,L,Profesi,1159,1184.0,271.3889440357891,1776.0157821051182,1509.4709761138504,1580.5385160724945,1120.2319236057951,1248.9556201898986,1250.0473591022474
1462,Prov. Kalimantan Tengah,Kota Palangka Raya,L,S1,2402,17778.0,4074.9600059698137,2689.166876853184,2419.322435094303,2464.6054843952024,2725.789704478574,2462.9383884224703,2379.3355637770123
1463,Prov. Kalimantan Tengah,Kota Palangka Raya,L,S2,441,1080.0,247.55072597859143,369.6032055696218,355.51253715845394,370.71765449688496,299.76028218440524,287.6994594663168,328.9908532236745
1464,Prov. Kalimantan Tengah,Kota Palangka Raya,L,S3,10,68.0,15.586527191244647,10.050398643180564,9.483259696660847,12.735558692164512,10.007164884214474,10.70990987426639,9.02802466813143
1465,Prov. Kalimantan Tengah,Kota Palangka Raya,P,D3,284,1687.0,386.68340252396644,548.3417080689958,502.7075567979091,542.4392830702677,447.9543045123757,433.4836390085965,450.08398541235454
1466,Prov. Kalimantan Tengah,Kota Palangka Raya,P,D4,113,1027.0,235.40240331482724,211.3307315527657,197.47747668593865,225.93248054772948,161.1599698972807,238.6288024809836,205.7151143785761
1467,Prov. Kalimantan Tengah,Kota Palangka Raya,P,Profesi,3769,3926.0,899.8927316592129,6534.707001242707,5556.986533191055,5857.88518476331,3178.0929545380986,4934.0839952859715,5191.560024638042
1468,Prov. Kalimantan Tengah,Kota Palangka Raya,P,S1,3566,21755.0,4986.54263302246,3916.7746375085108,3604.34768763154,3787.512475541933,4455.542112398907,3348.997597576447,3527.9259132747975
1469,Prov. Kalimantan Tengah,Kota Palangka Raya,P,S2,553,1105.0,253.2810668577255,426.4494272505282,412.4686338801198,435.3726390890909,366.7983677080893,331.80952486876237,375.5680209152289
1470,Prov. Kalimantan Tengah,Kota Palangka Raya,P,S3,5,41.0,9.39775904177986,5.747970262257348,5.169563995310971,6.629832672430878,5.546064927766927,6.745464142943952,5.7063195375055376
1471,Prov. Kalimantan Timur,Kab. Berau,L,D3,30,162.0,37.86871841379039,48.78437543049667,43.857590347902104,48.09572571231384,46.73627930365785,40.27510402994025,32.27348128677476
1472,Prov. Kalimantan Timur,Kab. Berau,L,D4,8,66.0,15.427996390803491,12.721155862692438,11.541135165072214,13.104504628261823,14.458389450154954,11.460009795171601,9.117440884163967
1473,Prov. Kalimantan Timur,Kab. Berau,L,S1,157,1054.0,246.3804272107103,149.59039370266234,126.45104312816464,124.6250747486176,145.83263866758836,119.29193792826848,128.76031281043348
1474,Prov. Kalimantan Timur,Kab. Berau,L,S2,45,76.0,17.765571601531292,27.46711939604956,26.32298751754138,28.51965372701906,23.51289613923843,21.633565616370742,25.911391247480346
1475,Prov. Kalimantan Timur,Kab. Berau,P,D3,23,80.0,18.700601685822413,25.74447355502993,23.03552405491506,24.996144935869157,29.911482035828143,24.39219287256976,29.43415279684608
1476,Prov. Kalimantan Timur,Kab. Berau,P,D4,9,92.0,21.505691938695776,19.46696917838074,17.669696427270104,20.054739359506645,26.473680976268714,13.06170715899495,10.590855705000648
1477,Prov. Kalimantan Timur,Kab. Berau,P,S1,250,1360.0,317.91022865898105,240.3776222654937,208.3024343399694,215.179716459233,241.19632481461537,240.53481583988798,254.86946339653153
1478,Prov. Kalimantan Timur,Kab. Berau,P,S2,31,43.0,10.051573406129547,17.238105323758102,16.561052649057554,18.005445066427498,8.676304075670727,7.501397009593969,6.259705605245158
1479,Prov. Kalimantan Timur,Kab. Kutai Barat,L,D3,13,35.0,8.181513237547305,6.995810037300003,5.306724147473091,4.997507121403093,6.618053555983182,5.723215833002065,6.1596003561977275
1480,Prov. Kalimantan Timur,Kab. Kutai Barat,P,D3,8,28.0,6.545210590037844,5.090147967849133,3.725201169227871,3.2669211681360713,5.089623736776844,6.0172967606044585,5.837836691570772
1481,Prov. Kalimantan Timur,Kab. Kutai Kartanegara,L,S1,232,1794.0,419.3609928045676,299.74961694333916,244.39401660983955,237.8177417661474,265.0330225626484,282.99271902813894,285.7255315411813
1482,Prov. Kalimantan Timur,Kab. Kutai Kartanegara,L,S2,21,66.0,15.427996390803491,21.777064291638222,19.165378042978347,18.631438495661385,22.716442922017833,19.124374333747348,14.65388807825729
1483,Prov. Kalimantan Timur,Kab. Kutai Kartanegara,P,S1,343,1993.0,465.8787394980509,382.3294307148968,314.5840101273873,311.1942034980613,383.65488635416267,370.03691363767,413.17083961399965
1484,Prov. Kalimantan Timur,Kab. Kutai Kartanegara,P,S2,12,40.0,9.350300842911206,14.869603747710338,13.158287223200121,12.911597189716762,15.97395140612325,10.281667967216531,7.866321492232564
1485,Prov. Kalimantan Timur,Kab. Kutai Timur,L,S1,114,1221.0,285.41793322986456,127.74363886451766,100.97829290725758,87.76565745370769,110.82828691018662,115.54301379552727,113.30853582577919
1486,Prov. Kalimantan Timur,Kab. Kutai Timur,P,S1,259,1692.0,395.51772565514403,250.87196837593413,208.429965907835,199.3448923778951,203.84265136563604,254.44311930306623,252.2560157462765
1487,Prov. Kalimantan Timur,Kab. Pasir,L,S1,54,215.0,50.25786703064774,28.724635395035968,21.917672846993383,21.156640798649512,26.63882155595977,27.513646569257933,23.114051631974665
1488,Prov. Kalimantan Timur,Kab. Pasir,P,S1,96,359.0,83.91895006512809,61.33427005590456,48.221980174504296,49.27754416951792,60.338127512427576,40.330476959055325,40.749590454257486
1489,Prov. Kalimantan Timur,Kota Balikpapan,L,D3,239,1185.0,277.0026624712445,287.52116826599035,266.1373393264943,273.17972536916375,322.6219179619401,270.64937854148013,284.7614156383162
1490,Prov. Kalimantan Timur,Kota Balikpapan,L,D4,175,1115.0,260.6396359961499,176.10624640363073,165.04225051346444,176.56872443459045,193.52874246624012,229.55065010583812,159.3096465840283
1491,Prov. Kalimantan Timur,Kota Balikpapan,L,S1,1381,9415.0,2200.827060900225,1393.0985551691288,1275.08525760551,1303.5885942524067,1596.0837509353114,1665.814623965232,1524.3803601727782
1492,Prov. Kalimantan Timur,Kota Balikpapan,L,S2,29,48.0,11.220361011493448,12.106953317904871,11.619395316845592,11.163365612634163,12.455217027634676,11.147720895364223,12.643667668321996
1493,Prov. Kalimantan Timur,Kota Balikpapan,P,D3,206,618.0,144.46214802297814,170.23491832560893,158.68902739186427,165.03071785997452,214.47286961349758,176.01239811004712,190.59907553541274
1494,Prov. Kalimantan Timur,Kota Balikpapan,P,D4,177,1070.0,250.12054754787476,211.32086395791626,203.1816460224653,228.18267097111732,331.8030603419173,277.34785668128495,222.0903168953259
1495,Prov. Kalimantan Timur,Kota Balikpapan,P,S1,1460,8138.0,1902.318706490285,1434.9164760553022,1334.8654521902222,1405.8806223795664,1903.4674479878333,1524.0412760358788,1437.4136509927566
1496,Prov. Kalimantan Timur,Kota Balikpapan,P,S2,21,19.0,4.441392900382823,6.665400434770833,6.699168545684136,7.032574098140179,8.288206213460823,4.340138595421095,4.437747910630087
1497,Prov. Kalimantan Timur,Kota Bontang,L,S1,60,630.0,147.2672382758515,94.72852846494787,78.61012668261118,77.91006645222889,94.24631944788862,81.89268848860824,64.1109752724928
1498,Prov. Kalimantan Timur,Kota Bontang,P,S1,46,427.0,99.81446149807714,74.51151483507712,62.52993021597754,63.255483115832035,79.69782782049435,59.09693176049433,58.68668029935162
1499,Prov. Kalimantan Timur,Kota Samarinda,L,D3,752,2655.0,620.6262184482314,745.7948157563311,715.446539067774,746.7769103371547,772.2873552324443,668.8761028318106,721.6835530897847
1500,Prov. Kalimantan Timur,Kota Samarinda,L,D4,586,3070.0,717.6355896934351,552.0042346060508,534.5502288322097,579.32997327609,589.7421043236203,656.3228299180449,576.7857879146202
1501,Prov. Kalimantan Timur,Kota Samarinda,L,Profesi,1584,2639.0,616.8860981110669,3947.2987344982494,3444.386490447518,3622.480321280978,2892.249384134748,3440.2383733553143,3629.7720386115175
1502,Prov. Kalimantan Timur,Kota Samarinda,L,S1,3997,26770.0,6257.688839118325,4441.906667135226,4186.680315952216,4290.47321148025,4399.476639952059,4894.6771852772845,4323.094991935316
1503,Prov. Kalimantan Timur,Kota Samarinda,L,S2,357,1300.0,303.8847773946142,454.52463395193405,468.08914524710804,489.3784510046538,445.99428483286596,356.9125551825612,360.5044030884268
1504,Prov. Kalimantan Timur,Kota Samarinda,L,S2 Terapan,21,42.0,9.817815885056767,14.854163629637839,12.95225233358343,11.530856691052014,15.88838113520678,12.507102183099802,13.396853107697936
1505,Prov. Kalimantan Timur,Kota Samarinda,L,S3,22,160.0,37.401203371644826,27.992489895289655,30.166184975471047,41.341521092025054,26.073665180735908,23.360918120841756,22.167182776897505
1506,Prov. Kalimantan Timur,Kota Samarinda,L,Sp-1,6,11.0,2.571332731800582,2.15752820098449,2.4613074810614943,3.5905045672427027,2.714543243105179,3.8098158768988513,3.1247817881137467
1507,Prov. Kalimantan Timur,Kota Samarinda,P,D3,873,2933.0,685.6108093064643,912.1072817243014,876.8341112040732,917.7426934465637,956.0449961898028,828.7918591595741,965.171056764965
1508,Prov. Kalimantan Timur,Kota Samarinda,P,D4,908,3316.0,775.1399398773391,696.9012706731302,683.3160704851101,756.8914698839076,826.0463886118852,930.8907437621173,1027.6753407091442
1509,Prov. Kalimantan Timur,Kota Samarinda,P,Profesi,4278,6757.0,1579.4995698887756,11004.426741384676,9591.751337936648,10052.235031740385,7483.3316010408025,6850.2654181898815,6818.540139987746
1510,Prov. Kalimantan Timur,Kota Samarinda,P,S1,7009,38053.0,8895.174949382505,7515.450106039597,7200.526343926969,7624.213690122337,6971.979912686274,7920.863535389084,7633.658952865504
1511,Prov. Kalimantan Timur,Kota Samarinda,P,S2,449,1322.0,309.0274428582154,518.1707423456606,536.0552798703558,564.6325342259441,483.072394686573,388.105183271806,426.74712894964085
1512,Prov. Kalimantan Timur,Kota Samarinda,P,S2 Terapan,13,23.0,5.376422984673944,8.810856191856491,7.666501026028801,6.787862092516574,9.522610557122286,7.159303762254235,7.682576681790623
1513,Prov. Kalimantan Timur,Kota Samarinda,P,S3,19,85.0,19.869389291186316,16.419267228832396,17.722348054357425,24.329795420176485,14.530104073285711,13.745863849389341,12.505719574735464
1514,Prov. Kalimantan Utara,Kab. Bulungan,L,S1,44,496.0,115.94373045209896,58.61903248963732,46.03725292395646,41.96965852303276,66.7949485201728,43.64624302428722,41.21635830753679
1515,Prov. Kalimantan Utara,Kab. Bulungan,P,S1,40,468.0,109.39851986206112,67.48757158095503,54.12071226623386,51.31865570517541,57.42025494112599,49.596777283028544,57.31218631631021
1516,Prov. Kalimantan Utara,Kab. Nunukan,L,D3,60,177.0,41.37508122988209,50.94386111034416,43.40003779330889,47.70362169630574,43.498174169078005,23.268731352880074,31.042082222975264
1517,Prov. Kalimantan Utara,Kab. Nunukan,L,S1,16,101.0,23.609509628350796,11.064050586502983,8.504457019157249,7.751739264766436,10.021836822029526,15.138541142040976,16.8491166505246
1518,Prov. Kalimantan Utara,Kab. Nunukan,P,D3,61,186.0,43.47889891953711,59.64478928927029,50.982093958309655,56.3258893332704,63.655492700862595,25.109629139858214,29.784569250110152
1519,Prov. Kalimantan Utara,Kab. Nunukan,P,S1,59,221.0,51.660412157084416,30.56777359111634,24.150918146466537,23.19332564384256,23.917445494763694,33.72143579544178,53.223578770142616
1520,Prov. Kalimantan Utara,Kota Tarakan,L,D3,30,113.0,26.41459988122416,23.673289894486857,20.679978408160878,19.401976970892342,23.90247316352826,20.595615432215418,21.78327982122379
1521,Prov. Kalimantan Utara,Kota Tarakan,L,D4,6,40.0,9.350300842911206,5.881786550108354,5.2782646848283505,5.308469681345909,5.706098390826129,6.944635285960671,5.875008131600927
1522,Prov. Kalimantan Utara,Kota Tarakan,L,Profesi,507,516.0,120.61888087355456,746.4292410006981,623.6223075874861,650.0778153515915,601.9292266822723,625.7296121615046,608.4915784756143
1523,Prov. Kalimantan Utara,Kota Tarakan,L,S1,416,4034.0,942.9778400075952,674.2972184932478,613.4303763770423,633.745907096282,670.1401270222226,655.4706285398828,594.2123061134694
1524,Prov. Kalimantan Utara,Kota Tarakan,L,S2,64,245.0,57.27059266283114,88.54915656224819,88.44252842152967,93.97492530195636,85.34608334788064,75.87284365455422,62.77078999690589
1525,Prov. Kalimantan Utara,Kota Tarakan,P,D3,170,772.0,180.46080626818627,194.13646981933758,172.62139551975687,167.41725691746524,181.0767803812084,149.75723781688234,142.6267323231609
1526,Prov. Kalimantan Utara,Kota Tarakan,P,D4,15,103.0,24.077024670496357,18.595034059300104,17.05953025278807,17.887228606951606,20.07555798066208,12.666755593521867,10.597596525963118
1527,Prov. Kalimantan Utara,Kota Tarakan,P,Profesi,1679,1769.0,413.5170547777481,2870.20790327752,2409.09664300274,2530.58231907555,2678.19972393535,1906.7305055047048,1909.3133217036525
1528,Prov. Kalimantan Utara,Kota Tarakan,P,S1,901,6518.0,1523.6315223523811,1315.0726236801122,1218.8416941361263,1302.1524530917345,1294.8288174673403,1148.1516105858489,1193.027969578631
1529,Prov. Kalimantan Utara,Kota Tarakan,P,S2,36,147.0,34.36235559769869,58.49783056575465,58.48865838808605,62.18971924390122,54.22808181367906,49.24442008288265,46.335892910378575
1530,Prov. Kepulauan Riau,Kab. Bintan,L,D3,14,49.0,11.496480904731627,15.473660349300781,13.671492143680393,14.997073569284353,22.71162954482797,8.254324887334802,8.804124219139947
1531,Prov. Kepulauan Riau,Kab. Bintan,L,D4,9,48.0,11.261858845451389,9.516933377493704,8.604627247622004,9.84822778056188,12.416830170816445,7.322280866302757,7.306321595091651
1532,Prov. Kepulauan Riau,Kab. Bintan,L,S1,82,791.0,185.58604889066768,126.03390487080053,107.17568849891272,109.88185042800654,132.6327141805334,153.04372462096734,116.74763380387914
1533,Prov. Kepulauan Riau,Kab. Bintan,P,D3,8,48.0,11.261858845451389,16.28195235889702,14.04970740120374,15.276969184501684,13.487090121238158,9.90395411682524,12.785742193728192
1534,Prov. Kepulauan Riau,Kab. Bintan,P,D4,5,36.0,8.446394134088543,7.849273485062345,6.984690399879855,7.992338927282735,11.87212039109756,10.47002632429037,6.001870831588771
1535,Prov. Kepulauan Riau,Kab. Bintan,P,S1,185,1110.0,260.43048580106336,202.80713045818442,172.08141048845226,179.09960181882337,216.27493270847236,238.76475763976237,225.02233796311972
1536,Prov. Kepulauan Riau,Kab. Karimun,L,S1,110,464.0,108.8646355060301,69.22419869796104,64.1536318717813,61.110621244278676,68.81243977185312,46.384658551191976,41.788219701631945
1537,Prov. Kepulauan Riau,Kab. Karimun,P,S1,170,577.0,135.3769282046969,104.25806611876803,98.1796891045559,96.81691753773428,101.61180252790786,73.42694553417591,65.16301404461453
1538,Prov. Kepulauan Riau,Kab. Natuna,L,S1,48,568.0,133.26532967117478,65.22377005796902,45.36543530136915,42.41927603554364,73.18814725796177,53.83412809943362,65.1072061278915
1539,Prov. Kepulauan Riau,Kab. Natuna,P,S1,82,700.0,164.2354414961661,102.92524145130756,74.0612606241002,73.18758213653119,97.76780013298844,90.36174346837113,82.9930236627033
1540,Prov. Kepulauan Riau,Kota Batam,L,D2,6,13.0,3.0500867706430848,5.1701908044971345,4.343005963110978,3.821150525837958,4.078140886806803,5.93728323391038,6.619769465200913
1541,Prov. Kepulauan Riau,Kota Batam,L,D3,357,2263.0,530.949720151177,621.0175174210032,601.7273626466915,642.9008942047552,600.2266854564966,492.08824447332046,544.887174826572
1542,Prov. Kepulauan Riau,Kota Batam,L,D4,482,5058.0,1186.7183758394401,906.2358706003452,907.7148422401724,1029.9583715562728,964.6666352378803,817.0860293706498,774.3142184906316
1543,Prov. Kepulauan Riau,Kota Batam,L,Profesi,408,319.0,74.84443691039569,349.6854810435945,314.0629355050551,311.1990888053232,349.09734604253606,278.91535799678894,266.4617199450887
1544,Prov. Kepulauan Riau,Kota Batam,L,S1,1567,13775.0,3231.9188665852685,2004.782625293934,1901.4626202961963,1932.2032084917184,2205.6062183771423,2291.108470349398,2007.3928795153372
1545,Prov. Kepulauan Riau,Kota Batam,L,S2,341,827.0,194.03244302475622,229.99780477326405,231.48139163796318,230.9867225841787,260.3054576928942,195.8560586277859,222.19532141679855
1546,Prov. Kepulauan Riau,Kota Batam,L,S2 Terapan,1,33.0,7.74252795624783,10.052775299981542,8.699039926230599,6.908737663889161,10.78185678759445,7.271051524284988,9.053113257144366
1547,Prov. Kepulauan Riau,Kota Batam,L,S3,16,45.0,10.557992667610677,4.741431453689411,4.709847706903146,5.752309542003243,6.53581461627504,6.5470522168577565,6.671585810045774
1548,Prov. Kepulauan Riau,Kota Batam,P,D2,4,12.0,2.8154647113628473,6.24252327367395,5.462937050684248,5.119312743925941,5.569386292835474,6.369445857203083,7.242509157597412
1549,Prov. Kepulauan Riau,Kota Batam,P,D3,307,1549.0,363.4295698250875,488.38318042731555,469.568220419025,513.6974524697605,492.9151188704463,457.8791709497426,511.1212638714373
1550,Prov. Kepulauan Riau,Kota Batam,P,D4,661,4198.0,984.9434048584361,846.136487678462,833.903858649738,963.3290364434249,1001.334751440298,867.5384208734652,835.2391225881959
1551,Prov. Kepulauan Riau,Kota Batam,P,Profesi,1313,1002.0,235.09130339879775,1273.5365388672246,1145.4293827339104,1156.8429065954324,1106.8909633051178,968.6949947754694,1059.199761915032
1552,Prov. Kepulauan Riau,Kota Batam,P,S1,2187,15450.0,3624.9108158796657,2684.7548044168743,2579.0394305886543,2694.0833510580546,3087.9155590613677,2942.981594213238,3055.995457204401
1553,Prov. Kepulauan Riau,Kota Batam,P,S2,253,559.0,131.15373113765264,188.41614983949523,192.67829054777337,199.16020710857768,198.98553033123676,176.38104186507059,171.34711611793415
1554,Prov. Kepulauan Riau,Kota Batam,P,S3,9,28.0,6.569417659846644,3.57998492120112,3.614741465421971,4.575175217484134,3.911647299557798,5.043914081190884,4.888216821162435
1555,Prov. Kepulauan Riau,Kota Tanjungpinang,L,D3,53,180.0,42.231970670442706,53.46458001244789,51.375736376252796,53.28683380487314,49.568439554715646,56.34725205866653,58.001140563056104
1556,Prov. Kepulauan Riau,Kota Tanjungpinang,L,Profesi,228,133.0,31.20473388427156,184.30859961355657,171.94913058796064,176.06742949090244,134.93046144268033,147.4422790231582,227.4281851158521
1557,Prov. Kepulauan Riau,Kota Tanjungpinang,L,S1,758,5294.0,1242.089181829576,840.1090874211004,790.0808406989786,784.0966923589067,808.831232736544,772.0185124449132,794.3986725733484
1558,Prov. Kepulauan Riau,Kota Tanjungpinang,L,S2,9,63.0,14.781189734654948,18.196612427548597,17.836534014369768,17.119819991135877,21.509618010478,14.232932360015177,16.323090599145118
1559,Prov. Kepulauan Riau,Kota Tanjungpinang,P,D3,391,1101.0,258.31888726754124,371.8500841856814,355.5502703016425,373.214084394825,338.61822120007275,267.9232125324883,259.07125851871336
1560,Prov. Kepulauan Riau,Kota Tanjungpinang,P,Profesi,1146,640.0,150.15811793935185,988.17834090195,911.2504551472529,937.3309360193556,704.8187012211455,774.8427332649492,737.0008981266209
1561,Prov. Kepulauan Riau,Kota Tanjungpinang,P,S1,1343,8177.0,1918.5045787345002,1556.2727718843535,1482.1436149370409,1517.68063200138,1634.632901021699,1401.8413017830394,1358.4362372606638
1562,Prov. Kepulauan Riau,Kota Tanjungpinang,P,S2,3,38.0,8.915638252649016,14.442612441327702,14.777433828115205,15.139674020895272,15.980404896703257,10.867837240813406,10.308798552226508
1563,Prov. Lampung,Kab. Lampung Selatan,L,S1,2278,14535.0,3397.6655687928596,2396.603678407953,2110.1060276103385,2229.7263884297176,2374.192835659663,2288.8379145890503,1817.2250718148682
1564,Prov. Lampung,Kab. Lampung Selatan,L,S2,895,2452.0,573.173441670457,475.82908306688273,408.9290420344992,352.9032327771957,379.1561444344204,355.17848700748044,444.5404793541216
1565,Prov. Lampung,Kab. Lampung Selatan,L,S3,18,172.0,40.20629362451819,29.773500478039296,29.936778941661096,42.09586099820214,30.754249956340992,33.39510045534346,19.738532608902766
1566,Prov. Lampung,Kab. Lampung Selatan,P,D3,16,55.0,12.856663659002908,16.59672742285098,14.830580644925682,15.810609946941662,17.990455627535965,19.597796536904347,20.757071475987523
1567,Prov. Lampung,Kab. Lampung Selatan,P,S1,2792,14991.0,3504.2589984020474,2792.6433892385235,2474.1459135676027,2646.67105566314,2977.2724524745972,2437.213256046229,2185.340271653238
1568,Prov. Lampung,Kab. Lampung Selatan,P,S2,727,1703.0,398.0890583869446,394.91316797535853,345.1576716181611,307.39719697909624,343.44321567939545,366.15356054570333,460.11227429046585
1569,Prov. Lampung,Kab. Lampung Selatan,P,S3,7,60.0,14.02545126436681,10.93255812954747,10.908893658200773,15.092458339258233,11.12504768780707,7.0470663878169555,6.304299610803557
1570,Prov. Lampung,Kab. Lampung Tengah,L,S1,301,758.0,177.18820097316737,139.07955198276636,127.13646236585491,138.4418128847535,104.74511790395901,133.98183411323518,124.78900208015753
1571,Prov. Lampung,Kab. Lampung Tengah,P,D3,45,36.0,8.415270758620085,11.554777528461216,10.634386414543618,11.563906591403509,14.14680936911283,8.689485986065526,7.933450404902141
1572,Prov. Lampung,Kab. Lampung Tengah,P,S1,210,792.0,185.1359566896419,158.98913150907643,145.31063433601946,157.96234998637163,129.88161905315113,140.1997616052953,143.12610411383693
1573,Prov. Lampung,Kab. Lampung Timur,L,D3,19,41.0,9.584058363983987,7.881008976110437,6.676066353624117,6.2099003708167375,7.983720854359556,8.774708082697233,9.976186703216785
1574,Prov. Lampung,Kab. Lampung Timur,L,S1,1063,4194.0,980.37904337924,450.3103185710897,370.63890614304705,330.295963048868,311.6699853254227,422.1338521645197,424.08390052494485
1575,Prov. Lampung,Kab. Lampung Timur,P,D3,15,37.0,8.649028279692866,8.129242386822678,6.9435344745299625,6.554721944548554,8.511236011159458,7.929597202339943,6.910181510233544
1576,Prov. Lampung,Kab. Lampung Timur,P,S1,715,4765.0,1113.8545879117976,575.5826597531748,476.22530572447937,428.17411692926436,465.41324785193643,534.7847166546063,526.9040804168393
1577,Prov. Lampung,Kab. Lampung Utara,L,D3,1,9.0,2.1038176896550214,1.4297469607569542,1.1825206623688336,1.0238164809285693,1.5678444729749215,3.3864367578663677,2.9932659222867235
1578,Prov. Lampung,Kab. Lampung Utara,L,S1,288,1981.0,463.07364924517753,275.10697665933,241.29637848490387,239.2589164463313,288.2126717924774,274.57958149512405,240.82755165426678
1579,Prov. Lampung,Kab. Lampung Utara,L,S2,19,109.0,25.47956979693304,26.383541565468988,24.358616499119112,22.79396334701953,28.130396336761834,23.153117121810244,24.61048240407659
1580,Prov. Lampung,Kab. Lampung Utara,P,D3,36,61.0,14.25920878543959,13.034068025010745,11.216758427981688,10.478254758990897,16.450700737265365,16.99578139346249,17.965266298880575
1581,Prov. Lampung,Kab. Lampung Utara,P,S1,459,2677.0,625.7688839118325,453.71089316100944,406.8646867121552,424.6817955811388,413.2972487041238,447.5872233615152,439.39114020097304
1582,Prov. Lampung,Kab. Lampung Utara,P,S2,7,50.0,11.687876053639009,18.707020125807293,18.45957841768311,19.639213079744607,19.89607432083428,20.105435975947067,17.48438141780247
1583,Prov. Lampung,Kab. Mesuji,L,S1,104,190.0,44.41392900382823,36.743888401934534,32.00977835844119,34.87584829406681,38.50339099381656,42.37699387371708,23.313314477047438
1584,Prov. Lampung,Kab. Mesuji,P,S1,35,122.0,28.51841757087918,25.772192790931808,22.44084429047206,24.393908045689383,28.86270508490673,23.526699908927494,15.626914628861764
1585,Prov. Lampung,Kab. Pasawaran,L,S1,4,340.0,79.47755716474526,40.84611960522018,33.07996708042665,30.348296292469264,42.39079268367576,49.26672677167126,40.02548934841904
1586,Prov. Lampung,Kab. Pasawaran,P,S1,6,209.0,48.85532190421105,30.191078198369336,24.896245986314195,23.62627947178741,25.095535233900122,31.154473296635803,45.53812310510321
1587,Prov. Lampung,Kab. Pesisir Barat,L,S1,9,42.0,9.817815885056767,4.5910322523643154,3.420020249657652,3.024317322441941,5.1487368310282555,7.43286483621074,6.915546719241428
1588,Prov. Lampung,Kab. Pesisir Barat,P,S1,25,101.0,23.609509628350796,9.584450682728495,6.826736707335743,5.52415462295305,10.322624921076919,11.556410544782336,15.787100860438695
1589,Prov. Lampung,Kab. Pringsewu,L,D3,23,88.0,20.570661854404655,25.097582347850363,22.756276553290512,24.420838026632467,27.171704560875025,24.83282486710926,26.63229082593308
1590,Prov. Lampung,Kab. Pringsewu,L,Profesi,137,193.0,45.11520156704657,185.31720768834566,139.89474482930257,127.29749722855236,214.76436035983977,247.18261698027553,258.32945041409954
1591,Prov. Lampung,Kab. Pringsewu,L,S1,430,2864.0,669.4815403524424,466.47073164072697,412.76591910335475,428.43556271700845,473.2866896071103,429.4069724251562,402.5335907364072
1592,Prov. Lampung,Kab. Pringsewu,L,S2,78,219.0,51.19289711493886,57.43497312659254,52.73223499997612,50.57812964473812,63.43598324279931,55.48743031959417,54.11811676435207
1593,Prov. Lampung,Kab. Pringsewu,P,D3,70,354.0,82.75016245976418,105.7378156147747,95.1890790368672,101.72632341277239,118.37984576705735,84.51363473587723,100.23092824842952
1594,Prov. Lampung,Kab. Pringsewu,P,Profesi,508,583.0,136.28063478543083,837.8588787583676,671.8222479203127,686.6660891788479,563.8629006021714,710.5811263122317,693.8987476689648
1595,Prov. Lampung,Kab. Pringsewu,P,S1,1305,6283.0,1468.6985049002778,1175.7301875028734,1050.134350009945,1109.1905612722082,1307.846946953697,1121.7673389759805,1174.0048097730828
1596,Prov. Lampung,Kab. Pringsewu,P,S2,136,317.0,74.10113418007131,97.97476990385522,91.23638494216208,89.83773610393656,107.56707261312278,81.24604428594758,82.33400987962443
1597,Prov. Lampung,Kab. Tenggamus,L,D3,17,18.0,4.207635379310043,5.471071091981878,4.729022852940099,5.169338966456559,6.21125473909844,6.013235023741334,6.612628068628953
1598,Prov. Lampung,Kab. Tenggamus,L,S1,73,385.0,89.99664561302036,71.43107849209554,61.027744772257144,66.08189235620725,71.27265497260264,59.4157344546588,48.27399596832132
1599,Prov. Lampung,Kab. Tenggamus,P,D3,2,2.0,0.46751504214556033,0.6640333276385443,0.573692535122612,0.6256664596911643,0.6986135689015325,2.187450044520272,1.390978628893636
1600,Prov. Lampung,Kab. Tenggamus,P,S1,119,508.0,118.74882070497233,102.22006409368225,87.16965471173832,93.91797233369668,102.77276944360709,62.38338027192287,70.23688655854937
1601,Prov. Lampung,Kab. Tulang Bawang,L,S1,248,702.0,164.0977797930917,126.7787465508619,111.76101637326077,121.05306632672325,124.10678674216804,101.6986818690244,96.11674363924112
1602,Prov. Lampung,Kab. Tulang Bawang,P,S1,272,769.0,179.75953370496794,148.89487084288564,130.72149871759217,140.27441080351127,169.57311938771565,143.2135822496366,145.94510014572228
1603,Prov. Lampung,Kab. Tulang Bawang Barat,L,D3,56,151.0,35.2973856819898,45.01188131128635,36.88308110670153,40.37137207271571,48.51685439159819,27.300395583131646,35.633729870443275
1604,Prov. Lampung,Kab. Tulang Bawang Barat,P,D3,29,83.0,19.401874249040755,27.026408606376922,22.13495453493292,24.17269250892616,26.78035528511777,20.701167950530145,20.14367650270818
1605,Prov. Lampung,Kab. Way Kanan,L,S1,167,919.0,214.82316186588497,110.00117066475352,85.12607824667923,79.08613777084636,78.32791526945574,111.44632612757697,123.56990913701672
1606,Prov. Lampung,Kab. Way Kanan,P,S1,289,1575.0,368.1680956896288,243.60342060953346,194.6367613223033,192.1845179445834,175.4668518388505,175.70790570664778,200.48877238587446
1607,Prov. Lampung,Kota Bandar Lampung,L,D3,540,2251.0,526.1881799348281,569.9726890801679,536.6162895150409,528.9919213875744,531.7018820932485,427.9268998866263,431.3561560461364
1608,Prov. Lampung,Kota Bandar Lampung,L,D4,308,2710.0,633.4828821072342,507.72805095908933,497.4071039973351,550.1716311147653,461.91665113158456,553.0679410849108,512.19404783016
1609,Prov. Lampung,Kota Bandar Lampung,L,Profesi,3000,934.0,218.32952468197666,965.9644537043212,785.6079074820237,703.3118697072188,1037.7608824542415,953.5257782676957,989.3644339469561
1610,Prov. Lampung,Kota Bandar Lampung,L,S1,5517,41846.0,9781.81722681156,6005.994187769213,5510.133081772742,5237.188589776939,6173.017751202253,7708.904357092163,5861.250545544936
1611,Prov. Lampung,Kota Bandar Lampung,L,S2,795,3010.0,703.6101384290683,822.2228228152052,808.0465549451093,752.9491705543072,870.41736628191,780.5364998686674,920.5040747768248
1612,Prov. Lampung,Kota Bandar Lampung,L,S2 Terapan,4,28.0,6.545210590037844,10.847956012695022,9.635151693229329,8.682062124036715,13.815756427108125,6.556415522707733,7.875761023911502
1613,Prov. Lampung,Kota Bandar Lampung,L,S3,63,483.0,112.90488267815282,58.72062645908608,59.03655132641145,69.00029461089517,78.53265476378203,86.71704087732427,69.73680854843417
1614,Prov. Lampung,Kota Bandar Lampung,L,Sp-1,6,24.0,5.610180505746724,4.810946725980318,5.5161429644754385,7.934745560989098,7.4018002606049285,6.275990778981746,6.1061416097493675
1615,Prov. Lampung,Kota Bandar Lampung,P,D2,18,27.0,6.311453068965064,13.615117158686306,11.197624958837547,11.030415630927205,17.2759379218709,8.551199048904689,10.385157551909254
1616,Prov. Lampung,Kota Bandar Lampung,P,D3,1790,5100.0,1192.1633574711789,1605.4483137575805,1548.9421474165483,1599.1120542083577,1582.709044321769,1205.9533934346698,1340.828135714286
1617,Prov. Lampung,Kota Bandar Lampung,P,D4,814,3983.0,931.0562064328834,852.4993380338782,841.0908497276457,933.9234725976947,864.3988987199401,917.3807326541059,855.0346717606327
1618,Prov. Lampung,Kota Bandar Lampung,P,Profesi,7039,1759.0,411.17947956702034,2191.4108954081753,1815.3514371828949,1682.247081379289,1977.6407019755195,2630.6844200668293,3368.8016357158067
1619,Prov. Lampung,Kota Bandar Lampung,P,S1,10351,57688.0,13485.003875646542,10154.59866348164,9521.810466032266,9427.467421299518,9424.811526620719,9945.627838193759,9894.988991498332
1620,Prov. Lampung,Kota Bandar Lampung,P,S2,825,2662.0,622.2625210957408,873.2425731717793,873.6053235371917,841.6418214765929,900.3701129754737,782.4038340355643,847.5563949388979
1621,Prov. Lampung,Kota Bandar Lampung,P,S2 Terapan,11,33.0,7.713998195401746,15.274464470840112,13.796768427722983,12.828648907966269,18.04326861066445,6.890137297980968,8.841444184978634
1622,Prov. Lampung,Kota Bandar Lampung,P,S3,34,296.0,69.19222623754293,44.69456802755846,46.04052530317819,56.34468658284684,50.68657143170736,43.46505344712598,49.57254014753847
1623,Prov. Lampung,Kota Bandar Lampung,P,Sp-1,1,13.0,3.0388477739461424,2.8465753662209714,3.2622551067137344,4.681828364333236,4.757634583755074,3.789407399098444,3.0688321242737437
1624,Prov. Lampung,Kota Metro,L,D3,46,134.0,31.323507823752543,32.487770843912294,28.104719067895683,27.357887576831587,29.770393404529873,35.073753583593096,35.27049462196309
1625,Prov. Lampung,Kota Metro,L,Profesi,188,186.0,43.47889891953711,286.6882057626387,233.4448277326653,244.7567132739565,154.6627823988702,199.85191873748303,225.12745402560992
1626,Prov. Lampung,Kota Metro,L,S1,679,8090.0,1891.0983454787915,1152.7055267322773,978.532296932336,930.9460543354862,942.2547258125741,902.2083264500634,834.78651847294
1627,Prov. Lampung,Kota Metro,L,S2,113,553.0,129.26790915324744,191.1359417662327,182.2193805500975,186.97392838943122,180.1881762275679,166.23119439497322,159.41586841044034
1628,Prov. Lampung,Kota Metro,P,D3,203,521.0,121.78766847891846,166.00419907209283,148.75536850532114,154.88016364574938,137.20312233535074,154.54677236983818,146.94294702355919
1629,Prov. Lampung,Kota Metro,P,Profesi,584,577.0,134.87808965899416,971.4774494010302,790.6739318501683,827.0806385133501,469.66513435603997,820.3532317571656,917.8559944023243
1630,Prov. Lampung,Kota Metro,P,S1,1016,9720.0,2272.123104827423,1744.0282837930954,1521.0167620577602,1523.437889661874,1541.0014845537876,1429.2138858693727,1477.2917494492947
1631,Prov. Lampung,Kota Metro,P,S2,133,427.0,99.81446149807714,168.6518050004409,162.11183652902025,168.79966484102584,140.78954690979756,124.27712658974015,139.09188843465375
1632,Prov. Maluku,Kab. Buru,L,S1,139,772.0,176.9529263476598,100.40446639522274,71.92765632863382,68.7526812858087,103.94200416693639,114.74272048278375,141.82088174896535
1633,Prov. Maluku,Kab. Buru,P,S1,291,1291.0,295.9148029984829,214.60475041078072,160.69667142193458,162.17724472307398,246.65320109707272,198.67329980318172,173.59021348980025
1634,Prov. Maluku,Kab. Maluku Tengah,L,S1,131,909.0,208.35519436531447,164.27991418895084,140.8795220028523,153.40533288300915,104.86461676688783,137.09557849118866,129.9805992457881
1635,Prov. Maluku,Kab. Maluku Tengah,P,S1,323,1950.0,446.96658857245677,384.2366043293248,327.89539237084426,357.33715656721813,235.16653212017795,319.72936067162533,343.1653607065514
1636,Prov. Maluku,Kab. Maluku Tenggara,L,D3,43,287.0,65.78431329245902,55.76492043701729,42.008815128431074,38.88486267913232,45.125510397994056,37.331744131486175,42.46086532112942
1637,Prov. Maluku,Kab. Maluku Tenggara,L,D4,52,754.0,172.82708091468328,110.12991674955595,89.17602628825966,92.73122720304491,89.52313704649991,127.80248409545041,143.507790691278
1638,Prov. Maluku,Kab. Maluku Tenggara,L,S1,31,286.0,65.55509965729365,27.724877798812436,20.168318334655304,17.352021832551596,21.752687654927115,16.8395189970263,30.243389102291836
1639,Prov. Maluku,Kab. Maluku Tenggara,P,D3,75,348.0,79.76634503754613,90.01926376229402,71.7817119106635,71.12160342272286,55.6592360724523,74.30042165799644,87.21797817224181
1640,Prov. Maluku,Kab. Maluku Tenggara,P,D4,93,815.0,186.8091126597704,143.33217361297875,119.09478262869905,128.15414343743353,136.84419995375225,127.56624771149086,138.78842526170135
1641,Prov. Maluku,Kab. Maluku Tenggara,P,S1,46,353.0,80.91241321337294,39.387681255349065,28.994384179666064,25.42543598603806,24.763738494821457,22.02199528922756,27.46731708925246
1642,Prov. Maluku,Kab. Maluku Tenggara Barat,L,D3,4,25.0,5.7303408791340615,3.517840372218579,2.255565336975585,1.9080016648605032,1.7411096585255645,5.373748628500815,5.745863052946919
1643,Prov. Maluku,Kab. Maluku Tenggara Barat,L,S1,15,680.0,155.86527191244647,62.3611165271325,41.93776632034039,36.0772336269831,31.055543943774882,65.13685020524329,50.225650163604016
1644,Prov. Maluku,Kab. Maluku Tenggara Barat,P,D3,7,75.0,17.191022637402185,10.565905053687262,6.566059812421122,5.401464459063601,5.287289230348884,15.519729685050173,16.44175137562821
1645,Prov. Maluku,Kab. Maluku Tenggara Barat,P,S1,29,1085.0,248.69679415441826,115.23554989053443,78.57004865006945,69.03316334481035,91.33307325490827,88.71740738238852,91.43450734741847
1646,Prov. Maluku,Kab. Seram Bagian Timur,L,S1,79,506.0,115.9820993936734,72.50426172869079,57.598870438986474,58.256716842397836,73.94267574991811,53.23386624044918,47.94062407235097
1647,Prov. Maluku,Kab. Seram Bagian Timur,P,S1,135,870.0,199.4158625938653,153.2302366968518,125.71075008013807,132.4898899516659,123.0199624100524,128.17585225176722,145.63943687344394
1648,Prov. Maluku,Kota Ambon,L,D3,277,1301.0,298.20693935013657,339.747335252153,281.77677377923357,289.65324334648614,295.5075562066974,307.1905284326763,295.9050719768315
1649,Prov. Maluku,Kota Ambon,L,D4,152,1238.0,283.7664803347187,220.39367347702807,190.62540301839906,213.0099923609872,173.9446943063094,256.1546509146436,230.92042794928994
1650,Prov. Maluku,Kota Ambon,L,Profesi,2736,2943.0,674.5757282916617,1528.236710681394,877.45889938635,640.8716368350648,1097.1641335364798,2497.656979811194,1692.3388000713571
1651,Prov. Maluku,Kota Ambon,L,S1,2001,18365.0,4209.508409811881,2672.508308679938,2216.316012945438,2200.545847566906,2782.1602287439923,2632.671630709838,2340.1271927356624
1652,Prov. Maluku,Kota Ambon,L,S2,144,634.0,145.32144469483978,202.54046638190042,178.8682082659799,181.680601848207,171.69811238443108,156.06904250173974,154.78074367610634
1653,Prov. Maluku,Kota Ambon,L,S3,17,118.0,27.04720894951277,18.395374724616165,16.549711870369904,22.557626838590856,16.900653129074882,18.275798296915156,14.179123759244385
1654,Prov. Maluku,Kota Ambon,P,D3,888,4066.0,931.9826405823637,1039.1127165410844,829.4131056021752,822.8055450831396,790.4966991402016,867.0074476855098,866.0198034282067
1655,Prov. Maluku,Kota Ambon,P,D4,173,1323.0,303.2496393237745,256.1287136112257,220.2751869888101,246.12561661176167,220.6888308111135,288.5036127393161,281.85335188628756
1656,Prov. Maluku,Kota Ambon,P,Profesi,6624,6779.0,1553.839232785992,3916.1463863628387,2251.512421615201,1656.968363209118,2384.22706454508,4422.987815570334,4158.718537180895
1657,Prov. Maluku,Kota Ambon,P,S1,3568,30613.0,7016.91701331724,5262.311327895866,4452.717507101145,4547.446893026515,5057.9459852179225,4109.26146133672,4567.265494819033
1658,Prov. Maluku,Kota Ambon,P,S2,187,588.0,134.77761747723312,216.7343178841876,193.83218389410794,200.82946589489302,178.87852809074553,168.29837148675168,184.27632414985305
1659,Prov. Maluku,Kota Ambon,P,S3,12,77.0,17.649449907732908,14.031969863690495,12.836069146796701,17.92549003725614,12.492948031007433,11.192567539833288,9.948166856292886
1660,Prov. Maluku,Kota. Tual,L,S1,64,1145.0,262.44961226434,148.38117025497132,118.24868744369002,115.38279108616918,156.39702966906074,98.92179359100406,119.79123164669362
1661,Prov. Maluku,Kota. Tual,P,S1,156,1752.0,401.582288809715,278.15314874496096,228.6835917310851,232.2601592946138,350.62324579995266,209.32394896649834,238.50466312739036
1662,Prov. Maluku Utara,Kab. Halmahera Selatan,L,S1,23,252.0,59.395890878032674,29.454045688312092,19.82954271257088,17.32189062655177,34.86046677043334,30.3246119595583,32.90100645730921
1663,Prov. Maluku Utara,Kab. Halmahera Selatan,P,S1,31,370.0,87.20825247965115,57.646060931640044,42.201840839874706,40.229110670030664,54.54892330322488,50.01219302938825,40.36035296909179
1664,Prov. Maluku Utara,Kab. Kepulauan Morotai,L,S1,72,1027.0,242.0618251259506,189.0430130286049,166.6729820539144,178.65239701838146,205.77321346784808,183.20588851337448,157.40807149054478
1665,Prov. Maluku Utara,Kab. Kepulauan Morotai,P,S1,120,1032.0,243.24031502432427,208.78367951834232,181.26492962122384,193.2948972306392,239.6938444559501,194.62093772583466,183.55309313051816
1666,Prov. Maluku Utara,Kab. Kepulauan Sula,L,S1,13,115.0,27.105267662594276,16.950136815245145,12.463436851101873,12.002795535569103,15.400013770169993,15.806739147252188,17.26808722603173
1667,Prov. Maluku Utara,Kab. Kepulauan Sula,P,S1,75,225.0,53.03204542681489,39.64804579694019,29.976675333615184,29.902201615003012,45.32764668271173,42.449619896354,45.56546526630218
1668,Prov. Maluku Utara,Kab. halmahera Utara,L,D3,6,46.0,10.84210706503771,9.865682349620867,8.128493974609839,7.612289229901953,9.430281944310867,10.902329207083131,11.18329098433817
1669,Prov. Maluku Utara,Kab. halmahera Utara,L,D4,13,47.0,11.077805044712443,5.542410680970454,4.462957324762414,4.147578141708875,11.793640827394496,5.920556217978353,4.66458751073342
1670,Prov. Maluku Utara,Kab. halmahera Utara,L,Profesi,2,16.0,3.7711676747957252,11.23039927072381,7.700267180114465,6.031085365589157,14.172053547041989,4.533591676956236,5.829342011856488
1671,Prov. Maluku Utara,Kab. halmahera Utara,L,S1,109,1085.0,255.7323079470851,133.9407594589853,108.54284579949469,99.38567104249437,110.76434306085523,129.05203079701437,121.79361546530802
1672,Prov. Maluku Utara,Kab. halmahera Utara,L,S2,9,31.0,7.306637369916718,8.542276486508092,7.671098836425622,7.310640887061191,9.738824878491977,7.944139571947857,9.460369489832505
1673,Prov. Maluku Utara,Kab. halmahera Utara,P,D3,47,253.0,59.631588857707406,58.19297964361274,46.62222455241571,42.92977531535707,46.78737504020479,36.35121708313683,38.61276547124029
1674,Prov. Maluku Utara,Kab. halmahera Utara,P,D4,13,48.0,11.313503024387176,7.340657082780812,6.337518512030603,6.343065831817276,7.8130510883697335,6.600941065279765,4.959003621426235
1675,Prov. Maluku Utara,Kab. halmahera Utara,P,Profesi,21,52.0,12.256294943086107,44.571521551794746,31.76893908999351,26.03659674538998,44.6280923525444,36.56956159788954,39.0896026207942
1676,Prov. Maluku Utara,Kab. halmahera Utara,P,S1,317,2453.0,578.1671441421196,371.11258088424324,313.26870663448864,301.07242298019423,382.579839210879,405.49053714054236,391.9367105836497
1677,Prov. Maluku Utara,Kab. halmahera Utara,P,S2,7,33.0,7.778033329266183,10.20061977750025,9.115604285012816,8.727695430975123,11.021803838761517,7.63536119037831,7.160529648275385
1678,Prov. Maluku Utara,Kota Ternate,L,D3,80,831.0,195.86502110970298,132.42138617017932,102.30067944690786,84.99432494770751,113.24634349789874,153.71796742105047,143.04291717830907
1679,Prov. Maluku Utara,Kota Ternate,L,Profesi,924,82.0,19.327234333328093,98.74320989902824,97.61147710698101,101.29487781138681,76.68562748728685,86.53411445445653,73.96148543993097
1680,Prov. Maluku Utara,Kota Ternate,L,S1,1337,12823.0,3022.355193369099,1499.6322759113677,1291.2895506418608,1179.5658346644445,1308.120390694485,1876.6459899895883,1664.6128628224392
1681,Prov. Maluku Utara,Kota Ternate,L,S2,151,627.0,147.7826332560575,174.65468419392536,172.2842926519262,168.82542560816165,222.66646519963356,162.42332844483,146.89029709693702
1682,Prov. Maluku Utara,Kota Ternate,L,S3,3,13.0,3.064073735771527,1.873455386727156,2.075928312674573,2.782673279824258,2.072373554093736,2.891815062873894,1.9358624158692561
1683,Prov. Maluku Utara,Kota Ternate,P,D3,447,2576.0,607.1579956421118,653.2940525332755,601.1750732976249,593.3843615428725,714.7345201551816,543.0475108011002,652.3448118162823
1684,Prov. Maluku Utara,Kota Ternate,P,Profesi,3871,172.0,40.540052504054046,238.0318950501634,237.0873955689052,250.06330815303,191.56000340428162,143.809744529543,82.75293212089062
1685,Prov. Maluku Utara,Kota Ternate,P,S1,2416,17463.0,4115.99381905986,2623.2842975358376,2409.8677304979324,2359.5525207234286,2735.1475865686048,2487.9928442743144,2832.619679759937
1686,Prov. Maluku Utara,Kota Ternate,P,S2,105,335.0,78.95882319103549,114.4050067216818,117.55025196527868,120.7609425144893,141.4159056032295,96.5699470931946,112.12974360142331
1687,Prov. Maluku Utara,Kota Tidore Kepulauan,L,D3,6,18.0,4.242563634145191,5.30443486575623,5.231839806796445,5.664534865776275,7.874072800284113,6.6602244005833775,6.35202136357639
1688,Prov. Maluku Utara,Kota Tidore Kepulauan,L,S1,90,934.0,220.14191301620045,104.87232934932167,82.25917195831681,71.26088538380465,106.31231857464499,107.99069987693998,104.03041547931797
1689,Prov. Maluku Utara,Kota Tidore Kepulauan,P,D3,6,12.0,2.828375756096794,3.9036415330060974,3.7999017785255336,4.101602867371252,6.062381944043972,3.8631056326263002,4.868527608341301
1690,Prov. Maluku Utara,Kota Tidore Kepulauan,P,S1,157,1154.0,271.9954685446417,168.52649306194152,141.93756165930657,132.60933683913905,137.27279332690603,136.77632379450154,143.1470933195742
1691,Prov. Nusa Tenggara Barat,Kab. Bima,L,Profesi,40,53.0,12.38914861685735,67.50991437091496,54.592370421119135,54.608523900712484,38.03746445149653,36.78363534844048,40.07191453471635
1692,Prov. Nusa Tenggara Barat,Kab. Bima,L,S1,487,3508.0,820.0213839233128,529.637863115985,468.41536869860784,466.4764810764248,509.74053521470756,515.5567833169882,506.981946244158
1693,Prov. Nusa Tenggara Barat,Kab. Bima,P,D3,125,244.0,57.03683514175836,73.35868790721223,66.97498198267314,69.93325140037769,73.49680050200966,58.9717020942667,58.19625343174385
1694,Prov. Nusa Tenggara Barat,Kab. Bima,P,Profesi,133,155.0,36.23241576628092,242.14306367848167,200.1407166571337,208.63537943444064,190.27291632190128,124.44861882480231,115.73867371068462
1695,Prov. Nusa Tenggara Barat,Kab. Bima,P,S1,715,4114.0,961.6784416934177,702.495339496158,625.1784674613318,629.3817357350935,738.2070391277377,819.4904204019044,783.7267099762606
1696,Prov. Nusa Tenggara Barat,Kab. Dompu,L,S1,414,2164.0,505.8512756014963,358.674511120334,319.1360201327188,321.92352345041485,351.6228547351434,327.9552335164202,278.08970749640196
1697,Prov. Nusa Tenggara Barat,Kab. Dompu,P,S1,541,2674.0,625.0676113486142,501.7562306347324,449.32047957832106,458.3281165983134,527.382410003677,436.444696868174,444.84160755558923
1698,Prov. Nusa Tenggara Barat,Kab. Lombok Barat,L,S1,145,1512.0,353.44137186204364,277.90251573844154,247.5063589886044,272.2503096834333,237.71723206549032,228.69893772290425,201.03453422473893
1699,Prov. Nusa Tenggara Barat,Kab. Lombok Barat,P,S1,167,1282.0,299.6771420153042,257.2359925711509,228.963506666241,251.2185202866221,238.59607674204898,225.1757627607965,232.76101725434484
1700,Prov. Nusa Tenggara Barat,Kab. Lombok Tengah,L,D3,152,559.0,130.67045427968412,161.71759717451758,152.86407401500514,160.29317798192358,149.66896685975,157.34812467410669,135.8988141572896
1701,Prov. Nusa Tenggara Barat,Kab. Lombok Tengah,L,D4,37,169.0,39.50502106129985,32.05905624500877,30.774044063222355,34.2479397354086,29.677182590680903,36.65941960570971,34.217154772458095
1702,Prov. Nusa Tenggara Barat,Kab. Lombok Tengah,L,Profesi,37,27.0,6.311453068965064,41.83983628187061,36.015488248648964,38.13716079306081,38.473171423493234,21.96948561725032,23.32227246717637
1703,Prov. Nusa Tenggara Barat,Kab. Lombok Tengah,L,S1,936,3061.0,715.5317720037801,577.366696482964,546.3433005651651,581.7485224252366,451.47311516257355,479.8978401067636,449.3756979471173
1704,Prov. Nusa Tenggara Barat,Kab. Lombok Tengah,L,S2,36,111.0,25.9470848390786,42.49940901251513,43.64057156232462,46.90651277575019,38.22501629417616,35.06156431622248,46.98037379182889
1705,Prov. Nusa Tenggara Barat,Kab. Lombok Tengah,P,D3,154,539.0,125.99530385822851,180.36374612858216,172.30035969591506,184.18275550547656,188.54363070653494,150.56252779221268,136.04867440328871
1706,Prov. Nusa Tenggara Barat,Kab. Lombok Tengah,P,D4,39,192.0,44.881444045973794,41.626465773577436,40.283945170815045,45.44120103737999,38.921185721945754,47.50197917860456,48.521842735591136
1707,Prov. Nusa Tenggara Barat,Kab. Lombok Tengah,P,Profesi,199,197.0,46.05023165133769,333.46669623184044,286.90760774589114,303.11064777574893,302.9045300940875,460.7706390147351,281.3636564732383
1708,Prov. Nusa Tenggara Barat,Kab. Lombok Tengah,P,S1,1029,3769.0,881.0320969233085,791.3482290150102,751.19649723212,803.7230152634257,727.9877126408842,762.4134980341076,702.114560231831
1709,Prov. Nusa Tenggara Barat,Kab. Lombok Tengah,P,S2,25,52.0,12.15539109578457,21.748198292669,22.32138253804951,23.93667838093792,21.38951482169292,15.215310035173903,13.834996044138183
1710,Prov. Nusa Tenggara Barat,Kab. Lombok Timur,L,Profesi,3259,2744.0,641.4306378237088,3363.113471002525,2844.363857290229,2883.762619062665,3006.3600804028624,3436.4419070190424,3698.0989265145013
1711,Prov. Nusa Tenggara Barat,Kab. Lombok Timur,L,S1,1825,11046.0,2582.08557776993,1590.850990561944,1470.093413194414,1489.278446553415,1774.2511397719352,1671.16329187582,1605.0277840190354
1712,Prov. Nusa Tenggara Barat,Kab. Lombok Timur,L,S2,42,189.0,44.180171482755455,42.24158777165073,40.19063979497845,36.89294457430307,47.389956729297886,47.98888411292946,46.8772501246362
1713,Prov. Nusa Tenggara Barat,Kab. Lombok Timur,P,D3,33,29.0,6.778968111110625,9.150112246685831,8.88475146102668,9.715147428624512,10.600051984389237,6.928712130760123,6.7135173906934025
1714,Prov. Nusa Tenggara Barat,Kab. Lombok Timur,P,Profesi,6362,5731.0,1339.6643532681032,7526.24285796984,6338.642834883878,6365.333609581728,6197.677106470403,4501.805500779673,4838.846983187731
1715,Prov. Nusa Tenggara Barat,Kab. Lombok Timur,P,S1,2118,12533.0,2929.6830116051538,2212.810036000709,2089.655967875387,2203.4001610846376,2773.432141589892,2558.3698864542475,2364.315452177535
1716,Prov. Nusa Tenggara Barat,Kab. Lombok Timur,P,S2,47,119.0,27.81714500766084,33.238718708559645,32.44182924336407,31.255198957816898,39.377562044617875,30.225645444085202,30.238357444923786
1717,Prov. Nusa Tenggara Barat,Kab. Lombok Utara,L,S1,144,386.0,90.23040313409314,62.744651418161574,53.03351852701909,55.221793519375595,74.48414341140607,36.41244419976624,39.62699746556986
1718,Prov. Nusa Tenggara Barat,Kab. Lombok Utara,P,S1,248,802.0,187.4735319003697,148.71020699666545,126.68861672259204,133.77614937105443,180.8116993907623,113.71603458441959,139.85355454422753
1719,Prov. Nusa Tenggara Barat,Kab. Sumbawa,L,D1,765,803.0,187.70728942144248,364.9776078490525,131.02983226502263,116.36720947657442,237.82057601145308,100.32580009122366,93.98287189795764
1720,Prov. Nusa Tenggara Barat,Kab. Sumbawa,L,D2,29,45.0,10.519088448275108,20.473169515086582,16.592850255082382,16.751768558305336,19.8848870135291,11.932608072485358,13.103066523884916
1721,Prov. Nusa Tenggara Barat,Kab. Sumbawa,L,D3,7,20.0,4.675150421455603,4.971213997266755,4.604444988726167,4.615346636414122,5.111783796580799,3.925574209935125,3.3125055984208576
1722,Prov. Nusa Tenggara Barat,Kab. Sumbawa,L,Profesi,9,9.0,2.1038176896550214,13.831413758935442,11.993953511080365,12.814062294640586,15.281697932582807,7.392984894391488,6.7168446796311185
1723,Prov. Nusa Tenggara Barat,Kab. Sumbawa,L,S1,719,3583.0,837.5531980037713,555.3356618532723,511.38108507283124,520.4494188566551,550.9217587559802,546.4178534277481,521.7183663764941
1724,Prov. Nusa Tenggara Barat,Kab. Sumbawa,L,S2,83,225.0,52.59544224137554,54.71802872487698,51.9368129989722,47.62822417971728,56.3164906735518,58.26889246156474,46.14112543186171
1725,Prov. Nusa Tenggara Barat,Kab. Sumbawa,P,D1,31,32.0,7.480240674328965,15.509530389381087,5.539531962115998,4.86403455427154,9.5131829895939,12.506327020882486,19.948975104751625
1726,Prov. Nusa Tenggara Barat,Kab. Sumbawa,P,D2,1,3.0,0.7012725632183405,1.4909183213138886,1.2077582989682376,1.2165214696251707,1.5002238885735677,2.350765799199749,2.1712911324682582
1727,Prov. Nusa Tenggara Barat,Kab. Sumbawa,P,D3,75,114.0,26.648357402296938,31.85166838368333,29.650905588461942,29.97397834285257,33.8027581151036,38.49812006632302,36.59960015716588
1728,Prov. Nusa Tenggara Barat,Kab. Sumbawa,P,Profesi,40,43.0,10.051573406129547,66.54738346690044,56.78031978747315,58.69899170804599,81.49267295401522,24.79288033920248,27.905799516581656
1729,Prov. Nusa Tenggara Barat,Kab. Sumbawa,P,S1,969,4229.0,988.5605566167874,798.0462587101915,750.2068069660415,794.8497701689749,803.959883219157,731.4042284462229,770.4431832205493
1730,Prov. Nusa Tenggara Barat,Kab. Sumbawa,P,S2,32,102.0,23.84326714942358,28.359325402632077,27.142588166175013,25.263103259076548,22.616828923154507,20.179196707720557,22.153823277714285
1731,Prov. Nusa Tenggara Barat,Kab. Sumbawa Barat,L,S1,63,660.0,154.27996390803492,61.3037580943379,43.9002287830346,36.85879584452659,35.54072100382896,49.776947750915326,44.23846559499863
1732,Prov. Nusa Tenggara Barat,Kab. Sumbawa Barat,P,S1,98,698.0,163.16274970880056,85.66626777488764,63.61357653562841,57.260521167929454,69.80492172976325,81.89286887622853,82.5604839657455
1733,Prov. Nusa Tenggara Barat,Kota Bima,L,S1,1079,5522.0,1290.809031363892,964.9537123830019,892.7478079544833,947.7801379171644,794.9559166216113,748.0566637642265,658.0272750069531
1734,Prov. Nusa Tenggara Barat,Kota Bima,L,S2,26,90.0,21.038176896550215,33.472300637097646,33.91338431752565,36.9964802052622,25.78412129003761,30.57273092347655,34.75495556446849
1735,Prov. Nusa Tenggara Barat,Kota Bima,P,D3,100,534.0,124.82651625286461,145.71571968233215,132.78619141125856,134.88729606716555,148.80947919223803,148.86601532970883,148.98121861433114
1736,Prov. Nusa Tenggara Barat,Kota Bima,P,S1,862,4701.0,1098.8941065631395,927.3704570892868,863.0286869774991,925.5132329320063,840.2398133851497,871.768741499454,849.0421092813785
1737,Prov. Nusa Tenggara Barat,Kota Bima,P,S2,14,24.0,5.610180505746724,9.750217960067408,9.873932621803805,10.74680856856756,7.463177743746872,5.859009028696172,3.8755007752238138
1738,Prov. Nusa Tenggara Barat,Kota Mataram,L,D3,388,2380.0,556.3429001532168,569.5316509082154,541.161053405403,541.5113870297058,538.6419002616184,575.1053773121554,612.061530289771
1739,Prov. Nusa Tenggara Barat,Kota Mataram,L,D4,37,396.0,92.56797834482094,79.38647223997715,80.01784432956612,89.93217314726404,81.97449926568689,91.40614452504511,74.16621407916163
1740,Prov. Nusa Tenggara Barat,Kota Mataram,L,Profesi,7419,2611.0,610.340887521029,3874.4991077348245,3441.579223056414,3602.1808325803586,2377.1953476897115,3317.82348555682,3451.555973795011
1741,Prov. Nusa Tenggara Barat,Kota Mataram,L,S1,5222,39978.0,9345.158177447605,6176.427260611211,5856.562812517255,5857.370062178114,5876.596771559573,7368.587413078212,5563.9826457871495
1742,Prov. Nusa Tenggara Barat,Kota Mataram,L,S2,515,1664.0,388.9725150651062,521.5131158391347,536.1203993293691,536.927668201805,514.7152273919137,555.0111864360003,544.773444352008
1743,Prov. Nusa Tenggara Barat,Kota Mataram,L,S3,42,226.0,52.82919976244832,34.75260236382171,37.24288445925049,48.532504795433255,35.80432710290944,37.53118118390762,36.76143388168777
1744,Prov. Nusa Tenggara Barat,Kota Mataram,P,D3,715,3741.0,874.4868863332706,1130.0126183271207,1102.7391423959248,1153.8905436373814,1112.1465027766446,1028.3402652037869,1114.2743749434787
1745,Prov. Nusa Tenggara Barat,Kota Mataram,P,D4,329,1937.0,452.7883183179752,421.00862095091065,423.5397318568083,473.5866886308366,456.17792300519824,508.4088169708885,522.0836741966583
1746,Prov. Nusa Tenggara Barat,Kota Mataram,P,Profesi,16790,4168.0,974.3013478313477,6765.403027828375,6008.159458870906,6277.31631567994,3917.8467079300513,4986.357741638565,4919.149411939161
1747,Prov. Nusa Tenggara Barat,Kota Mataram,P,S1,8128,46426.0,10852.426673324891,8823.488786678055,8559.99164501917,8966.92520256335,9493.43793454032,8071.380655658209,8647.763564612516
1748,Prov. Nusa Tenggara Barat,Kota Mataram,P,S2,386,1148.0,268.35363419155163,427.7292846303415,446.7374136751409,460.8260959789246,398.1949544281692,359.28804007430665,406.4825211350467
1749,Prov. Nusa Tenggara Barat,Kota Mataram,P,S3,2,56.0,13.090421180075689,10.583530413505427,11.597442104055734,15.762313046231462,8.665892404008043,6.662612367194972,6.751536552482743
1750,Prov. Nusa Tenggara Timur,Kab. Alor,L,S1,180,1104.0,291.3904921153844,176.81396383530154,171.63836530028442,159.05802251850753,187.61033468374123,177.88458370216932,141.63479968734148
1751,Prov. Nusa Tenggara Timur,Kab. Alor,P,S1,271,1721.0,454.24188127769617,321.3538813894141,314.42023981605684,299.4948189557875,365.2706574010898,298.67737788816777,299.54487736486954
1752,Prov. Nusa Tenggara Timur,Kab. Belu,L,S1,2,391.0,103.20079929086532,67.51520320458849,54.298699689728615,54.79189938336775,51.11677957038247,44.38110984082084,44.31354542286297
1753,Prov. Nusa Tenggara Timur,Kab. Belu,P,S1,40,667.0,176.04842231971142,119.86812808498178,101.42064948320642,103.83875049002708,122.99027284614793,97.02369221655185,83.95523624769133
1754,Prov. Nusa Tenggara Timur,Kab. Ende,L,Profesi,395,397.0,104.78444326975328,702.709662874644,536.8524740999002,474.37842194119975,617.830112871037,596.0286232394551,556.5566606069937
1755,Prov. Nusa Tenggara Timur,Kab. Ende,L,S1,426,2712.0,715.8070784573574,431.539559078559,462.25090397612286,420.0119831981577,465.6275362348607,393.4577497088199,388.47460675780565
1756,Prov. Nusa Tenggara Timur,Kab. Ende,L,S2,12,19.0,5.01487259981187,7.721586083807155,7.641027279840164,7.003831037431437,6.090450930706724,4.867511742675082,4.844457851727913
1757,Prov. Nusa Tenggara Timur,Kab. Ende,P,Profesi,993,1000.0,263.9406631479931,1926.098047348653,1522.2771493485336,1371.7624498486387,1549.6060386895927,1166.2793244759614,1334.0624040602565
1758,Prov. Nusa Tenggara Timur,Kab. Ende,P,S1,830,4289.0,1132.0415042417426,824.9088751742756,878.2206148817864,825.0444051293566,894.762794167554,751.888775771203,852.8052546945087
1759,Prov. Nusa Tenggara Timur,Kab. Ende,P,S2,4,8.0,2.111525305183945,3.0082695938097617,3.2739581170387457,3.004199112831148,2.0806380521465515,3.0739818577173086,2.8212252866221115
1760,Prov. Nusa Tenggara Timur,Kab. Flores Timur,L,S1,63,383.0,101.08927398568137,58.0699692782872,53.434010168572044,50.9894169177508,61.27737309536723,61.43146155281764,61.410610748417724
1761,Prov. Nusa Tenggara Timur,Kab. Flores Timur,P,S1,121,539.0,142.2640174367683,90.2891192144044,85.45684518301537,83.30639130421193,98.38921365310864,58.488546163216625,54.218826563378414
1762,Prov. Nusa Tenggara Timur,Kab. Kupang,L,D3,141,530.0,139.88855146843636,115.90607415405795,100.2583033411398,102.79364056216667,105.02469486635938,113.91447411905379,161.2106518939825
1763,Prov. Nusa Tenggara Timur,Kab. Kupang,L,Profesi,31,60.0,15.836439788879588,98.83797540043146,62.715740708997586,60.481789019014684,78.98773434281517,28.657367061338547,26.098565131869005
1764,Prov. Nusa Tenggara Timur,Kab. Kupang,L,S1,84,1211.0,319.63214307221966,158.811433285717,148.03788158308782,144.28981234255465,109.25603430082961,101.47854073227005,106.62343926105767
1765,Prov. Nusa Tenggara Timur,Kab. Kupang,P,D3,123,772.0,203.7621919502507,198.774200043905,173.62933285022825,178.8373094926039,167.2850318092116,174.6605774006205,175.22471827210973
1766,Prov. Nusa Tenggara Timur,Kab. Kupang,P,Profesi,66,92.0,24.282541009615368,162.6562406070095,107.32910076630921,105.3895177806284,108.46275935886129,176.7289370626735,75.44016182089452
1767,Prov. Nusa Tenggara Timur,Kab. Kupang,P,S1,183,1881.0,496.4723873813751,295.4024743634772,274.7330784295851,276.17491293053615,216.25945250266636,226.75963728787517,235.78999442553828
1768,Prov. Nusa Tenggara Timur,Kab. Malaka,L,S1,12,139.0,36.68775217757105,22.231191503080897,19.92540071815003,18.918597664333642,19.901379673026113,16.493707857665143,15.10679604532504
1769,Prov. Nusa Tenggara Timur,Kab. Malaka,P,S1,27,355.0,93.69893541753757,65.46809136105188,59.37958635102878,57.92205577846534,69.18059589981988,70.32107217775724,70.85507724548542
1770,Prov. Nusa Tenggara Timur,Kab. Manggarai,L,Profesi,506,513.0,135.40156019492048,905.4846946801497,680.9368988541052,597.9078244840042,2371.80378240033,739.924773437758,645.8572912526183
1771,Prov. Nusa Tenggara Timur,Kab. Manggarai,L,S1,393,2721.0,718.1825444256893,461.18030476588564,474.52239141091985,430.88538221703004,489.8926673166319,431.9664429736943,358.8889014270334
1772,Prov. Nusa Tenggara Timur,Kab. Manggarai,P,D3,134,401.0,105.84020592234525,127.13672292820732,125.31963596486229,117.64344450435445,110.54710601896524,89.62808172830432,98.38340834177781
1773,Prov. Nusa Tenggara Timur,Kab. Manggarai,P,Profesi,1556,1564.0,412.8031971634613,3022.4522792662665,2345.932005075067,2102.1442877743384,6048.977996367012,1787.8491165179714,1840.3669621719814
1774,Prov. Nusa Tenggara Timur,Kab. Manggarai,P,S1,889,5007.0,1321.5509003820016,990.807265009372,1027.0220398460906,958.652729441669,1149.7542236439365,939.1148518297891,984.2436833410483
1775,Prov. Nusa Tenggara Timur,Kab. Manggarai Barat,L,D3,17,88.0,23.226778357023395,17.602303231730374,14.997666274739212,15.027487343629746,23.4877238337308,15.547114660086704,14.684116357558203
1776,Prov. Nusa Tenggara Timur,Kab. Manggarai Barat,L,D4,33,157.0,41.438684114234924,25.034758521461992,21.93980782588806,23.367544486938268,25.259391849816478,16.373377868488873,15.096004418439762
1777,Prov. Nusa Tenggara Timur,Kab. Manggarai Barat,P,D3,29,94.0,24.810422335911355,22.696861078728126,19.177284822315315,20.099366149266043,28.39202347009009,17.606637967790537,14.428896730469843
1778,Prov. Nusa Tenggara Timur,Kab. Manggarai Barat,P,D4,55,294.0,77.59855496550998,54.97490879342975,48.537698547688656,52.78062713165119,52.70085478583068,40.60863071672028,31.580372831851538
1779,Prov. Nusa Tenggara Timur,Kab. Nagakeo,L,D3,57,181.0,47.773260029786755,43.633932570898,35.1388743174225,35.1547706370341,41.482931493161615,20.776823352071982,34.96490873352467
1780,Prov. Nusa Tenggara Timur,Kab. Nagakeo,L,S1,19,92.0,24.282541009615368,13.072445516213387,11.315980035048959,11.167331311265537,14.116147341333017,13.647665859282005,14.478520787152693
1781,Prov. Nusa Tenggara Timur,Kab. Nagakeo,P,D3,69,185.0,48.82902268237873,53.80082662821379,43.11120924719445,44.50579929009904,48.36719439650373,31.898339157342093,39.39634853631908
1782,Prov. Nusa Tenggara Timur,Kab. Nagakeo,P,S1,17,83.0,21.90707504128343,14.446828184510485,12.37184667758552,12.620651482842973,16.335641760387436,15.98882879134714,15.702890403801158
1783,Prov. Nusa Tenggara Timur,Kab. Ngada,L,S1,53,834.0,220.12651306542628,151.25182574792345,151.1834635471063,138.9656200637479,159.10416065482238,172.76884560525326,149.21656591017287
1784,Prov. Nusa Tenggara Timur,Kab. Ngada,P,S1,189,1586.0,418.6098917527171,304.4386483137238,317.63489817057837,298.72759612025453,336.67836410532357,297.37592311497616,298.3228370660587
1785,Prov. Nusa Tenggara Timur,Kab. Rote-Ndao,L,S1,46,1256.0,331.5094729138794,84.04061658096813,96.06956997603073,86.03084159431475,138.344032777277,101.10586102593186,93.22160123617718
1786,Prov. Nusa Tenggara Timur,Kab. Rote-Ndao,P,S1,68,949.0,250.4796893274455,79.22239976001214,88.97511542907657,82.53454372397856,109.3177020992312,94.24686961864425,97.88662388671506
1787,Prov. Nusa Tenggara Timur,Kab. Sikka,L,D3,36,251.0,66.24910645014627,68.39413517118089,58.507696636665266,58.08399747400027,60.28047649572328,65.1396013038972,63.536057217860105
1788,Prov. Nusa Tenggara Timur,Kab. Sikka,L,Profesi,3,6.0,1.5836439788879588,5.424774412219684,4.59678326074645,4.063762467945328,2.9316201648163633,3.270740676354242,3.319223079236084
1789,Prov. Nusa Tenggara Timur,Kab. Sikka,L,S1,559,4210.0,1111.1901918530511,653.0551845699501,608.3228475506587,593.8262394183142,566.322833068246,582.8915536007801,542.6912252847025
1790,Prov. Nusa Tenggara Timur,Kab. Sikka,L,S2,60,174.0,45.92567538775081,60.53873827512913,54.68026305704285,53.19093435927976,55.68661138588561,56.0319303929273,65.00116725354675
1791,Prov. Nusa Tenggara Timur,Kab. Sikka,P,D3,83,806.0,212.73617449728246,241.6503375222899,212.961473133081,215.87863122640036,214.50964192481692,182.4231121639087,187.66556445339174
1792,Prov. Nusa Tenggara Timur,Kab. Sikka,P,Profesi,35,40.0,10.557626525919726,70.3320254800052,49.5219507960855,47.70797697126612,40.15344610665082,14.480483929075264,15.102264448496038
1793,Prov. Nusa Tenggara Timur,Kab. Sikka,P,S1,785,4924.0,1299.6438253407182,898.1726800683621,840.5186504088442,844.3676327541541,845.3735610092608,794.4445718205816,835.3076577668087
1794,Prov. Nusa Tenggara Timur,Kab. Sumba Barat Daya,L,S1,84,2145.0,566.1527224524452,295.4865870657166,268.1393936462978,261.836081612941,266.6564010812522,158.23195756714046,171.73582846414158
1795,Prov. Nusa Tenggara Timur,Kab. Sumba Barat Daya,P,D3,1,208.0,54.899657934782574,66.39926614946762,53.22254709650541,55.14359379574975,48.245891007877646,24.65782703365307,29.39164541622998
1796,Prov. Nusa Tenggara Timur,Kab. Sumba Barat Daya,P,S1,209,2628.0,693.6360627529259,423.0403946550761,386.59827561326426,388.1321041562634,422.3386656488962,333.8788268999447,356.58086426249065
1797,Prov. Nusa Tenggara Timur,Kab. Sumba Timur,L,S1,325,2019.0,532.8961988957982,340.80182520393737,323.6088907196785,306.0782268784976,313.64498681584246,299.2527560698792,292.42897134301074
1798,Prov. Nusa Tenggara Timur,Kab. Sumba Timur,P,S1,565,2668.0,704.1936892788457,513.8608831713461,495.8232752536768,480.84261919349655,523.0029371339965,446.12496426884377,451.8028270421861
1799,Prov. Nusa Tenggara Timur,Kab. Timor Tengah Selatan,L,S1,28,336.0,88.68406281772569,53.33105135833767,51.42673289905511,47.87875646142724,51.45876336728102,52.216700653637595,55.688832342254315
1800,Prov. Nusa Tenggara Timur,Kab. Timor Tengah Selatan,P,S1,104,969.0,255.75850259040536,165.77413338766974,165.76807631499784,158.033440690765,191.30547990640574,168.0937039577604,189.8827288342832
1801,Prov. Nusa Tenggara Timur,Kab. Timor Tengah Utara,L,D3,3,36.0,9.501863873327753,9.11047713701087,8.97343415754488,8.322910253521078,5.642960393079205,9.681489928150144,11.58450591712333
1802,Prov. Nusa Tenggara Timur,Kab. Timor Tengah Utara,L,S1,427,3724.0,982.9150295631265,611.6323476944751,624.2857704564268,578.1372832390009,558.0511988497196,597.4169940931898,542.262586185307
1803,Prov. Nusa Tenggara Timur,Kab. Timor Tengah Utara,P,D3,48,369.0,97.39410470160946,117.94065695023416,113.60534272856361,109.30031458557605,94.54863003697444,102.63412423814606,110.75818627715145
1804,Prov. Nusa Tenggara Timur,Kab. Timor Tengah Utara,P,S1,1084,7367.0,1944.4508654112653,1432.3553108559734,1465.3130549737757,1396.4505735535115,1619.3756608747558,1245.5424793501204,1304.9467782161807
1805,Prov. Nusa Tenggara Timur,Kota Kupang,L,D3,812,4673.0,1233.394718890572,1221.804908036856,1158.7923579603985,1161.7073341375162,1218.9691616821437,852.2777650565065,996.9436567890671
1806,Prov. Nusa Tenggara Timur,Kota Kupang,L,D4,624,4272.0,1127.5545129682266,796.6628550557858,810.17112647777,853.8953698117381,841.4400184441128,761.152597261518,705.6528077047141
1807,Prov. Nusa Tenggara Timur,Kota Kupang,L,Profesi,3611,3883.0,1024.8815950036574,5103.615901730102,4107.034475968097,3812.2443352424493,3805.688672748116,4823.1883255174525,4385.083516370334
1808,Prov. Nusa Tenggara Timur,Kota Kupang,L,S1,4101,36070.0,9520.339719748112,4773.561271075768,5160.09924958471,4990.917580048669,3775.1816515564014,4723.398081326253,4432.078197149403
1809,Prov. Nusa Tenggara Timur,Kota Kupang,L,S2,125,628.0,165.7547364569397,134.2793967759693,159.4016538704734,147.559795589498,166.4055606723455,126.46895674058389,162.05423130315503
1810,Prov. Nusa Tenggara Timur,Kota Kupang,L,S2 Terapan,6,9.0,2.3754659683319383,2.9787451959284903,2.8427185344237804,2.6320559766512814,2.8263940831839216,4.343887466047051,3.658622126513603
1811,Prov. Nusa Tenggara Timur,Kota Kupang,L,S3,5,111.0,29.297413609427238,10.849406899166649,13.854774688448412,16.445481129397244,11.202611925043815,19.76497531412068,13.81774807860628
1812,Prov. Nusa Tenggara Timur,Kota Kupang,P,D3,1364,6158.0,1625.3466036653417,1581.9024219659807,1614.4710624159084,1625.4642707051285,1595.356545431787,1432.5360313793553,1422.3989159188898
1813,Prov. Nusa Tenggara Timur,Kota Kupang,P,D4,791,4866.0,1284.3352668781347,984.3981885880116,1035.9468830038702,1117.2423560119187,1037.1937277703203,884.0446080602891,930.330983288983
1814,Prov. Nusa Tenggara Timur,Kota Kupang,P,Profesi,7703,8061.0,2127.625685635973,11185.044010875254,9418.651607316866,8884.924441597857,7380.65770247311,7474.754170576861,8044.5137031341155
1815,Prov. Nusa Tenggara Timur,Kota Kupang,P,S1,7084,48514.0,12804.81733196174,7732.081197464064,8319.702790140655,8311.787562943196,8262.178989442547,7415.954322182907,7833.837283469405
1816,Prov. Nusa Tenggara Timur,Kota Kupang,P,S2,128,566.0,149.3904153417641,148.8565821681113,174.5451426552411,167.09979643503996,163.70092286131663,143.4001381393354,195.93844312376814
1817,Prov. Nusa Tenggara Timur,Kota Kupang,P,S2 Terapan,5,6.0,1.5836439788879588,2.4927571297913955,2.3318586428011674,2.2380289071791015,3.561459857360459,2.806057471406773,2.74545863768953
1818,Prov. Nusa Tenggara Timur,Kota Kupang,P,S3,4,29.0,7.654279231291801,4.189971441535539,4.931002147742186,6.181494779516869,5.0581292004779135,5.890109246869678,5.605800095962139
1819,Prov. Papua,Kab. Biak Numfor,L,D3,22,280.0,65.45210590037844,51.59262888546823,43.164838083225334,39.17427940738934,46.65674472422659,47.16031757256964,45.59697628308221
1820,Prov. Papua,Kab. Biak Numfor,L,S1,145,1191.0,278.40520759768117,149.29928355865266,126.07599769089708,118.06333263267179,145.01732327504214,136.81693985528406,130.75173599005703
1821,Prov. Papua,Kab. Biak Numfor,L,S2,18,72.0,16.83054151724017,16.412533391034916,14.723823755335172,13.353603564338234,16.83238114458424,18.573343248332495,19.590645548293487
1822,Prov. Papua,Kab. Biak Numfor,P,D3,21,242.0,56.5693200996128,47.881010277725935,39.90794161870657,35.90293383237747,51.46801119118763,40.2817079051483,44.28138237048124
1823,Prov. Papua,Kab. Biak Numfor,P,S1,209,1402.0,327.7280445440378,221.90889410752325,192.61370319344158,190.04102481674568,210.15588935164453,205.72336735961716,233.89610722009098
1824,Prov. Papua,Kab. Biak Numfor,P,S2,4,21.0,4.9089079425283835,6.806709251880275,6.42215454004378,6.417285519430921,7.042975028087901,3.4843705069240443,2.7063943938656174
1825,Prov. Papua,Kab. Jayapura,L,S1,243,3938.0,920.5371179846082,420.38137704356996,355.1357897771254,322.2902108098678,344.83070331386045,452.8353074751705,447.9407792740304
1826,Prov. Papua,Kab. Jayapura,L,S2,32,114.0,26.648357402296938,24.50904039723171,22.43422555949561,20.490410509206544,19.05757454876527,22.12723687229006,21.156105893194415
1827,Prov. Papua,Kab. Jayapura,P,S1,279,3562.0,832.6442900612429,475.6506927306256,412.2818046944242,392.8246660591506,455.36879281675584,574.4714596677649,553.2766082496378
1828,Prov. Papua,Kab. Jayapura,P,S2,19,46.0,10.752845969347888,13.6308877614672,13.043537277401937,12.972877030900452,16.39299701292356,10.836285265299152,11.646208415875845
1829,Prov. Papua,Kab. Jayawijaya,L,S1,321,4438.0,1037.4158785209984,489.6879709699328,399.89365339684053,367.8117877592217,457.06555504732205,436.15748108348964,412.9239719829199
1830,Prov. Papua,Kab. Jayawijaya,L,S2,36,122.0,28.51841757087918,42.57182801365557,41.097609369900894,45.084982918017424,42.511824683843955,32.27289402904948,40.11072490533213
1831,Prov. Papua,Kab. Jayawijaya,P,S1,397,3069.0,717.4018321723623,474.92516714507957,406.8127797405409,410.1272879079572,580.6530153521618,415.47759927773063,444.6751653517251
1832,Prov. Papua,Kab. Jayawijaya,P,S2,11,59.0,13.79169374329403,22.474661835341532,21.68320010875707,23.726459315916145,22.345253194819474,15.76848667999022,23.504292987920323
1833,Prov. Papua,Kab. Merauke,L,D3,37,380.0,88.82785800765646,62.03242311202883,53.04069463730983,46.14893158722772,70.37186203696955,66.89568309434001,79.53422770677693
1834,Prov. Papua,Kab. Merauke,L,Profesi,1462,1253.0,292.8981739041935,1699.2494990353143,1470.1850702354393,1861.1810968757072,1541.0899035595367,1444.4451037439426,1365.386095676246
1835,Prov. Papua,Kab. Merauke,L,S1,454,9891.0,2312.0956409308687,1039.7658319975208,888.0764808465002,782.679789989893,868.1982352634326,1180.7494232773647,1037.455711710187
1836,Prov. Papua,Kab. Merauke,L,S2,21,65.0,15.194238869730711,18.7901131865925,18.462688517024823,18.37260198887999,20.998083367193065,13.90013030093351,12.177645056808817
1837,Prov. Papua,Kab. Merauke,P,D3,95,642.0,150.07232852872485,112.83566081156265,96.16431461930652,83.02364931575698,126.37480298064177,107.16281356374648,134.64077071485315
1838,Prov. Papua,Kab. Merauke,P,Profesi,2960,2604.0,608.7045848735196,3875.872308571068,3355.737523454362,4256.926184897298,3274.8312858092036,2888.25287000988,3552.0200078152766
1839,Prov. Papua,Kab. Merauke,P,S1,502,8173.0,1910.5002197278322,1056.2885717367,922.599476576141,848.3822802541449,1103.975579420712,848.455396388406,805.6755843475888
1840,Prov. Papua,Kab. Merauke,P,S2,16,37.0,8.649028279692866,12.829394418340542,12.829381246372954,13.193810349960074,14.090388382082175,6.764205193137184,5.277301078945775
1841,Prov. Papua,Kab. Mimika,L,D3,50,142.0,33.193567992334785,30.635532830227106,26.68178145551499,26.323316140535198,31.594283763425494,28.831425368440872,31.22588785360708
1842,Prov. Papua,Kab. Mimika,L,S1,93,811.0,189.5773495900247,90.3611363919854,75.31740768075989,69.11809204416366,72.40079488243683,97.66590185040953,104.31712061317643
1843,Prov. Papua,Kab. Mimika,P,D3,27,157.0,36.69993080842649,35.68283874810031,30.846136782604916,29.950532914451248,41.64656069661898,30.773891682350698,37.2023600970031
1844,Prov. Papua,Kab. Mimika,P,S1,147,1061.0,248.01672985821975,146.74334391862527,125.30878145525774,120.38470810598082,128.45709259141702,134.6189780750281,100.10563050399861
1845,Prov. Papua,Kab. Nabire,L,S1,327,2893.0,676.260508463553,498.4643032461031,449.6601362406959,492.86705397902404,424.60697249193555,418.7925686342024,410.57675060764325
1846,Prov. Papua,Kab. Nabire,P,S1,206,1995.0,466.3462545401964,376.0341977635806,339.1775723977588,371.4156019041536,356.367393122237,375.39153049490324,412.71864728094835
1847,Prov. Papua,Kab. Yapen Waropen,L,S1,15,518.0,121.08639591570012,57.26339574230373,46.75247110634299,39.87625112704215,49.60123132930103,58.832122561331765,51.085552439927646
1848,Prov. Papua,Kab. Yapen Waropen,P,S1,38,917.0,214.35564682373942,133.7141502517,113.20252030871923,103.75992926149227,121.35881113402372,118.212605441155,101.6446059820286
1849,Prov. Papua,Kota Jayapura,L,D3,272,3156.0,737.7387365056942,433.9290251610924,361.8318570457093,294.4823031711488,409.5092578523183,607.602370139015,696.089374853613
1850,Prov. Papua,Kota Jayapura,L,D4,13,273.0,63.81580325286899,25.459073918910743,21.664066131593565,18.654344043005917,18.342847696960234,30.919628031195497,19.408726634056716
1851,Prov. Papua,Kota Jayapura,L,Profesi,399,1008.0,235.6275812413624,1161.9684495884724,962.0275378594142,935.640862492806,892.4074926908946,983.6710544818058,1100.8936707777802
1852,Prov. Papua,Kota Jayapura,L,S1,1834,31667.0,7402.39941981173,3290.0775728544736,2826.902510992385,2479.605959300594,2171.495817341197,4579.898413006884,4341.431918795152
1853,Prov. Papua,Kota Jayapura,L,S2,337,2184.0,510.5264260229519,437.2677534414634,403.45630709821893,348.81855505627107,366.1293867875935,533.578803179808,605.0987143812742
1854,Prov. Papua,Kota Jayapura,L,S3,23,179.0,41.84259627202765,15.820753741640308,14.909943816606505,16.119337568982196,10.878147641630424,18.956090018101474,22.6156986378467
1855,Prov. Papua,Kota Jayapura,P,D3,804,5140.0,1201.51365831409,1016.8040151702377,893.7499640377043,805.05713022456,929.2920656555638,787.429480275133,969.4872489648766
1856,Prov. Papua,Kota Jayapura,P,D4,86,770.0,179.99329122604072,90.7654457485388,79.4047108131772,72.06765209304996,128.20243408054824,86.26448593022705,105.23102973807823
1857,Prov. Papua,Kota Jayapura,P,Profesi,751,1793.0,419.1272352834948,2121.1329673012656,1734.2758713074088,1643.7648205099779,1577.8430393125145,2258.2610264226855,2481.3256410798867
1858,Prov. Papua,Kota Jayapura,P,S1,2268,25708.0,6009.438351739032,3231.6045217767096,2830.830554694384,2576.2416193524564,2270.058239124236,4252.867701603206,4035.910483252682
1859,Prov. Papua,Kota Jayapura,P,S2,339,1414.0,330.53313479691116,334.59228380566213,313.2998408418147,278.37959545014724,257.58124150764877,350.9534096593352,418.31896161179486
1860,Prov. Papua,Kota Jayapura,P,S3,9,65.0,15.194238869730711,6.94725744406348,6.6738922315341425,7.47946201385755,9.655157008293829,10.417409018109693,10.425851297812708
1861,Prov. Papua Barat,Kab. Fak-Fak,L,D3,149,543.0,127.98400296337992,121.08877225489026,96.1988061006389,92.29997001014293,112.0841256353036,106.6965523659666,118.66608723623997
1862,Prov. Papua Barat,Kab. Fak-Fak,L,D4,15,71.0,16.734556556906032,11.371051366879001,10.128577807095065,10.96095833869435,9.703192837129757,7.836042745592507,6.395122327866544
1863,Prov. Papua Barat,Kab. Fak-Fak,L,S1,72,1109.0,261.3890594592787,117.40809769867644,83.05730496065142,70.85112441904855,68.71247254570268,80.57969029551775,94.51031997696754
1864,Prov. Papua Barat,Kab. Fak-Fak,P,D3,188,576.0,135.76203629264612,136.56867335133384,105.03286221003283,98.6772799988801,130.1338089864556,126.34850954251532,165.4209728540098
1865,Prov. Papua Barat,Kab. Fak-Fak,P,D4,14,57.0,13.434784841459772,9.157689308196245,7.664037757740871,7.8979210976028895,9.66688087596071,8.885378292611371,7.436506091829925
1866,Prov. Papua Barat,Kab. Fak-Fak,P,S1,177,1776.0,418.5996119023255,245.12425725704716,186.42346443888525,171.7008000627152,205.36087364279294,258.160598247785,250.51356893593055
1867,Prov. Papua Barat,Kab. Manokwari,L,D3,34,832.0,196.10071908937772,139.02882621638113,96.23027986291471,78.52357940635295,159.72632204609178,119.6142810208501,136.36780629092573
1868,Prov. Papua Barat,Kab. Manokwari,L,D4,50,242.0,57.03891108128534,42.57643741983288,40.396259842697944,45.9116914072246,47.19134681649617,36.26803505917537,22.660943387648814
1869,Prov. Papua Barat,Kab. Manokwari,L,Profesi,2,425.0,100.17164136176144,237.06343491598258,137.94769161965303,95.03937078850272,557.7987238289963,462.20631445212763,482.3587839621725
1870,Prov. Papua Barat,Kab. Manokwari,L,S1,372,8075.0,1903.2611858734676,1012.9340549780616,790.1481275561791,714.0213851256792,1029.8371321112804,829.8585805867498,746.2037944864109
1871,Prov. Papua Barat,Kab. Manokwari,L,S2,74,223.0,52.56064946746542,57.54507047919707,47.71810538428093,43.27628177601744,73.4928116161123,70.15158870899165,78.4764417238876
1872,Prov. Papua Barat,Kab. Manokwari,L,S3,8,47.0,11.077805044712443,5.7575051768658865,5.1310777036803445,6.10842677252207,10.473290414732311,5.792692305209268,5.366006366207208
1873,Prov. Papua Barat,Kab. Manokwari,P,D3,43,476.0,112.19223832517282,97.7515064519053,70.56379832649557,60.43424323837475,206.88624101242948,76.00187071413073,110.96088790195917
1874,Prov. Papua Barat,Kab. Manokwari,P,D4,38,243.0,57.274609060960074,48.20406320974169,45.61273607456073,52.06549893976043,48.62415976309405,44.94154555529712,45.36370338964675
1875,Prov. Papua Barat,Kab. Manokwari,P,Profesi,12,1174.0,276.70942813813633,713.0094225432207,406.5956277990672,277.4352146608613,1548.014348408698,1808.8338040957601,1462.1007264835591
1876,Prov. Papua Barat,Kab. Manokwari,P,S1,580,8301.0,1956.5289292799573,1242.1850826631726,995.2313182108207,930.5680230557927,1314.0220906583052,937.6219251932034,1030.8681245802195
1877,Prov. Papua Barat,Kab. Manokwari,P,S2,80,199.0,46.90389795527183,63.763764918486714,55.43770126550771,53.03142165555274,78.61353253542065,64.84352102211656,77.95107941410167
1878,Prov. Papua Barat,Kab. Manokwari,P,S3,1,15.0,3.5354696951209923,1.6637006686415345,1.3215517462287958,1.4263337538642158,2.0797112590932296,2.2858170678015806,1.9207583062462723
1879,Prov. Papua Barat,Kab. Sorong,L,Profesi,244,246.0,57.98170299998428,330.0636202496065,282.2441115887636,292.3201742453537,340.97291202772016,438.0952605309227,340.40194211671155
1880,Prov. Papua Barat,Kab. Sorong,L,S1,156,2541.0,598.9085663534961,293.6224494371104,205.51868857900305,176.40378842330057,274.13042170583645,323.88112544338844,229.75029685540426
1881,Prov. Papua Barat,Kab. Sorong,P,Profesi,413,420.0,98.99315146338779,620.8758149270476,523.4712199844033,540.0086450847937,576.2644622930387,581.6740559962991,535.7905616258737
1882,Prov. Papua Barat,Kab. Sorong,P,S1,402,4879.0,1149.9704428330215,678.5720200721943,490.1042709952272,437.35657977363195,494.8296797243809,689.1344369365627,621.5265402249272
1883,Prov. Papua Barat,Kota Sorong,L,D3,200,740.0,174.4165049593023,189.62519385869146,184.0572821269698,193.84230613417674,177.63978409592448,191.98499500894326,168.13068415966296
1884,Prov. Papua Barat,Kota Sorong,L,D4,80,968.0,228.15564432514137,112.51564511035635,96.68347042578345,92.1436231785975,124.420730379521,185.83784064322418,154.9217496759606
1885,Prov. Papua Barat,Kota Sorong,L,Profesi,10,20.0,4.713959593494657,11.277424112934051,7.4278953658046785,5.409035704360038,13.043152914594765,8.755470892324128,12.500864226215752
1886,Prov. Papua Barat,Kota Sorong,L,S1,470,7312.0,1723.4236273816464,843.7899869969009,709.797471734928,648.1674286995537,679.8414472957068,729.7514910159134,757.3686250482106
1887,Prov. Papua Barat,Kota Sorong,L,S2,36,172.0,40.540052504054046,47.45776790875667,45.847755248675,45.147203782081135,52.197085889203436,51.449664000593486,53.04322632682366
1888,Prov. Papua Barat,Kota Sorong,P,D3,345,1283.0,302.4005079226822,375.86800828437293,366.61100914656697,391.44295633504197,363.6497101732341,362.54988927656143,401.8612486881112
1889,Prov. Papua Barat,Kota Sorong,P,D4,135,816.0,192.329551414582,133.25171023074694,127.92394722860864,136.4619489187319,126.32615341050492,125.36154651794907,116.3423730713672
1890,Prov. Papua Barat,Kota Sorong,P,Profesi,38,69.0,16.263160597556563,54.57472245393732,40.12577750163415,32.67496436546658,44.59695489835036,48.7153312761458,50.92437919018821
1891,Prov. Papua Barat,Kota Sorong,P,S1,799,8454.0,1992.5907201701914,1210.705899386287,1067.5154660271353,1027.9886612135524,1077.7505760778736,847.8935804565058,984.4181173729171
1892,Prov. Papua Barat,Kota Sorong,P,S2,14,87.0,20.505724231701755,28.15052324706376,27.687790657989527,27.980909692759024,30.248031732310444,20.003102349437313,18.766941764443704
1893,Prov. Riau,Kab. Bengkalis,L,D2,12,24.0,5.610180505746724,10.515154305668531,8.05377148566076,7.901467376987428,8.06915774769904,8.398458747498406,10.46605461916319
1894,Prov. Riau,Kab. Bengkalis,L,D3,230,832.0,194.4862575325531,225.68747146343475,202.4274293892641,207.20163259807632,191.2571789251677,128.66304933999518,132.5467161580426
1895,Prov. Riau,Kab. Bengkalis,L,D4,288,1495.0,349.46749400380634,281.3003390311636,258.68375168668325,283.44027396112097,252.0152809243613,271.739129574953,282.4807782819972
1896,Prov. Riau,Kab. Bengkalis,L,S1,84,2079.0,485.98188631030996,293.5599828816824,252.30962045904792,240.3441536450496,263.8177183957417,266.02062590301585,228.72612003948376
1897,Prov. Riau,Kab. Bengkalis,P,D2,2,3.0,0.7012725632183405,1.5072334160217398,1.1647347022886274,1.161110795973315,1.3397062732048248,2.071259279666759,2.134521356619605
1898,Prov. Riau,Kab. Bengkalis,P,D3,101,333.0,77.8412545172358,100.57218738925273,90.49434175952042,93.06306632833773,93.3790191220269,74.14067121912541,96.3484709623264
1899,Prov. Riau,Kab. Bengkalis,P,D4,321,1443.0,337.31210290802176,315.2292956268706,293.10861088403567,327.1423385941259,271.28270370004833,278.4244160190294,290.75312081093216
1900,Prov. Riau,Kab. Bengkalis,P,S1,86,2832.0,662.0012996781135,520.0362564247264,462.0435098295229,468.9034317172797,519.904862457059,448.76985809051786,444.7241629678332
1901,Prov. Riau,Kab. Indragiri Hilir,L,S1,341,2586.0,604.4969494942095,370.60080999154764,312.28896293988083,305.8384267072053,377.6129254768667,289.75630823874974,334.28000062569174
1902,Prov. Riau,Kab. Indragiri Hilir,L,S2,2,54.0,12.622906137930128,17.321793775362323,16.135589890378405,16.494593678084748,18.807758370364972,18.09401974777986,16.96567091800961
1903,Prov. Riau,Kab. Indragiri Hilir,P,D3,50,121.0,28.2846600498064,37.37195470047642,32.99798923213563,34.793015000996235,41.360695942117644,39.39568930687162,37.4935914734679
1904,Prov. Riau,Kab. Indragiri Hilir,P,S1,523,2810.0,656.8586342145122,497.73428298038885,429.39887636886647,440.15978585758637,595.3939865475649,452.13242207694077,445.4239454084179
1905,Prov. Riau,Kab. Indragiri Hulu,L,S1,232,1397.0,326.5592569386739,190.1134762323865,160.60139544053644,157.09935750085762,177.48718365403653,182.99327542736611,165.56667091352136
1906,Prov. Riau,Kab. Indragiri Hulu,P,D3,27,106.0,24.7782972337147,31.504449351014614,27.967933352695667,29.69959942048898,32.896516042855005,34.647642898850066,36.554576570562105
1907,Prov. Riau,Kab. Indragiri Hulu,P,Profesi,8,9.0,2.1038176896550214,14.462076885272548,11.71252584880726,12.604076229937856,6.660369526316348,6.807319162099125,5.859436463062105
1908,Prov. Riau,Kab. Indragiri Hulu,P,S1,428,2104.0,491.82582433712946,359.508334721553,311.826662702195,320.70074440381586,341.36805210435625,336.6766676358527,377.4263897132147
1909,Prov. Riau,Kab. Kampar,L,D2,20,36.0,8.415270758620085,16.29651180998559,12.400550452997086,12.447014806350314,15.818590130712568,11.286295826889088,12.601521169813427
1910,Prov. Riau,Kab. Kampar,L,D3,94,420.0,98.17815885056767,119.00544780689928,106.24176967364275,111.438086644513,112.74467803265618,94.20519743185363,96.51869603499095
1911,Prov. Riau,Kab. Kampar,L,Profesi,210,120.0,28.05090252873362,135.78037273954703,104.3021302709626,98.92039947905685,101.00050650102567,83.59200931844117,74.95135499531607
1912,Prov. Riau,Kab. Kampar,L,S1,240,1699.0,397.1540283026535,270.5022526934814,234.90737324164147,236.5876405709834,258.169108656492,274.56275784166655,255.98022969299518
1913,Prov. Riau,Kab. Kampar,L,S2,67,128.0,29.92096269731586,36.79840059181884,33.90276097834215,32.981912635459345,41.01890222714073,32.10996733372509,35.250460938129756
1914,Prov. Riau,Kab. Kampar,P,D2,8,22.0,5.142665463601164,10.87864648673583,8.273922322092501,8.28582504645274,10.552069746294308,8.21071609863813,9.192909641335744
1915,Prov. Riau,Kab. Kampar,P,D3,59,297.0,69.42598375861571,91.83492425816017,81.93025720576755,85.70820111161231,92.50216954176304,71.41140700354754,82.33888350584564
1916,Prov. Riau,Kab. Kampar,P,D4,2,44.0,10.285330927202327,8.730868039157475,7.864501593590137,8.526823535283977,10.018877233857939,8.846171109161006,8.157876217138222
1917,Prov. Riau,Kab. Kampar,P,Profesi,1297,889.0,207.81043623370158,1337.045903405413,1066.2206606113252,1086.2055351187028,601.7931607430834,1038.9323283079577,1018.6660420406935
1918,Prov. Riau,Kab. Kampar,P,S1,611,2831.0,661.7675421570407,551.8899910652373,489.7106546623737,513.6774258114209,572.4100835590613,501.04038999261576,493.8548077258051
1919,Prov. Riau,Kab. Kampar,P,S2,160,217.0,50.725382072793295,75.00770376556186,70.36335655942455,70.8055035555901,80.31149668228922,63.43746178119535,61.497568542184496
1920,Prov. Riau,Kab. Kepulauan Meranti,L,D3,4,21.0,4.9089079425283835,5.252354219994983,4.273117164574338,4.423084591631741,4.943091631190264,5.402975260605201,4.418205134573898
1921,Prov. Riau,Kab. Kepulauan Meranti,L,S1,55,585.0,136.74814982757638,74.09355981007232,57.470899975229976,54.9272298672536,65.84309197859982,59.5427460067225,48.524981497035355
1922,Prov. Riau,Kab. Kepulauan Meranti,P,D3,17,31.0,7.246483153256185,10.004180999785627,8.400898476056271,9.2368241941123,11.067555950394306,7.178610805055735,7.620430881805809
1923,Prov. Riau,Kab. Kepulauan Meranti,P,S1,135,756.0,176.72068593102182,127.38307621702168,102.58799883653914,105.35379516582668,131.5514556466417,111.96767460762952,107.11635073808391
1924,Prov. Riau,Kab. Kuantan Singingi,L,S1,119,1400.0,327.2605295018922,209.70362330727463,176.44553552841364,167.09645827053808,247.0046431258827,164.95378414954223,151.31570588648677
1925,Prov. Riau,Kab. Kuantan Singingi,P,S1,155,1294.0,302.48223226817754,236.6000529602595,203.29355052453482,200.2784740120891,275.0506299715018,230.74822360039073,240.11477569528978
1926,Prov. Riau,Kab. Pelalawan,L,S1,25,426.0,99.58070397700435,68.85080530817856,55.977929337680614,58.640536263301485,60.188546000473345,32.60403279093458,25.135608302828977
1927,Prov. Riau,Kab. Pelalawan,P,S1,19,371.0,86.72404031800144,69.4288197428678,57.05891772350527,60.95757548096238,59.84172894624891,49.551373846019196,44.679960374060954
1928,Prov. Riau,Kab. Rokan Hilir,L,S1,99,948.0,221.6021299769956,150.91324912863254,129.83185419912502,136.05880945093384,162.35486490769765,140.75237968470913,141.29865373121012
1929,Prov. Riau,Kab. Rokan Hilir,P,S1,233,1690.0,395.05021061299846,301.0246784005576,260.0525427700378,274.36824897754343,315.2136604757415,276.94161317240867,260.1678445570667
1930,Prov. Riau,Kab. Rokan Hulu,L,D3,1,1.0,0.23375752107278017,0.3085724388455328,0.28261409364212053,0.30923865451285254,0.2699494707811479,1.3894330427414332,1.1703514772755972
1931,Prov. Riau,Kab. Rokan Hulu,L,S1,771,3782.0,884.0709446972546,709.6104129168398,641.9073614007971,694.7517934661687,660.1699017495389,567.9459804534737,503.6559335584604
1932,Prov. Riau,Kab. Rokan Hulu,P,D3,18,72.0,16.83054151724017,24.268875728468178,22.216549459239364,24.25362420899029,21.743854101592635,27.00390861164333,26.028837962487156
1933,Prov. Riau,Kab. Rokan Hulu,P,Profesi,45,57.0,13.324178701148469,86.69625694847495,69.91989747141594,72.26463215174876,50.12572123084405,38.63857376402213,33.278410317826044
1934,Prov. Riau,Kab. Rokan Hulu,P,S1,1286,4556.0,1064.9992660075864,934.6309299918956,845.2046976554468,913.0427812331776,948.3835572240271,874.7860615832075,878.2297425083398
1935,Prov. Riau,Kota Dumai,L,D3,68,262.0,61.2444705210684,71.21920579772629,66.29936117835499,68.69495967592924,56.719569103953994,63.29395962143188,63.010522142485456
1936,Prov. Riau,Kota Dumai,L,S1,124,1561.0,364.89549039460985,238.79291367773783,216.30119097978297,215.31827307526362,212.35302071564797,262.3744793841081,221.81926683926534
1937,Prov. Riau,Kota Dumai,P,D3,71,333.0,77.8412545172358,98.07546058343196,91.1128132388857,93.89944701782441,81.70486992565742,94.80483337864852,102.27453925287746
1938,Prov. Riau,Kota Dumai,P,S1,187,2001.0,467.7487996666331,362.93303737760533,333.8315448584173,341.937132814189,321.7191785981259,409.79277743470163,438.7460478157236
1939,Prov. Riau,Kota Pekanbaru,L,D3,426,1769.0,413.5170547777481,452.7387565258726,454.33187964915345,466.99145510044355,435.79015197413054,406.78177186222996,446.763222237611
1940,Prov. Riau,Kota Pekanbaru,L,D4,313,2198.0,513.7990313179708,407.03249856501736,422.5904873715841,476.51862886144914,428.8007832437383,471.48210829030785,436.33614557277645
1941,Prov. Riau,Kota Pekanbaru,L,Profesi,2468,2545.0,594.9128911302255,3402.8083503494854,3093.4729310969465,3168.6457486721874,2796.6613950963783,2876.687075042067,3285.5687643055253
1942,Prov. Riau,Kota Pekanbaru,L,S1,8738,59477.0,13903.196080845746,9168.186161330688,9073.553813965222,9222.834641035308,8888.621721929572,9893.587752222122,8960.683792214839
1943,Prov. Riau,Kota Pekanbaru,L,S2,1110,3593.0,839.8907732144992,1003.987658814247,1054.1516181229194,1028.98458632464,1169.6733678092871,978.7729366448576,1082.1879240858777
1944,Prov. Riau,Kota Pekanbaru,L,S2 Terapan,11,44.0,10.285330927202327,12.957620778283015,11.610892471070217,9.801124393416313,12.462490587834068,9.470780697336444,11.435598127480961
1945,Prov. Riau,Kota Pekanbaru,L,S3,114,458.0,107.06094465133332,66.57761366331117,73.70047794574148,95.69284999218587,83.68888937722217,65.77660542827272,61.04033438878223
1946,Prov. Riau,Kota Pekanbaru,L,Sp-1,17,122.0,28.51841757087918,23.54810408611565,28.511285830877664,41.99569160241742,28.051191678911778,25.96817609556286,33.68474048493279
1947,Prov. Riau,Kota Pekanbaru,P,D3,1613,4190.0,979.444013294949,1267.9973663076332,1291.1679578633464,1361.2243654767556,1383.5591597388914,1215.7445359646742,1268.9450236000807
1948,Prov. Riau,Kota Pekanbaru,P,D4,231,1630.0,381.0247593486317,335.8656101001654,350.15876738246595,400.8663992456775,362.2413228397092,382.6533084818977,386.294297010152
1949,Prov. Riau,Kota Pekanbaru,P,Profesi,8880,8915.0,2083.948300363835,13219.69870286019,12047.30245397385,12381.301447939299,9918.19537065679,8396.716611462285,9073.740773882777
1950,Prov. Riau,Kota Pekanbaru,P,S1,14941,75730.0,17702.457070841643,14252.1813885172,14409.88544385009,15294.707879437841,15469.037263670136,11589.622701391903,13818.374377439512
1951,Prov. Riau,Kota Pekanbaru,P,S2,1178,3237.0,756.6730957125894,1107.3373571740503,1187.9621386864426,1207.6412231847276,1209.9325939464104,980.2390615671017,1153.7226239005613
1952,Prov. Riau,Kota Pekanbaru,P,S2 Terapan,7,22.0,5.142665463601164,7.462216275839751,6.752137106104947,5.801113966806787,7.070343871405068,6.257593163473244,6.847579742942761
1953,Prov. Riau,Kota Pekanbaru,P,S3,29,204.0,47.68653429884716,37.316464136681134,42.432237987173934,57.9733398599875,41.472924357241254,31.214100068535064,23.98767221362197
1954,Prov. Riau,Kota Pekanbaru,P,Sp-1,9,62.0,14.49296630651237,12.710603156499737,15.299085847414169,22.24689716345146,16.289970213770133,17.483469864165464,23.53615260944736
1955,Prov. Sulawesi Barat,Kab. Majene,L,D3,16,239.0,56.07467216797671,52.28157590531668,43.96310962678018,42.62020196835805,60.40188673863728,49.06665512103576,36.49188437607263
1956,Prov. Sulawesi Barat,Kab. Majene,L,Profesi,18,23.0,5.396307363445457,21.427565107513086,16.978188244246166,15.717728110088808,21.659274101943307,11.988812264797314,14.801081383851423
1957,Prov. Sulawesi Barat,Kab. Majene,L,S1,821,7681.0,1802.1320373315025,1064.6584993781596,928.0032959771677,914.2746155291928,1123.4436772035883,985.899330562529,991.3106906481412
1958,Prov. Sulawesi Barat,Kab. Majene,L,S2,26,69.0,16.188922090336373,23.305788559780225,23.26271818166437,24.703395366728145,27.504423692696985,23.798820033337115,20.518846306533344
1959,Prov. Sulawesi Barat,Kab. Majene,P,D3,195,947.0,222.1870901383847,264.71865051738564,230.1362295763706,235.6125078899345,295.86497667128367,244.70772507711115,247.65503865457134
1960,Prov. Sulawesi Barat,Kab. Majene,P,Profesi,81,97.0,22.758339750183016,132.49281096671254,113.5376149390638,116.70684465692828,98.29551532117151,75.36911764303333,84.25803640804224
1961,Prov. Sulawesi Barat,Kab. Majene,P,S1,1574,12882.0,3022.4013676480167,2209.943442908344,1969.663976273965,2026.9825201731487,2383.70146472173,2353.2427454380904,2258.069502822392
1962,Prov. Sulawesi Barat,Kab. Majene,P,S2,11,39.0,9.150260311929253,15.2714907321837,15.264338834028786,16.521089725533326,17.135789906758777,14.991331293085985,14.994554676418174
1963,Prov. Sulawesi Barat,Kab. Mamasa,L,S1,32,254.0,59.59400305718027,31.15294577303511,23.571753606444204,22.284244771640164,37.22633821084112,38.31474789968351,29.34161324419983
1964,Prov. Sulawesi Barat,Kab. Mamasa,P,S1,65,487.0,114.26094286947556,69.28803727559749,52.50936394238204,50.60608828077975,65.45783942222475,40.04239750136114,39.59872042131776
1965,Prov. Sulawesi Barat,Kab. Mamuju,L,D3,19,78.0,18.300520623858507,18.896946927271163,15.85655810339614,16.34876960327266,21.681650281800344,23.38037721596922,28.64438586030468
1966,Prov. Sulawesi Barat,Kab. Mamuju,L,Profesi,10,30.0,7.038661778407118,25.948771598789154,19.364362584896536,17.877767967011057,25.33691699106001,20.633920597269007,22.56027775001397
1967,Prov. Sulawesi Barat,Kab. Mamuju,L,S1,333,3860.0,905.6411488217159,590.8067394321054,513.6408104703878,537.2673014360506,652.1347141112021,547.9534218970053,518.8244795862694
1968,Prov. Sulawesi Barat,Kab. Mamuju,L,S2,1,35.0,8.211772074808305,12.632034739864507,12.435064096098152,13.861796003387807,8.441840233164841,11.280778378909503,11.991995560050727
1969,Prov. Sulawesi Barat,Kab. Mamuju,P,D3,212,932.0,218.66775924918113,241.23491890354873,197.34582925984668,201.2934079969173,317.9977503744851,272.0404282773053,271.0444881856013
1970,Prov. Sulawesi Barat,Kab. Mamuju,P,Profesi,92,172.0,40.35499419620081,167.73163876700167,124.2026961442983,115.68797708416585,146.0951390587679,138.6295753584116,118.88488547152934
1971,Prov. Sulawesi Barat,Kab. Mamuju,P,S1,540,4207.0,987.0550033919582,715.7373610485807,614.5757454431463,645.2139191576538,916.6667082606989,762.0533303078563,752.2433170107788
1972,Prov. Sulawesi Barat,Kab. Mamuju,P,S2,2,23.0,5.396307363445457,9.128601980134249,8.844263141021905,9.856752216601699,6.010930674321967,5.874458936144214,4.549006535763904
1973,Prov. Sulawesi Barat,Kab. Polewali Mamasa,L,Profesi,369,196.0,45.985923618926506,253.2281484807058,217.71631085912873,227.5268102438376,162.37534370612372,199.89510519380264,208.43319103132768
1974,Prov. Sulawesi Barat,Kab. Polewali Mamasa,L,S1,432,3166.0,742.8134396812312,462.31105442108327,399.7751893719684,401.94393542544066,436.6366250177116,451.2162322144035,427.72053389548455
1975,Prov. Sulawesi Barat,Kab. Polewali Mamasa,P,Profesi,1002,483.0,113.3224546323546,710.873207845745,608.5206760855818,644.0279238202008,501.75261007825964,579.2228846958063,566.5623971593488
1976,Prov. Sulawesi Barat,Kab. Polewali Mamasa,P,S1,520,3407.0,799.3573559677684,606.734035798663,534.1855371998348,557.6102950476615,582.3421932570789,554.1612670389945,547.818597004458
1977,Prov. Sulawesi Selatan,Kab. Bantaeng,L,D2,66,152.0,40.11898079849496,65.38062403636937,49.3036985677514,41.25560801253405,29.28551229324765,25.05649986648342,20.338211046469752
1978,Prov. Sulawesi Selatan,Kab. Bantaeng,P,D2,60,150.0,39.59109947219897,70.67213360818397,54.99664573154477,46.9657668840528,34.57643797352155,33.47847066899518,26.16457650190706
1979,Prov. Sulawesi Selatan,Kab. Barru,L,D3,1,1.0,0.26394066314799314,0.3181872319254758,0.2523640723466756,0.2557436693874814,0.22229047540736138,2.5349875331123637,1.655470868495365
1980,Prov. Sulawesi Selatan,Kab. Barru,L,S1,139,1198.0,316.2009144512958,143.06292277804187,144.61849514117426,137.29985808684532,159.16419305166855,133.26258815472497,119.60663076893792
1981,Prov. Sulawesi Selatan,Kab. Barru,P,D3,20,49.0,12.933092494251664,10.548487894074135,10.355134721241724,10.13618828618247,13.833585675678432,14.005339323824721,14.139869740974202
1982,Prov. Sulawesi Selatan,Kab. Barru,P,S1,290,1708.0,450.8106526567723,257.5056313786039,254.60402967864167,250.72534285966282,261.57972354662763,224.15066616899938,224.1839797183848
1983,Prov. Sulawesi Selatan,Kab. Bone,L,D3,176,431.0,113.75842581678505,135.7758127297181,115.15201966306067,114.33328362020158,116.9058446907079,100.15568914444692,95.67832453493845
1984,Prov. Sulawesi Selatan,Kab. Bone,L,S1,776,5847.0,1543.2610574263158,803.8852640613974,820.8542554176282,776.8209690442563,651.2182869046628,719.8927247748146,704.8983543472946
1985,Prov. Sulawesi Selatan,Kab. Bone,L,S2,61,304.0,80.23796159698992,65.92088498007169,74.53146151460687,67.57002950819765,83.14894771472001,51.42798282211032,67.44748456034195
1986,Prov. Sulawesi Selatan,Kab. Bone,P,D3,468,939.0,247.84028269596556,315.56657172842336,278.95022585663264,281.81186466668225,427.39585587125606,234.2823082086852,266.3187104591723
1987,Prov. Sulawesi Selatan,Kab. Bone,P,S1,1780,8707.0,2298.1313540295764,1418.5217640053124,1451.029033803844,1414.080140820082,1310.5256703264474,1109.020085351342,1145.5043376968886
1988,Prov. Sulawesi Selatan,Kab. Bone,P,S2,89,353.0,93.17105409124157,99.96997883030538,109.14758846508927,103.03774373691049,95.43489399243613,78.43891530434585,101.62148396006279
1989,Prov. Sulawesi Selatan,Kab. Bulukumba,L,D3,5,18.0,4.750931936663877,5.437821590461869,4.9421645711211495,4.708111795908881,3.81862465850127,3.989510044009523,4.4189587670562736
1990,Prov. Sulawesi Selatan,Kab. Bulukumba,L,Profesi,8,11.0,2.9033472946279244,17.22081152073073,13.102506475697702,11.695831156629357,10.4195048078916,5.139910743118253,6.790740023508018
1991,Prov. Sulawesi Selatan,Kab. Bulukumba,L,S1,155,1299.0,342.8589214292431,140.28316088886046,165.5117922999772,146.89678552112886,143.57982423748103,158.70888586595441,135.0389567159063
1992,Prov. Sulawesi Selatan,Kab. Bulukumba,P,D3,62,189.0,49.8847853349707,52.51589490698165,52.610730918353035,50.13937385459882,42.84509987883479,37.36428916690747,32.86883512464977
1993,Prov. Sulawesi Selatan,Kab. Bulukumba,P,Profesi,105,116.0,30.617116925167203,181.74710713467852,147.64551356701696,133.12535773724858,97.88155583059961,113.2837901820054,111.30403761483564
1994,Prov. Sulawesi Selatan,Kab. Bulukumba,P,S1,457,2952.0,779.1528376128757,443.8636803147915,493.64301521860955,459.5560726029713,343.4522577430671,346.7392194796597,323.9313205389179
1995,Prov. Sulawesi Selatan,Kab. Enrekang,L,S1,80,688.0,181.59117624581927,91.52057353571055,94.90958466592411,85.14579281551758,91.3894647539533,89.23446630103315,82.12139565648182
1996,Prov. Sulawesi Selatan,Kab. Enrekang,P,S1,168,1177.0,310.6581605251879,190.39239939244032,195.77160770245075,181.7904164097513,222.83271722376102,217.55240907538328,222.30837576910903
1997,Prov. Sulawesi Selatan,Kab. Gowa,L,D3,28,87.0,22.962837693875404,28.614616243653625,23.754477284847002,23.515431337569716,16.26242484922351,20.664491934911332,21.37272190333408
1998,Prov. Sulawesi Selatan,Kab. Gowa,L,D4,76,300.0,79.18219894439794,65.99730266049669,60.211594435830335,62.102933884230254,134.1755720485178,37.647171221744536,49.186001071973934
1999,Prov. Sulawesi Selatan,Kab. Gowa,L,Profesi,1732,1047.0,276.34587431594883,1905.4031736649877,1291.848387211465,1207.305880788148,9296.366981336814,1358.774561622501,1332.8122119364507
2000,Prov. Sulawesi Selatan,Kab. Gowa,L,S1,1647,10480.0,2766.098149790968,1917.8249563152788,1748.999042479089,1696.669308670839,2006.5418817320706,1920.0562411723415,1566.6921434410651
2001,Prov. Sulawesi Selatan,Kab. Gowa,L,S2,273,1035.0,273.1785863581729,342.50981643620923,328.4604942733218,310.05222187180783,367.58580365953037,238.98884277233822,345.01974758395613
2002,Prov. Sulawesi Selatan,Kab. Gowa,L,S3,200,587.0,154.93316926787196,94.0945265616305,94.97066765450758,115.71428976339536,89.2069965938883,108.7251342561271,100.83939665595258
2003,Prov. Sulawesi Selatan,Kab. Gowa,P,D3,144,438.0,115.60601045882099,145.13573279020196,128.3204578281639,128.4093068491382,77.64565089705887,86.4690175048496,96.1385747141709
2004,Prov. Sulawesi Selatan,Kab. Gowa,P,D4,136,455.0,120.09300173233687,108.84743254440139,102.75862743714309,108.07674291671907,213.6203745716644,70.49445979867792,82.09868981057232
2005,Prov. Sulawesi Selatan,Kab. Gowa,P,Profesi,2698,1082.0,285.5837975261286,1947.760087594448,1416.2157544082834,1335.115052330998,3064.6986341211405,1309.6502381852183,1428.1613833831875
2006,Prov. Sulawesi Selatan,Kab. Gowa,P,S1,3359,16604.0,4382.470770909278,3571.1058261698495,3272.626851983733,3266.179459823114,3273.1347231202167,2954.120176859097,3101.062481440784
2007,Prov. Sulawesi Selatan,Kab. Gowa,P,S2,320,982.0,259.1897312113293,400.71586389844475,379.2201483541637,370.3058748348615,346.77939846164264,281.1264198437117,334.81494644584717
2008,Prov. Sulawesi Selatan,Kab. Gowa,P,S3,82,306.0,80.7658429232859,58.400053969885484,58.94261978207514,73.99547587484719,49.18707072234024,57.99955531006806,52.99532913981759
2009,Prov. Sulawesi Selatan,Kab. Jeneponto,L,S1,362,1115.0,294.29383941001237,202.58612864324843,170.5271084262015,170.7869054907312,192.14026909876492,175.8648774764378,144.58057432558928
2010,Prov. Sulawesi Selatan,Kab. Jeneponto,P,S1,429,1942.0,512.5727678334026,410.31869833159476,348.4625083919794,358.61389599210725,345.58416128334665,328.4219693085126,307.4399986471892
2011,Prov. Sulawesi Selatan,Kab. Luwu,L,S1,2,48.0,12.66915183110367,9.40908794460317,7.72470997278894,7.6533107749889675,8.704056331560848,11.405810157248876,14.264119573199995
2012,Prov. Sulawesi Selatan,Kab. Luwu,P,D3,14,13.0,3.431228620923911,4.1237289205964744,3.4244155185404366,3.455183326587888,3.9861379357978803,6.138900038819288,6.307227357985395
2013,Prov. Sulawesi Selatan,Kab. Luwu,P,S1,3,138.0,36.42381151442305,28.568200716708958,24.539069200856026,24.709051656704602,31.52703686922756,30.854329422222165,35.31587252232939
2014,Prov. Sulawesi Selatan,Kab. Luwu Timur,L,D3,71,205.0,54.10783594533859,67.77405451775093,62.62742643617643,57.436202338543765,46.78681272993271,43.273445223769414,56.5144630597569
2015,Prov. Sulawesi Selatan,Kab. Luwu Timur,L,S1,11,35.0,9.23792321017976,5.220892071900529,5.73607779700261,5.033158722073452,4.272948125103388,10.099099325808337,6.903515361994757
2016,Prov. Sulawesi Selatan,Kab. Luwu Timur,P,D3,45,155.0,40.910802787938934,47.466768277359975,48.21951346504075,44.27615095213852,29.990584438193718,35.843680375089285,39.456248709337565
2017,Prov. Sulawesi Selatan,Kab. Luwu Timur,P,S1,80,231.0,60.970293187186414,41.531550542221,45.41824714314931,41.11897796903407,33.807610646876306,49.56907107185597,42.66172014238377
2018,Prov. Sulawesi Selatan,Kab. Maros,L,D3,3,16.0,4.22305061036789,4.446610856891074,4.326408886008505,4.0112766950955665,4.169977142466284,3.878619998915552,3.939606354091348
2019,Prov. Sulawesi Selatan,Kab. Maros,L,S1,112,1159.0,305.90722858852405,142.36131154373888,165.85963417236033,147.22434561490437,137.89402137937984,142.9854913362542,129.8936260102113
2020,Prov. Sulawesi Selatan,Kab. Maros,L,S2,2,5.0,1.3197033157399658,0.9338770582393633,1.2223005422966264,1.0319513066598638,0.7973597034533371,2.1778920499238543,2.087755014223031
2021,Prov. Sulawesi Selatan,Kab. Maros,P,D3,44,232.0,61.234233850334405,78.37239762743013,75.65820474987635,72.44649588506853,56.83731551089504,65.8101383630271,63.50598724418272
2022,Prov. Sulawesi Selatan,Kab. Maros,P,S1,248,1739.0,458.99281321436007,269.78774090312453,307.359389206743,283.1060720835596,282.4444670206825,214.38072742470177,231.02654932368884
2023,Prov. Sulawesi Selatan,Kab. Maros,P,S2,5,8.0,2.111525305183945,3.527166843639594,3.565567099202752,3.3538305667836465,3.1903484282636416,3.1854309185697325,2.8695354345091415
2024,Prov. Sulawesi Selatan,Kab. Pangkajene Kepulauan,L,D3,22,53.0,13.988855146843637,15.445442842551321,13.970316623981397,13.159447933667472,10.26804422320333,10.686630344841992,12.097791586976127
2025,Prov. Sulawesi Selatan,Kab. Pangkajene Kepulauan,L,D4,134,575.0,151.76588131009606,112.51146830445796,111.48273693367858,110.28861785270469,106.36113365243787,107.9923606150229,109.84999168145102
2026,Prov. Sulawesi Selatan,Kab. Pangkajene Kepulauan,L,S1,39,403.0,106.36808724864123,58.36822444404521,60.504500580620885,55.20026637478847,56.97319182032339,68.85306564019538,54.72654533655197
2027,Prov. Sulawesi Selatan,Kab. Pangkajene Kepulauan,L,S2 Terapan,3,12.0,3.1672879577759177,3.8588474702873947,3.6915554393213488,3.188431903873587,2.2024134943762155,4.770258559326906,4.99984477937581
2028,Prov. Sulawesi Selatan,Kab. Pangkajene Kepulauan,P,D3,32,69.0,18.211905757211525,22.49304896125016,20.829019478696456,20.071695693831956,14.797733961637338,19.232006964397435,20.51978589011453
2029,Prov. Sulawesi Selatan,Kab. Pangkajene Kepulauan,P,D4,318,1018.0,268.691595084657,226.85387658037774,228.66430405373484,231.51107950055183,211.00515126355367,198.66309827115762,205.18886445619944
2030,Prov. Sulawesi Selatan,Kab. Pangkajene Kepulauan,P,S1,152,1095.0,289.0150261470525,199.867398576167,202.73513873468926,191.9992898803842,189.23995736237984,253.28822176547757,238.7615814338715
2031,Prov. Sulawesi Selatan,Kab. Pangkajene Kepulauan,P,S2 Terapan,3,13.0,3.431228620923911,4.621832441848591,4.5467155722927615,4.012075236095341,2.5166590967123854,4.705474347216359,5.443545438372674
2032,Prov. Sulawesi Selatan,Kab. Pinrang,L,Profesi,24,41.0,10.821567189067718,70.78219091168428,46.26170818830746,44.12679477977947,20.500153692423005,13.719597432402617,13.561218968374714
2033,Prov. Sulawesi Selatan,Kab. Pinrang,L,S1,163,1309.0,345.498328060723,161.98661027642112,161.81202293482662,154.1351029764038,196.61276779028495,163.03557642843992,143.89257753397823
2034,Prov. Sulawesi Selatan,Kab. Pinrang,P,Profesi,82,160.0,42.230506103678906,300.3737583527397,203.14484951079382,197.59160874823394,77.48769872151937,229.7076638465432,184.32147530061636
2035,Prov. Sulawesi Selatan,Kab. Pinrang,P,S1,233,1287.0,339.6916334714672,211.24899223228908,202.58814779312598,201.29889354699105,234.48165312761805,216.16766806900213,198.72473034146455
2036,Prov. Sulawesi Selatan,Kab. Sidenreng Rappang,L,D3,4,15.0,3.959109947219897,4.454652807039854,3.908099933391281,3.788863814609478,4.012520594957978,3.3360030419101903,3.580996846090557
2037,Prov. Sulawesi Selatan,Kab. Sidenreng Rappang,L,D4,18,52.0,13.724914483695644,7.058402668535669,7.856999450079811,7.598660342460525,6.727302327391403,11.990235524708568,8.39416363348689
2038,Prov. Sulawesi Selatan,Kab. Sidenreng Rappang,L,Profesi,281,306.0,80.7658429232859,495.8535980762686,357.1577640137105,326.3692954764045,316.25832193490317,284.78951489814796,369.00738221004804
2039,Prov. Sulawesi Selatan,Kab. Sidenreng Rappang,L,S1,351,2240.0,591.2270854515046,257.17225253472776,283.7004989155171,261.15348399423976,165.89470019791247,243.56987158356162,220.02581523154385
2040,Prov. Sulawesi Selatan,Kab. Sidenreng Rappang,L,S2,31,126.0,33.25652355664714,32.9142320200089,35.092725881439726,31.94751236928439,31.32802113276191,29.24469509064671,32.20207010405155
2041,Prov. Sulawesi Selatan,Kab. Sidenreng Rappang,P,D3,33,109.0,28.76953228313125,34.484940217627,31.549627624872283,31.1171985697561,31.089894356792076,34.10968513906454,34.372280522633304
2042,Prov. Sulawesi Selatan,Kab. Sidenreng Rappang,P,D4,82,171.0,45.133853398306826,25.99614576588763,29.61228777628365,29.301995675040622,26.788131196894284,22.816396534885687,17.704959745321084
2043,Prov. Sulawesi Selatan,Kab. Sidenreng Rappang,P,Profesi,1523,1642.0,433.3905688890047,3009.365820257425,2209.971459128247,2068.5565031930287,2350.3740581190095,1972.8611987839156,1959.501421624789
2044,Prov. Sulawesi Selatan,Kab. Sidenreng Rappang,P,S1,1107,4431.0,1169.5210784087576,701.9196412481656,732.3482732680773,706.5884384175363,662.113630780073,628.6508063953532,710.6436676071971
2045,Prov. Sulawesi Selatan,Kab. Sidenreng Rappang,P,S2,40,125.0,32.99258289349914,45.34669252903268,45.618347718282116,43.54861630917783,47.3334118943918,46.57713263201508,47.07024624758521
2046,Prov. Sulawesi Selatan,Kab. Sinjai,L,D4,8,81.0,21.379193714987444,17.31516304250118,14.994003928691734,16.099799364875935,20.27547169207536,15.815390913813063,12.747334913578518
2047,Prov. Sulawesi Selatan,Kab. Sinjai,L,S1,278,1636.0,431.8069249101168,304.4815785102766,259.06519471986917,262.9955686716384,270.51872505589904,254.4078237242777,222.5765555783019
2048,Prov. Sulawesi Selatan,Kab. Sinjai,L,S2,28,58.0,15.308558462583601,18.416284414120263,16.84313937989995,16.527908880367182,20.26586267606326,15.412220659041099,15.855835374266949
2049,Prov. Sulawesi Selatan,Kab. Sinjai,P,D3,32,36.0,9.501863873327753,11.746360393635554,9.808142394692203,10.233320974333159,5.987808321800546,9.385853592871323,18.053405498072813
2050,Prov. Sulawesi Selatan,Kab. Sinjai,P,D4,2,5.0,1.3197033157399658,1.1622871389435345,1.041479271909803,1.1403428337744699,1.1834511547529567,3.1194708566236526,2.8230614105710687
2051,Prov. Sulawesi Selatan,Kab. Sinjai,P,S1,514,2522.0,665.6583524592387,524.4811146039101,457.0555781045239,474.612060687309,512.1041288648604,454.1933860770011,468.3422451835181
2052,Prov. Sulawesi Selatan,Kab. Sinjai,P,S2,21,46.0,12.141270504807684,14.813359147356024,14.392886414549217,14.287821549531893,16.33107965933852,10.670510052087188,16.592513305377857
2053,Prov. Sulawesi Selatan,Kab. Soppeng,L,D3,16,43.0,11.349448515363704,11.823383091893028,10.370941822649508,10.166791917582406,13.476819680996723,12.32962284179401,13.916666245927214
2054,Prov. Sulawesi Selatan,Kab. Soppeng,L,S1,191,1048.0,276.6098149790968,173.96600759612076,162.54942375185615,157.61612744637878,199.36513557790488,178.68132999878327,155.26760181450553
2055,Prov. Sulawesi Selatan,Kab. Soppeng,P,D3,60,197.0,51.99631064015465,48.93789686614851,47.6281846124247,46.651746916011575,50.11850613712819,38.58520076269856,42.69804379389611
2056,Prov. Sulawesi Selatan,Kab. Soppeng,P,S1,225,1542.0,406.9965025742054,285.36275426790235,273.32904243117616,271.03007440342003,317.71885833200366,318.3511750032846,244.85299395766157
2057,Prov. Sulawesi Selatan,Kab. Takalar,L,Profesi,2,6.0,1.5836439788879588,6.867674256820407,5.565811933008414,4.853111250620317,4.4226285390620905,2.3655981275207254,2.326666119162391
2058,Prov. Sulawesi Selatan,Kab. Takalar,L,S1,13,326.0,86.04465618624576,66.13557008830892,58.21259883526749,56.21172466181682,93.86226608915179,59.48216561421481,52.2381593159857
2059,Prov. Sulawesi Selatan,Kab. Takalar,P,Profesi,8,25.0,6.5985165786998285,31.65779253895753,26.376836179978245,23.499077553474244,17.490905957884486,14.187671534762723,14.089026872833799
2060,Prov. Sulawesi Selatan,Kab. Takalar,P,S1,37,518.0,136.72126351066044,113.42269139967878,103.59866879905327,101.92364055535411,127.65097273231154,121.53153013384308,107.74536726143458
2061,Prov. Sulawesi Selatan,Kab. Tana Toraja,L,D3,11,44.0,11.613389178511698,10.296947861234532,9.884555978338293,9.335082365238915,8.887497836747235,11.240801271390477,12.191097910629123
2062,Prov. Sulawesi Selatan,Kab. Tana Toraja,L,Profesi,3,4.0,1.0557626525919726,5.077600080099167,4.010796462231145,3.5678311178766653,2.385072059786433,3.133949828444575,4.165475517617985
2063,Prov. Sulawesi Selatan,Kab. Tana Toraja,L,S1,958,5144.0,1357.7107712332768,709.782661342597,731.9006932464832,683.4674205881447,568.6964025463898,627.8791889420283,630.8271251152617
2064,Prov. Sulawesi Selatan,Kab. Tana Toraja,L,S2,51,147.0,38.79927748275499,40.42193594598271,42.27566317796047,38.75181400837204,38.6524966263566,36.43724483273317,37.18366902588447
2065,Prov. Sulawesi Selatan,Kab. Tana Toraja,L,S3,3,10.0,2.6394066314799316,1.5020546725946597,1.5800748704761198,1.8953380290754245,1.4231585076331024,2.8475233404224,2.1127737246101037
2066,Prov. Sulawesi Selatan,Kab. Tana Toraja,P,D3,172,596.0,157.3086352362039,166.84832230579238,159.8771294338658,155.65396835891076,141.35009928289955,144.9228387526634,163.8710654910835
2067,Prov. Sulawesi Selatan,Kab. Tana Toraja,P,Profesi,51,76.0,20.05949039924748,79.92886028091448,72.39265326497777,63.65889951251197,37.69294577251677,76.70195338023099,113.31916823178723
2068,Prov. Sulawesi Selatan,Kab. Tana Toraja,P,S1,1555,7415.0,1957.1200172423692,1268.1197386106817,1287.682716097938,1245.6417075514412,1134.3134765563775,1220.5839797076471,1247.4388169114654
2069,Prov. Sulawesi Selatan,Kab. Tana Toraja,P,S2,66,215.0,56.74724257681852,69.46698738671735,73.01355114101756,68.85402629301282,80.05545658640531,83.6299526565701,89.56423753495329
2070,Prov. Sulawesi Selatan,Kab. Tana Toraja,P,S3,2,4.0,1.0557626525919726,0.8459650303599815,0.8353078247228103,1.0523348918318478,1.4251663139623858,1.8581460142216295,1.839030495763379
2071,Prov. Sulawesi Selatan,Kab. Toraja Utara,L,Profesi,10,30.0,7.918219894439794,25.38471058740334,22.96341079294874,19.381590333598588,20.06086316365453,18.40328968649877,17.990407600492453
2072,Prov. Sulawesi Selatan,Kab. Toraja Utara,L,S1,15,106.0,27.977710293687274,11.264436406349564,12.603619795886031,11.32603540967278,16.202699321413466,16.694432696247897,16.44436110901584
2073,Prov. Sulawesi Selatan,Kab. Toraja Utara,P,D3,10,59.0,15.572499125731595,15.31621524487781,14.838923056787024,14.234165016987088,16.748174813606067,14.51548932578299,16.487397750514962
2074,Prov. Sulawesi Selatan,Kab. Toraja Utara,P,Profesi,35,111.0,29.297413609427238,103.21068153458582,96.23174064665227,82.92259892162213,73.02050021292442,80.76002539733835,76.28682164602233
2075,Prov. Sulawesi Selatan,Kab. Toraja Utara,P,S1,115,770.0,203.2343106239547,84.85827914619858,100.0155769566726,91.18479737718366,63.38278796155288,81.00825644457964,81.55861174904459
2076,Prov. Sulawesi Selatan,Kab. Wajo,L,S1,268,1754.0,462.95192316157994,196.15830407665678,210.03037775393764,190.20070964870516,254.566010497128,180.30199896880805,182.07237659589697
2077,Prov. Sulawesi Selatan,Kab. Wajo,L,S2,38,84.0,22.171015704431422,21.048287579769227,21.857315902922576,19.737963199374793,22.948900417720974,19.213383214074163,18.97235167183142
2078,Prov. Sulawesi Selatan,Kab. Wajo,P,D3,34,141.0,37.21563350386703,34.55813434224472,33.379605932359205,31.86937226547201,31.357148028678026,36.32768079989416,39.337464669726664
2079,Prov. Sulawesi Selatan,Kab. Wajo,P,S1,388,2063.0,544.5095880743098,302.52091404235483,312.3233982211637,294.64582073243446,232.53494056372753,203.57281979923843,274.5777659853849
2080,Prov. Sulawesi Selatan,Kab. Wajo,P,S2,55,140.0,36.95169284071904,49.24208413245603,48.053253124862636,45.558994783434606,49.71219650651015,42.368874722369505,46.52420870356099
2081,Prov. Sulawesi Selatan,Kota Makassar,L,D3,1610,6834.0,1803.770491953385,1653.8376132925177,1626.038199741058,1642.313097927907,1548.4003392594807,1855.566627413202,1803.730461304915
2082,Prov. Sulawesi Selatan,Kota Makassar,L,D4,1160,8067.0,2129.2093296148605,1313.249734893669,1412.289384372679,1503.7657663421562,1258.4218823351844,1646.2746204374364,1413.632244835641
2083,Prov. Sulawesi Selatan,Kota Makassar,L,Profesi,12939,12134.0,3202.6560066377488,17791.68025791588,13678.32569425396,13712.303910580555,26910.496837638166,10982.786867449913,12143.427004158406
2084,Prov. Sulawesi Selatan,Kota Makassar,L,S1,13286,90741.0,23950.239714712046,12234.133129516513,13158.15134676651,13236.28048640268,13275.99968978779,15995.942469898486,14691.467007878151
2085,Prov. Sulawesi Selatan,Kota Makassar,L,S2,2842,10755.0,2838.681832156666,2641.797833933434,2991.4061525022157,2880.4106019485525,2583.826822211494,2496.537052694043,2979.8956457837257
2086,Prov. Sulawesi Selatan,Kota Makassar,L,S2 Terapan,74,157.0,41.438684114234924,42.67284290475772,44.09185824905411,40.86693998709575,34.65608166613873,32.11087579799017,36.253440184778924
2087,Prov. Sulawesi Selatan,Kota Makassar,L,S3,389,2570.0,678.3275042903424,333.1076137778745,384.3692381675539,482.4129771565667,341.65311893336315,538.4673779455222,465.67797477524886
2088,Prov. Sulawesi Selatan,Kota Makassar,L,Sp-1,194,911.0,240.44994412782174,173.4487805032908,201.9417759312859,267.57621449170597,182.14182132069985,190.73301705537392,192.1088834978179
2089,Prov. Sulawesi Selatan,Kota Makassar,L,Sp-2,20,68.0,17.947965094063534,24.873485393399005,26.433386464543343,22.573832992242853,13.504638548378425,20.482955326155793,25.185069542019182
2090,Prov. Sulawesi Selatan,Kota Makassar,P,D3,3372,11547.0,3047.7228373698767,3099.8839092890935,3130.1270959017265,3231.1783522270734,3229.727042982907,3057.862615044943,3309.7667441698736
2091,Prov. Sulawesi Selatan,Kota Makassar,P,D4,1935,9825.0,2593.2170154290325,1885.808945709423,2036.9327492160219,2225.261746005325,1945.4791384501661,2161.210997586088,1763.7907372138618
2092,Prov. Sulawesi Selatan,Kota Makassar,P,Profesi,30259,27328.0,7212.970442508356,42851.093313905134,34321.84661033387,34947.2165313474,67257.15066621771,16738.660033899756,24529.59514097322
2093,Prov. Sulawesi Selatan,Kota Makassar,P,S1,21767,122562.0,32349.095556744334,20840.515569255374,21912.730566138493,22948.43505191446,25263.799244334015,20701.02083720386,24154.839360399517
2094,Prov. Sulawesi Selatan,Kota Makassar,P,S2,3730,11347.0,2994.934704740278,3535.694404240218,3908.8491626721616,3906.175564960912,3307.4674780887635,3070.920099471098,3550.2823032063134
2095,Prov. Sulawesi Selatan,Kota Makassar,P,S2 Terapan,55,131.0,34.5762268723871,42.820478675761315,44.076082467693084,42.13987685401611,37.423649750405744,41.74548428387628,48.337397579249966
2096,Prov. Sulawesi Selatan,Kota Makassar,P,S3,274,1661.0,438.4054414888166,265.31136088206995,302.17112306682276,392.3283721600418,286.3527919110611,379.26431506243495,330.695046846799
2097,Prov. Sulawesi Selatan,Kota Makassar,P,Sp-1,264,1345.0,355.00019193405075,277.4653907027758,334.73545295223414,452.09102368181874,281.1149192845769,297.1288300681473,320.7115012303749
2098,Prov. Sulawesi Selatan,Kota Makassar,P,Sp-2,5,34.0,8.973982547031767,13.783479511659907,15.049000734138726,13.133622059008223,8.029347176239447,10.923568092734985,9.178655501634951
2099,Prov. Sulawesi Selatan,Kota Palopo,L,D3,96,836.0,220.65439439172226,214.80488769198845,204.92753162046685,195.61851907222103,173.35725461638847,156.31163619384063,157.01710439816262
2100,Prov. Sulawesi Selatan,Kota Palopo,L,Profesi,383,436.0,115.078129132525,695.6187332754357,518.915978889009,473.83244198536113,724.6218302266197,378.5186646389457,593.6049570173287
2101,Prov. Sulawesi Selatan,Kota Palopo,L,S1,993,9434.0,2490.0162161381672,1150.2290458052928,1278.780409418229,1179.9612860856116,1178.4327288603208,1001.5435673051667,884.8553745712343
2102,Prov. Sulawesi Selatan,Kota Palopo,L,S2,111,461.0,121.67664571122484,112.66071955497425,126.8237993916351,114.7001894098627,122.05341541348857,96.08749919647916,111.88475880264593
2103,Prov. Sulawesi Selatan,Kota Palopo,P,D3,207,1062.0,280.3049842631687,301.67757271885677,295.9257885416009,288.75136995829854,252.14052485110392,248.76786904397727,256.9291857642952
2104,Prov. Sulawesi Selatan,Kota Palopo,P,Profesi,2870,4297.0,1134.1530295469265,6382.896206660971,5224.379120426919,4779.214322881338,4464.652554299907,3719.0282691180028,4766.847195953677
2105,Prov. Sulawesi Selatan,Kota Palopo,P,S1,3057,20841.0,5500.787360667325,3406.0573665358993,3620.890946423653,3489.769258532448,3154.5503512921496,2908.1504664016625,3107.2213248719886
2106,Prov. Sulawesi Selatan,Kota Palopo,P,S2,196,542.0,143.0558394262123,175.85740770677683,189.98560949420767,179.25358849259936,191.26493109901793,156.11128881891864,179.52661945677048
2107,Prov. Sulawesi Selatan,Kota Pare-Pare,L,D3,10,93.0,24.546481672763363,14.116740700576287,16.04302955577251,14.306301201062206,6.130166456054022,12.60282302063283,12.292694213199823
2108,Prov. Sulawesi Selatan,Kota Pare-Pare,L,Profesi,535,538.0,142.00007677362032,950.9657316264314,666.5453252419339,610.9159165731585,1466.5020474635899,869.1304421276217,784.74460081315
2109,Prov. Sulawesi Selatan,Kota Pare-Pare,L,S1,832,6065.0,1600.8001219925784,786.9486121215414,835.353259739521,767.2487356706994,725.6454095972548,727.1726134661119,677.1053554602431
2110,Prov. Sulawesi Selatan,Kota Pare-Pare,L,S2,132,611.0,161.2677451834238,165.7437414230159,175.1832215973527,159.06487826659475,140.67847940080463,154.85590194912638,161.74766640880802
2111,Prov. Sulawesi Selatan,Kota Pare-Pare,L,S3,11,95.0,25.07436299905935,8.237799729794396,10.720118082476988,11.981455116870364,6.250615000108467,10.947977817864158,10.435953073006884
2112,Prov. Sulawesi Selatan,Kota Pare-Pare,P,D3,50,244.0,64.40152180811033,67.06041265043113,65.05842008601233,62.70731577418947,49.14133014898848,70.03286329911123,72.26149878858386
2113,Prov. Sulawesi Selatan,Kota Pare-Pare,P,Profesi,2143,2150.0,567.4724257681852,4132.5956383894745,2997.325414913766,2801.3515476422267,6200.210917808246,2223.407392652785,2539.0124038587815
2114,Prov. Sulawesi Selatan,Kota Pare-Pare,P,S1,1487,8018.0,2116.276237120609,1433.9126943069848,1440.0474164416953,1386.6849877504162,1301.5620572363973,1193.546462143952,1154.8261652237313
2115,Prov. Sulawesi Selatan,Kota Pare-Pare,P,S2,147,575.0,151.76588131009606,192.72926037998377,200.86826865219024,188.71761908246762,184.46546594160824,165.74445457176432,189.87693136570442
2116,Prov. Sulawesi Selatan,Kota Pare-Pare,P,S3,2,15.0,3.959109947219897,1.9076650031823135,2.294598885916342,2.7060688005790325,1.8271245932724751,2.1612530101133753,1.845389543109528
2117,Prov. Sulawesi Tengah,Kab. Banggai,L,D3,143,369.0,84.57983137601875,65.52381866423944,52.44316217811051,49.68079768724078,59.668302326966774,57.99176141851517,61.83831683416215
2118,Prov. Sulawesi Tengah,Kab. Banggai,L,S1,308,4220.0,967.2815403978295,470.65657049382116,382.0868485752362,349.44883630876103,508.83209258781494,645.520578336668,708.1163294236895
2119,Prov. Sulawesi Tengah,Kab. Banggai,L,S2,33,55.0,12.606749934094934,21.247748174060014,21.156431269041025,23.08878008886631,15.48002945550214,12.871353482489091,8.564589353920676
2120,Prov. Sulawesi Tengah,Kab. Banggai,P,D3,250,576.0,132.02705385524877,96.92440747623299,74.43278289058937,68.1556468951129,96.37127070200168,102.17390425111863,95.71469847465178
2121,Prov. Sulawesi Tengah,Kab. Banggai,P,S1,623,4940.0,1132.3153577168905,727.7466013458327,624.0091075932344,609.5478302737904,882.3276436675499,839.1522315333806,796.3570172502367
2122,Prov. Sulawesi Tengah,Kab. Banggai,P,S2,38,61.0,13.98203174508711,25.580319113722275,25.3113627580542,27.604433557032447,17.552544639604108,15.94565334151728,19.495869523786347
2123,Prov. Sulawesi Tengah,Kab. Buol,L,S1,46,458.0,104.979844905736,70.21373941132552,51.75979244737031,53.37440165022607,67.84356456489925,53.165565384555144,64.19485940919877
2124,Prov. Sulawesi Tengah,Kab. Buol,P,S1,36,431.0,98.79107675627121,71.0708969960086,51.917649792207655,53.33649780783663,91.92006902496819,45.42747456289981,59.57294564700499
2125,Prov. Sulawesi Tengah,Kab. Marowali,L,D3,76,299.0,68.53487691444337,98.83589254339647,79.97090467747473,87.99553431075554,63.82347430253622,61.724516490481385,63.65321174697857
2126,Prov. Sulawesi Tengah,Kab. Marowali,P,D3,14,201.0,46.07194066823785,72.13617436641732,58.006625909447465,63.788217849681885,53.83735844872683,59.81863660202494,51.93951649007353
2127,Prov. Sulawesi Tengah,Kab. Poso,L,Profesi,3,4.0,0.9168545406614498,6.21394199873562,4.876764134501049,5.226873829682362,6.09310605718027,3.280156183602112,3.1794655796082743
2128,Prov. Sulawesi Tengah,Kab. Poso,L,S1,37,494.0,113.23153577168905,63.79952318962733,49.62985698977559,47.977019666929884,54.88932670427596,50.40177882159433,42.71865535700146
2129,Prov. Sulawesi Tengah,Kab. Poso,P,D3,41,163.0,37.361822531954076,40.554382054988366,31.26650153778448,31.192180971291787,42.93004220864976,34.78136040426523,36.45297938914114
2130,Prov. Sulawesi Tengah,Kab. Poso,P,Profesi,15,18.0,4.125845432976524,28.375386966407348,21.67381691027735,22.693383242858484,19.150477282930506,10.92147620875555,11.1281485497466
2131,Prov. Sulawesi Tengah,Kab. Poso,P,S1,74,1002.0,229.67206243569316,155.62638017704958,124.18010504478957,124.17290751671453,159.52291654863018,156.8224369561775,120.81047755624097
2132,Prov. Sulawesi Tengah,Kab. Sigi,L,S1,7,15.0,3.4382045274804365,2.476134260521692,1.8675875493017031,1.9744049164901867,1.6670140265853541,4.816190858698411,4.87903557097121
2133,Prov. Sulawesi Tengah,Kab. Sigi,L,S2,3,12.0,2.7505636219843494,3.4434325644715362,2.5748052142680207,2.5773379771155014,4.414189034995298,3.420543666821649,2.5640539239908913
2134,Prov. Sulawesi Tengah,Kab. Sigi,P,S1,6,22.0,5.042699973637974,4.6340922643000475,3.651522400443859,4.073584496434724,4.5969161723957415,6.635308893796279,5.229729239852318
2135,Prov. Sulawesi Tengah,Kab. Sigi,P,S2,3,12.0,2.7505636219843494,5.061796317176893,4.131113365123995,4.576453311729445,4.952988606588276,4.540563457715128,2.5992738361542664
2136,Prov. Sulawesi Tengah,Kab. Toli-Toli,L,S1,201,1827.0,418.7733114471172,207.64354627807273,167.36452048520692,153.35746266368864,186.85776386395833,213.03358254560487,245.95396492092826
2137,Prov. Sulawesi Tengah,Kab. Toli-Toli,P,S1,354,2803.0,642.485819368511,408.4243807051583,344.5544329258508,333.9122482501162,348.6593203514694,365.60227569156643,349.17460492033365
2138,Prov. Sulawesi Tengah,Kota Palu,L,D3,180,919.0,210.6473307169681,173.98940334628224,143.73709691325706,131.78731001994024,179.81931403697175,155.25865601330537,165.17369993036652
2139,Prov. Sulawesi Tengah,Kota Palu,L,D4,52,725.0,166.17988549488777,113.48799300244832,104.02300883962766,111.08377081475147,118.6272089677944,132.85557950138485,125.07625664030907
2140,Prov. Sulawesi Tengah,Kota Palu,L,Profesi,2011,802.0,183.82933540262067,1092.6373486062128,930.4047627468327,934.8968525406275,834.6977592139231,583.7070830376985,839.6692802317245
2141,Prov. Sulawesi Tengah,Kota Palu,L,S1,3814,33610.0,7703.870277907832,4338.718041842904,3829.5003676719853,3654.78182237626,4059.6279584140375,4507.1347780580745,4571.887590519751
2142,Prov. Sulawesi Tengah,Kota Palu,L,S2,298,1527.0,350.00922089750844,397.57345032558294,362.7124516014504,341.9560917557273,361.27655001469356,410.541063255824,484.6896255618504
2143,Prov. Sulawesi Tengah,Kota Palu,L,S3,46,333.0,76.3281405100657,43.31623367766436,40.571887527411704,51.78133646821639,47.69607786235932,52.771303462273565,52.34465273833269
2144,Prov. Sulawesi Tengah,Kota Palu,P,D3,1143,3568.0,817.8342502700132,936.4446188352057,829.2057797139115,824.9550018541544,1002.1987378552,834.9521027019239,922.1859793983999
2145,Prov. Sulawesi Tengah,Kota Palu,P,D4,357,1088.0,249.38443505991435,206.19948177800208,194.0001442130676,214.2367872538086,210.5827475650793,218.15870722144533,226.63084878950286
2146,Prov. Sulawesi Tengah,Kota Palu,P,Profesi,5911,1792.0,410.7508342163295,2653.5481008789125,2246.641819921592,2257.4704313776283,1937.6327898814677,1790.0627009638847,1775.7408144974568
2147,Prov. Sulawesi Tengah,Kota Palu,P,S1,6656,41713.0,9561.188363652764,6854.968536390434,6314.599494307465,6350.975061562681,6747.854171674589,7066.532795756432,7566.357360260518
2148,Prov. Sulawesi Tengah,Kota Palu,P,S2,387,1441.0,330.2968482732873,473.78647697535365,450.14532841344453,446.2960043483419,459.0499715193692,413.0046497600089,452.2739761542042
2149,Prov. Sulawesi Tengah,Kota Palu,P,S3,16,199.0,45.61351339790713,30.140749844285207,28.649634673293164,37.3651647108066,32.93225576201241,29.302356668235078,26.388103233711213
2150,Prov. Sulawesi Tenggara,Kab. Kolaka,L,D3,1,18.0,4.223197067044271,3.6985680622648007,2.955797901520738,2.746521322926441,4.214189390549566,4.559429917732484,4.660814666393367
2151,Prov. Sulawesi Tenggara,Kab. Kolaka,L,D4,9,44.0,10.323370608330439,8.800895101462796,8.310267403197273,9.454196174325043,12.174156616220607,10.815901759244735,7.530983880102912
2152,Prov. Sulawesi Tenggara,Kab. Kolaka,L,S1,460,4266.0,1000.8977048894922,522.8285832895017,423.5666341949872,392.4809274246159,597.8517390657588,565.4554067998369,605.919917731425
2153,Prov. Sulawesi Tenggara,Kab. Kolaka,L,S2,3,12.0,2.8154647113628473,4.45416944716406,4.4484548423159564,4.794543187179281,4.868893127886162,3.6967518933032215,2.528282051244033
2154,Prov. Sulawesi Tenggara,Kab. Kolaka,P,D3,55,311.0,72.96746043615379,89.58014502039272,76.29465579871462,77.43787803730669,89.70205399141975,77.41621729797691,83.93136597903742
2155,Prov. Sulawesi Tenggara,Kab. Kolaka,P,D4,12,60.0,14.077323556814235,13.19764940403131,12.26499592098972,13.950113073203381,22.202606725047353,15.726150598710216,13.82797670910631
2156,Prov. Sulawesi Tenggara,Kab. Kolaka,P,S1,923,5543.0,1300.510074590355,915.846065041792,780.4567151427434,779.0551446119814,994.3434088720904,756.096025848639,753.3567701963783
2157,Prov. Sulawesi Tenggara,Kab. Kolaka,P,S2,10,31.0,7.273283837687355,12.65372381040638,12.437797155921313,13.402389244545923,12.657936807551357,8.699699780473816,10.36371517637104
2158,Prov. Sulawesi Tenggara,Kab. Konawe,L,D3,1,181.0,42.46659272972295,53.14163245191484,49.97202082021641,52.331968144159404,51.76047303809079,55.182576311197316,53.50105916764744
2159,Prov. Sulawesi Tenggara,Kab. Konawe,L,S1,138,861.0,202.0095930402843,92.46373883041595,75.30994046228005,65.55063310247958,80.35665727355976,105.70987325895604,96.74824520085403
2160,Prov. Sulawesi Tenggara,Kab. Konawe,P,D3,25,238.0,55.840050108696474,82.27235498832066,77.8660840964413,83.58021844458492,78.08484271371867,67.590398344702,72.31409823948584
2161,Prov. Sulawesi Tenggara,Kab. Konawe,P,S1,156,804.0,188.63613566131076,117.60128131039275,101.11964710578036,95.13735170099119,93.59375931275868,129.63860252601614,116.37611965022111
2162,Prov. Sulawesi Tenggara,Kab. Muna,L,D3,6,23.0,5.396307363445457,4.648265265618407,3.627385458342794,3.414643334715625,5.166589688920979,4.700728770935893,4.167424003143397
2163,Prov. Sulawesi Tenggara,Kab. Muna,L,D4,2,46.0,10.792614726890914,7.458385354738829,6.454480156023852,6.932345962105759,7.9805524883188985,11.305877779885217,8.161287982352688
2164,Prov. Sulawesi Tenggara,Kab. Muna,L,Profesi,2,6.0,1.4077323556814236,6.848326729788853,5.523940605249887,5.5040212689208925,5.18758516024615,3.079308404691272,2.7368894389041563
2165,Prov. Sulawesi Tenggara,Kab. Muna,L,S1,27,574.0,134.6730620268562,82.73172518406108,69.60282519186295,69.47548992435009,82.52201011063319,107.2574902091196,95.24907563565732
2166,Prov. Sulawesi Tenggara,Kab. Muna,P,D3,46,198.0,46.45516773748698,56.69090245493218,47.31117092008707,48.83625373402564,51.739950493490525,47.39774647402274,37.94077746145237
2167,Prov. Sulawesi Tenggara,Kab. Muna,P,D4,9,160.0,37.53952948483796,31.00817984355558,27.1420029728726,30.044460263467073,34.69069475826284,31.598440244272695,36.37790902665747
2168,Prov. Sulawesi Tenggara,Kab. Muna,P,Profesi,6,12.0,2.8154647113628473,18.176442407385203,15.346660161475286,16.372568304408105,10.528825099023067,6.980268738997196,7.931747089549468
2169,Prov. Sulawesi Tenggara,Kab. Muna,P,S1,67,845.0,198.2556400918005,146.39785182279786,124.80768547238206,128.65974792685554,146.6386482518299,162.30016362071723,190.0623331216065
2170,Prov. Sulawesi Tenggara,Kab. Wakatobi,L,D1,22,22.0,5.1616853041652195,19.832591139411715,6.690561166093074,6.824789151236481,11.886517751241337,6.436238122415986,9.3746405140346
2171,Prov. Sulawesi Tenggara,Kab. Wakatobi,L,S1,48,382.0,89.62562664505064,44.54836490734026,31.74689013383538,30.063437649416652,53.19614000288238,21.303069941455846,15.622594936129552
2172,Prov. Sulawesi Tenggara,Kab. Wakatobi,P,D1,19,21.0,4.927063244884983,20.818394848447223,6.912147467816094,7.049209157871363,11.180466202021458,5.8742955873527345,9.081391621126327
2173,Prov. Sulawesi Tenggara,Kab. Wakatobi,P,S1,80,618.0,144.99643263518664,92.04612612158395,67.80450754947493,67.79481718151195,96.67893838657247,44.001095017935455,36.30739777572209
2174,Prov. Sulawesi Tenggara,Kota Baubau,L,D3,17,73.0,17.12741032745732,20.23976360240694,19.71220502663484,19.98824658363551,21.611181939619648,23.43049144460644,25.422703108039364
2175,Prov. Sulawesi Tenggara,Kota Baubau,L,D4,6,211.0,49.505254508130065,37.70565404892417,37.90355020605287,40.48615022472021,39.97376701958359,30.3987069825076,27.293305301078487
2176,Prov. Sulawesi Tenggara,Kota Baubau,L,Profesi,6,14.0,3.284708829923322,7.554012809574032,5.362725212254434,3.9024647165505146,18.74133748217628,6.059702954541877,8.403584560383848
2177,Prov. Sulawesi Tenggara,Kota Baubau,L,S1,887,7370.0,1729.1645768953488,942.0870897335143,857.0691962704682,786.3172086020707,958.162482367291,753.8607312832526,743.4559482039409
2178,Prov. Sulawesi Tenggara,Kota Baubau,L,S2,51,116.0,27.216158876507524,37.79809534919935,39.95751865630925,40.17658222379522,47.455721005419576,46.60643757022093,45.406859878798336
2179,Prov. Sulawesi Tenggara,Kota Baubau,P,D3,223,975.0,228.75650779823135,297.12430229492674,284.75963837955584,288.62790845358785,317.24817943682393,243.0746494653466,251.05690516800775
2180,Prov. Sulawesi Tenggara,Kota Baubau,P,D4,29,298.0,69.91737366551071,59.656422998501874,59.3814574867745,63.842920889529104,80.56273031611559,34.653869724787654,35.534716311218006
2181,Prov. Sulawesi Tenggara,Kota Baubau,P,Profesi,37,57.0,13.373457378973525,34.4001399286208,24.16934832325513,17.69315192365569,75.47484451637621,46.44065932713192,64.47917515385654
2182,Prov. Sulawesi Tenggara,Kota Baubau,P,S1,1690,10427.0,2446.404212115034,1682.9583872421483,1576.2672228595088,1521.1286010344595,1688.7611122240442,1527.0654459374518,1543.985362216011
2183,Prov. Sulawesi Tenggara,Kota Baubau,P,S2,20,48.0,11.261858845451389,17.694495517348884,18.581731628329376,18.873511204326373,28.585861856606304,12.890815542185468,12.406886034277985
2184,Prov. Sulawesi Tenggara,Kota Kendari,L,D3,249,2028.0,475.81353622032117,447.62866658697044,388.41566275466425,363.418659036045,396.38483063800317,376.67904022778754,413.63583663659267
2185,Prov. Sulawesi Tenggara,Kota Kendari,L,D4,29,182.0,42.70121478900318,25.578476461047696,22.974634294283824,22.345698283404783,20.575014016552238,30.827488388852075,26.9947137786968
2186,Prov. Sulawesi Tenggara,Kota Kendari,L,Profesi,2338,2338.0,548.5463745971947,3312.6863498245366,3119.8798937705783,3209.1462894262863,2917.6408514165614,3878.37907946743,3586.9933208676816
2187,Prov. Sulawesi Tenggara,Kota Kendari,L,S1,4871,33714.0,7910.0481065739195,4773.661688027193,4332.390791227414,4111.905805557281,3883.0003401475597,3413.567410200962,3599.8927427578224
2188,Prov. Sulawesi Tenggara,Kota Kendari,L,S2,648,2280.0,534.938295158941,579.5857803233171,546.0051529667327,498.43706968211507,507.69340424599056,446.70214358488295,512.2009351221936
2189,Prov. Sulawesi Tenggara,Kota Kendari,L,S3,71,310.0,72.73283837687356,43.86278481268914,46.26474426047392,59.47933088218012,40.32384081918222,39.58046005625536,38.54604417761
2190,Prov. Sulawesi Tenggara,Kota Kendari,P,D3,842,3702.0,868.5708634554384,1014.4055414376435,906.3370761070447,880.0122495663222,983.5274992239448,871.9707803726092,953.1813971984283
2191,Prov. Sulawesi Tenggara,Kota Kendari,P,D4,286,1311.0,307.58951971639107,213.79020839335797,192.3473167285199,190.7367841808622,167.49536967770905,223.7290899492295,206.16528079676326
2192,Prov. Sulawesi Tenggara,Kota Kendari,P,Profesi,8047,7724.0,1812.2207858805527,11981.932450950862,11090.136603299923,11386.443065382386,10195.15072063483,6887.561361771489,7764.111571867541
2193,Prov. Sulawesi Tenggara,Kota Kendari,P,S1,7758,42156.0,9890.727531017683,7522.3204837381745,7019.21624516133,7008.59441831592,6362.322573484875,6244.9677547762285,6552.210752004078
2194,Prov. Sulawesi Tenggara,Kota Kendari,P,S2,567,1594.0,373.9875624926982,513.8616820050657,499.23071383721975,479.9481365844986,485.88139485837274,495.84840826790173,542.1705944435533
2195,Prov. Sulawesi Tenggara,Kota Kendari,P,S3,31,150.0,35.19330889203559,23.67613643492373,24.69360579249164,31.905648369232686,23.167273729465112,16.760131583978875,15.875021094510439
2196,Prov. Sulawesi Utara,Kab. Bolaang Mongondaw,L,S1,6,39.0,9.150260311929253,6.0995312931059535,4.694623500701509,4.913347027490987,5.5690820469793705,10.297267756829923,8.407065109014754
2197,Prov. Sulawesi Utara,Kab. Bolaang Mongondaw,P,S1,15,48.0,11.261858845451389,8.52847465950723,6.529643823926549,6.913843837300268,7.569940362223283,9.37693185866071,8.480220340414885
2198,Prov. Sulawesi Utara,Kab. Kep. Sangihe,L,D3,32,280.0,65.69417659846644,52.26925493038244,42.92390860573471,37.127000801148526,100.80194483825,35.31210701174634,38.254224927642724
2199,Prov. Sulawesi Utara,Kab. Kep. Sangihe,L,D4,6,56.0,13.138835319693287,7.4964286914920955,6.580230782016666,6.2333223580719155,7.648348188623142,12.753912599513253,11.670878387476636
2200,Prov. Sulawesi Utara,Kab. Kep. Sangihe,P,D3,101,651.0,152.73896059143448,148.2398177329434,123.95396889016764,111.32017672402418,169.04352033789183,83.12721143749629,151.79711221000136
2201,Prov. Sulawesi Utara,Kab. Kep. Sangihe,P,D4,7,71.0,16.658166208896848,12.178299354688072,11.061659538096347,11.076809891010948,10.255223153834125,16.51932990934759,14.563141023883276
2202,Prov. Sulawesi Utara,Kab. Kepulauan Sitaro,L,S1,4,24.0,5.6309294227256945,3.0657810728133184,2.208153983617893,2.146568819203669,3.4741540583875423,6.669683813036101,6.453434985812873
2203,Prov. Sulawesi Utara,Kab. Kepulauan Sitaro,P,S1,22,161.0,37.7741515441182,24.542302821374424,17.869813440613573,17.892876112135767,29.94809574984341,24.870943738296805,32.40250973761874
2204,Prov. Sulawesi Utara,Kab. Minahasa,L,Profesi,1416,75.0,17.596654446017794,108.24912788529109,94.50600812236202,95.403026560938,113.43893544780295,81.03359926853848,160.4484296785117
2205,Prov. Sulawesi Utara,Kab. Minahasa,L,S1,1003,8364.0,1962.3789038199045,1081.4799863284236,873.304285371747,786.8606834323557,993.108885010543,916.9982919955086,938.7773971440439
2206,Prov. Sulawesi Utara,Kab. Minahasa,L,S2,135,202.0,47.39365597460793,59.93818669485436,54.732849589323195,51.53284342349277,57.939555929395276,58.691299265421144,65.11202249401504
2207,Prov. Sulawesi Utara,Kab. Minahasa,L,S3,12,97.0,22.758339750183016,11.657166156898139,10.738559890450919,12.680033241403034,16.49358507137283,12.91283035788428,11.413657495718596
2208,Prov. Sulawesi Utara,Kab. Minahasa,P,Profesi,5848,312.0,73.20208249543403,495.2094291227794,425.50687900907053,429.44744905125015,456.96264394313,574.3611449488241,602.0029995939075
2209,Prov. Sulawesi Utara,Kab. Minahasa,P,S1,1896,12873.0,3020.2897691144944,2004.1051515618656,1628.1551590131517,1531.0504291532457,1556.4748255284653,2305.9480629049795,2260.7619707149333
2210,Prov. Sulawesi Utara,Kab. Minahasa,P,S2,167,242.0,56.77853834581742,80.86819591900316,73.2477378485239,69.5507787144052,71.53092548328499,75.30479228380725,81.98382937349038
2211,Prov. Sulawesi Utara,Kab. Minahasa,P,S3,8,77.0,18.06589856457827,9.262607752208073,8.14287110345615,9.28866082366714,12.0584662927687,11.317607419958502,10.344562284750003
2212,Prov. Sulawesi Utara,Kab. Minahasa Selatan,L,D3,91,515.0,120.83036052932219,150.5432274026225,137.12522666325304,142.5163108547254,153.37671835328027,134.9830436533445,132.36952297510555
2213,Prov. Sulawesi Utara,Kab. Minahasa Selatan,P,D3,28,91.0,21.35060739450159,31.745024870312093,29.23176920204895,31.293530123209933,29.576817297385997,26.851945111330178,27.25323954166358
2214,Prov. Sulawesi Utara,Kab. Minahasa Utara,L,Profesi,6,23.0,5.396307363445457,23.001308206836562,18.84812618895229,17.26151872305569,16.392287771413557,12.79534038330717,14.907283993878853
2215,Prov. Sulawesi Utara,Kab. Minahasa Utara,L,S1,268,1711.0,401.43834342848595,278.0895073245341,257.52104145444935,259.8824724917746,285.88907998555226,275.1213173486958,256.68169841953255
2216,Prov. Sulawesi Utara,Kab. Minahasa Utara,L,S2,44,91.0,21.35060739450159,30.492665622580397,30.67357869288768,31.31008446557021,33.26315531918537,25.94161257250506,25.16962356953463
2217,Prov. Sulawesi Utara,Kab. Minahasa Utara,P,D3,8,91.0,21.35060739450159,19.844668497184966,16.069471392979818,14.486727749585569,17.494037070782824,16.005887497689116,18.776033397211382
2218,Prov. Sulawesi Utara,Kab. Minahasa Utara,P,Profesi,100,166.0,38.94726184051939,146.41492929471204,109.84299013010572,92.79726328149377,110.89099986154778,69.92680307392224,112.90219454534152
2219,Prov. Sulawesi Utara,Kab. Minahasa Utara,P,S1,341,2107.0,494.3486789034599,397.69035974170856,368.78187204529945,379.8275696259341,450.6466537470626,406.1301244417449,405.1328509544422
2220,Prov. Sulawesi Utara,Kab. Minahasa Utara,P,S2,27,76.0,17.83127650529803,28.220645876337475,28.009781598258286,28.66448477764158,31.52733115870675,24.332688852240352,24.87858421496993
2221,Prov. Sulawesi Utara,Kota Bitung,L,D3,91,330.0,77.4252795624783,98.85814680374521,89.04692501225627,96.81151852164733,85.03094310376777,93.20370352212322,88.3117202475491
2222,Prov. Sulawesi Utara,Kota Bitung,L,S1,108,847.0,198.72488421036098,97.0020520410795,76.78318360060376,70.51100182668235,91.69380733811573,111.4654918385928,105.6099141146457
2223,Prov. Sulawesi Utara,Kota Bitung,P,D3,55,171.0,40.12037213692057,58.70548187612011,52.752128984904054,58.20795060151047,45.539790225528805,47.51072497339174,47.15891878528892
2224,Prov. Sulawesi Utara,Kota Bitung,P,S1,250,1658.0,389.0033742866334,222.90909498410056,177.4178967515458,166.81619143169092,183.62662426767648,214.65060977706858,225.33438358774134
2225,Prov. Sulawesi Utara,Kota Manado,L,D3,207,1074.0,251.98409166697482,271.3933707317669,253.13590224576268,246.42890157438438,245.0282469107822,216.53440556501977,225.10533432066006
2226,Prov. Sulawesi Utara,Kota Manado,L,D4,472,2757.0,646.8530174356141,453.7316788988724,437.0199554079803,451.56075362935024,384.9438158279929,517.0334075746891,427.3276391793649
2227,Prov. Sulawesi Utara,Kota Manado,L,Profesi,388,382.0,89.62562664505064,427.03519070835773,380.4333937748167,358.10417430359746,970.4071218399491,374.48385992808676,345.24447109368504
2228,Prov. Sulawesi Utara,Kota Manado,L,S1,2361,19278.0,4523.044058804414,2625.7122154989584,2407.109332428492,2245.46773721462,2231.676388300767,2813.4679510452347,2731.5036179745143
2229,Prov. Sulawesi Utara,Kota Manado,L,S2,226,910.0,213.5060739450159,258.9261038225023,258.7640881363748,245.58155228037106,257.1464646668331,220.4617429425788,242.38137708332752
2230,Prov. Sulawesi Utara,Kota Manado,L,S3,26,149.0,34.958686832755355,20.566896055462525,21.99884036348196,27.96518231226947,22.396219318209624,16.76416277606691,15.494623901259404
2231,Prov. Sulawesi Utara,Kota Manado,L,Sp-1,81,379.0,88.92176046720992,72.9668007043494,87.86745974128397,126.27917312941517,71.2600508548877,85.78763824517586,87.27483574733805
2232,Prov. Sulawesi Utara,Kota Manado,P,D3,854,3287.0,771.2027088541399,905.2409884179428,828.9263878378879,803.6806419211647,879.3677714718631,891.4110129913477,991.9199590995975
2233,Prov. Sulawesi Utara,Kota Manado,P,D4,597,3218.0,755.0137867638035,616.4607457180686,592.8864524258629,628.6531721945981,548.6825564274383,727.0292061050484,801.6567301949111
2234,Prov. Sulawesi Utara,Kota Manado,P,Profesi,1246,1000.0,234.62205928023727,1208.5763656628878,1053.7721525759703,985.5532003877471,2750.9949641718617,1530.1114301163618,1889.5051363181217
2235,Prov. Sulawesi Utara,Kota Manado,P,S1,4455,27712.0,6501.846506773935,4626.879884588599,4327.642266729603,4197.080568292384,4330.126361745549,4564.114802334853,4965.156659193136
2236,Prov. Sulawesi Utara,Kota Manado,P,S2,263,912.0,213.9753180635764,313.2942535917066,317.7291379671369,311.9179357522132,304.03366998076035,230.45771763700546,279.48040206171936
2237,Prov. Sulawesi Utara,Kota Manado,P,S3,21,110.0,25.8084265208261,16.625084996370887,17.476741623136405,22.17647086146384,17.20420194433209,15.287967498426397,12.674006546904474
2238,Prov. Sulawesi Utara,Kota Manado,P,Sp-1,36,273.0,64.05182218350477,58.15405732607048,69.06173633231857,99.45167542987096,52.18201855242365,42.77091474092476,39.005355970523226
2239,Prov. Sulawesi Utara,Kota Tomohon,L,D3,47,135.0,31.673978002832033,35.47694231953453,32.692105363331784,33.243433103432274,31.71201761756789,39.442433057873195,40.773217507995
2240,Prov. Sulawesi Utara,Kota Tomohon,L,Profesi,5,15.0,3.519330889203559,10.645186800125257,7.961065767598932,6.547025265646621,6.811052756286385,4.556378051434902,6.872229393501496
2241,Prov. Sulawesi Utara,Kota Tomohon,L,S1,425,3666.0,860.1244693213498,416.15638567539116,350.77108022210615,315.00668787322695,386.9124510263955,506.3893109534195,498.67797688676427
2242,Prov. Sulawesi Utara,Kota Tomohon,L,S3,3,42.0,9.854126489769966,3.315569886087876,2.876936808915693,3.0757761038059606,6.0841490842803205,6.548104083672691,6.609538801711734
2243,Prov. Sulawesi Utara,Kota Tomohon,P,D3,147,373.0,87.5140281115285,109.2858706073249,99.56369526012212,101.72852914593705,101.36057761898688,97.69731772885078,96.95972209227727
2244,Prov. Sulawesi Utara,Kota Tomohon,P,Profesi,57,71.0,16.658166208896848,78.08771484533472,64.31698913017648,59.92968593389307,43.08656842769747,55.86564724649592,53.24937701712712
2245,Prov. Sulawesi Utara,Kota Tomohon,P,S1,615,4499.0,1055.5646447017875,635.6840517745181,549.192624729666,515.870495704277,469.75363263463606,664.3454441541777,698.733581938143
2246,Prov. Sulawesi Utara,Kota. Kotamobagu,L,Profesi,18,20.0,4.692441185604745,13.000467779374159,8.51684426142752,7.11638782240914,13.305834735393823,9.762913104066353,11.43197965691662
2247,Prov. Sulawesi Utara,Kota. Kotamobagu,L,S1,68,2682.0,629.2563629895964,267.9101242330658,193.36277632953062,176.02958044754598,169.71892631733417,321.0030692787099,289.68994677036466
2248,Prov. Sulawesi Utara,Kota. Kotamobagu,P,D3,37,307.0,72.02897219903284,92.29325842256037,76.44928666241316,82.71958393078903,63.89089665928258,47.94504420343796,54.70430040498113
2249,Prov. Sulawesi Utara,Kota. Kotamobagu,P,Profesi,62,59.0,13.842701497534,49.47237418221418,33.61139958789484,29.761062533418844,41.19503584048081,36.95198895188592,35.78401387965386
2250,Prov. Sulawesi Utara,Kota. Kotamobagu,P,S1,162,3371.0,790.9109618336798,419.57817996088426,310.8474246966278,295.6856958279311,269.617087006177,425.4989054953725,423.33387004743247
2251,Prov. Sumatera Barat,Kab. Agam,L,Profesi,327,141.0,32.3191225583161,247.36130146419987,178.34364284341962,174.45355272238777,184.5421913450948,449.7551043472737,637.7799509806712
2252,Prov. Sumatera Barat,Kab. Agam,L,S1,565,3410.0,781.6184959138859,708.260783199116,564.6371486289937,561.1243916965957,567.8806625791761,381.5221459770935,500.51101604130844
2253,Prov. Sumatera Barat,Kab. Agam,L,S2,71,220.0,50.426999736379734,91.86331439871714,75.94462826475984,75.044337184759,68.02706062895089,91.92468006106057,117.21250606664431
2254,Prov. Sumatera Barat,Kab. Agam,L,S3,3,60.0,13.752818109921746,11.996504300988814,10.044486251332806,13.234545312280025,8.424308644078689,8.195421874555572,6.47715171872294
2255,Prov. Sumatera Barat,Kab. Agam,P,Profesi,1369,380.0,87.10118136283774,715.5435996476017,510.89404537299515,497.52276900856333,462.7489187534006,1050.6345276052884,1537.360393542036
2256,Prov. Sumatera Barat,Kab. Agam,P,S1,1612,7630.0,1748.9000363117154,1786.433896299628,1431.9073610513137,1440.2217167566664,1470.6565861068852,1299.811070371871,1315.842950198307
2257,Prov. Sumatera Barat,Kab. Agam,P,S2,87,230.0,52.71913608803336,106.31863982819009,87.87889947249919,87.35419958282033,69.48609810724908,93.57830428558586,117.74106524348255
2258,Prov. Sumatera Barat,Kab. Agam,P,S3,3,33.0,7.564049960456961,7.0966401644875585,5.888052029104172,7.728840274387163,4.721894350008148,6.410847088152009,4.710145904572839
2259,Prov. Sumatera Barat,Kab. Dharmas Raya,L,Profesi,9,11.0,2.521349986818987,14.335477530816897,10.463444125842713,10.348721777245519,14.488382887125073,5.193211783418056,6.993925908769629
2260,Prov. Sumatera Barat,Kab. Dharmas Raya,L,S1,110,700.0,160.44954461575372,114.58178476959642,94.2090016216394,96.61312250303492,98.20523130792203,101.52135257822913,100.57485928382971
2261,Prov. Sumatera Barat,Kab. Dharmas Raya,L,S2,17,29.0,6.647195419795511,9.51936495984354,8.107800494851178,8.256376043458124,8.48603632156954,7.719425366336231,8.19972184098137
2262,Prov. Sumatera Barat,Kab. Dharmas Raya,P,D3,24,43.0,9.856186312110585,9.083303248131733,6.537256924227091,6.042527328189044,6.671542506749337,11.6253117595566,11.591667634768738
2263,Prov. Sumatera Barat,Kab. Dharmas Raya,P,Profesi,42,46.0,10.543827217606673,76.96151173217152,58.79687739710365,61.48958922197316,56.57597158209115,33.68336838052788,40.38280035355527
2264,Prov. Sumatera Barat,Kab. Dharmas Raya,P,S1,401,1906.0,436.8811886251808,372.2218220154873,313.343756509662,331.87029609389566,361.0841180359429,310.21751425464254,383.72765194952905
2265,Prov. Sumatera Barat,Kab. Dharmas Raya,P,S2,12,30.0,6.876409054960873,12.653701668956051,11.283698977165704,12.153587555709846,10.560643593641363,8.058875302487396,7.493090255160973
2266,Prov. Sumatera Barat,Kab. Lima Puluh Koto,L,D3,103,351.0,80.45398594304221,114.04068431768923,91.51760428069862,100.51706615384265,85.19497326589283,74.01984171432568,90.6488139192953
2267,Prov. Sumatera Barat,Kab. Lima Puluh Koto,L,D4,158,726.0,166.40909913005314,147.5549239328273,120.30261772463335,139.6469153826715,106.24034278557893,117.17812735346557,135.2205742716144
2268,Prov. Sumatera Barat,Kab. Lima Puluh Koto,P,D2,2,2.0,0.4584272703307249,1.0474328398431119,0.779137707491695,0.7323010335670195,0.9690514476978471,1.818198333159644,1.5239888889235729
2269,Prov. Sumatera Barat,Kab. Lima Puluh Koto,P,D3,133,337.0,77.24499505072714,122.12843842866727,98.34011108382397,109.17125927617343,75.84734621917283,78.45017320134087,92.61121541450179
2270,Prov. Sumatera Barat,Kab. Lima Puluh Koto,P,D4,160,684.0,156.7821264531079,153.06488692570298,124.58319827317024,145.25431662791001,137.3367840093715,108.17835602219292,113.65328734442704
2271,Prov. Sumatera Barat,Kab. Padang Pariaman,L,D3,104,384.0,88.01803590349918,123.16969210500083,102.82797288901824,113.82860753703042,103.0572688995851,88.95889917487582,92.43460609080934
2272,Prov. Sumatera Barat,Kab. Padang Pariaman,L,D4,47,165.0,37.820249802284806,32.232426205859106,27.101233410975514,31.397318897896277,31.14917953112151,22.265053137433256,23.529651018213794
2273,Prov. Sumatera Barat,Kab. Padang Pariaman,L,S1,37,208.0,47.676436114395386,37.45887949945266,31.335350096276194,33.57509847903161,33.014505958069144,33.49379143210565,42.12296106324521
2274,Prov. Sumatera Barat,Kab. Padang Pariaman,P,D3,10,42.0,9.626972676945222,14.856158736322916,12.3855515501634,13.774286128636952,21.070621852928582,13.472034379753845,13.352005652472695
2275,Prov. Sumatera Barat,Kab. Padang Pariaman,P,D4,24,82.0,18.79551808355972,17.64390490080602,14.809267004661253,17.22971301335176,21.85866993451775,9.960909552784416,7.458688220962691
2276,Prov. Sumatera Barat,Kab. Padang Pariaman,P,S1,200,937.0,214.77317614994462,186.54237327465842,155.88355602967107,167.81050040148324,195.84695693224083,173.74218089800007,139.3042655301092
2277,Prov. Sumatera Barat,Kab. Pasaman,L,S1,18,181.0,41.4876679649306,35.12324785334215,27.849916158387842,31.090085480040212,32.98227614173785,31.80277143392055,31.803141238723647
2278,Prov. Sumatera Barat,Kab. Pasaman,P,S1,39,325.0,74.4944314287428,67.94911831405294,53.418359242917106,59.443188894492806,51.26144287365354,46.376980527303374,57.610154150279484
2279,Prov. Sumatera Barat,Kab. Pasaman Barat,L,S1,89,925.0,212.02261252796026,102.21763636976259,79.31036349772172,71.83977975431144,111.2452019059159,123.69462549703145,116.0264076734623
2280,Prov. Sumatera Barat,Kab. Pasaman Barat,P,D3,19,100.0,22.921363516536246,31.864990584799315,27.759536359628317,29.722914648799758,29.58494995360351,32.455429428130294,33.053150095912905
2281,Prov. Sumatera Barat,Kab. Pasaman Barat,P,S1,154,1374.0,314.939534717208,190.00050501272278,153.08762756355767,145.36827637242374,182.48655207910235,171.57764153969904,179.90356268122247
2282,Prov. Sumatera Barat,Kab. Pesisir Selatan,L,S1,69,426.0,97.6450085804444,73.56974579079207,64.93076949634066,68.9398914108038,72.40263711231857,74.30132446361884,66.54131997539436
2283,Prov. Sumatera Barat,Kab. Pesisir Selatan,P,S1,96,699.0,160.22033098058836,126.92653731614638,110.23084162502366,115.70944436726658,126.24745332326016,122.4302482328336,125.89831062360878
2284,Prov. Sumatera Barat,Kab. Sawahlunto/ Sijunjung,L,S1,7,42.0,9.626972676945222,5.284949468996112,3.6650925669926706,3.5363408936045477,5.774385280372422,9.13194568741288,7.633196159379232
2285,Prov. Sumatera Barat,Kab. Sawahlunto/ Sijunjung,P,S1,11,77.0,17.649449907732908,11.651289074059267,8.28802401153353,8.271676646656623,13.511650571225417,17.73429846340395,18.888011928869634
2286,Prov. Sumatera Barat,Kab. Solok,L,S1,12,71.0,16.274168096740734,13.544265116731845,10.682921706828802,11.857430665152355,9.002449987147022,15.01515631307561,15.251921447031462
2287,Prov. Sumatera Barat,Kab. Solok,P,S1,5,55.0,12.606749934094934,11.585230660750117,9.128806001109648,10.183961241086811,11.492290430989353,10.873279144663949,13.569253329741603
2288,Prov. Sumatera Barat,Kab. Solok Selatan,L,S1,33,136.0,31.173054382489294,23.001485269798064,18.535125412891496,19.890607060828177,14.676708007513383,11.85824352423171,6.705941818445433
2289,Prov. Sumatera Barat,Kab. Solok Selatan,P,S1,66,267.0,61.200040589151776,50.39472032968159,40.60741294550441,43.77059841355693,40.310984854290474,36.69669080821444,36.85475842715945
2290,Prov. Sumatera Barat,Kab. Tanah Datar,L,D3,20,40.0,9.168545406614498,8.013185833457092,6.721481755999698,6.0759663324812125,7.161126747271651,15.316846936245147,15.431008339646274
2291,Prov. Sumatera Barat,Kab. Tanah Datar,L,Profesi,743,187.0,42.86294977592278,297.28938453241034,264.86935380339276,271.07731515573965,777.2711029713879,214.6084065626863,259.52487686836486
2292,Prov. Sumatera Barat,Kab. Tanah Datar,L,S1,430,2579.0,591.1419650914697,436.7649185603114,416.45112388971785,417.8808812625156,436.56390213838296,445.8610107452915,407.08258954130326
2293,Prov. Sumatera Barat,Kab. Tanah Datar,L,S2,72,226.0,51.80228154737191,66.24623137077775,62.53811390886389,59.330105077140175,72.50569081042336,88.57404350896984,102.04319769536563
2294,Prov. Sumatera Barat,Kab. Tanah Datar,P,D3,5,11.0,2.521349986818987,3.116669887177084,2.8195285692797274,2.7843237976470996,2.4883553237199454,3.017462891511939,4.657801148001205
2295,Prov. Sumatera Barat,Kab. Tanah Datar,P,Profesi,1034,407.0,93.28994951230251,694.0347483724083,612.2269333149616,623.6428110825743,779.1225948471358,458.9998578630022,666.7253421423811
2296,Prov. Sumatera Barat,Kab. Tanah Datar,P,S1,1459,5988.0,1372.5312473701904,1173.0472090047228,1133.578990491111,1161.2878466393245,1196.132923748292,1082.2638766653672,1050.673086784801
2297,Prov. Sumatera Barat,Kab. Tanah Datar,P,S2,109,283.0,64.86745875179757,96.4887157316373,92.47459771740064,89.73468788960801,111.27421330601608,91.21094266078478,102.96847828905022
2298,Prov. Sumatera Barat,Kota Bukittinggi,L,D3,58,259.0,59.366331507828875,62.91919452035357,60.39927002663936,59.984387310729794,62.62557733482425,61.302969420005184,58.63992057288466
2299,Prov. Sumatera Barat,Kota Bukittinggi,L,D4,1,16.0,3.667418162645799,3.119193873363105,3.2842282444907918,3.7456972861685776,3.1196436739161078,4.506288878026642,4.2805228983683685
2300,Prov. Sumatera Barat,Kota Bukittinggi,L,Profesi,29,41.0,9.39775904177986,43.05603731071363,36.38114122386178,33.34123177313157,66.4281978784612,28.602664285578314,31.68796456890291
2301,Prov. Sumatera Barat,Kota Bukittinggi,L,S1,197,1634.0,374.53507986020225,207.83732210591867,195.6331117775501,183.67219582134643,179.36010927215537,265.9682526053792,242.5878174343723
2302,Prov. Sumatera Barat,Kota Bukittinggi,L,S2,64,182.0,41.71688160009597,49.111405986619374,48.723541084740944,46.28467563445441,55.25118748671593,40.83999010890629,48.91765612834502
2303,Prov. Sumatera Barat,Kota Bukittinggi,P,D3,296,880.0,201.70799894551894,276.16878056982233,278.0226413770268,292.573514891902,305.10687144558943,263.1973974821671,243.79412671438644
2304,Prov. Sumatera Barat,Kota Bukittinggi,P,D4,14,53.0,12.14832266376421,11.21564251047181,11.735326845618124,13.375168757636366,13.494943163941343,8.949949499403296,7.892022138376181
2305,Prov. Sumatera Barat,Kota Bukittinggi,P,Profesi,637,636.0,145.7798719651705,917.8037912861446,828.988790266197,821.9312437379432,925.3683956214444,566.4312732627144,641.5197611744684
2306,Prov. Sumatera Barat,Kota Bukittinggi,P,S1,1215,5166.0,1184.1176392642624,888.4745582397007,889.8218885518542,899.4961122076967,1116.2318649302526,913.0029289209807,938.8257881884948
2307,Prov. Sumatera Barat,Kota Bukittinggi,P,S2,100,279.0,63.950604211136124,87.32281328947175,87.87547675046416,85.30241549798528,94.35676493465124,65.62973184797208,74.23925131833191
2308,Prov. Sumatera Barat,Kota Padang,L,D2,10,13.0,2.9797772571497116,4.6782277772018634,3.8056719846626823,3.201254744948714,4.077838912269516,4.1910756453151965,5.130259166235536
2309,Prov. Sumatera Barat,Kota Padang,L,D3,1923,7491.0,1717.03934102373,2058.836326969175,1868.934076045288,1919.1425340270278,1980.2853991978077,2026.8395576261605,2050.312221147531
2310,Prov. Sumatera Barat,Kota Padang,L,D4,766,4223.0,967.9691813033256,755.1347034135143,705.1113297316372,775.7637302285477,725.7529450461561,753.8143829008825,655.2480654702207
2311,Prov. Sumatera Barat,Kota Padang,L,Profesi,8124,1780.0,408.0002705943451,2535.8355661596333,2139.8625626543144,2149.3439747849366,2532.3921905859984,1922.4123415542829,1864.6786461031954
2312,Prov. Sumatera Barat,Kota Padang,L,S1,10220,64914.0,14879.173913124338,9659.098363344468,8709.770468421813,8590.911689585588,10626.600597356468,12135.036651831899,10872.35597486994
2313,Prov. Sumatera Barat,Kota Padang,L,S2,1114,3045.0,697.9555190785286,933.8760581680441,875.9840792972522,859.2820940870324,978.7335807899706,717.6708823499908,922.7431458818302
2314,Prov. Sumatera Barat,Kota Padang,L,S2 Terapan,3,24.0,5.501127243968699,8.472288772445147,7.353167830470324,5.742658486817305,9.056551364258448,9.30544619887563,8.758278434773915
2315,Prov. Sumatera Barat,Kota Padang,L,S3,205,1107.0,253.73949412805624,157.31811546680757,147.94315592235597,191.37984887335918,179.24736623527338,192.82385384132863,173.01514969514935
2316,Prov. Sumatera Barat,Kota Padang,L,Sp-1,69,332.0,76.09892687490033,65.57113118101394,76.04950710739845,108.1600555759744,74.63731440807446,101.92419827496111,87.51099153482798
2317,Prov. Sumatera Barat,Kota Padang,P,D3,3449,10385.0,2380.383601192289,3311.1821745898806,3045.987565764147,3190.673625662074,3208.184911509438,2881.196129810782,3167.271305577921
2318,Prov. Sumatera Barat,Kota Padang,P,D4,1353,6479.0,1485.0751422363833,1289.0878263137959,1206.248560252718,1339.059959003535,1237.8677021882902,1556.3455957459282,1382.7703087638442
2319,Prov. Sumatera Barat,Kota Padang,P,Profesi,22625,5758.0,1319.812111282157,9111.25321946886,7695.016075898219,7783.836855038411,7968.336189006134,5789.705299613822,6066.073596511653
2320,Prov. Sumatera Barat,Kota Padang,P,S1,19681,90515.0,20747.27218699278,17077.885831833726,16120.770201018826,16863.22007506052,19161.261593015133,18920.071029515177,18706.95431826393
2321,Prov. Sumatera Barat,Kota Padang,P,S2,1543,3722.0,853.133150085479,1399.832365315468,1355.0232438530907,1383.9585022847261,1348.010082648133,818.6485809745775,1079.518957696367
2322,Prov. Sumatera Barat,Kota Padang,P,S2 Terapan,4,19.0,4.355059068141887,7.165361516897335,6.1496194622134475,4.773735162444502,6.934985816591964,9.995118854983698,8.705579182229167
2323,Prov. Sumatera Barat,Kota Padang,P,S3,196,1022.0,234.2563351390004,171.6015851423646,164.6279362028561,218.97885566255832,170.26652461102026,203.12894731456728,188.5322758519603
2324,Prov. Sumatera Barat,Kota Padang,P,Sp-1,54,291.0,66.70116783312046,62.91229931759022,72.6985608986774,103.61606351108716,66.84010504504275,62.142559752027616,52.96958767094468
2325,Prov. Sumatera Barat,Kota Padang,P,Sp-2,1,2.0,0.4584272703307249,0.7902566262335143,0.8592906899486175,0.8360635400950558,1.1323319183424594,1.8710721251066695,1.7967296078206056
2326,Prov. Sumatera Barat,Kota Padang Panjang,L,D3,4,11.0,2.521349986818987,2.8217945238827076,2.3563645254763244,2.4280710592586643,2.655489999608242,3.175972617247058,3.6133165348420015
2327,Prov. Sumatera Barat,Kota Padang Panjang,L,S1,258,1793.0,410.9800478514949,290.8769196181698,253.0547568862987,263.7209099170481,272.9009002986262,286.00890607801176,263.578746380595
2328,Prov. Sumatera Barat,Kota Padang Panjang,L,S2,24,82.0,18.79551808355972,23.38567005115633,20.18789517777713,19.903445557616188,22.385596326278844,23.378165523422062,24.85625302175382
2329,Prov. Sumatera Barat,Kota Padang Panjang,L,S2 Terapan,2,7.0,1.6044954461575371,2.7077231873298193,2.275408085926723,1.8875199918642669,2.774295908109974,2.7618013936510604,2.733161801013276
2330,Prov. Sumatera Barat,Kota Padang Panjang,P,D3,48,81.0,18.56630444839436,24.57471451630206,20.941371317867752,22.19558533813898,23.331851474981573,23.492072736897825,23.38789626410247
2331,Prov. Sumatera Barat,Kota Padang Panjang,P,D4,28,343.0,78.62027686171932,65.56378685041932,56.952766653535335,64.08185671305426,71.78378099964524,70.2050871185093,68.26256106068195
2332,Prov. Sumatera Barat,Kota Padang Panjang,P,S1,271,1841.0,421.98230233943224,343.5618567298624,302.38562917332666,321.0984779846723,351.9326158044466,308.8292407178494,314.1110262697165
2333,Prov. Sumatera Barat,Kota Padang Panjang,P,S2,9,56.0,12.835963569260297,17.464726019779114,15.01676808611996,14.831997991763421,15.078375383277688,12.882391545141887,17.690461091197296
2334,Prov. Sumatera Barat,Kota Padang Panjang,P,S2 Terapan,1,5.0,1.1460681758268123,1.9588546106451628,1.601134026322145,1.2966777842267703,2.135536412205287,2.7165305880138497,2.79062301080519
2335,Prov. Sumatera Barat,Kota Pariaman,L,D3,3,19.0,4.355059068141887,3.8247585228500762,3.0946066711479805,2.9520073570226035,4.239620503932709,4.803157991733215,4.2034841282473625
2336,Prov. Sumatera Barat,Kota Pariaman,L,Profesi,38,66.0,15.128099920913922,43.573742059559166,28.492127047705704,22.85394448569412,30.977208382619533,38.214718575637626,48.53261453858853
2337,Prov. Sumatera Barat,Kota Pariaman,L,S1,135,1024.0,234.71476240933114,145.50508913602442,126.73934219244133,126.61098781184194,151.0457708670638,167.72291096278238,159.05925139272355
2338,Prov. Sumatera Barat,Kota Pariaman,P,D3,35,180.0,41.25845432976524,50.918483000676034,44.3441823621108,46.11039480706768,48.65969777309919,51.106666880214654,48.44363857518203
2339,Prov. Sumatera Barat,Kota Pariaman,P,Profesi,252,461.0,105.66748581123208,386.1612529511888,263.33378877242325,222.4631899644431,241.39535337463704,96.37959416686166,186.80382093608964
2340,Prov. Sumatera Barat,Kota Pariaman,P,S1,611,2357.0,540.2565380847593,406.8558287756972,364.6966787393407,378.23268533945213,395.4455675917121,424.98170763341864,399.21107650701197
2341,Prov. Sumatera Barat,Kota Payakumbuh,L,D3,6,87.0,19.941586259386533,9.963613087694826,6.748943646296568,5.233048131458526,5.498052142570358,13.31626098427745,12.996404737928433
2342,Prov. Sumatera Barat,Kota Payakumbuh,L,S1,130,849.0,194.60237625539273,110.26033540310931,92.97125577638752,88.33799909419055,97.65326294008447,118.02182213978419,113.59725897314367
2343,Prov. Sumatera Barat,Kota Payakumbuh,P,D3,4,34.0,7.7932635956223235,6.795390150423731,5.297766303864217,4.816528418098269,6.296383203822467,7.964477570275721,9.134588695615935
2344,Prov. Sumatera Barat,Kota Payakumbuh,P,S1,160,639.0,146.4675128706666,109.33181322324596,97.26797121713888,98.57958925871753,99.45668478736664,108.93740954497117,103.36160521962609
2345,Prov. Sumatera Barat,Kota Solok,L,D3,22,132.0,30.256199841827843,28.10449117983408,22.429457460795877,21.517362697485662,21.165207626809497,32.34573721860151,27.99148334199982
2346,Prov. Sumatera Barat,Kota Solok,L,S1,102,874.0,200.33271713452677,92.84072386581252,71.79293428400668,64.40880005992621,70.94216002315683,106.37667758761621,111.33048279461988
2347,Prov. Sumatera Barat,Kota Solok,P,D3,54,223.0,51.11464064187582,71.52360162550288,62.71518455638226,67.02060569856184,61.13869767619631,56.970780664214715,47.662870456177885
2348,Prov. Sumatera Barat,Kota Solok,P,S1,190,1312.0,300.7282893369555,192.23923638611262,158.74623592524534,153.67566471009542,151.88769602297754,143.56875636878485,156.54094321102576
2349,Prov. Sumatera Selatan,Kab. Banyuasin,L,S1,2,136.0,31.90860006211227,24.79622844965566,20.458696145150295,22.80358836450262,19.29964604106704,25.15461691983346,25.849015403788734
2350,Prov. Sumatera Selatan,Kab. Banyuasin,P,S1,12,128.0,30.03162358787037,25.86448410293648,21.056467826398794,23.531131597017765,18.77822231679836,28.565245315957025,25.98075893672118
2351,Prov. Sumatera Selatan,Kab. Lahat,L,S1,56,294.0,68.97888542838976,49.67554763498189,44.279511668168475,45.85711846953307,49.40885095874533,38.293711090427934,35.35907795278123
2352,Prov. Sumatera Selatan,Kab. Lahat,L,S2,44,49.0,11.496480904731627,16.978448943902034,16.400797435880218,17.16067372924727,16.644019828525327,7.181206426469181,5.795530362125642
2353,Prov. Sumatera Selatan,Kab. Lahat,P,S1,103,377.0,88.45251634864945,74.37256375515652,66.53581573032055,70.41694655583294,74.38164622947679,51.99024227618862,45.9998890703469
2354,Prov. Sumatera Selatan,Kab. Lahat,P,S2,40,63.0,14.781189734654948,24.37680444450097,23.292210271664285,24.502538255489327,21.387253794621387,14.900526706485936,15.540701009009389
2355,Prov. Sumatera Selatan,Kab. Muara Enim,L,D1,34,34.0,7.977150015528068,31.05497232478252,11.421632512527701,11.498802968083664,9.484640372024918,10.826384349848663,15.262537123979113
2356,Prov. Sumatera Selatan,Kab. Muara Enim,L,S1,56,404.0,94.78731194921586,59.35395458003466,49.52749123666951,50.11726887051303,57.55626359349008,62.82532352769698,58.051164199002216
2357,Prov. Sumatera Selatan,Kab. Muara Enim,L,S2,11,22.0,5.1616853041652195,6.5319751325427085,5.867322217259987,5.981174442160864,6.967134132735398,5.185548105778719,4.475179164457318
2358,Prov. Sumatera Selatan,Kab. Muara Enim,P,D1,9,9.0,2.1115985335221357,9.03994748454377,3.2722434787462498,3.293599355911703,2.636776450617843,4.87644290315037,6.4214155431054065
2359,Prov. Sumatera Selatan,Kab. Muara Enim,P,S1,114,434.0,101.82597372762298,81.63597225024168,70.47161870242877,75.36120813455636,87.24858899357534,69.0067934265009,76.06594429597153
2360,Prov. Sumatera Selatan,Kab. Muara Enim,P,S2,3,5.0,1.1731102964011864,1.5994057773795813,1.4044869611455668,1.420748450624603,1.6093962273688098,2.0498044310854158,2.1033417469859605
2361,Prov. Sumatera Selatan,Kab. Musi Banyu Asin,L,D3,23,83.0,19.473630920259694,24.520069187546863,21.755143514935625,23.27375168353325,21.533042096335315,27.227582123571246,28.78350000505674
2362,Prov. Sumatera Selatan,Kab. Musi Banyu Asin,L,S1,113,588.0,137.95777085677952,93.75172295972256,81.84506064232697,83.869209518772,93.73268786589654,72.59567920854815,70.1622897465026
2363,Prov. Sumatera Selatan,Kab. Musi Banyu Asin,P,D3,24,85.0,19.94287503882017,29.165836111702404,25.928659617246804,28.29074437773647,23.675709421655974,29.324712443650487,27.658185039185657
2364,Prov. Sumatera Selatan,Kab. Musi Banyu Asin,P,S1,118,748.0,175.4973003416175,134.91452745328746,116.99884027845921,121.10798881820676,131.74007616517017,144.05767700458156,140.25902338552245
2365,Prov. Sumatera Selatan,Kab. Ogan Ilir,L,D3,91,572.0,134.20381790829572,163.53744837661887,134.18997360713942,130.88795907956475,169.7253707589786,160.92183551573785,165.42244117136022
2366,Prov. Sumatera Selatan,Kab. Ogan Ilir,L,Profesi,2805,499.0,117.07640758083839,549.3331417967838,415.90798734075395,367.68712232033005,903.3225150265872,661.9712153607895,555.6955045799565
2367,Prov. Sumatera Selatan,Kab. Ogan Ilir,L,S1,2481,13029.0,3056.8908103622116,2370.4661128265375,2038.310065926647,1999.1486496965442,2358.0411559854565,2568.7104876837,1998.4837718148904
2368,Prov. Sumatera Selatan,Kab. Ogan Ilir,L,S2,296,937.0,219.84086954558234,301.2598010936975,267.66852199655875,250.85690669909968,407.9585505051302,220.2428121071683,265.1802024116676
2369,Prov. Sumatera Selatan,Kab. Ogan Ilir,L,S3,58,450.0,105.57992667610677,71.4868062815746,68.39046555006443,86.42813378478762,110.30496224213803,78.5789269598489,81.05302609755623
2370,Prov. Sumatera Selatan,Kab. Ogan Ilir,L,Sp-1,67,330.0,77.4252795624783,63.626341444934944,65.47566940812688,88.91956271935938,94.95156108720246,71.27806753354443,67.37639520500811
2371,Prov. Sumatera Selatan,Kab. Ogan Ilir,L,Sp-2,7,26.0,6.1001735412861695,9.060217430865231,9.119421565161076,8.514708259080226,20.351485216917702,7.251159662870685,6.209921050777245
2372,Prov. Sumatera Selatan,Kab. Ogan Ilir,P,D3,122,807.0,189.34000183915148,280.84013034515016,235.06075609618236,237.11478311021347,339.4758508231736,181.38514696018655,162.35511037993157
2373,Prov. Sumatera Selatan,Kab. Ogan Ilir,P,Profesi,5712,1363.0,319.7898667989634,1713.5493142439168,1292.7517529985034,1158.4482595883755,2508.3219914602264,1604.3372021515213,1725.0877166605983
2374,Prov. Sumatera Selatan,Kab. Ogan Ilir,P,S1,4424,21704.0,5092.23717461827,4585.505742218491,3947.068908381216,3952.499932006149,4749.051478672011,3844.1409835185887,3597.4264513079684
2375,Prov. Sumatera Selatan,Kab. Ogan Ilir,P,S2,441,1231.0,288.81975497397207,481.7518670367829,435.5285771667908,423.4755907337389,654.9821522101942,265.7929726007293,305.9458496056561
2376,Prov. Sumatera Selatan,Kab. Ogan Ilir,P,S3,61,354.0,83.056208985204,69.26009966424559,67.68036394808087,89.11819434079338,97.88276723562636,72.74657778715729,60.537477823071676
2377,Prov. Sumatera Selatan,Kab. Ogan Ilir,P,Sp-1,72,379.0,88.92176046720992,79.69856535621527,80.50106421646564,108.97148905875683,109.72201273109283,87.26552385734736,94.68346198083417
2378,Prov. Sumatera Selatan,Kab. Ogan Ilir,P,Sp-2,12,23.0,5.396307363445457,8.813822028087863,8.731233769380378,8.150397771761417,19.74576916626654,6.8827648902249425,6.562659936446127
2379,Prov. Sumatera Selatan,Kab. Ogan Komering Ilir,L,S1,136,1188.0,278.7310064249219,182.87512029064408,163.33120090897143,165.24607590329904,177.5406269814059,216.9908912399006,169.51706183159007
2380,Prov. Sumatera Selatan,Kab. Ogan Komering Ilir,P,D3,15,48.0,11.261858845451389,16.319832205921017,14.969984118741781,16.279940117685236,15.688161252703807,12.486245708267186,15.297749639696415
2381,Prov. Sumatera Selatan,Kab. Ogan Komering Ilir,P,S1,179,1492.0,350.056112446114,283.27497559348126,258.54772982275324,272.69574300409647,290.9418637721294,244.89240556226142,249.48370554911725
2382,Prov. Sumatera Selatan,Kab. Ogan Komering Ulu,L,D3,6,19.0,4.457819126324508,6.14776710733153,6.1675733646477,6.590954650649607,12.249344001111318,6.2109239617918615,6.3557877875051565
2383,Prov. Sumatera Selatan,Kab. Ogan Komering Ulu,L,S1,336,2037.0,477.92513475384334,328.4069727673991,315.3897323908103,314.08453880414066,333.2052492585631,311.5600322762538,306.2892757052595
2384,Prov. Sumatera Selatan,Kab. Ogan Komering Ulu,L,S2,27,83.0,19.473630920259694,25.177025412539248,25.45769223728095,24.841786062587076,32.680253348364616,25.181018231284277,23.91622913593571
2385,Prov. Sumatera Selatan,Kab. Ogan Komering Ulu,P,D3,44,114.0,26.74691475794705,39.76929617982627,39.013137584003054,41.382029377597306,59.086157603809305,42.94288378117529,45.78586075985365
2386,Prov. Sumatera Selatan,Kab. Ogan Komering Ulu,P,Profesi,14,17.0,3.988575007764034,26.517959688499253,24.90672120968039,25.680556709902955,35.06952948380678,10.996836885755512,9.929768765442576
2387,Prov. Sumatera Selatan,Kab. Ogan Komering Ulu,P,S1,477,2594.0,608.6096217729355,507.27095225799826,494.83648499323493,510.99461980834366,800.2446966823688,474.6210384506157,485.7436332713316
2388,Prov. Sumatera Selatan,Kab. Ogan Komering Ulu,P,S2,31,106.0,24.86993828370515,40.79150089807345,42.54157813621278,43.723614364390144,63.54881965744574,41.70535184447276,45.404132383010555
2389,Prov. Sumatera Selatan,Kab. Ogan Komering Ulu Timur,L,S1,499,2581.0,605.5595350022924,355.6669089796283,288.2188901075771,290.07770863496575,317.48275283291224,339.23701453178455,321.0626378760488
2390,Prov. Sumatera Selatan,Kab. Ogan Komering Ulu Timur,L,S2,36,67.0,15.719677971775898,12.541579949502779,9.615001019240923,8.421793272614305,17.928132924793,14.223748719460225,16.08704672391912
2391,Prov. Sumatera Selatan,Kab. Ogan Komering Ulu Timur,P,S1,602,3169.0,743.5173058590719,534.4535263702489,441.2395411253206,461.9610174582081,434.94174265774745,532.6249730556218,497.54233067236504
2392,Prov. Sumatera Selatan,Kab. Ogan Komering Ulu Timur,P,S2,44,59.0,13.842701497534,15.08542238090871,12.220917016003872,11.58250114152002,13.452811288836768,14.765993851419786,15.082594720548133
2393,Prov. Sumatera Selatan,Kab. Penukal Abab Lematang Ilir,L,S1,4,30.0,7.038661778407118,2.912621128252423,2.091206251385667,1.7668973317785233,2.1500677389185703,5.4649363986470325,7.18711335525542
2394,Prov. Sumatera Selatan,Kab. Penukal Abab Lematang Ilir,P,S1,7,45.0,10.557992667610677,5.179594041205838,3.7514086982948793,3.2570016999742135,4.01053781790648,11.487676211818407,10.069324707422696
2395,Prov. Sumatera Selatan,Kota Lubuk Linggau,L,D3,4,6.0,1.4077323556814236,1.0930816223636224,0.9173469649458159,0.8098987411386422,1.7090130401192618,1.994587898973553,1.5800028272310365
2396,Prov. Sumatera Selatan,Kota Lubuk Linggau,L,Profesi,450,234.0,54.901561871575524,328.43025297374845,315.42379171464665,330.1095432716872,216.12341555968803,268.569788686806,266.79718893269853
2397,Prov. Sumatera Selatan,Kota Lubuk Linggau,L,S1,580,3634.0,852.6165634243822,577.7932655560588,557.7469564649755,563.0645858147732,573.215112479786,547.1080357972311,560.7105237250029
2398,Prov. Sumatera Selatan,Kota Lubuk Linggau,L,S2,68,207.0,48.566766271009115,67.75325665866822,70.93114211518338,72.49381033862099,80.12051072551766,55.277159885866965,69.35286197027182
2399,Prov. Sumatera Selatan,Kota Lubuk Linggau,P,D3,30,86.0,20.177497098100407,27.62346731388964,26.634682302530457,27.92667998863577,30.797795894037602,25.353014868757448,25.24632538509767
2400,Prov. Sumatera Selatan,Kota Lubuk Linggau,P,Profesi,2046,1096.0,257.14577697114004,1689.9045589002963,1596.796800174184,1670.1328304976485,951.9133352770444,1054.827387975763,1056.4792900111702
2401,Prov. Sumatera Selatan,Kota Lubuk Linggau,P,S1,1024,5289.0,1240.916071533175,1015.8742577993618,994.4849471845665,1039.8574463447014,1083.7385373826437,1011.4521151746574,996.7127089540235
2402,Prov. Sumatera Selatan,Kota Lubuk Linggau,P,S2,67,168.0,39.41650595907986,64.87623315998654,68.40509804262379,71.71239212826343,61.31146828091504,60.322386748492534,64.62204027783469
2403,Prov. Sumatera Selatan,Kota Pagar Alam,L,S1,154,639.0,149.9234958800716,93.28222928744657,82.91692960100444,80.72776455610123,106.8346278084606,70.69718150322531,52.88253431248591
2404,Prov. Sumatera Selatan,Kota Pagar Alam,P,S1,425,1063.0,249.40324901489222,198.80069502641845,182.94885991424252,188.14111796141898,232.04279070391544,166.63910305257286,145.90813430246726
2405,Prov. Sumatera Selatan,Kota Palembang,L,D3,1628,5327.0,1249.831709785824,1557.5379872479823,1607.3018116508674,1723.7370211052153,1374.574794844256,1155.1043935880386,1185.522891779254
2406,Prov. Sumatera Selatan,Kota Palembang,L,D4,595,3142.0,737.1825102585055,598.3410781812245,630.6241884157758,728.0563915890309,570.8054568249618,680.0789532956513,602.285899359455
2407,Prov. Sumatera Selatan,Kota Palembang,L,Profesi,1793,619.0,145.23105469446688,805.1390862238919,794.1872355795847,826.3444950947849,660.1786862260881,570.8807813893993,664.5992730743098
2408,Prov. Sumatera Selatan,Kota Palembang,L,S1,5234,35673.0,8369.672720703904,4914.523571364371,4752.597572565656,4671.647029234377,4749.784754103875,6130.39816531437,5169.6289437625255
2409,Prov. Sumatera Selatan,Kota Palembang,L,S2,818,2085.0,489.18699359929474,557.2564483878729,574.8364789927471,557.7447813399723,607.4380374319039,521.3714937943226,570.6834969048264
2410,Prov. Sumatera Selatan,Kota Palembang,L,S2 Terapan,2,8.0,1.8769764742418982,3.1146690523944316,3.0330846297242395,2.5989247575542507,2.7175347479334215,3.8698798675554853,4.150665843201897
2411,Prov. Sumatera Selatan,Kota Palembang,L,S3,39,198.0,46.45516773748698,24.168257539561395,26.160315061942846,33.258141436981155,27.322597211451864,23.883726343164298,25.346122386996463
2412,Prov. Sumatera Selatan,Kota Palembang,P,D3,2764,8943.0,2098.225076143162,2943.809006444393,3012.958675481615,3258.287301291543,2659.4544994397806,2274.830344021544,2601.3852547351753
2413,Prov. Sumatera Selatan,Kota Palembang,P,D4,1106,4583.0,1075.2728976813273,969.2098627579343,1011.8476379080233,1167.268846729146,849.7397446115924,1113.318614177648,957.1240830244644
2414,Prov. Sumatera Selatan,Kota Palembang,P,Profesi,7488,2774.0,650.8415924433782,3928.1606668440886,3800.800355715373,3939.5080897841694,2554.96523503319,3307.0834953198573,4293.168124897328
2415,Prov. Sumatera Selatan,Kota Palembang,P,S1,9090,45052.0,10570.19301469325,7798.821242343021,7744.866685469254,8002.947698119922,7605.798499863434,9748.943992095961,8518.023980843514
2416,Prov. Sumatera Selatan,Kota Palembang,P,S2,910,1941.0,455.40141706294054,637.7219856077237,671.5294959045008,678.4300754869228,648.6921042915184,586.4095041563321,699.371482413785
2417,Prov. Sumatera Selatan,Kota Palembang,P,S2 Terapan,3,3.0,0.7038661778407118,1.478876065570773,1.4844152762050216,1.3387319980413817,2.049245836913081,2.1257957847520887,1.5506663603735438
2418,Prov. Sumatera Selatan,Kota Palembang,P,S3,13,79.0,18.535142683138744,11.47607457953501,12.54650641542689,16.413246952453207,11.687291653014597,10.879332664163629,11.18003135056392
2419,Prov. Sumatera Selatan,Kota Prabumulih,L,D3,62,246.0,57.71702658293837,64.04083766883302,58.43121148096481,57.80538982268588,57.75496292162614,60.11485203871415,51.80920904022183
2420,Prov. Sumatera Selatan,Kota Prabumulih,L,S1,48,473.0,110.97623403955222,64.28756930732074,57.09032558586001,53.448327979846816,52.741255345322735,39.84175135245621,36.7083832054814
2421,Prov. Sumatera Selatan,Kota Prabumulih,P,D3,26,166.0,38.94726184051939,53.237260470059084,49.619523039789115,51.15212024278803,52.702061715516514,49.721459144166886,40.67229489852283
2422,Prov. Sumatera Selatan,Kota Prabumulih,P,S1,132,777.0,182.30134006074437,138.9841997063496,128.84158265856234,128.7599028636295,138.50155012828367,146.70535896368312,145.90249066957293
2423,Prov. Sumatera Utara,Kab. Asahan,L,D3,1,22.0,5.042699973637974,7.071372276421749,6.697777716160774,7.391376256051237,5.957163656836378,8.045817280887189,6.2550941094131645
2424,Prov. Sumatera Utara,Kab. Asahan,L,Profesi,456,211.0,48.364077019891475,331.3267939434345,286.88560570054847,304.4290953481896,333.40454748598637,414.6340443952557,409.27607599612435
2425,Prov. Sumatera Utara,Kab. Asahan,L,S1,647,5495.0,1259.5289252336665,665.823610472762,558.821452079573,522.2674360139946,696.9997625867845,671.954016308413,715.4862581627535
2426,Prov. Sumatera Utara,Kab. Asahan,L,S2,9,49.0,11.23146812310276,13.217743617184537,11.864160190449471,11.395655103939502,10.424940304804473,13.304258449528525,15.392951802452531
2427,Prov. Sumatera Utara,Kab. Asahan,P,D3,50,132.0,30.256199841827843,40.86994803260476,37.07372268801175,39.273725782098175,42.46176912813891,49.75268363106047,45.269700161295304
2428,Prov. Sumatera Utara,Kab. Asahan,P,Profesi,2219,1249.0,286.2878303215377,2002.59465131183,1690.8600522751847,1756.4899772027347,3224.817168644589,1355.563365617867,1353.9454959815846
2429,Prov. Sumatera Utara,Kab. Asahan,P,S1,1466,7414.0,1699.3898911159972,1241.5817036474948,1115.8143197536244,1130.287424213771,1234.410555647915,1305.0812108983214,1342.7327409992095
2430,Prov. Sumatera Utara,Kab. Asahan,P,S2,5,14.0,3.2089908923150743,4.99706470660469,4.738857291788185,4.862179542771749,3.9613341791246883,3.204373654335509,2.4855826363944575
2431,Prov. Sumatera Utara,Kab. Batubara,P,S1,15,2.0,0.4584272703307249,0.4212811149363679,0.3319565818585326,0.37032586331224765,0.41790147021779467,2.181354860986741,2.9180705131706715
2432,Prov. Sumatera Utara,Kab. Dairi,L,S1,57,800.0,183.37090813228997,70.3898636197702,46.99531484043915,39.66451746307208,39.43363101147997,97.69312901311953,111.32876017845268
2433,Prov. Sumatera Utara,Kab. Dairi,P,S1,147,1235.0,283.0788394292226,114.61181007276807,75.36901075207628,62.95681777653523,51.654067544644974,102.29998576627416,125.09862641645962
2434,Prov. Sumatera Utara,Kab. Deli Serdang,L,D3,79,806.0,184.74618994328213,147.04193044419657,137.0400607189163,123.62324101224594,153.90366292725378,143.5764747717496,143.3968491159278
2435,Prov. Sumatera Utara,Kab. Deli Serdang,L,D4,100,769.0,176.26528544216373,113.14299268041256,115.97855510520588,120.6166451273108,129.713548353372,149.86155481405342,127.24565761983263
2436,Prov. Sumatera Utara,Kab. Deli Serdang,L,Profesi,256,329.0,75.41128596940425,320.45391521186355,280.6251364069994,250.81068817624598,569.2793825586176,465.9609844807218,462.806665951003
2437,Prov. Sumatera Utara,Kab. Deli Serdang,L,S1,1860,11075.0,2538.541009456389,1521.3013659399578,1556.1866096872338,1500.8179873278448,1831.2085112046477,1732.1705341051907,1816.2270466096652
2438,Prov. Sumatera Utara,Kab. Deli Serdang,L,S2,196,687.0,157.469767358604,170.6764327192105,175.0873665551122,161.80260969578805,215.05065700895355,160.7129993012359,175.01734977833829
2439,Prov. Sumatera Utara,Kab. Deli Serdang,L,S3,10,47.0,10.773040852772034,8.60601799699895,10.217220205917355,14.557150337038125,8.259045441373166,7.143891904554602,6.6205902847315405
2440,Prov. Sumatera Utara,Kab. Deli Serdang,P,D3,201,957.0,219.35744885325187,232.15803881989692,228.9448691851658,220.98303732724,285.8130562001879,259.18711798528904,289.52841910120407
2441,Prov. Sumatera Utara,Kab. Deli Serdang,P,D4,420,1634.0,374.53507986020225,290.43969190043885,305.4758569258378,328.46478523366443,332.49310132701373,355.1923077967379,361.3369489056071
2442,Prov. Sumatera Utara,Kab. Deli Serdang,P,Profesi,2032,2428.0,556.5307061815,2812.2719426173207,2517.3888554290315,2318.5130929157053,5380.728905286787,2007.20748929551,2813.710244027343
2443,Prov. Sumatera Utara,Kab. Deli Serdang,P,S1,4025,19848.0,4549.432230762114,3339.985212654293,3523.6999235755875,3535.408271241187,3816.9640190504992,3530.1516856973994,3382.33174776354
2444,Prov. Sumatera Utara,Kab. Deli Serdang,P,S2,338,1234.0,282.84962579405726,327.17074258514043,331.78149587236527,304.6506491126331,397.2746439311859,267.097336931891,354.81912401366617
2445,Prov. Sumatera Utara,Kab. Deli Serdang,P,S3,2,26.0,5.959554514299423,4.932238576252606,5.735728146519827,8.039274885993397,5.488865709832671,6.628131463649019,5.340025894073439
2446,Prov. Sumatera Utara,Kab. Humbang Hasudutan,L,D3,9,23.0,5.271913608803336,7.346754385010913,5.676129480054212,6.379988505921496,9.108598879566962,7.441491504546088,5.966187493301166
2447,Prov. Sumatera Utara,Kab. Humbang Hasudutan,L,S1,2,21.0,4.813486338472611,4.075072955360138,3.2312057421333957,3.6071369893969303,3.8266729225220715,6.609019176112785,4.794747344505532
2448,Prov. Sumatera Utara,Kab. Humbang Hasudutan,P,D3,34,123.0,28.19327712533958,40.99856521256822,31.096201631363588,34.46776734256349,34.46391317484061,33.73712947481144,38.10172743343532
2449,Prov. Sumatera Utara,Kab. Humbang Hasudutan,P,S1,7,44.0,10.085399947275947,8.77104921948238,6.794468080059243,7.440432606718446,6.57572120139818,9.084512409389173,9.3516395187376
2450,Prov. Sumatera Utara,Kab. Karo,L,D3,26,87.0,19.941586259386533,22.86426170188675,18.556773504266317,19.34869734227985,22.937904055553382,22.713563743044265,23.623783385870166
2451,Prov. Sumatera Utara,Kab. Karo,L,Profesi,1,5.0,1.1460681758268123,7.803064177219179,6.149678000338748,6.584439887896502,10.971289288086082,3.6248478775382518,3.2810979959694166
2452,Prov. Sumatera Utara,Kab. Karo,L,S1,111,876.0,200.7911444048575,116.65354078947618,91.86411413476553,89.49555159399686,90.51761606006224,109.5746426988338,138.72471262364226
2453,Prov. Sumatera Utara,Kab. Karo,P,D3,76,261.0,59.8247587781596,80.95279302395711,67.00279777159014,71.80851684729568,85.54249842613724,67.32583544574088,64.52194715089257
2454,Prov. Sumatera Utara,Kab. Karo,P,Profesi,1,5.0,1.1460681758268123,8.470149597650163,6.633738498910884,7.097894570498594,10.019706945598468,3.68167165636028,3.4568649641330254
2455,Prov. Sumatera Utara,Kab. Karo,P,S1,209,1197.0,274.36872129293886,178.8508835433575,141.40535635574753,139.208577002188,149.64670847512218,186.7153803682556,156.68780983420308
2456,Prov. Sumatera Utara,Kab. Labuhan Batu,L,D3,9,105.0,24.06743169236306,12.604809310087786,8.726105203539623,6.969035478428759,7.978078172906555,12.944377739165791,13.420586506014429
2457,Prov. Sumatera Utara,Kab. Labuhan Batu,L,Profesi,241,248.0,56.844981521009885,131.50359203555422,80.67040187271849,59.88529665969002,60.794123149016364,62.347887493006446,71.03323515133435
2458,Prov. Sumatera Utara,Kab. Labuhan Batu,L,S1,589,4640.0,1063.5512671672818,673.6284676453749,592.8005573729777,593.9591074708471,693.5850248799087,668.6459841605415,572.5681649549043
2459,Prov. Sumatera Utara,Kab. Labuhan Batu,L,S2,32,146.0,33.465190734142915,56.26374671525459,55.89501503105181,61.033955105036604,43.574847510083664,38.508461398512146,40.19159040508668
2460,Prov. Sumatera Utara,Kab. Labuhan Batu,P,D3,52,229.0,52.489922452868,54.34911180554539,45.008131354334516,43.95433488362179,57.515038375404224,48.11907268045219,46.43185977227188
2461,Prov. Sumatera Utara,Kab. Labuhan Batu,P,Profesi,956,975.0,223.48329428622839,566.0981074807905,346.03181088582454,257.4527994268281,209.268473551481,223.19215801432713,155.88936153731626
2462,Prov. Sumatera Utara,Kab. Labuhan Batu,P,S1,887,5327.0,1221.0210345258859,952.5658279276804,866.2914267125072,905.1874193380738,876.6028352117611,885.8183946114076,870.4601081522914
2463,Prov. Sumatera Utara,Kab. Labuhan Batu,P,S2,13,65.0,14.898886285748558,27.190365914637802,26.843525246181294,29.291574837710588,20.978077273401585,21.40079360144046,23.391613979988268
2464,Prov. Sumatera Utara,Kab. Labuhan Batu Utara,L,S1,8,26.0,5.959554514299423,4.595897230306134,3.5405224606299996,3.8302340976849307,2.9920534899240594,5.776130906670495,4.256833874978146
2465,Prov. Sumatera Utara,Kab. Labuhan Batu Utara,P,S1,41,67.0,15.357313556079284,11.3572645713377,8.367652475379577,8.676557509959634,15.11884773966877,17.717685959045163,19.709031403673944
2466,Prov. Sumatera Utara,Kab. Langkat,L,D3,1,21.0,4.813486338472611,6.257580672121162,5.589003973898315,6.086047834472259,6.0675541274380205,5.004220526022211,5.070256052697482
2467,Prov. Sumatera Utara,Kab. Langkat,L,Profesi,1,16.0,3.667418162645799,21.205079704841022,16.818461564216044,17.062740193762718,13.148828881674746,7.1811263302598425,11.981285984302184
2468,Prov. Sumatera Utara,Kab. Langkat,L,S1,140,1400.0,320.89908923150745,250.30567905800984,228.5615338749315,246.16090473705415,230.33742811166422,199.19585423636525,184.47569544727347
2469,Prov. Sumatera Utara,Kab. Langkat,P,D3,58,467.0,107.04276762222426,157.55985339651536,141.68322860387636,156.38307875273608,168.97814618701264,121.20970822349557,153.75830036873197
2470,Prov. Sumatera Utara,Kab. Langkat,P,Profesi,5,42.0,9.626972676945222,64.47833296531466,51.85229640149066,53.73219338000583,34.93611299748593,35.494343726351424,37.13192621455477
2471,Prov. Sumatera Utara,Kab. Langkat,P,S1,454,3097.0,709.8746281071275,622.9003853065525,571.5152692292187,622.5429034830382,781.7313292381239,516.5626295076332,530.576415421983
2472,Prov. Sumatera Utara,Kab. Mandailing Natal,L,S1,130,1170.0,268.17995314347405,159.5318832901096,131.8003720547361,128.40120323076508,144.55336932886033,119.16266747709292,129.46815566254986
2473,Prov. Sumatera Utara,Kab. Mandailing Natal,P,D3,65,214.0,49.051717925387564,71.54603130567442,63.12027901834595,68.82718192168959,55.67180332709504,54.907164241927156,38.515910185482745
2474,Prov. Sumatera Utara,Kab. Mandailing Natal,P,S1,349,2249.0,515.5014654869001,373.36265403645734,317.6138388484215,321.3949527387581,411.0270321820794,302.36449932956884,353.3380905255318
2475,Prov. Sumatera Utara,Kab. Nias Barat,L,S1,12,44.0,10.085399947275947,8.457881849814273,6.99109228257835,7.467102757635214,8.2417896502689,9.641244717633437,8.046399259501168
2476,Prov. Sumatera Utara,Kab. Nias Barat,P,S1,14,65.0,14.898886285748558,14.192379937287697,11.822625010573017,12.813263956119357,16.17540157932101,18.12401317929656,19.86385641451808
2477,Prov. Sumatera Utara,Kab. Nias Selatan,L,D3,2,44.0,10.085399947275947,4.677792082377843,2.7924485340669465,2.119450174838089,2.540399439151892,9.070038075096106,9.87815837587242
2478,Prov. Sumatera Utara,Kab. Nias Selatan,L,S1,212,2793.0,640.1936830168573,251.0939921720842,170.402524860579,143.58021260887935,123.45947335766245,240.1844749569144,246.91467994928723
2479,Prov. Sumatera Utara,Kab. Nias Selatan,P,D3,9,40.0,9.168545406614498,6.303079445578378,4.117347293769391,3.468162753781403,2.2100057543620397,9.460088856837155,11.026345338678702
2480,Prov. Sumatera Utara,Kab. Nias Selatan,P,S1,369,2704.0,619.79366948714,319.34115741655006,228.4554471849924,205.12432168695335,248.36404775201814,256.4587827512959,256.50962266743124
2481,Prov. Sumatera Utara,Kab. Padang Lawas,L,S1,40,313.0,71.74386780675844,23.978178573908284,14.368878634456046,11.651264144774384,14.62798132144246,17.937756796135726,25.34066209282893
2482,Prov. Sumatera Utara,Kab. Padang Lawas,P,S1,171,844.0,193.4563080795659,68.6132480147913,40.57455093425722,32.6286257825483,34.911120138989574,79.34271721103066,90.03010392067023
2483,Prov. Sumatera Utara,Kab. Padang Lawas utara,L,S1,174,485.0,111.16861305520078,69.41352281978305,57.48382339572843,57.58730934059979,75.49823869041613,61.34269694998475,51.223482295969255
2484,Prov. Sumatera Utara,Kab. Padang Lawas utara,P,D3,101,255.0,58.44947696716742,84.51457153292446,73.42947972423285,80.7671260404456,108.78600056065365,62.7193925718863,58.93619039653722
2485,Prov. Sumatera Utara,Kab. Padang Lawas utara,P,Profesi,9,29.0,6.647195419795511,39.384334998039584,29.625824594610147,29.533337309517677,33.11017354518285,22.99968735390254,22.679545802999066
2486,Prov. Sumatera Utara,Kab. Padang Lawas utara,P,S1,209,772.0,176.9529263476598,125.37495938220378,104.60465070946947,106.29728766498656,140.84942927469575,116.27004935998448,128.00175571788452
2487,Prov. Sumatera Utara,Kab. Simalungun,L,D3,31,233.0,53.40677699352945,35.73865779487637,25.361942875688992,22.053734531972555,15.057056811725273,15.429968650069801,16.378435120546072
2488,Prov. Sumatera Utara,Kab. Simalungun,L,S1,167,747.0,171.22258546852575,137.4036090681804,123.49881937342701,134.0961181492556,158.44416637896,186.3187631255826,184.52968730649746
2489,Prov. Sumatera Utara,Kab. Simalungun,L,S2,5,43.0,9.856186312110585,16.167095911772105,15.14620886392377,16.44425043146605,14.924119801388285,11.258893511110434,14.05515421994811
2490,Prov. Sumatera Utara,Kab. Simalungun,P,D3,35,339.0,77.70342232105787,69.38250316391235,52.15545513144,48.58257508044293,65.97906268679338,31.872140184761147,63.052049638267604
2491,Prov. Sumatera Utara,Kab. Simalungun,P,S1,410,1824.0,418.0856705416211,374.5677856158925,337.4808746542859,369.6706259316692,396.1350724627661,336.0623318950841,328.9526439544254
2492,Prov. Sumatera Utara,Kab. Simalungun,P,S2,17,62.0,14.211245380252471,25.02875382052715,23.223335209185976,25.10401475032546,22.244841151266534,13.207229521928964,19.49177385120385
2493,Prov. Sumatera Utara,Kab. Tapanuli Selatan,L,S1,35,501.0,114.83603121784658,77.82409408161772,58.46487866670952,59.73445167293006,74.26703927484645,85.6171738720533,79.99518832531302
2494,Prov. Sumatera Utara,Kab. Tapanuli Selatan,P,S1,58,419.0,96.04051313428687,74.92786058940155,56.96389204292091,59.32359467113419,78.27341792099577,56.92417333771902,57.58195510898374
2495,Prov. Sumatera Utara,Kab. Tapanuli Tengah,L,S1,36,398.0,91.22702679581425,56.30429223640591,46.13267915653575,46.336690800244185,36.708122396188394,36.3678936296264,37.5790813078405
2496,Prov. Sumatera Utara,Kab. Tapanuli Tengah,P,S1,57,585.0,134.08997657173703,105.40663702901364,90.17549581493286,95.51712831083343,68.32411508161334,71.52689474587778,80.07266992549341
2497,Prov. Sumatera Utara,Kab. Tapanuli Utara,L,D3,31,100.0,22.921363516536246,30.986954159514426,28.316981458603358,30.935041124428558,25.62254472688162,30.279393503876694,31.08893971164282
2498,Prov. Sumatera Utara,Kab. Tapanuli Utara,L,S1,288,1873.0,429.31713866472387,273.92885509075654,237.6137841717176,236.81089336331138,245.42059328134997,228.16716400519223,209.0109701179567
2499,Prov. Sumatera Utara,Kab. Tapanuli Utara,L,S2,22,135.0,30.94384074732393,33.98244906132719,29.134165262600046,27.400258135330755,34.466012435702744,30.072739308047673,35.67459590252863
2500,Prov. Sumatera Utara,Kab. Tapanuli Utara,L,S3,5,60.0,13.752818109921746,6.863641031529394,5.864069859482951,7.2255270945274495,12.545888343597271,7.570762591352452,7.030480602476835
2501,Prov. Sumatera Utara,Kab. Tapanuli Utara,P,D3,102,284.0,65.09667238696294,92.52297930720441,83.19683356053473,89.85556825827229,73.03252562277773,64.44183665151199,70.79629877908619
2502,Prov. Sumatera Utara,Kab. Tapanuli Utara,P,S1,475,2608.0,597.7891605112652,428.1336968350431,372.8998777740125,375.59832914069995,402.014497287119,365.2039756066228,361.90367389399694
2503,Prov. Sumatera Utara,Kab. Tapanuli Utara,P,S2,21,137.0,31.402268017654656,36.68798252575566,31.06329421974152,28.997526835993586,35.186014460285634,27.567795981061728,35.770284877734476
2504,Prov. Sumatera Utara,Kab. Tapanuli Utara,P,S3,9,38.0,8.710118136283773,4.264980824802306,3.5096612356191845,4.176991599803659,8.356593385576314,6.27288436962108,5.0178445728179115
2505,Prov. Sumatera Utara,Kab. Toba Samosir,L,D3,76,261.0,59.8247587781596,79.72751613914558,74.3614564111346,82.41242250675505,62.89715499871998,66.54258807708,63.976580300257126
2506,Prov. Sumatera Utara,Kab. Toba Samosir,L,D4,24,150.0,34.38204527480437,28.13897139356491,26.668282004442823,31.371491993125552,28.882311773227784,20.892737118479157,19.02025948921619
2507,Prov. Sumatera Utara,Kab. Toba Samosir,L,S1,86,509.0,116.66974029916949,95.26502471408244,91.16434025901366,100.10996450269784,72.88777933707883,96.69133311102958,81.07940765671962
2508,Prov. Sumatera Utara,Kab. Toba Samosir,P,D3,189,570.0,130.6517720442566,189.8148628712911,175.7420025776139,194.0744983743126,161.2489046459291,144.0128592905254,171.2052918660724
2509,Prov. Sumatera Utara,Kab. Toba Samosir,P,D4,33,127.0,29.11013166600103,25.354398876407107,23.888146273463313,28.222267279008864,33.42565588521555,19.857408120281857,16.798060157410863
2510,Prov. Sumatera Utara,Kab. Toba Samosir,P,S1,249,936.0,214.54396251477925,176.63456500246045,164.39382598940207,176.37612622691364,139.70643677139793,197.68344266835985,175.6934275954603
2511,Prov. Sumatera Utara,Kota Binjai,L,D3,33,76.0,17.420236272567546,17.93963955782814,15.708823053441236,15.901035297733802,20.30138614468632,20.49101812411893,21.580034672795566
2512,Prov. Sumatera Utara,Kota Binjai,L,S1,292,2591.0,593.8925287134541,291.1045963677547,242.6593851082456,224.82929318761836,229.98554275275205,354.06818289715414,301.7966860697914
2513,Prov. Sumatera Utara,Kota Binjai,P,D3,92,374.0,85.72589955184556,111.31737223147888,101.51024188294375,108.08891184686216,112.12063688064985,91.83981216520388,98.89445925119888
2514,Prov. Sumatera Utara,Kota Binjai,P,S1,742,5329.0,1221.4794617962164,765.8923727109051,667.3466464792376,652.735496226756,783.9304804994521,686.933902316563,696.3532985506388
2515,Prov. Sumatera Utara,Kota Gunung Sitoli,L,D3,5,34.0,7.7932635956223235,5.901826445334769,4.204317585967534,3.8199541352100757,8.177795998939724,8.09808744629382,10.98888744332721
2516,Prov. Sumatera Utara,Kota Gunung Sitoli,L,S1,452,3201.0,733.7128461643252,418.5313659358175,327.0341172588206,317.26562881133816,315.83681596118106,330.29540455063807,370.0067495669803
2517,Prov. Sumatera Utara,Kota Gunung Sitoli,P,D3,8,216.0,49.51014519571829,68.22493154895639,56.66610935101239,61.22323606232998,76.72893356177929,60.65892953980892,35.90567022441446
2518,Prov. Sumatera Utara,Kota Gunung Sitoli,P,S1,606,2919.0,669.074601047693,528.9433297876747,442.96772369339004,466.2574566621575,589.5410768722232,413.93022295639827,391.05940343117186
2519,Prov. Sumatera Utara,Kota Medan,L,D1,3,6.0,1.3752818109921747,2.8466428600263187,1.2649430340863788,0.9839322627217714,2.045510270648905,3.49106848840811,5.137319393681083
2520,Prov. Sumatera Utara,Kota Medan,L,D3,2519,10799.0,2475.278046150749,2707.1666868362363,3072.104827719347,3108.1791146218884,2918.0694891211983,2336.4915119131747,2343.2133902953306
2521,Prov. Sumatera Utara,Kota Medan,L,D4,786,4952.0,1135.065921338875,864.2087521521331,1027.1939023473929,1133.3256874469419,885.5807213642311,991.3399709790758,790.5990273463111
2522,Prov. Sumatera Utara,Kota Medan,L,Profesi,10412,10078.0,2310.0150151965227,13632.752618147919,14672.25712087471,14919.998791369377,15796.868428300433,9332.375291237906,11118.727356308156
2523,Prov. Sumatera Utara,Kota Medan,L,S1,15039,106770.0,24473.139826605748,13725.248339957747,15183.611498878045,14436.561221579408,13859.99628600661,16810.421077125964,15824.406237716128
2524,Prov. Sumatera Utara,Kota Medan,L,S2,2543,7944.0,1820.8731177536392,2134.080916656607,2469.9524529566993,2352.5289968574593,2521.653841526785,2030.3580547193817,2314.705025810772
2525,Prov. Sumatera Utara,Kota Medan,L,S2 Terapan,16,65.0,14.898886285748558,20.16850621691628,21.621025420965495,16.414053575061455,24.71239426495147,15.710528455246564,18.10309989424502
2526,Prov. Sumatera Utara,Kota Medan,L,S3,338,1335.0,306.0002029457589,191.80504900102594,232.64979850666165,306.66520524423225,238.24276072221056,244.79895850832514,211.69734074378997
2527,Prov. Sumatera Utara,Kota Medan,L,Sp-1,125,547.0,125.37985843545326,92.32624012288726,131.11790402337897,179.56597835460798,141.4056384927277,116.61719726942412,107.94347919477406
2528,Prov. Sumatera Utara,Kota Medan,P,D1,3,5.0,1.1460681758268123,3.7051198215758054,1.831031463669716,1.6087590730737142,3.5479466504795627,3.4113450554072497,3.9273395345202005
2529,Prov. Sumatera Utara,Kota Medan,P,D3,4243,15064.0,3452.8742001310197,4442.949486776048,5137.620054639564,5338.754919440995,5194.780757120218,4357.864449864162,3248.703187761078
2530,Prov. Sumatera Utara,Kota Medan,P,D4,1149,6484.0,1486.22121041221,1277.5159878492464,1527.4534535571647,1706.6260648728726,1412.324048347482,1580.131849510252,1367.4841159497378
2531,Prov. Sumatera Utara,Kota Medan,P,Profesi,34802,33078.0,7581.928623999859,47904.80830837237,51177.34694072332,52056.40939838043,44133.6444206139,23482.145468279334,32561.6825094955
2532,Prov. Sumatera Utara,Kota Medan,P,S1,27103,130216.0,29847.282716692836,21608.04886944814,25079.012244277405,25289.89863435784,25939.45473505984,22188.66392967876,22615.255811195235
2533,Prov. Sumatera Utara,Kota Medan,P,S2,2541,6944.0,1591.659482588277,2244.414228017836,2664.8854778007885,2625.817796084385,2822.3948062022864,2110.429728213085,2291.250172387864
2534,Prov. Sumatera Utara,Kota Medan,P,S2 Terapan,13,38.0,8.710118136283773,15.065089918869253,16.87923208506516,13.527925079269362,19.506501734408676,12.059246608823358,10.840103889450889
2535,Prov. Sumatera Utara,Kota Medan,P,S3,209,1033.0,236.7776851258194,173.24066159520464,213.56450067449964,288.28008637280817,211.5844680947618,214.00103771263278,201.07019167181377
2536,Prov. Sumatera Utara,Kota Medan,P,Sp-1,133,531.0,121.71244027280746,93.27656705710356,129.93731325331,175.32551231212832,157.34411294180492,118.49298189900816,105.93692533546208
2537,Prov. Sumatera Utara,Kota Medan,P,Sp-2,1,16.0,3.667418162645799,5.422414703138734,7.227761579124918,6.779903753092762,6.362893348307941,5.116553705382008,5.6117603523080986
2538,Prov. Sumatera Utara,Kota Padang Sidempuan,L,D3,1,14.0,3.2089908923150743,4.053709292342443,4.062595836063301,4.294230207269835,4.199341282050228,5.113717362929883,4.783836781076233
2539,Prov. Sumatera Utara,Kota Padang Sidempuan,L,Profesi,1055,640.0,146.69672650583198,957.7536410509205,892.8819976882254,924.8926733974987,1200.6501099564425,831.3082251855349,785.4324385946753
2540,Prov. Sumatera Utara,Kota Padang Sidempuan,L,S1,882,7948.0,1821.7899722943007,1270.483838228695,1269.072772008261,1290.8447827715122,1327.7774788764955,1297.6725839867786,1342.9642045275293
2541,Prov. Sumatera Utara,Kota Padang Sidempuan,L,S2,89,288.0,66.01352692762438,106.06739624269495,114.5614940000103,121.2324146263389,125.14205672104842,58.79092983588352,71.44545362906454
2542,Prov. Sumatera Utara,Kota Padang Sidempuan,P,D3,148,591.0,135.46525838272922,193.2250058915452,194.80097804953348,208.51751166901124,182.5215596443782,172.0622438393979,185.10959020931065
2543,Prov. Sumatera Utara,Kota Padang Sidempuan,P,Profesi,4854,3055.0,700.2476554301822,4945.654981698935,4577.034463683011,4732.4449591575485,12532.81603945357,4973.16823632251,5143.429084342304
2544,Prov. Sumatera Utara,Kota Padang Sidempuan,P,S1,2982,14785.0,3388.9235959198836,2793.8435234169247,2847.0849772581223,2977.5683200302606,3141.170925818101,2703.12850923901,2698.785510764794
2545,Prov. Sumatera Utara,Kota Padang Sidempuan,P,S2,148,402.0,92.1438813364757,156.38456865825924,166.44333733602292,174.4066300321186,144.10679525498531,117.18333929609129,143.61113396449448
2546,Prov. Sumatera Utara,Kota Pematang Siantar,L,D3,83,438.0,100.39557220242875,79.50689436690867,59.28383688386325,53.88558051703007,74.92809191102815,55.72106447385904,60.289685093986606
2547,Prov. Sumatera Utara,Kota Pematang Siantar,L,Profesi,119,214.0,49.051717925387564,340.3570247693355,277.9441302601213,295.7190635814156,238.3487244049898,545.7903154897177,454.86500188194816
2548,Prov. Sumatera Utara,Kota Pematang Siantar,L,S1,768,6432.0,1474.3021013836112,867.8224826812026,709.1404394728272,689.1341191813832,757.0605084730821,839.397316236614,796.8930415118921
2549,Prov. Sumatera Utara,Kota Pematang Siantar,L,S2,75,227.0,52.03149518253728,63.88720122104084,54.58178880022316,53.0921455589623,59.4753005176556,61.530069565896724,67.01374372036143
2550,Prov. Sumatera Utara,Kota Pematang Siantar,P,D3,143,506.0,115.9820993936734,118.78778736999935,92.92005447201454,89.5274691275231,99.74092326401559,115.23670115300636,109.78306608148074
2551,Prov. Sumatera Utara,Kota Pematang Siantar,P,Profesi,552,1099.0,251.9057850467333,1899.7164766929327,1542.2684634844186,1640.475473536688,1114.6330134689676,1315.4006450371783,1521.8847507658918
2552,Prov. Sumatera Utara,Kota Pematang Siantar,P,S1,1130,7159.0,1640.9404141488296,1203.642893342767,1022.8301641397886,1045.6464714965812,1207.084084050253,1213.9741547893582,1287.6763413478386
2553,Prov. Sumatera Utara,Kota Pematang Siantar,P,S2,74,164.0,37.59103616711944,53.53494423268265,46.393013035373976,46.113488398601255,49.73643943041925,43.08531509525752,47.71553446432913
2554,Prov. Sumatera Utara,Kota Sibolga,L,D3,9,13.0,2.9797772571497116,3.0904438567702774,2.495153479312592,2.5296428028024627,3.340077499525576,3.7099419730437524,4.410576126047417
2555,Prov. Sumatera Utara,Kota Sibolga,L,S1,99,771.0,176.72371271249443,88.76600078963472,68.57264978783823,63.974561982715805,74.38135554010718,105.85673615490218,99.14723377281503
2556,Prov. Sumatera Utara,Kota Sibolga,P,D3,50,85.0,19.48315898905581,23.42739900874107,19.183453499298718,19.871092431403408,22.345531013623635,20.114253026718476,20.07596819594772
2557,Prov. Sumatera Utara,Kota Sibolga,P,S1,244,1346.0,308.52155293257783,196.9718811323107,158.77702166801353,156.10683098421353,165.16707807243773,199.28711406713438,179.58145098158195
2558,Prov. Sumatera Utara,Kota Tanjung Balai,L,S1,19,319.0,73.11914961775062,29.55685301951714,21.332284678654645,18.51248668446715,28.871530995169408,18.315975424092844,20.107076121483317
2559,Prov. Sumatera Utara,Kota Tanjung Balai,P,D3,8,68.0,15.586527191244647,13.336932459218936,9.822163343178829,9.079996849720814,19.629606943140985,18.25565654199486,19.777691424636764
2560,Prov. Sumatera Utara,Kota Tanjung Balai,P,S1,87,919.0,210.6473307169681,98.2619190653187,71.82312381677455,63.58327142994735,82.44622245620238,96.29957080366897,95.79561718149887
2561,Prov. Sumatera Utara,Kota Tebing Tinggi,L,D3,4,36.0,8.251690865953048,5.2861190621633485,3.5781989783303265,3.0710764964510884,2.4878322013864667,10.38284675528506,12.08207247246359
2562,Prov. Sumatera Utara,Kota Tebing Tinggi,L,S1,143,1440.0,330.06763463812194,200.05754934704083,159.39158329996894,157.72236921423084,183.36669393740436,214.152352526643,209.35556833859266
2563,Prov. Sumatera Utara,Kota Tebing Tinggi,L,S2,12,26.0,5.959554514299423,10.080255225414174,9.217462644510409,10.127806416040414,10.312401899387496,4.300370635624988,4.48687641002351
2564,Prov. Sumatera Utara,Kota Tebing Tinggi,P,D3,14,46.0,10.543827217606673,11.258560913898524,8.732116127383232,8.804800513038593,11.96918306634523,13.592043470997876,14.34584021137352
2565,Prov. Sumatera Utara,Kota Tebing Tinggi,P,S1,360,2500.0,573.0340879134061,447.35230373547864,373.5226455518692,391.4139353681959,530.5100600939037,455.48343586313206,412.3285561410763
2566,Prov. Sumatera Utara,Kota Tebing Tinggi,P,S2,9,27.0,6.188768149464786,10.386504709640649,9.179548602402289,9.779016852395802,11.626929967430735,4.913520425415524,3.3787014952779404
