row_id,provinsi_pt,kabupaten_pt,jk,nm_jenj_didik,jumlah_lulusan,jumlah_terdaftar,ExposureRateBaseline,NB2_Offset,PoissonRate,TweedieRate,HistGBPoissonRate,RandomForestLogCount,ExtraTreesLogCount
0,Prov. Aceh,Kab. Aceh Barat,L,D2,21,149.0,35.263224930577714,57.840638372888655,45.5613374331127,38.638956681634674,44.19343205708543,41.71567723799473,43.62414241506949
1,Prov. Aceh,Kab. Aceh Barat,L,Profesi,35,85.0,20.116604826168494,97.10211890507735,85.60508995274432,83.36883931591755,63.771163097677835,84.10081268587412,99.19600010669312
2,Prov. Aceh,Kab. Aceh Barat,L,S1,554,4231.0,1001.3335884649282,685.0815939072783,641.2313351214979,659.3884356254042,776.5210335967869,656.2622817061025,585.4622278677997
3,Prov. Aceh,Kab. Aceh Barat,L,S2,5,66.0,15.619951982672008,21.69401884731016,21.730722153335496,22.261801042378327,23.51790825370905,22.528082916312258,20.966451309859817
4,Prov. Aceh,Kab. Aceh Barat,P,D2,4,26.0,6.1533144174162455,9.772835986250909,7.036227627201112,5.56211520090918,6.555392161622932,7.696865285400226,10.079284615490698
5,Prov. Aceh,Kab. Aceh Barat,P,D3,14,19.0,4.496652843496487,6.382231053944814,6.226333561179543,6.769864795677482,8.402587373093583,5.8674341247096935,6.019905401434113
6,Prov. Aceh,Kab. Aceh Barat,P,Profesi,55,151.0,35.736556808840504,192.11508102959723,166.27897168557536,161.6495029330295,113.50487953314605,135.07327014419192,155.79169486783707
7,Prov. Aceh,Kab. Aceh Barat,P,S1,1464,7356.0,1740.9146482505346,1390.6800341558758,1309.5347172719237,1375.2668592584373,1537.9394858372273,1284.0310720762723,1316.1868829482937
8,Prov. Aceh,Kab. Aceh Barat,P,S2,4,43.0,10.176635382649945,17.159708526754574,17.635691968046288,18.81313738130814,18.136564078381944,10.62573996034788,14.876562373818476
9,Prov. Aceh,Kab. Aceh Barat Daya,L,S1,26,345.0,81.64974900033094,40.77288383293365,30.53469552690169,26.401610219149873,46.37597835001946,31.088493263839343,33.1676858758036
10,Prov. Aceh,Kab. Aceh Barat Daya,P,S1,75,754.0,178.44611810507112,106.67274320000466,81.03852828736396,72.76746840222954,89.28558033336618,109.99376352507119,105.98294487249856
11,Prov. Aceh,Kab. Aceh Besar,L,D3,340,1451.0,343.4022776796528,386.6905213849188,353.1720244078485,365.0441663325294,379.59098816947915,341.61964339183993,364.14756532465935
12,Prov. Aceh,Kab. Aceh Besar,L,D4,59,313.0,74.07643894812634,52.39892366279676,48.53395047925199,52.264320259230175,54.394438901346106,29.346003600705938,30.907471926670272
13,Prov. Aceh,Kab. Aceh Besar,L,Profesi,33,120.0,28.399912695767288,107.30532980797082,81.72897965496563,71.17956551888136,86.30776202450919,96.9559932904218,92.6869732365991
14,Prov. Aceh,Kab. Aceh Besar,L,S1,339,4502.0,1065.4700579695361,632.7028434998884,540.2673455415024,521.7281266407235,649.9461769894182,651.2814453755326,593.2375030370678
15,Prov. Aceh,Kab. Aceh Besar,L,S2,10,94.0,22.24659827835104,23.95323029886608,20.627255341719255,18.808351749444785,31.21676574087722,19.85380721068235,23.681408645160296
16,Prov. Aceh,Kab. Aceh Besar,P,D3,1119,4509.0,1067.1267195434557,1288.5837359379648,1133.292816320329,1147.8472085577253,1289.0228574204775,863.8711535948722,861.2819666234805
17,Prov. Aceh,Kab. Aceh Besar,P,D4,460,1573.0,372.2755222536828,288.19486987855186,259.73720697821864,276.8262386050614,318.8860382224606,456.359522393099,537.3110210670947
18,Prov. Aceh,Kab. Aceh Besar,P,Profesi,96,331.0,78.33642585249143,381.1746819955743,306.98104152245355,286.55972355352816,207.79119459498062,302.9033805848287,320.87515500574557
19,Prov. Aceh,Kab. Aceh Besar,P,S1,480,3582.0,847.7373939686535,653.00551598302,589.1588845215095,614.7169189417717,724.0105722232258,706.5278025404544,663.1967425210375
20,Prov. Aceh,Kab. Aceh Besar,P,S2,3,18.0,4.259986904365093,5.952154382863658,5.44095375254422,5.337394810726653,6.577450920738499,5.370039470832874,5.9760086934605186
21,Prov. Aceh,Kab. Aceh Jaya,L,S1,9,106.0,25.08658954792777,17.728967386259725,14.534126336255635,15.56739419474287,13.668218130696378,19.15137231006618,16.08777538165339
22,Prov. Aceh,Kab. Aceh Jaya,P,S1,40,149.0,35.263224930577714,28.932300732386167,23.785494977374565,25.954254760776955,23.514847817637687,14.071363457397572,24.190734923478406
23,Prov. Aceh,Kab. Aceh Selatan,L,S1,20,435.0,102.94968352215642,60.47615844412291,51.26055267671464,46.34307672829333,47.59963031348435,54.96916688277179,48.0391469104987
24,Prov. Aceh,Kab. Aceh Selatan,P,S1,72,433.0,102.47635164389362,61.79636359567956,49.32693702262571,42.774558014185885,35.71068269244071,48.71895836149375,51.495885351286546
25,Prov. Aceh,Kab. Aceh Singkil,L,D3,7,28.0,6.626646295679033,7.342182780931904,6.331260567073748,6.499054989257976,6.625510835759389,7.144700425953035,8.299654738970302
26,Prov. Aceh,Kab. Aceh Singkil,L,S1,46,515.0,121.88295865266794,62.63992423389974,47.38237836525462,42.59693330024194,58.030346912108826,49.37171353790468,32.488187827323934
27,Prov. Aceh,Kab. Aceh Singkil,P,D3,40,108.0,25.55992142619056,33.204854008286816,28.859102095280438,30.32590836574902,32.04079251070751,35.62127690540663,35.046223015682386
28,Prov. Aceh,Kab. Aceh Singkil,P,S1,94,619.0,146.4962163223329,89.33950043699078,68.59113153491187,63.43901096965636,71.35989433283972,75.45958975879815,79.44612785296202
29,Prov. Aceh,Kab. Aceh Tamiang,L,S1,93,1664.0,393.8121227146397,252.11806760943728,199.73513137745869,201.02555345922065,264.41652313523815,258.07547000879407,222.0368614908705
30,Prov. Aceh,Kab. Aceh Tamiang,P,S1,51,1282.0,303.4057339664472,197.09211941401776,146.17131062390052,140.30914142600477,226.1887352683371,184.34846373724983,188.4813311666517
31,Prov. Aceh,Kab. Aceh Tengah,L,D4,11,48.0,11.359965078306914,5.762994730446799,4.514872886278943,4.02333999485773,17.971538241310398,9.410176047689868,11.003680534871107
32,Prov. Aceh,Kab. Aceh Tengah,L,Profesi,346,70.0,16.566615739197584,91.019850372213,84.1381674419592,85.71944222043606,126.49071140021667,57.75960821165415,82.06059459183693
33,Prov. Aceh,Kab. Aceh Tengah,L,S1,209,2486.0,588.3515246806456,253.67453079387522,184.9643748936157,148.2253727564468,157.0415255977253,302.5151244650819,282.5076369634444
34,Prov. Aceh,Kab. Aceh Tengah,L,S2,3,207.0,48.98984940019857,48.03363347346786,39.52586723867634,33.524314534763576,87.19509054448545,35.637841268794084,74.08944516068577
35,Prov. Aceh,Kab. Aceh Tengah,P,D4,5,14.0,3.3133231478395166,2.0301958658041355,1.6275638802746584,1.506481088017428,2.0372626726053116,3.350917913482886,2.9932857398045982
36,Prov. Aceh,Kab. Aceh Tengah,P,Profesi,1010,146.0,34.55322711318353,220.73271926368497,204.777792742887,212.6963771008372,246.5457128093595,156.57193680456152,191.23649222054237
37,Prov. Aceh,Kab. Aceh Tengah,P,S1,246,2611.0,617.9347670720699,326.5190956952545,245.44433142627844,205.76350921798496,189.8343819413077,311.4060748450733,339.41777514115057
38,Prov. Aceh,Kab. Aceh Tengah,P,S2,13,260.0,61.53314417416245,81.02290983423133,72.02387766974219,66.83342205224339,60.936842887140386,79.77378097389978,90.53848764442876
39,Prov. Aceh,Kab. Aceh Tenggara,L,Profesi,9,47.0,11.12329913917552,61.81365029291856,54.10805389270203,58.34789005308633,50.46855347772542,32.58684113760134,30.924904961386712
40,Prov. Aceh,Kab. Aceh Tenggara,L,S1,453,2651.0,627.4014046373256,408.00057820570004,345.4984615021089,356.3979356404014,472.99948239706987,390.03180828209946,364.8795039314256
41,Prov. Aceh,Kab. Aceh Tenggara,P,D3,53,186.0,44.01986467843929,60.643125209920534,53.83654055699539,59.61879014950574,68.08896817895112,56.80834237636814,35.91749094380839
42,Prov. Aceh,Kab. Aceh Tenggara,P,Profesi,6,62.0,14.67328822614643,90.58335671621573,77.74395350611287,83.58374696505234,59.204523036331366,42.82515669823715,50.06148543554742
43,Prov. Aceh,Kab. Aceh Tenggara,P,S1,472,2554.0,604.4448085415804,462.22106062089637,395.09240227838075,417.8103972620624,602.2172080286521,459.91290987444796,457.10907132668666
44,Prov. Aceh,Kab. Aceh Timur,L,D3,2,140.0,33.13323147839517,21.543649505716964,14.220228380168306,10.963752735837744,26.326155573796,16.33364221327088,17.6881606215165
45,Prov. Aceh,Kab. Aceh Timur,P,D3,10,226.0,53.48650224369506,41.444148638532155,27.801615148909853,22.11808530299732,43.763539710240046,32.74502295832756,35.3223263929813
46,Prov. Aceh,Kab. Aceh Utara,L,D3,6,14.0,3.3133231478395166,3.8841995622209895,3.473865746742434,3.1010930144102744,2.4664115369854596,3.364738300440793,2.744924596542991
47,Prov. Aceh,Kab. Aceh Utara,L,Profesi,293,363.0,85.90973590469603,520.0823293250761,483.4807432116044,449.15693981486976,462.95222515042246,882.4791376020027,720.4210768928504
48,Prov. Aceh,Kab. Aceh Utara,L,S1,1630,8837.0,2091.416904104129,1623.6839947551439,1528.6605739636418,1422.1806830153025,1454.8462304598818,1409.0074556134373,1361.5131767702362
49,Prov. Aceh,Kab. Aceh Utara,L,S2,119,401.0,94.90304159168902,129.87741411977166,121.27788854360075,105.3123727397548,124.53219825613061,105.09270005773384,111.57219853482898
50,Prov. Aceh,Kab. Aceh Utara,P,D3,36,68.0,16.093283860934797,23.184624670630676,21.40689043386827,20.017960002567655,12.4905013180986,21.651607171829305,22.86727550051444
51,Prov. Aceh,Kab. Aceh Utara,P,Profesi,1095,1255.0,297.01575360989955,2020.1120852028075,1851.9301739598457,1724.7778539556875,1752.2447860789173,1624.7106880421036,2032.9831524811907
52,Prov. Aceh,Kab. Aceh Utara,P,S1,2965,13121.0,3105.2937873430214,2793.8779296977846,2636.1153860551417,2495.6126801569562,2407.794611578494,2612.380197681106,2346.701472385315
53,Prov. Aceh,Kab. Aceh Utara,P,S2,91,283.0,66.97646077418452,111.27000938764132,106.59887728580688,96.38555553066071,88.22664798733308,97.33935979487751,104.13413793693796
54,Prov. Aceh,Kab. Bener Meriah,L,S1,7,176.0,41.65320528712535,26.534814888196195,21.67893336773372,21.793255774368713,27.31703718652434,30.004024695778607,29.156488874561152
55,Prov. Aceh,Kab. Bener Meriah,P,S1,11,616.0,145.78621850493874,103.93234404228627,83.5692086214872,84.05969043931886,119.88209957999791,94.19692835802579,100.15680559233027
56,Prov. Aceh,Kab. Bireuen,L,D3,8,24.0,5.679982539153457,4.931664178202009,3.9020822383643337,3.546936958248638,5.863618250537585,4.669560629603333,4.822522416104036
57,Prov. Aceh,Kab. Bireuen,L,Profesi,906,510.0,120.69962895701097,670.7457650231663,615.571524686161,646.8450256150504,597.7117177264481,661.7352023223158,625.7883263552087
58,Prov. Aceh,Kab. Bireuen,L,S1,824,8373.0,1981.6039083471624,1165.7584820900324,983.3327551925057,941.0952259080443,1096.4315489991088,976.6558687922643,889.3268816539235
59,Prov. Aceh,Kab. Bireuen,L,S2,180,655.0,155.0161901310631,191.2024009357247,174.61774829245073,169.97736762235846,204.46552562602244,148.35668935151332,161.2599964046108
60,Prov. Aceh,Kab. Bireuen,P,D3,87,293.0,69.34312016549846,66.48811343429279,51.42467274197345,46.468541836229775,73.36036169086456,46.918185684600374,47.12505842343748
61,Prov. Aceh,Kab. Bireuen,P,Profesi,4079,2418.0,572.2582408197109,3596.784113868103,3266.33455633645,3452.185695386718,2610.4720432200174,2155.2764032097557,2420.7874328765383
62,Prov. Aceh,Kab. Bireuen,P,S1,1559,10540.0,2494.4589984448935,1759.4389359304143,1512.9887096015987,1498.6067089427088,1660.4897711969868,1478.5554508094783,1533.2241668746283
63,Prov. Aceh,Kab. Bireuen,P,S2,243,607.0,143.65622505275618,188.87363984539746,165.5929691724478,157.4894309032134,209.1499412404916,153.87642539038276,176.5971251050016
64,Prov. Aceh,Kab. Nagan Raya,L,S1,182,458.0,108.39300012217848,82.02831724062253,69.6391388770696,77.13205445466643,55.20220901497915,34.63107943142769,42.14157302523463
65,Prov. Aceh,Kab. Nagan Raya,P,S1,117,377.0,89.22305905253556,75.00839320856322,62.43672874191542,68.94672154779121,49.60659355855322,30.658489727182086,41.71556680612658
66,Prov. Aceh,Kab. Pidie,L,D3,25,117.0,27.689914878373106,30.236054843651058,27.093960058273467,27.664520345360838,31.298903174532935,44.56827311483312,46.823568749206714
67,Prov. Aceh,Kab. Pidie,L,Profesi,25,29.0,6.863312234810428,32.25521343817356,27.37261670356996,26.603196086248857,29.522709835195755,18.344945666400612,21.09839320098492
68,Prov. Aceh,Kab. Pidie,L,S1,316,2120.0,501.7317909585554,275.21109774388714,225.63662657637093,209.50598437087876,294.8599213411161,256.1068240681589,224.06131240474988
69,Prov. Aceh,Kab. Pidie,P,D3,80,223.0,52.776504426300875,69.76901561915703,63.99049977646377,68.00909776957424,76.70735782048287,64.26580695469143,69.0510293891093
70,Prov. Aceh,Kab. Pidie,P,Profesi,130,115.0,27.216583000110315,155.93859969330725,136.06374607594964,137.98381332362328,125.12522556386256,103.15575289420883,96.25296705592606
71,Prov. Aceh,Kab. Pidie,P,S1,597,3464.0,819.810813151149,568.5309900980286,488.2456297246602,481.53410742345375,663.3390993992049,508.2641956985925,538.3065830204797
72,Prov. Aceh,Kab. Pidie Jaya,L,S1,127,456.0,107.9196682439157,83.85403345798633,78.7059613723949,82.0269055213128,80.82268357168616,77.85308204234329,56.896506243898415
73,Prov. Aceh,Kab. Pidie Jaya,P,S1,35,184.0,43.54653280017651,36.93707464396794,33.69084693291595,34.70869943524921,33.4761791546895,30.648820508225647,46.274126332431294
74,Prov. Aceh,Kab. Sabussalam,P,D3,32,91.0,21.53660046095686,29.61761183709022,25.61327630290908,27.898179662960683,23.718377542822033,15.997020505949456,18.852970235121564
75,Prov. Aceh,Kab. Sabussalam,P,S1,5,384.0,90.87972062645531,52.06757193176718,37.442246223082165,33.8386798177171,46.44307506805989,39.71139651025892,48.27856607101656
76,Prov. Aceh,Kota Banda Aceh,L,D3,289,1730.0,409.4320746973117,415.3253965884345,373.8997384331256,366.9603799998942,364.5567658598012,354.22369572559813,387.56827525925456
77,Prov. Aceh,Kota Banda Aceh,L,D4,16,158.0,37.39321838276026,27.2162243560909,26.70856415550666,29.02200749998447,28.42996952285493,29.344253169466448,28.686367561570755
78,Prov. Aceh,Kota Banda Aceh,L,Profesi,4620,4200.0,993.9969443518551,5163.215844556548,4838.135339670606,4893.0578870551335,8503.018149796373,6141.008768326042,5273.428259548715
79,Prov. Aceh,Kota Banda Aceh,L,S1,4628,31757.0,7515.800228995681,5003.517304274931,4729.591622069373,4806.264928775838,4955.466346252398,4528.935506248546,4840.357745190392
80,Prov. Aceh,Kota Banda Aceh,L,S2,522,1474.0,348.84559427967486,453.4072635592571,449.48533750026166,446.57151220526873,475.90324129550254,397.9399902477531,444.9608909471986
81,Prov. Aceh,Kota Banda Aceh,L,S3,87,603.0,142.70956129623062,87.21244543460865,89.77213644844332,115.41055340119087,88.85716703510761,121.71566920577808,130.65916430302005
82,Prov. Aceh,Kota Banda Aceh,L,Sp-1,31,284.0,67.21312671331592,57.24064645872755,66.17970464569984,94.42390392362438,78.16316507735388,70.16447922009617,63.499702524414026
83,Prov. Aceh,Kota Banda Aceh,P,D3,472,2291.0,542.2016665500238,647.6102081644115,590.5694989872104,592.86980144192,604.9798145202004,510.67437472651153,569.2003018840833
84,Prov. Aceh,Kota Banda Aceh,P,D4,53,334.0,79.04642366988561,67.11056057501297,66.23535502269274,73.45778102521884,79.31976212021674,57.21419024613047,73.02880964776149
85,Prov. Aceh,Kota Banda Aceh,P,Profesi,11977,11730.0,2776.091466011252,15914.561619166723,14572.694576351594,14646.747468019881,24081.498756187593,10223.488199642426,12738.21506296371
86,Prov. Aceh,Kota Banda Aceh,P,S1,8610,42119.0,9968.132690275186,8010.959304408173,7720.429934840539,8174.89501587477,8642.79855755226,7891.51059841627,7920.629408044953
87,Prov. Aceh,Kota Banda Aceh,P,S2,655,1663.0,393.5754567755083,625.2175769182033,638.1012360999086,662.3218282998381,640.0235477794977,580.5154936780513,645.2709397741938
88,Prov. Aceh,Kota Banda Aceh,P,S3,50,360.0,85.19973808730185,62.88698013975594,66.24050839019952,88.45231379631987,55.4114207783021,68.5619966680818,63.82645011038402
89,Prov. Aceh,Kota Banda Aceh,P,Sp-1,26,263.0,62.243141991556634,58.68333513512463,66.4065308863954,94.3032440996393,55.64703465873821,65.1670231465479,68.10786016074624
90,Prov. Aceh,Kota Langsa,L,D3,3,16.0,3.786655026102305,2.8668142717886926,2.1404954255772504,1.8372657073550875,4.195556010579559,2.5929978362154524,3.1075227518241535
91,Prov. Aceh,Kota Langsa,L,Profesi,726,481.0,113.83631672220054,640.7487597916124,599.0424665248362,639.6453364418272,735.0770379895537,572.5285110810926,572.9819824486235
92,Prov. Aceh,Kota Langsa,L,S1,633,5825.0,1378.5790954403703,799.1007718010935,676.0714778463866,649.6152996861742,721.0074049700634,715.1196758062789,740.3461827465462
93,Prov. Aceh,Kota Langsa,L,S2,54,169.0,39.9965437132056,48.32052133403187,44.19124724525739,42.99992576092089,51.25195026943622,57.17095386184038,55.38476104583552
94,Prov. Aceh,Kota Langsa,P,D3,60,223.0,52.776504426300875,55.609982169081604,45.67973611240282,43.65307177243532,47.41342052821812,36.66496965659022,42.44487123103688
95,Prov. Aceh,Kota Langsa,P,Profesi,1421,595.0,140.81623378317946,877.1180130753144,802.4434471779884,852.6471176074721,832.3837530251384,608.9362239646159,595.6366795890528
96,Prov. Aceh,Kota Langsa,P,S1,1587,10325.0,2443.5758215316437,1792.6345560530776,1589.0924374271192,1623.0795537951994,1740.349003063764,1614.8432641896889,1532.0622407938852
97,Prov. Aceh,Kota Langsa,P,S2,42,133.0,31.476569904475408,46.674157986198075,44.04011530973128,44.86224880621092,51.620133345162294,50.68188036656928,50.28035966293797
98,Prov. Aceh,Kota Lhokseumawe,L,D3,234,1268.0,300.0924108186077,281.83179379055906,235.1885530352968,224.379465332879,252.98572116190962,253.3732262743694,304.6318838769535
99,Prov. Aceh,Kota Lhokseumawe,L,D4,304,2281.0,539.8350071587098,362.8955434458755,329.22217045687205,347.860297633542,333.55302651628045,399.09884880704465,387.9970063776668
100,Prov. Aceh,Kota Lhokseumawe,L,Profesi,106,231.0,54.66983193935203,177.89357110427204,126.76219491624984,102.7601583641749,166.80573461737532,242.61670586856476,260.34957080029113
101,Prov. Aceh,Kota Lhokseumawe,L,S1,148,2242.0,530.6050355325855,339.5531455341561,304.28320622161175,305.1475153579427,341.7114060486223,339.5525335018144,317.0612540537948
102,Prov. Aceh,Kota Lhokseumawe,P,D3,288,1188.0,281.1591356880961,344.52555882466123,306.9631453618012,314.95165838176564,317.22618067116525,282.8690356704129,306.5612827182204
103,Prov. Aceh,Kota Lhokseumawe,P,D4,212,1685.0,398.782107436399,326.627925347367,305.37039184195766,335.7005685128673,336.6408698875279,433.82374963903965,479.2881678859632
104,Prov. Aceh,Kota Lhokseumawe,P,Profesi,392,681.0,161.16950454847935,711.0298842365276,549.9986237963873,490.07135782956954,480.16529539619034,735.7612303270523,656.9316729416948
105,Prov. Aceh,Kota Lhokseumawe,P,S1,315,5541.0,1311.3659687270545,971.4622682124997,870.940740111631,889.3438503943877,991.020821562302,933.6609088705143,961.6027898285936
106,Prov. Aceh,Kota Lhokseumawe,P,S2 Terapan,6,13.0,3.0766572087081228,5.492988571928024,5.0388465958576925,4.470030068672056,6.1745744934477145,4.138226522478625,4.488780031283568
107,Prov. Aceh,Kota Sabang,L,D3,3,7.0,1.6566615739197583,2.0355438815505185,1.742487787496691,1.9391328996516122,2.0850139530265457,3.4904296711321714,1.5692095993654676
108,Prov. Aceh,Kota Sabang,P,D3,26,85.0,20.116604826168494,27.45816703690833,23.046315614909457,25.570034213145853,25.30499569732497,17.316505121593877,17.18808798900733
109,Prov. Bali,Kab. Badung,L,D1,17,20.0,4.496151004357066,19.180650633885346,7.2738040091370575,7.272283852500456,19.882995305592694,14.195768164872673,17.746011213663675
110,Prov. Bali,Kab. Badung,L,D2,29,63.0,14.162875663724758,31.01183943333131,24.425327487714497,23.088253624504173,43.689798067301126,18.277684398973182,23.134960097327447
111,Prov. Bali,Kab. Badung,L,D3,257,3251.0,730.8493457582412,1083.6222302196888,975.3598194342953,1003.8140137450964,961.3569837642863,800.2718578679827,767.8833504155167
112,Prov. Bali,Kab. Badung,L,D4,201,3485.0,783.4543125092188,723.4753045650684,628.9708769341673,659.447662481251,601.0463602719044,743.1102866952353,684.5906601884896
113,Prov. Bali,Kab. Badung,L,Profesi,542,766.0,172.20258346687564,1134.928994046186,827.6369961894038,788.6170172259607,774.0028014904802,1116.3692370165193,1107.4777217539925
114,Prov. Bali,Kab. Badung,L,S1,2281,13874.0,3118.979951722497,2353.7219892658163,2039.3271633201289,1989.8126904871194,2117.6522462429625,2446.2816152022824,2175.507020722459
115,Prov. Bali,Kab. Badung,L,S2,322,1188.0,267.0713696588097,404.9751850201596,369.23847722830084,351.01301809118405,433.7573864586145,343.74740885787844,364.994639400159
116,Prov. Bali,Kab. Badung,L,S2 Terapan,16,91.0,20.45748706982465,40.056589019750575,31.85098916547856,26.384552047559897,37.885740929652755,26.09121171576562,30.663993620563147
117,Prov. Bali,Kab. Badung,L,S3,90,445.0,100.03935984694472,81.94365971597962,77.79063390726694,98.50193145619957,92.82229340979258,79.32339672003745,71.01111717403839
118,Prov. Bali,Kab. Badung,L,Sp-1,164,762.0,171.30335326600422,159.13897059538928,166.02960930743475,226.3845508831385,167.90961966225098,165.10241797568912,162.18721174009204
119,Prov. Bali,Kab. Badung,P,D1,5,8.0,1.7984604017428265,8.336976731680114,3.1435827820378863,3.1253722012467993,8.492254240289585,4.790522962357949,5.886277404253652
120,Prov. Bali,Kab. Badung,P,D2,37,56.0,12.589222812199786,29.95437534040761,23.458011131318884,22.050045691568535,41.350439798465196,14.091912199901122,15.701467671912667
121,Prov. Bali,Kab. Badung,P,D3,173,2224.0,499.9719916845058,806.4292504194133,721.996652882923,739.2300876413989,729.7386074727864,498.8040130668758,595.6188791806917
122,Prov. Bali,Kab. Badung,P,D4,246,3859.0,867.532336290696,918.7254917902854,807.3429422841222,858.6378217106112,797.6354950723439,945.1767381350259,877.1783484043606
123,Prov. Bali,Kab. Badung,P,Profesi,1333,1764.0,396.5605185842932,2916.2385821482862,2131.117096790287,2038.795414864844,1793.8564890744285,1810.2100159549777,1990.549661684581
124,Prov. Bali,Kab. Badung,P,S1,3895,19875.0,4468.050060579834,3972.512917624045,3496.4001803312467,3488.3551079880344,3685.4283639400765,3871.6958144082937,3745.3661803567597
125,Prov. Bali,Kab. Badung,P,S2,446,1315.0,295.6219285364771,554.311206578472,522.0619643223075,517.2169294778233,508.3531643815563,406.8738266728069,449.44477741164576
126,Prov. Bali,Kab. Badung,P,S2 Terapan,10,88.0,19.78306441917109,45.49661093483051,36.80600704799754,31.186707743633505,41.49411387441361,25.750350850395442,29.490706511353135
127,Prov. Bali,Kab. Badung,P,S3,106,355.0,79.80668032733793,76.60599588641416,73.93918938436035,95.68829960344954,74.45118405713062,78.13110323996082,64.53450746738586
128,Prov. Bali,Kab. Badung,P,Sp-1,128,601.0,135.10933768092985,135.35722974238294,140.09875491459087,189.43743059051738,140.09693633453324,144.45769250626518,149.4860060525063
129,Prov. Bali,Kab. Bangli,L,S1,79,336.0,75.53533687319872,54.39675303905556,46.86059881354755,46.31587533744039,50.72972918952521,49.31549794671811,39.62041871657593
130,Prov. Bali,Kab. Bangli,P,S1,151,659.0,148.14817559356533,124.23055167912695,108.60392060129881,109.453401824814,125.55410384167337,104.44161133534561,90.04972536172666
131,Prov. Bali,Kab. Buleleng,L,D3,39,162.0,36.418823135292236,49.938683791152535,42.593465467979975,42.6596057572199,42.612958497092556,35.0264445889125,36.573153535048554
132,Prov. Bali,Kab. Buleleng,L,D4,70,292.0,65.64380466361317,57.18330691599636,51.319453536647686,55.320773779122845,52.161292165975446,35.85255251221797,40.16088767402406
133,Prov. Bali,Kab. Buleleng,L,Profesi,5424,4654.0,1046.2543387138894,7664.237776309235,5579.763806578803,5523.947053789378,6138.179241634864,4241.310485864436,4059.141423930115
134,Prov. Bali,Kab. Buleleng,L,S1,1183,7197.0,1617.9399389178902,1243.8659829357393,1124.0946448112823,1151.0355431266528,1317.5751835630942,1349.8358377211139,1108.3858177953794
135,Prov. Bali,Kab. Buleleng,L,S2,219,863.0,194.0089158380074,296.3768560696771,282.51545570274556,281.66264635376086,271.986115236378,216.37264527737238,235.65544724726095
136,Prov. Bali,Kab. Buleleng,L,S3,27,287.0,64.5197669125239,51.85399882875154,51.271601828491946,67.60049154891409,50.7207079620684,49.83845471263735,55.94269866033524
137,Prov. Bali,Kab. Buleleng,P,D3,129,354.0,79.58187277712007,121.0058728172197,107.13291396515092,109.89936279258875,92.99745351294605,92.15182131073342,106.46679770203907
138,Prov. Bali,Kab. Buleleng,P,D4,77,276.0,62.046883860127515,59.11633709542397,54.2559903443084,59.21875308087754,57.03371423575534,46.71189085364697,56.09846533873791
139,Prov. Bali,Kab. Buleleng,P,Profesi,11344,9683.0,2176.811508759474,17479.917287891956,12686.056373815074,12528.738250652275,13740.247382953325,8876.051248556918,9064.316257163693
140,Prov. Bali,Kab. Buleleng,P,S1,2251,11943.0,2684.876572251822,2384.3193939205803,2162.2211379803402,2239.134578907267,2354.856882794292,2607.374461688293,2213.871840272046
141,Prov. Bali,Kab. Buleleng,P,S2,311,1058.0,237.8463881304888,408.4444039874547,399.0555746371265,405.43747906857175,338.7442821177239,309.9004264971894,402.37716564610855
142,Prov. Bali,Kab. Buleleng,P,S3,28,241.0,54.17861960250265,47.70080395542889,47.75848686034112,63.39936891046357,41.63100756997192,47.93927667231706,45.64702791595388
143,Prov. Bali,Kab. Gianyar,L,D3,91,217.0,48.78323839727417,69.29748764965963,63.35667211445544,67.61216860245311,57.210934367283485,57.621306525153095,52.04775792551912
144,Prov. Bali,Kab. Gianyar,P,D3,78,175.0,39.34132128812433,61.671936135386034,56.31972276744007,60.10271152403995,53.2437885881057,48.94134900818814,45.25235567370931
145,Prov. Bali,Kab. Jembrana,L,D3,101,211.0,47.434393095967046,62.08634628055141,56.607163687385714,58.05173479975415,48.66925152339543,40.81656987156409,39.50019456810772
146,Prov. Bali,Kab. Jembrana,L,S1,13,52.0,11.689992611328373,10.639953708414376,9.942874408840765,10.637189368799875,14.750340652538013,10.050979240802638,8.690944813115745
147,Prov. Bali,Kab. Jembrana,P,D3,64,160.0,35.96920803485653,56.20936421958578,52.39310760851349,55.286904678398045,57.68606589003848,34.955710343685055,40.38222454394543
148,Prov. Bali,Kab. Jembrana,P,S1,22,65.0,14.612490764160466,14.452234993610896,13.428431308232147,14.285907557953022,20.00630076912432,13.199819464103003,14.350593327593316
149,Prov. Bali,Kab. Karang Asem,L,S1,115,390.0,87.67494458496279,69.45605504209202,58.338747264950065,59.48513921596609,70.86516964321441,60.58740475173598,56.42214599156016
150,Prov. Bali,Kab. Karang Asem,P,S1,241,751.0,168.83047021360784,164.7358575483019,142.7641532413964,151.48977569732347,135.3989834568254,146.77007425923782,128.86599256683297
151,Prov. Bali,Kab. Tabanan,L,D3,16,61.0,13.713260563289053,20.111747157267924,17.649774939579018,18.608771777209345,20.861053046097535,14.703827915828008,19.97806281877988
152,Prov. Bali,Kab. Tabanan,L,D4,5,55.0,12.364415261981932,10.932189305222241,9.157530535544494,9.70759332522486,12.200850750011181,13.220177886199355,11.135873232994294
153,Prov. Bali,Kab. Tabanan,L,Profesi,711,382.0,85.87648418321997,625.0167687932458,459.12512969874643,466.47565962750394,483.11559672271943,409.49602306635256,400.0173846552243
154,Prov. Bali,Kab. Tabanan,L,S1,199,861.0,193.5593007375717,147.14007006097054,123.35479718060512,123.1579115942071,139.99033682094247,149.67609135564967,139.55248512074604
155,Prov. Bali,Kab. Tabanan,P,D3,32,118.0,26.52729092570669,41.38635119767192,35.88719411759927,37.33675364730392,42.33696293709889,38.6098423452209,40.45140779364021
156,Prov. Bali,Kab. Tabanan,P,D4,5,87.0,19.558256868953237,17.74822318780751,14.535301821133636,15.008193960965254,21.151645874414594,13.756493267960323,12.416524199843112
157,Prov. Bali,Kab. Tabanan,P,Profesi,1892,996.0,223.9083200169819,1782.5725645719263,1304.5275792759846,1321.1792279934648,1236.3473408821017,1315.048224043678,1380.2192345080798
158,Prov. Bali,Kab. Tabanan,P,S1,198,772.0,173.55142876818275,150.76529527947062,128.1570429063791,129.94943019444736,139.88260921117123,160.57577786165706,163.2894010698309
159,Prov. Bali,Kota Denpasar,L,D3,371,1620.0,364.18823135292234,426.9457112965142,434.40077275708535,442.6174692055593,419.59156053369776,388.70840211146526,410.48517529917143
160,Prov. Bali,Kota Denpasar,L,D4,327,1681.0,377.9014919162114,278.285012191792,279.7468876277485,294.81208306985326,268.119122317059,324.5740605422377,271.3898582922829
161,Prov. Bali,Kota Denpasar,L,Profesi,2336,1603.0,360.3665029992189,2300.034678785087,1999.0647423613566,2021.408817546589,1417.1044635307567,1348.966311684938,1463.3067591726256
162,Prov. Bali,Kota Denpasar,L,S1,5126,35608.0,8004.947248157321,5188.766583235928,5108.989732246244,5027.86128024334,5535.413945541768,6235.880360937932,5512.5797090669585
163,Prov. Bali,Kota Denpasar,L,S2,595,2060.0,463.1035534487778,674.0408104509887,730.5470290757809,734.6273823642337,694.0587241468793,650.9681489232283,674.8807284219748
164,Prov. Bali,Kota Denpasar,L,S2 Terapan,9,32.0,7.193841606971306,14.894257675035977,14.486379007075266,13.147387802830748,20.4505085156535,9.242991765964327,8.324335662580832
165,Prov. Bali,Kota Denpasar,L,S3,43,442.0,99.36493719629117,77.36347153254425,87.05164704588765,116.18644888707826,72.89113981340235,88.21066306511459,88.5104602963428
166,Prov. Bali,Kota Denpasar,P,D3,775,2366.0,531.8946638154409,755.3075770957295,786.5726219432665,827.4700599114485,731.3075382097833,604.6546733968961,709.4499628029319
167,Prov. Bali,Kota Denpasar,P,D4,1036,3628.0,815.6017921903718,767.5878924527999,792.7652545085913,873.2065267676022,735.1889166079875,933.4237805882966,866.0531033974454
168,Prov. Bali,Kota Denpasar,P,Profesi,5054,3193.0,717.8105078456057,5136.084724916804,4479.631717655714,4555.6751440491435,2759.185826559737,4534.582877477957,5557.0658759772505
169,Prov. Bali,Kota Denpasar,P,S1,5950,31884.0,7167.763931146035,5679.363308240335,5725.707717140907,5828.894424824622,6361.124268345005,6081.024469338828,6209.496525851806
170,Prov. Bali,Kota Denpasar,P,S2,465,1458.0,327.76940821763014,562.3990772971996,620.8274801490725,639.4344113612694,526.9676904452654,452.86982330520095,514.8038439325325
171,Prov. Bali,Kota Denpasar,P,S2 Terapan,9,20.0,4.496151004357066,10.115425211144608,9.782349520001956,8.828571169876142,11.649509136006236,10.110723345427536,9.450821524078837
172,Prov. Bali,Kota Denpasar,P,S3,22,187.0,42.03901189073857,36.38392680945968,40.98098150701107,54.84150848872915,31.895763031771406,29.24399326007018,23.771795886224737
173,Prov. Bangka Belitung,Kab. Bangka,L,D2,3,4.0,0.9403737448071743,1.8991405036998765,1.5967760181454236,1.458642404593691,1.6242270134185866,1.6463083345370395,1.5601388693624367
174,Prov. Bangka Belitung,Kab. Bangka,L,D3,281,485.0,114.02031655786988,132.48544443442574,126.96170831796003,138.0555619340095,117.03799919062207,125.1211556405432,113.23019358082117
175,Prov. Bangka Belitung,Kab. Bangka,L,D4,171,604.0,141.9964354658833,103.57027452950817,102.4071155781731,115.70388862232029,95.0151263843113,89.81292485312647,77.79704806992602
176,Prov. Bangka Belitung,Kab. Bangka,L,S1,560,5089.0,1196.3904968309275,881.9982547567315,840.7863356164503,890.3254178742689,820.2312217145886,749.9069081650285,687.9509551176352
177,Prov. Bangka Belitung,Kab. Bangka,L,S2,68,173.0,40.67116446291029,56.27431114179059,56.267136396742956,57.409674101727845,52.057894999885214,57.46970919917189,59.10844611840066
178,Prov. Bangka Belitung,Kab. Bangka,P,D2,15,24.0,5.642242468843046,12.353844107797363,10.363657779776583,9.477165984538532,10.280450992043544,7.554432522010647,9.522478002191203
179,Prov. Bangka Belitung,Kab. Bangka,P,D3,138,309.0,72.64387178635421,100.4086600210074,95.47052151813926,102.95917555816405,88.91574954902856,73.13077888967481,83.10974958278094
180,Prov. Bangka Belitung,Kab. Bangka,P,D4,83,237.0,55.71714437982508,45.927976013811104,45.65287443491017,52.015608600735064,47.96051774186825,43.8881454497237,41.678516685476794
181,Prov. Bangka Belitung,Kab. Bangka,P,S1,1085,7777.0,1828.3216533413486,1502.7642788778428,1444.2719444681184,1547.9983736253114,1537.1341533628004,1392.635969360216,1407.9354170489692
182,Prov. Bangka Belitung,Kab. Bangka,P,S2,55,147.0,34.55873512166365,55.66947778240445,56.884569294367,59.58696319580367,49.0670390585008,41.25935856209668,36.75699822024992
183,Prov. Bangka Belitung,Kab. Bangka Tengah,L,D3,20,93.0,21.8636895667668,28.585667719516316,26.34429221444964,27.516726641604265,20.88185134633277,29.76035952952968,27.353196231632506
184,Prov. Bangka Belitung,Kab. Bangka Tengah,P,D3,167,870.0,204.5312894955604,299.3915349539335,278.2903646543512,294.3180173593847,209.44990332755114,178.2655550328866,217.22789180295914
185,Prov. Bangka Belitung,Kota Pangkalpinang,L,D3,2,8.0,1.8807474896143486,2.165961217182357,2.0176774063383625,2.081287510351758,2.0390423317521496,3.2122088725020284,2.87028135872022
186,Prov. Bangka Belitung,Kota Pangkalpinang,L,Profesi,20,25.0,5.8773359050448395,31.675668247922804,27.97576941273786,27.93698288170013,25.640807845663435,18.62387726728609,20.06825450869219
187,Prov. Bangka Belitung,Kota Pangkalpinang,L,S1,409,2752.0,646.977136427336,387.8687108719604,350.10082874494634,343.37217483488087,374.73750010239405,363.55789938679504,356.125268170522
188,Prov. Bangka Belitung,Kota Pangkalpinang,L,S2,102,215.0,50.545088783385616,70.69819327443432,72.46888474437684,74.50730609487461,71.52525930943543,70.47406192005738,72.76387942540742
189,Prov. Bangka Belitung,Kota Pangkalpinang,P,D3,32,55.0,12.930138991098646,11.539549575952556,9.579841685088814,8.782482586608785,13.337912556327062,14.106148879868275,16.670783835431934
190,Prov. Bangka Belitung,Kota Pangkalpinang,P,Profesi,98,123.0,28.916492652820608,174.9805171829348,156.02164775132434,157.91799505951346,134.26933366497678,108.13669261943448,119.0316885635111
191,Prov. Bangka Belitung,Kota Pangkalpinang,P,S1,698,3920.0,921.5662699110308,672.2111642449091,628.4925258726997,641.8161545034326,653.7559867636268,646.6676734624475,708.1742546435423
192,Prov. Bangka Belitung,Kota Pangkalpinang,P,S2,79,174.0,40.906257899112084,64.52845418551665,66.87808055097021,69.80163056063192,64.48325192559558,60.13626542807697,66.70116832297377
193,Prov. Banten,Kab. Lebak,L,D3,67,98.0,26.90511866636734,24.938747802453765,22.234990613884683,22.381100946383643,23.875811140410928,20.187560914744413,22.089575982748055
194,Prov. Banten,Kab. Lebak,L,S1,442,2687.0,737.6944271074392,355.8232475140027,363.2309502277413,359.2311030552379,308.2990482072923,345.46551254862635,328.5571388272552
195,Prov. Banten,Kab. Lebak,L,S2,17,70.0,19.2179419045481,14.569685070682262,16.094651108384383,15.680006047077082,20.039326887736223,13.825191395221484,15.660080128532796
196,Prov. Banten,Kab. Lebak,P,D3,118,235.0,64.51737639384005,72.18288581968497,63.32072364377623,65.87503548027435,75.99317295603086,63.17880846791086,60.31625404583823
197,Prov. Banten,Kab. Lebak,P,S1,742,3167.0,869.4746001671977,512.8767271658387,512.6541945262948,524.263122383176,487.79756762001404,490.18330141451327,498.4305605466201
198,Prov. Banten,Kab. Lebak,P,S2,4,16.0,4.39267243532528,3.869966577818385,4.269194148396535,4.2917947486393,4.700660131436818,2.124369178467912,2.3306327137447673
199,Prov. Banten,Kab. Pandeglang,L,S1,592,4968.0,1363.9247911684995,554.5457795311532,608.6257720240345,592.1525403165774,489.3297562146748,556.1978481200755,629.9260182200975
200,Prov. Banten,Kab. Pandeglang,L,S2,35,252.0,69.18459085637316,51.60074654139304,57.65654061118708,55.63166869604517,78.5180127299561,41.86895049544535,37.58025197886913
201,Prov. Banten,Kab. Pandeglang,P,S1,840,5462.0,1499.5485526091675,796.9210374128629,834.0983650949496,841.6017748950126,613.4991730781593,669.5971371670523,681.9510163686319
202,Prov. Banten,Kab. Pandeglang,P,S2,20,110.0,30.1996229928613,26.33347424796933,29.314304414493453,29.193979128966898,35.59785753758755,17.437123717225557,23.184917745310326
203,Prov. Banten,Kab. Serang,L,D3,218,1074.0,294.8581372212094,299.58771876526663,272.01637817066023,268.3191443626404,232.13526246979467,243.180022600097,204.88655428797932
204,Prov. Banten,Kab. Serang,L,D4,10,317.0,87.02982262488212,59.17443511913002,56.91008649825822,59.742004804298105,42.20937301057883,74.50395330993838,67.82466935150183
205,Prov. Banten,Kab. Serang,L,Profesi,1226,1277.0,350.5901687443989,1804.231604961308,1489.6269703145713,1400.194567527251,1552.4253568934048,1727.6689240878757,1523.8760161585317
206,Prov. Banten,Kab. Serang,L,S1,2441,15507.0,4257.32321591182,2420.385709802273,2442.0309252981747,2375.064832167644,2030.668956173678,2316.079207710931,2130.9472127499457
207,Prov. Banten,Kab. Serang,L,S2,149,606.0,166.37246848794499,201.4426252385304,195.61659589710152,189.7586928155533,172.11480894648068,166.2532726475679,158.3372281381997
208,Prov. Banten,Kab. Serang,L,S3,17,127.0,34.86683745539441,21.95127471780696,21.719722194607712,27.59185214366875,18.206178514346234,20.51203636038456,16.604805069929863
209,Prov. Banten,Kab. Serang,P,D3,343,1430.0,392.59509890719687,439.5688160155301,407.09729535252364,413.3873680177032,372.7176608450448,334.7463758704991,381.9447559621105
210,Prov. Banten,Kab. Serang,P,D4,15,472.0,129.58383684209576,100.03524485938551,96.95545283019895,104.9206515593144,88.95307584675162,116.64369878912532,110.46955628416221
211,Prov. Banten,Kab. Serang,P,Profesi,4721,4748.0,1303.5255451827768,7584.58145206956,6321.100684127424,6123.847651273856,7963.744546646379,5421.936302660976,5761.176644194416
212,Prov. Banten,Kab. Serang,P,S1,4183,21260.0,5836.763498438466,4177.226002742067,4080.8671532163526,4108.935162295447,3915.3650951426557,4001.7324458287367,3786.3148031572155
213,Prov. Banten,Kab. Serang,P,S2,221,512.0,140.56551793040896,199.5182074976354,192.82165226993465,193.08208378763453,138.1783338498648,162.27301115298306,181.71262737810986
214,Prov. Banten,Kab. Serang,P,S3,23,127.0,34.86683745539441,25.24703150197823,25.047776702135966,32.81958776581317,18.35373401089156,20.608972152629782,20.020566052418797
215,Prov. Banten,Kab. Tangerang,L,D3,504,1892.0,519.4335154772143,425.68277315247514,398.17212990880535,410.5034733531393,489.8025792326348,344.96970771262664,369.64333527321065
216,Prov. Banten,Kab. Tangerang,L,D4,154,435.0,119.42578183540604,77.94123131045295,72.1067387167989,79.71092879886228,65.29839160130197,92.05286388329769,90.2035892176065
217,Prov. Banten,Kab. Tangerang,L,Profesi,155,112.0,30.74870704727696,144.0729900191931,116.81785440279101,115.37039405193056,127.04224120585087,101.89207626419524,145.9123677964097
218,Prov. Banten,Kab. Tangerang,L,S1,1982,11077.0,3041.1020353811327,1543.58177925697,1540.9096416576654,1573.4023157203867,1611.8913534430337,1999.7968643177198,1849.1404934527025
219,Prov. Banten,Kab. Tangerang,L,S2,154,895.0,245.71511435100786,218.25180755917785,226.52047238329033,228.76090578920744,259.88124160150153,219.38314018533032,270.99576133052255
220,Prov. Banten,Kab. Tangerang,L,S3,16,157.0,43.10309827162931,15.954701347263798,18.400929369998686,24.107386744823444,24.524881475547087,18.70386325946943,19.32183662644029
221,Prov. Banten,Kab. Tangerang,P,D3,323,997.0,273.7184011262065,244.6542098808102,234.28042135919387,248.56336437539,283.91005516013894,225.70089325231575,243.95684892236113
222,Prov. Banten,Kab. Tangerang,P,D4,39,285.0,78.24447775423155,57.003880365971966,53.500599500942066,60.92360179955777,52.85225207133555,42.940445126294726,41.520091684184976
223,Prov. Banten,Kab. Tangerang,P,Profesi,204,135.0,37.06317367305705,199.28156139872658,162.15964130772147,165.16706658351558,204.41505492339354,123.17590803286774,144.5011941952203
224,Prov. Banten,Kab. Tangerang,P,S1,3012,13089.0,3593.4805941232867,2288.8388451637406,2213.4829398708416,2340.0337426843844,2479.6471606282275,2907.18561665691,2397.4201238982323
225,Prov. Banten,Kab. Tangerang,P,S2,105,506.0,138.91826576716198,151.94878677874132,153.95358200688952,160.82923212153753,195.17651871103797,148.27614634185284,183.1906681011027
226,Prov. Banten,Kab. Tangerang,P,S3,7,43.0,11.80530716993669,4.9681162308730125,5.771285660682903,7.794829456204462,7.176765630238206,8.983598527775227,8.769250571701859
227,Prov. Banten,Kota Cilegon,L,D3,116,484.0,132.8783411685897,132.90336933554985,111.67846243859204,113.39165576178843,127.72454841681103,139.86447415765096,122.38549798263871
228,Prov. Banten,Kota Cilegon,L,D4,10,231.0,63.41920828500873,39.983485473152776,36.418293027158846,39.2556509618322,34.60758905698705,43.36546830687901,34.72404912025229
229,Prov. Banten,Kota Cilegon,L,S1,228,2176.0,597.4034512042381,270.9051850115893,275.1641255861415,272.8797478205496,254.1685167306997,235.78084060535306,227.9823383519819
230,Prov. Banten,Kota Cilegon,P,D3,33,161.0,44.20126638046063,41.492843308740596,37.85861758788154,39.30544318391317,39.92628884081858,47.32498454830922,46.70524842681742
231,Prov. Banten,Kota Cilegon,P,D4,5,103.0,28.27782880240649,20.503244034799813,18.661493793686322,20.767311173096925,20.26324309680374,18.359571529154923,15.621688277114943
232,Prov. Banten,Kota Cilegon,P,S1,367,2040.0,560.0657355039732,317.05737662089336,312.6445103885325,320.9266805451683,276.11708984330323,255.73855913026537,292.86588516033385
233,Prov. Banten,Kota Serang,L,D3,115,567.0,155.6653294268396,115.91544118586748,113.36393953651832,113.16530099497164,126.61497191851814,152.0654045867004,135.65850258591772
234,Prov. Banten,Kota Serang,L,D4,26,111.0,30.47416502006913,19.85076511660143,18.50784342720939,19.889664174044594,17.158786322100056,17.977604191190068,17.573154696382062
235,Prov. Banten,Kota Serang,L,Profesi,559,463.0,127.11295859722529,678.009424274386,526.2050024087603,508.04553187260956,498.8484748142672,459.2452501385096,496.0227820507598
236,Prov. Banten,Kota Serang,L,S1,1996,17564.0,4822.056165878326,2379.9895783884044,2424.853183155878,2402.713435692514,2047.7817853709746,2310.462654362679,2110.577098783959
237,Prov. Banten,Kota Serang,L,S2,243,849.0,233.08618109944766,257.101651269561,246.85835151682986,244.6209658503475,268.43614635518765,239.11871782901753,246.89864823596383
238,Prov. Banten,Kota Serang,L,S3,13,128.0,35.14137948260224,18.468630472717777,18.697633918556882,24.17389079859154,21.873209102000573,22.463597449104373,17.32580072836657
239,Prov. Banten,Kota Serang,P,D3,956,2431.0,667.4116681422347,634.8498280482345,597.4639421288882,617.9151857600827,772.0471854642486,506.10104457741255,525.7854584318593
240,Prov. Banten,Kota Serang,P,D4,104,550.0,150.9981149643065,111.46609239944235,104.81004837198061,116.10160638337146,98.51984973953155,126.7907075327578,90.90845769244689
241,Prov. Banten,Kota Serang,P,Profesi,1396,844.0,231.71347096340853,1302.2254072414712,1048.775135070325,1040.509567406972,791.0319965809344,998.908627057223,1134.9851047443296
242,Prov. Banten,Kota Serang,P,S1,3349,20386.0,5596.813766658823,3563.4313100270633,3480.0338770370813,3574.125076580294,3582.474832872825,3704.4666242318594,3744.7821513196445
243,Prov. Banten,Kota Serang,P,S2,205,557.0,152.9199091547613,202.89477206255185,191.93340871906412,196.54547898856518,203.60170498172897,199.15196128933863,212.12448409500556
244,Prov. Banten,Kota Serang,P,S3,3,34.0,9.33442892506622,6.275811253460761,6.110528244496583,8.185489760547574,6.182489582568367,5.615823607573164,4.040845048799224
245,Prov. Banten,Kota Tangerang,L,D3,93,466.0,127.93658467884877,130.91293945446776,119.03916749628665,120.00022054459873,112.68124765269935,116.19137561763934,122.86312109676214
246,Prov. Banten,Kota Tangerang,L,Profesi,69,105.0,28.82691285682215,96.78278776458336,94.8298772011942,89.43398972305114,130.56141276758572,69.45480491202858,79.83942355202764
247,Prov. Banten,Kota Tangerang,L,S1,2437,17946.0,4926.931220271717,2384.4860062275093,2573.992465522542,2539.9660399178847,2250.6523985233375,2219.742434861819,2206.952462864469
248,Prov. Banten,Kota Tangerang,L,S2,596,1819.0,499.39194749104274,536.1571957874258,547.887594331397,540.270280380307,584.9246762008396,514.4796501482737,565.6402703297672
249,Prov. Banten,Kota Tangerang,L,S3,5,62.0,17.02160568688546,10.834635696171198,10.715849526273795,13.915674615405045,9.937295828049294,9.054940970990982,7.349863940976639
250,Prov. Banten,Kota Tangerang,P,D3,211,597.0,163.9015902430745,166.0885695066384,160.57260103802477,165.89485233643975,156.10098144122102,160.40798897842635,161.19164697883537
251,Prov. Banten,Kota Tangerang,P,Profesi,459,631.0,173.23601916814073,672.1154872346169,659.0981530446202,641.2574237260031,932.8172604231249,602.7438974954521,586.6869199542583
252,Prov. Banten,Kota Tangerang,P,S1,3489,18285.0,5020.000967495172,3154.5200366996773,3256.3361303121537,3331.317561836122,3196.646450743894,2785.708276833569,3247.151858664777
253,Prov. Banten,Kota Tangerang,P,S2,312,868.0,238.30247961639643,307.6248459828846,309.76086629808424,315.6496295921173,334.8198885778487,263.0891684525483,253.82691763577566
254,Prov. Banten,Kota Tangerang,P,S3,5,27.0,7.41263473461141,5.381839695272395,5.35451713190448,7.169381774750916,4.205926760044473,6.341987823343489,4.603912568180343
255,Prov. Banten,Kota tangerang Selatan,L,D3,1913,12694.0,3485.036493376194,1826.7976127565478,2128.4897179658406,2057.7487756020964,1445.5883761709433,2403.1616932848133,2411.6693663484116
256,Prov. Banten,Kota tangerang Selatan,L,D4,580,5183.0,1422.9513270181828,720.6727422246382,769.9286007524698,804.7174239891647,899.4505537859955,954.5911534606104,773.1855880887674
257,Prov. Banten,Kota tangerang Selatan,L,Profesi,2998,1779.0,488.4102664027296,2140.1083958167555,1862.617814426897,1753.1170511398457,2648.0290986906507,2279.230871051648,2218.6895519313302
258,Prov. Banten,Kota tangerang Selatan,L,S1,32072,798816.0,219308.5640060499,77046.06660905757,93110.0899391667,89393.83613375663,65934.25412126408,9041.634971826526,12587.697003849404
259,Prov. Banten,Kota tangerang Selatan,L,S2,1138,8238.0,2261.6772201381036,1851.33641653703,2074.391402979528,1995.2433259310817,2020.1421666668762,1492.244051222223,1807.5320862030726
260,Prov. Banten,Kota tangerang Selatan,L,S3,54,458.0,125.74024846118614,67.41818607755283,70.3131040268276,89.44236948428906,76.73893428386401,92.34808601463435,85.21997884968998
261,Prov. Banten,Kota tangerang Selatan,P,D3,2148,12990.0,3566.3009334297117,2448.620397699959,2718.578687210592,2725.872330965253,2470.1112853223776,2545.702770102466,2774.272394314842
262,Prov. Banten,Kota tangerang Selatan,P,D4,659,6574.0,1804.8392868642743,1071.6916173709503,1139.33532515462,1229.2641589146028,1455.6302037546411,1385.9752375242836,1177.9371809761158
263,Prov. Banten,Kota tangerang Selatan,P,Profesi,6751,3146.0,863.7092175958331,4425.434287444013,3837.005473505459,3727.546483561398,4627.924990048271,4321.238569208802,5148.029529324769
264,Prov. Banten,Kota tangerang Selatan,P,S1,63535,925989.0,254222.8972321513,115219.55625292384,133494.14778016967,132836.3739043917,100972.79421249195,9735.846469847293,16247.26328715817
265,Prov. Banten,Kota tangerang Selatan,P,S2,910,5440.0,1493.5086280105952,1585.9375953507454,1699.7109367409985,1694.9007453993597,1647.5339449034013,1211.5775452187831,1530.3491213210211
266,Prov. Banten,Kota tangerang Selatan,P,S3,14,171.0,46.94668665253893,31.016991017112616,31.57127302936268,41.54434257174195,31.503592274672684,26.701577553558273,22.712580397137856
267,Prov. Bengkulu,Kab. Bengkulu Selatan,L,S1,8,149.0,40.906762053966666,22.549615849592897,20.15685934933588,20.262145882558762,22.282836213558024,18.85222702201955,25.962392231959747
268,Prov. Bengkulu,Kab. Bengkulu Selatan,P,D3,26,51.0,14.00164338759933,15.681626298379152,12.678290709838786,13.333527416379171,17.116031468876262,12.334545311133525,12.971039054130726
269,Prov. Bengkulu,Kab. Bengkulu Selatan,P,S1,70,392.0,107.62047466546936,75.47287262285614,65.02456401397545,67.70849945148767,84.99452022791445,45.170531753645975,52.5073527430572
270,Prov. Bengkulu,Kab. Muko-muko,L,S1,14,61.0,16.74706365967763,8.326814293342508,7.1278705671303575,7.29343037024791,8.69394716471925,14.014829828198629,15.334015869927471
271,Prov. Bengkulu,Kab. Muko-muko,P,S1,18,86.0,23.61061433987338,14.76393474436792,12.236123568716557,12.963019860284922,19.577766927015524,15.090095400688384,15.604755124179224
272,Prov. Bengkulu,Kab. Rejang Lebong,L,D2,24,45.0,12.35439122435235,22.015896654415865,14.978267264889858,12.648658219482936,24.55608197481585,12.955654267311974,16.097697438267442
273,Prov. Bengkulu,Kab. Rejang Lebong,L,D3,91,497.0,136.4473875222915,124.13648061810825,107.30622393209718,104.5476217445874,107.62767384994575,125.86882547549948,129.3590010567451
274,Prov. Bengkulu,Kab. Rejang Lebong,L,Profesi,717,196.0,53.81023733273468,186.03949204957337,163.59716628210253,150.05404899706807,109.31320842937195,153.48266638187079,169.45671632788697
275,Prov. Bengkulu,Kab. Rejang Lebong,L,S1,275,1938.0,532.0624487287745,267.932887807515,259.03075865180705,248.5654080232964,173.09167666855737,237.71863688078477,213.10695436116154
276,Prov. Bengkulu,Kab. Rejang Lebong,L,S2,34,126.0,34.59229542818658,37.84321837730458,34.85027969893671,33.407595320200535,34.4543262374257,42.54074303743544,42.5146656632764
277,Prov. Bengkulu,Kab. Rejang Lebong,L,S3,4,23.0,6.31446662578009,4.5507496947454715,3.8920604941198373,4.935446415649448,15.803013626871655,4.7210787665212335,4.0641393606391665
278,Prov. Bengkulu,Kab. Rejang Lebong,P,D2,15,41.0,11.25622311552103,22.27396717609432,16.004871753397573,13.77232443143345,49.42937794956907,13.920926567847395,17.780961899903648
279,Prov. Bengkulu,Kab. Rejang Lebong,P,D3,61,276.0,75.77359950936108,80.75247741407581,69.49116792807202,69.88677333604916,69.63395583412061,61.3256328471689,65.19890943368856
280,Prov. Bengkulu,Kab. Rejang Lebong,P,Profesi,706,400.0,109.81681088313199,431.4108440178259,382.19964079793726,361.3891753955357,230.52331475425686,249.68377829753183,313.0708537630756
281,Prov. Bengkulu,Kab. Rejang Lebong,P,S1,731,4159.0,1141.8202911573649,743.8525116626179,688.3127662962507,684.7595186331096,626.467358957834,746.9030587665216,784.7036853631453
282,Prov. Bengkulu,Kab. Rejang Lebong,P,S2,41,123.0,33.76866934656309,42.65815731304183,39.32848834510349,38.89172432307506,42.9252401333373,42.638340439660816,42.7404927229846
283,Prov. Bengkulu,Kab. Rejang Lebong,P,S3,8,22.0,6.03992459857226,4.300007478623759,3.91392355862967,5.0860732610780035,4.622059011467074,4.649752998496018,3.043998311053066
284,Prov. Bengkulu,Kota Bengkulu,L,D3,185,793.0,217.7118275758092,222.2919720550571,199.12970574346903,198.27168855003174,185.44641771173428,176.65713052932324,156.38710856795456
285,Prov. Bengkulu,Kota Bengkulu,L,D4,46,180.0,49.4175648974094,34.627589246838106,33.222819777109216,35.03704993032264,25.656096046446542,29.32458664058014,29.807858289760613
286,Prov. Bengkulu,Kota Bengkulu,L,Profesi,2478,2419.0,664.1171638157408,1459.1761927884463,1697.4488554045279,1543.8528455946298,2745.4917257724296,1704.454880626761,1437.2814211115387
287,Prov. Bengkulu,Kota Bengkulu,L,S1,3235,22841.0,6270.8144434540445,3624.751569927816,3587.4200008258226,3524.7973376217615,3425.309441803358,3468.664561542049,3161.128540461267
288,Prov. Bengkulu,Kota Bengkulu,L,S2,428,1299.0,356.6300933429712,430.78371915197243,422.6671618520777,411.33362686452347,439.5402407186784,360.3131688409809,366.2287512384032
289,Prov. Bengkulu,Kota Bengkulu,L,S3,54,251.0,68.91004882916533,39.659601665625814,41.02964613446074,52.09636240913682,41.029582859031386,35.00029154418395,33.41956728039269
290,Prov. Bengkulu,Kota Bengkulu,P,D3,1378,4577.0,1256.578858530238,1498.9485030376231,1317.1554558975831,1359.5581680542725,1310.131704583684,984.7719040211294,999.2839868809763
291,Prov. Bengkulu,Kota Bengkulu,P,D4,334,1452.0,398.63502350576914,307.69087772454344,301.0512290477685,326.86618924582734,224.53971497137223,306.21064908260325,257.63782060563955
292,Prov. Bengkulu,Kota Bengkulu,P,Profesi,7778,7477.0,2052.750737432945,5035.668598429916,5942.399304452586,5567.48677623325,8568.623423613994,6661.554527808608,6869.139899152112
293,Prov. Bengkulu,Kota Bengkulu,P,S1,5646,29747.0,8166.801683351319,5846.787416288536,5589.179907589536,5695.335684634735,5906.7490081766255,4387.056831998873,4941.807526780345
294,Prov. Bengkulu,Kota Bengkulu,P,S2,586,1647.0,452.170718811296,646.5347737819134,628.9250144007219,632.0687062777719,554.2360825360074,494.95870543783786,554.008382434753
295,Prov. Bengkulu,Kota Bengkulu,P,S3,32,162.0,44.47580840766846,31.56416516861105,31.860635745048395,41.84948882692307,25.47849654378583,24.624413967975432,20.16440250952119
296,Prov. D.I. Yogyakarta,Kab. Bantul,L,D1,17,40.0,10.9816810883132,18.407399157461857,9.659685766910517,8.390575931340676,11.045307573472021,14.537694779752458,17.165404121658618
297,Prov. D.I. Yogyakarta,Kab. Bantul,L,D3,400,2170.0,595.7561990409911,449.0625158581832,483.27347415285715,467.0475755953104,405.89295089296616,370.6128550615106,458.538149828278
298,Prov. D.I. Yogyakarta,Kab. Bantul,L,D4,194,1535.0,421.42201176401903,206.44251370643306,233.60081697611588,241.21807027522536,247.0770551112891,287.44644134689656,294.3476675205244
299,Prov. D.I. Yogyakarta,Kab. Bantul,L,Profesi,449,632.0,173.51056119534857,892.3394776308405,777.339750878292,724.9305829121414,794.6146899767031,746.7867783747637,798.7620247766746
300,Prov. D.I. Yogyakarta,Kab. Bantul,L,S1,4690,29836.0,8191.235923772816,4672.151336209297,4921.273863569566,4761.496514672556,4290.731645446526,4396.670625117982,4528.5276202752175
301,Prov. D.I. Yogyakarta,Kab. Bantul,L,S2,268,937.0,257.2458794937367,296.04897346123215,309.3438986972594,297.08794637364883,276.2123896418411,263.5130858457926,256.923621561437
302,Prov. D.I. Yogyakarta,Kab. Bantul,L,S3,26,182.0,49.96664895182506,32.20434710568618,33.304294725108946,42.01919595070453,24.818494672043254,23.69026522421179,24.010994391717958
303,Prov. D.I. Yogyakarta,Kab. Bantul,P,D1,58,133.0,36.51408961864139,72.42398308957806,37.685947042108175,33.804268098935545,51.37439417270271,12.548680891191944,19.95874537165118
304,Prov. D.I. Yogyakarta,Kab. Bantul,P,D3,741,2338.0,641.8792596119065,660.9492782117346,663.9733705701184,667.4786974255395,569.0693657342098,603.6914142425711,582.3955725651571
305,Prov. D.I. Yogyakarta,Kab. Bantul,P,D4,230,1207.0,331.3722268398508,204.215153740076,226.4856634062029,241.31154322081832,231.80536027203595,261.02408989590737,250.35618441282665
306,Prov. D.I. Yogyakarta,Kab. Bantul,P,Profesi,1152,1708.0,468.91778247097363,2672.9169339685122,2368.783000591403,2274.907832168808,1870.4888626134284,2319.7703163100364,2757.559619708211
307,Prov. D.I. Yogyakarta,Kab. Bantul,P,S1,6521,31912.0,8761.185172256271,5927.063788353103,6170.020235797838,6169.4922374901835,6055.753440683177,5274.172776691904,5466.11693131897
308,Prov. D.I. Yogyakarta,Kab. Bantul,P,S2,337,967.0,265.4821403099716,337.31330350756434,359.11800390857786,355.10857347490355,285.7608550034369,268.96062838182837,289.4291328277307
309,Prov. D.I. Yogyakarta,Kab. Bantul,P,S3,15,81.0,22.23790420383423,16.05122847302929,16.8186713474468,21.861686551587663,13.800460792178274,16.240581591919597,13.903308860113354
310,Prov. D.I. Yogyakarta,Kab. Gunung Kidul,L,S1,140,887.0,243.5187781333452,117.22526928214768,113.562886756772,110.42975414250574,106.4014483957295,121.8468579817604,131.2804480462125
311,Prov. D.I. Yogyakarta,Kab. Gunung Kidul,P,S1,180,793.0,217.7118275758092,133.25168766853733,125.99731242233344,126.47611942918213,140.5657915728815,128.52171436332193,137.12823042147556
312,Prov. D.I. Yogyakarta,Kab. Kulon Progo,L,S1,28,320.0,87.8534487065056,61.37362736560675,54.70442107351443,51.82666796812384,81.20657085100464,48.95967866133948,39.83421581603454
313,Prov. D.I. Yogyakarta,Kab. Kulon Progo,P,S1,128,746.0,204.80835229704118,161.53003090434783,145.30825799237778,141.90783740681408,175.45548950140088,145.23667084072343,145.51412985572443
314,Prov. D.I. Yogyakarta,Kab. Sleman,L,D1,352,356.0,97.73696168598748,344.92430348294715,135.92134271614486,120.48684514920852,265.52317954303567,69.29601388612463,86.02644284604476
315,Prov. D.I. Yogyakarta,Kab. Sleman,L,D3,838,3061.0,840.3731452831677,841.4786495352696,807.7798346590238,783.0048657271094,736.4022324859562,619.4395821111387,706.6596571464386
316,Prov. D.I. Yogyakarta,Kab. Sleman,L,D4,1519,10154.0,2787.699744268306,1934.329314838818,1883.6150543287629,1962.0684427340261,1679.545691809386,1983.4563244275903,1786.3551290833338
317,Prov. D.I. Yogyakarta,Kab. Sleman,L,Profesi,11692,12732.0,3495.4690904100917,17810.40155078912,15645.184744709935,14421.462096630019,17559.719328353855,12782.618175237129,13774.031399096339
318,Prov. D.I. Yogyakarta,Kab. Sleman,L,S1,17549,101225.0,27790.516704112593,18492.48668751648,18309.055520153954,17662.505634967423,18276.63269019753,17725.091168617877,18413.462032670657
319,Prov. D.I. Yogyakarta,Kab. Sleman,L,S2,4156,12414.0,3408.1647257580016,4356.740731139207,4389.808914093023,4187.3301767438,4386.345988130683,4168.003530953926,3723.501253023667
320,Prov. D.I. Yogyakarta,Kab. Sleman,L,S3,506,4258.0,1168.99995185094,712.9484884702472,757.3214238368057,942.4697000164712,685.3919700631892,908.1809192166107,728.6948861834358
321,Prov. D.I. Yogyakarta,Kab. Sleman,L,Sp-1,152,752.0,206.45560446028816,161.63654817643078,178.32961555571868,224.22830361402742,165.58749403720856,150.2671214985009,160.13230337240515
322,Prov. D.I. Yogyakarta,Kab. Sleman,L,Sp-2,46,96.0,26.356034611951678,31.745690649343082,36.43697249000199,32.54510836140632,71.60175628126804,26.59816215362124,27.28517686584973
323,Prov. D.I. Yogyakarta,Kab. Sleman,P,D1,249,250.0,68.6355068019575,266.07339485634196,107.04125228131636,97.67651207752091,208.45172069877128,39.44110710997861,51.788065884030985
324,Prov. D.I. Yogyakarta,Kab. Sleman,P,D3,1474,4513.0,1239.0081687889367,1498.7643083270068,1418.5520731391296,1420.2626314402135,1320.9363642322523,1183.4726121567628,1360.367553664089
325,Prov. D.I. Yogyakarta,Kab. Sleman,P,D4,2674,13161.0,3613.2476200822507,2883.943261377276,2845.009721921352,3047.8630396702465,3187.834411149714,3420.0808718545923,2311.7606069918534
326,Prov. D.I. Yogyakarta,Kab. Sleman,P,Profesi,25253,29312.0,8047.375901515913,44520.795351996734,40099.64128599498,38033.552811684356,40690.04034407953,25175.339632764582,30879.25440490633
327,Prov. D.I. Yogyakarta,Kab. Sleman,P,S1,22953,114269.0,31371.642907011526,24528.611111358383,24013.699082336956,23952.402150294944,25166.50573888971,23153.102802757236,23314.568198242236
328,Prov. D.I. Yogyakarta,Kab. Sleman,P,S2,5626,14731.0,4044.2786027985435,6002.3232278181895,6042.823288563152,5947.33614306628,5533.293829587515,5127.26917155779,3800.587814222936
329,Prov. D.I. Yogyakarta,Kab. Sleman,P,S3,418,3244.0,890.6143362622005,659.3260716583397,687.4695556475601,884.4876223919026,578.3490471667918,727.0381617052616,799.7970718663573
330,Prov. D.I. Yogyakarta,Kab. Sleman,P,Sp-1,179,874.0,239.94973177964343,207.82338246891123,233.43175675570535,302.2350366091673,201.03358491463317,213.85579753681694,220.14933293571826
331,Prov. D.I. Yogyakarta,Kab. Sleman,P,Sp-2,32,64.0,17.57068974130112,22.009632855813535,26.349275780705998,24.170555867453906,25.222355023819627,22.658492376139442,22.757337514681833
332,Prov. D.I. Yogyakarta,Kota Yogyakarta,L,D2,13,50.0,13.727101360391499,21.27312009015022,18.66144431336133,15.589444225599294,17.414621719237456,14.776234798636889,16.67850811824928
333,Prov. D.I. Yogyakarta,Kota Yogyakarta,L,D3,581,2369.0,650.3900624553493,609.1640018739289,601.2747360717013,592.7638065824021,563.0990487252583,485.9260264267385,489.8354063936093
334,Prov. D.I. Yogyakarta,Kota Yogyakarta,L,D4,278,1368.0,375.57349322031143,251.10107942097207,259.09162573199023,271.6593735030512,261.84005850047924,266.3490580495327,237.2445843247426
335,Prov. D.I. Yogyakarta,Kota Yogyakarta,L,Profesi,4723,3846.0,1055.8886366413142,5441.6954551326635,3984.1816592416494,3939.3424611065143,10170.013136583104,4239.414617804077,5024.84303139499
336,Prov. D.I. Yogyakarta,Kota Yogyakarta,L,S1,4990,28908.0,7936.460922523949,4308.8076859204,4690.758463303862,4558.320772285003,4380.028831896466,8064.90481554607,5049.166249325766
337,Prov. D.I. Yogyakarta,Kota Yogyakarta,L,S2,550,1578.0,433.22731893395576,503.98033661158814,532.3657614655373,514.6211459847134,524.4234060932386,489.9335217263401,479.8674304843725
338,Prov. D.I. Yogyakarta,Kota Yogyakarta,L,S3,11,62.0,17.02160568688546,10.949934118306158,11.504639415082206,14.602257580652573,9.786128311568618,8.366494942434375,6.508047196280461
339,Prov. D.I. Yogyakarta,Kota Yogyakarta,P,D2,10,12.0,3.2945043264939597,6.157362992748531,5.316200340694429,4.5898833332276805,3.183029691218895,4.485296943306554,6.356270058108508
340,Prov. D.I. Yogyakarta,Kota Yogyakarta,P,D3,1146,3512.0,964.191599553899,1089.8400225146167,1064.468441877524,1082.895654520547,1073.339045300633,901.1505437605031,1095.8372231870378
341,Prov. D.I. Yogyakarta,Kota Yogyakarta,P,D4,140,715.0,196.29754945359844,143.71387140111932,151.3734258585801,163.4214893270535,169.3192679124971,112.907181125231,109.02524538560466
342,Prov. D.I. Yogyakarta,Kota Yogyakarta,P,Profesi,17796,13697.0,3760.4021466656473,21277.010208562664,15650.477918624414,16001.282554427176,37208.664998637076,13191.145901812382,14673.76241829029
343,Prov. D.I. Yogyakarta,Kota Yogyakarta,P,S1,6194,27278.0,7488.957418175187,5032.427808849037,5325.6346129987005,5357.936730639035,5690.732557755883,9935.0097465833,5743.203271171641
344,Prov. D.I. Yogyakarta,Kota Yogyakarta,P,S2,746,1657.0,454.91613908337433,650.4278881793347,671.2255364529591,671.1366605642713,572.9269577714396,512.5045116128945,579.1030834184932
345,Prov. D.I. Yogyakarta,Kota Yogyakarta,P,S3,5,71.0,19.49248393175593,13.424327954574144,14.545131114134822,18.983473015332617,12.15150540640292,14.035524686121768,9.784216059222693
346,Prov. D.K.I. Jakarta,Kota Jakarta Barat,L,D3,350,1498.0,352.16996743028676,374.32507237438534,337.23648786492606,331.17587710593887,310.28903095577965,361.38467901238533,339.55543415723633
347,Prov. D.K.I. Jakarta,Kota Jakarta Barat,L,D4,88,503.0,118.25199840950216,85.25512092791152,82.5338811009766,88.01569288608938,77.47814017838152,86.1290214206585,101.85582813651942
348,Prov. D.K.I. Jakarta,Kota Jakarta Barat,L,Profesi,708,1183.0,278.1155350267218,1591.7478470421477,1424.2226210886813,1421.7736379377482,1551.7513998505644,1768.2804530079234,1748.0361558134223
349,Prov. D.K.I. Jakarta,Kota Jakarta Barat,L,S1,13510,76404.0,17962.078899561835,12196.568761722718,11504.387557054202,11664.304582689127,11628.424223173639,13318.724272341895,11499.649980910333
350,Prov. D.K.I. Jakarta,Kota Jakarta Barat,L,S2,2227,6188.0,1454.7581832166986,1958.1916078541224,1967.2461345080233,1952.5570824510837,1906.1808630013497,1254.4362144151594,1261.7810486380922
351,Prov. D.K.I. Jakarta,Kota Jakarta Barat,L,S3,193,1086.0,255.31147171514783,167.3214442337729,183.42802065192672,249.4744103682393,161.44267805218615,229.91435332508644,196.397986018379
352,Prov. D.K.I. Jakarta,Kota Jakarta Barat,L,Sp-1,6,18.0,4.231681851632285,3.398863506463676,4.290370392271623,6.23049357016099,3.9262805535537044,8.403439615229306,4.286409488888776
353,Prov. D.K.I. Jakarta,Kota Jakarta Barat,P,D3,370,1131.0,265.89067634422855,318.01084391533374,289.79781190707,289.0606879605352,260.8242419046099,295.30471001225794,289.840805238036
354,Prov. D.K.I. Jakarta,Kota Jakarta Barat,P,D4,158,828.0,194.6573651750851,153.6065754894038,149.24912825696848,160.3662755959301,152.8852604223331,148.47938723915368,133.01858341600703
355,Prov. D.K.I. Jakarta,Kota Jakarta Barat,P,Profesi,911,1922.0,451.8495843798472,2886.306641705165,2602.0199285197605,2627.188984840115,2614.9579593680296,3206.403006712309,2410.9441233826833
356,Prov. D.K.I. Jakarta,Kota Jakarta Barat,P,S1,13914,68248.0,16044.656833900008,12377.951902788525,11834.637752156636,12213.369023147427,13703.972507799272,12661.19443304874,11729.30145835028
357,Prov. D.K.I. Jakarta,Kota Jakarta Barat,P,S2,1827,4404.0,1035.351493032699,1600.9090247843562,1636.2310747015026,1659.4077399896044,1522.9008485586987,1030.3415825239836,980.0594394210968
358,Prov. D.K.I. Jakarta,Kota Jakarta Barat,P,S3,95,457.0,107.43770034421966,79.39009336005634,87.99028777335835,121.47663467205321,72.30097232454833,73.57239995254467,64.50879892168865
359,Prov. D.K.I. Jakarta,Kota Jakarta Barat,P,Sp-1,8,26.0,6.112429341246633,5.322655244321272,6.70368257146058,9.745445491881597,5.984267515128345,8.590769640922911,7.113356058335574
360,Prov. D.K.I. Jakarta,Kota Jakarta Pusat,L,D1,42,64.0,15.045979916914789,56.87828795717816,23.081506322021106,21.540146046738204,34.53871052321532,20.10996214454608,19.755882546342693
361,Prov. D.K.I. Jakarta,Kota Jakarta Pusat,L,D2,14,149.0,35.02892199406724,75.24406588866643,64.86828350959023,58.218364946289086,48.242605851371586,28.09904127518877,29.49501036185864
362,Prov. D.K.I. Jakarta,Kota Jakarta Pusat,L,D3,1883,6497.0,1527.4020550030527,1883.4005805036234,1778.495214927364,1815.4759954335118,1631.3418537339655,1573.4753321432775,1699.1717555096002
363,Prov. D.K.I. Jakarta,Kota Jakarta Pusat,L,D4,458,3185.0,748.7725943027125,571.5158730490374,558.3114647542761,594.2334716173742,538.4311891006809,672.7428228809104,674.3390471114349
364,Prov. D.K.I. Jakarta,Kota Jakarta Pusat,L,Profesi,1290,1826.0,429.28061450447507,2563.658524824706,2304.393776285459,2285.2336459826865,2376.7028148460577,4268.3392476370045,3986.041012091625
365,Prov. D.K.I. Jakarta,Kota Jakarta Pusat,L,S1,10385,64351.0,15128.497713021618,10809.521721966303,10303.569082502847,10445.464153775634,11800.91410355955,14154.681850038822,12177.383910129838
366,Prov. D.K.I. Jakarta,Kota Jakarta Pusat,L,S2,3103,8773.0,2062.474715798335,2755.1188468933024,2734.124930959498,2648.3498536458915,2999.392424489461,2442.8110185130213,2948.052837441303
367,Prov. D.K.I. Jakarta,Kota Jakarta Pusat,L,S2 Terapan,62,207.0,48.66434129377127,75.03689944930845,72.71934124063237,62.91539495598859,75.6166823886405,42.86189151449217,66.1462643877611
368,Prov. D.K.I. Jakarta,Kota Jakarta Pusat,L,S3,312,1982.0,465.95519055195484,307.51857275895696,334.64922360331326,446.4832694737355,361.1759901493505,428.26941207621746,413.1730993773713
369,Prov. D.K.I. Jakarta,Kota Jakarta Pusat,L,Sp-1,268,1291.0,303.5056261365155,244.4962057780264,305.9462311944362,435.2147648931084,291.6554996008952,302.31028382025875,285.81315817129763
370,Prov. D.K.I. Jakarta,Kota Jakarta Pusat,L,Sp-2,133,307.0,72.17368491395062,106.48192695540725,120.69281948682415,115.14041696277998,92.9203412352391,57.34923284434305,63.64368592367557
371,Prov. D.K.I. Jakarta,Kota Jakarta Pusat,P,D1,25,31.0,7.2878965222556005,31.480104494088902,12.973356842280204,12.347608586442622,18.509572419864163,16.489295986727516,18.97536276973202
372,Prov. D.K.I. Jakarta,Kota Jakarta Pusat,P,D2,7,52.0,12.224858682493267,28.68939219396193,24.741641140765413,22.289471741179234,29.335848829180243,20.670089684327166,23.90997607857799
373,Prov. D.K.I. Jakarta,Kota Jakarta Pusat,P,D3,2733,7906.0,1858.64870661138,2591.5046162326453,2482.9397447417396,2583.0918316652965,2453.533691520171,2181.8842529665235,2360.295718555226
374,Prov. D.K.I. Jakarta,Kota Jakarta Pusat,P,D4,764,4660.0,1095.535412700358,952.0434797129963,945.3666142479276,1027.3778897977909,919.5013318837395,1084.0524496741618,964.4480931857391
375,Prov. D.K.I. Jakarta,Kota Jakarta Pusat,P,Profesi,4937,6329.0,1487.9063577211516,10011.61112154196,9095.939769649434,9153.900244677081,8988.54648347139,11080.968718516966,9447.868516734794
376,Prov. D.K.I. Jakarta,Kota Jakarta Pusat,P,S1,13458,69821.0,16414.458809045427,13466.844186676977,13089.769725953096,13595.644567755164,14009.093450214215,18153.678295717833,15552.281519416514
377,Prov. D.K.I. Jakarta,Kota Jakarta Pusat,P,S2,3366,8395.0,1973.609396914057,3048.7239850849005,3084.975184155568,3060.5996515584548,3220.7016848977646,2419.0879608958394,3026.6681521540977
378,Prov. D.K.I. Jakarta,Kota Jakarta Pusat,P,S2 Terapan,59,142.0,33.38326794065469,58.67203312487041,57.695896971035104,50.86497327439402,66.8600692178521,37.82242002038359,37.199092839920645
379,Prov. D.K.I. Jakarta,Kota Jakarta Pusat,P,S3,261,1510.0,354.9910886647083,270.4848743002518,299.96498567558666,409.659791008803,308.34348820210914,362.1982640379726,347.26534871522625
380,Prov. D.K.I. Jakarta,Kota Jakarta Pusat,P,Sp-1,493,1872.0,440.0949125697576,379.5993083655729,471.9534440484839,669.1097664113596,475.8490296388537,416.9998148333439,387.1756772811236
381,Prov. D.K.I. Jakarta,Kota Jakarta Pusat,P,Sp-2,74,192.0,45.137939750744366,70.65597852176548,79.32716017879936,75.18016654044871,69.33215958201602,50.6425887251092,66.19735614848237
382,Prov. D.K.I. Jakarta,Kota Jakarta Selatan,L,D3,814,3745.0,880.4249185757169,954.3701761689912,956.7037260423842,987.5789028472649,908.9986875609907,916.1376087614444,979.8923308839127
383,Prov. D.K.I. Jakarta,Kota Jakarta Selatan,L,D4,900,4931.0,1159.245733911044,860.0107758156634,934.9174972268208,1058.8043656822526,846.8093388081437,944.1776774113558,798.5545837135048
384,Prov. D.K.I. Jakarta,Kota Jakarta Selatan,L,Profesi,3694,3530.0,829.8798297923313,2905.7067782476483,2485.813197588004,2227.515570729172,3926.2447310482385,4565.887607008865,3869.0172934670304
385,Prov. D.K.I. Jakarta,Kota Jakarta Selatan,L,S1,16038,104708.0,24616.1635178174,15418.183072994289,15386.112275532298,15525.437652194827,16793.716041171665,16851.82154443271,16905.129035780425
386,Prov. D.K.I. Jakarta,Kota Jakarta Selatan,L,S2,3384,11049.0,2597.547376593617,3081.9711477042197,3266.6135514480634,3221.0585295537103,3797.0968778229803,2693.691031801347,3414.5761793336346
387,Prov. D.K.I. Jakarta,Kota Jakarta Selatan,L,S2 Terapan,11,25.0,5.8773359050448395,7.066718454256478,7.720689181125943,7.264138196376673,7.880674150390153,9.098199928154797,6.166843207594776
388,Prov. D.K.I. Jakarta,Kota Jakarta Selatan,L,S3,171,1347.0,316.67085856381595,169.31125742750427,190.87745954387256,251.0631381074291,229.30905420621352,319.70322587307544,288.4205916079426
389,Prov. D.K.I. Jakarta,Kota Jakarta Selatan,P,D3,1603,6146.0,1444.8842588962232,1920.6251990959568,2000.0343438642703,2156.229889154142,1963.475513805711,1561.0330911124,1597.759584524548
390,Prov. D.K.I. Jakarta,Kota Jakarta Selatan,P,D4,1406,5320.0,1250.6970805935418,1033.734951572055,1125.963213225274,1281.5797488066105,1110.5124321700116,1122.5593882399407,1076.3073666840519
391,Prov. D.K.I. Jakarta,Kota Jakarta Selatan,P,Profesi,14300,13243.0,3113.3423756203524,12401.861417715038,10728.885773324882,9758.738263336681,14897.053378422906,12274.600317835828,14516.744109183759
392,Prov. D.K.I. Jakarta,Kota Jakarta Selatan,P,S1,21584,102360.0,24064.16412961559,17969.88746723164,18517.44181194823,19398.450517270852,21719.52110388252,20248.296332232676,22025.292992098246
393,Prov. D.K.I. Jakarta,Kota Jakarta Selatan,P,S2,3354,9414.0,2213.169608403685,3184.4496054214756,3497.009196748347,3591.7306295703806,3851.659830364979,2750.2910659245904,3290.5828646421564
394,Prov. D.K.I. Jakarta,Kota Jakarta Selatan,P,S2 Terapan,6,15.0,3.5264015430269033,5.396328814769224,5.995332500757869,5.742306868087725,5.92525663006795,4.721718551005445,4.2702338292908095
395,Prov. D.K.I. Jakarta,Kota Jakarta Selatan,P,S3,120,608.0,142.93680921069048,92.63704262570351,108.23474853080592,148.33537467374398,113.39913834241864,136.97381416926592,110.18872426425817
396,Prov. D.K.I. Jakarta,Kota Jakarta Timur,L,D1,23,37.0,8.698457139466361,29.05316971981495,12.116779444689458,11.34239365807245,17.838874127310806,14.464563203040582,19.186150897734382
397,Prov. D.K.I. Jakarta,Kota Jakarta Timur,L,D3,805,3199.0,752.0639024095376,782.9203364391167,745.3950968483706,747.7209475493152,740.4988291848751,794.3963819234668,727.662781102657
398,Prov. D.K.I. Jakarta,Kota Jakarta Timur,L,D4,682,3629.0,853.1540799763088,620.2104546851784,641.4521927504716,706.8853666766265,555.5356856054708,800.3556555861751,725.8520214898
399,Prov. D.K.I. Jakarta,Kota Jakarta Timur,L,Profesi,5391,5752.0,1352.2574450327165,3754.6976886455727,2794.805273867775,2214.322293823483,9107.719295729225,8477.205951161899,6112.381004951192
400,Prov. D.K.I. Jakarta,Kota Jakarta Timur,L,S1,11116,71562.0,16823.756481472752,10197.731788082903,9721.221657704078,9593.381171786099,10603.518204951384,13247.908513948756,11798.841293056943
401,Prov. D.K.I. Jakarta,Kota Jakarta Timur,L,S2,2449,8215.0,1931.2925783977341,2309.289444224978,2365.511638604567,2308.916590596904,2632.236201864455,1964.1255300971545,2119.227779762221
402,Prov. D.K.I. Jakarta,Kota Jakarta Timur,L,S3,317,1894.0,445.26696816619705,228.99267856554076,245.50787609254985,314.2538907765891,300.2400193417215,429.523300908176,408.9049724897816
403,Prov. D.K.I. Jakarta,Kota Jakarta Timur,P,D1,8,10.0,2.3509343620179357,9.938060226589979,4.356426201058519,4.312509167613093,4.7695007796100635,5.3045495770260525,7.117127667334986
404,Prov. D.K.I. Jakarta,Kota Jakarta Timur,P,D3,1336,4002.0,940.8439316795778,1178.426229429325,1158.267987651347,1205.569258866955,1111.1934656217863,1133.4449153968253,1260.2345969230885
405,Prov. D.K.I. Jakarta,Kota Jakarta Timur,P,D4,975,4511.0,1060.5064907062908,867.3069402365506,908.3175860336576,1017.9734982083684,789.750497650573,967.612139529407,915.9639762765727
406,Prov. D.K.I. Jakarta,Kota Jakarta Timur,P,Profesi,14528,14949.0,3514.4117777806123,12589.200993845108,9913.080328393553,8362.357460480347,24081.13962051059,15539.900460610634,16667.29592284193
407,Prov. D.K.I. Jakarta,Kota Jakarta Timur,P,S1,14245,69169.0,16261.17788864186,11916.566823523572,11800.423191865151,12167.424743120311,13887.609744028268,16314.786004015226,14296.534334438258
408,Prov. D.K.I. Jakarta,Kota Jakarta Timur,P,S2,1897,5632.0,1324.0462326885013,1851.943181346011,1941.777823128649,1949.1206993833139,2098.838458303632,1204.7846742816193,1418.475290786624
409,Prov. D.K.I. Jakarta,Kota Jakarta Timur,P,S3,199,1105.0,259.7782470029819,170.3744983516964,192.48216762123144,261.2487268579835,201.78553732022704,227.92321073976655,211.64608227074837
410,Prov. D.K.I. Jakarta,Kota Jakarta Utara,L,D3,668,2310.0,543.0658376261431,720.9265154311319,679.2539481150643,731.2563254768602,609.6424215889426,575.8509365041325,530.7796752506921
411,Prov. D.K.I. Jakarta,Kota Jakarta Utara,L,D4,396,1644.0,386.49360911574865,292.6062759704114,278.0625349511688,303.94878212025844,290.18142548966375,421.39736261939885,368.79801949666444
412,Prov. D.K.I. Jakarta,Kota Jakarta Utara,L,Profesi,95,130.0,30.562146706233165,118.74242341701526,90.45704635616397,79.70391936860297,137.88194529652515,104.39690540021655,111.492975218662
413,Prov. D.K.I. Jakarta,Kota Jakarta Utara,L,S1,1421,8176.0,1922.1239343858642,1250.5147961809591,1112.0769230600788,1106.6506651839582,1288.989830742631,1341.2626733614431,1279.9452589160305
414,Prov. D.K.I. Jakarta,Kota Jakarta Utara,L,S2,117,478.0,112.37466250445733,138.17387714897004,130.95814734589044,127.85872441919939,154.08960968654128,120.66206906835828,146.37706193880862
415,Prov. D.K.I. Jakarta,Kota Jakarta Utara,L,S2 Terapan,41,108.0,25.390091109793705,30.240002500325595,26.313285963584132,21.496428378250762,28.02369411803881,24.548785290001536,26.395317223521417
416,Prov. D.K.I. Jakarta,Kota Jakarta Utara,L,S3,32,177.0,41.61153820771746,20.315410051694663,19.563589525620976,24.271487109812313,28.846940478835,22.055324320859786,20.941286282400615
417,Prov. D.K.I. Jakarta,Kota Jakarta Utara,P,D3,333,903.0,212.2893728902196,294.07935085625456,272.6974246334195,289.65290969482226,302.91669446231765,214.44504814887048,230.37194780530086
418,Prov. D.K.I. Jakarta,Kota Jakarta Utara,P,D4,76,290.0,68.17709649852013,58.441822504366904,56.22736038667229,62.48082667474278,70.37048822143892,28.48683884813397,35.163233788788865
419,Prov. D.K.I. Jakarta,Kota Jakarta Utara,P,Profesi,466,533.0,125.30480149555598,666.4021524251959,547.8449761229602,524.8556247585773,636.4927841492686,608.6643596325194,566.606169977811
420,Prov. D.K.I. Jakarta,Kota Jakarta Utara,P,S1,1524,7919.0,1861.7049212820034,1384.3867864411848,1250.832310996761,1270.1138611365589,1524.4237074806056,1408.2280709066295,1453.0815228124045
421,Prov. D.K.I. Jakarta,Kota Jakarta Utara,P,S2,115,292.0,68.64728337092372,97.60801258844576,94.06680409759734,93.76559140897642,96.43692232221781,69.95968106674958,87.91110222872834
422,Prov. D.K.I. Jakarta,Kota Jakarta Utara,P,S2 Terapan,11,27.0,6.347522777448426,8.734717619515884,7.747504068438527,6.480476440431525,8.73511528132336,6.6189284935125015,5.99888541562689
423,Prov. D.K.I. Jakarta,Kota Jakarta Utara,P,S3,15,63.0,14.810886480712995,8.397072422753139,8.256828799614002,10.507455054318536,10.588006699180257,8.436517861251579,7.158021574167228
424,Prov. Gorontalo,Kab. Bone Bolango,L,D3,50,190.0,44.96652843496487,38.457286307579786,29.146830500854115,24.990823795429716,46.12603090428481,23.71987886082409,27.4201104656222
425,Prov. Gorontalo,Kab. Bone Bolango,P,D3,22,98.0,23.193262034876618,22.427318137524562,16.816753048958084,14.500153162109607,17.980632297589644,17.95228132201113,18.789206330877548
426,Prov. Gorontalo,Kab. Gorontalo,L,Profesi,35,40.0,9.466637565255763,47.3590052828187,39.62660841467647,38.82193115891353,40.75997213284768,23.97595283877196,26.946389643881243
427,Prov. Gorontalo,Kab. Gorontalo,L,S1,366,2937.0,695.0878632289043,384.90887795590095,302.8046868980403,276.1842040966522,379.74878946752756,355.61303223939774,324.0216270341978
428,Prov. Gorontalo,Kab. Gorontalo,L,S2,60,308.0,72.89310925246937,72.31244476792921,56.841620944159246,48.81677759187678,139.3814661584846,51.3465185992905,64.3022575265388
429,Prov. Gorontalo,Kab. Gorontalo,P,Profesi,217,252.0,59.639816661111304,336.00950430530014,277.5942009227125,272.9610050300135,251.6964009316916,318.1670201388317,228.72144204091978
430,Prov. Gorontalo,Kab. Gorontalo,P,S1,873,4403.0,1042.040129995528,737.6884026607048,611.3355206966925,595.502129534364,795.7936131697779,828.5157070857283,791.8142799294748
431,Prov. Gorontalo,Kab. Gorontalo,P,S2,71,250.0,59.166484782848514,74.94167041120085,62.01565502939318,56.84591721986575,75.29980264881809,67.10455462799258,81.28956861799449
432,Prov. Gorontalo,Kab. Gorontalo Utara,L,S1,93,575.0,136.0829150005516,72.4053693331215,54.40708222303211,48.27810663080061,68.28481805845243,54.10717419409479,48.18710484910911
433,Prov. Gorontalo,Kab. Gorontalo Utara,P,S1,109,699.0,165.42949145284445,117.6308142931925,95.24807126800475,92.2470076525404,134.338105993704,101.33948814049266,120.23788061586723
434,Prov. Gorontalo,Kab. Pohuwato,L,S1,276,806.0,190.7527469399036,103.4483007682262,78.66990560480399,70.32976710749016,98.33910570387707,105.68371587860382,104.90341819372293
435,Prov. Gorontalo,Kab. Pohuwato,P,S1,476,1160.0,274.5324893924171,196.24602484310628,159.6901521155369,154.76700395477255,201.05836217180058,182.84336430137554,181.3470112729997
436,Prov. Gorontalo,Kota Gorontalo,L,D3,31,196.0,46.386524069753236,51.09787612711276,44.00573018440115,42.65122179111544,49.712999238164834,51.91624768448606,53.71438983567287
437,Prov. Gorontalo,Kota Gorontalo,L,D4,10,150.0,35.499890869709105,22.821879063021825,19.406514393311365,18.69645371516957,22.240165159941938,26.620152306943226,25.408095828788813
438,Prov. Gorontalo,Kota Gorontalo,L,Profesi,3671,3744.0,886.0772761079394,4696.029349764856,4114.010962535898,3949.7005500275795,6350.1540955035,5139.48857238316,4098.000272534303
439,Prov. Gorontalo,Kota Gorontalo,L,S1,1828,15537.0,3677.0786962844695,2236.486904892862,1864.5742359354988,1707.2151109842137,2181.0083005762153,2313.7467012548964,2227.4726104843485
440,Prov. Gorontalo,Kota Gorontalo,L,S2,179,762.0,180.33944561812226,214.24014846484513,187.7154322656946,167.75632687164875,197.98459049816407,177.7060405568181,225.0509951767643
441,Prov. Gorontalo,Kota Gorontalo,L,S3,11,80.0,18.933275130511525,10.786407220029172,9.912671443730959,11.57431514936351,14.236003801428101,12.164232450562787,11.936365742105407
442,Prov. Gorontalo,Kota Gorontalo,P,D3,197,949.0,224.59597623569294,269.91155629967903,225.19990765046046,216.28424554154802,261.35115079176614,223.00666059472363,250.86698639035018
443,Prov. Gorontalo,Kota Gorontalo,P,D4,76,454.0,107.4463363656529,68.9716766136101,54.63901522794004,49.64294362610184,85.39759938742456,80.0227022047175,98.10102442493651
444,Prov. Gorontalo,Kota Gorontalo,P,Profesi,10949,10868.0,2572.0854264799905,15526.268979080874,13507.86792273846,13088.56349210756,19612.93021802166,9367.178685284756,9752.153551572766
445,Prov. Gorontalo,Kota Gorontalo,P,S1,3836,24266.0,5742.935678962408,4318.103280233068,3722.2733268046554,3585.9619316088915,4278.637161625167,3711.4412193894054,3779.1514976283315
446,Prov. Gorontalo,Kota Gorontalo,P,S2,190,658.0,155.7261879484573,232.43749939942165,212.6475865709228,201.23951750888344,237.34007620784956,171.40006434768654,221.68801219424552
447,Prov. Gorontalo,Kota Gorontalo,P,S3,11,90.0,21.299934521825463,15.117203400277623,14.442891210855377,17.78379580601419,17.252137825129743,13.458149331326103,15.538935495271364
448,Prov. Jambi,Kab. Batang Hari,L,S1,131,1516.0,358.7855637231934,212.8078453042085,169.5181942726354,163.0016931688782,224.52455493375686,198.78448495263376,209.26070919533782
449,Prov. Jambi,Kab. Batang Hari,L,S2,3,25.0,5.916648478284851,9.043502757646944,8.666347295657859,9.376731202382667,8.652328584599628,8.080585766398745,7.787246237726357
450,Prov. Jambi,Kab. Batang Hari,P,S1,288,2042.0,483.27184770630663,358.09312987519706,296.969248916825,301.5403323681842,396.6257114875491,374.0254950871143,384.0133137032886
451,Prov. Jambi,Kab. Batang Hari,P,S2,1,23.0,5.443316600022063,9.242611329486436,8.684299501222432,9.367897765990563,7.811641291014357,7.443694912649431,5.284790265404923
452,Prov. Jambi,Kab. Bungo,L,D3,14,59.0,13.963290408752249,13.80659159702032,11.537418562470691,10.949668290047672,12.818142614382047,13.186799376977742,11.99651578363645
453,Prov. Jambi,Kab. Bungo,L,S1,600,3443.0,814.8408284293897,453.19580785922454,366.5635232108967,334.88110876952175,439.1464763427611,450.2573541112274,472.00497246856264
454,Prov. Jambi,Kab. Bungo,P,D3,25,170.0,40.23320965233699,50.49240609078252,44.2848860931932,44.728104339116335,45.7455317639673,46.290023616006124,39.834334507484165
455,Prov. Jambi,Kab. Bungo,P,S1,978,4007.0,948.320418099496,718.8037782352178,632.9104743267618,637.0485938914542,777.7295185712882,718.2745370454315,730.8759137726745
456,Prov. Jambi,Kab. Kerinci,L,D3,71,183.0,43.30986686104511,53.64345566890156,47.80796534997327,50.956763249935946,58.51352780073966,36.83721632157834,24.934544492294147
457,Prov. Jambi,Kab. Kerinci,L,Profesi,519,86.0,20.35327076529989,115.8008533151504,101.04501457128328,105.83631669477518,175.94031433743135,60.594558690895695,99.49547257140505
458,Prov. Jambi,Kab. Kerinci,L,S1,243,1668.0,394.7587864711653,232.97121439049047,184.9085367028506,174.64484243160052,212.29623944745288,249.7722724964323,241.21518532771256
459,Prov. Jambi,Kab. Kerinci,L,S2,51,159.0,37.62988432189165,50.55469703016714,45.30804896055414,45.31509430364806,49.059553958593504,45.403047785083864,51.96459951455102
460,Prov. Jambi,Kab. Kerinci,P,D3,7,17.0,4.023320965233699,5.3799671755394245,4.633040948218224,4.854950161884648,5.337172047786613,5.846589989420501,5.239245942463763
461,Prov. Jambi,Kab. Kerinci,P,Profesi,861,219.0,51.8298406697753,327.5877182116957,280.26665548041143,292.673384255803,414.7402286867762,340.3795072297348,234.9944594106246
462,Prov. Jambi,Kab. Kerinci,P,S1,443,2134.0,505.0451141063949,357.95618029598626,289.8835530832035,283.5929477331881,336.79485347570784,307.0264130133051,326.5337737041882
463,Prov. Jambi,Kab. Kerinci,P,S2,65,167.0,39.523211834942806,63.37172713926279,57.764572486380345,59.65856463356918,58.12109949933155,56.43173214956998,70.52468385677608
464,Prov. Jambi,Kab. Merangin,L,S1,113,2155.0,510.0150988281542,295.9539699775101,243.98406660452903,231.76651711852907,270.8711923771951,248.15136477813806,186.84477853686906
465,Prov. Jambi,Kab. Merangin,P,Profesi,50,51.0,12.069962895701098,59.32711706730074,46.766460729980615,43.787438518933186,45.40644369866344,30.461757613203893,30.3741543032712
466,Prov. Jambi,Kab. Merangin,P,S1,131,2857.0,676.1545880983928,464.987468533861,388.4785935108385,379.7530248822205,462.4956121649599,352.9294426613756,357.2608306814928
467,Prov. Jambi,Kab. Muaro Jambi,L,D3,78,359.0,84.96307214817047,128.08292640019752,109.15571442990542,87.175328396937,92.92452609131234,84.58203301007691,101.00588275502247
468,Prov. Jambi,Kab. Muaro Jambi,L,D4,6,142.0,33.60656335665796,33.6454440886672,30.36860741730733,25.577406156921267,30.068988347636708,25.121655394783208,20.25690767617088
469,Prov. Jambi,Kab. Muaro Jambi,L,Profesi,1464,1611.0,381.2688279406758,2737.158570938066,2363.2020151870183,1858.0624722424668,5992.068575178458,2458.343188285475,2204.975806494548
470,Prov. Jambi,Kab. Muaro Jambi,L,S1,1757,11110.0,2629.358583749788,2533.9940534327284,2252.501588369822,1826.3441904312685,1968.6873324891362,1773.1839538768995,1906.7902459016238
471,Prov. Jambi,Kab. Muaro Jambi,L,S2,176,604.0,142.94622723536202,250.89637735255812,226.47562699605436,172.9514457771514,276.214949812877,162.13775879816313,166.9581323388703
472,Prov. Jambi,Kab. Muaro Jambi,L,S3,60,306.0,72.41977737420657,60.31750059081193,56.799840035666776,56.381205595323046,77.91534147882638,56.507978137921924,62.52269116668784
473,Prov. Jambi,Kab. Muaro Jambi,P,D3,100,434.0,102.71301758302502,180.6235311131052,155.4673942449633,126.19003759583387,108.29861460632658,105.61058957291635,127.3050177494587
474,Prov. Jambi,Kab. Muaro Jambi,P,D4,39,352.0,83.3064105742507,95.88729580362117,86.37557856196192,73.7467188124623,90.33093199614329,77.83786287228574,83.16656242337703
475,Prov. Jambi,Kab. Muaro Jambi,P,Profesi,3830,4339.0,1026.8935098911188,8223.956950433389,6976.706935347486,5480.138163744033,15138.977169844276,5788.330175389242,6080.206467588545
476,Prov. Jambi,Kab. Muaro Jambi,P,S1,3603,18244.0,4317.733393513153,4791.771557068641,4243.010053165319,3499.753404174506,3438.2099845750927,3683.929204162842,3343.9040882819795
477,Prov. Jambi,Kab. Muaro Jambi,P,S2,265,739.0,174.8961290181002,360.62673345733,328.4226750371655,256.9927221123892,342.33324091595307,178.40059501183435,240.31568495049675
478,Prov. Jambi,Kab. Muaro Jambi,P,S3,34,232.0,54.90649787848342,55.03068851160594,52.928559461392936,54.472131114974296,57.637488127114665,42.99622887090309,36.34550446604564
479,Prov. Jambi,Kab. Sarolangun,L,S1,11,645.0,152.64953073974917,82.84982983914581,65.61880776729797,59.650129453322165,74.41414419197581,69.60355880213346,68.62146414004137
480,Prov. Jambi,Kab. Sarolangun,P,S1,29,1066.0,252.28589111406606,165.85598400409813,134.6181797242481,127.28522923362425,148.46323162653664,149.2939585918129,140.6903708724632
481,Prov. Jambi,Kab. Sungai Penuh,L,D3,26,158.0,37.39321838276026,37.938132785071026,32.6436646360421,31.455273200232238,35.115284384828335,39.278011163733034,32.01539532140069
482,Prov. Jambi,Kab. Sungai Penuh,L,S1,256,2610.0,617.6981011329385,300.58337291927813,231.11216710208694,197.97831339652402,275.76730493078907,328.4506520251411,307.58760582128923
483,Prov. Jambi,Kab. Sungai Penuh,P,D3,69,274.0,64.84646732200197,80.47569038660258,71.31755931786998,71.82326104582452,73.79053715632797,68.61611068448848,68.6252598996917
484,Prov. Jambi,Kab. Sungai Penuh,P,S1,228,1731.0,409.6687406364431,244.705224792119,194.12870317275045,174.1029665668794,184.9503510415636,255.46185239612805,235.70309291856393
485,Prov. Jambi,Kab. Tanjung Jabung Barat,L,S1,215,920.0,217.73266400088252,127.0871737422469,99.35758218786357,97.66471780648023,78.07968006872453,112.14188578649566,113.28177740148428
486,Prov. Jambi,Kab. Tanjung Jabung Barat,P,S1,364,1131.0,267.66917715760667,194.0687559265865,157.4992326942974,163.02805858581806,148.74569051648183,185.7165479173373,193.31727388294442
487,Prov. Jambi,Kab. Tanjung Jabung Timur,L,S1,80,931.0,220.33598933132785,155.6022967320008,127.51535246743235,136.53281473851928,120.04821773281441,123.78155070378212,97.93678703049639
488,Prov. Jambi,Kab. Tanjung Jabung Timur,P,S1,89,735.0,173.94946526157463,141.97016215482745,116.40132116345102,126.68766544679879,111.27664489135115,134.23399698732572,133.55655123691642
489,Prov. Jambi,Kab. Tebo,L,S1,79,482.0,114.07298266133193,79.02486724919889,68.14610774921915,70.70287833010714,86.82067874651766,70.3283519934201,67.76875299427849
490,Prov. Jambi,Kab. Tebo,P,S1,134,754.0,178.44611810507112,144.74306765306136,125.71417996989439,133.43107516025879,182.10366430877977,179.30432456080965,184.60625090645186
491,Prov. Jambi,Kota Jambi,L,D3,181,714.0,168.97948053981534,192.35596303767832,185.48085696297267,192.2929796908434,182.704915990865,165.14946018193984,159.7983605550894
492,Prov. Jambi,Kota Jambi,L,D4,181,473.0,111.94298920914939,89.44862829200433,92.4255020381458,105.58198789831175,89.00348842006578,64.86700009358024,56.268007829624274
493,Prov. Jambi,Kota Jambi,L,Profesi,524,218.0,51.5931747306439,215.1093563738302,180.98099981930326,164.94609344502356,192.271662316861,274.4130492755023,239.66557170400296
494,Prov. Jambi,Kota Jambi,L,S1,2149,16623.0,3934.0979061811636,2580.1685191085085,2442.159505288027,2461.5783755794564,2408.0630349804696,2523.6084991308558,2314.8890866673587
495,Prov. Jambi,Kota Jambi,L,S2,165,1223.0,289.4424435576949,401.95424213335383,414.08205911246574,426.4850886241314,430.32218298439835,420.9093920367398,415.7911117449937
496,Prov. Jambi,Kota Jambi,L,S3,30,303.0,71.70977955681239,52.34921069970557,59.27987358414095,83.44075057376337,48.30543222327651,60.68984905230927,48.35612433800509
497,Prov. Jambi,Kota Jambi,P,D3,549,1615.0,382.2154916972014,533.4798066115387,530.7145577219133,575.440624182805,468.20061004025484,467.59379770136457,443.1796831745839
498,Prov. Jambi,Kota Jambi,P,D4,1538,3388.0,801.824201777163,715.5825678936668,728.0959599933765,830.1158247965204,690.5238095184852,852.0102179173804,863.041832710181
499,Prov. Jambi,Kota Jambi,P,Profesi,2489,1512.0,357.8388999666678,2056.9215782038696,1894.7424938669171,1913.7379118128952,1514.8187951774746,1535.9861717866852,1821.6549560575625
500,Prov. Jambi,Kota Jambi,P,S1,4100,19913.0,4712.72884592345,3728.1883160496986,3608.5343262477695,3775.4600338640407,3955.019975399051,3710.7368596037727,3661.545026343405
501,Prov. Jambi,Kota Jambi,P,S2,136,820.0,194.06607008774313,314.1622939514669,325.2313038131649,341.9372314850864,300.9273236141136,252.3577932436681,304.7565357408844
502,Prov. Jambi,Kota Jambi,P,S3,20,127.0,30.056574269687044,24.19000504928594,26.753773451952718,37.40496371560121,20.68776731142042,17.360907548767507,18.806741429175503
503,Prov. Jawa Barat,Kab. Bandung,L,D3,533,1715.0,470.83957666142845,481.1573053104416,384.5709301417085,397.7234454530316,491.8362688547545,332.83040006907936,361.4214178997549
504,Prov. Jawa Barat,Kab. Bandung,L,D4,79,597.0,163.9015902430745,102.46569131589204,92.75551718297365,100.80298300187918,102.9141689954669,127.93932058832543,107.243177995578
505,Prov. Jawa Barat,Kab. Bandung,L,Profesi,13,2.0,0.54908405441566,2.988153722555504,2.3955961507508805,2.28965992450387,3.036806638603516,2.439934957343366,3.497118041783685
506,Prov. Jawa Barat,Kab. Bandung,L,S1,5626,28803.0,7907.634009667127,5020.071569645984,4529.425167359551,4566.6054930018245,5215.026640560791,4232.368706933217,4079.677025196983
507,Prov. Jawa Barat,Kab. Bandung,L,S2,507,1420.0,389.8496786351186,440.95441148442666,436.48572294751625,428.2712234996853,453.7905777984799,352.64571164532873,390.460221163634
508,Prov. Jawa Barat,Kab. Bandung,L,S3,3,39.0,10.70713906110537,6.978838856296962,6.761004692770539,8.725534933226077,6.070893017515692,6.27187145745776,6.133808512539828
509,Prov. Jawa Barat,Kab. Bandung,P,D3,476,1396.0,383.26066998213065,437.64649656392885,363.1219797552976,384.35494934853153,420.5432037140076,317.4036930143985,360.40300310748006
510,Prov. Jawa Barat,Kab. Bandung,P,D4,28,366.0,100.48238195806577,63.484209121004106,61.117328351040975,67.9752087555065,71.58167102504133,72.41045504710645,64.35138464325348
511,Prov. Jawa Barat,Kab. Bandung,P,Profesi,9,21.0,5.76538257136443,20.896285620892524,20.806957646659594,20.03992560106997,32.65569200540395,10.760036186817464,11.428476427998124
512,Prov. Jawa Barat,Kab. Bandung,P,S1,4002,21335.0,5857.354150479053,4139.666261749548,3838.1565111477616,3972.6854855861206,4509.96839757949,4027.6882560927643,3768.8341790164204
513,Prov. Jawa Barat,Kab. Bandung,P,S2,500,1012.0,277.83653153432397,362.7285863378502,359.51499027974535,363.8890883459077,390.0202219677142,267.58201591503047,346.28667034409
514,Prov. Jawa Barat,Kab. Bandung,P,S3,1,12.0,3.2945043264939597,2.4304626612492966,2.3757944764734624,3.1603159679112283,2.182348445321118,2.825689298695235,2.123057999855202
515,Prov. Jawa Barat,Kab. Bandung Barat,L,D3,79,226.0,62.046498148969576,63.287308160097055,53.29342287524114,53.877863944798975,62.00895178887374,61.41566042392958,54.31406653898695
516,Prov. Jawa Barat,Kab. Bandung Barat,L,Profesi,47,61.0,16.74706365967763,71.60551570315384,59.0278373639435,56.4145422742145,51.38897551351763,40.37222433457979,48.55811788677906
517,Prov. Jawa Barat,Kab. Bandung Barat,L,S1,583,1814.0,498.0192373550036,293.5097004088039,271.81475540904313,271.1466440200101,274.9829026748939,256.6176172800896,255.19335064796886
518,Prov. Jawa Barat,Kab. Bandung Barat,L,S2,50,116.0,31.84687515610828,36.780527231914704,33.78334170454681,33.51786198867401,37.6845378024176,42.196701148222644,40.418836266376616
519,Prov. Jawa Barat,Kab. Bandung Barat,P,D3,164,371.0,101.85509209410493,119.22766095488845,100.75643195140016,105.05244801923294,116.04547291360767,113.58463199095966,111.17276601280292
520,Prov. Jawa Barat,Kab. Bandung Barat,P,Profesi,157,205.0,56.28111557760515,277.1767287088127,228.97203119468892,225.72572820545923,223.69166717867517,204.3363756268358,192.84255138994985
521,Prov. Jawa Barat,Kab. Bandung Barat,P,S1,573,2055.0,564.1838659120906,392.22064852631644,360.61371787715683,371.43142052424923,409.6531371540576,339.6411339966326,344.7368609916272
522,Prov. Jawa Barat,Kab. Bandung Barat,P,S2,27,56.0,15.37435352363848,20.437626645061943,18.816958141314057,19.25637833120297,21.95399755676817,14.151111306877647,15.058887552137236
523,Prov. Jawa Barat,Kab. Bekasi,L,D3,548,1751.0,480.7230896409103,468.28492554239153,416.0303620070092,429.5215418330109,514.6290954498689,373.7951903273492,381.414581602174
524,Prov. Jawa Barat,Kab. Bekasi,L,D4,424,1790.0,491.4302287020157,318.163490447295,299.80019022755005,329.4289126932159,319.73052344850214,390.68968101167553,393.59979620246605
525,Prov. Jawa Barat,Kab. Bekasi,L,Profesi,17,16.0,4.39267243532528,21.43682417332143,17.386014917092066,17.098372696547415,17.24372223240157,6.320448199970593,7.075853186452791
526,Prov. Jawa Barat,Kab. Bekasi,L,S1,2443,20714.0,5686.86355158299,2749.307181513105,2848.7559527551216,2883.9936986063317,2789.9700271143893,3576.6126811716285,2727.9277765779907
527,Prov. Jawa Barat,Kab. Bekasi,L,S2,131,421.0,115.58219345449643,92.98197859615753,101.96272351397802,101.929515090341,102.86738384291306,80.6890816540203,102.67119682590074
528,Prov. Jawa Barat,Kab. Bekasi,P,D3,471,1461.0,401.10590175063965,394.60648962623026,369.8833877831027,391.7031237454655,396.17770357102603,347.1708309840824,368.8339251713543
529,Prov. Jawa Barat,Kab. Bekasi,P,D4,254,1118.0,306.93798641835394,221.29830262734606,211.95465663194037,239.82466190924652,195.75415013174725,230.75280166155773,218.42034132645537
530,Prov. Jawa Barat,Kab. Bekasi,P,Profesi,122,163.0,44.75035043487629,243.68037884871092,200.5302408118521,203.14748940034227,226.68226049700735,134.23007532575554,137.284232734729
531,Prov. Jawa Barat,Kab. Bekasi,P,S1,2933,18332.0,5032.904442773939,2969.542993529566,3012.6308663757895,3154.1893418664354,2904.9333341218726,3291.8046896205283,3381.0022195453857
532,Prov. Jawa Barat,Kab. Bekasi,P,S2,66,273.0,74.94997342773759,70.35714601959714,76.92284570352001,79.36310709108763,85.6822306422197,58.193712648163405,73.73558959895642
533,Prov. Jawa Barat,Kab. Bogor,L,D3,187,614.0,168.56880470560762,200.72040318608126,169.96376011273412,167.51967921009498,164.7143624281172,142.82026958139912,153.649468042431
534,Prov. Jawa Barat,Kab. Bogor,L,D4,1081,4932.0,1354.0412781890175,989.0931654396761,844.0165798642049,902.8653116974035,794.018165601407,819.0458395658741,790.278246329256
535,Prov. Jawa Barat,Kab. Bogor,L,Profesi,102,180.0,49.4175648974094,299.93543857963255,229.107844248053,215.56869053571899,202.9274296507965,166.9095873638204,210.34524146118233
536,Prov. Jawa Barat,Kab. Bogor,L,S1,4085,23228.0,6377.062207983475,3950.3610537336435,3553.638567881174,3513.859861604784,3744.327685714242,5591.758824187223,3824.2966087822824
537,Prov. Jawa Barat,Kab. Bogor,L,S2,1424,3968.0,1089.3827639606695,1480.2886422232702,1363.8355027882603,1319.417568739397,1228.6076000021296,1139.7317716480634,1105.6228221779943
538,Prov. Jawa Barat,Kab. Bogor,L,S2 Terapan,23,36.0,9.88351297948188,16.82606425951357,15.106938362078774,11.849306616593834,21.833948723396762,10.637903445894597,8.118688465415497
539,Prov. Jawa Barat,Kab. Bogor,L,S3,203,1057.0,290.1909227586763,206.4697402430884,193.297066767924,244.96564657982688,151.17093350499985,216.32599192526078,198.4259213607643
540,Prov. Jawa Barat,Kab. Bogor,P,D3,436,1609.0,441.7381217773985,528.6112142501197,471.26925517648357,476.87873378687266,489.766806166404,345.71852410913715,368.63304912861275
541,Prov. Jawa Barat,Kab. Bogor,P,D4,1921,6546.0,1797.1521101024553,1473.76476989288,1263.0882818310065,1395.2078931409446,1294.5100907662588,1421.7693187423015,1357.1313110590718
542,Prov. Jawa Barat,Kab. Bogor,P,Profesi,181,357.0,98.01150371319531,654.510275507375,513.0102579944866,496.1311961120333,848.5068645974488,707.0279418713247,876.4639537241666
543,Prov. Jawa Barat,Kab. Bogor,P,S1,5783,27183.0,7462.875925590442,5425.079237136077,4768.437963258149,4891.810227182269,5252.237428937934,7528.704375664461,5654.032306572736
544,Prov. Jawa Barat,Kab. Bogor,P,S2,1253,3521.0,966.6624777987694,1499.277966187038,1389.1803492672614,1385.719380314539,1113.8255768257186,1156.3715440055694,1315.0269033974673
545,Prov. Jawa Barat,Kab. Bogor,P,S2 Terapan,6,10.0,2.7454202720783,5.134139758278564,4.705951759740756,3.799714238336906,6.998278066870049,4.282077120547101,4.620877184318107
546,Prov. Jawa Barat,Kab. Bogor,P,S3,172,901.0,247.36236651425483,199.41279744217903,188.29310240391263,245.9657515652895,131.61106430329383,235.2138177454783,205.66988592130286
547,Prov. Jawa Barat,Kab. Ciamis,L,D3,34,95.0,26.08149258474385,25.205532086803895,23.482659453537625,22.940815547195328,23.754663136120534,20.690649024217425,21.74760371862202
548,Prov. Jawa Barat,Kab. Ciamis,L,Profesi,717,747.0,205.082894324249,1085.3316535062509,891.4443087165015,832.7163965845273,4714.154841527396,706.8468852755379,737.1594350764618
549,Prov. Jawa Barat,Kab. Ciamis,L,S1,1021,5665.0,1555.280584132357,852.0199712102022,878.3708075417812,846.3277880914088,811.7785584330887,788.5407201711716,788.6912303232779
550,Prov. Jawa Barat,Kab. Ciamis,L,S2,137,348.0,95.54062546832483,109.00215564728276,108.97078347166516,104.6600550681095,111.64870259825864,118.53596854631215,105.58970712800865
551,Prov. Jawa Barat,Kab. Ciamis,P,D3,182,352.0,96.63879357715616,110.78395024776107,102.24403898160136,103.15925741293005,128.46741603973632,101.15692482718302,98.0981011702678
552,Prov. Jawa Barat,Kab. Ciamis,P,Profesi,862,893.0,245.1660302965922,1438.8845241794534,1202.041739990705,1156.3411938238294,3348.175779252414,1040.9578547770675,967.0365354445142
553,Prov. Jawa Barat,Kab. Ciamis,P,S1,1325,5722.0,1570.9294796832032,1061.0541882719292,1061.101317303511,1059.3733247958016,1141.4542341974,968.5576300933875,954.5568769162393
554,Prov. Jawa Barat,Kab. Ciamis,P,S2,94,220.0,60.3992459857226,80.30396655553795,80.08293006551618,79.37638783724964,81.77627143351866,79.51188716427176,69.67393387001917
555,Prov. Jawa Barat,Kab. Cianjur,L,D3,1,5.0,1.37271013603915,1.5266573077899974,1.2755595529587294,1.2985518313429116,1.1768239582590168,1.8762978613698758,1.6000778395742297
556,Prov. Jawa Barat,Kab. Cianjur,L,D4,9,24.0,6.5890086529879195,3.69834519550351,3.592016727634322,3.863952004631331,3.76828554188408,6.76448681712895,4.748746648565569
557,Prov. Jawa Barat,Kab. Cianjur,L,S1,967,4788.0,1314.50722627109,695.1285852509495,688.7733474256554,686.3349034200749,638.5685265019177,718.8861349169567,684.7239524971571
558,Prov. Jawa Barat,Kab. Cianjur,L,S2,99,229.0,62.87012423059307,76.54464275231699,70.68694432851497,70.51977384995301,76.79591428953111,56.21114485838252,65.81440983014059
559,Prov. Jawa Barat,Kab. Cianjur,L,S3,1,3.0,0.8236260816234899,0.3700296608125116,0.398250881805434,0.5127605032085316,0.384067803026865,1.9504421453530574,2.1115661995868567
560,Prov. Jawa Barat,Kab. Cianjur,P,D3,85,218.0,59.85016193130694,59.65259642810262,55.10670018054222,57.2512437854736,55.64718050185217,53.473423428231015,58.47318811045417
561,Prov. Jawa Barat,Kab. Cianjur,P,D4,11,63.0,17.29614771409329,12.088041720188944,11.609404680662625,12.862699892171888,12.539081734660689,11.1781716181023,9.690553970193823
562,Prov. Jawa Barat,Kab. Cianjur,P,Profesi,6,9.0,2.47087824487047,14.582024079465512,11.518030519919183,11.480095927060344,11.760313074877885,6.787401720805018,7.456279143614732
563,Prov. Jawa Barat,Kab. Cianjur,P,S1,1049,4589.0,1259.8733628567318,812.5192257781149,788.221380258862,812.3394617560083,818.9531807526678,910.5796103653178,915.065482206465
564,Prov. Jawa Barat,Kab. Cianjur,P,S2,34,97.0,26.63057663915951,34.37221924276333,32.8597160890787,33.69497753030375,37.35445560508489,24.805698151548736,29.00783234543792
565,Prov. Jawa Barat,Kab. Cianjur,P,S3,2,5.0,1.37271013603915,0.9997523399976487,0.9431401137631069,1.2709275227805206,0.7821109926981857,2.0033304011680095,2.119926116804511
566,Prov. Jawa Barat,Kab. Cirebon,L,D3,199,887.0,243.5187781333452,234.4941386422753,207.71890167093338,213.0959324901677,232.71769084080114,236.2532341082238,204.56362458343048
567,Prov. Jawa Barat,Kab. Cirebon,L,Profesi,1163,932.0,255.87316935769755,1154.30170751312,958.2921944711228,933.794713865154,864.0256549327771,1160.9405077085944,1372.5387373356389
568,Prov. Jawa Barat,Kab. Cirebon,L,S1,1406,11603.0,3185.5111416924515,1549.7576099961298,1590.6722428262892,1601.1633112192815,1453.8908330107602,1675.43365690014,1605.1746217675684
569,Prov. Jawa Barat,Kab. Cirebon,L,S2,65,334.0,91.69703708741523,116.43007788202087,105.97801308993155,107.39153150892115,98.68382565804221,91.21583249653321,106.57419157998757
570,Prov. Jawa Barat,Kab. Cirebon,P,D3,253,912.0,250.38232881354097,278.2280969875851,246.7983972054664,261.1803351995738,242.733908701017,280.34424026523743,292.5441623314226
571,Prov. Jawa Barat,Kab. Cirebon,P,Profesi,4458,2759.0,757.461453066403,4063.2004424342454,3338.4489237879106,3360.095428907551,2622.4710976429064,3113.820763520469,3140.5846642533593
572,Prov. Jawa Barat,Kab. Cirebon,P,S1,2551,13013.0,3572.6154000554916,2176.8585531763224,2167.4907951516293,2258.3196400248453,2188.0930677533806,2199.583692865461,1920.347504040766
573,Prov. Jawa Barat,Kab. Cirebon,P,S2,57,239.0,65.61554450267137,93.19791844513527,85.98974561735677,89.76861262064602,65.97107450947911,47.6401242183487,38.95062817653643
574,Prov. Jawa Barat,Kab. Garut,L,D3,89,316.0,86.75528059767429,85.97782999532392,77.2524826862716,77.00765326883266,83.72990799610021,91.61127337101716,82.08192248423228
575,Prov. Jawa Barat,Kab. Garut,L,Profesi,625,409.0,112.28768912800247,599.8839549457409,478.1317970418017,455.4279369334396,450.7033195713265,399.3776560244204,428.8172215465381
576,Prov. Jawa Barat,Kab. Garut,L,S1,1807,10624.0,2916.7344970559857,1530.676898367749,1560.6182958689262,1530.5456627696158,1536.7554442194678,1477.0854387019997,1454.5012020221645
577,Prov. Jawa Barat,Kab. Garut,L,S2,86,331.0,90.87341100579172,74.87197236076234,82.82035916826146,79.96144979313796,85.10551684082688,78.54983078812009,85.71857815805649
578,Prov. Jawa Barat,Kab. Garut,P,D3,338,941.0,258.344047602568,301.2106566659969,268.9731505276044,276.8130028133644,278.5235537120432,282.7843431321264,299.6027425512684
579,Prov. Jawa Barat,Kab. Garut,P,Profesi,1752,1181.0,324.23413413244725,1913.430512187504,1553.5541273193833,1523.663199756277,1086.3739929032192,1021.833279175034,1306.1354472286437
580,Prov. Jawa Barat,Kab. Garut,P,S1,2396,11954.0,3281.8753932423997,2118.4372593010776,2105.1150383460194,2136.748723579589,2245.403911168901,2042.6235512894762,2003.4429319792443
581,Prov. Jawa Barat,Kab. Garut,P,S2,52,234.0,64.24283436663222,72.51288971973887,75.09949854869998,75.34484051200451,90.10528629293569,73.31545807387003,59.00531458304357
582,Prov. Jawa Barat,Kab. Indramayu,L,D3,428,1294.0,355.257383206932,349.2580124443697,315.6023115020344,314.07586480990165,289.89143844399854,286.6251957262857,281.86224140885065
583,Prov. Jawa Barat,Kab. Indramayu,L,D4,73,661.0,181.47227998437563,121.37308973923956,113.3205673100925,120.71596196249044,101.26288620166248,114.06376211722258,90.55769430009644
584,Prov. Jawa Barat,Kab. Indramayu,L,Profesi,296,300.0,82.362608162349,442.49728767194637,352.8047072892285,335.6851079556659,260.0525793356793,305.6598529839884,308.87578815932414
585,Prov. Jawa Barat,Kab. Indramayu,L,S1,536,5382.0,1477.5851904325411,727.6061431925975,764.6976795119646,746.3388186900889,702.7740482069208,759.609984067426,765.9859179753186
586,Prov. Jawa Barat,Kab. Indramayu,L,S2,19,108.0,29.65053893844564,23.254982774425294,26.291753291225234,25.297234946100904,25.11893889437715,16.38943320070628,20.346607715484335
587,Prov. Jawa Barat,Kab. Indramayu,P,D3,264,690.0,189.4339987734027,222.70424884914695,198.7277971229953,204.32003970808384,189.15601519949527,182.2652227808322,214.10487046760537
588,Prov. Jawa Barat,Kab. Indramayu,P,D4,33,343.0,94.16791533228569,70.28932955457965,67.31662587090246,73.64350154277342,76.69922162788947,69.26477900352606,58.3238865703987
589,Prov. Jawa Barat,Kab. Indramayu,P,Profesi,1173,1187.0,325.8813862956942,1926.9194631073658,1567.2768063143344,1535.2036706686276,1065.9230340603463,1042.8196901297383,1352.6197988152728
590,Prov. Jawa Barat,Kab. Indramayu,P,S1,823,5809.0,1594.8146360502844,1002.4289548821706,1014.10443982887,1025.4010911969858,1075.2516364510032,947.0813713083759,946.3302704989388
591,Prov. Jawa Barat,Kab. Indramayu,P,S2,10,49.0,13.45255933318367,16.84179457609047,16.791262062712548,16.898100538025286,17.93684426677698,13.297449262238953,14.6668456971104
592,Prov. Jawa Barat,Kab. Karawang,L,D1,16,16.0,4.39267243532528,13.554997707625196,5.162693709043047,4.760144286642873,4.514409050781372,3.6527232576760653,7.275190889148992
593,Prov. Jawa Barat,Kab. Karawang,L,D2,52,92.0,25.25786650312036,41.344973850582825,32.2345390306751,27.746594202331273,25.957852041992886,23.310995779963214,31.999485642902304
594,Prov. Jawa Barat,Kab. Karawang,L,D3,121,641.0,175.98143944021902,166.49194259952785,151.21524869328456,152.5810077968593,154.32511968606156,180.3328079856687,184.41234366914708
595,Prov. Jawa Barat,Kab. Karawang,L,Profesi,1019,1038.0,284.97462424172755,1500.357290624115,1193.81683667581,1152.6083998174113,1222.204436614886,1172.617512585335,1267.0769624547697
596,Prov. Jawa Barat,Kab. Karawang,L,S1,2239,14927.0,4098.088840131279,2208.4913402304987,2186.2452226708447,2184.200497825945,2059.645926147189,2186.4285283362224,1962.9016356042014
597,Prov. Jawa Barat,Kab. Karawang,L,S2,63,166.0,45.573976516499776,49.23845364044361,48.6162105780462,48.15938711137414,55.59229613237727,39.769676772793915,37.23985688490596
598,Prov. Jawa Barat,Kab. Karawang,P,D2,2,6.0,1.6472521632469799,2.961923168199225,2.3575363705948797,2.0889767438040145,1.8205564909428813,3.3658388540015927,3.7852074225616206
599,Prov. Jawa Barat,Kab. Karawang,P,D3,206,1081.0,296.7799314116642,308.18685470674177,285.8468261137484,296.9005520424863,302.484809455002,275.5733536975814,289.6801057601395
600,Prov. Jawa Barat,Kab. Karawang,P,Profesi,801,821.0,225.39900433762844,1310.1239583622994,1062.1490656262636,1055.867883305843,783.8959671248197,1019.0801950229444,994.2717292277098
601,Prov. Jawa Barat,Kab. Karawang,P,S1,3161,17886.0,4910.458698639247,3151.3341873834966,3078.134139030334,3178.7450366944527,3370.375148625654,2782.461073388088,3042.653484371238
602,Prov. Jawa Barat,Kab. Karawang,P,S2,50,137.0,37.61225772747271,48.99728285713077,47.618893984223796,48.75171953172808,56.70832434959217,38.350548251763925,35.537570039533605
603,Prov. Jawa Barat,Kab. Kuningan,L,D3,32,82.0,22.51244623104206,23.30400987191488,20.40222815963595,20.23524053665131,22.539029917761965,26.460357258793838,25.241973097116475
604,Prov. Jawa Barat,Kab. Kuningan,L,Profesi,1241,691.0,189.70854080061054,1021.1185484201488,804.2932394710795,761.0769638252053,845.8372448559069,796.7201691236023,741.2742234909285
605,Prov. Jawa Barat,Kab. Kuningan,L,S1,986,6401.0,1757.3435161573198,905.2692544922899,909.5603088732017,888.4108213910183,1037.2061797835258,929.6907562656883,830.2714419257579
606,Prov. Jawa Barat,Kab. Kuningan,L,S2,106,243.0,66.71371261150269,55.572977609254664,60.6662283913839,58.19652695376647,67.20269275217784,55.68719082647326,53.83283168684778
607,Prov. Jawa Barat,Kab. Kuningan,P,D3,110,317.0,87.02982262488212,103.88910731343603,91.10313511250645,93.20734751411813,120.29059885646836,100.94535156007142,99.91571911863498
608,Prov. Jawa Barat,Kab. Kuningan,P,Profesi,4612,2538.0,696.7876650534726,3887.2854933140698,3197.8354424501754,3107.2950045008247,2218.8540766735136,2723.3497334649464,2787.11049433026
609,Prov. Jawa Barat,Kab. Kuningan,P,S1,1619,7534.0,2068.399632983791,1346.9489568900979,1306.8031061809318,1322.0731047957772,1536.7636895633068,1402.0465576641534,1400.2936616588647
610,Prov. Jawa Barat,Kab. Kuningan,P,S2,100,186.0,51.06481706065638,60.46873383697274,60.915637697423506,60.81848365901563,69.02478191516886,59.26233509093351,62.775531739102654
611,Prov. Jawa Barat,Kab. Majalengka,L,D3,15,48.0,13.178017305975839,13.505025550664831,11.333208652169414,11.274457936168357,11.838701967610087,14.766542601666613,15.902721570588698
612,Prov. Jawa Barat,Kab. Majalengka,L,Profesi,847,506.0,138.91826576716198,746.799161301635,561.8970777831884,533.5136994648237,601.8934526844648,588.1485548151262,585.4313769896584
613,Prov. Jawa Barat,Kab. Majalengka,L,S1,639,4146.0,1138.2512448036632,564.6921087384255,556.8775095204624,542.9859839860696,494.73233132959865,584.2114740302571,549.6936157757548
614,Prov. Jawa Barat,Kab. Majalengka,L,S2,76,187.0,51.33935908786421,66.90606977502416,58.5189823977453,57.41484086695385,61.243994677006526,64.72299975998553,61.81315804085885
615,Prov. Jawa Barat,Kab. Majalengka,P,D3,116,246.0,67.53733869312617,79.96083420973815,67.16453752857183,68.92911397899017,68.84755317526884,69.44185053747083,69.90607764647488
616,Prov. Jawa Barat,Kab. Majalengka,P,Profesi,2913,1697.0,465.8978201716875,2804.744083051914,2138.220545963654,2091.6299096526764,2403.218067789541,1685.5713412256632,1610.3247459896766
617,Prov. Jawa Barat,Kab. Majalengka,P,S1,959,4766.0,1308.4673016725178,848.737449158653,798.9455493965592,807.6635098824743,730.8999937541117,861.3982348661627,892.2859529092003
618,Prov. Jawa Barat,Kab. Majalengka,P,S2,42,98.0,26.90511866636734,39.33402030318567,34.8343747383929,35.21367465209689,38.18970942521202,28.563818920835384,39.05057309683704
619,Prov. Jawa Barat,Kab. Pangandaran,L,D3,46,148.0,40.63222002675884,46.30195244550923,35.6551939108564,34.99088177149074,31.613280433223192,40.710389417131616,46.5857551577974
620,Prov. Jawa Barat,Kab. Pangandaran,L,S1,30,183.0,50.241190979032886,36.65238346887012,33.35891963090048,31.446537864002252,25.347624744858162,39.69406782599476,38.71327663057351
621,Prov. Jawa Barat,Kab. Pangandaran,P,D3,39,125.0,34.31775340097875,42.911333575883305,33.79500384502359,34.126187341596456,27.293585175337178,38.643889428091306,43.83495962463265
622,Prov. Jawa Barat,Kab. Pangandaran,P,S1,66,375.0,102.95326020293625,82.5156914595663,76.66658422914479,74.39723468577633,53.56324392062521,61.65767081677594,51.33518226917823
623,Prov. Jawa Barat,Kab. Purwakarta,L,D3,76,283.0,77.6953936998159,74.19367307179763,64.64013329843898,66.44377930481697,72.97266943876288,66.43391608553914,66.91643858752361
624,Prov. Jawa Barat,Kab. Purwakarta,L,D4,45,635.0,174.33418727697205,99.81545578427536,95.29461401906953,104.02051307024966,110.0860192968427,111.32848506506538,86.19744006385271
625,Prov. Jawa Barat,Kab. Purwakarta,L,S1,631,4762.0,1307.3691335636865,629.7740170529031,635.9927333535014,641.4462299927922,639.0530130898488,684.8697696051332,654.0699931635836
626,Prov. Jawa Barat,Kab. Purwakarta,L,S2,12,52.0,14.27618541480716,15.613361239806057,14.771199689096578,14.907887933220099,17.178531230747502,17.34300383592021,12.549838525607864
627,Prov. Jawa Barat,Kab. Purwakarta,P,D3,91,286.0,78.51901978143938,88.04073240840502,76.28908111570045,80.95331224124318,87.72826335067742,67.70148949054379,82.81224071235208
628,Prov. Jawa Barat,Kab. Purwakarta,P,D4,523,930.0,255.3240853032819,175.11081159092134,166.03281623969838,186.92398600478865,192.7271902140564,180.24032199499402,139.67641235709536
629,Prov. Jawa Barat,Kab. Purwakarta,P,Profesi,605,553.0,151.82174104593,645.0834371241148,569.2759346206288,568.6240741201993,561.5953385927563,469.685313057717,425.1443424732393
630,Prov. Jawa Barat,Kab. Purwakarta,P,S1,803,4416.0,1212.3775921497772,751.2008661656889,728.4116881332432,761.2541156140163,846.2232530455208,828.1473109415824,809.1834976975658
631,Prov. Jawa Barat,Kab. Purwakarta,P,S2,10,47.0,12.90347527876801,16.384951963462967,15.485350635347142,16.126255990393815,18.261592026909494,16.142461402797903,15.865790075459199
632,Prov. Jawa Barat,Kab. Subang,L,D3,112,841.0,230.88984488178502,204.2458334174596,180.9530879073113,185.55077101521465,208.49075612992712,184.01071556353867,190.16531922006604
633,Prov. Jawa Barat,Kab. Subang,L,D4,1,302.0,82.91169221676466,55.5712434306146,49.65468957635706,54.47933770875991,36.0699861407319,47.345368231859894,52.63805382139651
634,Prov. Jawa Barat,Kab. Subang,L,S1,597,5782.0,1587.402001315673,781.2449352729899,768.9877014824393,777.8039131187759,878.8695642633002,740.8564943033093,788.9646152841631
635,Prov. Jawa Barat,Kab. Subang,L,S2,25,136.0,37.33771570026488,35.05123518295468,34.74328681683479,34.86628960632146,40.24077208491641,33.32206978931825,35.43182803380201
636,Prov. Jawa Barat,Kab. Subang,P,D3,148,917.0,251.7550389495801,245.71412987662418,221.85954783744137,234.2305224172141,236.00296270295632,258.80417092724247,259.6282853169678
637,Prov. Jawa Barat,Kab. Subang,P,S1,719,5587.0,1533.8663060101462,933.790638845389,897.9922654523783,939.069712877767,874.3195719764908,798.2970069849331,831.7673405591593
638,Prov. Jawa Barat,Kab. Subang,P,S2,17,63.0,17.29614771409329,23.147543122116982,21.14956644275612,22.092548473167994,20.349341952473996,15.93590154407227,18.216090401917963
639,Prov. Jawa Barat,Kab. Sukabumi,L,D3,57,129.0,35.41592150981007,37.72798701143047,30.847297634303295,32.1744324517995,36.192351375563305,36.9659121123293,41.03163978032343
640,Prov. Jawa Barat,Kab. Sukabumi,L,S1,1039,8736.0,2398.399149687603,1227.9321731206874,1186.633030253818,1211.7411404644859,1319.1372305085406,1405.4341769933064,1324.323999330305
641,Prov. Jawa Barat,Kab. Sukabumi,L,S2,151,387.0,106.24776452943021,103.70142896741031,100.36280492487995,101.8430356939082,133.73734979312087,97.9445785574583,110.89794678149025
642,Prov. Jawa Barat,Kab. Sukabumi,P,D3,48,112.0,30.74870704727696,36.588477687748856,30.341521301760338,32.600748128136765,29.88113826793991,29.531878586476232,38.52580833456966
643,Prov. Jawa Barat,Kab. Sukabumi,P,S1,1223,9145.0,2510.6868388156054,1603.5614195786095,1505.2562239645158,1590.8598596662237,1851.9461221181195,1610.8802234580837,1724.6061980767254
644,Prov. Jawa Barat,Kab. Sukabumi,P,S2,56,174.0,47.77031273416242,60.98352650001126,56.33874853886201,59.27027627013147,65.14292616459007,54.29301815238278,60.093561870070175
645,Prov. Jawa Barat,Kab. Sumedang,L,D3,14,61.0,16.74706365967763,17.637300678821237,16.116591793523014,15.070842236690659,17.734983587553348,18.750115131658124,23.61705114220731
646,Prov. Jawa Barat,Kab. Sumedang,L,D4,980,3686.0,1011.9619122880614,806.8287341456559,737.0876587214525,739.3326044989223,479.91387664335883,451.7968324723654,330.4264907222887
647,Prov. Jawa Barat,Kab. Sumedang,L,Profesi,392,626.0,171.86330903210157,939.3005845489897,772.8075015652084,689.4181048285385,1088.7470626083334,652.1949853460264,639.19377821268
648,Prov. Jawa Barat,Kab. Sumedang,L,S1,2804,16237.0,4457.738895773536,3216.265748339712,2889.684917531036,2719.7523012697216,3015.820232690112,2689.003683089828,2446.58311050747
649,Prov. Jawa Barat,Kab. Sumedang,L,S2,524,1675.0,459.85789557311523,636.385139740672,598.3541194674383,552.6033476768544,717.9153940480238,444.12481378354113,499.0950339137836
650,Prov. Jawa Barat,Kab. Sumedang,L,S2 Terapan,44,336.0,92.24612114183088,129.88411581189973,129.1186989152156,95.82747664312464,190.14133775369834,82.3078527286633,81.87419148996672
651,Prov. Jawa Barat,Kab. Sumedang,L,S3,218,1330.0,365.1408961864139,246.89406179490413,242.36894509428328,292.35577551709656,300.44774019293254,245.9201263489755,228.59849959348037
652,Prov. Jawa Barat,Kab. Sumedang,L,Sp-1,171,845.0,231.98801299061634,192.32696576742094,199.63661418279852,242.83816920294015,177.9461245680304,183.9241459978402,192.64760705697495
653,Prov. Jawa Barat,Kab. Sumedang,L,Sp-2,52,123.0,33.76866934656309,42.50306678928777,46.13714518657489,39.84360133147545,34.71618813047688,32.813414941159344,24.951113765703987
654,Prov. Jawa Barat,Kab. Sumedang,P,D3,21,72.0,19.76702595896376,27.935511861827113,24.094756147382533,23.39251923120056,19.328133852968843,24.152246701683655,23.98277396371396
655,Prov. Jawa Barat,Kab. Sumedang,P,D4,805,3416.0,937.8355649419473,825.365945643746,756.874339320793,784.9376872151527,511.17008658407394,445.19085927695716,379.0820249447164
656,Prov. Jawa Barat,Kab. Sumedang,P,Profesi,837,1651.0,453.26888692012733,2731.931763502602,2291.155055949924,2104.386196253938,2849.585497568287,1785.2349334896994,1951.339994163009
657,Prov. Jawa Barat,Kab. Sumedang,P,S1,4563,23457.0,6439.932332214068,5443.786500429414,4806.6422242514045,4686.5310461691515,4245.3964379956915,3980.654650501104,3992.8437994832684
658,Prov. Jawa Barat,Kab. Sumedang,P,S2,802,2230.0,612.2287206734609,986.63940366361,925.6486665023554,882.2033205659867,1027.4764124158119,506.96512839248635,547.2428837299555
659,Prov. Jawa Barat,Kab. Sumedang,P,S2 Terapan,40,150.0,41.1813040811745,68.04067581894506,67.29045255682844,51.55404351961528,79.7732382545873,43.511324934464284,48.7892724831227
660,Prov. Jawa Barat,Kab. Sumedang,P,S3,159,905.0,248.46053462308615,198.4727160291018,193.31691597317567,240.78967414936074,222.11376226710388,225.74355830372895,201.40828552218215
661,Prov. Jawa Barat,Kab. Sumedang,P,Sp-1,171,909.0,249.55870273191746,229.17597151991384,242.06451177332164,303.214289913853,199.07879038293788,233.43408905049236,236.53056525323143
662,Prov. Jawa Barat,Kab. Sumedang,P,Sp-2,26,65.0,17.84523176850895,24.489596941426637,27.21856669401872,24.189245537584057,20.10691061085308,21.933848880427732,23.647452150073434
663,Prov. Jawa Barat,Kab. Tasikmalaya,L,D3,7,27.0,7.41263473461141,5.912784628151798,5.346442649187044,5.516196708849771,6.28760243023909,6.739781320464291,7.693260187959922
664,Prov. Jawa Barat,Kab. Tasikmalaya,L,S1,702,3620.0,993.8421384923446,574.6506280553551,522.8554758161912,537.4602459268893,509.7811213315896,519.8146777923372,457.7874971449135
665,Prov. Jawa Barat,Kab. Tasikmalaya,L,S2,18,88.0,24.15969839428904,16.862942638653852,18.398741225128592,18.4260399546265,23.190139497799834,13.572580209383457,16.135726336903733
666,Prov. Jawa Barat,Kab. Tasikmalaya,P,D3,23,75.0,20.59065204058725,19.03550200099668,17.206759830672205,18.31693826477185,18.77033289653871,18.076156878671146,17.671596875892764
667,Prov. Jawa Barat,Kab. Tasikmalaya,P,Profesi,6,6.0,1.6472521632469799,9.437194391510614,7.1649103689852955,7.331522188127663,3.833519545084634,3.6702246174157245,3.4722222636420996
668,Prov. Jawa Barat,Kab. Tasikmalaya,P,S1,946,3858.0,1059.1831409678082,731.0281204571436,657.291476857626,697.9863975708995,633.1221477623726,675.2534055551015,708.1003874098261
669,Prov. Jawa Barat,Kab. Tasikmalaya,P,S2,7,33.0,9.059886897858389,7.622307637443178,8.186985947368687,8.473699384874326,9.530390635209738,5.9545945810729926,6.128591197356924
670,Prov. Jawa Barat,Kota Bandung,L,D1,16,18.0,4.94175648974094,16.263326316227968,6.665494422857655,6.069479097632558,11.041257603525896,7.811795199577123,10.00821244078029
671,Prov. Jawa Barat,Kota Bandung,L,D2,31,188.0,51.61390111507204,42.76572026980977,48.045117303915696,39.5663499902494,45.905410386070024,17.262037239223584,25.64097104349529
672,Prov. Jawa Barat,Kota Bandung,L,D3,2473,10876.0,2985.919087912359,2756.8075222971806,2775.7135949587546,2759.4393003922237,2688.957628930511,2756.276415295847,2837.423920100039
673,Prov. Jawa Barat,Kota Bandung,L,D4,1473,9103.0,2499.1560736728766,1629.8756633829162,1693.9071660298953,1798.5872096825858,1447.4422466006201,1906.88662282214,1540.473803745597
674,Prov. Jawa Barat,Kota Bandung,L,Profesi,11310,10923.0,2998.822563191127,16486.786327012425,14233.58411679626,13559.49226232998,11488.77709171795,10454.4441845262,11323.27944751405
675,Prov. Jawa Barat,Kota Bandung,L,S1,21649,134663.0,36970.65300988801,20202.470789025734,21194.31318807767,21071.266328367274,20442.496481880047,18788.772831167917,18339.49786689237
676,Prov. Jawa Barat,Kota Bandung,L,S2,4772,13422.0,3684.903089183494,4320.734751041421,4556.624583778213,4461.852461474201,4627.15785329632,4094.8708003448264,3456.107832702523
677,Prov. Jawa Barat,Kota Bandung,L,S2 Terapan,37,106.0,29.10145488402998,39.09722670276288,41.636932336820074,32.92457929645493,39.390582530460485,32.4783170624006,40.240383498094815
678,Prov. Jawa Barat,Kota Bandung,L,S3,728,3969.0,1089.6573059878772,617.3477364466933,682.9190553135911,872.9288908151644,656.2989257896347,906.0809208768429,646.060360418499
679,Prov. Jawa Barat,Kota Bandung,P,D1,21,22.0,6.03992459857226,21.834698322698497,9.135999340880383,8.563712825421439,15.01419509600639,12.162531299768174,11.36722991340372
680,Prov. Jawa Barat,Kota Bandung,P,D2,65,296.0,81.26444005351767,80.33072724013806,89.20090643532666,75.88583327204029,76.82145952219172,39.130861563208946,58.02067464873309
681,Prov. Jawa Barat,Kota Bandung,P,D3,4418,14630.0,4016.5498580505528,4433.992134399619,4420.526194539315,4536.854845515492,4409.675044503868,4270.8513840896085,3675.1557400770866
682,Prov. Jawa Barat,Kota Bandung,P,D4,2391,10711.0,2940.619653423067,2195.8479687923536,2299.789055411444,2515.8707134741867,2335.396856164046,2190.7796722714384,2001.5480679624873
683,Prov. Jawa Barat,Kota Bandung,P,Profesi,25882,25149.0,6904.457442249716,41752.84624140366,36780.83170744345,36071.36254557343,26351.658597427275,21667.399314725422,27100.90082342341
684,Prov. Jawa Barat,Kota Bandung,P,S1,28899,139555.0,38313.712606988716,26320.016375406994,26977.448400335055,27699.867395466597,29490.718664361117,23817.032232035443,26569.649513928813
685,Prov. Jawa Barat,Kota Bandung,P,S2,4297,11653.0,3199.238243052843,4379.381506189735,4602.408231974349,4651.669067314076,4658.225790112951,3827.6627196418585,3760.008548899371
686,Prov. Jawa Barat,Kota Bandung,P,S2 Terapan,42,115.0,31.57233312890045,49.65775589713489,52.65842620194995,42.98081775382857,52.86288641572714,38.5359642529047,48.901853273742475
687,Prov. Jawa Barat,Kota Bandung,P,S3,516,2347.0,644.350137856777,430.21348515326406,472.5705541741984,623.7146912591159,464.20344623298354,521.7394104661348,427.8056506867131
688,Prov. Jawa Barat,Kota Banjar,L,S1,85,564.0,154.84170334521613,99.82514235112586,86.60514682428426,86.68590426840615,88.73319101385425,86.49056793890891,76.50047593170859
689,Prov. Jawa Barat,Kota Banjar,P,S1,117,769.0,211.12281892282127,152.24932865840668,133.79715257078377,137.99416808408816,130.28362447253429,185.33037812742268,200.0151578822167
690,Prov. Jawa Barat,Kota Bekasi,L,D3,158,922.0,253.12774908561926,164.48291170682512,174.77075063915018,176.14721868794516,135.8755613398819,163.92486717797118,164.0484949068188
691,Prov. Jawa Barat,Kota Bekasi,L,D4,99,441.0,121.07303399865303,64.99938652501359,67.37712019986357,72.91479720577848,65.06151151710182,92.4160213028479,82.24522498914827
692,Prov. Jawa Barat,Kota Bekasi,L,Profesi,97,126.0,34.59229542818658,126.05011107800297,117.0626646011947,112.90834829437037,109.01217558797552,72.63808930442684,80.34912993886414
693,Prov. Jawa Barat,Kota Bekasi,L,S1,1921,13816.0,3793.072647903379,1672.290375393094,1834.2970463240033,1836.8965741534769,1641.2563055537637,2113.175900757424,1773.6592486641987
694,Prov. Jawa Barat,Kota Bekasi,L,S2,160,588.0,161.43071199820403,169.77086805947766,171.17506581446003,171.87518306068557,191.2991320076684,165.54991137671334,171.0093790194189
695,Prov. Jawa Barat,Kota Bekasi,L,S3,6,104.0,28.55237082961432,17.422963013750817,17.146667455271285,22.65226938636154,16.191619128876322,18.67316288246855,14.250483546548846
696,Prov. Jawa Barat,Kota Bekasi,P,D3,569,1549.0,425.26560014492867,361.0927727641576,366.1864723809004,382.672884130354,379.22904363332464,309.92008912214965,367.42282524571516
697,Prov. Jawa Barat,Kota Bekasi,P,D4,624,1929.0,529.5915704839041,334.55893112863265,344.6305738691367,385.0498071958038,359.3128367710546,364.84770734813475,369.6687402064048
698,Prov. Jawa Barat,Kota Bekasi,P,Profesi,751,1150.0,315.7233312890045,1289.6016630214613,1213.025073055334,1205.4221211913832,1002.5227277263216,1326.2810409451083,1347.339984033404
699,Prov. Jawa Barat,Kota Bekasi,P,S1,2851,14269.0,3917.4401862285263,2252.2562120759417,2355.5487104385193,2446.812878783254,2132.205352146916,2566.762765993882,2179.436189113897
700,Prov. Jawa Barat,Kota Bekasi,P,S2,187,604.0,165.82338443352933,173.23188416310106,185.48380308351375,190.8995431427193,199.0692154139898,180.64099782280638,222.1404120383701
701,Prov. Jawa Barat,Kota Bekasi,P,S3,4,27.0,7.41263473461141,5.255546656472714,5.1654740568338005,7.041539011694751,3.920888593757711,5.905402034393464,4.725347008566178
702,Prov. Jawa Barat,Kota Bogor,L,D3,309,1226.0,336.58852535679955,330.2387028467073,304.31519286030243,301.4918232905918,299.7906553722138,315.04576212916163,289.55940263945433
703,Prov. Jawa Barat,Kota Bogor,L,D4,119,769.0,211.12281892282127,134.2530244252677,133.43129640244112,140.27527091193411,143.91513123968173,131.05557008631865,112.03713694990685
704,Prov. Jawa Barat,Kota Bogor,L,Profesi,1189,1275.0,350.0410846899832,1889.4250422471212,1541.2869895524855,1457.9692903915654,1827.4521898057196,1752.319015975247,1730.3010864033295
705,Prov. Jawa Barat,Kota Bogor,L,S1,2210,15347.0,4213.396491558567,2264.740281406296,2348.3141948994185,2289.127652479543,2406.20031247543,2367.1635418164637,2123.087294956661
706,Prov. Jawa Barat,Kota Bogor,L,S2,187,697.0,191.3557929638575,213.10196174168618,215.25817428813474,208.968006049772,222.14310948650754,159.02293524646603,178.12273259727354
707,Prov. Jawa Barat,Kota Bogor,L,S3,62,368.0,101.03146601248145,50.30733177480494,54.93204346037241,69.38799236194446,62.054876749400925,64.44874439111676,59.43838259100236
708,Prov. Jawa Barat,Kota Bogor,P,D3,605,1779.0,488.4102664027296,566.1327372945594,514.262906735485,527.0568925178611,558.0990045556082,405.51041266904775,386.55350982120007
709,Prov. Jawa Barat,Kota Bogor,P,D4,190,871.0,239.12610569801993,175.43529989053286,174.61671596578068,189.36691566520025,180.3960660733342,179.63722729580226,151.84093119715575
710,Prov. Jawa Barat,Kota Bogor,P,Profesi,4568,4816.0,1322.1944030329093,8006.221068010933,6612.848577514445,6445.097761180316,5135.878452169426,6225.221561118035,6626.993825961318
711,Prov. Jawa Barat,Kota Bogor,P,S1,2953,14530.0,3989.0956553297697,2704.826858234473,2703.2250512915966,2731.1312714361293,2897.814119931831,2738.609435212611,2616.2950778841355
712,Prov. Jawa Barat,Kota Bogor,P,S2,176,513.0,140.8400599576168,178.3971888947392,181.4758179214003,181.62277992031807,178.65509641856022,157.47381678231915,176.7242788719066
713,Prov. Jawa Barat,Kota Bogor,P,S3,44,224.0,61.49741409455392,36.54607589712795,39.43734999577143,51.46212299999319,42.0069146739267,36.4944272315824,31.862492326713106
714,Prov. Jawa Barat,Kota Cimahi,L,D3,157,557.0,152.9199091547613,146.23286176034796,138.63066148628397,135.6503157482534,132.913495112728,141.008071004078,142.13705591383956
715,Prov. Jawa Barat,Kota Cimahi,L,D4,124,699.0,191.90487701827317,99.08614093397743,108.18684177830006,111.64595211722136,101.83525877427111,116.8928965617335,84.83753825940119
716,Prov. Jawa Barat,Kota Cimahi,L,Profesi,1004,1150.0,315.7233312890045,1610.4017520590776,1359.8920880787107,1270.9272721161797,1369.8169516525895,1158.8277459878643,1265.3002998008676
717,Prov. Jawa Barat,Kota Cimahi,L,S1,2814,14938.0,4101.1088024305645,2182.7862743237934,2299.91004092793,2219.567694763142,2242.683418927496,2246.346650710476,2031.5652499627079
718,Prov. Jawa Barat,Kota Cimahi,L,S2,445,1065.0,292.38725897633896,306.55517405340504,321.01773016313297,307.8448299137265,312.5148680829131,290.9389419362567,338.66550002124154
719,Prov. Jawa Barat,Kota Cimahi,P,D3,477,1381.0,379.1425395740132,465.2550096916504,423.67881353213437,429.59716750729945,400.5152522388485,315.34365148510847,270.6294233804708
720,Prov. Jawa Barat,Kota Cimahi,P,D4,117,597.0,163.9015902430745,119.58814930507103,120.77473140209317,129.6854742305052,98.70924429496262,117.76426357452505,98.37913161310517
721,Prov. Jawa Barat,Kota Cimahi,P,Profesi,4322,4616.0,1267.2859975913432,7422.942480865388,6288.91567017843,6061.785290552944,4688.4090360091195,4911.457558943201,5540.315395380354
722,Prov. Jawa Barat,Kota Cimahi,P,S1,3351,17242.0,4733.653633117405,3140.732156595162,3181.4783222642814,3187.0094236688406,3664.3600007213163,2888.773953270371,2983.4259916920696
723,Prov. Jawa Barat,Kota Cimahi,P,S2,261,729.0,200.14113783450807,277.13055972713914,275.640130267192,274.2461187115398,263.47447873338064,195.68373177331654,227.44959829292492
724,Prov. Jawa Barat,Kota Cirebon,L,D3,373,1272.0,349.2174586083598,331.1666870830007,308.3085175788323,300.51792891657857,283.0716776751811,282.0631256844596,283.68604108273263
725,Prov. Jawa Barat,Kota Cirebon,L,D4,35,149.0,40.906762053966666,29.241974859228204,27.511529042319985,28.686634126416653,21.62365088353996,15.933072992969292,15.98648174251046
726,Prov. Jawa Barat,Kota Cirebon,L,Profesi,1834,1136.0,311.8797429080949,1624.6487544041072,1331.8305582726323,1241.460077226986,1171.6578489108206,1696.0129978004795,1632.3086436041754
727,Prov. Jawa Barat,Kota Cirebon,L,S1,2542,16882.0,4634.818503322586,2889.0603750318564,2809.2868798556456,2717.6084529911914,2524.3153985543645,2791.898245305326,2327.5429700466702
728,Prov. Jawa Barat,Kota Cirebon,L,S2,213,651.0,178.72685971229734,230.8055771400879,218.02600198499172,210.20567766071096,201.9866032458381,182.52528162678118,173.04471542115866
729,Prov. Jawa Barat,Kota Cirebon,L,S3,18,123.0,33.76866934656309,21.43595637200133,21.091474011928927,26.566485792228924,18.472577341510647,19.647733427080702,16.481228170950303
730,Prov. Jawa Barat,Kota Cirebon,P,D3,172,570.0,156.4889555084631,176.00564373681414,162.33139746395761,163.41542917112614,139.7745666209949,161.63181701502498,155.8511571517015
731,Prov. Jawa Barat,Kota Cirebon,P,D4,153,348.0,95.54062546832483,70.84403304340518,69.51458231864599,74.4558465432687,59.09314779649649,62.63996530133072,52.8387180415497
732,Prov. Jawa Barat,Kota Cirebon,P,Profesi,5817,3541.0,972.153318342926,5724.131115715952,4737.189573661347,4551.14184017456,3875.772576615314,4746.8145196283585,5209.508845399477
733,Prov. Jawa Barat,Kota Cirebon,P,S1,3994,19275.0,5291.797574430923,3880.0397593784182,3750.6579792705456,3745.639750103297,3453.055563352044,3995.6630497588385,3551.656548173086
734,Prov. Jawa Barat,Kota Cirebon,P,S2,114,398.0,109.26772682871633,159.80663192992947,152.28174286600682,151.33373883349404,139.36795770619005,109.17461514076034,128.7182793049508
735,Prov. Jawa Barat,Kota Cirebon,P,S3,4,39.0,10.70713906110537,7.125165888918899,7.289480236792615,9.432921352145556,6.336542540819297,5.875609843366068,4.9895252936395185
736,Prov. Jawa Barat,Kota Depok,L,D1,10,12.0,3.2945043264939597,10.214979430928045,3.9235060835843796,3.6387808878695735,2.6984647866972105,5.0410839299325305,6.21938626396315
737,Prov. Jawa Barat,Kota Depok,L,D3,594,2063.0,566.3802021297532,602.1313042945275,527.5886878183096,538.1086281542757,509.3503718093677,426.23439572542424,422.51459487508026
738,Prov. Jawa Barat,Kota Depok,L,D4,830,3633.0,997.4111848460464,657.4382570123943,628.7851921765103,680.2670691677695,628.0559211691336,741.094436762725,631.9125520265079
739,Prov. Jawa Barat,Kota Depok,L,S1,1391,10984.0,3015.5696268508045,1554.9444315064884,1578.8841127949513,1584.3150219146194,1451.3665982820924,1813.2142221016836,1784.916570628869
740,Prov. Jawa Barat,Kota Depok,L,S2,167,811.0,222.65358406555012,250.4522813360975,245.9323684545582,245.42040951607575,236.95411587320794,194.02707653249414,231.90397045579664
741,Prov. Jawa Barat,Kota Depok,L,S2 Terapan,16,36.0,9.88351297948188,14.757592973349485,13.805397116690168,11.197200140077362,9.412446341599152,9.614818397787316,6.439915648569521
742,Prov. Jawa Barat,Kota Depok,P,D1,3,3.0,0.8236260816234899,2.8052085202875254,1.0999877621974414,1.0501622751003328,0.7527287278356679,2.0670511819009643,2.2401097949434576
743,Prov. Jawa Barat,Kota Depok,P,D3,513,1566.0,429.93281460746175,497.92619742817215,446.57708686565985,468.7916580297067,419.0193779554877,396.40389887765053,420.5452821790577
744,Prov. Jawa Barat,Kota Depok,P,D4,908,3246.0,891.1634203166162,653.8129671506541,635.1006650507204,707.7024238507627,710.4554416214418,879.1085439107804,981.4072156559032
745,Prov. Jawa Barat,Kota Depok,P,Profesi,176,173.0,47.49577070695459,251.39852871760675,213.6176952000958,212.70563597393996,186.38579561491,165.9990257288227,180.88683416817776
746,Prov. Jawa Barat,Kota Depok,P,S1,1686,8912.0,2446.718546476181,1400.7068808088595,1451.2880829168846,1498.2495035302927,1274.6867077138709,1780.2508143906446,1673.313451197854
747,Prov. Jawa Barat,Kota Depok,P,S2,114,455.0,124.91662237956265,146.8687631367908,150.12694863207778,153.89398473513813,154.41761812572096,131.38636925271706,153.89255901983205
748,Prov. Jawa Barat,Kota Depok,P,S2 Terapan,8,10.0,2.7454202720783,4.006773769742149,4.005721537595387,3.3278852929019767,3.659622724645818,4.734615329537263,4.97530397907244
749,Prov. Jawa Barat,Kota Sukabumi,L,D3,306,1441.0,395.615061206483,312.6109581342193,305.8556244699768,303.89193620574645,270.2616448325084,260.72608422785726,319.5951686730462
750,Prov. Jawa Barat,Kota Sukabumi,L,D4,5,31.0,8.51080284344273,4.13881067475208,4.430674068473798,4.668745887514867,3.852279512055975,5.525286016487396,4.071317114187401
751,Prov. Jawa Barat,Kota Sukabumi,L,Profesi,107,146.0,40.08313597234318,182.80282209174985,154.46656307065007,147.07897457103033,123.57263248976773,67.26725779344076,59.14143597220226
752,Prov. Jawa Barat,Kota Sukabumi,L,S1,1083,7056.0,1937.1685439784485,972.2952627158114,999.882607115741,986.4697462338004,884.0666812758863,1026.9254951414155,916.6066275087837
753,Prov. Jawa Barat,Kota Sukabumi,L,S2,16,137.0,37.61225772747271,32.263578322528275,35.00438656485596,34.0708205672594,35.276407285871265,19.594277246888108,26.433844636802178
754,Prov. Jawa Barat,Kota Sukabumi,P,D3,549,1515.0,415.93117121986245,427.86958089780353,399.85811357437734,411.9438657226921,388.6413969531406,344.0077307503776,385.8948478990545
755,Prov. Jawa Barat,Kota Sukabumi,P,D4,23,61.0,16.74706365967763,11.855082302371642,11.603198153197717,12.738069939957969,9.769115508881738,12.544110642036499,10.250045071632137
756,Prov. Jawa Barat,Kota Sukabumi,P,Profesi,319,336.0,92.24612114183088,520.1250823248064,428.37671928350863,422.00379758302176,323.16579958777675,296.53070405692216,270.9451389234024
757,Prov. Jawa Barat,Kota Sukabumi,P,S1,1753,8831.0,2424.480642272347,1455.430139984908,1474.595264146935,1503.9743680307156,1144.9497854580127,1540.0400112624877,1552.3071663946903
758,Prov. Jawa Barat,Kota Sukabumi,P,S2,14,78.0,21.41427812221074,23.64939975258833,24.615164312416002,24.830573571972923,24.786158379976495,17.555057986285846,17.770589718062865
759,Prov. Jawa Barat,Kota Tasikmalaya,L,D3,312,1139.0,312.70336898971834,308.97201001807235,285.3269472041048,283.2621399649087,295.8329585154375,284.79944975453617,234.53969199084395
760,Prov. Jawa Barat,Kota Tasikmalaya,L,D4,58,202.0,55.45748949598166,37.118414978764854,36.12176992397987,38.18717015090669,34.0531913204401,31.476043821194608,27.537602820790983
761,Prov. Jawa Barat,Kota Tasikmalaya,L,Profesi,1982,2139.0,587.2453961975484,2953.6135757089473,2474.4944159496304,2341.651557502801,2958.938272065302,2318.155862337103,2371.374202465651
762,Prov. Jawa Barat,Kota Tasikmalaya,L,S1,2128,15309.0,4202.96389452467,2379.8432796349057,2420.416231823717,2371.3391922615538,2152.8025186023683,2320.4170980798876,2115.7904388322418
763,Prov. Jawa Barat,Kota Tasikmalaya,L,S2,115,438.0,120.24940791702954,129.4132640146971,132.35155493015233,128.73430518513297,142.43472461688987,121.04529108783719,126.60773716893827
764,Prov. Jawa Barat,Kota Tasikmalaya,P,D3,1205,3458.0,949.3663300846762,1145.9380841978905,1036.305408198717,1063.864914816884,1148.7275531769274,919.2427750849348,860.7278015893565
765,Prov. Jawa Barat,Kota Tasikmalaya,P,D4,340,951.0,261.08946787464635,197.68735358025475,194.15115999481372,211.55315641994133,230.00650113086655,176.80841231555783,142.62787662138322
766,Prov. Jawa Barat,Kota Tasikmalaya,P,Profesi,2797,2967.0,814.5661947256316,4667.820643925969,3935.6499250703796,3839.8573508066484,4615.773371865111,3997.416395332041,4207.697723750131
767,Prov. Jawa Barat,Kota Tasikmalaya,P,S1,3442,19413.0,5329.684374185604,3695.4231750815256,3676.586981404086,3725.308037409793,4340.351465915671,3866.8853885299204,3525.7902439237487
768,Prov. Jawa Barat,Kota Tasikmalaya,P,S2,110,317.0,87.02982262488212,112.56461134573027,113.45875029892962,114.03906832855019,123.31960850303416,103.53890449304417,106.73703752480336
769,Prov. Jawa Tengah,Kab. Banjarnegara,L,D3,21,99.0,22.255947471567477,28.841760495666136,26.903854297403136,28.523888701698027,29.065266071929887,27.550620066758498,31.219000955774145
770,Prov. Jawa Tengah,Kab. Banjarnegara,L,S1,76,812.0,182.5437307768969,118.65524237832155,107.20644009112213,107.86630699614773,143.61719519348435,129.35862470397544,124.82208033982178
771,Prov. Jawa Tengah,Kab. Banjarnegara,P,D3,73,263.0,59.124385707295424,82.72040047888474,76.57594061572799,80.54392555308374,82.0265605940185,54.41336089893515,68.9045771786096
772,Prov. Jawa Tengah,Kab. Banjarnegara,P,S1,136,1048.0,235.59831262831028,181.18293636597485,170.2080498033284,177.70899882303766,204.55442462190564,189.51149597212645,189.0111337468788
773,Prov. Jawa Tengah,Kab. Banyumas,L,D3,303,1474.0,331.3663290211158,375.55495602866597,371.95198541650655,378.53644781238563,360.95689635935867,348.8582831421188,370.35239693378827
774,Prov. Jawa Tengah,Kab. Banyumas,L,D4,111,621.0,139.6054886852869,126.82396276878906,121.49618553021,132.13133524997832,119.77077536551506,116.97978075705845,106.04264030408197
775,Prov. Jawa Tengah,Kab. Banyumas,L,Profesi,1754,1572.0,353.3974689424654,2439.768390159602,2001.8619582020642,2026.9926687395237,2261.944613733154,1503.84751364963,1417.6367087088172
776,Prov. Jawa Tengah,Kab. Banyumas,L,S1,3980,28152.0,6328.782153733006,4624.443866006005,4325.385543839315,4311.405217996267,4779.934343594458,5047.587614501301,4352.783151552095
777,Prov. Jawa Tengah,Kab. Banyumas,L,S2,413,1281.0,287.9784718290701,417.5982029882317,417.03484864164216,407.59301814021086,395.31748238106974,350.68710211793797,374.02213430213067
778,Prov. Jawa Tengah,Kab. Banyumas,L,S3,47,311.0,69.91514811775238,51.72829743500288,52.88808932811149,67.44042004378707,47.966975772958286,51.95376524551255,56.07182245963598
779,Prov. Jawa Tengah,Kab. Banyumas,L,Sp-1,4,33.0,7.41864915718916,6.845154914925265,7.910140152418861,11.242229376660653,13.90168389014369,8.308103656858218,6.464709290144919
780,Prov. Jawa Tengah,Kab. Banyumas,P,D3,595,2395.0,538.4140827717587,742.416216255445,734.2573574298734,760.829129861462,676.990627978599,599.7561681807208,700.4295485481306
781,Prov. Jawa Tengah,Kab. Banyumas,P,D4,264,1434.0,322.37402701240165,320.6375564951553,306.097134700255,331.9377616389728,389.38321046501216,322.2907816989083,298.78041074115134
782,Prov. Jawa Tengah,Kab. Banyumas,P,Profesi,6852,5899.0,1326.1397387351167,10194.481510870111,8377.218165763868,8510.079742575817,8643.612268650139,4834.926209702226,5272.01152352954
783,Prov. Jawa Tengah,Kab. Banyumas,P,S1,7577,41477.0,9324.342760385902,8231.463118476298,7914.9287140487295,8162.97265063446,8810.993369529297,8499.691783839808,7601.837292178107
784,Prov. Jawa Tengah,Kab. Banyumas,P,S2,486,1351.0,303.71500034431983,522.1250469953953,531.9532212484568,533.6049989050973,476.79988653390194,382.4811689025759,430.33983831573244
785,Prov. Jawa Tengah,Kab. Banyumas,P,S3,14,148.0,33.27151743224229,27.714044804454662,28.470160129267246,36.568096313144935,25.254009292086938,25.88443096742579,25.553417134354152
786,Prov. Jawa Tengah,Kab. Banyumas,P,Sp-1,2,10.0,2.248075502178533,2.2540035954989164,2.589843693996792,3.6602389130723405,3.6797406425284254,4.633902205487941,3.649709612910827
787,Prov. Jawa Tengah,Kab. Blora,L,D3,11,45.0,10.116339759803399,12.507292531519353,11.602845878820174,12.045446392764843,11.430266620196447,12.634124337990167,13.88342303912673
788,Prov. Jawa Tengah,Kab. Blora,L,D4,187,822.0,184.79180627907542,155.80955494107988,147.13689187517082,163.3170295705482,169.41318240248646,151.22339409657235,148.3363728795369
789,Prov. Jawa Tengah,Kab. Blora,L,S1,343,2673.0,600.9105817323219,384.7758176606905,335.3714540447366,326.38042820117846,340.3363161395967,290.2066201674955,332.0427767328849
790,Prov. Jawa Tengah,Kab. Blora,P,D3,1,3.0,0.67442265065356,1.0369189800406886,0.9953165918558771,1.0790597189835498,0.7177737721869444,1.6806936725187072,1.7935181818255865
791,Prov. Jawa Tengah,Kab. Blora,P,D4,99,344.0,77.33379727494155,70.40297950391773,67.0109154128981,74.48100556682031,72.7204340742933,49.92068558058887,42.5081280421074
792,Prov. Jawa Tengah,Kab. Blora,P,S1,379,2656.0,597.0888533786184,443.82577651807657,392.210606646974,388.77215632254655,428.83990522566467,369.24675362053745,383.096145687811
793,Prov. Jawa Tengah,Kab. Boyolali,L,Profesi,8,10.0,2.248075502178533,16.150423841108488,12.624960544399277,12.976363950379938,44.75803747370842,5.058825133765874,5.8971283078922285
794,Prov. Jawa Tengah,Kab. Boyolali,L,S1,169,1295.0,291.12577753212,193.65187406367377,164.0166841477085,157.02540758148808,192.36970420256623,174.58579032195456,146.54983360675755
795,Prov. Jawa Tengah,Kab. Boyolali,P,Profesi,342,405.0,91.04705783823059,634.2351555176816,476.65920556817724,467.46293651815705,952.8715609006566,446.1317942502139,384.435866364573
796,Prov. Jawa Tengah,Kab. Boyolali,P,S1,605,1999.0,449.39029288548875,402.5120956598752,361.3158712048768,371.93323003031855,394.80790125775616,337.00396886369504,325.26010346773256
797,Prov. Jawa Tengah,Kab. Brebes,L,D3,25,88.0,19.78306441917109,23.502927465952908,23.10073243407189,24.023524449330445,23.83429596678252,20.705033277378856,23.696502802251164
798,Prov. Jawa Tengah,Kab. Brebes,L,S1,351,2272.0,510.7627540949627,339.55167851773155,321.2726019714553,322.3973413851255,331.0589449721356,301.44908644696284,284.01606197924224
799,Prov. Jawa Tengah,Kab. Brebes,P,D3,163,446.0,100.26416739716258,142.66754136150362,143.49124413739617,153.72339056461453,143.00825472455293,133.35346527591406,129.24853022766362
800,Prov. Jawa Tengah,Kab. Brebes,P,Profesi,32,34.0,7.6434567074070126,56.584832890294905,48.306909935959894,50.732900233064804,23.985580951345874,16.894731599925407,18.354344842066364
801,Prov. Jawa Tengah,Kab. Brebes,P,S1,548,2950.0,663.1822731426673,529.982971409822,513.0720787189927,530.722078226231,556.7180520037167,517.2180479542169,517.5514236201344
802,Prov. Jawa Tengah,Kab. Cilacap,L,D3,374,1542.0,346.6532424359298,409.99966633378705,399.3797991459409,413.71644607855194,388.79483689502416,402.15131935955725,389.9922174199953
803,Prov. Jawa Tengah,Kab. Cilacap,L,D4,46,573.0,128.81472627482995,116.30061298354994,116.24083713393962,132.09900959145895,127.11450113002688,113.73334369512644,92.26246682156663
804,Prov. Jawa Tengah,Kab. Cilacap,L,Profesi,84,94.0,21.131909720478212,142.5587541034002,121.08530500068389,127.1165250926002,101.99789762200871,90.24209240899818,92.50893528230658
805,Prov. Jawa Tengah,Kab. Cilacap,L,S1,475,2945.0,662.058235391578,478.87907996995983,462.38781935123785,478.21344103748964,424.9734681470786,468.1740889178882,433.23245509516437
806,Prov. Jawa Tengah,Kab. Cilacap,P,D3,286,756.0,169.95450796469711,244.10282712718063,244.2524247152297,261.9231516903366,261.1000486674212,230.8935741487854,230.18181269323853
807,Prov. Jawa Tengah,Kab. Cilacap,P,D4,80,776.0,174.45065896905416,170.2194750548116,169.900662720844,192.30740868974814,158.11874880444304,120.85238224905372,133.1210540368374
808,Prov. Jawa Tengah,Kab. Cilacap,P,Profesi,174,178.0,40.01574393877789,291.1346358200998,245.32503063002198,255.4058551423286,190.8676746471338,110.20140409825586,88.95151349759531
809,Prov. Jawa Tengah,Kab. Cilacap,P,S1,841,3835.0,862.1369550854674,708.8047427053847,690.737299662569,722.7956830302244,693.7511013349585,726.134299288207,755.6209331665962
810,Prov. Jawa Tengah,Kab. Demak,L,S1,77,845.0,189.96237993408604,165.34174970577808,146.09500917648162,156.924442342935,126.68867378674936,137.04962285769537,126.81642244315911
811,Prov. Jawa Tengah,Kab. Demak,P,S1,74,542.0,121.8456922180765,109.79711714503819,95.09466302152374,99.80496740708601,91.72668858551496,69.47580143776942,74.16925293938505
812,Prov. Jawa Tengah,Kab. Grobogan,L,D3,17,33.0,7.41864915718916,9.184834573955047,8.191351011301597,8.424437732999765,10.292310844905295,7.593741246449212,6.792388635530485
813,Prov. Jawa Tengah,Kab. Grobogan,L,Profesi,27,31.0,6.969034056753452,33.29090357297843,23.072249832270856,20.870602168037248,43.08746365005964,12.16067551184728,12.86076336816384
814,Prov. Jawa Tengah,Kab. Grobogan,L,S1,61,550.0,123.64415261981932,95.56549139379624,84.61606858448494,87.29975470435295,120.09412074282929,85.90273219868561,93.40396938556168
815,Prov. Jawa Tengah,Kab. Grobogan,P,D3,45,104.0,23.379985222656746,34.77838079451056,31.768283717436777,33.69604633467752,35.78151520645317,25.349150932686438,31.447173559868375
816,Prov. Jawa Tengah,Kab. Grobogan,P,Profesi,192,167.0,37.542860886381504,282.0890111208874,216.815125098158,223.0399962335557,143.8285962739537,94.14957701980852,91.03929269285547
817,Prov. Jawa Tengah,Kab. Grobogan,P,S1,260,1232.0,276.9629018683953,242.64402808713,216.29806159432678,225.33740484787972,285.5148311556523,261.2385012589013,229.8355488668364
818,Prov. Jawa Tengah,Kab. Jepara,L,D4,23,222.0,49.90727614836344,48.33573514387528,43.229348675468756,47.749030487837516,46.46788055679108,38.6606914522614,29.10894748381018
819,Prov. Jawa Tengah,Kab. Jepara,L,S1,524,4182.0,940.1451750110625,580.3285629184471,475.9898305085474,444.4763188877786,559.6859606177658,631.8966140886738,553.0620251534765
820,Prov. Jawa Tengah,Kab. Jepara,L,S2,42,135.0,30.349019279410197,41.977582161000946,37.87136754550406,36.105318412634254,36.96730646664777,41.33819685595459,44.56168522725054
821,Prov. Jawa Tengah,Kab. Jepara,P,D3,23,53.0,11.914800161546225,15.905429700599273,13.689733816703084,13.568126177103446,12.44366014335571,12.476905111295405,14.969692205962703
822,Prov. Jawa Tengah,Kab. Jepara,P,D4,31,227.0,51.031313899452705,53.4264032371728,47.43664977051069,52.004824663689426,53.86333592055156,43.50974615841507,42.934696021718466
823,Prov. Jawa Tengah,Kab. Jepara,P,S1,821,4329.0,973.191884893087,777.3672343749116,670.5670669007533,665.2291280208698,809.3325997369283,818.4432802200658,905.7592410559298
824,Prov. Jawa Tengah,Kab. Jepara,P,S2,45,103.0,23.155177672438892,40.14970495804295,37.56826354603891,37.51224340959745,32.48360842567599,32.278321888920516,34.96032348579792
825,Prov. Jawa Tengah,Kab. Karanganyar,L,D3,80,300.0,67.442265065356,69.59299544231467,58.872486490875175,57.16880196259744,66.39174165895825,42.91601995815136,44.81562033678666
826,Prov. Jawa Tengah,Kab. Karanganyar,L,D4,19,173.0,38.89170618768863,36.611377925412185,33.40858830719521,37.90844174976477,20.522164206046217,25.27351840056132,23.739517021505193
827,Prov. Jawa Tengah,Kab. Karanganyar,L,Profesi,13,15.0,3.3721132532677998,23.6990633463096,18.425499821509376,19.340695868210513,10.008503815706584,6.999460874431884,8.733852002186609
828,Prov. Jawa Tengah,Kab. Karanganyar,L,S1,79,783.0,176.02431182057916,139.1163079958015,124.10999357907717,130.21041291363724,125.96228850600886,157.29701526468918,174.64607750467428
829,Prov. Jawa Tengah,Kab. Karanganyar,L,S2,24,48.0,10.79076241045696,16.502423762885282,15.779630644430101,16.194099944567956,16.374995011748705,15.46772247420181,15.346357186531195
830,Prov. Jawa Tengah,Kab. Karanganyar,L,S3,12,26.0,5.8449963056641865,3.8514661790452815,3.5868834001000236,4.516977924213678,4.253432657480153,5.300939713331231,4.507733497583553
831,Prov. Jawa Tengah,Kab. Karanganyar,P,D3,181,497.0,111.7293524582731,138.32140666299705,119.79825076468327,119.91360042913965,116.50955962262523,124.7184208324836,132.73171808697572
832,Prov. Jawa Tengah,Kab. Karanganyar,P,D4,85,332.0,74.6361066723273,75.51420787864636,68.2939256324959,76.75358485239204,79.03640343221079,42.94802412159129,49.48751258578281
833,Prov. Jawa Tengah,Kab. Karanganyar,P,Profesi,56,54.0,12.139607711764079,90.64719302582502,69.61096423118353,72.07008650645626,55.517181758652406,34.01984730131742,53.33656264665329
834,Prov. Jawa Tengah,Kab. Karanganyar,P,S1,177,1078.0,242.34253913484588,224.34328161296494,203.46157031992095,218.12986239239967,194.47533372210714,233.97202243759187,206.32939679122734
835,Prov. Jawa Tengah,Kab. Karanganyar,P,S2,9,29.0,6.519418956317746,10.398871842096357,9.76780834471297,9.821205249890165,8.987596066858533,6.681667167278743,6.7849736487667744
836,Prov. Jawa Tengah,Kab. Karanganyar,P,S3,1,10.0,2.248075502178533,1.4799037708577698,1.3367963260087936,1.6237458232757167,1.5306462481564327,3.667487992368855,2.198387462307102
837,Prov. Jawa Tengah,Kab. Kebumen,L,D3,65,430.0,96.66724659367692,86.93814250841675,76.32480226379107,71.42029157177721,96.37332026693397,71.97216351586256,93.05599779004038
838,Prov. Jawa Tengah,Kab. Kebumen,L,D4,1,23.0,5.170573655010626,2.156452069032733,1.6704125779660408,1.427845255669923,2.482432498608072,3.71856020136515,4.438486838327033
839,Prov. Jawa Tengah,Kab. Kebumen,L,Profesi,74,88.0,19.78306441917109,109.03786689822431,85.17843666251731,82.86144481765723,70.05329664853618,67.3702025992035,66.75187049551366
840,Prov. Jawa Tengah,Kab. Kebumen,L,S1,648,3488.0,784.1287351598723,516.0493248187341,475.33466976815726,475.03920316963115,482.65025927569485,509.1117887635904,465.8778177024975
841,Prov. Jawa Tengah,Kab. Kebumen,L,S2,45,199.0,44.73670249335281,54.95120366473668,53.16796380353023,51.00821896572587,66.24491501798718,62.67557324748285,67.76233301854313
842,Prov. Jawa Tengah,Kab. Kebumen,P,D3,131,507.0,113.97742796045164,136.83895805715989,126.8825530751193,127.19034962732603,119.54825266181977,143.86722092805707,128.35000098830199
843,Prov. Jawa Tengah,Kab. Kebumen,P,Profesi,208,219.0,49.232853497709876,325.4805158607001,260.2922725931865,260.9865727086901,263.52187054216586,200.86744028390075,193.195785473841
844,Prov. Jawa Tengah,Kab. Kebumen,P,S1,853,4332.0,973.8663075437405,791.2222226781226,751.7222266791949,781.9966300260664,721.9594333111888,761.0378435992595,792.1739976742654
845,Prov. Jawa Tengah,Kab. Kebumen,P,S2,50,151.0,33.94594008289585,50.79587938517575,50.54468661961522,50.262687731175184,49.6480736245369,44.4374145962285,41.32601446056961
846,Prov. Jawa Tengah,Kab. Kendal,L,D3,73,287.0,64.5197669125239,84.2555519068534,79.50166594278828,84.15653841505836,69.93448634634119,77.48067908149282,67.92779151886488
847,Prov. Jawa Tengah,Kab. Kendal,L,Profesi,14,15.0,3.3721132532677998,21.684456570691516,17.087636799028942,17.38165286023508,14.988213174172827,4.105906322989214,4.213341250929011
848,Prov. Jawa Tengah,Kab. Kendal,L,S1,342,3084.0,693.3064848718597,429.98923577995834,371.57136137683955,357.30499769010095,350.4463433262776,362.8059500062485,392.0753297885031
849,Prov. Jawa Tengah,Kab. Kendal,P,D3,73,274.0,61.59726875969181,87.85066925956677,82.54450507545081,87.04884259132236,75.86176097521827,84.07735473842276,91.07673307887029
850,Prov. Jawa Tengah,Kab. Kendal,P,Profesi,55,60.0,13.488453013071199,96.179369147561,75.81026426547872,77.24910055818907,55.34052415043738,32.45886038939273,28.115114040011786
851,Prov. Jawa Tengah,Kab. Kendal,P,S1,389,2995.0,673.2986129024707,514.5562430816167,458.83620194564054,459.2363752377357,441.0021525678351,407.16301068193053,419.293495599891
852,Prov. Jawa Tengah,Kab. Klaten,L,D3,58,147.0,33.04670988202444,40.43544358625322,37.59079794360775,38.28575745418769,29.182449490967887,34.96043493404168,27.00667677152429
853,Prov. Jawa Tengah,Kab. Klaten,L,Profesi,747,781.0,175.57469672014344,1202.2827327493126,969.366460590955,993.8125829037903,1359.263970465872,895.2994188914734,972.0352402841658
854,Prov. Jawa Tengah,Kab. Klaten,L,S1,270,1831.0,411.62262444888944,261.9142718872574,229.04328331868922,219.00517787476375,183.92014819539446,177.2006549586135,212.9575164624708
855,Prov. Jawa Tengah,Kab. Klaten,L,S2,12,30.0,6.7442265065355995,8.160385109954968,7.609463165978293,7.072362656978653,5.67563900669255,6.9642693407348135,6.892581207213979
856,Prov. Jawa Tengah,Kab. Klaten,P,D3,192,454.0,102.06262779890541,148.88967383057843,141.44697307141834,148.16031665808242,96.82966352670208,105.29388501162121,106.39614440166876
857,Prov. Jawa Tengah,Kab. Klaten,P,Profesi,2449,2571.0,577.9802116101009,4330.38303289013,3478.616484370245,3555.2748657360216,4963.796272002804,2464.264405545842,3208.6725149607705
858,Prov. Jawa Tengah,Kab. Klaten,P,S1,471,2388.0,536.8404299202338,434.58286322899903,395.88355764902747,398.58448788445776,306.0254600653972,243.2036298875335,284.5535381475024
859,Prov. Jawa Tengah,Kab. Klaten,P,S2,20,57.0,12.81403036241764,18.385575311956465,17.491871187418894,16.686924714483002,14.441245447081247,11.697986696866083,13.84852093814446
860,Prov. Jawa Tengah,Kab. Kudus,L,D3,36,110.0,24.728830523963865,29.78452182977342,26.34534601593606,25.757631838608578,24.83328141791304,29.8667161937094,28.51463611426959
861,Prov. Jawa Tengah,Kab. Kudus,L,D4,5,35.0,7.868264257624866,6.333736197403179,5.512805606595626,5.625664069755283,5.72053318786514,7.650452889286078,7.058070781209948
862,Prov. Jawa Tengah,Kab. Kudus,L,Profesi,583,679.0,152.6443265979224,982.5434091923271,743.5573486984164,719.6323844685135,503.93444093742244,754.8650182429296,749.6462646188763
863,Prov. Jawa Tengah,Kab. Kudus,L,S1,1092,9989.0,2245.6026191261367,1717.7790675703593,1518.7696225998895,1500.4470657407903,1418.0525350064213,1514.3900439043646,1414.3885190333128
864,Prov. Jawa Tengah,Kab. Kudus,L,S2,83,366.0,82.27956337973431,142.58592860450116,141.31689986133853,144.45797796782577,116.32657768330544,106.0247251685561,117.69941597282474
865,Prov. Jawa Tengah,Kab. Kudus,P,D2,9,20.0,4.496151004357066,7.189915039745891,5.232669547660916,4.362287049606449,4.824427158250626,8.36752493116489,8.897097212611861
866,Prov. Jawa Tengah,Kab. Kudus,P,D3,169,496.0,111.50454490805524,165.41513616473304,150.96298654904209,153.59698888105794,150.97226671109334,129.80171185756203,133.28908094252137
867,Prov. Jawa Tengah,Kab. Kudus,P,D4,16,98.0,22.031139921349624,21.22614148628933,18.901323851680683,19.865010601095957,18.639625128280564,15.301135031628334,13.810161871778973
868,Prov. Jawa Tengah,Kab. Kudus,P,Profesi,2217,2413.0,542.46061867568,3960.4166366092836,3017.990455461878,2950.098821864903,1849.0395984164338,2275.215693223044,3132.683537118527
869,Prov. Jawa Tengah,Kab. Kudus,P,S1,2143,17067.0,3836.7904595681025,3575.6939237094907,3252.264286130113,3331.012114179591,3390.691725756747,3382.0499090109442,3387.270805987275
870,Prov. Jawa Tengah,Kab. Kudus,P,S2,122,405.0,91.04705783823059,175.98238182700547,174.7634795646506,179.34033645772107,154.17055322457915,115.20562524877775,131.47081237266346
871,Prov. Jawa Tengah,Kab. Magelang,L,D3,74,240.0,53.953812052284796,65.81511079829284,63.50771964644528,64.00901852746209,103.25295253123393,55.580550488787175,57.19118787084931
872,Prov. Jawa Tengah,Kab. Magelang,L,D4,115,549.0,123.41934506960146,117.74460397666356,117.11007557015495,130.42954666464578,384.2784349253536,110.77181302524059,105.38090216521928
873,Prov. Jawa Tengah,Kab. Magelang,L,Profesi,26,30.0,6.7442265065355995,46.232148057008935,38.73805220494759,39.360946754844925,101.487418961972,22.216555031243654,27.42167887153539
874,Prov. Jawa Tengah,Kab. Magelang,L,S1,343,2244.0,504.4681426888628,361.8604373376131,340.7173947574939,337.17111258721576,313.44122365243254,287.15398197387896,264.63106717475665
875,Prov. Jawa Tengah,Kab. Magelang,L,S2,10,39.0,8.767494458496278,12.047432032724187,12.117728481429989,11.684690795436138,18.360459123287118,9.27447464075854,7.843959549181077
876,Prov. Jawa Tengah,Kab. Magelang,P,D3,136,369.0,82.95398603038787,123.0846048248675,122.09072900704841,127.47831862861825,231.01146682356938,119.55111600078425,135.9814154266236
877,Prov. Jawa Tengah,Kab. Magelang,P,D4,152,712.0,160.06297575511155,165.7346180165356,163.84409879499157,181.3807579219319,667.956181782883,141.17813771372727,128.05209753491167
878,Prov. Jawa Tengah,Kab. Magelang,P,Profesi,97,101.0,22.705562572003185,171.9350302253621,143.94036976568898,146.30759176047124,317.15251907726315,319.27224095718145,302.0960612604393
879,Prov. Jawa Tengah,Kab. Magelang,P,S1,567,2898.0,651.4922805313389,572.5898373253304,556.0904962814287,572.0181805835311,696.8174566620506,458.1273621366165,465.9922420341783
880,Prov. Jawa Tengah,Kab. Magelang,P,S2,8,27.0,6.069803855882039,11.115046796625137,11.806565096919712,12.191218036097366,26.11619152371835,7.4849333078991185,5.345178368737294
881,Prov. Jawa Tengah,Kab. Pati,L,D3,8,44.0,9.891532209585545,12.663662032034537,12.168698371765009,13.012478700924131,11.259208804896035,11.426399826387708,13.43819366195984
882,Prov. Jawa Tengah,Kab. Pati,L,Profesi,21,23.0,5.170573655010626,30.240911151775283,23.736494374578378,23.736042091547183,22.866164930413763,15.569003636914173,17.118289061756297
883,Prov. Jawa Tengah,Kab. Pati,L,S1,252,2044.0,459.5066326452922,294.7751019652284,263.5449394232025,261.03675564896764,248.54242780188136,284.5528551262122,269.6437744594752
884,Prov. Jawa Tengah,Kab. Pati,L,S2,13,30.0,6.7442265065355995,10.95925544534897,11.37093155383464,12.147933216733609,10.908154173733609,4.469281096240242,4.55000480897026
885,Prov. Jawa Tengah,Kab. Pati,P,D3,61,224.0,50.356891248799144,67.18157882495873,63.39905908088065,66.3997234484332,53.50333804463522,55.99956914021839,64.08028189753767
886,Prov. Jawa Tengah,Kab. Pati,P,Profesi,329,376.0,84.52763888191285,520.208578655001,402.15640857643336,395.26471684009334,271.93895972402,302.7745696548544,296.2858707735798
887,Prov. Jawa Tengah,Kab. Pati,P,S1,732,2471.0,555.4994565883155,418.6018646573952,380.8389815492943,385.89919705918527,337.1778702222158,394.1601225687887,395.11233439301714
888,Prov. Jawa Tengah,Kab. Pati,P,S2,6,18.0,4.0465359039213595,6.955046867741942,7.118257232503144,7.488520034105933,5.937682845256612,4.9966626502474005,5.417116032648006
889,Prov. Jawa Tengah,Kab. Pekalongan,L,D3,47,131.0,29.449789078538785,38.38193807722609,35.65722417174586,36.910823846858484,26.409673511933523,37.267233792054824,35.124259990520486
890,Prov. Jawa Tengah,Kab. Pekalongan,L,S1,142,882.0,198.2802592921466,150.38723801787538,135.86142566631997,137.53475637226992,107.30099903044969,152.16558353042637,122.0733157794587
891,Prov. Jawa Tengah,Kab. Pekalongan,P,D3,127,446.0,100.26416739716258,150.12512390190705,140.97112932426688,148.07330409180696,99.73317456930326,106.68948673885555,106.61564696955553
892,Prov. Jawa Tengah,Kab. Pekalongan,P,S1,113,724.0,162.7606663577258,131.64358885779043,117.59582402507728,117.57436020765914,99.37223707312705,130.8289796203644,115.47301095858268
893,Prov. Jawa Tengah,Kab. Pemalang,L,S1,157,847.0,190.41199503452177,132.88813761047786,112.10318284693757,110.43788690129232,130.84084889064476,129.03661573519352,111.21663094448215
894,Prov. Jawa Tengah,Kab. Pemalang,P,S1,308,1241.0,278.98616982035594,228.1692031790489,195.88416348624858,197.33890531191065,227.73343636489508,227.52811767843116,206.37671250418103
895,Prov. Jawa Tengah,Kab. Purbalingga,L,S1,29,480.0,107.90762410456959,69.00029689972752,58.3557418555986,55.992640429975125,63.98584972293684,78.41500401028301,67.20135720025934
896,Prov. Jawa Tengah,Kab. Purbalingga,P,S1,33,416.0,93.51994089062698,68.5333688228145,58.54802480444144,56.955437500349475,79.25612336847922,65.53800050955982,57.28141753842405
897,Prov. Jawa Tengah,Kab. Purworejo,L,D3,57,146.0,32.821902331806584,42.08992083290395,41.925738666577395,44.339098217277716,39.88934420757333,36.606909942324044,31.911498358774395
898,Prov. Jawa Tengah,Kab. Purworejo,L,D4,2,28.0,6.294611406099893,5.109988182801001,4.905748975770871,5.294539546978012,4.832486319632118,5.366750996105804,5.373516108126982
899,Prov. Jawa Tengah,Kab. Purworejo,L,Profesi,471,478.0,107.45800900413388,741.7453178374362,630.4718226810755,659.8763873946671,727.806562181314,603.0940559758525,629.2561066030925
900,Prov. Jawa Tengah,Kab. Purworejo,L,S1,587,3344.0,751.7564479285015,527.6246239997156,499.53000863599385,503.8161924261153,425.3097803018506,456.838481572532,428.874245090742
901,Prov. Jawa Tengah,Kab. Purworejo,L,S2,2,15.0,3.3721132532677998,5.747917734307765,6.237326728864168,6.68239539202869,4.00851824047684,4.028922706782991,3.464755676365387
902,Prov. Jawa Tengah,Kab. Purworejo,P,D3,157,485.0,109.03166185565885,157.146971924642,157.10871880046238,167.20133900373153,141.17204257710765,143.91027419934923,136.64430333848455
903,Prov. Jawa Tengah,Kab. Purworejo,P,Profesi,902,912.0,205.02448579868224,1537.8253596811155,1299.678511607184,1352.6967965047552,1418.3231452908842,1162.8342570344996,1167.2814348343836
904,Prov. Jawa Tengah,Kab. Purworejo,P,S1,713,3805.0,855.3927285789318,727.1329713160198,706.7706496937212,737.3135182370257,695.0894770678257,744.3097647888351,782.760927694221
905,Prov. Jawa Tengah,Kab. Purworejo,P,S2,8,28.0,6.294611406099893,11.164284080632322,11.892607408862954,12.472266052623471,11.534598252774538,6.421257497212365,4.900481466785635
906,Prov. Jawa Tengah,Kab. Rembang,L,S1,203,1446.0,325.07171761501587,220.4672093547502,196.51624143587551,194.83671874102743,197.4477662154834,194.66331446398368,165.7565177657144
907,Prov. Jawa Tengah,Kab. Rembang,P,S1,280,1485.0,333.83921207351216,278.24946704005004,255.72266768728954,263.6282672960394,279.00590310056157,236.46624853597368,204.36592849605242
908,Prov. Jawa Tengah,Kab. Semarang,L,D3,12,35.0,7.868264257624866,10.180893530027681,10.177251724964256,10.892413664775354,10.96349176940333,6.859262570443067,8.231969979182413
909,Prov. Jawa Tengah,Kab. Semarang,L,D4,4,98.0,22.031139921349624,13.369688770690415,12.134311836327775,12.093764784649153,12.317974864085544,16.70827483505791,17.682510485012518
910,Prov. Jawa Tengah,Kab. Semarang,L,Profesi,50,92.0,20.682294620042505,122.22970384924261,99.80031257961369,99.87778931557004,102.2103648094214,79.86927848062685,84.79785527480733
911,Prov. Jawa Tengah,Kab. Semarang,L,S1,336,3084.0,693.3064848718597,493.1983751573502,474.6743205382411,488.6620854335467,474.3381757822517,505.0207207190177,469.71768158100446
912,Prov. Jawa Tengah,Kab. Semarang,L,S2,59,227.0,51.031313899452705,72.1769072621417,74.54399387077478,75.50027170606143,88.04321121696266,82.37147799694179,82.92701096878534
913,Prov. Jawa Tengah,Kab. Semarang,P,D3,78,269.0,60.47323100860254,81.41073773495967,79.88627358330886,83.69223030507898,93.65737807927921,90.37410780359868,88.18966004096637
914,Prov. Jawa Tengah,Kab. Semarang,P,D4,16,292.0,65.64380466361317,51.17629001711604,47.823589853106235,49.93003489123656,52.47750944904027,48.49235974528211,40.91191051693386
915,Prov. Jawa Tengah,Kab. Semarang,P,Profesi,486,605.0,136.00856788180124,977.9801306176478,820.9173923311513,851.1772342504994,836.7583462712545,886.0455764935858,907.8273262667974
916,Prov. Jawa Tengah,Kab. Semarang,P,S1,1000,5018.0,1128.084286993188,944.8672280902678,929.467453905454,981.8992071096628,1021.9562972305129,803.0976259088742,904.9122306949083
917,Prov. Jawa Tengah,Kab. Semarang,P,S2,20,85.0,19.108641768517533,29.94287700224658,30.925088256878695,31.366673934108494,35.52805120234918,21.099283685736307,18.622791778791235
918,Prov. Jawa Tengah,Kab. Sragen,L,D3,7,18.0,4.0465359039213595,5.878274305981839,5.409962932656076,5.820409103830012,12.120007908635328,5.495892602021004,7.88448730520723
919,Prov. Jawa Tengah,Kab. Sragen,P,D3,35,111.0,24.95363807418172,38.53762154029753,35.038254039721,37.18964327029838,31.639883599843813,37.975480927520906,40.24262539313601
920,Prov. Jawa Tengah,Kab. Sukoharjo,L,D3,347,1247.0,280.3350151216631,348.8615292150709,333.42538503684614,340.42881071260035,357.3627659915712,319.817768045028,333.1742223134449
921,Prov. Jawa Tengah,Kab. Sukoharjo,L,D4,46,164.0,36.86843823572794,30.791429762336534,29.353311003358854,31.560393063804433,28.178312802635624,25.4258677870693,25.31422861639978
922,Prov. Jawa Tengah,Kab. Sukoharjo,L,Profesi,4264,3973.0,893.1603970155312,6314.936874571585,5242.396992960124,5407.900630896701,4303.223586208824,4643.596189107145,4422.486574498255
923,Prov. Jawa Tengah,Kab. Sukoharjo,L,S1,4162,25849.0,5811.05036558129,4321.683591581324,4057.5773407167067,4096.2634920608325,4017.802149925628,4307.1958080153545,3762.739057611665
924,Prov. Jawa Tengah,Kab. Sukoharjo,L,S2,322,1156.0,259.87752805183845,325.3485406410848,312.5643535693098,292.52383523014504,355.1270724895611,325.54370389108607,358.78182439622935
925,Prov. Jawa Tengah,Kab. Sukoharjo,L,S3,25,250.0,56.201887554463326,38.4899215404062,38.644415187353566,48.39443576850367,43.22958243790135,51.30334722032606,53.419025007841704
926,Prov. Jawa Tengah,Kab. Sukoharjo,P,D3,475,1426.0,320.5755666106588,478.11172298542607,467.2987905942175,491.3724323757527,479.40269380983284,391.8903151805941,420.48208499553937
927,Prov. Jawa Tengah,Kab. Sukoharjo,P,D4,157,418.0,93.96955599106269,87.64733915461224,85.37059467368708,93.25124910388236,90.44497189171325,82.44165293181038,62.704279085820026
928,Prov. Jawa Tengah,Kab. Sukoharjo,P,Profesi,13236,12541.0,2819.3114872820984,21685.66944154991,17906.093931509517,18375.97928122655,13283.083390728621,9449.821196334608,12318.367538911978
929,Prov. Jawa Tengah,Kab. Sukoharjo,P,S1,8386,37724.0,8480.640024418299,7443.016284023291,7120.635980997504,7366.228854555077,7590.372586867398,7870.8547478295895,6801.698870149527
930,Prov. Jawa Tengah,Kab. Sukoharjo,P,S2,381,1088.0,244.5906146370244,362.9288829351239,355.68487424284245,341.6174525082977,374.6657327871815,354.7486782285973,418.143610599734
931,Prov. Jawa Tengah,Kab. Sukoharjo,P,S3,22,118.0,26.52729092570669,22.570271961006338,23.44046550063149,30.64407893299518,22.824785700501074,20.42689322274565,20.86307313428516
932,Prov. Jawa Tengah,Kab. Tegal,L,D3,202,796.0,178.94680997341123,192.9303034351429,180.6173518051919,183.0571206451904,177.09059194840466,141.72280315437678,132.75113145316683
933,Prov. Jawa Tengah,Kab. Tegal,L,D4,6,70.0,15.736528515249733,12.226282443328932,11.51626205153795,12.52011458242991,11.662379561346821,14.30759722337754,13.50655337103174
934,Prov. Jawa Tengah,Kab. Tegal,L,Profesi,19,22.0,4.945766104792773,25.447495400425606,19.71255609919395,18.981510512850424,18.577249207132905,13.355195940659033,14.801928827158404
935,Prov. Jawa Tengah,Kab. Tegal,L,S1,197,1335.0,300.1180795408342,231.88689106810278,224.4890963339115,239.9613558347115,236.49249930701023,233.23935340393982,216.07222813944378
936,Prov. Jawa Tengah,Kab. Tegal,P,D3,321,952.0,214.01678780739635,293.07567658091637,285.67027983941625,304.6842284907133,283.0818891588758,262.3673787368205,281.0849663121264
937,Prov. Jawa Tengah,Kab. Tegal,P,D4,6,55.0,12.364415261981932,11.420294829534072,10.983390607351119,12.267717619252053,12.381194221660607,14.549263247866865,11.882310021077847
938,Prov. Jawa Tengah,Kab. Tegal,P,Profesi,86,92.0,20.682294620042505,144.54663944410262,118.91483461021174,123.46839709405937,105.79574584705787,86.3205279068879,70.0699273388182
939,Prov. Jawa Tengah,Kab. Tegal,P,S1,445,2340.0,526.0496675097768,465.086250232626,454.5639096910018,492.3228147083104,449.4152477811683,422.9385414052061,402.24793358986733
940,Prov. Jawa Tengah,Kab. Temanggung,L,D3,5,62.0,13.938068113506905,19.080554231611796,17.917989187006157,19.21620204947081,20.639185714543547,15.710236541916712,20.45634794304709
941,Prov. Jawa Tengah,Kab. Temanggung,L,S1,70,314.0,70.58957076840593,42.72020848245083,35.97080925609351,34.144532039868,36.596253210183534,29.525746218713056,25.488028160797544
942,Prov. Jawa Tengah,Kab. Temanggung,L,S2,6,53.0,11.914800161546225,20.637753890996635,20.906803265291202,22.3748820049435,12.622041073245228,10.7118089408418,10.465097978424915
943,Prov. Jawa Tengah,Kab. Temanggung,P,D3,32,159.0,35.744400484638675,54.45758933867615,51.208061407029334,55.087034364827055,46.39203222404645,38.047896786516525,44.58602511020676
944,Prov. Jawa Tengah,Kab. Temanggung,P,S1,148,547.0,122.96972996916577,93.72231053936791,81.95825150999094,81.61643054629414,91.8028950265913,78.51294827510374,62.61255872180722
945,Prov. Jawa Tengah,Kab. Temanggung,P,S2,1,15.0,3.3721132532677998,6.346920839045355,6.393024033897183,6.803730065329643,3.308149297590379,4.4980391483904905,4.511401432354631
946,Prov. Jawa Tengah,Kab. Wonogiri,L,D3,7,15.0,3.3721132532677998,4.780775360157806,4.656880121185546,5.060647579546865,4.043613640886859,3.4079373941201023,3.599926140978792
947,Prov. Jawa Tengah,Kab. Wonogiri,L,S1,79,582.0,130.83799422679064,100.54730644111092,93.26629781659972,96.5947144144548,86.67043197115446,109.94443963944177,88.13167869877158
948,Prov. Jawa Tengah,Kab. Wonogiri,P,D3,30,76.0,17.085373816556853,21.72951311112161,19.887702054566724,20.04722076112971,21.32094215897903,21.78160305354317,19.13444317384102
949,Prov. Jawa Tengah,Kab. Wonogiri,P,S1,106,664.0,149.2722133446546,133.2410294319132,125.32959335669354,132.23597218941913,117.03586491135589,128.51429922851537,112.19787346961539
950,Prov. Jawa Tengah,Kab. Wonosobo,L,D3,19,119.0,26.752098475924544,28.986338118156745,24.52445920879143,21.74157085691331,22.47940788038092,24.52128947446222,27.995936350286758
951,Prov. Jawa Tengah,Kab. Wonosobo,L,Profesi,23,32.0,7.193841606971306,37.66477845746036,26.465240943326418,22.391791697672367,99.90321382332152,14.185161732371988,21.773693649983247
952,Prov. Jawa Tengah,Kab. Wonosobo,L,S1,724,5474.0,1230.5965298925291,921.6639876437408,798.631934968932,737.4427968027808,911.6070731928004,908.2495778861997,776.6924027350418
953,Prov. Jawa Tengah,Kab. Wonosobo,L,S2,73,182.0,40.9149741396493,67.51146143449827,65.08319953041877,61.58207554869514,61.157865767039986,37.56566675992053,71.33498225549395
954,Prov. Jawa Tengah,Kab. Wonosobo,P,D3,59,179.0,40.24055148899574,60.344986138378864,54.52325917121673,52.47594132036668,55.39147453606529,31.522873303102465,35.22165707840318
955,Prov. Jawa Tengah,Kab. Wonosobo,P,Profesi,48,64.0,14.387683213942612,74.4485650595144,50.57696426772777,41.11366235256336,147.51649693428894,65.75695455638493,89.24287212697426
956,Prov. Jawa Tengah,Kab. Wonosobo,P,S1,883,4962.0,1115.495064180988,1047.412989798633,941.2973243823044,910.3322519426885,1110.0941851739879,1079.7390536464213,1005.9166652673247
957,Prov. Jawa Tengah,Kab. Wonosobo,P,S2,68,125.0,28.100943777231663,51.302128583078925,49.43763637058448,46.82235717476878,47.01808744978892,36.38859513221279,44.60866203168248
958,Prov. Jawa Tengah,Kota Magelang,L,D3,77,433.0,97.34166924433049,132.61063653134664,122.54249726062216,124.45228455702215,171.5051773087806,104.28136417357804,111.33741827009838
959,Prov. Jawa Tengah,Kota Magelang,L,D4,450,1913.0,430.0568435667534,426.986242244794,399.80046285495314,438.3034030877391,1111.7134228203743,436.44960691189505,363.15552440651504
960,Prov. Jawa Tengah,Kota Magelang,L,Profesi,521,283.0,63.62053671165249,340.3408835667825,331.24076097462205,356.1351230853334,2244.510416023597,342.4012201205423,579.573154255723
961,Prov. Jawa Tengah,Kota Magelang,L,S1,710,5849.0,1314.899361224224,1146.1180615364544,1072.590881838617,1110.9097623555497,1076.669867556373,999.1568001775497,825.5155497425071
962,Prov. Jawa Tengah,Kota Magelang,L,S2,3,10.0,2.248075502178533,2.8797635416741545,2.6298441043970064,2.393109405212422,4.063204777290745,3.339856788420357,2.7933114622058333
963,Prov. Jawa Tengah,Kota Magelang,P,D3,93,494.0,111.05492980761953,177.56964757183374,166.90738066027575,173.34141213814135,241.1788434129783,131.32773518446945,114.52183902440534
964,Prov. Jawa Tengah,Kota Magelang,P,Profesi,2204,1195.0,268.6450225103347,1577.4051801166431,1517.292749474488,1619.3831377917656,9646.254164873708,1362.3392534296045,1453.0433266995285
965,Prov. Jawa Tengah,Kota Magelang,P,S1,1420,9056.0,2035.8571747728797,1997.2064383971483,1891.4944533000846,1981.7188909505678,2028.0148698884452,1564.4734157350088,1575.5363665420386
966,Prov. Jawa Tengah,Kota Magelang,P,S2,1,13.0,2.9224981528320932,4.42476256791678,4.118685730021254,3.842415649113123,6.716665230931274,3.823508951918488,4.072444067621847
967,Prov. Jawa Tengah,Kota Pekalongan,L,D3,69,181.0,40.69016658943145,48.53765357257881,44.9127818420416,43.02103341652535,46.59191731687871,25.195484157634574,22.975070744845315
968,Prov. Jawa Tengah,Kota Pekalongan,L,D4,10,111.0,24.95363807418172,19.656304035559202,18.01372323345348,18.03958967164159,20.273941267249924,19.154740292591292,16.780290789731115
969,Prov. Jawa Tengah,Kota Pekalongan,L,Profesi,649,216.0,48.558430847056314,364.19855320733944,295.8381865622216,293.620404874898,424.7368249828714,584.1701723968836,532.0616673433207
970,Prov. Jawa Tengah,Kota Pekalongan,L,S1,1270,7510.0,1688.3047021360783,1386.646252774398,1286.7172665834046,1266.7589943784906,1214.941074930293,1365.95237675778,1178.2742299706676
971,Prov. Jawa Tengah,Kota Pekalongan,L,S2,117,338.0,75.98495197363442,134.43665272915845,137.5443391957437,137.4357196639102,145.41139630226883,88.13595366320428,95.59205178691373
972,Prov. Jawa Tengah,Kota Pekalongan,P,D3,179,473.0,106.33397125304462,168.4974583448809,163.29663539150525,166.57361771158043,157.034566331343,98.38295848325068,111.58839271910807
973,Prov. Jawa Tengah,Kota Pekalongan,P,D4,6,30.0,6.7442265065355995,7.006472379370465,6.981869097090375,7.604638358556306,11.36240642932671,9.76439608884193,7.954441191543934
974,Prov. Jawa Tengah,Kota Pekalongan,P,Profesi,1435,511.0,114.87665816132305,943.9825576462302,764.2809184153427,756.570158770563,1083.5678974765594,900.7097826533749,859.4556712953222
975,Prov. Jawa Tengah,Kota Pekalongan,P,S1,2705,13058.0,2935.5369907447284,2902.8540662204946,2760.5132507182016,2804.8951726946225,2557.98376642533,2726.9489346122796,2512.355356236761
976,Prov. Jawa Tengah,Kota Pekalongan,P,S2,82,215.0,48.33362329683846,95.6307666928017,98.1122371017049,98.50844086452189,137.41860662153147,75.42944405098432,96.01966084758267
977,Prov. Jawa Tengah,Kota Salatiga,L,D3,31,152.0,34.170747633113706,37.46378238815029,31.131245039540232,29.194150173517418,39.11054093459946,28.863741605408407,30.24477738067991
978,Prov. Jawa Tengah,Kota Salatiga,L,D4,33,229.0,51.480928999888405,46.663016023128236,41.069381692113105,43.706138810294355,39.31119446759,36.82606265605154,28.739942249422587
979,Prov. Jawa Tengah,Kota Salatiga,L,Profesi,2344,1460.0,328.21902331806587,2347.8769787972883,1765.3666297739169,1758.8148229840767,1998.9337534623323,1813.1905705811944,1659.5427199145429
980,Prov. Jawa Tengah,Kota Salatiga,L,S1,2211,11473.0,2579.217023649431,2141.292143920954,1921.4812156466273,1970.4843310326607,1962.4531437609896,2148.3845525814545,1879.896461444929
981,Prov. Jawa Tengah,Kota Salatiga,L,S2,215,570.0,128.1403036241764,197.68709451374113,182.32731168385945,177.0248455940853,211.42348961482296,162.22658878465904,151.6299538089933
982,Prov. Jawa Tengah,Kota Salatiga,L,S3,30,241.0,54.17861960250265,43.23924229987866,40.995732648140994,52.19224254662342,43.81842533330727,55.37212097377302,53.556503424486955
983,Prov. Jawa Tengah,Kota Salatiga,P,D3,45,105.0,23.6047927728746,34.07370338978057,29.70811551884699,29.65095063475235,37.4290991561492,30.035418116433647,29.696273711800586
984,Prov. Jawa Tengah,Kota Salatiga,P,D4,27,111.0,24.95363807418172,25.07821108316255,22.38180371344958,24.0561667350479,23.886588199560478,24.181155047846683,23.124721108659756
985,Prov. Jawa Tengah,Kota Salatiga,P,Profesi,7284,4193.0,942.618058063459,7306.589120706972,5457.990041538737,5401.86394673992,5824.4654854416385,4431.249024736045,4462.73321730332
986,Prov. Jawa Tengah,Kota Salatiga,P,S1,4261,16907.0,3800.821251533246,3603.968872333914,3269.5909419910568,3399.024006837944,3255.9302137939994,3348.250801268882,3455.961327227477
987,Prov. Jawa Tengah,Kota Salatiga,P,S2,244,609.0,136.90779808267266,247.0589219574613,231.54635264275205,229.61335352615217,252.47002997425926,177.01655677873887,197.97152617877464
988,Prov. Jawa Tengah,Kota Salatiga,P,S3,13,98.0,22.031139921349624,20.73551535259093,20.025662050076185,26.11669668054705,19.04371928212638,16.852257192039595,16.42370320444752
989,Prov. Jawa Tengah,Kota Semarang,L,D3,2213,8196.0,1842.5226815855258,2204.635575350899,2251.7185323855388,2297.670833119863,3141.1924675440227,2003.941198640117,2238.8879602887164
990,Prov. Jawa Tengah,Kota Semarang,L,D4,1629,9526.0,2141.516723375271,1808.4505415913172,1865.0514509317702,2037.8791870861262,2331.774902177836,1774.876850071702,1546.4135411103807
991,Prov. Jawa Tengah,Kota Semarang,L,Profesi,11923,12329.0,2771.6522866359137,9913.964640933867,7233.461482072924,5886.654946597754,20217.968392969684,12368.564016868286,12453.30579486156
992,Prov. Jawa Tengah,Kota Semarang,L,S1,18987,108937.0,24489.860098082285,17353.44742446938,17712.958734383887,18025.669388025435,19251.96285554576,17837.354942890164,17960.248112451314
993,Prov. Jawa Tengah,Kota Semarang,L,S2,3865,10425.0,2343.618711021121,3348.510098254984,3595.0728214476444,3565.839945833208,5752.690488573591,3149.190638096087,3482.240990056871
994,Prov. Jawa Tengah,Kota Semarang,L,S2 Terapan,1,4.0,0.8992302008714133,1.8818053685023708,1.8286896984762901,1.6544341317242863,3.548778503096228,3.577911331404147,3.2511877400737044
995,Prov. Jawa Tengah,Kota Semarang,L,S3,451,3262.0,733.3222288106375,534.8589373041918,587.9773541182624,761.0154494436099,874.7664582246146,576.235266616338,546.7847195303291
996,Prov. Jawa Tengah,Kota Semarang,L,Sp-1,112,465.0,104.5355108513018,92.8449321897759,114.54986572468492,163.82391406848197,202.886017684627,115.46264437833996,122.78543859954472
997,Prov. Jawa Tengah,Kota Semarang,P,D3,4154,12064.0,2712.0782858281823,3858.523424206894,4005.19117016071,4187.297089149856,5309.970547735044,3341.9983172122256,3382.755003653035
998,Prov. Jawa Tengah,Kota Semarang,P,D4,2511,11342.0,2549.7672345708925,2439.6268557568833,2552.158181373243,2828.38957216025,3504.195363717549,2434.518734226233,2207.2967345439406
999,Prov. Jawa Tengah,Kota Semarang,P,Profesi,25882,26292.0,5910.640110327799,24696.464585571273,18303.0702614486,15205.81323575139,42719.62471542771,22978.113241353476,27530.06344363948
1000,Prov. Jawa Tengah,Kota Semarang,P,S1,31158,141237.0,31751.14397011895,26402.533637722318,27618.549511942463,28870.014572410673,28359.990200265354,26206.32832110509,26373.288713868646
1001,Prov. Jawa Tengah,Kota Semarang,P,S2,3517,9426.0,2119.0359683534853,3464.6255205604466,3755.3267411205215,3774.0905165409395,5723.239033627512,3193.3526169382562,3578.2598676794196
1002,Prov. Jawa Tengah,Kota Semarang,P,S2 Terapan,61,99.0,22.255947471567477,48.78168046527457,46.62541596078829,41.39063559983232,117.21041834614965,31.63320423026879,35.19190468394693
1003,Prov. Jawa Tengah,Kota Semarang,P,S3,284,1807.0,406.22724324366095,348.65080597527475,390.16010954496545,516.886165646093,511.0296180498238,395.39734619317136,364.4807842892424
1004,Prov. Jawa Tengah,Kota Semarang,P,Sp-1,126,555.0,124.76819037090858,118.36851285830551,144.47473635674513,204.19260774402466,291.57806834492374,137.51579604584134,137.39466243752554
1005,Prov. Jawa Tengah,Kota Surakarta,L,D1,11,20.0,4.496151004357066,14.588368423500814,5.824861244592407,5.674103230178327,11.340138061516116,13.163922247380688,17.827895788641786
1006,Prov. Jawa Tengah,Kota Surakarta,L,D2,35,78.0,17.534988916992557,32.921356298160944,28.283883745047902,27.206914188479143,33.47200448331803,23.89985308258325,30.711935242998678
1007,Prov. Jawa Tengah,Kota Surakarta,L,D3,1088,4549.0,1022.6495459410147,1104.044323441364,1085.2924846583153,1103.3998539103252,1081.6346926857543,975.4158991094985,1104.5473581769763
1008,Prov. Jawa Tengah,Kota Surakarta,L,D4,717,3236.0,727.4772325049734,588.8322943914361,572.0450917791379,621.7666745430608,526.6095556839134,609.3548174484953,527.624607671399
1009,Prov. Jawa Tengah,Kota Surakarta,L,Profesi,7094,7799.0,1753.274084149038,11253.304896815478,9294.538119197328,9438.671078007788,9291.941424701197,7364.7949206738995,7682.188474617151
1010,Prov. Jawa Tengah,Kota Surakarta,L,S1,5373,34808.0,7825.101207983038,5298.940555477872,5085.782843736788,5139.897057638349,5273.855404800616,5700.9707709699,5187.143948310603
1011,Prov. Jawa Tengah,Kota Surakarta,L,S2,772,2767.0,622.0424914528002,762.7943388606972,745.6457752829632,706.1850843449766,1010.6610774873401,706.2240131513882,743.1912667329701
1012,Prov. Jawa Tengah,Kota Surakarta,L,S3,160,1103.0,247.9627278902922,159.89534630590651,161.452799129503,201.69456007401888,204.42645919703418,224.17277996625378,202.97728604855124
1013,Prov. Jawa Tengah,Kota Surakarta,L,Sp-1,89,498.0,111.95416000849094,79.60885615951555,87.61287446932258,116.66366471764171,131.9107404944702,113.45889323303935,107.15012531857698
1014,Prov. Jawa Tengah,Kota Surakarta,L,Sp-2,1,7.0,1.5736528515249733,2.3858250252847184,2.6440362480600026,2.690663090697486,1.9301057685781648,2.8953296716577435,3.2133156576692645
1015,Prov. Jawa Tengah,Kota Surakarta,P,D1,5,23.0,5.170573655010626,12.901122079874854,4.624779659903227,3.951704900799301,7.823014855400729,14.68140968692187,20.927249672118496
1016,Prov. Jawa Tengah,Kota Surakarta,P,D2,65,170.0,38.217283537035065,81.2180607591736,70.22117599118637,68.17280228374548,80.27646419231347,34.59491497100132,50.13287013861448
1017,Prov. Jawa Tengah,Kota Surakarta,P,D3,3112,8952.0,2012.4771895502229,2624.0713505767567,2634.4480158399747,2760.264559777765,2657.022520097696,2203.802099475949,2564.9905602255144
1018,Prov. Jawa Tengah,Kota Surakarta,P,D4,1478,6126.0,1377.1710526345694,1273.5607164120995,1249.2741246368585,1375.5445809507253,1236.4741476947372,1349.187623686862,1209.5216722408893
1019,Prov. Jawa Tengah,Kota Surakarta,P,Profesi,17286,18880.0,4244.36654811307,29391.00849592897,24086.236709520083,24260.208884783668,22307.926802295176,13741.065574607203,18099.839399492303
1020,Prov. Jawa Tengah,Kota Surakarta,P,S1,8981,46212.0,10388.806510667437,8427.853876502119,8327.897311084143,8702.485074326112,9044.296622338827,9474.288085017532,9016.674316306164
1021,Prov. Jawa Tengah,Kota Surakarta,P,S2,907,2820.0,633.9572916143463,894.8756855802293,884.6991941406181,850.80743239803,1120.568948935253,759.5359348603948,841.8393171595526
1022,Prov. Jawa Tengah,Kota Surakarta,P,S3,172,978.0,219.86178411306054,173.69265851181055,180.67172749932453,234.42807429435146,199.64500824362074,211.59497658404686,215.30289065159437
1023,Prov. Jawa Tengah,Kota Surakarta,P,Sp-1,75,463.0,104.08589575086609,83.31661341654412,92.12619932608736,123.56119168227302,132.88046501176296,83.51036622779934,98.09097683687801
1024,Prov. Jawa Tengah,Kota Surakarta,P,Sp-2,4,7.0,1.5736528515249733,2.5925303710134964,2.8567400269668406,2.890881254482152,1.6721005262319084,2.7634602031682904,2.8726822113342054
1025,Prov. Jawa Tengah,Kota Tegal,L,D3,82,1075.0,241.66811648419232,323.70139520459145,291.81700424126615,286.09417585827526,293.8785834105279,264.180207051605,244.00476436090028
1026,Prov. Jawa Tengah,Kota Tegal,L,D4,133,972.0,218.51293881175343,188.57771529628826,165.4854462154733,167.10363514238608,170.14893633029965,211.27409320293475,162.35308709770013
1027,Prov. Jawa Tengah,Kota Tegal,L,Profesi,642,628.0,141.17914153681187,998.1298300789063,767.0265113134683,741.0478759523345,1079.541443388707,777.8805845486277,782.2158472125869
1028,Prov. Jawa Tengah,Kota Tegal,L,S1,508,3437.0,772.6635500987618,531.5292778207432,477.7781271763791,454.30380158299965,619.5063460207815,638.7475505320932,530.7940504621649
1029,Prov. Jawa Tengah,Kota Tegal,L,S2,106,282.0,63.39572916143464,74.54748948341758,65.08191716970846,55.7642181055205,66.70256551223245,52.312632151400265,62.27349243433832
1030,Prov. Jawa Tengah,Kota Tegal,P,D3,81,1401.0,314.9553778552125,502.02012961433934,462.22742089181565,465.73645981110013,430.7917157519408,374.4654013433207,424.07457468725113
1031,Prov. Jawa Tengah,Kota Tegal,P,D4,85,538.0,120.94646201720508,123.21526669019838,110.17232208348975,114.00366855077223,103.29925188219084,125.29924024316783,99.50189608687874
1032,Prov. Jawa Tengah,Kota Tegal,P,Profesi,2081,2023.0,454.78567409071724,3557.275918590629,2732.5269122876707,2642.417434677251,3481.900405781084,1460.6690952801491,1712.2240628217874
1033,Prov. Jawa Tengah,Kota Tegal,P,S1,571,3132.0,704.0972472823166,597.6463028579844,558.187712694406,554.8621410537088,644.0174013852512,603.7942482215624,580.6251280671797
1034,Prov. Jawa Tengah,Kota Tegal,P,S2,123,214.0,48.10881574662061,77.56894207852078,72.11963820357283,66.85989129280802,77.3538631385144,82.70726649795563,100.62278369868376
1035,Prov. Jawa Timur,Kab. Bangkalan,L,D3,15,93.0,20.908361325226338,26.136633087475662,25.048856217703477,25.864168615760732,24.834553401463374,28.85626906331434,33.18080890274366
1036,Prov. Jawa Timur,Kab. Bangkalan,L,Profesi,485,523.0,117.58142981820833,797.499211061047,665.4828790988835,775.7971719012597,1050.0707635504953,616.6118803873273,757.6514505702274
1037,Prov. Jawa Timur,Kab. Bangkalan,L,S1,1729,9901.0,2225.9536073232903,1759.8666887872146,1742.534565654043,1856.578951690496,1916.189384635603,1437.1546840297117,1403.1779825742146
1038,Prov. Jawa Timur,Kab. Bangkalan,L,S2,38,105.0,23.60621439944909,37.75081864860909,38.16955438662515,39.35799085148546,36.264092593067616,29.608393018198228,36.56277167394138
1039,Prov. Jawa Timur,Kab. Bangkalan,P,D3,54,539.0,121.17856725050534,100.59030573245266,87.13155800821988,76.69069436769098,118.27628978692644,142.0173999542451,123.23538849910727
1040,Prov. Jawa Timur,Kab. Bangkalan,P,Profesi,1706,1849.0,415.6941945198226,3095.2021571307887,2579.568912668612,2981.780861717001,3671.345495585037,2163.940538703158,1946.0209379637133
1041,Prov. Jawa Timur,Kab. Bangkalan,P,S1,2728,14315.0,3218.3138964582263,2862.4647233218425,2848.435984967103,3063.8625017967547,2860.6055141944416,3050.18051395075,2806.9472454750367
1042,Prov. Jawa Timur,Kab. Bangkalan,P,S2,47,108.0,24.28067766800478,43.89420791624103,44.666310773460125,46.72994905922858,38.112449314682074,31.96979986578823,39.81774630729687
1043,Prov. Jawa Timur,Kab. Banyuwangi,L,D2,5,10.0,2.2482108951856277,3.2346106065065725,2.807466799278654,2.5092010919802696,2.156068100494908,3.5534063239501226,4.272785560921801
1044,Prov. Jawa Timur,Kab. Banyuwangi,L,D3,176,619.0,139.16425441199036,165.67736358658456,156.65240653901546,166.92732902540877,155.16189711530444,151.5486150330459,141.70307755555368
1045,Prov. Jawa Timur,Kab. Banyuwangi,L,D4,365,1767.0,397.2588651793004,313.1287767535557,316.6430896337771,353.6851495587249,343.28142626702817,379.8171654424534,399.0110311415379
1046,Prov. Jawa Timur,Kab. Banyuwangi,L,Profesi,74,129.0,29.0019205478946,122.67624944989889,91.01784444129669,82.7600063735565,107.81167615052803,88.00597354819199,99.17023645536308
1047,Prov. Jawa Timur,Kab. Banyuwangi,L,S1,680,6684.0,1502.7041623420737,758.0449236676498,680.9824539007103,642.5744326035717,758.1695383326017,810.7424213571443,802.8554265469558
1048,Prov. Jawa Timur,Kab. Banyuwangi,L,S2,87,391.0,87.90504600175805,86.90175577098566,79.3272602676088,72.51240040402705,74.41009837905563,97.22195859490232,105.17611624599382
1049,Prov. Jawa Timur,Kab. Banyuwangi,P,D1,2,2.0,0.44964217903712556,1.9258357540015019,0.8170758697523184,0.7986005415257967,1.2532315285495985,2.250598621101775,2.8655991386486206
1050,Prov. Jawa Timur,Kab. Banyuwangi,P,D2,9,28.0,6.294990506519758,11.120206575888453,9.86923696717972,9.13715864174636,7.498186624534866,7.893002979951155,10.822398795617035
1051,Prov. Jawa Timur,Kab. Banyuwangi,P,D3,185,623.0,140.0635387700646,187.63914065736813,178.2757542928761,191.48676750911176,195.40539590307495,167.10834050143453,203.0127456791511
1052,Prov. Jawa Timur,Kab. Banyuwangi,P,D4,406,1651.0,371.1796187951471,334.62367477444207,341.31933506352686,387.95148953167296,454.79256278884554,365.54990913847587,374.51146553874315
1053,Prov. Jawa Timur,Kab. Banyuwangi,P,Profesi,263,336.0,75.53988607823709,463.8906199208244,363.9751201366502,361.5349446896694,373.2839329917675,257.5039362854119,257.4266004397578
1054,Prov. Jawa Timur,Kab. Banyuwangi,P,S1,1092,7403.0,1664.3505257059203,1024.7012358234551,940.4085351756496,919.4446791039486,907.9232161611953,862.7014289148823,1208.2178473896486
1055,Prov. Jawa Timur,Kab. Banyuwangi,P,S2,71,288.0,64.74847378134608,75.19722348574936,69.57025944769815,64.95899286095901,64.33875236947645,68.51086989200563,68.76977780583832
1056,Prov. Jawa Timur,Kab. Blitar,L,S1,21,285.0,64.0740105127904,43.14587193675278,33.16359476063575,34.21009261364514,49.496951719003754,48.999849952744405,45.13527053079289
1057,Prov. Jawa Timur,Kab. Blitar,P,S1,40,425.0,95.54896304538919,74.41435743614981,57.78895291603514,60.591529552654194,78.04621157297439,55.883897379795144,64.1539368717007
1058,Prov. Jawa Timur,Kab. Bojonegoro,L,D3,31,68.0,15.287834087262269,19.013525534951423,18.0191886309484,19.38290615254996,18.994361539770203,21.752381979234322,16.212909035730156
1059,Prov. Jawa Timur,Kab. Bojonegoro,L,Profesi,56,73.0,16.411939534855083,113.64088578353585,92.54814023513408,98.47617478118663,87.77311003368655,94.10613337328724,77.96659785322196
1060,Prov. Jawa Timur,Kab. Bojonegoro,L,S1,899,6486.0,1458.1895866173982,841.0941921445562,773.4869025513842,775.6686950235938,817.1177314049834,807.1991727444309,827.4079863936624
1061,Prov. Jawa Timur,Kab. Bojonegoro,L,S2,39,136.0,30.575668174524537,23.616291760553636,20.397420213732822,17.257127370281367,13.498525432388465,15.139146580203636,16.80232945124509
1062,Prov. Jawa Timur,Kab. Bojonegoro,P,D3,77,208.0,46.76278661986106,67.55667981628156,64.74163445492812,70.88221094751965,66.88348551685664,38.44379021435795,51.641622972042
1063,Prov. Jawa Timur,Kab. Bojonegoro,P,Profesi,155,189.0,42.491185919008366,316.4942177431951,256.65133809131106,271.26768090519107,280.88580791272227,225.62455443040307,197.94134322848961
1064,Prov. Jawa Timur,Kab. Bojonegoro,P,S1,1758,8561.0,1924.693347368416,1441.9029764979823,1371.9447760814064,1456.2569743170834,1486.8696132723146,1415.967609386747,1381.8625296214577
1065,Prov. Jawa Timur,Kab. Bojonegoro,P,S2,15,59.0,13.264444281595203,11.417591906292055,9.889317771928814,8.404673434792635,9.646210739687811,17.27696712081239,19.867396038534018
1066,Prov. Jawa Timur,Kab. Bondowoso,L,D3,17,57.0,12.814802102558078,17.012508684844413,15.580230888037665,17.215222918972618,13.961901409802417,11.518454952756125,12.065034107759795
1067,Prov. Jawa Timur,Kab. Bondowoso,L,S1,435,2449.0,550.5868482309603,344.86674007589465,306.7777727489361,311.8172160897792,320.52101681024806,425.24293725807667,369.30432108446325
1068,Prov. Jawa Timur,Kab. Bondowoso,L,S2,24,67.0,15.063012997743707,22.499366024908166,21.15860093128378,22.201340707350795,19.504638888311177,20.540286089152573,16.994104167705157
1069,Prov. Jawa Timur,Kab. Bondowoso,P,D3,36,302.0,67.89596903460595,87.034827445856,77.66517962951747,82.37268881134676,74.2079930676127,55.58258977829918,62.9129806618622
1070,Prov. Jawa Timur,Kab. Bondowoso,P,S1,506,2604.0,585.4341171063375,423.81458709108256,380.85784424445615,393.4486310022216,401.43282719750545,504.7551563851682,521.0212878978817
1071,Prov. Jawa Timur,Kab. Bondowoso,P,S2,20,48.0,10.791412296891014,18.68514442668946,17.761388307443966,18.9564229515914,15.178168133433832,14.436515830791985,17.120584067768053
1072,Prov. Jawa Timur,Kab. Gresik,L,D3,30,211.0,47.437249888416744,59.932430356178294,57.487219913248424,62.14723928846142,62.347959980673494,51.150617444779314,58.61087571293819
1073,Prov. Jawa Timur,Kab. Gresik,L,Profesi,476,508.0,114.20911347542989,745.0410555076056,604.8333604722669,631.0290577396049,763.5554351204071,641.0583982396979,653.471358691298
1074,Prov. Jawa Timur,Kab. Gresik,L,S1,1194,7810.0,1755.8527091399753,1039.1278249393258,967.0815192950718,962.0083771376223,1036.6886882792237,992.7553970201279,1106.409446769216
1075,Prov. Jawa Timur,Kab. Gresik,L,S2,138,318.0,71.49310646690296,103.92728768940508,102.8152748468404,106.21950143379335,108.98360545985679,72.90629382443906,84.12580626912205
1076,Prov. Jawa Timur,Kab. Gresik,P,D3,74,259.0,58.22866218530776,65.61130537126873,60.417834851438386,61.65051085377607,64.9416876604153,54.67603836610988,67.87233120025228
1077,Prov. Jawa Timur,Kab. Gresik,P,Profesi,1823,1952.0,438.8507667402345,3213.251483508491,2619.6948873076876,2751.745415168536,2867.080117256769,1767.7860013672348,1740.8848577064723
1078,Prov. Jawa Timur,Kab. Gresik,P,S1,1573,8054.0,1810.7090549825045,1316.4762700310584,1252.824398610479,1290.162789681202,1314.0524605528155,1355.628892522708,1412.9448079253166
1079,Prov. Jawa Timur,Kab. Gresik,P,S2,145,385.0,86.55611946464667,148.4750519896438,149.00386155063424,157.46458615046282,140.53783203636536,114.54289055183837,115.73378832112964
1080,Prov. Jawa Timur,Kab. Jember,L,D2,12,17.0,3.821958521815567,7.4520825866260445,6.870076163943187,6.506388813769749,5.639406855138791,6.156348121581074,6.922822202785551
1081,Prov. Jawa Timur,Kab. Jember,L,D3,610,2349.0,528.1047392791039,537.4691283357844,492.527278265176,483.85741676013856,446.49399760551205,488.60929780357037,455.4295931964681
1082,Prov. Jawa Timur,Kab. Jember,L,D4,746,4743.0,1066.3264275865433,745.3230061112454,735.4849340355617,763.3385906185908,685.5548975899462,803.8958438840747,727.037954086451
1083,Prov. Jawa Timur,Kab. Jember,L,Profesi,3193,1143.0,256.97050531971723,1744.9792855517605,1422.7183844024098,1446.4390438010148,883.6347409225081,1253.5525342226513,1036.8024193687265
1084,Prov. Jawa Timur,Kab. Jember,L,S1,5188,33013.0,7422.018628276313,4889.115851037575,4632.948179493993,4596.901689249355,4609.032041723967,4411.736803760525,4477.344523977656
1085,Prov. Jawa Timur,Kab. Jember,L,S2,617,2648.0,595.3262450451542,568.2976465553202,514.759983922891,447.7871160548573,360.57781841184305,567.5036307086177,655.7622321792236
1086,Prov. Jawa Timur,Kab. Jember,L,S3,72,474.0,106.56519643179875,53.26325117249221,52.83882081038212,62.67736789704748,60.82043922383514,64.17212241136562,60.73396860179827
1087,Prov. Jawa Timur,Kab. Jember,P,D2,16,21.0,4.721242879889818,10.03729142427666,9.239000361428086,8.728869307711957,7.657391821085168,9.887742877819024,10.035979093344245
1088,Prov. Jawa Timur,Kab. Jember,P,D3,1002,3397.0,763.7172410945577,952.5857183015185,891.7933325775829,903.2420560869832,790.2338977601074,831.0465161897617,904.7009874287786
1089,Prov. Jawa Timur,Kab. Jember,P,D4,783,4278.0,961.7846209604115,770.3710171192174,766.481335050212,804.9459201260687,802.0349131381392,838.7510707497776,840.623973362834
1090,Prov. Jawa Timur,Kab. Jember,P,Profesi,8975,3216.0,723.0246238916978,5343.306685240196,4348.094602265902,4407.325878274993,2517.7960799487155,4929.3552460677165,5557.087534513397
1091,Prov. Jawa Timur,Kab. Jember,P,S1,10413,49994.0,11239.705549391028,9028.722878899252,8737.783467792355,8971.80964496909,9094.637765525245,8263.474723674895,8763.285256267784
1092,Prov. Jawa Timur,Kab. Jember,P,S2,710,2043.0,459.3094858864238,631.5339846447416,603.9929164567423,572.583600766952,515.852278160622,483.52861967525206,664.4552237670514
1093,Prov. Jawa Timur,Kab. Jember,P,S3,28,204.0,45.863502261786806,31.333998400405385,32.477068819576346,41.28765586030335,32.529397683620346,27.330744238434516,24.29496390261455
1094,Prov. Jawa Timur,Kab. Jombang,L,D3,22,147.0,33.04870015922873,38.90742983060661,37.865221097258704,39.172138068072016,32.97361297723896,32.53276465083981,41.05718191847661
1095,Prov. Jawa Timur,Kab. Jombang,L,Profesi,323,306.0,68.79525339268021,297.0723044372196,228.4763013014877,204.82589443608933,282.6945585520394,234.12322201331494,226.75460777670142
1096,Prov. Jawa Timur,Kab. Jombang,L,S1,1661,9361.0,2104.550218983266,1269.3872647150147,1221.4459351098092,1204.1417486263413,1336.8262826155108,1258.2434632686227,1320.8814983008788
1097,Prov. Jawa Timur,Kab. Jombang,L,S2,86,292.0,65.64775813942033,78.19718025360181,76.49834187432026,72.66413579761513,81.75218654526779,74.77361736397967,73.71790133119224
1098,Prov. Jawa Timur,Kab. Jombang,P,D3,152,476.0,107.01483861083588,144.85889454010044,142.26784947650236,149.3169787895807,137.7331897725344,112.11819479171797,130.79498401879044
1099,Prov. Jawa Timur,Kab. Jombang,P,Profesi,1758,1338.0,300.810617775837,1689.1527504610121,1343.7966162280895,1270.8456057949713,1289.4978114026628,1232.292372610431,1178.9385749467826
1100,Prov. Jawa Timur,Kab. Jombang,P,S1,3079,11514.0,2588.590024716732,2035.4368332890858,2026.3384685553203,2104.173822257221,2083.597245978459,2216.5975863374497,2166.3686090962715
1101,Prov. Jawa Timur,Kab. Jombang,P,S2,78,269.0,60.476873080493384,81.3221060579257,79.98746238479026,76.63490697303251,79.52592484050737,70.7019181029541,65.67099583304145
1102,Prov. Jawa Timur,Kab. Kediri,L,D3,43,111.0,24.95514093656047,26.660668184466278,23.85434189688678,23.92365622799613,24.778800051061907,32.10414710774283,35.93257562540046
1103,Prov. Jawa Timur,Kab. Kediri,L,Profesi,81,111.0,24.95514093656047,113.67263923037629,82.84128573742531,75.51631589084936,61.517478865136724,89.76748113119,110.02656194996369
1104,Prov. Jawa Timur,Kab. Kediri,L,S1,562,6439.0,1447.6229954100256,1106.8920021373801,1045.852065976949,1100.494588830893,1161.3289704897513,1228.1844822977166,1027.0885615714376
1105,Prov. Jawa Timur,Kab. Kediri,P,D3,197,578.0,129.9465897417293,158.1895798271144,142.58019742979658,144.7051302927607,147.20073452494668,170.11557119489106,180.71215411089213
1106,Prov. Jawa Timur,Kab. Kediri,P,Profesi,391,476.0,107.01483861083588,682.7901448661955,522.4494392297415,514.3858194123193,308.470734138371,384.70918600644063,427.27416074588194
1107,Prov. Jawa Timur,Kab. Kediri,P,S1,953,10819.0,2432.339367501331,2097.0072995617656,1991.6020012251536,2112.5894018822883,2213.4818806875455,1961.8330504076605,1963.5195099447371
1108,Prov. Jawa Timur,Kab. Lamongan,L,D3,5,53.0,11.915517744483827,11.480528940797454,10.393457699020228,10.19129958173049,11.34619474086546,15.858059482784086,14.138234915474236
1109,Prov. Jawa Timur,Kab. Lamongan,L,Profesi,34,46.0,10.341770117853887,61.376421644315165,48.7275747700591,48.80290842734816,56.8079535646839,34.3737333101377,31.566351902013672
1110,Prov. Jawa Timur,Kab. Lamongan,L,S1,1358,7779.0,1748.8832553649,1053.3607883306006,980.6425485742153,971.0686095693587,1039.786239590633,972.6001131411533,1075.5052066330784
1111,Prov. Jawa Timur,Kab. Lamongan,L,S2,175,490.0,110.16233386409576,129.1341174975696,121.94625353286028,116.40187390894268,128.98477808821983,126.09335302216058,126.65249025446838
1112,Prov. Jawa Timur,Kab. Lamongan,P,D3,115,295.0,66.32222140797602,85.59980793131749,80.63902624420437,84.20131899595037,80.38440033015203,77.0002594519808,78.3444642770963
1113,Prov. Jawa Timur,Kab. Lamongan,P,Profesi,207,231.0,51.933671678788,363.4065927533399,292.6247839944977,299.7151961175731,318.21401762851167,228.69524244455772,237.75584942917706
1114,Prov. Jawa Timur,Kab. Lamongan,P,S1,1971,8998.0,2022.9401634880278,1523.3161035652226,1455.0315093976733,1498.2681438342856,1636.926569428845,1462.8623931968928,1443.2101835578417
1115,Prov. Jawa Timur,Kab. Lamongan,P,S2,217,349.0,78.46256024197841,129.87181608954293,128.97653943833026,133.30978865182425,126.04332076303788,102.33146400373928,109.31848545479755
1116,Prov. Jawa Timur,Kab. Lumajang,L,S1,470,3880.0,872.3058273320236,537.9076050353136,487.2072709412239,491.46172453418967,582.2594155060423,649.5905737785588,529.580118068362
1117,Prov. Jawa Timur,Kab. Lumajang,L,S2,18,65.0,14.613370818706581,17.536294226953263,16.123199707605263,15.766463294542897,17.270202742047115,18.49480343242762,18.60807268165682
1118,Prov. Jawa Timur,Kab. Lumajang,P,S1,768,4269.0,959.7612311547445,721.8670418182663,667.6887869575772,696.3453930606903,770.1692583072133,791.0994145020493,754.0535944854929
1119,Prov. Jawa Timur,Kab. Lumajang,P,S2,21,52.0,11.690696654965265,16.306535966877714,15.162634421817232,15.09445001681349,16.012945131664946,16.117555954520434,15.803089040813912
1120,Prov. Jawa Timur,Kab. Magetan,L,S1,312,1673.0,376.1256827645555,217.7719942533005,171.31921671399894,167.53030057131855,125.91183928423854,139.42672800728732,134.11486978926067
1121,Prov. Jawa Timur,Kab. Magetan,L,S2,5,24.0,5.395706148445507,9.155462037389208,7.9385571573134035,8.575971278619887,7.7597048854204544,4.6208269844076915,3.943975402528533
1122,Prov. Jawa Timur,Kab. Magetan,P,S1,392,1880.0,422.663648294898,317.5275445979713,258.27323785102203,266.24380802371684,245.7086280732869,239.9767153620225,237.51496927147073
1123,Prov. Jawa Timur,Kab. Magetan,P,S2,5,48.0,10.791412296891014,19.965434359155356,17.28481082058148,18.627772216290467,16.383891279339025,14.226521288166154,21.715514448912064
1124,Prov. Jawa Timur,Kab. Malang,L,D3,103,225.0,50.58474514167663,61.87562539914566,55.738269762022064,58.89010065281144,64.19665296375976,71.29543578726738,73.53981933889351
1125,Prov. Jawa Timur,Kab. Malang,L,D4,102,437.0,98.24681611961194,85.41128037944084,83.47055391546446,94.59581080509771,79.09160420725408,82.40833607851513,77.83549265425046
1126,Prov. Jawa Timur,Kab. Malang,L,Profesi,47,54.0,12.14033883400239,58.72006009759588,42.43685374188231,39.79116512555184,53.18681135819311,48.75918970600063,62.216796188069495
1127,Prov. Jawa Timur,Kab. Malang,L,S1,528,4026.0,905.1297064017338,664.3973968332027,610.1142421208019,640.0872959409115,795.8516880986791,736.9952308728324,596.5938623867772
1128,Prov. Jawa Timur,Kab. Malang,L,S2,134,537.0,120.72892507146821,161.30622207521216,148.32472339559334,147.4269745832675,175.9854670109154,153.3024507809892,147.99886411645602
1129,Prov. Jawa Timur,Kab. Malang,P,D3,111,339.0,76.21434934679279,107.83174772890246,98.14170167048623,105.39703547440183,125.25007458655496,108.06629026298624,109.39323942978021
1130,Prov. Jawa Timur,Kab. Malang,P,D4,99,433.0,97.34753176153768,92.81537195776858,90.67143089745558,102.69891470995258,80.96472388220523,86.42171681731685,61.99415429693712
1131,Prov. Jawa Timur,Kab. Malang,P,Profesi,233,197.0,44.28975463515687,253.10302544343222,185.60089427801918,178.08859615574795,206.1924468259257,223.4086569110502,281.10656406901796
1132,Prov. Jawa Timur,Kab. Malang,P,S1,861,5170.0,1162.3250328109696,961.3530068753146,887.1783823048105,937.5068194357127,1214.394913449356,995.5562493789046,992.590855997188
1133,Prov. Jawa Timur,Kab. Malang,P,S2,57,243.0,54.63152475301076,82.12706800151128,75.87714852560322,75.98936701366696,83.38911647599323,73.62208561894282,72.77786700257815
1134,Prov. Jawa Timur,Kab. Mojokerto,L,D3,106,325.0,73.0668540935329,96.52034826836423,94.85328759609851,103.07360914441038,101.96125005749184,92.26218591261734,92.23305614721593
1135,Prov. Jawa Timur,Kab. Mojokerto,L,Profesi,105,163.0,36.64583759152573,207.28179716402227,166.05854872498304,164.23958988925025,175.97732184040655,112.92809145974019,126.24265251104318
1136,Prov. Jawa Timur,Kab. Mojokerto,L,S1,657,4341.0,975.948349600081,638.9612041048778,615.7882543506183,623.7314387123474,628.2065274498517,742.7845849524065,664.4321680069052
1137,Prov. Jawa Timur,Kab. Mojokerto,L,S2,266,793.0,178.2831239882203,298.5313388864809,308.554063840269,330.6741317151643,259.7946360428136,194.8573190234774,194.49509131898594
1138,Prov. Jawa Timur,Kab. Mojokerto,L,S3,18,151.0,33.94798451730298,27.39922209245321,30.50411003209671,43.42287307983592,32.868480686531,25.066508703434845,20.209310208337552
1139,Prov. Jawa Timur,Kab. Mojokerto,P,D3,212,666.0,149.7308456193628,204.19716257356458,198.17247822256368,211.13883769511904,216.74111533584207,185.08601827348576,213.29352946222065
1140,Prov. Jawa Timur,Kab. Mojokerto,P,Profesi,499,634.0,142.5365707547688,909.7821322019481,732.7486203611408,730.892025414244,700.3842228834669,593.9244999913931,589.4288239284382
1141,Prov. Jawa Timur,Kab. Mojokerto,P,S1,1285,6222.0,1398.8368189844975,1117.4945368646845,1099.861153097041,1151.738657721221,1215.6748455344718,1142.6109839869493,1092.6125694632383
1142,Prov. Jawa Timur,Kab. Mojokerto,P,S2,170,447.0,100.49502701479756,183.81624485507368,189.7617332465634,202.99391474586798,163.95767610499578,109.44483420546145,128.92476437522336
1143,Prov. Jawa Timur,Kab. Mojokerto,P,S3,2,21.0,4.721242879889818,4.154790034004501,4.618423615524343,6.558560178289539,4.971784187547131,6.116260494654527,5.78908992805615
1144,Prov. Jawa Timur,Kab. Nganjuk,L,D3,4,23.0,5.1708850589269435,6.706613480727085,6.28425853260438,6.828980271282918,6.71471158064893,6.389043315050587,7.6272770138835
1145,Prov. Jawa Timur,Kab. Nganjuk,L,Profesi,28,30.0,6.7446326855568834,41.241671572693605,32.1178799760884,32.75113882516294,29.520791947334917,25.831067034117986,23.422386349247674
1146,Prov. Jawa Timur,Kab. Nganjuk,L,S1,422,2380.0,535.0741930541794,378.7234864443648,354.8081035224849,370.5345874121933,378.21878771288993,471.9603711837912,392.48043734912426
1147,Prov. Jawa Timur,Kab. Nganjuk,L,S2,44,179.0,40.24297502382274,53.39291142061507,50.401506713020424,50.464597479529445,51.94322767349542,52.5000132626879,56.59434588967098
1148,Prov. Jawa Timur,Kab. Nganjuk,P,D3,59,169.0,37.99476412863711,53.46723234194114,49.97269238537508,54.089072443667646,54.80641673996856,47.88048038806966,46.69096031870743
1149,Prov. Jawa Timur,Kab. Nganjuk,P,Profesi,63,64.0,14.388549729188018,106.86059650625873,84.91033383378438,89.38262856512512,74.77438067316203,47.97228173311879,51.973778894034005
1150,Prov. Jawa Timur,Kab. Nganjuk,P,S1,670,3260.0,732.9167518305146,610.1908111159295,579.5355969927879,618.5264598588135,659.1038236671108,627.5528965919983,623.6852127166838
1151,Prov. Jawa Timur,Kab. Nganjuk,P,S2,30,121.0,27.203351831746097,39.346628715927125,37.08314487969552,37.038211413473405,38.44390577965407,38.224728035353984,41.812041246574914
1152,Prov. Jawa Timur,Kab. Ngawi,L,D3,28,61.0,13.714086460632329,17.79781681870162,16.341855781250644,17.63520385373953,18.02780867999322,15.792545569906,11.19009417715661
1153,Prov. Jawa Timur,Kab. Ngawi,L,S1,195,2225.0,500.22692417880216,326.3995618100453,294.7536708898743,297.8422098189428,322.5988066124777,337.7456072496454,304.22295136423827
1154,Prov. Jawa Timur,Kab. Ngawi,P,D3,70,197.0,44.28975463515687,65.02892363628035,60.06001026820683,65.41902982176371,63.248832337450686,49.85285992389655,47.17007350160516
1155,Prov. Jawa Timur,Kab. Ngawi,P,S1,316,2414.0,542.7181100978105,378.5680659516301,339.98139503602465,340.5770537667919,395.0581040871271,453.18370891119264,461.73913804852134
1156,Prov. Jawa Timur,Kab. Pacitan,L,D2,48,146.0,32.823879069710166,46.72319752966941,38.39695670514546,33.45140802231744,30.735118299319744,31.138379051960356,30.48591161113755
1157,Prov. Jawa Timur,Kab. Pacitan,L,S1,175,1404.0,315.64880968406214,249.9899477778413,233.83196276868824,253.43571938656862,193.1357562885767,201.95230546542928,184.79694151417706
1158,Prov. Jawa Timur,Kab. Pacitan,P,D2,21,38.0,8.543201401705385,15.473663533330479,13.096255160796025,11.953248112389073,9.511027333235138,13.783379211302885,14.998191736605111
1159,Prov. Jawa Timur,Kab. Pacitan,P,S1,340,1687.0,379.2731780178154,337.4685796280121,317.1317628721996,346.72044706212574,256.8238309160655,243.79569320294297,246.29292196705865
1160,Prov. Jawa Timur,Kab. Pamekasan,L,D3,7,31.0,6.969453775075446,6.961886269925101,6.550944316219701,6.471094944503472,6.330255442137685,9.19421211284604,9.308219711208993
1161,Prov. Jawa Timur,Kab. Pamekasan,L,S1,1334,11155.0,2507.879253579568,1559.5071776903185,1506.5124707870218,1491.2874042013034,1612.790654926651,1737.1245656642152,1636.0943641459091
1162,Prov. Jawa Timur,Kab. Pamekasan,L,S2,20,310.0,69.69453775075446,110.00051055806698,113.78691278322323,118.87331971548012,109.35192767601873,77.97852545614568,86.90862154895642
1163,Prov. Jawa Timur,Kab. Pamekasan,P,D3,92,304.0,68.34561121364308,98.03155386286876,97.33599197135975,104.6686395030252,104.23071874282141,82.21576822762056,99.77405059440245
1164,Prov. Jawa Timur,Kab. Pamekasan,P,Profesi,1,167.0,37.54512194959998,288.2584433338794,244.01677824031583,256.3448899481846,178.03203225859488,180.49835893979272,178.15721048946128
1165,Prov. Jawa Timur,Kab. Pamekasan,P,S1,968,8364.0,1880.403592733259,1512.0416188795018,1509.1877207144532,1573.1208208998999,1607.5665622292236,1386.1535268982032,1353.928027651653
1166,Prov. Jawa Timur,Kab. Pamekasan,P,S2,4,153.0,34.397626696340105,62.6947060349547,65.50286578953008,69.52088666283706,54.83024345607574,45.91452407060713,49.34449851469856
1167,Prov. Jawa Timur,Kab. Pasuruan,L,D3,70,125.0,28.10263618982035,31.491409274228214,29.639630393809714,30.95463588002528,28.873698966560568,40.95733964358869,43.59472176979177
1168,Prov. Jawa Timur,Kab. Pasuruan,L,D4,5,31.0,6.969453775075446,3.7909660013402817,3.585634419305816,3.559231356505155,4.313629481563571,5.981408178049109,4.708172293097992
1169,Prov. Jawa Timur,Kab. Pasuruan,L,S1,1859,8096.0,1820.1515407422842,1337.4768396511006,1310.4277691494651,1431.7452683246163,1423.4203746759445,1347.7301079501228,1305.8788476870498
1170,Prov. Jawa Timur,Kab. Pasuruan,L,S2,156,582.0,130.84587409980352,216.80828136861183,221.35792317538238,239.40544932910635,171.39641108389606,158.1192403822218,158.39310209263525
1171,Prov. Jawa Timur,Kab. Pasuruan,L,S3,9,138.0,31.025310353561665,24.705788219284976,27.154395269923466,38.97311529063845,24.360424467960282,19.583433192153592,15.715500929430583
1172,Prov. Jawa Timur,Kab. Pasuruan,P,D3,150,341.0,76.66399152582991,93.96364377046574,88.35622270041317,92.14552915640091,90.54002509868018,85.94613360401982,99.19098323826532
1173,Prov. Jawa Timur,Kab. Pasuruan,P,D4,27,114.0,25.629604205116156,18.695695418330228,18.40472022596822,19.461529501673812,20.85636781284361,20.09704112575723,14.268837495352619
1174,Prov. Jawa Timur,Kab. Pasuruan,P,S1,1457,6778.0,1523.8373447568185,1267.3265326124238,1250.2180243394885,1388.4794235059212,1224.634745568795,1195.3255229374888,1184.0999984474959
1175,Prov. Jawa Timur,Kab. Pasuruan,P,S2,25,244.0,54.856345842529315,99.89877942936499,101.99912820922134,110.32748361279656,76.08413811768503,54.820515512843585,63.227793591533256
1176,Prov. Jawa Timur,Kab. Pasuruan,P,S3,4,21.0,4.721242879889818,4.0992784900738775,4.498558813221929,6.440994609354843,4.046120228817078,5.366437243811069,5.764025302231566
1177,Prov. Jawa Timur,Kab. Ponorogo,L,D3,21,111.0,24.95514093656047,30.245829015858146,25.606285668580394,25.49268392374797,23.350722273882088,34.59142096497693,37.14651948080802
1178,Prov. Jawa Timur,Kab. Ponorogo,L,D4,11,112.0,25.179962026079032,23.62406131784613,22.07336598453326,24.218750086489273,45.55868838824597,19.580506862857195,16.214661626651527
1179,Prov. Jawa Timur,Kab. Ponorogo,L,Profesi,64,84.0,18.884971519559272,108.51848240376479,76.44252907479064,71.54120753827725,90.9347683296436,153.78331616796572,329.5995143165286
1180,Prov. Jawa Timur,Kab. Ponorogo,L,S1,1066,10168.0,2285.9808382247465,1667.1623073605936,1439.1540017839106,1420.45913666956,1690.2382996845238,1421.2394795136015,1382.0491687965482
1181,Prov. Jawa Timur,Kab. Ponorogo,L,S2,110,486.0,109.26304950602152,187.2264020988024,170.4020577719538,173.2014479895981,167.5052174599832,145.93166425686422,137.4443316039942
1182,Prov. Jawa Timur,Kab. Ponorogo,L,S3,4,34.0,7.643917043631134,5.958052684300197,5.773524826674181,7.653028909399506,6.601390426371843,4.389026065411187,3.809808516358057
1183,Prov. Jawa Timur,Kab. Ponorogo,P,D3,116,507.0,113.98429238591133,160.0758877356673,136.98497662089545,138.79400883721706,103.39380963882152,150.96966811865434,139.7805072919401
1184,Prov. Jawa Timur,Kab. Ponorogo,P,Profesi,130,177.0,39.79333284478561,243.85411994043017,170.74624826615326,158.29642720127302,185.67237719798115,268.97085548502974,530.3481598203679
1185,Prov. Jawa Timur,Kab. Ponorogo,P,S1,1668,14610.0,3284.6361178662023,2929.0401106130375,2583.2610133335584,2637.5581657711627,2983.9434882413952,2920.5885908755104,2796.636545715016
1186,Prov. Jawa Timur,Kab. Ponorogo,P,S2,111,497.0,111.7360814907257,215.09436769562868,196.63745253761243,201.2850881796521,192.64535652494715,152.91022098365184,164.72470154224018
1187,Prov. Jawa Timur,Kab. Ponorogo,P,S3,1,16.0,3.5971374322970044,3.4222495298594824,3.3869683268809454,4.641905455930989,8.964910039867595,3.168232862550485,2.094826274263087
1188,Prov. Jawa Timur,Kab. Probolinggo,L,D3,43,162.0,36.42101650200717,45.36856948306598,43.24492885789601,46.546913632092185,46.27522577482862,36.4772831148524,31.561541942932188
1189,Prov. Jawa Timur,Kab. Probolinggo,L,Profesi,77,111.0,24.95514093656047,147.82849505813184,116.91428027338327,115.34914710536724,86.52456860639396,76.95326973831433,79.03222381302224
1190,Prov. Jawa Timur,Kab. Probolinggo,L,S1,966,6738.0,1514.844501176076,885.7041329495693,816.2505173147042,784.955627979817,912.1410972698961,746.2707772203471,820.7161462771967
1191,Prov. Jawa Timur,Kab. Probolinggo,L,S2,58,176.0,39.568511755267046,57.21047191387281,56.156106000764886,56.46981599779462,64.16033146233978,64.04738820049057,65.66945831413776
1192,Prov. Jawa Timur,Kab. Probolinggo,P,D3,54,212.0,47.66207097793531,58.22963477803672,54.128996222933345,55.236197825968446,53.58058834960877,46.894004677123874,55.77074063560691
1193,Prov. Jawa Timur,Kab. Probolinggo,P,Profesi,227,265.0,59.57758872241914,422.1622676962848,339.61830139997755,344.2312170159104,266.46169293275176,240.50081771547264,226.79690614088574
1194,Prov. Jawa Timur,Kab. Probolinggo,P,S1,1531,7447.0,1674.242653644737,1264.7427863210987,1204.1112773597954,1219.1979542435213,1371.7568805017022,1299.1333551276946,1317.996601399071
1195,Prov. Jawa Timur,Kab. Probolinggo,P,S2,60,132.0,29.676383816450286,50.92317639671288,50.76361891579195,52.3118221223042,55.82824724464504,41.03665214650889,45.27487392372282
1196,Prov. Jawa Timur,Kab. Sampang,L,D3,132,439.0,98.69645829864906,125.42466186550485,116.395674855735,126.04222145249767,108.94389040455799,135.58402341136437,121.95080386191695
1197,Prov. Jawa Timur,Kab. Sampang,L,Profesi,6,8.0,1.7985687161485022,12.458289184681904,9.892907584977449,10.52598883428992,5.28318826889987,6.581995070057244,6.505397022927797
1198,Prov. Jawa Timur,Kab. Sampang,L,S1,297,2216.0,498.20353437313514,336.73989963830803,310.8332817370202,320.8484545503834,292.2654221035852,387.364584299737,350.2960420573869
1199,Prov. Jawa Timur,Kab. Sampang,P,D3,435,852.0,191.54756826981549,211.4443001222754,187.1761246932842,188.13713807593518,193.02820158893815,161.72754659048965,163.09059054274522
1200,Prov. Jawa Timur,Kab. Sampang,P,Profesi,12,19.0,4.271600700852693,32.26194323016355,25.578827022518944,27.150268200951736,11.372747169917568,14.404664718601794,14.165562602405336
1201,Prov. Jawa Timur,Kab. Sampang,P,S1,167,1501.0,337.4564553673627,263.5467017932176,245.73762673581464,257.74183725370733,253.9811748500697,287.19529134468553,243.37981745238673
1202,Prov. Jawa Timur,Kab. Sidoarjo,L,D3,192,576.0,129.49694756269216,157.68590777170516,151.80885009991297,158.34963135830398,179.8861207094705,175.48197650514507,140.8360971787701
1203,Prov. Jawa Timur,Kab. Sidoarjo,L,D4,16,128.0,28.777099458376036,19.598750912540613,19.508548778695655,20.230124144078648,17.689638424926525,18.71341538351638,17.64744106805825
1204,Prov. Jawa Timur,Kab. Sidoarjo,L,S1,1716,10356.0,2328.2472030542363,1480.368301756332,1412.5253502008234,1397.4974459256282,1656.7378560616328,1583.264345247913,1508.500832443474
1205,Prov. Jawa Timur,Kab. Sidoarjo,L,S2,298,951.0,213.8048561321532,263.1024576370197,254.55279454236378,243.70505973452984,270.36479874884304,270.23626995404305,266.7638551482493
1206,Prov. Jawa Timur,Kab. Sidoarjo,P,D3,294,968.0,217.62681465396878,286.11698374222954,274.4826582380066,284.73123628079736,326.7744305287742,260.56468340357884,250.70430514631042
1207,Prov. Jawa Timur,Kab. Sidoarjo,P,D4,82,450.0,101.16949028335326,86.45052435857832,88.37521741065163,95.58571863038205,91.60253638758293,83.35972141473073,55.96789381311207
1208,Prov. Jawa Timur,Kab. Sidoarjo,P,Profesi,10,22.0,4.946063969408381,34.1512389111638,27.825933877813245,28.029353810996852,20.452370550664607,16.841514444053853,14.480832737801277
1209,Prov. Jawa Timur,Kab. Sidoarjo,P,S1,2241,10740.0,2414.578501429364,1932.7128291204285,1895.4622835327407,1960.243983778074,2274.69457648473,1921.718920817824,1932.9466950221415
1210,Prov. Jawa Timur,Kab. Sidoarjo,P,S2,222,522.0,117.35660872868976,179.0390489497191,177.46885596891104,176.54178266602946,179.7960640560121,166.9466463662205,174.28208034173502
1211,Prov. Jawa Timur,Kab. Situbondo,L,D3,18,109.0,24.50549875752334,18.9316671258756,16.229415759306303,14.46992761361945,40.986460464368946,17.43138231855809,18.05714107059427
1212,Prov. Jawa Timur,Kab. Situbondo,L,S1,679,5007.0,1125.6791952194437,646.4411479721401,589.665365647778,558.179889857159,637.2243560351477,609.8928806117791,620.3828749890033
1213,Prov. Jawa Timur,Kab. Situbondo,L,S2,49,111.0,24.95514093656047,36.40385149135337,35.55673608301544,35.477010698545904,35.13288060651542,33.91536016734878,38.10819953741886
1214,Prov. Jawa Timur,Kab. Situbondo,P,Profesi,18,24.0,5.395706148445507,42.392226923941465,34.58432641099416,35.837680772008646,26.235023149851603,17.102211965217347,17.589027921949747
1215,Prov. Jawa Timur,Kab. Situbondo,P,S1,1026,5874.0,1320.5990798320377,992.7642472366439,938.1715058461311,940.3760644587967,940.9641031624742,964.7844371345112,836.6727620191036
1216,Prov. Jawa Timur,Kab. Situbondo,P,S2,61,111.0,24.95514093656047,46.105412263179915,46.33503999027988,48.363043118591044,46.36321529892281,34.28593496584839,36.24155143826433
1217,Prov. Jawa Timur,Kab. Sumenep,L,D3,4,18.0,4.04677961133413,5.498296587068364,5.210519629981654,5.7947351272267165,2.9746431090979764,6.6686985920494,6.66942849847301
1218,Prov. Jawa Timur,Kab. Sumenep,L,Profesi,52,68.0,15.287834087262269,61.01948949162818,43.705099461158106,39.2567328602291,40.58181235554156,47.6238669871842,45.99965124117437
1219,Prov. Jawa Timur,Kab. Sumenep,L,S1,1417,9572.0,2151.9874688716827,1360.2391722629122,1248.1666416181636,1268.196968455415,1319.2797500813397,1328.1995585942054,1193.6513773829745
1220,Prov. Jawa Timur,Kab. Sumenep,L,S2,107,220.0,49.46063969408381,76.42392874331952,74.52926660268656,78.97819626048795,74.5495898779806,61.68010421573912,69.47834576643984
1221,Prov. Jawa Timur,Kab. Sumenep,P,D3,6,84.0,18.884971519559272,23.306321193282756,21.25801132012545,22.25730090042452,20.417286783802563,21.186557175827794,23.971456186876615
1222,Prov. Jawa Timur,Kab. Sumenep,P,Profesi,257,274.0,61.6009785280862,405.8396312083611,315.4276496238871,322.36093569199556,259.68691970264564,225.7604921988514,223.73281665081615
1223,Prov. Jawa Timur,Kab. Sumenep,P,S1,1855,9628.0,2164.5774498847222,1645.461122076078,1537.5364760154207,1607.8946448425,1667.120601911063,1368.9030101597502,1344.812102658747
1224,Prov. Jawa Timur,Kab. Sumenep,P,S2,58,139.0,31.250131443080225,55.557500432942575,54.683173422410626,58.8022969790059,47.78340145339501,39.18994201018898,45.02710459647745
1225,Prov. Jawa Timur,Kab. Trenggalek,L,S1,106,917.0,206.16093908852207,133.88602803046578,111.6046812722154,113.51209869892325,164.05959725978593,141.41686092626685,138.17586985604072
1226,Prov. Jawa Timur,Kab. Trenggalek,P,S1,185,1128.0,253.59818897693881,193.6070937135257,163.62511791592215,170.31789154831506,242.85980727063847,274.61646745386935,255.28429493018544
1227,Prov. Jawa Timur,Kab. Tuban,L,D3,12,137.0,30.8004892640431,24.343962943827552,19.995113860987978,18.194470115719426,33.04137159595373,23.995845836608595,21.014442932074576
1228,Prov. Jawa Timur,Kab. Tuban,L,Profesi,398,395.0,88.80433035983229,612.2620636815052,472.9188311768152,490.82253133625267,481.27248132236696,472.026004481428,482.16562849720765
1229,Prov. Jawa Timur,Kab. Tuban,L,S1,349,3434.0,772.0356214067446,529.1551639659892,476.89556481024175,483.01312626442814,590.3444233025053,575.933496697095,554.5648630799585
1230,Prov. Jawa Timur,Kab. Tuban,L,S2,30,87.0,19.559434788114963,31.145043611740785,29.52783928433024,30.69246205657932,32.51064044509859,27.217369957287037,27.621203455170715
1231,Prov. Jawa Timur,Kab. Tuban,P,D3,2,34.0,7.643917043631134,9.030198293602515,7.889660935355472,7.915303745539871,10.376267123278975,10.123921545964873,10.33307074967701
1232,Prov. Jawa Timur,Kab. Tuban,P,Profesi,1665,1807.0,406.25170876004296,2938.080560707088,2248.348436422356,2299.4680038609604,2147.539646690403,1770.940128708636,1679.5530202356613
1233,Prov. Jawa Timur,Kab. Tuban,P,S1,863,4932.0,1108.8176135055517,935.4182351040788,862.4628290936171,905.5991492827222,1039.3216051514707,928.0431262084805,946.1777155971673
1234,Prov. Jawa Timur,Kab. Tuban,P,S2,46,89.0,20.009076967152087,37.40123021794782,35.932712094058964,38.14264595165085,36.987574245673365,27.64982118048668,27.7771889399046
1235,Prov. Jawa Timur,Kab. Tulungagung,L,D3,13,57.0,12.814802102558078,16.74404968865848,15.502484025826647,16.30517317872623,17.546442556067607,19.62374717850652,18.01830923287566
1236,Prov. Jawa Timur,Kab. Tulungagung,L,Profesi,491,245.0,55.08116693204788,265.5555078332114,194.52919334750655,177.63698272683638,158.3580116127927,270.23043813106375,268.4238642797713
1237,Prov. Jawa Timur,Kab. Tulungagung,L,S1,1908,9395.0,2112.1941360268975,1530.2359865553362,1421.3280353450473,1446.1580093094115,1803.9324905140556,1438.0392541380133,1326.9064046171973
1238,Prov. Jawa Timur,Kab. Tulungagung,L,S2,220,497.0,111.7360814907257,153.50403270633248,143.9672332030045,140.737616765395,181.8062481404363,143.8876146884487,135.90932727791352
1239,Prov. Jawa Timur,Kab. Tulungagung,L,S3,64,240.0,53.95706148445507,32.602868373116664,32.336604897044445,40.78705416318639,39.972750866746935,38.608755851536024,33.05411390915871
1240,Prov. Jawa Timur,Kab. Tulungagung,P,D3,87,194.0,43.61529136660118,63.635687231884155,59.107585280311305,62.48884166193536,70.7697318575578,54.89690198870205,53.09540133226508
1241,Prov. Jawa Timur,Kab. Tulungagung,P,D4,6,29.0,6.519811596038321,5.600406475985731,5.434090487671045,5.8050169347011815,5.003335096766644,8.832091612961714,5.358254226330255
1242,Prov. Jawa Timur,Kab. Tulungagung,P,Profesi,1345,326.0,73.29167518305147,400.357326946959,295.0865765005814,272.10706048436725,201.80456522659378,237.521800282438,286.4380286871752
1243,Prov. Jawa Timur,Kab. Tulungagung,P,S1,4669,18949.0,4260.134825287246,3719.586855348429,3519.56082891661,3687.8906511678033,4005.8463195953886,3430.1728907979673,3369.7611896774715
1244,Prov. Jawa Timur,Kab. Tulungagung,P,S2,299,585.0,131.52033736835924,219.8447795975375,210.44946940505417,212.49707094194196,237.32206319348364,202.44176077109682,208.89883198502176
1245,Prov. Jawa Timur,Kab. Tulungagung,P,S3,23,102.0,22.931751130893403,15.094020206053285,14.944662424109579,18.799187922403423,19.09467353384914,13.000216509180083,14.261726859820666
1246,Prov. Jawa Timur,Kota Batu,L,D4,60,379.0,85.20719292753529,73.86967766548784,67.10560301866238,76.40867406180233,115.38655603973172,68.4550303227635,49.167891436696635
1247,Prov. Jawa Timur,Kota Batu,L,S1,87,161.0,36.196195412488606,25.957632632100054,22.059076838112237,23.04147500501282,34.37922582759994,11.950823760116979,11.259682079748547
1248,Prov. Jawa Timur,Kota Batu,L,S2,20,111.0,24.95514093656047,24.124522644110517,19.333874624014207,17.439801733697617,24.215774972310072,18.33603687807826,23.346808061400026
1249,Prov. Jawa Timur,Kota Batu,L,S2 Terapan,208,208.0,46.76278661986106,86.27032901242542,69.90277921336623,67.99127754186152,98.28711361972648,21.07175867318711,35.66710745183338
1250,Prov. Jawa Timur,Kota Batu,P,S1,65,172.0,38.6692273971928,30.530030159705387,25.954673204595537,27.12827257368232,40.52125241978163,14.176920278738601,19.27956829011204
1251,Prov. Jawa Timur,Kota Batu,P,S2,10,49.0,11.016233386409576,13.805242920689627,11.437123315534064,10.872358350072975,16.416408826529143,17.67077288979016,19.810184591004358
1252,Prov. Jawa Timur,Kota Batu,P,S2 Terapan,2,2.0,0.44964217903712556,0.9044751016504671,0.7317355627733282,0.7100149076620674,1.1154802750737205,1.6204550495464076,1.3237244853215344
1253,Prov. Jawa Timur,Kota Blitar,L,D2,48,96.0,21.58282459378203,40.88116368527379,36.20958982847204,34.21629428461901,27.590794862338946,29.988582775849718,29.886264244518753
1254,Prov. Jawa Timur,Kota Blitar,L,Profesi,13,18.0,4.04677961133413,21.848922986857115,16.44010419162512,15.65034455407672,11.827844384674046,8.223572498881156,10.78962213611902
1255,Prov. Jawa Timur,Kota Blitar,L,S1,1081,4046.0,909.6261281921049,486.82766640321825,427.21990191975874,396.9590864209412,487.09422698130186,470.2511887739133,444.1218819706593
1256,Prov. Jawa Timur,Kota Blitar,P,D2,71,168.0,37.769943039118544,79.05225408685664,70.09719286163151,66.35886077723552,54.18937051610372,43.71310085025951,48.60978495870711
1257,Prov. Jawa Timur,Kota Blitar,P,Profesi,32,45.0,10.116949028335325,72.66408203504075,56.815034510824596,57.46859685826126,41.485882068211566,36.38535961227354,38.16555204517701
1258,Prov. Jawa Timur,Kota Blitar,P,S1,1087,4765.0,1071.2724915559515,775.8323564205249,709.9353564690858,704.9415957178094,792.4414118687198,782.7562868795814,770.1388185531091
1259,Prov. Jawa Timur,Kota Kediri,L,D3,104,522.0,117.35660872868976,130.4092143649314,124.62860638699404,123.93382742266539,127.8612460005132,133.53509476845866,127.42448622458673
1260,Prov. Jawa Timur,Kota Kediri,L,D4,37,109.0,24.50549875752334,19.524395397419397,20.291020941681946,21.806060655033857,13.827200849221223,15.173490728234018,13.886122139349636
1261,Prov. Jawa Timur,Kota Kediri,L,Profesi,1495,1754.0,394.3361910155591,2370.8483497714356,1935.8853039123373,1887.08903462669,1379.019822065607,1508.7310298805082,1849.29443986208
1262,Prov. Jawa Timur,Kota Kediri,L,S1,2109,14046.0,3157.8370233777327,2058.2597603361096,1995.6179113016483,1953.166801019223,2157.827861600152,2302.960629950563,2059.94739085872
1263,Prov. Jawa Timur,Kota Kediri,L,S2,451,1075.0,241.682671232455,326.2491428062185,325.1295778568022,314.5883563081254,329.8340429877825,303.9420831964634,341.0996833213048
1264,Prov. Jawa Timur,Kota Kediri,L,S3,6,59.0,13.264444281595203,10.375116343989074,11.556678631539983,15.745850850166294,10.35031678849963,5.282344025759381,5.71999498746914
1265,Prov. Jawa Timur,Kota Kediri,P,D3,405,1138.0,255.84639987212444,333.24066922323806,322.62549656728555,327.4809193982621,317.6210475718545,297.60098872732283,281.95122866414107
1266,Prov. Jawa Timur,Kota Kediri,P,D4,66,237.0,53.28259821589938,49.91532288280284,52.56228207162262,57.52280833750302,41.86239496663989,39.35656465275975,43.53374351103445
1267,Prov. Jawa Timur,Kota Kediri,P,Profesi,4118,5221.0,1173.7909083764162,7657.346994954861,6236.679861225686,6055.487106123271,4175.094648954105,3974.180697270602,4416.318101575254
1268,Prov. Jawa Timur,Kota Kediri,P,S1,3833,16472.0,3703.252986549766,2998.623101255841,2980.121640059278,3034.429448331121,3458.7854730061363,2902.5790446497203,2871.759274278078
1269,Prov. Jawa Timur,Kota Kediri,P,S2,373,831.0,186.82632538992567,294.4216616689799,297.0001575129113,292.9564246643989,280.4963221922003,188.11934451777685,233.77127304213616
1270,Prov. Jawa Timur,Kota Kediri,P,S3,3,53.0,11.915517744483827,9.847166841183268,10.882541209279307,14.644738409455416,8.710095656845102,4.634745593612593,4.474123020542479
1271,Prov. Jawa Timur,Kota Madiun,L,D3,412,1510.0,339.4798451730298,461.8026711154694,444.1339793159373,479.3464517702437,446.8172987511541,326.03831550168087,350.70214206384543
1272,Prov. Jawa Timur,Kota Madiun,L,D4,122,941.0,211.55664523696757,185.8414959161338,190.15978152839537,213.14461216408964,186.7416343560175,239.49502108713122,157.57084699843327
1273,Prov. Jawa Timur,Kota Madiun,L,Profesi,1104,1132.0,254.49747333501307,1595.2687411837169,1267.2165878409942,1258.3517982638098,1303.98669857603,1218.4117420661837,1065.089441772126
1274,Prov. Jawa Timur,Kota Madiun,L,S1,596,3875.0,871.1817218844308,560.52211027124,523.2275947072612,514.9315360579201,611.6572540649724,696.1404591034294,608.9603983605368
1275,Prov. Jawa Timur,Kota Madiun,L,S2,90,238.0,53.50741930541794,93.94528597654975,95.21552852754715,100.66768363292766,89.06747692362279,60.24159359867004,75.33539439977011
1276,Prov. Jawa Timur,Kota Madiun,P,D3,516,1633.0,367.132839183813,523.3370289056656,498.6879159414125,531.4219350051006,516.8605583579445,344.85996322223707,347.04235950789575
1277,Prov. Jawa Timur,Kota Madiun,P,D4,73,605.0,136.01675915873048,131.54914684292726,134.6639611462609,151.08781303800998,126.32320614014189,98.75525161187228,91.28781659828954
1278,Prov. Jawa Timur,Kota Madiun,P,Profesi,3687,3782.0,850.2733605592044,5631.453766430147,4438.333319377482,4353.06113000026,3653.297911107475,3686.6709553527294,3983.8021987364136
1279,Prov. Jawa Timur,Kota Madiun,P,S1,1159,5229.0,1175.5894770925647,988.5468092886906,955.5079805826131,993.8361060258146,1133.169280734892,1005.5404564176738,1039.2860802879418
1280,Prov. Jawa Timur,Kota Madiun,P,S2,191,479.0,107.68930187939156,206.16581887420946,208.63008980660058,220.04850305130662,194.20621099150037,118.48583741484454,150.35358612175114
1281,Prov. Jawa Timur,Kota Malang,L,D2,6,16.0,3.5971374322970044,7.187837908703155,6.82134988750135,6.424667606281834,6.983464273687769,5.734208934172403,6.3070012374698585
1282,Prov. Jawa Timur,Kota Malang,L,D3,1699,6280.0,1411.8764421765743,1769.5665913806013,1732.8792136164222,1801.422245740417,1374.7752914623627,1657.0864062751857,1787.2213179565006
1283,Prov. Jawa Timur,Kota Malang,L,D4,1598,9018.0,2027.4365852783992,1746.0345362708547,1843.0815773325567,2038.6455845480652,1460.769057489406,1741.0092293170158,1523.7662538314507
1284,Prov. Jawa Timur,Kota Malang,L,Profesi,19473,14066.0,3162.333445168104,20397.243668128827,16860.23942926272,16641.178188247326,23162.968355839548,14725.309646112057,13540.810115551443
1285,Prov. Jawa Timur,Kota Malang,L,S1,19685,101552.0,22831.03128278909,16728.924507646065,16592.215090420435,16826.031787241864,16991.780308398644,17474.094980551683,16793.10756516804
1286,Prov. Jawa Timur,Kota Malang,L,S2,2425,7536.0,1694.2517306118891,2489.009963243754,2518.24903676269,2478.359591159399,2328.093510104856,2206.1363082848297,2363.76052650834
1287,Prov. Jawa Timur,Kota Malang,L,S2 Terapan,23,57.0,12.814802102558078,21.605729000462922,19.955781920289766,18.023234126922155,15.106902118880056,15.439592868689026,18.70054077291731
1288,Prov. Jawa Timur,Kota Malang,L,S3,591,3495.0,785.7497078673769,545.6958163121972,592.3923384403104,769.6512503858763,460.6611473582402,698.4310190588161,571.724564838526
1289,Prov. Jawa Timur,Kota Malang,L,Sp-1,111,467.0,104.99144880516882,93.2827842072456,115.06626788423912,163.76593209283527,66.19497705679504,98.54973065290795,98.26631314658037
1290,Prov. Jawa Timur,Kota Malang,P,D3,3025,9349.0,2101.8523659090433,3035.239702061058,2998.964502715171,3150.648205770404,2516.339046303531,2442.0856436096096,3028.543144184716
1291,Prov. Jawa Timur,Kota Malang,P,D4,1818,8433.0,1895.9162479100398,1843.4650674851484,1955.4272394037635,2172.1038307435674,1615.0967863679814,1804.8394720177785,1865.957959991557
1292,Prov. Jawa Timur,Kota Malang,P,Profesi,45652,32130.0,7223.501606231422,52307.52333970389,43423.7961367533,43154.39843059976,50239.57434637875,21569.00973047817,22633.48554197542
1293,Prov. Jawa Timur,Kota Malang,P,S1,26542,120553.0,27102.8568047313,23767.331883979,23986.360326888313,25037.63799326581,24192.60748741826,21657.75343332342,22987.03678744581
1294,Prov. Jawa Timur,Kota Malang,P,S2,2820,7468.0,1678.9638965246268,2895.698262649633,2968.899483045968,2984.034013675551,2569.1200893135065,2308.717890964344,2565.755622962752
1295,Prov. Jawa Timur,Kota Malang,P,S2 Terapan,17,24.0,5.395706148445507,11.00352157505155,10.361036523840292,9.647406866660242,7.34530713879888,7.6234154711547735,7.219134055057957
1296,Prov. Jawa Timur,Kota Malang,P,S3,450,2177.0,489.43551188191117,411.4974469633462,455.48461254919886,610.2697222282875,314.28543671545367,387.6939529428673,390.74710243851996
1297,Prov. Jawa Timur,Kota Malang,P,Sp-1,110,436.0,98.02199503009336,93.26714108940767,114.45411160317437,161.57882768479055,86.33100409117537,107.56652429711133,91.80443278262186
1298,Prov. Jawa Timur,Kota Mojokerto,L,D3,15,54.0,12.14033883400239,11.847322858713907,9.655831741302649,9.459948767578242,9.447108406258346,14.649948828742533,13.1250482551512
1299,Prov. Jawa Timur,Kota Mojokerto,L,S1,274,1484.0,333.6344968455472,206.1063081110957,173.03116938039733,170.76501601987377,158.62747666479856,178.5250852147654,162.50992085381426
1300,Prov. Jawa Timur,Kota Mojokerto,L,S2,6,25.0,5.62052723796407,5.498851304229535,4.496698448301498,4.033291727683206,4.0633511315518,5.276926090037033,4.57495677309083
1301,Prov. Jawa Timur,Kota Mojokerto,P,D3,14,71.0,15.962297355817958,13.372254410577677,10.371629477211153,9.396538194759113,11.973729004352087,15.46174747351478,16.89339969170813
1302,Prov. Jawa Timur,Kota Mojokerto,P,S1,324,1354.0,304.407755208134,222.48736827134883,189.57589363074615,191.53918638110392,178.1718537108016,239.54277531281832,235.34850302194502
1303,Prov. Jawa Timur,Kota Mojokerto,P,S2,3,7.0,1.5737476266299395,2.4547333367117905,2.163126902850918,2.1833807009759125,2.1938707076051625,2.2141741888307833,2.955225743562872
1304,Prov. Jawa Timur,Kota Pasuruan,L,S1,278,1759.0,395.4602964631519,243.60739825306055,216.41625607282705,207.83261673150704,259.3922011878588,229.65778148845357,232.9864444095491
1305,Prov. Jawa Timur,Kota Pasuruan,L,S2,2,11.0,2.4730319847041904,2.7551263488642777,2.4473337226073757,2.21955889420768,2.5744738568637957,3.120162184318407,2.7383071470976468
1306,Prov. Jawa Timur,Kota Pasuruan,P,S1,406,2059.0,462.90662331872073,352.28818449260416,320.5181316496305,320.252378557764,344.1103149499527,332.0144503402765,357.2776686663036
1307,Prov. Jawa Timur,Kota Pasuruan,P,S2,5,28.0,6.294990506519758,8.447848609109448,7.6438233323857,7.137741154968784,7.807334886492405,5.48086722809048,6.68509492736566
1308,Prov. Jawa Timur,Kota Probolinggo,L,S1,51,308.0,69.24489557171734,58.606322601007015,49.043926984296284,53.27675959149086,58.22102981533192,25.970333767309825,33.81821308929894
1309,Prov. Jawa Timur,Kota Probolinggo,P,S1,54,204.0,45.863502261786806,42.32455721571305,35.36370401977889,38.323472901556606,46.569966792293435,23.978273030767685,37.316131629594814
1310,Prov. Jawa Timur,Kota Surabaya,L,D2,8,27.0,6.070169417001195,7.476043500779437,6.590950384829496,5.3689027124467374,6.228352807695613,6.050914047520954,6.511748677513511
1311,Prov. Jawa Timur,Kota Surabaya,L,D3,1504,6029.0,1355.446348707415,1772.5825855534467,1790.0633007738893,1883.5128031550162,1611.1943788914598,1577.122204885639,1647.1258739569155
1312,Prov. Jawa Timur,Kota Surabaya,L,D4,2405,14757.0,3317.684818025431,2792.308846493403,3002.5923633447132,3315.2326058740614,2448.473333486436,3238.346309438271,2134.428385272884
1313,Prov. Jawa Timur,Kota Surabaya,L,Profesi,16693,15638.0,3515.7521978912846,14335.613375551997,11064.257458698705,9521.152368512667,15266.213722828423,14506.570170959589,13959.206661773165
1314,Prov. Jawa Timur,Kota Surabaya,L,S1,18337,117728.0,26467.73722684136,18321.792859924357,18419.73484803338,18706.25506742949,18559.501359253594,19926.609543657843,18840.81083484152
1315,Prov. Jawa Timur,Kota Surabaya,L,S2,4542,11969.0,2690.883620447678,4032.5923099060847,4193.680435592482,4188.0127808517955,4042.012939569676,3907.5388910333795,3911.1369500710057
1316,Prov. Jawa Timur,Kota Surabaya,L,S2 Terapan,212,424.0,95.32414195587062,180.03148856521543,174.1601965574038,164.41833548197366,161.5342532977404,101.54890842592899,121.38410080877367
1317,Prov. Jawa Timur,Kota Surabaya,L,S3,555,3274.0,736.0642470837745,528.4636410913897,591.256493035561,782.7883543358801,555.1711602386225,537.1934173799741,463.6258156722097
1318,Prov. Jawa Timur,Kota Surabaya,L,Sp-1,244,1028.0,231.11608002508254,197.5924697724457,247.60891943990345,351.03498767494773,234.8382500936898,211.89164656216573,201.25991985148298
1319,Prov. Jawa Timur,Kota Surabaya,L,Sp-2,28,92.0,20.683540235707774,29.002538265090028,32.75405288067064,29.651419993274082,19.300253608726436,24.461079981265485,35.19428115187261
1320,Prov. Jawa Timur,Kota Surabaya,P,D3,2229,7933.0,1783.5057031507586,2613.958410009125,2651.9465245372076,2822.142824813825,2427.594699816242,2166.5000691908895,2654.197978934177
1321,Prov. Jawa Timur,Kota Surabaya,P,D4,1862,11161.0,2509.228180116679,2419.330997827339,2624.849391379483,2949.4698983656695,2411.8413337404254,2567.287904991737,2318.9386061668897
1322,Prov. Jawa Timur,Kota Surabaya,P,Profesi,40104,36594.0,8227.102949842287,38181.50540666259,29677.42535823805,25826.112785470803,35693.13855484513,22180.21670637345,24952.36164544409
1323,Prov. Jawa Timur,Kota Surabaya,P,S1,27313,146939.0,33034.98607276809,27893.030986462712,28645.90321647746,30150.850563436277,29176.00787280686,28426.71637228965,27228.833200109275
1324,Prov. Jawa Timur,Kota Surabaya,P,S2,4054,9853.0,2215.162195026399,3838.6076191486104,4033.0393952978843,4093.5220129064965,3570.6079359129767,3253.7701184607217,3561.945585183302
1325,Prov. Jawa Timur,Kota Surabaya,P,S2 Terapan,12,31.0,6.969453775075446,14.836087525273573,14.425705392454464,13.72971729484531,20.398826877610617,8.49045326647507,8.43208282430379
1326,Prov. Jawa Timur,Kota Surabaya,P,S3,414,2288.0,514.3906528184716,442.2907896773529,503.47138878575066,685.0456989970345,437.29326073940774,435.56644113319066,410.37324452784713
1327,Prov. Jawa Timur,Kota Surabaya,P,Sp-1,277,1111.0,249.77623045512325,234.23345288898116,293.4196759580082,415.7659857718383,262.49798665941137,239.82493866726833,227.4504630489325
1328,Prov. Jawa Timur,Kota Surabaya,P,Sp-2,23,66.0,14.838191908225143,23.993154609340344,27.360591722329264,25.152145494187668,14.51509807230542,26.83084607937806,29.11868306705885
1329,Prov. Kalimantan Barat,Kab. Bengkayang,L,D3,14,167.0,45.84851854370761,29.679857668912756,29.64418079622495,28.873063665681624,33.700310435008134,21.073142950128048,20.654007544502285
1330,Prov. Kalimantan Barat,Kab. Bengkayang,L,S1,38,234.0,64.24283436663222,40.853949189764265,36.449902513035454,35.83131307270651,41.07265799639866,42.500020444861434,37.75087895568447
1331,Prov. Kalimantan Barat,Kab. Bengkayang,L,S2,2,10.0,2.7454202720783,2.9898562741031607,2.7892272230348403,2.711433700545856,3.302203752610825,2.9626199690256443,2.841288706195885
1332,Prov. Kalimantan Barat,Kab. Bengkayang,P,D3,39,231.0,63.41920828500873,61.085830133370024,55.305223940224394,56.17210259815232,68.68861001123925,50.420840822444376,38.21827462989949
1333,Prov. Kalimantan Barat,Kab. Bengkayang,P,S1,95,413.0,113.38585723683379,81.49144707248485,73.40388655611277,74.37016252309992,82.92868577284425,53.0654278802519,46.63197149200673
1334,Prov. Kalimantan Barat,Kab. Bengkayang,P,S2,1,2.0,0.54908405441566,0.829620835049617,0.7210505780646932,0.7287652689068804,1.0111198882746513,1.7872742440443534,2.0707688784398797
1335,Prov. Kalimantan Barat,Kab. Kapuas Hulu,L,S1,29,92.0,25.25786650312036,17.97194176699217,14.589609666408341,14.478128270638361,25.010504623538495,18.301928403991973,13.961917500295227
1336,Prov. Kalimantan Barat,Kab. Kapuas Hulu,P,S1,55,149.0,40.906762053966666,31.972830694180523,26.498154525609436,27.06894692230035,42.54831155083864,29.215605859352983,27.599592162145285
1337,Prov. Kalimantan Barat,Kab. Ketapang,L,D3,129,591.0,162.25433807982753,149.4180448889007,139.09672433302953,133.56251669307323,137.47169151766377,146.9632017950349,157.55972014343521
1338,Prov. Kalimantan Barat,Kab. Ketapang,L,D4,36,181.0,49.69210692461723,34.81498887329916,32.54029663073736,33.4649051513572,34.478115050905075,26.983168026765583,27.306011395178633
1339,Prov. Kalimantan Barat,Kab. Ketapang,L,S1,18,188.0,51.61390111507204,26.540418574488516,27.617875964798664,26.107762002118506,23.64342979409689,31.17053701695119,27.716067852965693
1340,Prov. Kalimantan Barat,Kab. Ketapang,P,D3,148,570.0,156.4889555084631,161.38605708324488,151.7685778266354,150.26397296980275,137.00508179032516,147.30580949638,156.86030402390455
1341,Prov. Kalimantan Barat,Kab. Ketapang,P,D4,68,277.0,76.0481415365689,58.417372658853985,55.75368179277853,59.027919676930246,59.03446343583314,43.35426559072374,39.10383928773758
1342,Prov. Kalimantan Barat,Kab. Ketapang,P,S1,23,281.0,77.14630964540022,44.62235087273996,46.96581910370606,45.74960751106756,38.51738742846497,48.789816385508736,41.99139728921629
1343,Prov. Kalimantan Barat,Kab. Kuburaya,L,S1,171,1894.0,519.9825995316301,266.11953190386686,257.24611345651493,254.42965019241694,281.7558009559452,266.5367890158547,244.23304296677352
1344,Prov. Kalimantan Barat,Kab. Kuburaya,P,D3,48,179.0,49.14302287020157,56.67916809804247,47.58259309628058,49.454509607889555,57.845869374908034,58.08187338578728,42.26872496342923
1345,Prov. Kalimantan Barat,Kab. Kuburaya,P,S1,347,2645.0,726.1636619647103,475.36245928835706,441.95583624174594,452.89868992707,470.4178817664528,474.51873215020845,459.138144984414
1346,Prov. Kalimantan Barat,Kab. Kuburaya,P,S2,1,26.0,7.13809270740358,9.688235607467647,8.73845473720541,8.927767040934258,10.27830989400098,7.8503059402353195,8.431962405543437
1347,Prov. Kalimantan Barat,Kab. Landak,L,D3,35,73.0,20.04156798617159,17.51123758456761,13.898355250176701,14.544351123440993,18.49114537809894,20.71770747778928,17.17119822697437
1348,Prov. Kalimantan Barat,Kab. Landak,L,S1,64,658.0,180.64865390275213,95.3715246463683,81.79925261173759,84.62565550123497,88.4518238883002,60.04878875275156,59.744818076133974
1349,Prov. Kalimantan Barat,Kab. Landak,P,D3,230,582.0,159.78345983495706,168.39083854691853,131.53407729204133,142.26112793301007,119.21070445044386,107.28947360925353,171.54045009485895
1350,Prov. Kalimantan Barat,Kab. Landak,P,S1,136,873.0,239.67518975243559,150.35399861747007,127.6624141056781,136.41313090267516,136.76989707211388,138.00787728890904,137.50926222045624
1351,Prov. Kalimantan Barat,Kab. Melawi,L,S1,56,356.0,97.73696168598748,59.41412915829815,51.30089606494505,50.568658648537976,49.77731153661872,58.30481739319772,54.92178051847908
1352,Prov. Kalimantan Barat,Kab. Melawi,P,S1,191,852.0,233.90980718107116,170.4834876674258,145.21413526092536,147.9012041134031,152.25645515654142,164.86391501088892,161.01987574103597
1353,Prov. Kalimantan Barat,Kab. Pontianak,L,S1,72,291.0,79.89172991747853,36.708369938445806,39.594928468664506,37.149672108632764,34.51352567887618,33.91350348347719,25.259661540797957
1354,Prov. Kalimantan Barat,Kab. Pontianak,P,S1,87,325.0,89.22615884254475,53.165232836445576,54.85864958407907,53.36028310043946,44.22921918468219,54.24132029419455,36.27893296597947
1355,Prov. Kalimantan Barat,Kab. Sambas,L,D3,106,440.0,120.7984919714452,110.75092756786957,94.33779748910584,94.381505185229,113.2071425505942,92.00587903138688,94.55274008402706
1356,Prov. Kalimantan Barat,Kab. Sambas,L,D4,151,707.0,194.1012132359358,112.93538618280422,103.99748314354437,110.4892608570076,124.22240631358531,119.30681359894206,98.99880221613998
1357,Prov. Kalimantan Barat,Kab. Sambas,L,S1,44,451.0,123.81845427073132,65.88328080490403,61.6101346049484,60.83168675827649,70.24647741229431,59.63480024069587,53.91845875453283
1358,Prov. Kalimantan Barat,Kab. Sambas,L,S2,16,100.0,27.454202720782998,29.297500929306924,26.927820131102262,26.469747705832305,34.75826504004637,31.71601504712649,32.75449358380888
1359,Prov. Kalimantan Barat,Kab. Sambas,P,D3,88,297.0,81.5389820807255,81.57913872525648,71.12524479944217,73.23018167446402,88.32039072536811,59.34928993207241,63.00763187975991
1360,Prov. Kalimantan Barat,Kab. Sambas,P,D4,203,1170.0,321.2141718331611,209.09831849611714,195.16769763548692,213.61488418481676,240.4021567837068,238.0559556132224,215.34660061525005
1361,Prov. Kalimantan Barat,Kab. Sambas,P,S1,134,966.0,265.2075982827638,178.13516744032967,161.04713161847903,164.66070350376765,201.8741840529938,165.6833002670038,157.65692479358356
1362,Prov. Kalimantan Barat,Kab. Sambas,P,S2,15,54.0,14.82526946922282,21.267396119540006,18.43778728598485,18.818294768514985,18.888744397427693,9.742790953228367,9.797619112549741
1363,Prov. Kalimantan Barat,Kab. Sintang,L,S1,297,2103.0,577.3618832180665,324.1829672246546,317.3479891805509,309.90104222185283,288.08968634385303,292.29635267967393,264.89820688879865
1364,Prov. Kalimantan Barat,Kab. Sintang,P,D3,76,309.0,84.83348640721947,85.1583846206263,79.28862876259551,80.56183996899078,85.33873358879913,63.85222863154671,72.56265959298216
1365,Prov. Kalimantan Barat,Kab. Sintang,P,S1,641,3132.0,859.8656292149235,596.9265670821303,569.524177876902,575.412078114291,576.1380972701116,601.1155537626013,564.4201131930249
1366,Prov. Kalimantan Barat,Kota Pontianak,L,D1,27,29.0,7.96171878902707,23.46257639905429,9.689596634409853,8.697814838531052,7.041804336124824,13.208601486064342,18.568870205395488
1367,Prov. Kalimantan Barat,Kota Pontianak,L,D2,5,12.0,3.2945043264939597,4.594880051592281,4.061963250447107,3.3874635885486684,2.9871836332414743,4.573219332583287,5.816662100148378
1368,Prov. Kalimantan Barat,Kota Pontianak,L,D3,960,3417.0,938.1101069691551,973.0326269470961,901.4998880179295,892.540168508416,768.3461152953497,701.1998833753884,773.7317917811635
1369,Prov. Kalimantan Barat,Kota Pontianak,L,D4,518,3094.0,849.433032181026,540.9052368267754,552.1583826339403,578.7388354196747,438.1032212183506,655.6443876458125,558.1356202347016
1370,Prov. Kalimantan Barat,Kota Pontianak,L,Profesi,3707,3921.0,1076.4792886819014,5137.395818058746,4523.902255640335,4242.806201366694,6944.940293247307,4572.3423466816375,4028.7551721764944
1371,Prov. Kalimantan Barat,Kota Pontianak,L,S1,4528,30075.0,8256.851468275487,4594.189483576478,4725.078762364374,4626.751301645035,4005.899669634416,4259.013183698931,4397.02818597565
1372,Prov. Kalimantan Barat,Kota Pontianak,L,S2,436,1159.0,318.194209533875,371.76465551196355,379.0918215342635,367.5401552717055,278.1769850095613,286.92161889980656,310.20920441054227
1373,Prov. Kalimantan Barat,Kota Pontianak,L,S3,13,78.0,21.41427812221074,9.835735121339141,11.40269904049883,14.306230682979342,8.651912563641217,13.78666024267825,11.015032086835545
1374,Prov. Kalimantan Barat,Kota Pontianak,P,D3,1397,4550.0,1249.1662237956266,1432.9545181907492,1349.6534051993144,1376.530133564859,1126.5137735667886,1023.4220103789869,1273.9432011410877
1375,Prov. Kalimantan Barat,Kota Pontianak,P,D4,896,4260.0,1169.5490359053558,849.366045348124,872.1998954639358,942.5888937404738,721.3602951894741,907.5954268823073,925.6054989303826
1376,Prov. Kalimantan Barat,Kota Pontianak,P,Profesi,7345,7953.0,2183.4327423838718,10995.589036606576,10041.765304822413,9678.183878682628,13497.768739172276,8120.226109781168,7967.400254713924
1377,Prov. Kalimantan Barat,Kota Pontianak,P,S1,7374,36731.0,10084.203201370803,6816.336391964366,6854.182048431239,6945.942854325445,6273.5778874836,5792.824099140904,6954.6873619195485
1378,Prov. Kalimantan Barat,Kota Pontianak,P,S2,438,1027.0,281.9546619424414,385.16259658350566,391.28023392347023,391.5522435109945,312.50537746238024,257.3213425176577,348.0906209415056
1379,Prov. Kalimantan Barat,Kota Pontianak,P,S3,9,59.0,16.19797960526197,8.118712089012336,9.633769692097664,12.438808351975192,6.921649525865443,6.9792455667614455,6.837046718337651
1380,Prov. Kalimantan Barat,Kota Singkawang,L,S1,86,658.0,180.64865390275213,105.19616101433179,97.21910222457491,95.84718664079793,92.97462501233521,92.0416035026902,73.73187847612887
1381,Prov. Kalimantan Barat,Kota Singkawang,P,D3,54,164.0,45.02489246208412,51.357880180374984,43.54778291912593,44.847599262383326,52.76314387876142,39.45423321908234,34.13388346177435
1382,Prov. Kalimantan Barat,Kota Singkawang,P,S1,254,1251.0,343.4520760369953,236.0032090036362,216.50645004888122,220.39935406144932,243.89351577496635,244.61774109346746,240.11014477673908
1383,Prov. Kalimantan Selatan,Kab. Banjar,L,D3,35,78.0,17.536044982447898,24.366200129687723,22.19972463507247,24.36277158931731,15.958999064381866,26.36253664376825,25.770587522342684
1384,Prov. Kalimantan Selatan,Kab. Banjar,L,Profesi,58,109.0,24.50549875752334,107.93529433856861,75.4688878606232,68.52581334883313,111.7470921713977,57.736316237427076,57.785344753063264
1385,Prov. Kalimantan Selatan,Kab. Banjar,L,S1,272,2784.0,625.9019132196788,358.3443199456326,308.51637016742103,297.64028875132203,311.71201024153464,325.7958700912523,336.4388925048414
1386,Prov. Kalimantan Selatan,Kab. Banjar,P,D3,111,257.0,57.779020006270635,87.10319731976455,79.15613574313751,86.52328908324426,75.41838119778843,54.20530128238079,66.95609496089342
1387,Prov. Kalimantan Selatan,Kab. Banjar,P,Profesi,143,221.0,49.68546078360237,269.5989264261452,192.88261843546383,181.61338327585162,265.09445771988777,168.58544658662527,167.89744133042603
1388,Prov. Kalimantan Selatan,Kab. Banjar,P,S1,376,3018.0,678.5100481670224,464.22377970535655,406.4645774165058,402.73083010991775,474.7914775466316,367.6424868581078,376.7184576387915
1389,Prov. Kalimantan Selatan,Kab. Barito Kuala,L,D3,55,255.0,57.32937782723351,69.0997256032874,52.891426272852975,56.50474786690691,65.57739989403036,52.24812323860134,47.8550679963232
1390,Prov. Kalimantan Selatan,Kab. Barito Kuala,P,D3,26,146.0,32.823879069710166,45.22019389377576,34.88095541013139,37.6752278975652,43.99631971525437,32.85941836794359,42.820650566786284
1391,Prov. Kalimantan Selatan,Kab. Hulu Sungai Selatan,L,S1,116,903.0,203.0134438352622,120.06433858150729,94.53032338362434,93.23503534435699,70.0116354734737,137.94981671055456,144.42829490158863
1392,Prov. Kalimantan Selatan,Kab. Hulu Sungai Selatan,P,S1,204,1389.0,312.2764933412837,229.10540690000533,184.82847346141273,189.4534098407106,177.8938077065994,200.94153474067406,191.20394031220573
1393,Prov. Kalimantan Selatan,Kab. Hulu Sungai Utara,L,D3,9,57.0,12.814802102558078,11.357747494072285,8.759557765791056,8.347270900003553,10.090139765353314,14.432984318266838,14.932180380702452
1394,Prov. Kalimantan Selatan,Kab. Hulu Sungai Utara,L,S1,228,1099.0,247.0783773809005,171.94456666849382,142.79110652404066,147.99865013835495,134.91628812926547,209.25531683237443,187.18476056077455
1395,Prov. Kalimantan Selatan,Kab. Hulu Sungai Utara,P,D3,18,62.0,13.938907550150892,17.1655077442235,13.877462356851108,14.246667977818342,13.706721530142223,13.169376563839574,17.14280369008466
1396,Prov. Kalimantan Selatan,Kab. Hulu Sungai Utara,P,S1,398,1679.0,377.47460930166693,313.2449245546349,264.39754071316815,280.9084047898318,301.78511209576277,239.79590558514852,235.32177591403743
1397,Prov. Kalimantan Selatan,Kab. Kota Baru,L,D3,62,271.0,60.92651525953051,51.75111439291056,41.123400794524706,38.50231606923159,56.02766420526119,47.25427438026079,35.68429668050442
1398,Prov. Kalimantan Selatan,Kab. Kota Baru,L,S1,169,538.0,120.95374616098677,77.63879695298192,65.84994564749887,65.69317510466841,72.74315283696266,64.22155384446852,60.53210655109114
1399,Prov. Kalimantan Selatan,Kab. Kota Baru,P,D3,57,155.0,34.84726887537723,40.012653906581846,33.146236096450565,33.1427810698445,39.783894024111675,34.31536551139046,34.4657444353312
1400,Prov. Kalimantan Selatan,Kab. Kota Baru,P,S1,278,855.0,192.22203153837117,152.7149192712453,132.6588237659709,137.44002235036507,169.10758963789698,132.616259681307,139.84040460830374
1401,Prov. Kalimantan Selatan,Kab. Tabalong,L,S1,62,361.0,81.16041331620116,54.10066910831306,45.244095586661786,45.46376085032579,48.32790437830561,61.91407221079129,54.14977919877812
1402,Prov. Kalimantan Selatan,Kab. Tabalong,P,S1,167,775.0,174.23634437688617,143.31551712387767,122.67750861591252,127.89723722057178,157.7152030111203,141.33149486157888,150.90254647717518
1403,Prov. Kalimantan Selatan,Kab. Tanah Bumbu,L,D3,39,297.0,66.77186358701314,85.96864497839451,70.67075811675475,76.26208773256788,87.6544538346984,55.92877971149123,68.35603165910938
1404,Prov. Kalimantan Selatan,Kab. Tanah Bumbu,L,Profesi,27,27.0,6.070169417001195,42.43161074765281,29.823451572535625,31.58238940744911,38.17860900600988,15.231179459263474,17.694093365626085
1405,Prov. Kalimantan Selatan,Kab. Tanah Bumbu,L,S1,36,54.0,12.14033883400239,8.385223683118886,6.868192631440266,7.084150478575019,8.650149308519318,10.629236496769177,7.281638671883719
1406,Prov. Kalimantan Selatan,Kab. Tanah Bumbu,P,D3,44,139.0,31.250131443080225,45.71907678422053,37.837455847359756,41.26972583522339,46.365184768296345,24.598213575864897,40.830256695262506
1407,Prov. Kalimantan Selatan,Kab. Tanah Bumbu,P,Profesi,43,43.0,9.6673068492982,73.68222143333982,51.70775171527653,54.62573337077363,58.905497879036126,17.071012101644953,23.32091317840443
1408,Prov. Kalimantan Selatan,Kab. Tanah Bumbu,P,S1,66,133.0,29.90120490596885,24.720451967680738,20.598889869279308,21.831923825667506,26.578660977129097,8.906748181777946,8.198501649088152
1409,Prov. Kalimantan Selatan,Kab. Tanah Laut,L,D2,5,6.0,1.3489265371113768,2.567749046439381,2.0820818792039617,1.9869655107797068,3.2388094176267486,2.2734465392428933,2.263135684632768
1410,Prov. Kalimantan Selatan,Kab. Tanah Laut,L,D3,160,500.0,112.4105447592814,127.8386129751092,105.91084784865359,109.74864960570422,106.92748977035032,104.73961320680249,117.68179289162379
1411,Prov. Kalimantan Selatan,Kab. Tanah Laut,L,D4,31,339.0,76.21434934679279,63.212520720627076,57.115589645116614,64.04787424224078,73.3162261924623,52.77379881736075,36.28681795217428
1412,Prov. Kalimantan Selatan,Kab. Tanah Laut,P,D3,250,643.0,144.55996056043585,199.5420722817275,168.75870269323315,181.37901092158774,220.3944477756753,124.19120043886213,152.76334272542266
1413,Prov. Kalimantan Selatan,Kab. Tanah Laut,P,D4,29,270.0,60.70169417001195,56.00431384141279,50.7050126055637,56.89163412344802,72.25633787612115,53.63395770864144,55.32855800770654
1414,Prov. Kalimantan Selatan,Kab. Tapin,L,S1,3,31.0,6.969453775075446,5.854819343056239,5.043895306004363,5.502962404246207,5.5953153653681165,7.157082907760024,6.3003841822821
1415,Prov. Kalimantan Selatan,Kab. Tapin,P,S1,8,89.0,20.009076967152087,18.066369856473784,15.49512963445224,16.788101387811423,15.429972755179024,15.631307490158656,13.407894608343641
1416,Prov. Kalimantan Selatan,Kota Banjarbaru,L,D3,107,342.0,76.88881261534847,90.2777525230528,82.43060232281418,84.86841988508476,82.72390800375473,85.93924342278288,88.0368037221077
1417,Prov. Kalimantan Selatan,Kota Banjarbaru,L,D4,161,329.0,73.96613845160715,62.88599117818317,62.527858561155114,69.46272236180859,83.7139316560051,44.927764082561474,32.681382513480614
1418,Prov. Kalimantan Selatan,Kota Banjarbaru,L,Profesi,31,33.0,7.419095954112572,43.52066269123325,33.41338096118555,32.880867353729606,24.16697799383041,27.44331428728561,26.063041269722504
1419,Prov. Kalimantan Selatan,Kota Banjarbaru,L,S1,185,952.0,214.02967722167176,142.4469657557152,131.05732952584088,131.40355841138256,143.79635622891868,159.90523129973954,139.55893318426286
1420,Prov. Kalimantan Selatan,Kota Banjarbaru,P,D3,469,1425.0,320.37005256395196,439.09088921466,405.8199262351596,425.92937374223834,450.6875493584931,310.5068985158145,340.46561025617956
1421,Prov. Kalimantan Selatan,Kota Banjarbaru,P,D4,738,1564.0,351.6201840070322,334.74652815162926,334.10268179366494,373.4018034307913,442.3735590282071,313.57090845863036,351.154338763768
1422,Prov. Kalimantan Selatan,Kota Banjarbaru,P,Profesi,121,123.0,27.65299401078322,189.50311758995446,147.29286594719008,147.79524682974656,115.235173976417,112.69219308570587,109.30573401022434
1423,Prov. Kalimantan Selatan,Kota Banjarbaru,P,S1,333,1394.0,313.4005987888765,258.2853389764614,243.38825970898006,253.34718266316946,237.41304815070453,248.88422739191566,234.987568833202
1424,Prov. Kalimantan Selatan,Kota Banjarmasin,L,D2,15,24.0,5.395706148445507,9.910235553404878,9.191795253652328,8.594056988260798,6.320980789376552,8.134919752256543,8.580302843053694
1425,Prov. Kalimantan Selatan,Kota Banjarmasin,L,D3,769,2749.0,618.0331750865291,762.850563154642,738.8627368207136,767.9113402288571,746.2292997292428,629.3494174027779,669.6604456341648
1426,Prov. Kalimantan Selatan,Kota Banjarmasin,L,D4,171,847.0,190.42346282222266,152.98973530782152,158.01725032064087,171.9208693585527,158.41018487819233,162.4492507893492,133.5616435304776
1427,Prov. Kalimantan Selatan,Kota Banjarmasin,L,Profesi,5316,3991.0,897.2609682685841,6127.42340712023,5092.695155595456,5219.062760334328,6801.015358390309,4521.800418881005,4410.748591051038
1428,Prov. Kalimantan Selatan,Kota Banjarmasin,L,S1,4857,32279.0,7256.999948569688,5142.980251882707,5034.016126771992,5130.020849624768,5040.465270671732,5064.183566464954,4757.16975508311
1429,Prov. Kalimantan Selatan,Kota Banjarmasin,L,S2,935,3025.0,680.0837957936524,998.4298547766248,1003.9797591906362,1007.2180473241483,935.0100599693415,804.9673712339843,886.6078744375587
1430,Prov. Kalimantan Selatan,Kota Banjarmasin,L,S3,52,376.0,84.5327296589796,64.45395864483153,70.86737783102204,96.69830364526682,58.54956239463501,68.8890096571515,54.025071253549505
1431,Prov. Kalimantan Selatan,Kota Banjarmasin,L,Sp-1,25,158.0,35.521732143932915,29.54466963080885,35.74907773241638,50.80153403648672,34.11502169299012,34.66155059147253,38.796751961754126
1432,Prov. Kalimantan Selatan,Kota Banjarmasin,P,D3,1018,3093.0,695.3716298809147,956.8263621413727,929.3698820307151,969.950959846317,910.117972928277,737.8556242732427,829.5652639222947
1433,Prov. Kalimantan Selatan,Kota Banjarmasin,P,D4,89,668.0,150.18048779839992,140.8436040144395,147.2434163357752,163.26687093867088,166.05051273189594,111.29625260875625,106.1312752659327
1434,Prov. Kalimantan Selatan,Kota Banjarmasin,P,Profesi,12442,9766.0,2195.602760238284,16499.913810004444,13717.636840505993,14065.259971457439,16561.887783373964,8340.71945523203,9903.371025169805
1435,Prov. Kalimantan Selatan,Kota Banjarmasin,P,S1,8089,41472.0,9323.780224513835,7907.158592587455,7874.174245999413,8251.712249305841,8159.181298609521,7527.951571728604,7570.296420153059
1436,Prov. Kalimantan Selatan,Kota Banjarmasin,P,S2,885,2701.0,607.2417627896381,1040.483344445335,1059.0107625291405,1082.9898557731167,903.3548020501344,785.8823054646766,884.1421281161143
1437,Prov. Kalimantan Selatan,Kota Banjarmasin,P,S3,15,193.0,43.39047027708261,37.501224975169045,41.490785505453125,57.17744062791343,36.46806256237365,29.478557505301705,24.688321732613847
1438,Prov. Kalimantan Selatan,Kota Banjarmasin,P,Sp-1,18,102.0,22.931751130893403,20.596194168869804,24.83437152246902,35.098342054852246,22.602282800854393,34.67459091902341,38.36257070340367
1439,Prov. Kalimantan Tengah,Kab. Barito Selatan,L,S1,22,128.0,30.091959833829577,20.815615651874943,18.231536381160137,18.258147272899325,22.055944065385614,29.124048086563405,15.016166172084983
1440,Prov. Kalimantan Tengah,Kab. Barito Selatan,P,S1,40,266.0,62.53485402967709,51.23950615125333,46.131478900850354,47.72196098107914,60.7045288864474,50.99013194586926,49.46234342773418
1441,Prov. Kalimantan Tengah,Kab. Barito Utara,L,D3,14,69.0,16.221447097923757,18.52138129394757,14.69635119948414,14.809463994166633,16.972067166934746,22.564565759501715,24.66066039994503
1442,Prov. Kalimantan Tengah,Kab. Barito Utara,L,S1,19,175.0,41.14135133531388,27.445959061154063,21.77823963962847,21.556805385111506,25.94611082380632,25.55467737131368,16.34057439511122
1443,Prov. Kalimantan Tengah,Kab. Barito Utara,P,D3,24,93.0,21.8636895667668,30.415452964744055,25.044210698519937,26.330772833517912,25.105800867746787,26.186067401336185,29.04160270721343
1444,Prov. Kalimantan Tengah,Kab. Barito Utara,P,S1,54,319.0,74.99480614837215,58.138956000801095,47.11675038255248,47.849797846251896,49.38015224914566,32.56313579708755,33.30793368614783
1445,Prov. Kalimantan Tengah,Kab. Kapuas,L,S1,75,414.0,97.32868258754254,59.15904534633272,44.338826748690174,42.02494417168203,55.77501792736896,36.20804379927735,35.19217273282578
1446,Prov. Kalimantan Tengah,Kab. Kapuas,P,S1,144,740.0,173.96914278932724,119.34644637063572,90.46301708829466,87.06500116025686,120.94465366245649,96.36907021026332,100.42693963250255
1447,Prov. Kalimantan Tengah,Kab. Kotawaringin Barat,L,D3,1,7.0,1.645654053412555,1.884871211280396,1.5143345950597824,1.5274493902653858,1.7115346240688638,3.88561383383615,3.210756003671178
1448,Prov. Kalimantan Tengah,Kab. Kotawaringin Barat,L,S1,149,886.0,208.2927844747891,115.89185104776008,87.50424001462059,81.20629085063541,115.958127396798,110.34763503730682,126.00832542881085
1449,Prov. Kalimantan Tengah,Kab. Kotawaringin Barat,P,D3,3,88.0,20.688222385757832,25.216536001868707,20.08784615481853,20.150102851407347,27.173261619842492,26.855552201397888,30.334030719105478
1450,Prov. Kalimantan Tengah,Kab. Kotawaringin Barat,P,S1,260,1076.0,252.9605373531299,185.99289963140072,149.7671962567994,149.2472340581285,196.1545113584558,156.0994706307437,173.33618920568136
1451,Prov. Kalimantan Tengah,Kab. Kotawaringin Timur,L,D3,15,239.0,56.18733125222867,52.46665296013698,43.70072356805774,41.702306176660514,43.75325005683929,39.50420601821041,31.874211153819612
1452,Prov. Kalimantan Tengah,Kab. Kotawaringin Timur,L,S1,141,1017.0,239.09002461722406,121.21954605103815,99.6445958550932,92.21055483516925,137.55099189185802,116.39720534475248,111.42796060798227
1453,Prov. Kalimantan Tengah,Kab. Kotawaringin Timur,P,D3,101,441.0,103.67620536499096,133.47411660473136,120.26487754222758,125.10168343339724,113.31770205344435,91.79680944076375,101.95521352680122
1454,Prov. Kalimantan Tengah,Kab. Kotawaringin Timur,P,S1,240,1219.0,286.57889872998635,196.83145721052597,173.24585967034665,172.81458789800016,195.33510469107125,217.24337280636567,226.40417101881366
1455,Prov. Kalimantan Tengah,Kab. Seruyan,L,D3,7,25.0,5.8773359050448395,4.618390105302736,3.1495939040865335,2.7514412255963845,6.440235415018335,5.668724895690382,5.136565724273613
1456,Prov. Kalimantan Tengah,Kab. Seruyan,L,D4,9,137.0,32.20780075964572,17.28880561259338,12.653358027914923,11.983652556148224,22.26236232996369,17.093228796401313,15.286179522159086
1457,Prov. Kalimantan Tengah,Kab. Seruyan,P,D3,1,22.0,5.172055596439458,3.4968977218173585,2.201417416361905,1.7737493108960587,3.1352986507039327,4.535576411722152,4.567736034679311
1458,Prov. Kalimantan Tengah,Kab. Seruyan,P,D4,13,108.0,25.390091109793705,17.84239871788302,13.882438148182214,14.07123646963423,17.090632448814606,17.35559614029398,14.18132739906005
1459,Prov. Kalimantan Tengah,Kota Palangka Raya,L,D3,71,399.0,93.80228104451564,113.7208921162744,109.06130969678442,113.2170320209582,98.40232656741237,103.86877499092932,101.99266950382109
1460,Prov. Kalimantan Tengah,Kota Palangka Raya,L,D4,16,142.0,33.38326794065469,26.267619845289335,26.57360141885228,29.369141684606287,20.74965589104948,25.32205473246552,23.868361493474552
1461,Prov. Kalimantan Tengah,Kota Palangka Raya,L,Profesi,1159,1184.0,278.35062846292357,1681.3981785103229,1561.402968010873,1604.43561900531,843.9401411963645,1213.6716244094312,1190.0861165710253
1462,Prov. Kalimantan Tengah,Kota Palangka Raya,L,S1,2402,17778.0,4179.491108795486,2719.0372455134975,2561.2115257872256,2565.2007935184415,2475.4716947886236,2425.649572955341,2318.2319184344547
1463,Prov. Kalimantan Tengah,Kota Palangka Raya,L,S2,441,1080.0,253.90091109793707,357.20746044087343,371.22687076338184,377.9526474747639,302.6939056220429,318.8879590903844,359.3733686700423
1464,Prov. Kalimantan Tengah,Kota Palangka Raya,L,S3,10,68.0,15.986353661721964,9.331015001201495,10.0272337140597,13.217996885487755,9.273843592736537,9.732098167709735,8.218667745894573
1465,Prov. Kalimantan Tengah,Kota Palangka Raya,P,D3,284,1687.0,396.60262687242573,545.1358772730775,529.535264154164,559.0904432099514,484.02840726571696,477.42528722295555,527.3986066365645
1466,Prov. Kalimantan Tengah,Kota Palangka Raya,P,D4,113,1027.0,241.440958979242,208.65446810356943,211.53181078764533,235.11091519008622,170.00302857353313,258.87423478708604,270.97732851625113
1467,Prov. Kalimantan Tengah,Kota Palangka Raya,P,Profesi,3769,3926.0,922.9768305282415,6171.423583944425,5758.228635772327,5966.976962974167,2967.571418609979,4356.069781974878,5492.418135944922
1468,Prov. Kalimantan Tengah,Kota Palangka Raya,P,S1,3566,21755.0,5114.457704570019,3935.421677723513,3811.19640925643,3944.0107685587755,4542.27717299973,3400.2780849173546,3570.590503264228
1469,Prov. Kalimantan Tengah,Kota Palangka Raya,P,S2,553,1105.0,259.7782470029819,410.7684483682595,431.1244214926583,445.0466891974845,357.1506487505334,357.09854751687794,378.7468215060457
1470,Prov. Kalimantan Tengah,Kota Palangka Raya,P,S3,5,41.0,9.638830884273537,5.370211865447612,5.516493325252278,6.958370070574177,5.639220683638328,6.023951560789626,5.640573921327679
1471,Prov. Kalimantan Timur,Kab. Berau,L,D3,30,162.0,38.08513666469056,50.543503317614416,46.44200858717809,49.96975519655979,49.05530107768998,47.00875636535609,46.808558659555544
1472,Prov. Kalimantan Timur,Kab. Berau,L,D4,8,66.0,15.516166789318376,12.513967567220465,11.863999139601704,13.27711938449175,15.030680566913997,12.371055712608369,11.03606851389083
1473,Prov. Kalimantan Timur,Kab. Berau,L,S1,157,1054.0,247.78848175669043,151.52557608801112,128.54364123790162,124.89131149297106,143.84593635619606,116.4440925651323,123.14796507602895
1474,Prov. Kalimantan Timur,Kab. Berau,L,S2,45,76.0,17.86710115133631,27.688983637541792,27.62828763266421,29.21923674290446,24.1442348558554,22.906259063965862,26.000815708796942
1475,Prov. Kalimantan Timur,Kab. Berau,P,D3,23,80.0,18.807474896143486,26.48313997095667,24.10399244531889,25.76481067678892,28.72366699148534,25.15106679508328,28.209024702580734
1476,Prov. Kalimantan Timur,Kab. Berau,P,D4,9,92.0,21.628596130565008,19.004765876704926,18.006906493619994,20.208183339745304,29.706635274992262,16.040386335570414,11.709870144930608
1477,Prov. Kalimantan Timur,Kab. Berau,P,S1,250,1360.0,319.7270732344393,241.10809031569175,213.11607573237288,216.9609233475558,251.55599364574164,231.22062964956473,239.21078881891313
1478,Prov. Kalimantan Timur,Kab. Berau,P,S2,31,43.0,10.109017756677124,17.24250534940503,17.25333138734027,18.36402691498339,9.900156284182103,7.251858051745027,6.231287191981177
1479,Prov. Kalimantan Timur,Kab. Kutai Barat,L,D3,13,35.0,8.228270267062776,7.56542526519224,5.439315389124589,5.023719787389842,7.856798789196654,6.698316941808025,7.405076204079362
1480,Prov. Kalimantan Timur,Kab. Kutai Barat,P,D3,8,28.0,6.58261621365022,5.480932206456173,3.7008031859699257,3.2102338230953054,7.980183477833627,6.6719140539303154,7.001303866683876
1481,Prov. Kalimantan Timur,Kab. Kutai Kartanegara,L,S1,232,1794.0,421.75762454601767,304.28010582423366,253.4427748260232,245.49902716060063,246.17331790071285,291.0158729806554,276.4131906896912
1482,Prov. Kalimantan Timur,Kab. Kutai Kartanegara,L,S2,21,66.0,15.516166789318376,22.098456712923955,19.904821200512508,19.209468917748197,23.445696080890325,18.426307469138024,14.880589004475796
1483,Prov. Kalimantan Timur,Kab. Kutai Kartanegara,P,S1,343,1993.0,468.5412183501746,384.86380103345687,325.1527677149176,320.8120671387123,354.342307753671,378.394282832753,370.093401708374
1484,Prov. Kalimantan Timur,Kab. Kutai Kartanegara,P,S2,12,40.0,9.403737448071743,14.967882871343399,13.58993277982259,13.271165216365791,14.927538836417586,9.163994448521304,8.843091726500045
1485,Prov. Kalimantan Timur,Kab. Kutai Timur,L,S1,114,1221.0,287.04908560238994,129.27451040994148,98.89099248353439,85.70234431585556,150.80555148475275,98.69725516969609,102.77869804756507
1486,Prov. Kalimantan Timur,Kab. Kutai Timur,P,S1,259,1692.0,397.7780940534347,250.82856187609204,208.64755192431588,198.1887131681176,165.3829222582484,209.04205816670483,232.18780124769566
1487,Prov. Kalimantan Timur,Kab. Pasir,L,S1,54,215.0,50.545088783385616,30.184694390694585,22.488932964002068,21.182277058025413,27.76447366264174,28.477364253951386,23.589092295486815
1488,Prov. Kalimantan Timur,Kab. Pasir,P,S1,96,359.0,84.39854359644389,63.79245548865039,49.956507169927555,49.76040913249995,56.455636996600084,31.526508360105666,34.22947670108593
1489,Prov. Kalimantan Timur,Kota Balikpapan,L,D3,239,1185.0,278.58572189912536,296.9372599607234,272.12951940312917,276.56501127025865,312.73635892421174,270.9023462190105,274.84936575481714
1490,Prov. Kalimantan Timur,Kota Balikpapan,L,D4,175,1115.0,262.12918136499985,172.60987466201686,164.14948206303205,174.5616914014746,215.64094206301857,235.01359395588258,171.90601195241643
1491,Prov. Kalimantan Timur,Kota Balikpapan,L,S1,1381,9415.0,2213.4047018398865,1395.7563486783038,1289.4245120708783,1298.5378688454455,1534.6812862604374,1686.8624021648232,1628.7524287295673
1492,Prov. Kalimantan Timur,Kota Balikpapan,L,S2,29,48.0,11.284484937686091,12.196437869005631,11.575110779454347,10.998699450627237,10.838823063190004,11.920746197401739,12.156611163941852
1493,Prov. Kalimantan Timur,Kota Balikpapan,P,D3,206,618.0,145.28774357270842,174.29165166384746,161.48031723103983,166.5857640695116,203.03522467731852,175.83757439880375,185.4885046095833
1494,Prov. Kalimantan Timur,Kota Balikpapan,P,D4,177,1070.0,251.54997673591913,205.0892616097059,203.48676564087106,227.05932465386124,288.1005552596462,279.9694897618092,268.67701389824344
1495,Prov. Kalimantan Timur,Kota Balikpapan,P,S1,1460,8138.0,1913.1903838101962,1425.2724774932042,1351.6151752459036,1403.974861138395,1670.4079399568554,1451.8155868435692,1469.876088481625
1496,Prov. Kalimantan Timur,Kota Balikpapan,P,S2,21,19.0,4.466775287834078,6.636185278737582,6.806280957450137,7.042360729913887,7.29200206222035,4.197190101221012,4.560312245235266
1497,Prov. Kalimantan Timur,Kota Bontang,L,S1,60,630.0,148.10886480712995,95.59738099272451,80.63015723472185,78.80559233434462,88.85424683959054,85.3509699010901,78.65627116683132
1498,Prov. Kalimantan Timur,Kota Bontang,P,S1,46,427.0,100.38489725816585,74.55234070012413,64.00697169757875,63.9592134945437,73.36942194475373,58.48265665360581,57.518381676869176
1499,Prov. Kalimantan Timur,Kota Samarinda,L,D3,752,2655.0,624.1730731157619,771.4700537253048,732.0702178420593,762.7441776768568,762.7138827018057,682.295879796604,626.8786277774366
1500,Prov. Kalimantan Timur,Kota Samarinda,L,D4,586,3070.0,721.7368491395063,541.324749201771,530.7004109229719,576.0000775962066,482.6212282346067,677.3011974285954,551.1469021641894
1501,Prov. Kalimantan Timur,Kota Samarinda,L,Profesi,1584,2639.0,620.4115781365332,3874.0360552898205,3576.31518760091,3706.4748588324105,3082.456794547746,5225.654646300603,5066.241105956901
1502,Prov. Kalimantan Timur,Kota Samarinda,L,S1,3997,26770.0,6293.451287122014,4465.969155099788,4222.534580341413,4305.785812593075,4357.172157874326,4752.272795681512,4186.825391917006
1503,Prov. Kalimantan Timur,Kota Samarinda,L,S2,357,1300.0,305.62146706233165,457.1818348810069,476.8196695637057,494.54890168470837,407.2982762783426,358.00924324746336,358.7900278952054
1504,Prov. Kalimantan Timur,Kota Samarinda,L,S2 Terapan,21,42.0,9.87392432047533,14.066997896588827,13.430184404781125,11.622585953704775,13.929186862232214,9.899350848623422,12.115871983032811
1505,Prov. Kalimantan Timur,Kota Samarinda,L,S3,22,160.0,37.61494979228697,26.299615395053348,29.522957555530834,41.35667034794507,24.981535910057435,19.605206867564803,20.35026417535657
1506,Prov. Kalimantan Timur,Kota Samarinda,L,Sp-1,6,11.0,2.586027798219729,2.045468794257065,2.573678935869599,3.7418406617854347,2.2223477787168697,3.0400556579545865,1.7460740398769288
1507,Prov. Kalimantan Timur,Kota Samarinda,P,D3,873,2933.0,689.5290483798606,936.2187792966238,890.3447553921784,932.9772775445502,1020.2049358487649,829.1673082719232,962.6285106535964
1508,Prov. Kalimantan Timur,Kota Samarinda,P,D4,908,3316.0,779.5698344451475,678.001844384117,677.7801854918464,753.4164266297925,676.8501386679869,864.0039878152227,1016.5673796483289
1509,Prov. Kalimantan Timur,Kota Samarinda,P,Profesi,4278,6757.0,1588.5263484155191,10719.869551727561,9863.263197286968,10221.544813535362,8182.234502355698,8084.941347011349,7407.802062039702
1510,Prov. Kalimantan Timur,Kota Samarinda,P,S1,7009,38053.0,8946.010527786852,7477.114688525116,7265.707801005976,7653.130122266571,6956.75598835674,7686.1453717691775,7302.027317923289
1511,Prov. Kalimantan Timur,Kota Samarinda,P,S2,449,1322.0,310.7935226587711,517.0596064199407,542.6922797452806,568.581168879201,470.341907179756,374.3925164963552,402.50675611117833
1512,Prov. Kalimantan Timur,Kota Samarinda,P,S2 Terapan,13,23.0,5.407149032641252,8.282651700473188,7.86794869655859,6.7961899969286685,8.95840282668253,6.335996276161765,6.7044537235932244
1513,Prov. Kalimantan Timur,Kota Samarinda,P,S3,19,85.0,19.982942077152455,15.307835652776104,17.20624802570611,24.21880383600681,14.054102938309802,12.857478480222683,13.038731479098312
1514,Prov. Kalimantan Utara,Kab. Bulungan,L,S1,44,496.0,117.38630580917145,62.15425743767511,46.50410045295912,42.46601273842008,60.06015644375655,45.45119183229352,41.00488569906204
1515,Prov. Kalimantan Utara,Kab. Bulungan,P,S1,40,468.0,110.75965951349242,71.00498233982435,54.43131895033356,51.68900098684566,70.89746930599847,56.503580825455366,63.297143917000085
1516,Prov. Kalimantan Utara,Kab. Nunukan,L,D3,60,177.0,41.889871226256744,50.53401646187385,43.57661374813092,48.38688222381471,35.46301423674582,20.571476067806678,23.138636735871753
1517,Prov. Kalimantan Utara,Kab. Nunukan,L,S1,16,101.0,23.9032598522708,11.990534413797818,8.589508456863838,7.906445516567268,8.822862280005973,16.678012157309958,17.255516038779383
1518,Prov. Kalimantan Utara,Kab. Nunukan,P,D3,61,186.0,44.01986467843929,59.90571527167955,51.049159598980616,56.94076902229839,47.42289838752626,30.05703284302382,26.26129407358463
1519,Prov. Kalimantan Utara,Kab. Nunukan,P,S1,59,221.0,52.303172548038084,32.6227171586807,24.271348993022965,23.53777777757333,21.350829835847378,33.934151737603756,23.487338015273384
1520,Prov. Kalimantan Utara,Kota Tarakan,L,D3,30,113.0,26.74325112184753,25.09244207970119,21.008745843066727,19.533463699958702,25.430051684864235,21.964128115255424,21.567541691226296
1521,Prov. Kalimantan Utara,Kota Tarakan,L,D4,6,40.0,9.466637565255763,5.963497158802673,5.238666618530597,5.2426443231597615,5.5673915709679855,6.566471066624774,6.194893536823301
1522,Prov. Kalimantan Utara,Kota Tarakan,L,Profesi,507,516.0,122.11962459179934,670.7688614862001,622.3752425342061,640.3559591650446,636.7876408190682,603.2020931940041,537.0062075437307
1523,Prov. Kalimantan Utara,Kota Tarakan,L,S1,416,4034.0,954.7103984560437,663.2093711643025,618.0155561238317,633.2674604664829,700.90317678116,624.6319242262407,610.0778902716813
1524,Prov. Kalimantan Utara,Kota Tarakan,L,S2,64,245.0,57.98315508719154,86.98633200694596,89.29661340144996,94.21209479845878,85.8929153089351,84.8652539767008,77.40038338086441
1525,Prov. Kalimantan Utara,Kota Tarakan,P,D3,170,772.0,182.70610500943621,204.92932179136048,174.65257516661876,167.82025201962784,209.45847195397485,148.05389589988144,149.64519787459943
1526,Prov. Kalimantan Utara,Kota Tarakan,P,D4,15,103.0,24.376591730533587,18.682027719007714,16.855910262106093,17.583501239811525,19.529923381423032,14.07688712555492,10.485919793894604
1527,Prov. Kalimantan Utara,Kota Tarakan,P,Profesi,1679,1769.0,418.6620463234361,2607.689484839471,2397.4007103350173,2484.1460913192445,3301.932585808782,1844.651320082361,1864.0750818983172
1528,Prov. Kalimantan Utara,Kota Tarakan,P,S1,901,6518.0,1542.5885912584265,1286.0418458392116,1223.2637475289555,1296.8742012772345,1311.4463684166024,1160.2789817134221,1221.7622302556792
1529,Prov. Kalimantan Utara,Kota Tarakan,P,S2,36,147.0,34.78989305231492,58.337977318582816,58.90398287810318,62.14700328863436,59.04342362743192,49.342356410763834,44.345055572920785
1530,Prov. Kepulauan Riau,Kab. Bintan,L,D3,14,49.0,11.016233386409576,15.438423136340914,13.274709422077269,14.498441902025455,14.679204892700557,10.733559621447627,13.749379524733008
1531,Prov. Kepulauan Riau,Kab. Bintan,L,D4,9,48.0,10.791412296891014,9.514635872400474,8.660962075499626,9.76157218376307,12.959647027282276,8.405376375007604,6.441868976157613
1532,Prov. Kepulauan Riau,Kab. Bintan,L,S1,82,791.0,177.83348180918316,123.82971162988406,104.46953860535501,106.43967216728997,117.33087892202705,126.74815663350343,124.35568066518573
1533,Prov. Kepulauan Riau,Kab. Bintan,P,D3,8,48.0,10.791412296891014,16.056381602470346,13.711072037117276,14.813357513743243,15.577363199529762,11.627866643523067,17.704320499747528
1534,Prov. Kepulauan Riau,Kab. Bintan,P,D4,5,36.0,8.09355922266826,7.780758518217024,7.071645138058603,7.951126053442112,12.095317909397178,8.378853672559543,6.872594405299314
1535,Prov. Kepulauan Riau,Kab. Bintan,P,S1,185,1110.0,249.55140936560468,198.6789228574247,168.95841149752812,174.33505560348397,217.19334819624524,264.3551293958933,235.13338444564803
1536,Prov. Kepulauan Riau,Kab. Karimun,L,S1,110,464.0,104.31698553661313,68.03498275742373,61.4307905569803,58.744730981355545,68.1360236334353,42.89728594762648,42.201971970457116
1537,Prov. Kepulauan Riau,Kab. Karimun,P,S1,170,577.0,129.72176865221073,102.909713905986,94.83023066877128,93.61715194326139,109.11458060283694,96.03047888010568,94.78384730750643
1538,Prov. Kepulauan Riau,Kab. Natuna,L,S1,48,568.0,127.69837884654366,61.164753768991005,43.90546436938753,40.65328575197775,73.64304233922645,49.63712374764398,64.04466115469214
1539,Prov. Kepulauan Riau,Kab. Natuna,P,S1,82,700.0,157.37476266299393,97.67055907830627,72.46921278994083,70.7052511671552,104.6294114585588,87.04545337092068,89.05000896346618
1540,Prov. Kepulauan Riau,Kota Batam,L,D2,6,13.0,2.9226741637413163,4.478648046270874,4.225793036232428,3.8284103033546737,3.07052618470842,5.8801381919502065,6.730196947914925
1541,Prov. Kepulauan Riau,Kota Batam,L,D3,357,2263.0,508.77012558050757,602.5781266509697,611.0949045816844,647.0963004225349,567.1071145110794,513.4972460795549,518.2815207776089
1542,Prov. Kepulauan Riau,Kota Batam,L,D4,482,5058.0,1137.1450707848905,886.4799805862489,960.9312670487524,1069.6691871062553,934.4328973373931,888.4856745574417,828.8299496833879
1543,Prov. Kepulauan Riau,Kota Batam,L,Profesi,408,319.0,71.71792755642153,386.84709992484557,323.500544171526,315.68664204375085,238.80819466718384,213.70252473820048,248.11604953523036
1544,Prov. Kepulauan Riau,Kota Batam,L,S1,1567,13775.0,3096.9105081182024,1928.0889234094611,1940.1168637827059,1949.3264859479902,2088.359993964362,2211.6413817661014,2033.8905506326228
1545,Prov. Kepulauan Riau,Kota Batam,L,S2,341,827.0,185.92704103185142,231.59630926461494,237.71157915339222,232.31498349365944,233.57260486149985,166.30417590112648,187.90150996277558
1546,Prov. Kepulauan Riau,Kota Batam,L,S2 Terapan,1,33.0,7.419095954112572,8.921920526385973,8.074722244697535,6.855514758200205,9.443267898303775,9.961538556752586,10.227103351752776
1547,Prov. Kepulauan Riau,Kota Batam,L,S3,16,45.0,10.116949028335325,4.612873635871352,4.8258346795935205,5.7410423086376365,6.876812356749638,6.035169872813512,5.576884982102659
1548,Prov. Kepulauan Riau,Kota Batam,P,D2,4,12.0,2.6978530742227536,5.487636461615209,5.378051728473781,5.173472951164031,4.186622940932446,6.903318139838637,7.131400507320554
1549,Prov. Kepulauan Riau,Kota Batam,P,D3,307,1549.0,348.24786766425376,473.51780191927355,485.0594901871392,525.866898476844,467.01099611813993,481.63521649774924,503.7106165618533
1550,Prov. Kepulauan Riau,Kota Batam,P,D4,661,4198.0,943.7989337989266,825.1172776515851,899.4908709947084,1019.9940048769869,1059.5744088595516,903.1114601460002,886.7404471860933
1551,Prov. Kepulauan Riau,Kota Batam,P,Profesi,1313,1002.0,225.2707316975999,1406.8503500913846,1188.8889622640077,1179.6201975520771,803.1146959131786,878.1636984608874,898.7810842029797
1552,Prov. Kepulauan Riau,Kota Batam,P,S1,2187,15450.0,3473.485833061795,2587.1323547122497,2647.178427903256,2725.3467408442816,2895.0929089202423,2864.7863106712193,2914.522345174243
1553,Prov. Kepulauan Riau,Kota Batam,P,S2,253,559.0,125.6749890408766,190.57924353387003,199.67810916012357,201.60081048642093,191.38279710660376,171.46454129556756,168.83387239751167
1554,Prov. Kepulauan Riau,Kota Batam,P,S3,9,28.0,6.294990506519758,3.499168436132315,3.737871668950226,4.595905676553913,4.328685026069451,5.155614781540447,4.644121950251771
1555,Prov. Kepulauan Riau,Kota Tanjungpinang,L,D3,53,180.0,40.4677961133413,52.7471559986638,48.925774955530784,51.23125921217573,52.66786956575066,34.02740361197339,32.445777691258144
1556,Prov. Kepulauan Riau,Kota Tanjungpinang,L,Profesi,228,133.0,29.90120490596885,211.96765816272352,168.16183361233124,172.89423379382418,158.5523915523745,287.79212983676166,351.9403654271302
1557,Prov. Kepulauan Riau,Kota Tanjungpinang,L,S1,758,5294.0,1190.2028479112714,822.9907210182868,759.2197753607326,759.5963637519926,849.1384312697531,881.7965099766942,863.0052428966385
1558,Prov. Kepulauan Riau,Kota Tanjungpinang,L,S2,9,63.0,14.163728639669454,18.55369126714067,17.27562204047669,16.574224494436745,20.53947375106675,16.23928407987087,16.829938778318773
1559,Prov. Kepulauan Riau,Kota Tanjungpinang,P,D3,391,1101.0,247.5280195599376,365.3772800889993,340.9648268869555,360.4798703659767,350.1907424341543,272.2035061856912,263.96780517369865
1560,Prov. Kepulauan Riau,Kota Tanjungpinang,P,Profesi,1146,640.0,143.88549729188017,1128.8038947044365,896.8016364211626,924.1662572090829,741.4188561434421,846.478895182388,860.9894648460362
1561,Prov. Kepulauan Riau,Kota Tanjungpinang,P,S1,1343,8177.0,1838.3620489932878,1529.2344371047932,1436.6050609597023,1479.0753982605002,1729.8149952486044,1392.5697216340789,1432.2863060298394
1562,Prov. Kepulauan Riau,Kota Tanjungpinang,P,S2,3,38.0,8.543201401705385,14.95608630532691,14.484076978168238,14.786688953619825,16.664173957065817,11.014312884258594,9.950692023718052
1563,Prov. Lampung,Kab. Lampung Selatan,L,S1,2278,14535.0,3267.77453615231,2356.7297689329225,2098.29089419799,2206.82387962594,2260.067872098485,2309.1981652606555,2001.2512917172899
1564,Prov. Lampung,Kab. Lampung Selatan,L,S2,895,2452.0,551.261311499516,470.6746777633298,384.7945579691694,333.8348810883034,570.6850744038455,288.06197311711014,328.6317136234068
1565,Prov. Lampung,Kab. Lampung Selatan,L,S3,18,172.0,38.6692273971928,29.83972365647024,29.812701815060734,41.93499602393426,38.45096316537192,24.67955367798003,22.95289844095165
1566,Prov. Lampung,Kab. Lampung Selatan,P,D3,16,55.0,12.365159923520952,16.941504960789214,14.902212694526957,15.937181848138687,16.35254492618517,17.980261588834296,19.714656254418607
1567,Prov. Lampung,Kab. Lampung Selatan,P,S1,2792,14991.0,3370.2929529727744,2751.300818571056,2464.639887922249,2620.130514733727,2527.3092463591333,2605.000417738797,2438.8004875644906
1568,Prov. Lampung,Kab. Lampung Selatan,P,S2,727,1703.0,382.8703154501124,393.3296646973956,327.4746802898651,292.4148353027111,484.640698498234,316.13016206651537,388.2600896944131
1569,Prov. Lampung,Kab. Lampung Selatan,P,S3,7,60.0,13.489265371113767,10.89774839281807,10.782614681513019,14.936777249473309,12.946137820772343,6.593444716580959,6.389228005741552
1570,Prov. Lampung,Kab. Lampung Tengah,L,S1,301,758.0,170.41438585507058,137.74074430065357,129.42158703057925,139.15545655912757,130.99826284454824,124.52903386711014,100.44259994838423
1571,Prov. Lampung,Kab. Lampung Tengah,P,D3,45,36.0,8.09355922266826,11.844910381248992,10.896671338811384,11.788200855371523,14.410724610518221,13.30903968642287,14.2996727653641
1572,Prov. Lampung,Kab. Lampung Tengah,P,S1,210,792.0,178.05830289870173,157.19607524620434,147.52380549916333,158.32501410135666,161.17935081910838,140.22614945196437,129.98043654823522
1573,Prov. Lampung,Kab. Lampung Timur,L,D3,19,41.0,9.217664670261074,7.770939413586044,6.503462096174916,6.094515338372925,8.987754951677642,12.38419931967782,12.161023872422271
1574,Prov. Lampung,Kab. Lampung Timur,L,S1,1063,4194.0,942.8996494408523,423.59674331966966,352.7516154618122,315.296695139087,336.9871249155637,351.0885275603255,340.63158059707786
1575,Prov. Lampung,Kab. Lampung Timur,P,D3,15,37.0,8.318380312186823,8.036320283901189,6.782493591132069,6.441507293882335,8.701212893130728,11.266351853601169,12.109212662400992
1576,Prov. Lampung,Kab. Lampung Timur,P,S1,715,4765.0,1071.2724915559515,542.0074434472309,453.59751482873315,408.65561957454963,450.07953218171355,466.7296509953988,491.08264800089376
1577,Prov. Lampung,Kab. Lampung Utara,L,D3,1,9.0,2.023389805667065,1.383487951038703,1.1300675374013787,0.9890728639642112,2.084954103373506,2.9551365734486947,2.8768119505408785
1578,Prov. Lampung,Kab. Lampung Utara,L,S1,288,1981.0,445.37057833627284,265.8088321741894,238.7611720821178,234.68058767821583,266.9137088849783,263.5796680404963,241.86826173695923
1579,Prov. Lampung,Kab. Lampung Utara,L,S2,19,109.0,24.50549875752334,26.61732697036292,23.92673228727218,22.18537115102186,29.628573586296913,26.417540919732968,25.568267329800296
1580,Prov. Lampung,Kab. Lampung Utara,P,D3,36,61.0,13.714086460632329,12.845683871523027,10.967665807736575,10.295032726615782,16.65464612339635,18.109493530408432,19.914719598841252
1581,Prov. Lampung,Kab. Lampung Utara,P,S1,459,2677.0,601.8460566411926,443.4804837085633,408.2204706659858,419.79469042018707,413.32668638015707,477.9270138959011,476.4660510961052
1582,Prov. Lampung,Kab. Lampung Utara,P,S2,7,50.0,11.24105447592814,19.48256603988064,18.875308740502707,19.700369410796657,22.17290086226387,20.58366100397321,18.63201808694327
1583,Prov. Lampung,Kab. Mesuji,L,S1,104,190.0,42.71600700852693,36.421056572232956,32.30128181182146,34.92003524421833,38.50767640707315,33.398741437852756,21.427213614277097
1584,Prov. Lampung,Kab. Mesuji,P,S1,35,122.0,27.428172921264657,25.499242040134778,22.5797456463758,24.351656452319006,29.12739180569779,27.491253277266654,13.397845165484098
1585,Prov. Lampung,Kab. Pasawaran,L,S1,4,340.0,76.43917043631134,38.72765395086696,31.61613730748855,29.11641660564322,38.54652127445537,52.994900647029986,41.905043460337616
1586,Prov. Lampung,Kab. Pasawaran,P,S1,6,209.0,46.987607709379624,28.84005755071984,24.010001971553834,22.807660648758358,23.762065675386427,26.99659654908166,42.039008041125335
1587,Prov. Lampung,Kab. Pesisir Barat,L,S1,9,42.0,9.442485759779636,4.319640419699052,3.1592718650540434,2.8404419952139284,4.460422264312516,7.17914427961146,6.014747610066454
1588,Prov. Lampung,Kab. Pesisir Barat,P,S1,25,101.0,22.70693004137484,8.803387623003262,6.111386936938257,5.060435465114687,4.799039670167969,10.355486178004199,14.556448357414178
1589,Prov. Lampung,Kab. Pringsewu,L,D3,23,88.0,19.784255877633523,25.673661263727414,23.246554966966468,24.864679446450182,29.297753640964583,24.847236321906106,24.657287893423675
1590,Prov. Lampung,Kab. Pringsewu,L,Profesi,137,193.0,43.39047027708261,189.19157327307352,133.01368988526022,119.90838122567152,205.7716397539504,185.11302212992442,170.8614470515593
1591,Prov. Lampung,Kab. Pringsewu,L,S1,430,2864.0,643.8876003811638,456.32652489763035,413.21783475034465,425.20158282767727,451.4026638608437,411.76077771771486,384.8569341355302
1592,Prov. Lampung,Kab. Pringsewu,L,S2,78,219.0,49.235818604565246,58.33213201023988,52.00792439342044,49.43909526811203,65.93888751936774,54.93913578606922,52.44966504433191
1593,Prov. Lampung,Kab. Pringsewu,P,D3,70,354.0,79.58666568957122,107.86445913564589,96.79735073481753,102.86867741527813,105.21732759062476,96.99067790348133,102.38979025940965
1594,Prov. Lampung,Kab. Pringsewu,P,Profesi,508,583.0,131.0706951893221,880.2636426104665,662.3026259868504,664.572699090473,730.2386258415162,637.5693726739851,635.885244304506
1595,Prov. Lampung,Kab. Pringsewu,P,S1,1305,6283.0,1412.55090544513,1153.889900268659,1055.0326555604463,1102.8394785722778,1114.6118430488298,1096.614875471488,1043.6920835074945
1596,Prov. Lampung,Kab. Pringsewu,P,S2,136,317.0,71.2682853773844,100.05678673158813,90.57165710976825,88.18879991639162,111.67807249491717,71.8397104721998,80.46504053409352
1597,Prov. Lampung,Kab. Tenggamus,L,D3,17,18.0,4.04677961133413,5.631308253998051,4.775561115992933,5.2385831677297245,5.112133301886314,6.852766486967321,6.6270876753473535
1598,Prov. Lampung,Kab. Tenggamus,L,S1,73,385.0,86.55611946464667,70.74664195662531,60.877155424833944,65.69095876803672,59.591895455419674,76.99674122924432,44.794275831149804
1599,Prov. Lampung,Kab. Tenggamus,P,D3,2,2.0,0.44964217903712556,0.6822370371928945,0.5776635393863625,0.6321482483132842,0.6450981857066856,1.4674818074632634,1.0917859751462946
1600,Prov. Lampung,Kab. Tenggamus,P,S1,119,508.0,114.20911347542989,100.98611164571648,86.62612776549456,93.018967237882,95.52013436471734,65.97922390804537,67.64163163066182
1601,Prov. Lampung,Kab. Tulang Bawang,L,S1,248,702.0,157.82440484203107,125.50851213117473,112.22715329837885,120.72008435791349,113.33967085349167,97.12877022803711,80.71615916003358
1602,Prov. Lampung,Kab. Tulang Bawang,P,S1,272,769.0,172.88741783977477,146.86858615360268,130.58425508473405,139.22073509865564,146.5621828060828,127.72145358941287,125.76859511567973
1603,Prov. Lampung,Kab. Tulang Bawang Barat,L,D3,56,151.0,33.94798451730298,46.431259962887346,36.44092203295799,40.413532971907955,49.258035965018955,31.800619203512365,47.33277247626549
1604,Prov. Lampung,Kab. Tulang Bawang Barat,P,D3,29,83.0,18.660150430040712,27.827879560574043,21.806379254415965,24.125458098542783,30.230471997113288,20.984058597593542,20.450355156785914
1605,Prov. Lampung,Kab. Way Kanan,L,S1,167,919.0,206.61058126755918,104.83950247222249,79.78315432257756,75.08924288063227,77.20058761538596,110.7323775050538,129.49401465287136
1606,Prov. Lampung,Kab. Way Kanan,P,S1,289,1575.0,354.0932159917364,235.55140363950537,185.72273767907308,184.8692028184181,149.31364252657627,160.9848670641562,177.2393331738853
1607,Prov. Lampung,Kota Bandar Lampung,L,D3,540,2251.0,506.07227250628483,569.4962710863952,528.3161196702873,531.5392870173123,538.2607958192544,442.1205598764399,422.3439781745822
1608,Prov. Lampung,Kota Bandar Lampung,L,D4,308,2710.0,609.2651525953052,502.81335476122786,510.4275981164861,566.2958773428592,495.5575946772876,559.2625524106604,511.6995402871647
1609,Prov. Lampung,Kota Bandar Lampung,L,Profesi,3000,934.0,209.98289761033763,980.5234467720114,736.5940988399012,665.9449146328841,996.5645285925617,625.433187097739,945.2649544749021
1610,Prov. Lampung,Kota Bandar Lampung,L,S1,5517,41846.0,9407.863311993779,5734.152778126838,5310.911930054947,5125.770890469726,5986.370563862914,6740.712444467967,5778.551537704781
1611,Prov. Lampung,Kota Bandar Lampung,L,S2,795,3010.0,676.711479450874,827.6012480003598,782.6196735190906,737.4666183537282,891.4851215341203,729.5512612248535,872.6764489429763
1612,Prov. Lampung,Kota Bandar Lampung,L,S2 Terapan,4,28.0,6.294990506519758,10.623481631586834,9.516923978514335,8.72510945456725,9.992358270393073,6.606332860305161,8.161701282236391
1613,Prov. Lampung,Kota Bandar Lampung,L,S3,63,483.0,108.58858623746582,55.985266826255184,55.51390232652843,66.59425742765904,77.8809066483377,71.99725394109382,67.17902732313424
1614,Prov. Lampung,Kota Bandar Lampung,L,Sp-1,6,24.0,5.395706148445507,4.729229513495826,5.641541514724602,8.11296010916307,10.297957545310819,7.031472948538749,6.384968612221936
1615,Prov. Lampung,Kota Bandar Lampung,P,D2,18,27.0,6.070169417001195,12.975583438926794,11.877002812900049,11.256246166654844,16.71869318506194,7.559784420564622,7.466120187512818
1616,Prov. Lampung,Kota Bandar Lampung,P,D3,1790,5100.0,1146.5875565446702,1621.3034261262294,1545.0937324285876,1621.9229387728392,1653.5057817004085,1185.6558721494566,1281.5837963769038
1617,Prov. Lampung,Kota Bandar Lampung,P,D4,814,3983.0,895.4623995524355,844.358495139567,863.0591011054378,962.3970978637951,917.2873981624031,897.3810813555283,860.2891634979992
1618,Prov. Lampung,Kota Bandar Lampung,P,Profesi,7039,1759.0,395.4602964631519,2241.525210250608,1717.8879518263254,1603.0120307792836,1866.1094465402853,1613.3566895937718,2490.175012336124
1619,Prov. Lampung,Kota Bandar Lampung,P,S1,10351,57688.0,12969.479012146849,9785.538772662045,9282.377446527484,9301.56178024494,9035.385720978657,10248.85743464505,9337.614939804307
1620,Prov. Lampung,Kota Bandar Lampung,P,S2,825,2662.0,598.4737402984141,885.4411799590758,853.6408774620088,829.3400222763029,893.1705369275422,766.9949255026623,861.9371965625246
1621,Prov. Lampung,Kota Bandar Lampung,P,S2 Terapan,11,33.0,7.419095954112572,15.061251241674087,13.739880499271102,12.964128557891403,14.000661936879059,8.712427270922623,8.447188583856484
1622,Prov. Lampung,Kota Bandar Lampung,P,S3,34,296.0,66.54704249749459,43.06718983471661,43.86107631457585,54.88630190058398,49.168754074732995,43.7580924346284,49.210188909838685
1623,Prov. Lampung,Kota Bandar Lampung,P,Sp-1,1,13.0,2.9226741637413163,2.7931290575079575,3.32677138962286,4.772644170665095,6.296015645304427,5.970585299333334,4.968262882902437
1624,Prov. Lampung,Kota Metro,L,D3,46,134.0,30.126025995487414,32.406566623861984,27.355739526872025,27.169054355802057,30.998578496813955,36.24108294648254,36.77969832466498
1625,Prov. Lampung,Kota Metro,L,Profesi,188,186.0,41.816722650452675,303.522154923011,228.83921539477222,238.9534294543293,175.54563705327206,319.0085826340408,341.6636782235306
1626,Prov. Lampung,Kota Metro,L,S1,679,8090.0,1818.8026142051729,1102.5458876060889,936.6240912753603,903.6314572515608,1120.518584919639,861.2782104422491,878.3167525470426
1627,Prov. Lampung,Kota Metro,L,S2,113,553.0,124.32606250376521,197.5026208000428,180.80736864416969,185.888877977995,191.16147569091748,167.55258536080987,164.05207114560108
1628,Prov. Lampung,Kota Metro,P,D3,203,521.0,117.13178763917121,168.27446852994004,147.7217579479046,156.08401300750438,156.48446056366436,152.98633983623006,145.49241079041218
1629,Prov. Lampung,Kota Metro,P,Profesi,584,577.0,129.72176865221073,1026.6484763629926,772.8342807661487,805.0516453506887,504.6893449659156,779.4723617738418,797.3810501552995
1630,Prov. Lampung,Kota Metro,P,S1,1016,9720.0,2185.26099012043,1688.2786021421996,1477.583846349425,1494.4835955684346,1764.0095027976115,1475.2143785446594,1474.3868166948716
1631,Prov. Lampung,Kota Metro,P,S2,133,427.0,95.9986052244263,174.71365083785005,161.29026408589135,168.03998583297792,153.32204757383673,116.58823180313811,127.27260351676088
1632,Prov. Maluku,Kab. Buru,L,S1,139,772.0,173.55142876818275,103.23571771395818,81.15335299600811,73.9338999497996,133.25728173860574,118.54330403450177,129.3022417574424
1633,Prov. Maluku,Kab. Buru,P,S1,291,1291.0,290.22654733124864,220.92671121127412,181.22229714280377,174.21565758039463,305.8168810789834,208.59276978122196,164.9756758704688
1634,Prov. Maluku,Kab. Maluku Tengah,L,S1,131,909.0,204.35006314802865,172.311167891877,154.88742583991265,165.7582995979924,116.29897814527418,163.9082351044919,140.16089678874815
1635,Prov. Maluku,Kab. Maluku Tengah,P,S1,323,1950.0,438.37472292481397,403.44934734361635,361.0576412627603,384.85736076239516,283.36648390563903,367.2015873321374,356.9237018304455
1636,Prov. Maluku,Kab. Maluku Tenggara,L,D3,43,287.0,64.5197669125239,55.0045882714836,45.536199686328004,40.21758813565914,34.659300857879984,37.97749687259157,38.97672167811758
1637,Prov. Maluku,Kab. Maluku Tenggara,L,D4,52,754.0,169.5048928642614,116.1445689039033,99.91012653895214,98.4776812154632,82.23629864608495,125.33927470575341,135.5874827528119
1638,Prov. Maluku,Kab. Maluku Tenggara,L,S1,31,286.0,64.29495936230605,28.055204652287248,21.745758067874444,17.927217578458098,18.5810301689227,27.665337084405536,32.3349102337718
1639,Prov. Maluku,Kab. Maluku Tenggara,P,D3,75,348.0,78.23302747581295,88.90441791726266,77.73185853740661,73.52338951305198,62.64943455445119,73.20289688191622,78.5554228238422
1640,Prov. Maluku,Kab. Maluku Tenggara,P,D4,93,815.0,183.21815342755045,151.33615901923216,133.46836089923937,135.84027227837998,122.27807875854378,137.3517770278076,151.73988318773337
1641,Prov. Maluku,Kab. Maluku Tenggara,P,S1,46,353.0,79.35706522690222,39.90153646104571,31.289027241224076,26.202585411411583,25.03687456140447,26.28553264244795,26.874743107127845
1642,Prov. Maluku,Kab. Maluku Tenggara Barat,L,D3,4,25.0,5.620188755446333,3.5678908257177238,2.5482005493052178,2.0390586926018637,3.9605812206998166,4.589450233724009,5.437344368363652
1643,Prov. Maluku,Kab. Maluku Tenggara Barat,L,S1,15,680.0,152.86913414814026,64.90437883075725,46.96721990128161,38.656222199885605,56.57974146917717,70.47945537387035,54.49781047596007
1644,Prov. Maluku,Kab. Maluku Tenggara Barat,P,D3,7,75.0,16.860566266339,10.726685988599444,7.437506809650362,5.746933447475968,11.505114885889599,10.910134335919755,12.073981556447787
1645,Prov. Maluku,Kab. Maluku Tenggara Barat,P,S1,29,1085.0,243.91619198637085,120.07006042682634,88.06146494931559,73.78938267140695,109.44499834051952,101.64999854211078,116.7071802166488
1646,Prov. Maluku,Kab. Seram Bagian Timur,L,S1,79,506.0,113.75262041023377,76.47874708145244,63.8042981186306,63.125486808582764,82.26654526880847,65.43811816607662,73.51278797614141
1647,Prov. Maluku,Kab. Seram Bagian Timur,P,S1,135,870.0,195.5825686895324,161.82152646241187,139.25747946643702,143.334159755357,135.87867897586662,146.6329429367377,153.23602510376918
1648,Prov. Maluku,Kota Ambon,L,D3,277,1301.0,292.47462283342713,332.2623659034032,302.63572772596893,302.1579599061436,289.129362706453,322.0261305153045,342.9833800631367
1649,Prov. Maluku,Kota Ambon,L,D4,152,1238.0,278.3117471697024,230.428688820201,211.87574351884987,227.8472228311628,194.995521435229,276.1036272888072,225.04195326628832
1650,Prov. Maluku,Kota Ambon,L,Profesi,2736,2943.0,661.6086202911423,1505.944240219794,878.4283365818399,608.1586067203785,2398.6472039699315,2414.014438032127,1911.927306371403
1651,Prov. Maluku,Kota Ambon,L,S1,2001,18365.0,4128.5906597508765,2679.291848386838,2366.32176676773,2298.526383620534,2798.0260489684947,2435.7421759159342,2413.0091902939785
1652,Prov. Maluku,Kota Ambon,L,S2,144,634.0,142.527986838119,198.1013898233528,192.72814743171367,189.69630192190616,185.71855930845751,155.57758267145414,157.6490483533996
1653,Prov. Maluku,Kota Ambon,L,S3,17,118.0,26.52729092570669,18.63882339705216,18.514211092495675,23.695629901096055,17.275467879049426,18.12155872835564,15.937331831437433
1654,Prov. Maluku,Kota Ambon,P,D3,888,4066.0,914.0674991857916,1017.1876262218118,893.4210365405266,854.2587810840574,1035.1643523062282,838.5755348429318,966.372844162213
1655,Prov. Maluku,Kota Ambon,P,D4,173,1323.0,297.42038893821996,268.07472350071697,245.21852724954658,262.4048188968917,236.27093696174794,310.58229103863926,274.00686688086375
1656,Prov. Maluku,Kota Ambon,P,Profesi,6624,6779.0,1523.9703829268276,3863.202338325169,2256.9163513651306,1567.718356835967,5449.373562037524,3842.1711357656013,4693.698773832956
1657,Prov. Maluku,Kota Ambon,P,S1,3568,30613.0,6882.033534819144,5280.11634486613,4757.92985075099,4741.149272451451,5069.907395068034,3935.07831107447,4548.265818916812
1658,Prov. Maluku,Kota Ambon,P,S2,187,588.0,132.18683952809775,212.22174135667706,209.0248286340488,209.17277555856228,196.2777986142624,167.42559387285647,180.2557857040146
1659,Prov. Maluku,Kota Ambon,P,S3,12,77.0,17.310181366774707,14.233797256022015,14.369266523169507,18.786761287426074,12.295996997009723,11.966352603575094,10.268039803553005
1660,Prov. Maluku,Kota. Tual,L,S1,64,1145.0,257.40464499944204,155.70588530546178,129.09463542853302,123.40957728057039,177.3835449608716,116.75724283731421,160.3867817844211
1661,Prov. Maluku,Kota. Tual,P,S1,156,1752.0,393.862827981679,292.22901852710083,249.6751326345608,248.01096574580927,360.374087647838,257.0547304629175,275.72131036856445
1662,Prov. Maluku Utara,Kab. Halmahera Selatan,L,S1,23,252.0,59.24354592285198,27.112714743061918,18.95224336190916,16.414130145144842,29.689225148629035,22.79188976637738,26.10734214333561
1663,Prov. Maluku Utara,Kab. Halmahera Selatan,P,S1,31,370.0,86.98457139466362,54.67395551720622,41.289910242374575,38.92811721907889,43.251328181971516,25.507564140589864,21.093948276127577
1664,Prov. Maluku Utara,Kab. Kepulauan Morotai,L,S1,72,1027.0,241.440958979242,198.26402006312728,174.18912717683637,183.53135113385284,215.35830123404548,150.8648739969491,133.36396232145367
1665,Prov. Maluku Utara,Kab. Kepulauan Morotai,P,S1,120,1032.0,242.61642616025097,214.8176220942222,187.96260989468493,197.8694971492869,224.83026410129744,167.17534288011916,176.21377249009748
1666,Prov. Maluku Utara,Kab. Kepulauan Sula,L,S1,13,115.0,27.03574516320626,16.496836927160096,12.380253651968951,11.750290547720427,15.275181995050733,17.83161608635035,14.37830100107215
1667,Prov. Maluku Utara,Kab. Kepulauan Sula,P,S1,75,225.0,52.896023145403554,38.674386420843724,29.949577247274895,29.482692081015298,36.971311147396186,32.39650463893505,31.792313111390534
1668,Prov. Maluku Utara,Kab. halmahera Utara,L,D3,6,46.0,10.814298065282504,9.728606466716966,8.141629293098477,7.628613812622507,8.615159852650851,10.76639020862543,11.200913854158477
1669,Prov. Maluku Utara,Kab. halmahera Utara,L,D4,13,47.0,11.049391501484298,5.317906698720363,4.39918509513593,4.09794960924138,6.76747073991757,8.944038177360497,7.618919943455147
1670,Prov. Maluku Utara,Kab. halmahera Utara,L,Profesi,2,16.0,3.761494979228697,10.670812191984018,7.4138194782032105,5.847018263929834,13.98911042428913,5.831463688771509,6.065145749397815
1671,Prov. Maluku Utara,Kab. halmahera Utara,L,S1,109,1085.0,255.07637827894604,129.3280870452899,107.27515563562298,97.8421560124305,107.23642897135429,102.36053882909574,105.99304163922868
1672,Prov. Maluku Utara,Kab. halmahera Utara,L,S2,9,31.0,7.2878965222556005,8.242787975626591,7.679384984955489,7.260180777014084,8.100328205473387,6.981031494385342,9.279459687163143
1673,Prov. Maluku Utara,Kab. halmahera Utara,P,D3,47,253.0,59.47863935905377,55.94729190205751,46.150137679031026,42.73599682009671,52.025751814915964,47.83805070910966,39.682954591672264
1674,Prov. Maluku Utara,Kab. halmahera Utara,P,D4,13,48.0,11.284484937686091,7.206562995105629,6.366523536960575,6.377585478487897,5.434892145632896,8.864660685861532,8.378531894598126
1675,Prov. Maluku Utara,Kab. halmahera Utara,P,Profesi,21,52.0,12.224858682493267,42.675187584674134,30.870659534513585,25.491265497872504,36.67668656671948,41.18952802103972,42.021881743502576
1676,Prov. Maluku Utara,Kab. halmahera Utara,P,S1,317,2453.0,576.6841990029997,361.01966526179604,312.65532756881925,299.487364792122,287.68869933684095,263.5998983889873,305.4286103059903
1677,Prov. Maluku Utara,Kab. halmahera Utara,P,S2,7,33.0,7.758083394659188,9.706709457653325,9.084320689166278,8.659159412215352,10.52171264621726,5.630434805697976,6.978008055432557
1678,Prov. Maluku Utara,Kota Ternate,L,D3,80,831.0,195.36264548369047,123.44216104824784,98.6295250905509,82.52554562986599,162.91292184670974,107.35154436594632,108.0024853881499
1679,Prov. Maluku Utara,Kota Ternate,L,Profesi,924,82.0,19.277661768547073,109.70814066486759,103.58255246585571,105.81693972170638,89.75642769237018,93.54423313720658,92.7021686318559
1680,Prov. Maluku Utara,Kota Ternate,L,S1,1337,12823.0,3014.603132415599,1454.9783474120063,1277.6856887182043,1160.438841851983,1050.2917157526542,1756.7314260658777,1614.4894756171811
1681,Prov. Maluku Utara,Kota Ternate,L,S2,151,627.0,147.40358449852457,172.28164505337764,174.4952413035253,168.92010082607032,237.7222798905469,165.8652983240382,156.44323491045077
1682,Prov. Maluku Utara,Kota Ternate,L,S3,3,13.0,3.0562146706233166,1.8571317859444778,2.098402346333747,2.849090052825769,2.120073169338437,2.657673755279786,1.6085172563165764
1683,Prov. Maluku Utara,Kota Ternate,P,D3,447,2576.0,605.6006916558202,656.3840910722702,610.5958102831531,601.7453642488007,727.4923546925046,498.90518549299713,702.485972787678
1684,Prov. Maluku Utara,Kota Ternate,P,Profesi,3871,172.0,40.4360710267085,262.41157447308143,251.43968406026798,261.78038428551025,205.25654933923835,137.17330881494692,111.3014796946174
1685,Prov. Maluku Utara,Kota Ternate,P,S1,2416,17463.0,4105.4366763919215,2598.1816730032565,2426.355672654171,2359.2884608056324,2502.3188400870176,2259.612059470684,2751.8835520907746
1686,Prov. Maluku Utara,Kota Ternate,P,S2,105,335.0,78.75630112760085,113.82919464379063,120.23890084086442,122.08300089285176,134.37721329783295,104.11332382033744,114.13619751163837
1687,Prov. Maluku Utara,Kota Tidore Kepulauan,L,D3,6,18.0,4.231681851632285,5.71248375431241,5.561022623427051,5.980025542373429,6.878355067304634,7.580616360952892,7.188990870454165
1688,Prov. Maluku Utara,Kota Tidore Kepulauan,L,S1,90,934.0,219.5772694124752,99.7921352714908,80.70404227251686,70.11721259215871,89.31744352140767,79.64360354110546,93.64990215505523
1689,Prov. Maluku Utara,Kota Tidore Kepulauan,P,D3,6,12.0,2.821121234421523,4.1288346334457255,4.010340191031417,4.317080844669979,4.581539825101913,4.008909356948567,5.5148544321367
1690,Prov. Maluku Utara,Kota Tidore Kepulauan,P,S1,157,1154.0,271.29782537686975,164.2002606172679,141.98586297635586,132.82873244604224,119.29996411311065,102.4125207840652,121.83009288123836
1691,Prov. Nusa Tenggara Barat,Kab. Bima,L,Profesi,40,53.0,11.914800161546225,69.37787059040987,53.77547094478864,52.447399737758694,45.38064071517289,34.20251999149475,43.0258281083756
1692,Prov. Nusa Tenggara Barat,Kab. Bima,L,S1,487,3508.0,788.6248861642295,535.8768055011899,481.85612625899773,476.07925199047605,487.9031065804433,562.1224638701573,522.9232878160095
1693,Prov. Nusa Tenggara Barat,Kab. Bima,P,D3,125,244.0,54.85304225315621,74.71362023657738,70.14565609646255,72.309948850567,72.0432998393282,65.11252841233204,61.23321719472928
1694,Prov. Nusa Tenggara Barat,Kab. Bima,P,Profesi,133,155.0,34.84517028376727,248.73551313731625,198.64713971381,201.27692967519144,190.65754778575555,116.06642775531097,87.01383572986987
1695,Prov. Nusa Tenggara Barat,Kab. Bima,P,S1,715,4114.0,924.8582615962486,708.024268023443,639.8729844031562,637.0046522926788,728.3046408814336,847.6586572064895,816.9080404174858
1696,Prov. Nusa Tenggara Barat,Kab. Dompu,L,S1,414,2164.0,486.4835386714346,360.2978883909076,324.23542717099303,324.9229410870938,359.25464207476557,218.74889062319792,202.46069871776575
1697,Prov. Nusa Tenggara Barat,Kab. Dompu,P,S1,541,2674.0,601.1353892825398,502.1386723260641,454.2711856285853,458.8501306374725,446.63766641194184,279.81306505176684,270.20881726437506
1698,Prov. Nusa Tenggara Barat,Kab. Lombok Barat,L,S1,145,1512.0,339.90901592939423,293.4901653093464,277.0775877303321,301.73771308571304,286.74462559844585,220.26132194446643,190.1785272456453
1699,Prov. Nusa Tenggara Barat,Kab. Lombok Barat,P,S1,167,1282.0,288.20327937928795,270.23859734479834,253.6262781985541,274.59519790588234,244.35775247731593,235.09891272262755,229.34549246247576
1700,Prov. Nusa Tenggara Barat,Kab. Lombok Tengah,L,D3,152,559.0,125.66742057178,165.56453571689255,162.33715940008184,168.79044737528835,164.26928624746267,146.0976983561656,139.6335002021129
1701,Prov. Nusa Tenggara Barat,Kab. Lombok Tengah,L,D4,37,169.0,37.99247598681721,32.922722598804505,32.329239470033215,35.35204125411324,30.637879795127784,29.918648422273964,24.511931230529257
1702,Prov. Nusa Tenggara Barat,Kab. Lombok Tengah,L,Profesi,37,27.0,6.069803855882039,43.25790428105305,36.418255288107716,37.64892866035702,42.81844778008016,18.176978327564946,23.29387100766374
1703,Prov. Nusa Tenggara Barat,Kab. Lombok Tengah,L,S1,936,3061.0,688.135911216849,588.3536689998493,579.3326572279584,612.8335743723967,559.3806967394152,602.2211539984888,513.8136163611075
1704,Prov. Nusa Tenggara Barat,Kab. Lombok Tengah,L,S2,36,111.0,24.95363807418172,43.91542172561074,47.200630582723946,49.947994520070225,34.26411636911857,36.88105651543477,43.27173724407381
1705,Prov. Nusa Tenggara Barat,Kab. Lombok Tengah,P,D3,154,539.0,121.17126956742294,184.12640304957097,182.69530573714178,193.02686272579243,212.15038076808045,156.97989754247465,146.12548225843793
1706,Prov. Nusa Tenggara Barat,Kab. Lombok Tengah,P,D4,39,192.0,43.16304964182784,42.66268011158549,42.18237565270608,46.634478738423375,40.48526078033579,45.028465814314956,51.486375578512906
1707,Prov. Nusa Tenggara Barat,Kab. Lombok Tengah,P,Profesi,199,197.0,44.2870873929171,342.9676837612297,287.09452677278,295.13860220160797,316.75019374191766,375.8715602600136,206.94858809166763
1708,Prov. Nusa Tenggara Barat,Kab. Lombok Tengah,P,S1,1029,3769.0,847.2996567710892,802.8226961209649,790.5812665524053,837.5772610183616,916.5651294640339,922.515492929363,789.6900240412608
1709,Prov. Nusa Tenggara Barat,Kab. Lombok Tengah,P,S2,25,52.0,11.689992611328373,22.35541238786866,23.89084335063693,25.140236097906865,17.893193587178093,10.000234527272033,10.392720543159271
1710,Prov. Nusa Tenggara Barat,Kab. Lombok Timur,L,Profesi,3259,2744.0,616.8719177977895,3440.175054082701,2829.200693805845,2803.3718730434803,2060.8014305247584,3154.9968357175203,2728.5930244195197
1711,Prov. Nusa Tenggara Barat,Kab. Lombok Timur,L,S1,1825,11046.0,2483.2241997064075,1589.0969653148607,1523.5590658572592,1529.0359404075596,1723.1381954968367,1653.773015349462,1599.891368923154
1712,Prov. Nusa Tenggara Barat,Kab. Lombok Timur,L,S2,42,189.0,42.48862699117428,42.64451460920937,40.78136278429922,36.877797709753644,42.71134179135949,41.635982226116695,48.77724475040356
1713,Prov. Nusa Tenggara Barat,Kab. Lombok Timur,P,D3,33,29.0,6.519418956317746,9.309469999593464,9.5244204549143,10.307668391515913,11.617067364174593,7.722890492493171,8.333206982181174
1714,Prov. Nusa Tenggara Barat,Kab. Lombok Timur,P,Profesi,6362,5731.0,1288.3720702985174,7652.355219941225,6220.464530981431,6084.774206451483,4003.4793787338053,3757.775129337455,4356.975402340841
1715,Prov. Nusa Tenggara Barat,Kab. Lombok Timur,P,S1,2118,12533.0,2817.5130268803555,2212.065869385853,2182.3235915578807,2273.899787154008,2511.957747297092,2390.9845542625253,2413.767581884956
1716,Prov. Nusa Tenggara Barat,Kab. Lombok Timur,P,S2,47,119.0,26.752098475924544,33.567473726792294,33.266778010457,31.4755625910299,29.876162479191375,29.693158970713288,30.984772368368326
1717,Prov. Nusa Tenggara Barat,Kab. Lombok Utara,L,S1,144,386.0,86.77571438409137,66.42727701136147,58.356821100359646,60.1398028881241,77.86793663067161,56.00176032999529,45.14623613178225
1718,Prov. Nusa Tenggara Barat,Kab. Lombok Utara,P,S1,248,802.0,180.29565527471837,156.89774787014443,138.8883940374632,144.68215817541474,177.0865785467594,161.63528863503942,177.10069337155184
1719,Prov. Nusa Tenggara Barat,Kab. Sumbawa,L,D1,765,803.0,180.5204628249362,375.7809934986247,131.6874018733662,109.04758962722582,291.5692283883399,86.54673301469555,89.89384549590228
1720,Prov. Nusa Tenggara Barat,Kab. Sumbawa,L,D2,29,45.0,10.116339759803399,20.091424160102314,17.559809257310086,17.21553104524551,31.08356881800736,11.484331218504508,12.079573815459668
1721,Prov. Nusa Tenggara Barat,Kab. Sumbawa,L,D3,7,20.0,4.496151004357066,4.966430025193816,4.680070719669331,4.651102098177641,6.623528539122406,3.745611561739496,3.9910085583651926
1722,Prov. Nusa Tenggara Barat,Kab. Sumbawa,L,Profesi,9,9.0,2.0232679519606798,14.037829871535726,11.870555025857264,12.38299340444927,22.426422752953773,5.737388443176992,6.851545851087502
1723,Prov. Nusa Tenggara Barat,Kab. Sumbawa,L,S1,719,3583.0,805.4854524305684,540.9147208501146,514.229827371829,515.0595494494557,583.0982217964797,524.081992100093,453.7261240925457
1724,Prov. Nusa Tenggara Barat,Kab. Sumbawa,L,S2,83,225.0,50.581698799017,54.48680078382117,51.290536237488425,46.28073653186841,79.9141194003544,52.07026838217789,48.882123071597704
1725,Prov. Nusa Tenggara Barat,Kab. Sumbawa,P,D1,31,32.0,7.193841606971306,15.869318216847445,5.4886909355661775,4.478726866801116,11.429032085034967,14.213295675210691,22.059480855998356
1726,Prov. Nusa Tenggara Barat,Kab. Sumbawa,P,D2,1,3.0,0.67442265065356,1.4554749204142656,1.26482910381346,1.2331051072310115,1.9709574795043012,2.8174962805629096,2.3044778031307724
1727,Prov. Nusa Tenggara Barat,Kab. Sumbawa,P,D3,75,114.0,25.62806072483528,31.6924171297504,29.95746711136513,29.927838802981043,38.5260443405366,37.46787436687654,36.469392033491616
1728,Prov. Nusa Tenggara Barat,Kab. Sumbawa,P,Profesi,40,43.0,9.666724659367693,66.96126912524484,54.91004211011202,55.23645637246836,81.47083415237731,25.952996430409,30.730434094750883
1729,Prov. Nusa Tenggara Barat,Kab. Sumbawa,P,S1,969,4229.0,950.7111298713016,775.2605532007052,759.0897391687902,788.3116828530711,856.7878334807532,758.5205197006125,754.8608405330326
1730,Prov. Nusa Tenggara Barat,Kab. Sumbawa,P,S2,32,102.0,22.93037012222104,28.14512907295974,26.71478940612113,24.387107575163448,31.14925138067487,20.42607215145484,21.33409804918365
1731,Prov. Nusa Tenggara Barat,Kab. Sumbawa Barat,L,S1,63,660.0,148.3729831437832,64.70469683263525,45.11120313862699,37.36444949796289,46.88438291429449,69.62342904644947,66.4206042305695
1732,Prov. Nusa Tenggara Barat,Kab. Sumbawa Barat,P,S1,98,698.0,156.9156700520616,90.6292419311906,66.6332057276425,58.98266127890847,70.99903463461725,91.1377952894649,88.54164588366814
1733,Prov. Nusa Tenggara Barat,Kota Bima,L,S1,1079,5522.0,1241.387292302986,980.7953763633654,943.8988049050099,994.2312471725592,918.1091218499026,763.4054716804548,684.0816042909993
1734,Prov. Nusa Tenggara Barat,Kota Bima,L,S2,26,90.0,20.232679519606798,34.5667286890436,36.844183394362865,39.52363726021025,19.169751139376693,33.77009454295252,38.76973431220947
1735,Prov. Nusa Tenggara Barat,Kota Bima,P,D3,100,534.0,120.04723181633366,147.59051817305672,137.6217642705523,137.9693261869189,145.93421497412365,160.72468097750712,155.07763657566665
1736,Prov. Nusa Tenggara Barat,Kota Bima,P,S1,862,4701.0,1056.8202935741285,938.9524846107453,907.6190588704251,962.5749492751096,895.9262952066441,899.7154262189398,928.4899507329976
1737,Prov. Nusa Tenggara Barat,Kota Bima,P,S2,14,24.0,5.39538120522848,10.016414224647185,10.615512909180541,11.323914164209548,5.582251160743712,5.294715358628151,3.2278730847482597
1738,Prov. Nusa Tenggara Barat,Kota Mataram,L,D3,388,2380.0,535.0419695184909,554.1892881712099,543.075295763885,540.1603939219972,549.431321510712,557.7809214030581,570.8794151744875
1739,Prov. Nusa Tenggara Barat,Kota Mataram,L,D4,37,396.0,89.02378988626991,81.48655909649801,82.93261452283386,93.66832708228706,98.08334671469163,70.6883812751873,72.41441846093356
1740,Prov. Nusa Tenggara Barat,Kota Mataram,L,Profesi,7419,2611.0,586.972513618815,3917.8131297322457,3373.73274181383,3494.969512273792,2529.599668377257,2439.244705573402,2315.3467046764704
1741,Prov. Nusa Tenggara Barat,Kota Mataram,L,S1,5222,39978.0,8987.35624260934,6062.378588573403,5869.275406482893,5885.226285729852,5876.950097085094,6302.1890181876815,5633.114450490553
1742,Prov. Nusa Tenggara Barat,Kota Mataram,L,S2,515,1664.0,374.07976356250794,523.6299132201749,548.5536341855416,548.2033967781819,518.4694680409013,589.7030857382692,564.4767432512438
1743,Prov. Nusa Tenggara Barat,Kota Mataram,L,S3,42,226.0,50.80650634923485,35.366964441395595,37.64605266665993,48.63041057996278,36.946762070961434,42.31954315470929,44.33816552124769
1744,Prov. Nusa Tenggara Barat,Kota Mataram,P,D3,715,3741.0,841.0050453649892,1109.6747659678026,1121.224698891217,1167.3891782643059,1105.119921769245,1083.9773222404124,1075.9226625991205
1745,Prov. Nusa Tenggara Barat,Kota Mataram,P,D4,329,1937.0,435.4522247719819,429.75487964065434,433.88927281170174,485.9434728293525,448.20416673782427,478.48317697200264,462.2947693687542
1746,Prov. Nusa Tenggara Barat,Kota Mataram,P,Profesi,16790,4168.0,936.9978693080126,6805.685055838866,5829.623450268536,6008.506513382519,4094.313090653565,4633.264647595696,4692.65006721025
1747,Prov. Nusa Tenggara Barat,Kota Mataram,P,S1,8128,46426.0,10436.915326414059,8619.849845133593,8643.356646789745,9029.947316282914,9205.675799856404,9158.440604919475,8943.822217662348
1748,Prov. Nusa Tenggara Barat,Kota Mataram,P,S2,386,1148.0,258.0790676500956,428.72506598754,458.3459442563427,470.2985037333494,396.8662744843051,359.5571087300221,425.334326109765
1749,Prov. Nusa Tenggara Barat,Kota Mataram,P,S3,2,56.0,12.589222812199786,10.766916519587248,11.816139798789106,15.87017942766835,9.8445116996588,8.796572276397074,8.257095571101768
1750,Prov. Nusa Tenggara Timur,Kab. Alor,L,S1,180,1104.0,248.18753544051006,178.88068882249306,153.75972493012932,152.19395860859748,146.9521905414337,209.7444138138407,164.05557784909928
1751,Prov. Nusa Tenggara Timur,Kab. Alor,P,S1,271,1721.0,386.89379392492555,323.5151354786888,281.8944727525247,284.13595347057793,292.68651948321286,304.24682932517356,302.4663087099984
1752,Prov. Nusa Tenggara Timur,Kab. Belu,L,S1,2,391.0,87.89975213518065,69.19220366651889,58.98869463583015,61.26919807257355,50.69213429816736,37.8704296903188,40.5360797953723
1753,Prov. Nusa Tenggara Timur,Kab. Belu,P,S1,40,667.0,149.94663599530816,123.08019720799838,103.06997051742657,104.87622123477368,102.31058288274903,80.60609877301394,74.76172153995876
1754,Prov. Nusa Tenggara Timur,Kab. Ende,L,Profesi,395,397.0,89.24859743648777,624.684729795591,519.5073886372767,537.5740439583739,368.11913405609266,473.58517539539207,465.4526275985696
1755,Prov. Nusa Tenggara Timur,Kab. Ende,L,S1,426,2712.0,609.6780761908182,425.0491461827472,394.98263400241495,393.09769215084543,484.30286877532416,314.3019233487666,344.8977082640881
1756,Prov. Nusa Tenggara Timur,Kab. Ende,L,S2,12,19.0,4.271343454139213,7.4053319725521956,7.869453621202944,8.344682860365586,5.144666711047627,5.123161870788715,5.296992384186561
1757,Prov. Nusa Tenggara Timur,Kab. Ende,P,Profesi,993,1000.0,224.8075502178533,1710.9182206594235,1415.0080817741205,1456.3721855143988,1059.577750477131,1095.9797748138687,1280.6507836809071
1758,Prov. Nusa Tenggara Timur,Kab. Ende,P,S1,830,4289.0,964.1995828843728,804.3059535307474,768.2753412182132,789.6524277931087,818.4932095251196,798.9918365674346,844.5742906759739
1759,Prov. Nusa Tenggara Timur,Kab. Ende,P,S2,4,8.0,1.7984604017428265,2.9110873028731654,2.941128734640232,2.935157302432404,2.0509620618481454,3.561381872935931,3.8528157375342795
1760,Prov. Nusa Tenggara Timur,Kab. Flores Timur,L,S1,63,383.0,86.10129173343782,59.421787963652555,49.63134486592711,48.723056203543415,54.22446390800272,54.54414824316723,53.546944135339096
1761,Prov. Nusa Tenggara Timur,Kab. Flores Timur,P,S1,121,539.0,121.17126956742294,92.2355830285581,76.93771393602027,75.5154331871733,96.82757153874965,66.1385495491513,56.45636466431363
1762,Prov. Nusa Tenggara Timur,Kab. Kupang,L,D3,141,530.0,119.14800161546226,111.46942639768957,102.69718834505252,102.8902112439458,129.28133833364055,133.01485527267405,147.0294751135332
1763,Prov. Nusa Tenggara Timur,Kab. Kupang,L,Profesi,31,60.0,13.488453013071199,90.57272677282535,70.01661712807817,72.5069016267994,52.424718331680744,27.596587757384885,25.842169899410603
1764,Prov. Nusa Tenggara Timur,Kab. Kupang,L,S1,84,1211.0,272.24194331382034,163.38689668370444,135.42906154077508,128.96817090698423,152.55154271942465,118.17347067242069,154.86970700721267
1765,Prov. Nusa Tenggara Timur,Kab. Kupang,P,D3,123,772.0,173.55142876818275,198.21875553204742,175.96511768295736,175.81186603995664,198.16038734340194,169.73631818225797,209.82931575376432
1766,Prov. Nusa Tenggara Timur,Kab. Kupang,P,Profesi,66,92.0,20.682294620042505,149.06304488408824,114.15959417090288,117.03541134837528,67.07799377984801,132.17198808757328,71.74600749882555
1767,Prov. Nusa Tenggara Timur,Kab. Kupang,P,S1,183,1881.0,422.8630019597821,301.76149789680136,255.63470355511726,250.25788114919928,301.4909906617942,276.0526926993093,305.0949616684158
1768,Prov. Nusa Tenggara Timur,Kab. Malaka,L,S1,12,139.0,31.24824948028161,22.833678708141797,18.72684789176474,18.543248763499687,17.990977580949757,15.717389269861748,13.515258340992938
1769,Prov. Nusa Tenggara Timur,Kab. Malaka,P,S1,27,355.0,79.80668032733793,66.86708656938596,55.51734249113098,55.81307523405705,71.12500226821697,61.70192480541687,68.94581165369374
1770,Prov. Nusa Tenggara Timur,Kab. Manggarai,L,Profesi,506,513.0,115.32627326175874,811.6345857734498,651.251197106822,667.8294125311266,1503.744016931342,719.4229011375159,669.7019217222348
1771,Prov. Nusa Tenggara Timur,Kab. Manggarai,L,S1,393,2721.0,611.7013441427789,457.68169481139887,416.20728828349115,419.0375964444365,508.5058621599459,312.22565242973246,292.2311412336672
1772,Prov. Nusa Tenggara Timur,Kab. Manggarai,P,D3,134,401.0,90.14782763735919,126.19991101922419,116.92358351030481,119.49086598071187,97.80072791822799,101.52393125470627,104.47167874954752
1773,Prov. Nusa Tenggara Timur,Kab. Manggarai,P,Profesi,1556,1564.0,351.5990085407226,2706.103882728746,2163.0723589580075,2210.8746489270843,4752.172151391822,1344.1550839053355,1542.421000302731
1774,Prov. Nusa Tenggara Timur,Kab. Manggarai,P,S1,889,5007.0,1125.6114039407914,978.5060381287412,902.2426162456578,925.3997078996764,1062.5375929865493,976.9857187061231,1006.3120041396612
1775,Prov. Nusa Tenggara Timur,Kab. Manggarai Barat,L,D3,17,88.0,19.78306441917109,17.506212871231227,14.34757296505695,13.645982579752262,17.498367897333583,17.224745133741298,18.45989418046867
1776,Prov. Nusa Tenggara Timur,Kab. Manggarai Barat,L,D4,33,157.0,35.29478538420297,25.349375481677473,21.648323283752323,23.05894021916186,22.597002859466627,19.340573800187205,15.09247014757022
1777,Prov. Nusa Tenggara Timur,Kab. Manggarai Barat,P,D3,29,94.0,21.131909720478212,21.895080851120124,18.927592089894905,18.805253353743087,26.95520657975862,17.99570396548345,17.629821818653564
1778,Prov. Nusa Tenggara Timur,Kab. Manggarai Barat,P,D4,55,294.0,66.09341976404887,56.088999241812566,47.84145713269512,51.608764472010904,48.014401911867374,36.971901251742125,36.01039455759624
1779,Prov. Nusa Tenggara Timur,Kab. Nagakeo,L,D3,57,181.0,40.69016658943145,45.20545048769681,37.39389256703784,36.978340710721206,43.31757755365201,18.285186491912853,26.310832615423465
1780,Prov. Nusa Tenggara Timur,Kab. Nagakeo,L,S1,19,92.0,20.682294620042505,13.555111496862084,10.947733378419407,10.639659508281209,14.19985176316078,14.190068927157624,14.17768730767176
1781,Prov. Nusa Tenggara Timur,Kab. Nagakeo,P,D3,69,185.0,41.589396790302864,55.3513978632512,46.85571168400246,47.736088378559444,49.207454329025765,41.09056231607604,38.810138219837874
1782,Prov. Nusa Tenggara Timur,Kab. Nagakeo,P,S1,17,83.0,18.659026668081825,14.862498821321477,12.336256207301911,12.4163407917194,17.17669526073445,19.54988333137564,19.831763813638037
1783,Prov. Nusa Tenggara Timur,Kab. Ngada,L,S1,53,834.0,187.48949688168966,146.4501194717236,136.98292622494426,142.14458727358448,165.54672966567483,144.35447914094465,129.59865920602596
1784,Prov. Nusa Tenggara Timur,Kab. Ngada,P,S1,189,1586.0,356.54477464551536,291.7486429501305,273.20095022710336,281.1505258796213,334.3429159098478,281.32749309747777,274.8420441714342
1785,Prov. Nusa Tenggara Timur,Kab. Rote-Ndao,L,S1,46,1256.0,282.35828307362374,91.81575880592746,58.213610300677225,43.343217671031546,117.16159878204708,115.73663064898058,101.29052035605935
1786,Prov. Nusa Tenggara Timur,Kab. Rote-Ndao,P,S1,68,949.0,213.3423651567428,85.77694837887975,56.17669655158243,43.588609499922605,91.55597624759378,104.15308230168702,115.20132463650648
1787,Prov. Nusa Tenggara Timur,Kab. Sikka,L,D3,36,251.0,56.42669510468118,68.61859799203322,64.00806476033699,66.4498531822851,64.33038017391698,62.45899772034842,62.45643552228318
1788,Prov. Nusa Tenggara Timur,Kab. Sikka,L,Profesi,3,6.0,1.34884530130712,5.091943844611873,3.4615759047526233,2.9209548188491863,4.765782571943746,3.1559616536299187,3.183248905999235
1789,Prov. Nusa Tenggara Timur,Kab. Sikka,L,S1,559,4210.0,946.4397864171624,656.235935269813,592.9844273268276,598.354637226808,632.4844998352048,620.7091858752658,560.2206114852878
1790,Prov. Nusa Tenggara Timur,Kab. Sikka,L,S2,60,174.0,39.11651373790647,59.42937608383734,59.57940005628705,61.440307571481426,56.58366347030073,53.760105876772315,61.892273151350985
1791,Prov. Nusa Tenggara Timur,Kab. Sikka,P,D3,83,806.0,181.19488547558976,242.09553579400452,225.2756950269897,233.49756101670675,219.98071823850478,200.25261904640863,224.41613827464167
1792,Prov. Nusa Tenggara Timur,Kab. Sikka,P,Profesi,35,40.0,8.992302008714132,63.702581827154866,50.59630537819459,51.76465134558487,58.00841343097101,18.675582744480874,15.271625574326183
1793,Prov. Nusa Tenggara Timur,Kab. Sikka,P,S1,785,4924.0,1106.9523772727098,897.3104404731733,824.3005672754892,849.6723094335065,827.5167380032501,805.7477673977884,851.0219490435165
1794,Prov. Nusa Tenggara Timur,Kab. Sumba Barat Daya,L,S1,84,2145.0,482.21219521729535,304.4244932874564,250.9658014565993,241.92516898858378,331.08066175648577,218.92633639363368,183.32316945043235
1795,Prov. Nusa Tenggara Timur,Kab. Sumba Barat Daya,P,D3,1,208.0,46.75997044531349,67.36817780221256,60.251843299109865,63.52037156033559,55.67456375337531,45.54163690449255,32.07242298214531
1796,Prov. Nusa Tenggara Timur,Kab. Sumba Barat Daya,P,S1,209,2628.0,590.7942419725185,433.638899075733,362.6193214544996,356.2379247327721,481.1211852203977,356.91549161019856,368.3791168332173
1797,Prov. Nusa Tenggara Timur,Kab. Sumba Timur,L,S1,325,2019.0,453.88644388984585,339.9714920714105,305.8157631287059,311.7219457029451,289.2237766287474,325.164476400937,276.9595916350286
1798,Prov. Nusa Tenggara Timur,Kab. Sumba Timur,P,S1,565,2668.0,599.7865439812326,510.7644896721592,462.9603312603263,477.02307727357186,472.76888582892536,466.59851211765067,439.8439990121481
1799,Prov. Nusa Tenggara Timur,Kab. Timor Tengah Selatan,L,S1,28,336.0,75.53533687319872,52.79756588790231,45.46395449108711,45.19370646518869,50.73295715336169,50.51228204917502,41.061071604551344
1800,Prov. Nusa Tenggara Timur,Kab. Timor Tengah Selatan,P,S1,104,969.0,217.83851616109988,162.61230496386014,140.4968569756459,139.1889388619666,184.68551876850313,172.36550993333051,170.65714911704995
1801,Prov. Nusa Tenggara Timur,Kab. Timor Tengah Utara,L,D3,3,36.0,8.093071807842719,9.09010824900178,8.377651616742579,8.313547324868361,6.05973920036084,11.453091453887996,10.89125969157725
1802,Prov. Nusa Tenggara Timur,Kab. Timor Tengah Utara,L,S1,427,3724.0,837.1833170112858,606.0747213892454,561.5553820486714,566.5951325121634,610.4435370853475,620.6614449090764,570.3085004315549
1803,Prov. Nusa Tenggara Timur,Kab. Timor Tengah Utara,P,D3,48,369.0,82.95398603038787,116.53768384052263,111.319980250307,115.6033509623505,84.68538955088742,105.2282051572609,114.06296082059978
1804,Prov. Nusa Tenggara Timur,Kab. Timor Tengah Utara,P,S1,1084,7367.0,1656.1572224549254,1412.4749532100143,1330.6056815986358,1373.4869461091725,1369.7480683736512,1185.4176498343757,1283.6386781373064
1805,Prov. Nusa Tenggara Timur,Kota Kupang,L,D3,812,4673.0,1050.5256821680284,1187.2984460071275,1233.8905304430525,1289.4755287336145,1147.8502435415983,964.2620517467064,1079.826846523639
1806,Prov. Nusa Tenggara Timur,Kota Kupang,L,D4,624,4272.0,960.3778545306693,791.1458387248235,833.8330529300777,941.176835100625,841.5748658605416,777.798057832575,730.5878822243224
1807,Prov. Nusa Tenggara Timur,Kota Kupang,L,Profesi,3611,3883.0,872.9277174959244,4592.555746932476,3830.4493551345186,3717.013995184523,6042.424454549021,4049.0908040468116,4045.1427816098953
1808,Prov. Nusa Tenggara Timur,Kota Kupang,L,S1,4101,36070.0,8108.808336357969,4724.576507445919,4546.972365177873,4412.327941656856,4779.337170870034,5102.805898203584,4632.335389339584
1809,Prov. Nusa Tenggara Timur,Kota Kupang,L,S2,125,628.0,141.17914153681187,133.08729531794754,128.90858676044675,113.97713775662001,122.69773773546652,91.88930217245483,136.9534610214924
1810,Prov. Nusa Tenggara Timur,Kota Kupang,L,S2 Terapan,6,9.0,2.0232679519606798,3.5319552484811876,3.3186197978669743,2.914181433453431,3.6231087529904458,4.672118643635604,3.542674378041169
1811,Prov. Nusa Tenggara Timur,Kota Kupang,L,S3,5,111.0,24.95363807418172,11.18623743493829,10.86472248169547,12.217119136658662,13.743853889242134,16.82528326160922,14.013776886869614
1812,Prov. Nusa Tenggara Timur,Kota Kupang,P,D3,1364,6158.0,1384.3648942415407,1555.3825298922518,1549.8917892082122,1550.1374150591464,1654.4636749028455,1347.5152864548584,1495.920171976895
1813,Prov. Nusa Tenggara Timur,Kota Kupang,P,D4,791,4866.0,1093.9135393600743,970.7013297698163,1025.0358698776192,1153.9217711572664,1047.889453439691,951.2853075367423,915.1383611336556
1814,Prov. Nusa Tenggara Timur,Kota Kupang,P,Profesi,7703,8061.0,1812.1736623061156,10075.604105984212,8287.336807917834,7916.6276752982985,14777.858696507521,6427.946812566182,7253.327107004737
1815,Prov. Nusa Tenggara Timur,Kota Kupang,P,S1,7084,48514.0,10906.313491268937,7584.6125787969195,7486.2768406368705,7488.942127563992,8501.172953510562,8526.776702131558,7952.798718401114
1816,Prov. Nusa Tenggara Timur,Kota Kupang,P,S2,128,566.0,127.24107342330498,146.33947964598403,145.83780656458345,133.72683727398015,160.7747708767235,146.28548706088543,174.52578715531575
1817,Prov. Nusa Tenggara Timur,Kota Kupang,P,S2 Terapan,5,6.0,1.34884530130712,2.928172843623076,2.846782057932727,2.610592995987382,2.125194989205105,3.475549555722789,3.001607359306469
1818,Prov. Nusa Tenggara Timur,Kota Kupang,P,S3,4,29.0,6.519418956317746,4.237941699161173,4.456602220894085,5.533375381016424,5.201087579956321,5.98005873427671,5.6864440338567865
1819,Prov. Papua,Kab. Biak Numfor,L,D3,22,280.0,76.8717676181924,52.04283033018846,51.45502007371282,50.66011663530606,47.059148955999774,46.43109155418157,50.27117228616012
1820,Prov. Papua,Kab. Biak Numfor,L,S1,145,1191.0,326.9795544045255,148.68370733520806,152.40912769448585,149.0144956471697,166.2705600037698,139.79024108402587,131.25963712832453
1821,Prov. Papua,Kab. Biak Numfor,L,S2,18,72.0,19.76702595896376,16.503336178590843,17.21220109393693,16.691351157616772,19.354442669511045,14.680381752611133,16.966016388152966
1822,Prov. Papua,Kab. Biak Numfor,P,D3,21,242.0,66.43917058429486,48.56827346994087,49.35436538283568,49.98428724853508,50.85600163399241,38.485351764609,39.932266555291086
1823,Prov. Papua,Kab. Biak Numfor,P,S1,209,1402.0,384.90792214537765,222.28249578755893,219.7597310841424,222.55483411362428,222.09168964901667,225.29843725904684,241.39962245895902
1824,Prov. Papua,Kab. Biak Numfor,P,S2,4,21.0,5.76538257136443,6.885539770827431,6.610768841532361,6.673898436740105,7.913793554945902,4.542821015009953,3.87717769941099
1825,Prov. Papua,Kab. Jayapura,L,S1,243,3938.0,1081.1465031444345,419.523265240579,452.70687240365106,451.8876885851132,544.1745051120388,540.1874052555701,488.0047338001949
1826,Prov. Papua,Kab. Jayapura,L,S2,32,114.0,31.29779110169262,24.700055844654727,26.053745245342377,25.906784609439153,31.60835832395625,21.262613613558635,23.334741555506557
1827,Prov. Papua,Kab. Jayapura,P,S1,279,3562.0,977.9187009142904,477.4405970927894,498.73123299189615,515.4403320881041,477.6938567228731,519.7873426470944,505.4928255468943
1828,Prov. Papua,Kab. Jayapura,P,S2,19,46.0,12.62893325156018,13.819092307886082,13.583457157069132,14.042647038622365,17.36192829916541,15.270850926856747,15.83361713938894
1829,Prov. Papua,Kab. Jayawijaya,L,S1,321,4438.0,1218.4175167483495,491.0546351611279,496.94129214113417,503.42446301668275,392.3719590048121,525.0931177978084,554.2045151299268
1830,Prov. Papua,Kab. Jayawijaya,L,S2,36,122.0,33.49412731935526,43.14144855628169,35.7501854623401,36.77887411199331,27.579616311317444,36.10835932601813,37.113544422753534
1831,Prov. Papua,Kab. Jayawijaya,P,S1,397,3069.0,842.5694815008303,479.1053128131298,448.7470781130011,472.98605541953845,355.62613173527393,345.0158570311067,371.7452366021087
1832,Prov. Papua,Kab. Jayawijaya,P,S2,11,59.0,16.19797960526197,22.903020983644417,19.38084098571937,20.524270580823952,15.6959303983385,14.835225667350846,18.4566348688003
1833,Prov. Papua,Kab. Merauke,L,D3,37,380.0,104.3259703389754,62.28470280252879,67.86416845942053,65.85881547010362,58.70181098465422,61.95464293987269,85.38219067195782
1834,Prov. Papua,Kab. Merauke,L,Profesi,1462,1253.0,344.001160091411,1689.817467666322,1020.252793862325,1048.560671125059,1390.3953161711809,1500.4484715843416,1467.8541576982018
1835,Prov. Papua,Kab. Merauke,L,S1,454,9891.0,2715.4951911126464,1030.6443162184441,1185.663861618763,1141.033349398209,1029.6251822505196,965.9845229556977,886.5285420892649
1836,Prov. Papua,Kab. Merauke,L,S2,21,65.0,17.84523176850895,18.817232586834763,18.788333914829884,18.235758084029822,21.59991105075805,14.773094340050342,13.4402242301742
1837,Prov. Papua,Kab. Merauke,P,D3,95,642.0,176.25598146742686,113.92706983792479,127.44938995561752,127.24186957657109,119.12110776856744,121.62980274830043,136.7764431902882
1838,Prov. Papua,Kab. Merauke,P,Profesi,2960,2604.0,714.9074388491894,3876.1510525806593,2375.4120420323884,2516.3631021456317,2848.850718576606,2309.0895088427324,2819.929925623714
1839,Prov. Papua,Kab. Merauke,P,S1,502,8173.0,2243.8319883695945,1053.0883577523846,1180.231118650508,1175.2588290818994,918.7781435427179,807.3070733290693,748.3000674099435
1840,Prov. Papua,Kab. Merauke,P,S2,16,37.0,10.15805500668971,12.92179792520763,12.696921050255286,12.736622830505546,14.326856875544921,9.382882984690736,7.127282214164932
1841,Prov. Papua,Kab. Mimika,L,D3,50,142.0,38.98496786351186,31.027991066541787,27.990022900539383,28.525411890211828,35.24227442300383,35.63332268269069,35.77288295381527
1842,Prov. Papua,Kab. Mimika,L,S1,93,811.0,222.65358406555012,90.31445275665102,94.11438070686,94.1363398405795,91.93976504344397,125.04366521120527,118.73720487637243
1843,Prov. Papua,Kab. Mimika,P,D3,27,157.0,43.10309827162931,36.34050023134874,33.94703492222536,35.558718180314386,42.81555349179456,34.904741604403846,42.71749429297503
1844,Prov. Papua,Kab. Mimika,P,S1,147,1061.0,291.28909086750764,147.51882371812627,149.2604261543895,154.52605932510298,141.11289412645075,138.9471640767334,98.54313568749406
1845,Prov. Papua,Kab. Nabire,L,S1,327,2893.0,794.2500847122521,500.125460254293,426.3602649620743,442.3735798806302,432.3547853385551,397.99084292023036,409.8461020095544
1846,Prov. Papua,Kab. Nabire,P,S1,206,1995.0,547.7113442796208,379.4079118925528,329.6159722575551,352.1943281913695,319.9412243686277,328.19194785563076,341.44077709579693
1847,Prov. Papua,Kab. Yapen Waropen,L,S1,15,518.0,142.21277009365593,56.53599214273252,65.18220516296086,59.900127069865235,53.55473218023365,58.24791946150796,55.27358431994908
1848,Prov. Papua,Kab. Yapen Waropen,P,S1,38,917.0,251.7550389495801,132.8013695849167,144.42583243524385,137.9233670597612,122.27309574110036,113.95050059244552,102.53551000151478
1849,Prov. Papua,Kota Jayapura,L,D3,272,3156.0,866.4546378679115,440.03012882934235,513.2534219803179,498.49124768344205,324.1430646046223,560.1977908593447,614.3464819373244
1850,Prov. Papua,Kota Jayapura,L,D4,13,273.0,74.94997342773759,24.593732643191466,30.805084415798625,31.793226830652035,36.42139609962043,34.04281271563677,34.96133790649468
1851,Prov. Papua,Kota Jayapura,L,Profesi,399,1008.0,276.73836342549265,1163.3145573185316,1017.839730132156,961.9388075655877,1009.1822613230144,1097.2192296852622,1372.7365300149538
1852,Prov. Papua,Kota Jayapura,L,S1,1834,31667.0,8693.922375590353,3294.5843284699495,3799.8183292632602,3687.6970261516153,2725.809331559164,3782.237853262412,3988.0209101687287
1853,Prov. Papua,Kota Jayapura,L,S2,337,2184.0,599.5997874219007,442.1217989492839,510.4553564854244,491.67568738838906,513.897627866872,548.33309239703,636.9880663405221
1854,Prov. Papua,Kota Jayapura,L,S3,23,179.0,49.14302287020157,15.953532778405254,20.032061016500414,25.089904872382345,18.383261559812667,14.887037172220706,20.718906907322513
1855,Prov. Papua,Kota Jayapura,P,D3,804,5140.0,1411.1460198482462,1037.323408023382,1108.5211020981858,1121.4434729481836,1051.2020755281585,876.8965198930044,1087.1293106818
1856,Prov. Papua,Kota Jayapura,P,D4,86,770.0,211.3973609500291,88.19176071565512,106.49694075773758,113.85201714963111,161.32107368278997,114.81637259975815,101.67812419341061
1857,Prov. Papua,Kota Jayapura,P,Profesi,751,1793.0,492.2538547836392,2135.287843393841,1954.6150875860951,1896.5305500162865,2119.2280588758363,2050.2309361776893,2318.489683653249
1858,Prov. Papua,Kota Jayapura,P,S1,2268,25708.0,7057.926435458893,3254.7202805341913,3677.809119354535,3691.3755328406505,2585.910642957332,3298.7386873719147,3689.43741003237
1859,Prov. Papua,Kota Jayapura,P,S2,339,1414.0,388.2024264718716,340.2443396746388,388.8370769257426,386.84340608843746,390.2770105665563,343.65034148605116,459.3284865814376
1860,Prov. Papua,Kota Jayapura,P,S3,9,65.0,17.84523176850895,7.045940832174238,8.678857708660589,11.238469886537533,8.974410089589389,10.673484700718044,9.525707858464964
1861,Prov. Papua Barat,Kab. Fak-Fak,L,D3,149,543.0,128.50960494834698,119.97118026858772,95.21469962485023,92.21221853491303,104.08224697934057,107.50886739029168,119.09732651520044
1862,Prov. Papua Barat,Kab. Fak-Fak,L,D4,15,71.0,16.80328167832898,11.553619271086621,10.086689129356804,11.002031224737316,11.326016382967856,8.840497432733283,6.091182750454424
1863,Prov. Papua Barat,Kab. Fak-Fak,L,S1,72,1109.0,262.462526496716,116.74630506281694,82.51602541662031,70.8136582424704,75.74442777627556,81.67698237639102,100.19495434990596
1864,Prov. Papua Barat,Kab. Fak-Fak,P,D3,188,576.0,136.31958093968296,136.20344034626447,103.98931889682109,98.59181339344849,117.43028194150777,113.67669821275763,166.77929040567787
1865,Prov. Papua Barat,Kab. Fak-Fak,P,D4,14,57.0,13.489958530489462,9.370154181667674,7.640813732539148,7.931428382027892,10.340868371904921,9.485409285425376,8.005986133199109
1866,Prov. Papua Barat,Kab. Fak-Fak,P,S1,177,1776.0,420.31870789735586,244.99998296961343,184.73703841304877,171.37877559198037,202.69153786899446,259.5774204140101,251.4749271301336
1867,Prov. Papua Barat,Kab. Manokwari,L,D3,34,832.0,196.90606135731986,139.05266723439362,97.18613369068169,78.93877682310317,155.75720311807376,105.3865414204672,114.06430057053039
1868,Prov. Papua Barat,Kab. Manokwari,L,D4,50,242.0,57.27315726979736,44.2775051482663,40.76944109705194,46.30624233577899,55.40065991865089,43.9644373992865,29.997948956443448
1869,Prov. Papua Barat,Kab. Manokwari,L,Profesi,2,425.0,100.58302413084247,238.55945037398735,139.1111516590042,95.25063014426604,638.2755774988601,442.7756533708846,457.7513921905327
1870,Prov. Papua Barat,Kab. Manokwari,L,S1,372,8075.0,1911.077458486007,1013.4763123516623,795.8826839186839,715.7912288042066,1016.9745663089017,895.5974105592181,765.4543800080702
1871,Prov. Papua Barat,Kab. Manokwari,L,S2,74,223.0,52.776504426300875,57.18707379401604,47.985842318400735,43.344507545053354,69.89129094562198,67.75562492866847,78.3676718164828
1872,Prov. Papua Barat,Kab. Manokwari,L,S3,8,47.0,11.12329913917552,5.8397007709222795,5.166525591666957,6.128140376543265,10.366730933024837,7.384942429582444,7.6238140211670045
1873,Prov. Papua Barat,Kab. Manokwari,P,D3,43,476.0,112.65298702654357,98.31387421920311,71.14189487297777,60.69711308622347,237.4262798350911,83.9461564995417,97.60209939684346
1874,Prov. Papua Barat,Kab. Manokwari,P,D4,38,243.0,57.50982320892876,50.357324727482165,46.01691393211672,52.48899316922509,58.10931900064411,50.669239577888895,58.248234056737374
1875,Prov. Papua Barat,Kab. Manokwari,P,Profesi,12,1174.0,277.84581254025665,722.1341255774616,410.01075781275506,278.02899288121466,1903.8745993840676,1921.8694058519134,1547.248738483734
1876,Prov. Papua Barat,Kab. Manokwari,P,S1,580,8301.0,1964.563960729702,1250.05009692132,1001.1423678804856,932.1991568946702,1309.3211353070367,969.0294488245279,1009.5921152056133
1877,Prov. Papua Barat,Kab. Manokwari,P,S2,80,199.0,47.09652188714742,63.716033255477235,55.64465890498988,53.061624512230594,71.04692937447108,66.08618735558112,75.28288718326733
1878,Prov. Papua Barat,Kab. Manokwari,P,S3,1,15.0,3.549989086970911,1.7005571127927308,1.3340666806652401,1.4326749147021225,2.461081985137165,2.1851609609105687,1.7343156346570388
1879,Prov. Papua Barat,Kab. Sorong,L,Profesi,244,246.0,58.21982102632294,326.81868936707093,277.4410162854816,289.9395658529321,378.63728647028773,397.6375421789546,337.3244741693336
1880,Prov. Papua Barat,Kab. Sorong,L,S1,156,2541.0,601.3681513328723,291.2056269859352,204.49757505906305,176.20389067876675,304.13041631226173,335.4787680105357,259.732314911226
1881,Prov. Papua Barat,Kab. Sorong,P,Profesi,413,420.0,99.39969443518551,618.6827111342672,514.4602761390437,535.5221901332134,659.986356047679,572.0651309794523,521.9186096879196
1882,Prov. Papua Barat,Kab. Sorong,P,S1,402,4879.0,1154.6931170220716,677.0453874299524,486.95738707215776,436.52750201616396,596.1815617831343,722.2603611290795,619.6100062272312
1883,Prov. Papua Barat,Kota Sorong,L,D3,200,740.0,175.1327949572316,196.9165189456127,186.33254694380886,195.23977153780865,192.4394921657201,180.00177243039934,164.51007119409607
1884,Prov. Papua Barat,Kota Sorong,L,D4,80,968.0,229.09262907918944,120.2157939815026,99.11512179306004,93.54594693455732,134.0208658026636,198.03395809307239,146.4433954431428
1885,Prov. Papua Barat,Kota Sorong,L,Profesi,10,20.0,4.733318782627881,11.817882315000414,7.552366969120639,5.447352497386528,15.221614433350378,10.055409715179703,9.668972371091368
1886,Prov. Papua Barat,Kota Sorong,L,S1,470,7312.0,1730.5013469287533,879.8752050459817,721.7894214573445,653.3659929491572,709.0980527055616,759.2601547926512,754.7542944585408
1887,Prov. Papua Barat,Kota Sorong,L,S2,36,172.0,40.70654153059978,49.093225443713756,46.44912723717965,45.41978102487242,51.62223065759689,58.74301175779417,52.34151707421196
1888,Prov. Papua Barat,Kota Sorong,P,D3,345,1283.0,303.6423999055786,392.7004718116106,370.8774120204163,394.09730024929075,405.49001640057855,387.2967932542495,404.4928790333897
1889,Prov. Papua Barat,Kota Sorong,P,D4,135,816.0,193.11940633121756,143.04555030671213,130.66966573162375,138.2806158877448,158.77878449109787,118.90864554189429,117.65275125636205
1890,Prov. Papua Barat,Kota Sorong,P,Profesi,38,69.0,16.32994980006619,57.455298010977494,40.65275139523268,32.845191526802246,51.573061996971454,42.622677760456746,47.85610246500791
1891,Prov. Papua Barat,Kota Sorong,P,S1,799,8454.0,2000.7738494168054,1269.4656817243736,1083.5304616954477,1035.1973591987905,1103.5330004046516,870.8805363257029,955.6317056815872
1892,Prov. Papua Barat,Kota Sorong,P,S2,14,87.0,20.58993670443128,29.292888524458707,28.020944171878057,28.132844546815466,31.708533710665588,20.281156666428046,19.2393399901386
1893,Prov. Riau,Kab. Bengkalis,L,D2,12,24.0,5.395706148445507,10.023651720817414,8.77672197783595,8.088383647913284,6.949757368988097,7.5079118236009315,7.730396926499606
1894,Prov. Riau,Kab. Bengkalis,L,D3,230,832.0,187.05114647944424,227.7173194655096,207.176409477925,210.64253610070952,190.60102219467953,136.67618025663066,125.023091490133
1895,Prov. Riau,Kab. Bengkalis,L,D4,288,1495.0,336.10752883025134,278.14823758766966,272.17018063771627,293.2705857099037,250.11882818508846,251.33786968628758,244.17205542983564
1896,Prov. Riau,Kab. Bengkalis,L,S1,84,2079.0,467.40304510909203,280.4952966968229,249.93304873501376,236.0520332222097,275.1079510513103,269.23652994508745,225.30843270426968
1897,Prov. Riau,Kab. Bengkalis,P,D2,2,3.0,0.6744632685556884,1.4409281197559491,1.2732657800845322,1.1905305434527003,1.8221665922132315,1.7031898724132568,1.533894524523824
1898,Prov. Riau,Kab. Bengkalis,P,D3,101,333.0,74.8654228096814,101.47482484604814,92.56376183025849,94.49709575895491,87.32810077818728,68.64181490881018,87.12670314753464
1899,Prov. Riau,Kab. Bengkalis,P,D4,321,1443.0,324.41683217528606,312.8194284620028,309.66004456569743,339.4362957351672,274.2197651922878,255.3583775542576,253.15655763677938
1900,Prov. Riau,Kab. Bengkalis,P,S1,86,2832.0,636.6933255165698,504.4358811362581,466.34657542484837,466.8654679089076,529.7253491272414,450.8580912898666,455.3660902312446
1901,Prov. Riau,Kab. Indragiri Hilir,L,S1,341,2586.0,581.3873374950033,357.16625312286067,306.2286334207129,298.87028868728515,361.31054467043504,324.4233328277101,312.73010090910867
1902,Prov. Riau,Kab. Indragiri Hilir,L,S2,2,54.0,12.14033883400239,17.88492265120168,16.229336746462955,16.38275470411509,20.184986021927624,16.226917381284466,17.660268099102097
1903,Prov. Riau,Kab. Indragiri Hilir,P,D3,50,121.0,27.203351831746097,38.01358629845597,33.39622332165679,35.17493561660599,47.51291809600764,39.5184599859004,39.38238625350221
1904,Prov. Riau,Kab. Indragiri Hilir,P,S1,523,2810.0,631.7472615471614,484.73638393822176,426.48703504619795,433.94322834068396,569.965547332989,439.04925489672564,413.132801669441
1905,Prov. Riau,Kab. Indragiri Hulu,L,S1,232,1397.0,314.0750620574322,183.3152482717554,156.1760151912332,152.75743095796864,170.89245933531132,178.45842868013142,154.86311076998555
1906,Prov. Riau,Kab. Indragiri Hulu,P,D3,27,106.0,23.831035488967654,32.1264968252742,28.14000348064532,29.91563765762893,30.514346840903144,35.001981296777274,36.81174652827672
1907,Prov. Riau,Kab. Indragiri Hulu,P,Profesi,8,9.0,2.023389805667065,15.409031681305272,11.63228617428535,12.289164949048711,6.769398104756147,6.944312347395345,6.3537446024415445
1908,Prov. Riau,Kab. Indragiri Hulu,P,S1,428,2104.0,473.0235723470561,350.7205382473326,307.6258285660462,315.0683442563854,339.4583594467905,344.3932333211614,353.5271328965476
1909,Prov. Riau,Kab. Kampar,L,D2,20,36.0,8.09355922266826,15.640140404850479,13.47177626325885,12.735046136369787,21.602296298909366,14.310537880405137,13.176141330018787
1910,Prov. Riau,Kab. Kampar,L,D3,94,420.0,94.42485759779636,120.95061102125104,108.47485209918618,113.3463409510587,129.62039569154786,95.91504376673605,94.72429837886816
1911,Prov. Riau,Kab. Kampar,L,Profesi,210,120.0,26.978530742227534,140.01922090485243,101.24141694458942,94.61288256834854,69.66183523799086,77.78146488416795,71.90570975238573
1912,Prov. Riau,Kab. Kampar,L,S1,240,1699.0,381.9710310920382,262.4281722000613,234.50048627773336,234.19278771575443,260.6265187351422,266.73353230780566,243.5843686294787
1913,Prov. Riau,Kab. Kampar,L,S2,67,128.0,28.777099458376036,37.487191210020576,33.83006659436291,32.51000004144346,40.388870342204136,33.26162736262222,34.65106055598293
1914,Prov. Riau,Kab. Kampar,P,D2,8,22.0,4.946063969408381,10.421478302010513,8.962684327494948,8.452171641156049,14.946524473584033,9.744156343765505,9.50845625918239
1915,Prov. Riau,Kab. Kampar,P,D3,59,297.0,66.77186358701314,93.1571719239629,83.40037407199256,86.90659808458581,102.69833567055281,73.29269133592283,79.08777319836022
1916,Prov. Riau,Kab. Kampar,P,D4,2,44.0,9.892127938816762,8.608295168645514,8.144602522230974,8.734259820103784,8.352663591989762,9.561270373342802,9.439471124059585
1917,Prov. Riau,Kab. Kampar,P,Profesi,1297,889.0,199.86594858200232,1402.6837624995783,1057.3657809958922,1055.4008703518973,717.4414221477584,903.1308150541439,894.8595183723282
1918,Prov. Riau,Kab. Kampar,P,S1,611,2831.0,636.4685044270512,540.3832244435658,494.3993451145698,512.5145315072128,611.9026449878208,477.85428840193305,482.6807811849375
1919,Prov. Riau,Kab. Kampar,P,S2,160,217.0,48.786176425528126,76.98457572215811,70.8475431250109,70.22419423020925,84.33651725609198,68.63958932118528,67.90347501159638
1920,Prov. Riau,Kab. Kepulauan Meranti,L,D3,4,21.0,4.721242879889818,5.339260977109285,4.158563248747265,4.371207809385383,4.779149059274339,6.885769253476364,6.45947588117784
1921,Prov. Riau,Kab. Kepulauan Meranti,L,S1,55,585.0,131.52033736835924,71.17562240898489,53.983084210614706,52.306470200063266,79.16751503854893,46.502589429368754,46.40528286402956
1922,Prov. Riau,Kab. Kepulauan Meranti,P,D3,17,31.0,6.969453775075446,10.316247830995426,8.32217821010326,9.247129426092263,10.827856373401616,10.87997494716425,13.161371781230365
1923,Prov. Riau,Kab. Kepulauan Meranti,P,S1,135,756.0,169.96474367603346,124.49783641435826,98.46141533432335,101.92832886465168,151.6046535045102,109.1463337391855,107.96815561602766
1924,Prov. Riau,Kab. Kuantan Singingi,L,S1,119,1400.0,314.74952532598786,199.97721398183472,175.34578544367972,164.5404465853329,217.51788801624625,171.45018396057617,148.91186582214598
1925,Prov. Riau,Kab. Kuantan Singingi,P,S1,155,1294.0,290.9184898370202,227.6513020942205,204.23691162624854,198.72230658503696,241.20468928621034,213.5334161945066,215.9057040393313
1926,Prov. Riau,Kab. Pelalawan,L,S1,25,426.0,95.77378413490774,67.71949405913112,54.19478223015712,57.15868324837876,66.5830046478481,44.33269990335452,28.38484615624905
1927,Prov. Riau,Kab. Pelalawan,P,S1,19,371.0,83.4086242113868,68.54942815715766,55.481159125280094,59.56995636300203,62.19644270791354,54.23360780260388,53.51338354664717
1928,Prov. Riau,Kab. Rokan Hilir,L,S1,99,948.0,213.1303928635975,148.2427392048535,127.87237189290052,133.83980149438312,151.20786748381522,137.43232694604228,131.1586921493189
1929,Prov. Riau,Kab. Rokan Hilir,P,S1,233,1690.0,379.9476412863711,295.84714589523037,256.14959801913176,269.70370680745145,292.95987050867336,218.17605077055092,231.39181079502418
1930,Prov. Riau,Kab. Rokan Hulu,L,D3,1,1.0,0.22482108951856278,0.31712474445857325,0.29178092669396877,0.3172923269837992,0.3624706059935317,1.330947373548419,1.1173270490149292
1931,Prov. Riau,Kab. Rokan Hulu,L,S1,771,3782.0,850.2733605592044,701.4737721990655,654.3354625105728,699.0025082079467,592.0130044061951,703.7867391210592,525.8408149155708
1932,Prov. Riau,Kab. Rokan Hulu,P,D3,18,72.0,16.18711844533652,24.896088996777127,22.870857850442945,24.8107373539801,28.770399470732908,26.500570863649077,25.165911963520557
1933,Prov. Riau,Kab. Rokan Hulu,P,Profesi,45,57.0,12.814802102558078,91.31266990332264,69.47360428393449,70.331574897238,54.25054534539273,40.62679488366125,39.62925281986917
1934,Prov. Riau,Kab. Rokan Hulu,P,S1,1286,4556.0,1024.284883846572,922.3240833919119,859.1870839267051,915.9583431980136,826.9888114006686,894.2173128940543,871.9681244326123
1935,Prov. Riau,Kota Dumai,L,D3,68,262.0,58.903125453863446,72.0654115325848,68.46091514170112,70.23030462791276,60.401455780707764,54.37150831135873,62.00215111672996
1936,Prov. Riau,Kota Dumai,L,S1,124,1561.0,350.9457207384765,230.682001506413,218.4176806755636,214.2651299975276,237.06754464380396,268.4121408118765,211.0259944664331
1937,Prov. Riau,Kota Dumai,P,D3,71,333.0,74.8654228096814,98.98189260658312,93.71660893381441,95.63606896186037,80.63751220810602,74.01485510207036,89.40057986098785
1938,Prov. Riau,Kota Dumai,P,S1,187,2001.0,449.86700012664414,352.75660822624667,339.5583018924031,341.9131832490179,362.28997448669793,404.0823881196044,423.8696460903294
1939,Prov. Riau,Kota Pekanbaru,L,D3,426,1769.0,397.70850735833756,456.80427232848064,467.2305664590527,477.99695085129787,433.8648764581147,434.3215403230954,426.64447831186624
1940,Prov. Riau,Kota Pekanbaru,L,D4,313,2198.0,494.156754761801,404.89581800170487,450.09893492633523,498.4825975781818,391.48432727897375,455.3360219191786,417.4249454144485
1941,Prov. Riau,Kota Pekanbaru,L,Profesi,2468,2545.0,572.1696728247423,3572.3751594324326,3123.791438306103,3129.0267069648,2951.4662908255036,3628.9023046520006,3945.3776521057034
1942,Prov. Riau,Kota Pekanbaru,L,S1,8738,59477.0,13371.683941295558,8896.26438632723,9209.940049603485,9248.854752351317,9325.257188287444,9871.77910830229,8732.264935006908
1943,Prov. Riau,Kota Pekanbaru,L,S2,1110,3593.0,807.7821746401961,1021.703251537628,1068.09086676505,1027.812300202187,1085.4610262686476,947.2685381513389,1098.8591192561983
1944,Prov. Riau,Kota Pekanbaru,L,S2 Terapan,11,44.0,9.892127938816762,12.465762422074565,11.563775926794795,9.764032340292577,14.486344774362834,12.766199853047405,14.07929455149893
1945,Prov. Riau,Kota Pekanbaru,L,S3,114,458.0,102.96805899950175,65.15378446246562,73.91745746955472,95.60249558598575,73.05740905595096,69.10232798148154,59.40779583887049
1946,Prov. Riau,Kota Pekanbaru,L,Sp-1,17,122.0,27.428172921264657,23.266777261385272,30.276911139136686,43.53805535784513,24.0248202329057,31.753837134005895,36.61522420955722
1947,Prov. Riau,Kota Pekanbaru,P,D3,1613,4190.0,942.000365082778,1286.2718783627602,1336.3279033142385,1399.6533025405404,1318.7879390519258,1151.171897166905,1158.4667336740943
1948,Prov. Riau,Kota Pekanbaru,P,D4,231,1630.0,366.4583759152573,334.87448159443676,373.72312751426443,418.881307449999,365.5038592334021,362.9170903971294,333.4409075885671
1949,Prov. Riau,Kota Pekanbaru,P,Profesi,8880,8915.0,2004.2800130579872,13873.337797059108,12152.839765748293,12207.548303166808,9711.937197643309,7645.899453769048,9494.59780920062
1950,Prov. Riau,Kota Pekanbaru,P,S1,14941,75730.0,17025.70110924076,13965.39768978718,14800.801245117485,15456.082602142755,15273.796203926913,13435.777001355575,13686.74719170702
1951,Prov. Riau,Kota Pekanbaru,P,S2,1178,3237.0,727.7458667715877,1137.3115159654803,1217.2797364240646,1215.8234437643557,1178.2961227427008,876.5476921223484,1104.2199299496883
1952,Prov. Riau,Kota Pekanbaru,P,S2 Terapan,7,22.0,4.946063969408381,7.202754704913163,6.749508858443015,5.7910969356494935,8.124192975728413,6.930523414333796,7.006027977119263
1953,Prov. Riau,Kota Pekanbaru,P,S3,29,204.0,45.863502261786806,36.954855797969216,43.185340407107475,58.531106846770896,34.23361150352085,29.77863505661247,27.33685381974453
1954,Prov. Riau,Kota Pekanbaru,P,Sp-1,9,62.0,13.938907550150892,12.501874510019233,16.14329544872913,22.93332280284275,15.111479435428224,19.27833636933061,22.98667821434607
1955,Prov. Sulawesi Barat,Kab. Majene,L,D3,16,239.0,53.732240394936504,49.27244018486986,42.865161136014564,41.36199378230775,61.68162201552632,43.7222685776071,35.047845578670334
1956,Prov. Sulawesi Barat,Kab. Majene,L,Profesi,18,23.0,5.1708850589269435,23.25501888784791,16.948024417788638,15.539257981375693,20.903373310658036,11.033334883325399,12.965357442602382
1957,Prov. Sulawesi Barat,Kab. Majene,L,S1,821,7681.0,1726.8507885920808,1018.8376590147233,916.0700714436973,895.7259288005268,1182.6036394367377,853.4404263909257,923.0032106989134
1958,Prov. Sulawesi Barat,Kab. Majene,L,S2,26,69.0,15.512655176780832,24.14966563913708,23.431190902885543,24.46245400379398,28.40763113284212,26.052923776387154,18.609959343312788
1959,Prov. Sulawesi Barat,Kab. Majene,P,D3,195,947.0,212.90557177407896,252.3877278971998,226.8507558447578,230.48409070562786,288.3915978309841,220.142037152297,216.15145234661549
1960,Prov. Sulawesi Barat,Kab. Majene,P,Profesi,81,97.0,21.80764568330059,148.16863757281675,115.11194565844903,116.76140218896391,123.7452003299512,83.61439192777199,85.45972783719269
1961,Prov. Sulawesi Barat,Kab. Majene,P,S1,1574,12882.0,2896.1452751781258,2130.6865169970315,1965.25327052886,2002.0467933728255,2426.7684386592127,2270.674423066951,2207.337300915356
1962,Prov. Sulawesi Barat,Kab. Majene,P,S2,11,39.0,8.768022491223949,15.801422449350973,15.492614075980601,16.444869219738052,16.469221180723803,12.773586340606812,13.24534785300078
1963,Prov. Sulawesi Barat,Kab. Mamasa,L,S1,32,254.0,57.104556737714944,29.477696354096903,22.87972674985475,21.464337078836238,32.07569373936023,39.964812073985094,34.21121575151375
1964,Prov. Sulawesi Barat,Kab. Mamasa,P,S1,65,487.0,109.48787059554007,65.47193256927743,51.359091317661196,48.99797939804711,58.175662590651655,38.161283607600396,41.559289197103
1965,Prov. Sulawesi Barat,Kab. Mamuju,L,D3,19,78.0,17.536044982447898,17.955426118898625,15.67347192147048,15.999731504711106,21.423179701945028,21.03405387001768,23.58361549957719
1966,Prov. Sulawesi Barat,Kab. Mamuju,L,Profesi,10,30.0,6.7446326855568834,27.730287312367228,19.479921641054784,17.733994773054025,20.259122565057385,20.699302891623685,20.55270365389148
1967,Prov. Sulawesi Barat,Kab. Mamuju,L,S1,333,3860.0,867.8094055416523,569.7056756164367,513.5636047306484,530.2385009250895,705.5980877601004,656.5896080023543,555.8378603236101
1968,Prov. Sulawesi Barat,Kab. Mamuju,L,S2,1,35.0,7.868738133149697,13.133686151317443,12.682281446499369,13.828019977265292,7.338774702251864,11.67192232266025,12.312650393247466
1969,Prov. Sulawesi Barat,Kab. Mamuju,P,D3,212,932.0,209.53325543130052,226.39255318971283,196.01995748591816,197.556700818423,319.305815958624,221.28877247731583,213.5337337639813
1970,Prov. Sulawesi Barat,Kab. Mamuju,P,Profesi,92,172.0,38.6692273971928,178.31935953512667,125.78221972724765,115.26136731405997,116.01282695849783,136.685212490834,143.33777379886405
1971,Prov. Sulawesi Barat,Kab. Mamuju,P,S1,540,4207.0,945.8223236045936,685.2971710346975,618.310023956771,639.3086415633434,915.1021589772794,735.1251059255353,740.9033666450985
1972,Prov. Sulawesi Barat,Kab. Mamuju,P,S2,2,23.0,5.1708850589269435,9.410548270953207,9.072985931357227,9.86886924826897,4.77803536889573,6.4881091446304096,6.554572465108824
1973,Prov. Sulawesi Barat,Kab. Polewali Mamasa,L,Profesi,369,196.0,44.064933545638304,287.41467358322956,219.21353338878166,226.43542776489488,244.48083617333083,217.38642723713605,225.44592657888697
1974,Prov. Sulawesi Barat,Kab. Polewali Mamasa,L,S1,432,3166.0,711.7835694157698,445.8944972083103,394.0713689808596,392.9171835721495,442.85390982848884,504.33083853712526,449.40039643628205
1975,Prov. Sulawesi Barat,Kab. Polewali Mamasa,P,Profesi,1002,483.0,108.58858623746582,803.7801388779889,617.0320327294575,643.9428122460188,598.4016094737877,577.2074376008017,573.3374659236733
1976,Prov. Sulawesi Barat,Kab. Polewali Mamasa,P,S1,520,3407.0,765.9654519897434,588.3139987264974,531.5035509659747,548.7106689158204,540.6290455909626,569.3433391523386,565.8068745882724
1977,Prov. Sulawesi Selatan,Kab. Bantaeng,L,D2,66,152.0,35.73420230267262,67.66861654091656,50.88893588640237,44.18844744201024,36.64489325521029,31.462660741666724,36.41791201929002
1978,Prov. Sulawesi Selatan,Kab. Bantaeng,P,D2,60,150.0,35.26401543026903,72.86536642645255,54.79243686390458,47.737120493206184,41.525317142623756,37.94746605189878,40.95255612689944
1979,Prov. Sulawesi Selatan,Kab. Barru,L,D3,1,1.0,0.23509343620179357,0.31249969120054577,0.2866854798232641,0.3101413055304234,0.21905118685972408,2.267441235822063,1.3291955421432964
1980,Prov. Sulawesi Selatan,Kab. Barru,L,S1,139,1198.0,281.6419365697487,145.34606817901224,116.21210837950068,106.83751572178501,148.91758288795066,116.91600642376349,116.15284881009656
1981,Prov. Sulawesi Selatan,Kab. Barru,P,D3,20,49.0,11.519578373887885,10.89987475212434,8.66037330948076,8.079702075418124,13.788079196938417,14.060400126985945,13.473955003668573
1982,Prov. Sulawesi Selatan,Kab. Barru,P,S1,290,1708.0,401.5395890326634,256.45011026106033,213.8991907492219,206.3057643608576,210.64262745200048,238.76775319145403,223.6461981535781
1983,Prov. Sulawesi Selatan,Kab. Bone,L,D3,176,431.0,101.32527100297303,136.04517878214526,128.54030082314938,137.2254693492191,95.61107195575192,111.17539511725687,100.44376923427978
1984,Prov. Sulawesi Selatan,Kab. Bone,L,S1,776,5847.0,1374.591321471887,819.0919418266184,705.5440851686461,671.1625714273912,611.9679270788578,690.0801782866802,685.0451724009633
1985,Prov. Sulawesi Selatan,Kab. Bone,L,S2,61,304.0,71.46840460534524,66.96493945461789,57.78243446566334,50.52126978506089,53.01063100728813,47.06603060121301,59.81398732446047
1986,Prov. Sulawesi Selatan,Kab. Bone,P,D3,468,939.0,220.75273659348417,315.9274709301109,296.132265556899,314.57702279166375,266.90953604905104,248.35997098851453,265.6627901234679
1987,Prov. Sulawesi Selatan,Kab. Bone,P,S1,1780,8707.0,2046.9585490090167,1427.0389009025719,1258.2797237581324,1231.0136316851715,1235.3408924425999,1104.451382849366,1126.3883178476551
1988,Prov. Sulawesi Selatan,Kab. Bone,P,S2,89,353.0,82.98798297923312,99.16650093960422,90.16971638139366,83.59747049159195,92.77203061070882,93.9754289227113,113.45569023499986
1989,Prov. Sulawesi Selatan,Kab. Bulukumba,L,D3,5,18.0,4.231681851632285,5.304223797606916,5.135913600679887,5.436297638610446,4.492099414162393,6.046001459429278,5.5621917424570455
1990,Prov. Sulawesi Selatan,Kab. Bulukumba,L,Profesi,8,11.0,2.586027798219729,14.484226473758351,13.09164925169294,13.197251360423502,8.817945839487189,7.438255102506916,8.020507988309456
1991,Prov. Sulawesi Selatan,Kab. Bulukumba,L,S1,155,1299.0,305.38637362612985,142.33432769416055,118.38361178009937,104.87019030373332,160.04647721655226,149.65098713507996,135.94838274810286
1992,Prov. Sulawesi Selatan,Kab. Bulukumba,P,D3,62,189.0,44.432659442138984,52.05078499213717,47.83627685387096,48.08973893127395,49.24613844214208,49.20117200450374,44.85244283240194
1993,Prov. Sulawesi Selatan,Kab. Bulukumba,P,Profesi,105,116.0,27.270838599408055,153.84730032447072,135.3506483435405,133.070486627417,122.06439941661057,87.04117930231575,116.93274990988604
1994,Prov. Sulawesi Selatan,Kab. Bulukumba,P,S1,457,2952.0,693.9958236676946,436.5890694434226,390.02347181555774,373.7985191234198,350.35141706019147,327.00028059006024,336.5695858892051
1995,Prov. Sulawesi Selatan,Kab. Enrekang,L,S1,80,688.0,161.744284106834,91.62861332504292,74.40270085791201,68.7887761611364,96.7751137924444,99.52415254373565,94.50753160444067
1996,Prov. Sulawesi Selatan,Kab. Enrekang,P,S1,168,1177.0,276.704974409511,187.38145714022428,157.30688331557226,151.186208395312,182.01004692652637,226.8038253012559,227.16344835404703
1997,Prov. Sulawesi Selatan,Kab. Gowa,L,D3,28,87.0,20.453128949556042,29.99507136042873,25.584883179778643,25.892025982205467,14.521043904039487,21.997944842254892,22.98097282051619
1998,Prov. Sulawesi Selatan,Kab. Gowa,L,D4,76,300.0,70.52803086053807,66.06483141330392,59.12434332378342,63.34127723720571,131.11296462254518,32.833264723543174,42.47088227364889
1999,Prov. Sulawesi Selatan,Kab. Gowa,L,Profesi,1732,1047.0,246.14282770327787,1709.4865801836324,1388.0059409514254,1365.5918519807472,2629.5324133317554,1556.6461210404566,1533.2318205092415
2000,Prov. Sulawesi Selatan,Kab. Gowa,L,S1,1647,10480.0,2463.7792113947967,1988.7870858210943,1662.6882545592555,1618.2261349492064,1630.8513233237738,1629.763777449692,1492.625610379952
2001,Prov. Sulawesi Selatan,Kab. Gowa,L,S2,273,1035.0,243.32170646885635,348.65998379330705,304.1557922652809,284.0287643514131,323.4339348139735,213.69059136774953,339.23624248979684
2002,Prov. Sulawesi Selatan,Kab. Gowa,L,S3,200,587.0,137.99984705045281,91.48866492799982,85.60929274632629,107.58521529282031,81.836142034772,108.16859500179984,95.52486570089616
2003,Prov. Sulawesi Selatan,Kab. Gowa,P,D3,144,438.0,102.97092505638558,152.99951256068258,127.27843301191609,125.88545510935462,73.66843992430734,97.90990782850392,115.97944768150812
2004,Prov. Sulawesi Selatan,Kab. Gowa,P,D4,136,455.0,106.96751347181608,108.63111647597134,97.00056949227294,104.02922427214199,269.1098674019967,77.90466412046513,66.26384448931935
2005,Prov. Sulawesi Selatan,Kab. Gowa,P,Profesi,2698,1082.0,254.37109797034066,1761.0477784231075,1386.92483095793,1325.923349527603,2013.267512001988,1596.5516390624316,1634.1256818608135
2006,Prov. Sulawesi Selatan,Kab. Gowa,P,S1,3359,16604.0,3903.4914146945803,3659.7167903248373,3124.3300863218974,3119.230601046067,3057.9768883105,2467.8474471342042,2727.9849130478506
2007,Prov. Sulawesi Selatan,Kab. Gowa,P,S2,320,982.0,230.86175435016128,400.92807014025306,362.29782690883957,352.3266204438903,317.26449620737736,252.08131133318545,346.70724951302844
2008,Prov. Sulawesi Selatan,Kab. Gowa,P,S3,82,306.0,71.93859147774883,56.03300087562432,53.747898765448454,69.57003915062613,40.46607791338859,52.059855770409314,46.2820472067277
2009,Prov. Sulawesi Selatan,Kab. Jeneponto,L,S1,362,1115.0,262.12918136499985,196.96276975361,174.20675356508977,182.14370209827263,181.87135053502487,171.57679158975765,134.7565037763741
2010,Prov. Sulawesi Selatan,Kab. Jeneponto,P,S1,429,1942.0,456.5514531038831,394.71482241771935,355.3675316787065,379.8762546300045,355.6107305986979,356.6340574829573,338.70300569072305
2011,Prov. Sulawesi Selatan,Kab. Luwu,L,S1,2,48.0,11.284484937686091,9.089172281469565,8.024123668305997,8.486165349391056,10.01458433770728,11.255983206273978,13.83382796642777
2012,Prov. Sulawesi Selatan,Kab. Luwu,P,D3,14,13.0,3.0562146706233166,4.101465147900988,3.48414864181913,3.6146448888588103,4.110018256081663,5.941103698699062,6.357610654044085
2013,Prov. Sulawesi Selatan,Kab. Luwu,P,S1,3,138.0,32.442894195847515,27.605295104737724,24.104644498866875,25.286187741134825,33.33435836557693,29.511965123001836,36.75122673635405
2014,Prov. Sulawesi Selatan,Kab. Luwu Timur,L,D3,71,205.0,48.194154421367685,65.30322890865465,64.5616739954839,68.9775561677436,45.327945583091314,48.71952930704959,60.44687745393978
2015,Prov. Sulawesi Selatan,Kab. Luwu Timur,L,S1,11,35.0,8.228270267062776,5.096298321872771,4.639170067603221,4.462951863310508,4.083845764406198,7.007230010327866,6.820229456097985
2016,Prov. Sulawesi Selatan,Kab. Luwu Timur,P,D3,45,155.0,36.439482611278,46.435711578433555,43.66591904758567,44.40689038758361,32.42372742174112,37.684064819172455,43.12989171375239
2017,Prov. Sulawesi Selatan,Kab. Luwu Timur,P,S1,80,231.0,54.306583762614316,39.94957785453282,37.415319731441095,37.2163071976569,32.21029490606108,40.35014227959624,36.74964835294263
2018,Prov. Sulawesi Selatan,Kab. Maros,L,D3,3,16.0,3.761494979228697,4.361125638659807,4.209889838239302,4.333280488189201,3.754026314944046,4.631255004836314,5.0199401770805325
2019,Prov. Sulawesi Selatan,Kab. Maros,L,S1,112,1159.0,272.4732925578787,141.49980255052714,125.38088030748791,115.86791900215748,168.42498957174325,140.1037448126917,131.7119476296249
2020,Prov. Sulawesi Selatan,Kab. Maros,L,S2,2,5.0,1.1754671810089679,0.9311113772800225,0.8150159426109451,0.6819136136249337,1.0714809817281665,2.046497568954855,1.9037185098444167
2021,Prov. Sulawesi Selatan,Kab. Maros,P,D3,44,232.0,54.54167719881611,75.672760932215,75.34596889731945,80.40132356315674,66.50477841389039,73.48409435401904,76.15669345909157
2022,Prov. Sulawesi Selatan,Kab. Maros,P,S1,248,1739.0,408.827485554919,262.78585555749754,243.02461580552557,235.75240605370345,276.0857262501912,228.61268081213285,233.3012206012806
2023,Prov. Sulawesi Selatan,Kab. Maros,P,S2,5,8.0,1.8807474896143486,3.2111062804937185,3.533752209927481,3.7759627000817693,2.4075078722517387,3.0085836536016917,3.326597465383216
2024,Prov. Sulawesi Selatan,Kab. Pangkajene Kepulauan,L,D3,22,53.0,12.459952118695059,15.804143604551685,14.166605076218138,14.36792310412868,14.675910418479603,12.811094759063424,14.852013179589049
2025,Prov. Sulawesi Selatan,Kab. Pangkajene Kepulauan,L,D4,134,575.0,135.17872581603132,109.34402713997062,103.75257415389672,112.53726002499076,108.69891613626992,99.51226456428259,83.99232213604218
2026,Prov. Sulawesi Selatan,Kab. Pangkajene Kepulauan,L,S1,39,403.0,94.74265478932281,59.797056747041196,50.8597522262861,47.94738759412663,57.8447434832836,52.76099570386809,51.68275597878226
2027,Prov. Sulawesi Selatan,Kab. Pangkajene Kepulauan,L,S2 Terapan,3,12.0,2.821121234421523,4.150353772226762,3.7509290449019095,3.1668138714143805,3.8639103679080375,3.9574199232588576,4.268401382482441
2028,Prov. Sulawesi Selatan,Kab. Pangkajene Kepulauan,P,D3,32,69.0,16.221447097923757,22.872781579874154,20.629948572638146,21.1321268864026,22.821518148702186,25.210048462294342,22.09563727598439
2029,Prov. Sulawesi Selatan,Kab. Pangkajene Kepulauan,P,D4,318,1018.0,239.32511805342585,218.89652704068763,209.75481065185318,230.62814028314918,252.40321913617703,190.20449269583585,240.92803406923318
2030,Prov. Sulawesi Selatan,Kab. Pangkajene Kepulauan,P,S1,152,1095.0,257.427312640964,200.63015044791794,178.09278904357393,176.24767284431587,206.68963098691881,230.33868575534126,230.805909058601
2031,Prov. Sulawesi Selatan,Kab. Pangkajene Kepulauan,P,S2 Terapan,3,13.0,3.0562146706233166,4.946726524960816,4.482711841960146,3.8084222762795226,4.665194272551279,4.0642260229651574,5.439932022965722
2032,Prov. Sulawesi Selatan,Kab. Pinrang,L,Profesi,24,41.0,9.638830884273537,59.621085027082465,51.809498351162496,54.15060751588078,32.815815572059336,15.804291113537682,18.035154901335538
2033,Prov. Sulawesi Selatan,Kab. Pinrang,L,S1,163,1309.0,307.7373079881478,163.88061129924813,132.55308638420044,123.22280545550338,167.7406656574465,150.81763684197875,152.71711652981006
2034,Prov. Sulawesi Selatan,Kab. Pinrang,P,Profesi,82,160.0,37.61494979228697,252.24918479945688,218.70732312264576,228.83258203015964,125.68127568125237,93.4731371978484,147.2001069331291
2035,Prov. Sulawesi Selatan,Kab. Pinrang,P,S1,233,1287.0,302.5652523917083,208.3294485752729,178.38889669896082,176.700624597932,186.17775747850138,213.09703863095643,207.55620854185938
2036,Prov. Sulawesi Selatan,Kab. Sidenreng Rappang,L,D3,4,15.0,3.5264015430269033,4.480314582821042,4.126834344754397,4.295723366550176,3.6141345828835156,4.027953553994883,3.9616641392872207
2037,Prov. Sulawesi Selatan,Kab. Sidenreng Rappang,L,D4,18,52.0,12.224858682493267,7.078416399408924,6.106479376708617,5.970236760098499,6.054898849289888,9.33572221981681,7.64286773649351
2038,Prov. Sulawesi Selatan,Kab. Sidenreng Rappang,L,Profesi,281,306.0,71.93859147774883,427.5160767795885,373.2889147787291,376.10281845805497,290.2550883036106,335.5908512413078,341.6301648477906
2039,Prov. Sulawesi Selatan,Kab. Sidenreng Rappang,L,S1,351,2240.0,526.6092970920176,264.9059627226137,216.7602158576524,195.8627319021257,160.88649256881814,234.35126237674035,230.3755948749466
2040,Prov. Sulawesi Selatan,Kab. Sidenreng Rappang,L,S2,31,126.0,29.62177296142599,32.64115840146172,29.54099192384525,27.20109868620106,26.938160933602624,24.379399047035236,28.558154633147442
2041,Prov. Sulawesi Selatan,Kab. Sidenreng Rappang,P,D3,33,109.0,25.6251845459955,34.65994041179051,31.659176268985874,32.77753182592629,31.515502004049388,36.94129591511615,37.749207063690875
2042,Prov. Sulawesi Selatan,Kab. Sidenreng Rappang,P,D4,82,171.0,40.2009775905067,25.904667080078585,22.494519069052078,22.220935480692493,21.72661446888856,26.53255041143306,23.12850535731551
2043,Prov. Sulawesi Selatan,Kab. Sidenreng Rappang,P,Profesi,1523,1642.0,386.02342224334507,2575.3141591690437,2270.059754890831,2318.047301273444,1741.8562483399512,1876.101301327404,1971.2013951780734
2044,Prov. Sulawesi Selatan,Kab. Sidenreng Rappang,P,S1,1107,4431.0,1041.6990158101473,701.520768586473,615.0568339466065,599.7668039877149,583.8114010410728,694.0844093391092,740.1342349367543
2045,Prov. Sulawesi Selatan,Kab. Sidenreng Rappang,P,S2,40,125.0,29.386679525224196,43.60868372163267,42.35806070106113,42.163206689705405,41.28111041433891,45.94577446296257,48.17499539197683
2046,Prov. Sulawesi Selatan,Kab. Sinjai,L,D4,8,81.0,19.04256833234528,16.55143193558873,15.06975956198288,16.67665314448196,21.777622554072494,15.001055720805988,13.036333565169755
2047,Prov. Sulawesi Selatan,Kab. Sinjai,L,S1,278,1636.0,384.6128616261343,299.9579914488274,258.6193229719606,263.7489458047088,299.9260263958355,252.79783913367552,251.94682795470158
2048,Prov. Sulawesi Selatan,Kab. Sinjai,L,S2,28,58.0,13.635419299704028,17.92747618105099,15.850718762908553,15.228972530606702,21.87125648876871,14.405051267403746,12.877164886942404
2049,Prov. Sulawesi Selatan,Kab. Sinjai,P,D3,32,36.0,8.46336370326457,11.806744809974639,10.032028502046103,10.292068550204213,6.552306615654678,10.90567699829898,18.051702002142985
2050,Prov. Sulawesi Selatan,Kab. Sinjai,P,D4,2,5.0,1.1754671810089679,1.1076800349304698,1.0062574773168877,1.1147366582223543,1.778987052524108,2.5767096794135047,2.3286168917936023
2051,Prov. Sulawesi Selatan,Kab. Sinjai,P,S1,514,2522.0,592.9056461009234,513.5495600741982,445.3769650232491,458.59299430065363,525.2220915625288,457.3037773564135,478.2725671628543
2052,Prov. Sulawesi Selatan,Kab. Sinjai,P,S2,21,46.0,10.814298065282504,14.490943026867503,12.520441731304471,11.78114613954847,17.914708125777057,13.585419294522486,13.280358279514223
2053,Prov. Sulawesi Selatan,Kab. Soppeng,L,D3,16,43.0,10.109017756677124,11.738237252292754,10.679166327636489,11.051942987873883,10.808974695105402,12.477342366467232,10.723655775516859
2054,Prov. Sulawesi Selatan,Kab. Soppeng,L,S1,191,1048.0,246.37792113947967,169.28653877118734,154.6745438521328,157.94465164119734,167.1454981869866,156.41289144583132,156.97309960412449
2055,Prov. Sulawesi Selatan,Kab. Soppeng,P,D3,60,197.0,46.313406931753335,49.44194408000131,42.50158710046123,41.58077317594506,54.92117137333248,42.92564912739613,44.43501311569561
2056,Prov. Sulawesi Selatan,Kab. Soppeng,P,S1,225,1542.0,362.5140786231657,276.0714563279215,253.5510179130379,261.2209443623271,281.54067726336774,259.78698689523776,230.16575507772455
2057,Prov. Sulawesi Selatan,Kab. Takalar,L,Profesi,2,6.0,1.4105606172107614,6.0334931469978015,4.706195515701737,4.269044577941724,6.324340776839252,3.424322603871313,3.244439889306665
2058,Prov. Sulawesi Selatan,Kab. Takalar,L,S1,13,326.0,76.6404602017847,62.97655643995939,59.89491379520164,64.22333320452633,98.4536085337953,65.30120694085801,55.241192225332526
2059,Prov. Sulawesi Selatan,Kab. Takalar,P,Profesi,8,25.0,5.8773359050448395,27.674726428737312,21.64908140727281,19.765653694739562,24.423121961865096,13.270246516675178,15.364848676738307
2060,Prov. Sulawesi Selatan,Kab. Takalar,P,S1,37,518.0,121.77839995252907,107.77155552537035,102.03993755118141,109.2729700185142,147.11792251511528,107.27985820439903,99.73116020712297
2061,Prov. Sulawesi Selatan,Kab. Tana Toraja,L,D3,11,44.0,10.344111192878916,10.592183962003025,9.133881552165487,8.848969299714973,9.524194804094089,8.011839550477527,9.825998820627209
2062,Prov. Sulawesi Selatan,Kab. Tana Toraja,L,Profesi,3,4.0,0.9403737448071743,4.480545826800853,3.6561110275234663,3.4220977094349485,2.491251993867003,3.606130502428728,4.788695555928104
2063,Prov. Sulawesi Selatan,Kab. Tana Toraja,L,S1,958,5144.0,1209.3206358220261,716.4471338318631,617.597590403094,587.6631901691746,627.3917318047627,635.4550307907261,638.5214621188296
2064,Prov. Sulawesi Selatan,Kab. Tana Toraja,L,S2,51,147.0,34.55873512166365,39.67525423066075,36.64760685726268,34.398384444236406,44.19736769812271,28.45797896854541,33.46355367843948
2065,Prov. Sulawesi Selatan,Kab. Tana Toraja,L,S3,3,10.0,2.3509343620179357,1.3891306768269158,1.4265751283166255,1.8713366040795565,1.393395710163355,2.1904478224013184,1.3553569576508038
2066,Prov. Sulawesi Selatan,Kab. Tana Toraja,P,D3,172,596.0,140.11568797626896,169.27529787088238,149.84425024603044,149.74485704544523,158.29089309307196,168.79547608187377,174.65093433985803
2067,Prov. Sulawesi Selatan,Kab. Tana Toraja,P,Profesi,51,76.0,17.86710115133631,72.52082782794245,54.44395517583555,46.83513690033101,45.63115693198152,58.82699512222115,80.94404352519675
2068,Prov. Sulawesi Selatan,Kab. Tana Toraja,P,S1,1555,7415.0,1743.2178294362993,1256.7183646262267,1124.823150329162,1117.4672666732433,1105.1088183879576,1223.7399479941218,1262.2861705855955
2069,Prov. Sulawesi Selatan,Kab. Tana Toraja,P,S2,66,215.0,50.545088783385616,67.38420106715722,63.55364073073176,61.18753749192088,74.64349913836504,68.86752881826577,85.68511350638451
2070,Prov. Sulawesi Selatan,Kab. Tana Toraja,P,S3,2,4.0,0.9403737448071743,0.7574895191656428,0.8383329113407465,1.1939614071848859,0.7168356443952815,1.5500802485847216,1.5141716021548008
2071,Prov. Sulawesi Selatan,Kab. Toraja Utara,L,Profesi,10,30.0,7.052803086053807,23.08897013758414,16.417992057525872,13.546824535624594,30.137162793909855,19.87128865923284,19.843893884229782
2072,Prov. Sulawesi Selatan,Kab. Toraja Utara,L,S1,15,106.0,24.919904237390117,11.547639639603766,9.034404417920516,7.907719829618527,14.998189355503046,14.276419674140366,16.68416552019652
2073,Prov. Sulawesi Selatan,Kab. Toraja Utara,P,D3,10,59.0,13.870512735905821,15.428492327169248,13.132775748325013,12.833986537678255,15.547686504084691,15.061454140332588,19.182027710111875
2074,Prov. Sulawesi Selatan,Kab. Toraja Utara,P,Profesi,35,111.0,26.095371418399086,93.48308148664606,66.53178898774942,55.13616427054689,107.43539189704403,96.60084220897588,85.45136913463207
2075,Prov. Sulawesi Selatan,Kab. Toraja Utara,P,S1,115,770.0,181.02194587538105,87.17893190040853,67.11878853300249,57.96343840827748,62.59329860701813,66.22791554992682,79.78238727068725
2076,Prov. Sulawesi Selatan,Kab. Wajo,L,S1,268,1754.0,412.3538870979459,200.7594277548133,154.79997502652728,136.89905010119358,222.17194172404805,204.1343025626261,201.0259988101795
2077,Prov. Sulawesi Selatan,Kab. Wajo,L,S2,38,84.0,19.74784864095066,20.638597286291162,17.70131957764846,16.066389600239784,18.29592103912059,16.416961696212034,17.809471218144022
2078,Prov. Sulawesi Selatan,Kab. Wajo,P,D3,34,141.0,33.148174504452896,35.18472180374703,28.576964017106956,27.270085789011304,32.31994588471566,32.42855477851453,36.93661400031385
2079,Prov. Sulawesi Selatan,Kab. Wajo,P,S1,388,2063.0,484.99775888430014,302.2031485646798,245.8432680694261,230.82699647981562,203.22268543723317,190.4578907860581,260.9613002672534
2080,Prov. Sulawesi Selatan,Kab. Wajo,P,S2,55,140.0,32.9130810682511,46.7647027638641,43.18506739923396,42.51508465748381,49.72235502409455,44.74291698233324,45.217753148593786
2081,Prov. Sulawesi Selatan,Kota Makassar,L,D3,1610,6834.0,1606.6285430030573,1768.3214603231527,1679.5926170338937,1673.2571493058028,1697.0213190343368,1832.225505522886,1842.4308822685132
2082,Prov. Sulawesi Selatan,Kota Makassar,L,D4,1160,8067.0,1896.4987498398687,1330.2368367430058,1343.0869310719306,1437.9109996942416,1345.8851016572955,1790.4410181870062,1551.3898400349944
2083,Prov. Sulawesi Selatan,Kota Makassar,L,Profesi,12939,12134.0,2852.623754872563,15697.519004211543,15186.434595960392,15867.913062848826,12455.611607125156,11867.88224398997,12387.122695253036
2084,Prov. Sulawesi Selatan,Kota Makassar,L,S1,13286,90741.0,21332.61349438695,12802.095611412746,12120.434761628097,11842.036370931255,13403.491733773824,16175.632065835733,16068.99265535738
2085,Prov. Sulawesi Selatan,Kota Makassar,L,S2,2842,10755.0,2528.42990635029,2742.5238295730755,2667.7932424619657,2455.638377638109,2670.782858463183,2689.6636925792786,3396.2606751668336
2086,Prov. Sulawesi Selatan,Kota Makassar,L,S2 Terapan,74,157.0,36.90966948368159,47.901901383615986,46.05837735305377,38.353963659904245,47.337211385597875,25.400874795396263,32.02671517095158
2087,Prov. Sulawesi Selatan,Kota Makassar,L,S3,389,2570.0,604.1901310386095,327.11010966863665,350.1391375488035,445.55070910206234,394.8991290993289,518.903679463976,500.7995615084009
2088,Prov. Sulawesi Selatan,Kota Makassar,L,Sp-1,194,911.0,214.17012037983395,169.59293682224805,221.83637414825228,320.9008452488222,191.68569195474524,194.5776267645403,187.4206139887562
2089,Prov. Sulawesi Selatan,Kota Makassar,L,Sp-2,20,68.0,15.986353661721964,23.143797272110326,27.40552177973036,26.57029282249258,18.358380439927448,23.19019454270327,23.09823301975856
2090,Prov. Sulawesi Selatan,Kota Makassar,P,D3,3372,11547.0,2714.62390782211,3297.023010303796,3143.2112768408365,3154.397677757477,3349.389419579265,3072.1353502012944,3445.750135885193
2091,Prov. Sulawesi Selatan,Kota Makassar,P,D4,1935,9825.0,2309.793010682622,1890.9377799219692,1945.2563974459806,2130.577132197328,1943.7617465556164,2137.228037904236,1912.9304943643574
2092,Prov. Sulawesi Selatan,Kota Makassar,P,Profesi,30259,27328.0,6424.633424522614,37816.230751897274,36245.47746330676,37621.65549590701,30504.56981776798,23137.368606062166,28627.952974442665
2093,Prov. Sulawesi Selatan,Kota Makassar,P,S1,21767,122562.0,28813.521727764222,21326.35536614604,21138.062418080593,21758.570038812046,24814.69670413372,23307.44487037824,24806.840881258067
2094,Prov. Sulawesi Selatan,Kota Makassar,P,S2,3730,11347.0,2667.605220581752,3596.086158131359,3654.341515687893,3534.3004794608955,3888.4824365070695,3032.787629433119,3922.0067798781524
2095,Prov. Sulawesi Selatan,Kota Makassar,P,S2 Terapan,55,131.0,30.79724014243496,47.37897095974069,46.838895986503495,40.30028884557087,47.47156492345102,35.32156465569848,42.601594854670424
2096,Prov. Sulawesi Selatan,Kota Makassar,P,S3,274,1661.0,390.49019753117915,256.0766521118593,283.9123631712413,376.20022345053764,297.78276058090887,416.65588743165193,360.4188966323386
2097,Prov. Sulawesi Selatan,Kota Makassar,P,Sp-1,264,1345.0,316.20067169141237,270.59208350186213,352.7738795398812,510.2727414021761,292.74362029582466,312.8401198837591,327.3110088033127
2098,Prov. Sulawesi Selatan,Kota Makassar,P,Sp-2,5,34.0,7.993176830860982,12.75889547167586,15.16006942814634,14.801727089611143,15.52704000678923,9.925538060889732,7.7201004738544645
2099,Prov. Sulawesi Selatan,Kota Palopo,L,D3,96,836.0,196.5381126646994,216.09622054128582,200.12890408808678,202.02787036973,215.99246653978344,172.91638004808632,165.34931328634033
2100,Prov. Sulawesi Selatan,Kota Palopo,L,Profesi,383,436.0,102.500738183982,591.1696290090189,539.388245882441,548.8885151824959,538.6230113012471,365.56087792491724,453.7220371872794
2101,Prov. Sulawesi Selatan,Kota Palopo,L,S1,993,9434.0,2217.8714771277205,1162.118759663761,1010.6166176683561,938.3130068469575,1262.836642406231,943.5155583833614,966.1240554812464
2102,Prov. Sulawesi Selatan,Kota Palopo,L,S2,111,461.0,108.37807408902684,110.76773106732577,103.1692304543925,94.41892409294876,110.93409219835803,112.81090687412228,131.50341327687198
2103,Prov. Sulawesi Selatan,Kota Palopo,P,D3,207,1062.0,249.66922924630478,301.9062167576732,280.50103595421234,285.118895237652,345.781967399923,254.65985707640766,264.60092710810915
2104,Prov. Sulawesi Selatan,Kota Palopo,P,Profesi,2870,4297.0,1010.196495359107,5504.1274602214635,4784.153721147128,4641.703261781136,4024.46554767866,3462.6747797906937,4336.0347656624235
2105,Prov. Sulawesi Selatan,Kota Palopo,P,S1,3057,20841.0,4899.58230388158,3350.224032809529,3094.42061763087,3071.8923982035285,3753.9732009750815,2871.6736617364427,3236.4336486436005
2106,Prov. Sulawesi Selatan,Kota Palopo,P,S2,196,542.0,127.42064242137212,168.524136699056,166.21765447166152,162.1380110804577,195.38714225034013,157.37508292444926,183.62808680476974
2107,Prov. Sulawesi Selatan,Kota Pare-Pare,L,D3,10,93.0,21.8636895667668,15.591051792046699,11.55717683547621,9.620654740206007,12.704790189217793,12.556725891892231,12.179299815035135
2108,Prov. Sulawesi Selatan,Kota Pare-Pare,L,Profesi,535,538.0,126.48026867656495,826.1776261853669,727.8165740309885,744.1524249460979,1492.5673927641972,737.0699203714545,677.8130401673643
2109,Prov. Sulawesi Selatan,Kota Pare-Pare,L,S1,832,6065.0,1425.841690563878,818.5431337010041,676.481295866459,620.3491368053758,696.4949498235219,694.1905151818037,708.2877492177811
2110,Prov. Sulawesi Selatan,Kota Pare-Pare,L,S2,132,611.0,143.64208951929587,166.5527698067838,149.863007025468,137.8860386133661,119.89669334029827,150.77213539276985,154.40850543922699
2111,Prov. Sulawesi Selatan,Kota Pare-Pare,L,S3,11,95.0,22.33387643917039,8.288393524801995,7.067066136877869,7.679180765031103,6.794728795903107,10.80817762384743,9.603988229629012
2112,Prov. Sulawesi Selatan,Kota Pare-Pare,P,D3,50,244.0,57.36279843323763,69.69276700816056,60.010323003454964,58.69658636941083,63.798304599631095,68.85068464346851,74.9470645060795
2113,Prov. Sulawesi Selatan,Kota Pare-Pare,P,Profesi,2143,2150.0,505.4508878338562,3579.508383866788,3146.269624107592,3220.3011510969936,6038.047752087824,2484.737803770784,2659.8514746507462
2114,Prov. Sulawesi Selatan,Kota Pare-Pare,P,S1,1487,8018.0,1884.979171465981,1446.907097392695,1281.3898685826127,1268.2899653806512,1356.6467968538984,1185.1576705465393,1199.5830552138996
2115,Prov. Sulawesi Selatan,Kota Pare-Pare,P,S2,147,575.0,135.17872581603132,190.3102220165704,177.49080717029315,170.17483312776588,173.86249498798364,166.61255324809855,199.14249714156725
2116,Prov. Sulawesi Selatan,Kota Pare-Pare,P,S3,2,15.0,3.5264015430269033,1.8497749017011214,1.7205205105365702,2.0559796983889926,2.020172164765423,1.9821147166815938,1.2320531727636228
2117,Prov. Sulawesi Tengah,Kab. Banggai,L,D3,143,369.0,82.95398603038787,63.51692597872555,57.3053601937173,52.635003305459044,72.0070014742021,63.99279536119227,54.29859998354885
2118,Prov. Sulawesi Tengah,Kab. Banggai,L,S1,308,4220.0,948.687861919341,481.912186274089,403.1720883212915,360.6626435921646,538.1208894804065,675.9293142292626,734.8013965575724
2119,Prov. Sulawesi Tengah,Kab. Banggai,L,S2,33,55.0,12.364415261981932,21.228453575592404,22.404986777809146,23.97875946136866,12.56215511570282,12.793367739980487,11.320868446825026
2120,Prov. Sulawesi Tengah,Kab. Banggai,P,D3,250,576.0,129.4891489254835,93.19226738591937,82.29179989515326,72.47435211480351,83.09152390711739,87.79605407194883,99.0089499925309
2121,Prov. Sulawesi Tengah,Kab. Banggai,P,S1,623,4940.0,1110.5492980761953,745.8406782093329,658.0591854177109,628.937887716058,924.1408934236471,816.9185326997093,841.4778268858097
2122,Prov. Sulawesi Tengah,Kab. Banggai,P,S2,38,61.0,13.713260563289053,25.584136705202607,26.848198657064152,28.573588656595312,14.933554963052307,13.150284418005583,15.136153240257256
2123,Prov. Sulawesi Tengah,Kab. Buol,L,S1,46,458.0,102.96185799977681,74.24911390809007,59.555275602404166,59.20039937528764,61.29928841805699,59.05802591389357,68.64188794906474
2124,Prov. Sulawesi Tengah,Kab. Buol,P,S1,36,431.0,96.89205414389478,75.23436686581482,59.83986299052851,58.955097068511215,86.54995224896565,52.16277211544661,55.38994347865787
2125,Prov. Sulawesi Tengah,Kab. Marowali,L,D3,76,299.0,67.21745751513814,97.43605299836909,89.26588154748536,93.42161278020562,65.33526000542655,53.35766325832512,68.68797545711931
2126,Prov. Sulawesi Tengah,Kab. Marowali,P,D3,14,201.0,45.186317593788516,71.18976374881461,64.8525895375578,67.49764733735273,48.31119773290064,53.36500987508423,42.89752477975625
2127,Prov. Sulawesi Tengah,Kab. Poso,L,Profesi,3,4.0,0.8992302008714133,6.355016141430031,4.94422878278736,5.155384688452152,9.138565921875253,2.181226747800476,1.6020769306052227
2128,Prov. Sulawesi Tengah,Kab. Poso,L,S1,37,494.0,111.05492980761953,66.35733292783394,54.45530861645049,51.17322305171372,72.81814162926108,62.35539174773745,52.174579707771784
2129,Prov. Sulawesi Tengah,Kab. Poso,P,D3,41,163.0,36.64363068551009,41.15367373581147,34.59855426535196,33.14026461606224,54.20301789197357,32.01947736750175,35.92897257956409
2130,Prov. Sulawesi Tengah,Kab. Poso,P,Profesi,15,18.0,4.0465359039213595,29.04829716127878,22.027847205522125,22.288101062620843,19.672026089380648,10.02362165927732,9.688793631850025
2131,Prov. Sulawesi Tengah,Kab. Poso,P,S1,74,1002.0,225.25716531828903,162.05393866577828,136.29506479063164,132.1944238677235,201.8068279477653,170.02449403868718,137.8035306531964
2132,Prov. Sulawesi Tengah,Kab. Sigi,L,S1,7,15.0,3.3721132532677998,2.6186425945554044,2.1468403119141364,2.19216362081121,1.9655898500487583,5.272650731397949,5.377011211280295
2133,Prov. Sulawesi Tengah,Kab. Sigi,L,S2,3,12.0,2.69769060261424,3.54883199717617,2.9982873838861988,2.853681683521166,3.7557338929525077,5.38742439112999,4.320948367737298
2134,Prov. Sulawesi Tengah,Kab. Sigi,P,S1,6,22.0,4.945766104792773,4.906795151149686,4.195619309468414,4.518006074418384,4.57291986366812,4.572970877987194,4.6404926947751655
2135,Prov. Sulawesi Tengah,Kab. Sigi,P,S2,3,12.0,2.69769060261424,5.2238729511718915,4.799732865119737,5.071635165959198,4.242613354754233,6.3479326147779895,4.928246609659169
2136,Prov. Sulawesi Tengah,Kab. Toli-Toli,L,S1,201,1827.0,410.723394248018,210.51361469206236,177.21569025379557,158.00821116438513,185.60114646023575,205.36367412081572,234.84506326100043
2137,Prov. Sulawesi Tengah,Kab. Toli-Toli,P,S1,354,2803.0,630.1355632606428,414.37216746551763,364.81550658742606,343.85875633351276,364.36805718737094,294.74886113673443,312.5590831033499
2138,Prov. Sulawesi Tengah,Kota Palu,L,D3,180,919.0,206.5981386502072,170.88977911948587,148.66861674807004,133.46693986250392,187.8923207736007,108.94669718850082,117.75791042705164
2139,Prov. Sulawesi Tengah,Kota Palu,L,D4,52,725.0,162.98547390794366,118.83783566992494,111.37445642225467,115.99986152530853,104.12856302290879,120.54249021544345,112.89314740255222
2140,Prov. Sulawesi Tengah,Kota Palu,L,Profesi,2011,802.0,180.29565527471837,1082.4321643544588,882.6726974383889,877.0482941984175,861.2521496374624,763.4953822091614,999.320017654551
2141,Prov. Sulawesi Tengah,Kota Palu,L,S1,3814,33610.0,7555.78176282205,4347.453320270095,3945.667258926586,3734.867274288412,4189.8509707417,4922.88801397266,4587.756352237194
2142,Prov. Sulawesi Tengah,Kota Palu,L,S2,298,1527.0,343.281129182662,390.45744107314886,375.91675406106174,347.3007967640676,352.9260804366266,383.5427333363563,477.7621124994386
2143,Prov. Sulawesi Tengah,Kota Palu,L,S3,46,333.0,74.86091422254515,44.043353010441194,43.66941131759147,52.95902804489768,51.99978704430876,53.11052601015999,53.05595931537426
2144,Prov. Sulawesi Tengah,Kota Palu,P,D3,1143,3568.0,802.1133391773006,920.9656255930416,856.3631141408619,835.5306382679834,1092.9048855477502,866.2776681622164,960.3279200126791
2145,Prov. Sulawesi Tengah,Kota Palu,P,D4,357,1088.0,244.5906146370244,216.5722754426019,207.40127202308014,222.91213080176058,210.61585604539965,236.09548514452038,219.43952694306026
2146,Prov. Sulawesi Tengah,Kota Palu,P,Profesi,5911,1792.0,402.85512999039315,2631.094225679344,2135.1143558918657,2111.170613115569,1959.3936391677971,1980.79776372904,2171.4111988345376
2147,Prov. Sulawesi Tengah,Kota Palu,P,S1,6656,41713.0,9377.397342237315,6879.819577112124,6501.080087725929,6480.510824115973,6963.3536301532085,7055.729529484143,7317.226851807648
2148,Prov. Sulawesi Tengah,Kota Palu,P,S2,387,1441.0,323.9476798639266,465.8426402620367,466.40921570449325,452.7462991229579,475.37048991764476,430.3156977986299,465.33567111556414
2149,Prov. Sulawesi Tengah,Kota Palu,P,S3,16,199.0,44.73670249335281,30.710373064563413,30.83199742103833,38.09030883620118,36.08430865276747,31.458054556071886,28.236518039536733
2150,Prov. Sulawesi Tenggara,Kab. Kolaka,L,D3,1,18.0,4.231681851632285,3.6838066699780474,2.9357859855207527,2.687777156278052,4.517114335294058,4.128536622605043,4.532719030891637
2151,Prov. Sulawesi Tenggara,Kab. Kolaka,L,D4,9,44.0,10.344111192878916,8.631308171219416,8.273064530745017,9.258651478379555,9.653416297732731,7.988926735362119,5.922532276720126
2152,Prov. Sulawesi Tenggara,Kab. Kolaka,L,S1,460,4266.0,1002.9085988368514,526.944230081833,426.42089671543897,389.8599027070586,624.6653896144779,592.9923742471462,582.0410679561521
2153,Prov. Sulawesi Tenggara,Kab. Kolaka,L,S2,3,12.0,2.821121234421523,4.512901980828662,4.549073846101503,4.807231330185944,3.354443274844685,2.9644507707704406,2.232949424739892
2154,Prov. Sulawesi Tenggara,Kab. Kolaka,P,D3,55,311.0,73.1140586587578,88.29706962855082,76.28071588412159,76.29381965986933,88.96019269111457,74.49040887721374,76.67866323347087
2155,Prov. Sulawesi Tenggara,Kab. Kolaka,P,D4,12,60.0,14.105606172107613,12.760537462493202,12.203454821170217,13.671769002037147,16.73405479901671,14.331575179291393,12.124719078850447
2156,Prov. Sulawesi Tenggara,Kab. Kolaka,P,S1,923,5543.0,1303.1229168665418,912.5593091622467,790.1392094852472,778.4308168419237,960.3321494859567,726.023159878655,723.9695688004357
2157,Prov. Sulawesi Tenggara,Kab. Kolaka,P,S2,10,31.0,7.2878965222556005,12.639506533245573,12.71221550161104,13.447881419487146,8.81488098878886,7.089079221551741,7.536467019991871
2158,Prov. Sulawesi Tenggara,Kab. Konawe,L,D3,1,181.0,42.551911952524634,52.22333753223942,49.12167869148321,51.37380857785422,53.03396277791756,52.98130040085611,54.19660843266546
2159,Prov. Sulawesi Tenggara,Kab. Konawe,L,S1,138,861.0,202.41544856974426,91.6364408673582,73.84053629566652,64.44775837086436,96.73971006600298,99.98054759712906,100.20538175472346
2160,Prov. Sulawesi Tenggara,Kab. Konawe,P,D3,25,238.0,55.95223781602687,79.79395086234955,76.6535822704909,82.24960331410658,76.9177912145476,75.79949332718262,79.81274279698593
2161,Prov. Sulawesi Tenggara,Kab. Konawe,P,S1,156,804.0,189.01512270624204,115.2881302200428,99.71961244956586,94.10204210358087,99.3470474830393,117.63789646278323,106.30923849479842
2162,Prov. Sulawesi Tenggara,Kab. Muna,L,D3,6,23.0,5.407149032641252,4.6154270664691595,3.6428945220841404,3.3522501101047637,5.039141922486795,4.965539863819569,4.846433362239548
2163,Prov. Sulawesi Tenggara,Kab. Muna,L,D4,2,46.0,10.814298065282504,7.270073693435679,6.460118878228961,6.778151340238664,8.582700818853095,10.265090764985331,7.305389239172632
2164,Prov. Sulawesi Tenggara,Kab. Muna,L,Profesi,2,6.0,1.4105606172107614,7.246159996797609,5.901303202611335,5.747414267577109,7.767067122201271,3.6561920686219103,3.332570795395684
2165,Prov. Sulawesi Tenggara,Kab. Muna,L,S1,27,574.0,134.94363237982952,83.7134716549261,71.10869667184775,69.44417646888115,85.65377553643488,125.14744965068408,103.25757183644804
2166,Prov. Sulawesi Tenggara,Kab. Muna,P,D3,46,198.0,46.54850036795513,55.715692801938495,47.8435057283416,48.28057580838894,54.14769780663066,44.72286083598888,33.7743809867479
2167,Prov. Sulawesi Tenggara,Kab. Muna,P,D4,9,160.0,37.61494979228697,29.837263868425843,27.217734601271424,29.458638940816265,38.44156117444163,32.65880438029841,31.322395782764364
2168,Prov. Sulawesi Tenggara,Kab. Muna,P,Profesi,6,12.0,2.821121234421523,19.016539451230997,16.477163723059807,17.188878906053812,12.00354214247897,7.483031205342017,8.056163505446074
2169,Prov. Sulawesi Tenggara,Kab. Muna,P,S1,67,845.0,198.65395359051556,146.24633658354864,127.77332187002928,128.98065493565414,161.64297678200705,151.9794372693418,176.98175575243772
2170,Prov. Sulawesi Tenggara,Kab. Wakatobi,L,D1,22,22.0,5.172055596439458,20.172429110644316,7.187640224299209,6.940231303885512,18.71343352414932,9.625872229384381,14.91317621546309
2171,Prov. Sulawesi Tenggara,Kab. Wakatobi,L,S1,48,382.0,89.80569262908514,46.1347679952351,33.52743836591342,30.251435953906327,49.09451135053803,18.77764798412923,15.283154110931124
2172,Prov. Sulawesi Tenggara,Kab. Wakatobi,P,D1,19,21.0,4.936962160237665,20.876062189962227,7.421654901332378,7.173794974387089,16.67307208451304,8.930044102589122,13.584179167468251
2173,Prov. Sulawesi Tenggara,Kab. Wakatobi,P,S1,80,618.0,145.28774357270842,94.19783286330032,71.88475589780073,68.52221120121081,86.05138279258067,49.87175886206038,44.16419267707707
2174,Prov. Sulawesi Tenggara,Kota Baubau,L,D3,17,73.0,17.16182084273093,19.671810166857586,18.984747779638198,19.47151165407035,20.4181069333341,20.062075317588004,23.89363143313893
2175,Prov. Sulawesi Tenggara,Kota Baubau,L,D4,6,211.0,49.60471503857844,35.8534805058541,36.147103771523454,39.06832185012534,34.12812852325725,32.23130199949789,30.807824566269115
2176,Prov. Sulawesi Tenggara,Kota Baubau,L,Profesi,6,14.0,3.29130810682511,7.694538392458261,5.324318091341781,3.9386341562864864,10.288152271342515,7.073559592742011,8.322779524734617
2177,Prov. Sulawesi Tenggara,Kota Baubau,L,S1,887,7370.0,1732.6386248072185,926.3066871660038,829.1389327641707,771.6630156120464,978.7626721198314,720.2608938779156,741.4345846327421
2178,Prov. Sulawesi Tenggara,Kota Baubau,L,S2,51,116.0,27.270838599408055,37.120594243700474,39.1227910276595,39.67599029552022,42.003488676689194,45.08524842880841,46.04495333788616
2179,Prov. Sulawesi Tenggara,Kota Baubau,P,D3,223,975.0,229.21610029674872,284.7057392097008,274.09779608422343,281.3725431644076,300.7821379475753,231.8431626694007,257.7142219849677
2180,Prov. Sulawesi Tenggara,Kota Baubau,P,D4,29,298.0,70.05784398813448,55.941033600907886,56.629871632950966,61.68129055430534,55.84149561241152,34.94025316167346,39.66996940190317
2181,Prov. Sulawesi Tenggara,Kota Baubau,P,Profesi,37,57.0,13.400325863502234,34.554359123911524,23.995202529843258,17.877940181945746,43.453503322042174,46.19358252648031,56.32219871487297
2182,Prov. Sulawesi Tenggara,Kota Baubau,P,S1,1690,10427.0,2451.3192592761015,1634.2427208575427,1530.538630606694,1499.1957350985767,1578.6891380276056,1584.8946510984051,1462.1110917858819
2183,Prov. Sulawesi Tenggara,Kota Baubau,P,S2,20,48.0,11.284484937686091,17.139508910527432,18.198869208078715,18.66531211617215,18.871433671289754,13.35196314392402,12.509667032846279
2184,Prov. Sulawesi Tenggara,Kota Kendari,L,D3,249,2028.0,476.76948861723736,443.27599437215065,379.0218550952384,354.2456010371436,370.51800831087155,352.33879570783995,422.69469059932527
2185,Prov. Sulawesi Tenggara,Kota Kendari,L,D4,29,182.0,42.78700538872643,25.02199261104017,22.107069969722698,21.503132720264414,20.215712900026137,28.904950797744288,24.715102181866957
2186,Prov. Sulawesi Tenggara,Kota Kendari,L,Profesi,2338,2338.0,549.6484538397933,3537.5008541313878,3238.4523805121576,3327.426505513337,3120.6063194832172,3519.6839039544075,3920.949766939245
2187,Prov. Sulawesi Tenggara,Kota Kendari,L,S1,4871,33714.0,7925.940108107268,4840.144863850138,4276.762554255533,4062.050000476349,4041.5954474827486,3646.713250340663,3758.739083900954
2188,Prov. Sulawesi Tenggara,Kota Kendari,L,S2,648,2280.0,536.0130345400894,585.5044936779108,539.2791413627448,490.7587646470037,461.0341369916696,497.506805542525,548.9866952292995
2189,Prov. Sulawesi Tenggara,Kota Kendari,L,S3,71,310.0,72.878965222556,43.19062911148676,45.01934620602098,58.33528992595465,38.2522430839543,40.21152795943115,42.34099580595338
2190,Prov. Sulawesi Tenggara,Kota Kendari,P,D3,842,3702.0,870.3159008190398,999.9942091254555,884.4405360205571,858.8993359367407,909.0390254931369,825.5451009065061,931.7321819302205
2191,Prov. Sulawesi Tenggara,Kota Kendari,P,D4,286,1311.0,308.2074948605514,206.35842301801185,185.27623664338773,183.92528280493474,156.29239777624102,230.37875912934146,199.95975477962617
2192,Prov. Sulawesi Tenggara,Kota Kendari,P,Profesi,8047,7724.0,1815.8617012226534,12613.500779161208,11503.867046803716,11813.632274987813,10425.472974063314,7417.703138117091,7790.516673542479
2193,Prov. Sulawesi Tenggara,Kota Kendari,P,S1,7758,42156.0,9910.59889652281,7524.890102866834,6956.938570771662,6955.186217497382,6406.091797611373,6222.2852478088735,6521.061595037449
2194,Prov. Sulawesi Tenggara,Kota Kendari,P,S2,567,1594.0,374.73893730565896,512.9198405342494,494.8876797789908,474.5737398626384,481.1719006497782,512.6678756179787,551.7284597872012
2195,Prov. Sulawesi Tenggara,Kota Kendari,P,S3,31,150.0,35.26401543026903,22.989204690111073,24.02595429708204,31.326370438505297,21.937549169961066,17.710051902951427,18.090457558238132
2196,Prov. Sulawesi Utara,Kab. Bolaang Mongondaw,L,S1,6,39.0,9.229971626124367,6.075448287477708,4.803034593140637,4.968535555840095,5.61452059663404,8.796060240509988,7.58733308368212
2197,Prov. Sulawesi Utara,Kab. Bolaang Mongondaw,P,S1,15,48.0,11.359965078306914,8.526774146914377,6.698327424421506,6.997355455512324,6.930546262723274,8.903311971655587,8.084222333416069
2198,Prov. Sulawesi Utara,Kab. Kep. Sangihe,L,D3,32,280.0,66.26646295679033,55.19906093975794,42.25875739626382,36.111218059014256,106.87449718634896,36.786332781705084,40.59726487929275
2199,Prov. Sulawesi Utara,Kab. Kep. Sangihe,L,D4,6,56.0,13.253292591358067,7.739841876466034,6.355962248994013,5.971188039793621,7.546701305231479,11.073191999520478,9.689049619711692
2200,Prov. Sulawesi Utara,Kab. Kep. Sangihe,P,D3,101,651.0,154.06952637453753,154.9633585859196,121.3811311426253,107.7204303902671,122.06796000282192,107.26328830475812,133.26267626778767
2201,Prov. Sulawesi Utara,Kab. Kep. Sangihe,P,D4,7,71.0,16.80328167832898,12.327001411948629,10.568692456152991,10.513218891413173,10.844884489621727,11.409947864126066,10.614558607426378
2202,Prov. Sulawesi Utara,Kab. Kepulauan Sitaro,L,S1,4,24.0,5.679982539153457,3.1771880963382313,2.3113696597231117,2.2078444513896547,3.078562604941835,6.4841929962376925,6.067814201767493
2203,Prov. Sulawesi Utara,Kab. Kepulauan Sitaro,P,S1,22,161.0,38.10321620015444,25.285059199298463,18.651341827435843,18.34321947713442,26.956973595467556,24.66958853284379,32.592432855603526
2204,Prov. Sulawesi Utara,Kab. Minahasa,L,Profesi,1416,75.0,17.749945434854553,108.82535276877594,98.42035251987983,96.48645231303024,125.97061223955252,57.27948669743121,93.52750105235869
2205,Prov. Sulawesi Utara,Kab. Minahasa,L,S1,1003,8364.0,1979.4739148949798,1184.0873769677676,936.9100871033104,809.965317715783,1215.27656257068,981.9780435747579,1072.7395472088258
2206,Prov. Sulawesi Utara,Kab. Minahasa,L,S2,135,202.0,47.8065197045416,64.55584304756577,57.870057870775575,52.35719143297073,56.062240028370866,58.68884572000951,73.55996690121428
2207,Prov. Sulawesi Utara,Kab. Minahasa,L,S3,12,97.0,22.956596095745223,13.102746927851518,11.549973064102339,12.834416012813158,16.65676189161084,14.068754403048722,12.559157773355865
2208,Prov. Sulawesi Utara,Kab. Minahasa,P,Profesi,5848,312.0,73.83977300899494,502.9138569358974,445.95303444415504,435.8755591832745,529.8941124059677,532.4510305623287,651.0713242572158
2209,Prov. Sulawesi Utara,Kab. Minahasa,P,S1,1896,12873.0,3046.6006344384355,2183.8976012610597,1747.5954385958808,1575.44857019861,1951.917431248078,2113.103765776796,1984.5268175537483
2210,Prov. Sulawesi Utara,Kab. Minahasa,P,S2,167,242.0,57.27315726979736,87.57564224782622,77.73018974058836,70.77426438879442,77.3496581945891,81.1538325036135,87.70494452248968
2211,Prov. Sulawesi Utara,Kab. Minahasa,P,S3,8,77.0,18.223277313117343,10.712827596315094,8.908035372350321,9.51006256146357,15.707169767353113,10.825140737733443,11.262296620503935
2212,Prov. Sulawesi Utara,Kab. Minahasa Selatan,L,D3,91,515.0,121.88295865266794,145.03339901218254,130.36139029788654,135.12488086823305,148.55502420588027,126.51839211196733,128.6569506391863
2213,Prov. Sulawesi Utara,Kab. Minahasa Selatan,P,D3,28,91.0,21.53660046095686,30.403619320985005,27.70986395172218,29.572995721676268,30.035988520473605,23.533845043767037,21.51891535827943
2214,Prov. Sulawesi Utara,Kab. Minahasa Utara,L,Profesi,6,23.0,5.443316600022063,23.781058143785938,19.091743309701123,17.45638559976925,24.303588757329205,14.888043992310356,16.27961510411724
2215,Prov. Sulawesi Utara,Kab. Minahasa Utara,L,S1,268,1711.0,404.9354218538152,278.1147184194346,250.52078621346115,253.84691611968756,291.9701921968263,276.54864150267406,272.1437135575677
2216,Prov. Sulawesi Utara,Kab. Minahasa Utara,L,S2,44,91.0,21.53660046095686,30.693202999358412,29.85171109839045,30.531950752250314,33.397005931696626,24.104885111522425,25.960766389150802
2217,Prov. Sulawesi Utara,Kab. Minahasa Utara,P,D3,8,91.0,21.53660046095686,20.840473586591962,16.019449237256527,14.234522473790795,17.121604572684934,15.64652862212845,17.961724440483945
2218,Prov. Sulawesi Utara,Kab. Minahasa Utara,P,Profesi,100,166.0,39.286545895811415,159.67385276587706,114.79574113659952,95.93906679266526,158.77264737458282,112.67989100603226,119.96683902853435
2219,Prov. Sulawesi Utara,Kab. Minahasa Utara,P,S1,341,2107.0,498.65513374984727,397.5926079359254,358.9421475275049,370.7334569852733,447.83066089140107,384.6153270233704,414.0671235563481
2220,Prov. Sulawesi Utara,Kab. Minahasa Utara,P,S2,27,76.0,17.986611373985948,28.652386379663348,27.409161861476054,28.033905805175063,32.17163463034348,27.89724048591672,27.192264128340653
2221,Prov. Sulawesi Utara,Kota Bitung,L,D3,91,330.0,78.09975991336003,94.11074376818048,86.35076210012285,93.58933033540997,84.02383638789877,89.02728872432905,92.5111130158042
2222,Prov. Sulawesi Utara,Kota Bitung,L,S1,108,847.0,200.45605044429075,103.05099167096368,79.58459353436866,72.40720929611108,96.27983231900343,117.13552294265405,113.16244018343018
2223,Prov. Sulawesi Utara,Kota Bitung,P,D3,55,171.0,40.46987559146838,56.0009382964105,51.241486558547216,56.2765541169041,41.1817905618166,52.587387586201146,50.06392866128196
2224,Prov. Sulawesi Utara,Kota Bitung,P,S1,250,1658.0,392.3921270798513,236.1780342728729,183.70185829510643,170.97457739876072,195.24024044747068,252.9490120533661,249.19131275132
2225,Prov. Sulawesi Utara,Kota Manado,L,D3,207,1074.0,254.17921862711722,266.4956804929215,245.08774043965437,239.93534991593168,243.6628345366337,237.41245511479067,238.46988543279213
2226,Prov. Sulawesi Utara,Kota Manado,L,D4,472,2757.0,652.4879941852535,444.3781195564941,420.3748491684537,437.1433375167095,414.65944833258453,541.4577375564047,441.3191812004841
2227,Prov. Sulawesi Utara,Kota Manado,L,Profesi,388,382.0,90.40638874819253,427.69785481229377,382.0259765986726,363.9243544429092,852.6486959381483,497.9682202820465,465.58254776480504
2228,Prov. Sulawesi Utara,Kota Manado,L,S1,2361,19278.0,4562.445974575015,2690.7031208904364,2397.173436099702,2257.15329686395,2269.626379994586,2993.294556853579,2787.391683269006
2229,Prov. Sulawesi Utara,Kota Manado,L,S2,226,910.0,215.3660046095686,266.44454972347796,257.52931992699854,246.26722887096867,260.2476005267435,236.4416388761623,264.243020074603
2230,Prov. Sulawesi Utara,Kota Manado,L,S3,26,149.0,35.263224930577714,21.31978301312727,21.82235794551426,27.51807544137468,24.073440774608805,20.57519139735061,17.9688598072173
2231,Prov. Sulawesi Utara,Kota Manado,L,Sp-1,81,379.0,89.69639093079834,75.6142606281179,86.95687506144814,121.72854922534793,73.71996322040155,92.50932488623704,83.58966719529731
2232,Prov. Sulawesi Utara,Kota Manado,P,D3,854,3287.0,777.9209419248923,899.3855889397279,808.2986389920864,785.722991299578,916.0219171383854,898.1187101226043,961.2185595780605
2233,Prov. Sulawesi Utara,Kota Manado,P,D4,597,3218.0,761.590992124826,604.0890485249148,571.6121742601082,609.0585907177417,600.4347214366029,679.8776320531546,774.6965338194022
2234,Prov. Sulawesi Utara,Kota Manado,P,Profesi,1246,1000.0,236.66593913139405,1226.8618512708383,1066.9726004904621,1006.5852485344293,2523.5479528494766,2224.9802420110595,2018.6747204987346
2235,Prov. Sulawesi Utara,Kota Manado,P,S1,4455,27712.0,6558.486505209192,4688.162209103102,4283.416197336894,4194.815447200652,4355.530478989347,5017.932389314474,5152.595596646619
2236,Prov. Sulawesi Utara,Kota Manado,P,S2,263,912.0,215.8393364878314,319.7704683366638,314.88936566402674,311.45712983041074,310.4546754826667,246.99487919742674,330.1389878731222
2237,Prov. Sulawesi Utara,Kota Manado,P,S3,21,110.0,26.033253304453346,17.423912994816853,17.455485974440574,21.907813265455207,18.746547953822645,15.629095294243607,14.799182603064407
2238,Prov. Sulawesi Utara,Kota Manado,P,Sp-1,36,273.0,64.60980138287057,60.804585358167316,68.73374876281329,96.16078738251855,59.82066449141506,63.683869597906806,66.16188198794472
2239,Prov. Sulawesi Utara,Kota Tomohon,L,D3,47,135.0,31.9499017827382,34.78244090098935,31.625107675969797,32.11612697129416,33.44209866354182,46.20056226897023,46.8553030116301
2240,Prov. Sulawesi Utara,Kota Tomohon,L,Profesi,5,15.0,3.549989086970911,11.730527017030248,8.450360307718288,6.884345460147884,13.506113050318652,4.323995632432005,5.602716183398468
2241,Prov. Sulawesi Utara,Kota Tomohon,L,S1,425,3666.0,867.6173328556906,444.5513855434803,357.7159489436628,319.9727134843956,405.38256824712636,475.3512926884871,504.53495150381605
2242,Prov. Sulawesi Utara,Kota Tomohon,L,S3,3,42.0,9.93996944351855,3.859616868518564,3.0523956212382264,3.1591807801280396,6.641171763857383,6.069600760639626,7.666790162661732
2243,Prov. Sulawesi Utara,Kota Tomohon,P,D3,147,373.0,88.27639529600998,107.94613010560771,96.77716827443756,98.51616686709184,105.42755310412342,99.89191138231416,93.92931310084788
2244,Prov. Sulawesi Utara,Kota Tomohon,P,Profesi,57,71.0,16.80328167832898,81.27532601235232,66.09429964578227,61.448664929090846,64.4630663905376,51.63191815731826,58.4345201744246
2245,Prov. Sulawesi Utara,Kota Tomohon,P,S1,615,4499.0,1064.760060152142,669.5273342726482,555.8054064361547,520.4398879233644,591.7957294240649,710.882703079889,764.956696860889
2246,Prov. Sulawesi Utara,Kota. Kotamobagu,L,Profesi,18,20.0,4.733318782627881,14.436989766227974,9.478463307180588,7.759299814608876,13.105701310766573,10.56089357152582,10.072163453434994
2247,Prov. Sulawesi Utara,Kota. Kotamobagu,L,S1,68,2682.0,634.7380487503989,291.73184355116706,208.82032981887681,186.88457245201792,213.21517276025997,351.318835927016,339.1674612263955
2248,Prov. Sulawesi Utara,Kota. Kotamobagu,P,D3,37,307.0,72.65644331333797,89.847663558503,76.918882757092,82.27759413419118,64.04885396764851,48.849284905391166,58.32807897375136
2249,Prov. Sulawesi Utara,Kota. Kotamobagu,P,Profesi,62,59.0,13.963290408752249,53.79000103214695,36.972339340296564,32.13263213560123,34.27249982866246,41.36576320490134,45.70385931813179
2250,Prov. Sulawesi Utara,Kota. Kotamobagu,P,S1,162,3371.0,797.8008808119293,450.19182878533957,332.8935103517231,311.591870866471,273.8892376986455,432.2834947039327,461.4476372574805
2251,Prov. Sumatera Barat,Kab. Agam,L,Profesi,327,141.0,31.69786458071732,256.3009295869034,177.60513907954916,168.18629297110678,361.65725168079183,487.77024669888914,509.4406939093333
2252,Prov. Sumatera Barat,Kab. Agam,L,S1,565,3410.0,766.5937462428798,746.6047122345765,605.8195207862426,587.8787780041046,602.4117118931786,641.2469114973716,639.7196465289951
2253,Prov. Sumatera Barat,Kab. Agam,L,S2,71,220.0,49.45766104792773,94.38349814765513,82.39049161270553,78.56316866203764,74.69426549811139,82.95225972833373,116.12929503288585
2254,Prov. Sumatera Barat,Kab. Agam,L,S3,3,60.0,13.488453013071199,12.768338897357328,11.316579542607741,13.935441840543266,11.733644403505892,9.243031344225235,8.282549596308288
2255,Prov. Sumatera Barat,Kab. Agam,P,Profesi,1369,380.0,85.42686908278426,742.179386671516,509.6690656802774,477.9872004067874,826.8324468494116,1057.1826001198046,1120.0677527826126
2256,Prov. Sumatera Barat,Kab. Agam,P,S1,1612,7630.0,1715.281608162221,1885.2138364200405,1538.0744292826982,1504.6843812750362,1839.3079500940391,1273.1683191300965,1441.4666255460613
2257,Prov. Sumatera Barat,Kab. Agam,P,S2,87,230.0,51.70573655010626,109.35319212203166,95.4670115528982,91.17239267879259,83.05617694566745,80.24269487516945,118.61845376261572
2258,Prov. Sumatera Barat,Kab. Agam,P,S3,3,33.0,7.41864915718916,7.561148205291907,6.645187364930149,8.110189168141401,6.63856416852807,6.615167575752944,5.118727879096985
2259,Prov. Sumatera Barat,Kab. Dharmas Raya,L,Profesi,9,11.0,2.4728830523963863,14.282661210787355,10.580353775456206,9.996602375797943,24.059005803735822,4.422547905512478,5.434407989999203
2260,Prov. Sumatera Barat,Kab. Dharmas Raya,L,S1,110,700.0,157.3652851524973,116.10620761056097,102.59282537040325,101.53930572751052,121.98216904820066,104.72498133993155,96.00693011587875
2261,Prov. Sumatera Barat,Kab. Dharmas Raya,L,S2,17,29.0,6.519418956317746,9.405147974850115,8.924785607441514,8.667344847484008,7.164765002176311,6.771052444485219,5.919433424430214
2262,Prov. Sumatera Barat,Kab. Dharmas Raya,P,D3,24,43.0,9.666724659367693,8.979816787720415,7.213841275555244,6.2885095778425,5.027788863001907,9.01381233581908,8.797205504100136
2263,Prov. Sumatera Barat,Kab. Dharmas Raya,P,Profesi,42,46.0,10.341147310021253,76.77228568729895,59.422313614741526,59.3385838322056,74.53016624484792,28.173360302168568,42.60622836549681
2264,Prov. Sumatera Barat,Kab. Dharmas Raya,P,S1,401,1906.0,428.48319071522843,377.30130026639165,341.6236519969202,348.37097060422616,404.1430401340876,286.97083529816587,317.67621558013764
2265,Prov. Sumatera Barat,Kab. Dharmas Raya,P,S2,12,30.0,6.7442265065355995,12.517268154963016,12.413979675935026,12.74607262323909,10.160699856374213,7.629033469122126,6.2503741945420055
2266,Prov. Sumatera Barat,Kab. Lima Puluh Koto,L,D3,103,351.0,78.90745012646651,112.82881459212729,102.57422275252148,107.22130079157088,112.40915937549316,78.26065416545646,100.13602731295605
2267,Prov. Sumatera Barat,Kab. Lima Puluh Koto,L,D4,158,726.0,163.21028145816152,155.96849917148788,139.76586474368943,152.6472271008722,140.80862206610004,125.6463404951503,137.19372624673588
2268,Prov. Sumatera Barat,Kab. Lima Puluh Koto,P,D2,2,2.0,0.4496151004357066,1.0221025032839608,0.8047863898943263,0.7649177391548049,0.8704736381888816,2.879808719753953,2.699726745011666
2269,Prov. Sumatera Barat,Kab. Lima Puluh Koto,P,D3,133,337.0,75.76014442341656,120.76591182263041,110.52511378363306,116.29515064937965,136.35522874387007,65.92295183876895,95.19584111547287
2270,Prov. Sumatera Barat,Kab. Lima Puluh Koto,P,D4,160,684.0,153.76836434901168,161.93093674535118,144.97447154112857,158.31603278100147,195.68335952405974,115.87522304170895,124.58789621381659
2271,Prov. Sumatera Barat,Kab. Padang Pariaman,L,D3,104,384.0,86.32609928365568,123.60827015346645,113.94054757364539,121.60964056720695,89.00455473920019,85.95244341604656,100.09087726137763
2272,Prov. Sumatera Barat,Kab. Padang Pariaman,L,D4,47,165.0,37.0932457859458,34.57792351639329,31.1218070487133,34.34146788851868,33.09074263391791,27.806201438961548,22.549530278054476
2273,Prov. Sumatera Barat,Kab. Padang Pariaman,L,S1,37,208.0,46.75997044531349,38.54889251036701,34.50350462208984,35.90966855716011,31.928353847485553,44.41628333216146,40.338736693141804
2274,Prov. Sumatera Barat,Kab. Padang Pariaman,P,D3,10,42.0,9.44191710914984,14.925077053812636,13.743344011529794,14.670365606612936,22.22830489858273,12.500670713514367,13.19361195856822
2275,Prov. Sumatera Barat,Kab. Padang Pariaman,P,D4,24,82.0,18.43421911786397,18.948135156182538,17.03044039035031,18.786785829891798,21.060254638164494,13.365108431685458,8.741861297148509
2276,Prov. Sumatera Barat,Kab. Padang Pariaman,P,S1,200,937.0,210.64467455412856,192.28574105172123,171.79061455539045,178.83138572561091,192.45573516060028,199.709618880795,163.17703927853614
2277,Prov. Sumatera Barat,Kab. Pasaman,L,S1,18,181.0,40.69016658943145,37.1508332020701,31.948366244809968,34.596468757088985,36.15304260191992,25.54574226305585,30.47040806775309
2278,Prov. Sumatera Barat,Kab. Pasaman,P,S1,39,325.0,73.06245382080233,71.94717743325917,61.383820145571136,65.9215284018836,51.041217051819416,46.47913807138569,66.26126164457565
2279,Prov. Sumatera Barat,Kab. Pasaman Barat,L,S1,89,925.0,207.9469839515143,104.2573679886025,84.87414174023124,74.47431298703108,116.54595712117666,104.21607124849062,111.42198911321744
2280,Prov. Sumatera Barat,Kab. Pasaman Barat,P,D3,19,100.0,22.48075502178533,31.722927288441568,29.806388523151174,30.86460314278979,27.751139316088818,30.878255629772543,30.875600297612305
2281,Prov. Sumatera Barat,Kab. Pasaman Barat,P,S1,154,1374.0,308.88557399933046,194.0252358159026,163.79353810284812,150.49673085591303,191.75913775845638,176.7741759525834,205.88284688358448
2282,Prov. Sumatera Barat,Kab. Pesisir Selatan,L,S1,69,426.0,95.7680163928055,75.95007373418692,69.71967714840491,72.77554378334263,75.09611484785003,71.13458603502002,58.61849921354513
2283,Prov. Sumatera Barat,Kab. Pesisir Selatan,P,S1,96,699.0,157.14047760227947,131.16760191828075,118.59911829952478,121.68922715705183,135.31533045558194,129.18161696291085,112.40768577560148
2284,Prov. Sumatera Barat,Kab. Sawahlunto/ Sijunjung,L,S1,7,42.0,9.44191710914984,5.5875609054450175,4.227702102884729,3.9116268986496916,5.992649897107439,8.227867871639711,8.229013296913514
2285,Prov. Sumatera Barat,Kab. Sawahlunto/ Sijunjung,P,S1,11,77.0,17.310181366774707,12.332759423841322,9.563167495450234,9.132152794274573,13.161828910733458,19.89674154354938,20.89996905167017
2286,Prov. Sumatera Barat,Kab. Solok,L,S1,12,71.0,15.961336065467584,14.325894420296056,12.257707265314538,13.19160555307337,9.842342359612903,15.801221606691117,15.430173668535174
2287,Prov. Sumatera Barat,Kab. Solok,P,S1,5,55.0,12.364415261981932,12.266987877874218,10.489048273671035,11.29501518604596,11.4322996591703,11.55158707135537,12.989665815632613
2288,Prov. Sumatera Barat,Kab. Solok Selatan,L,S1,33,136.0,30.57382682962805,24.205707742838527,20.88940687303638,21.87944849077617,18.368310037176432,14.246838563365925,8.202556814156768
2289,Prov. Sumatera Barat,Kab. Solok Selatan,P,S1,66,267.0,60.02361590816683,53.25459955680247,45.69251769975431,47.861848401705245,44.19411541138095,40.30568355162547,40.96048793398954
2290,Prov. Sumatera Barat,Kab. Tanah Datar,L,D3,20,40.0,8.992302008714132,8.293068382019792,6.913755740381519,6.161153404921414,12.152785989387992,12.638236575704733,14.513506792356443
2291,Prov. Sumatera Barat,Kab. Tanah Datar,L,Profesi,743,187.0,42.03901189073857,310.4541888254295,249.51355206916193,254.8931289074928,1061.2501568159169,260.4985699103407,262.4275292898327
2292,Prov. Sumatera Barat,Kab. Tanah Datar,L,S1,430,2579.0,579.7786720118437,463.97870987649185,423.2395474540647,426.3829134312032,443.9093079708869,446.6676167292285,409.1896426620261
2293,Prov. Sumatera Barat,Kab. Tanah Datar,L,S2,72,226.0,50.80650634923485,68.58061686410669,64.38740246874953,60.36620799551487,102.81304777090142,89.61104709092226,102.4595081767396
2294,Prov. Sumatera Barat,Kab. Tanah Datar,P,D3,5,11.0,2.4728830523963863,3.2298159359419336,2.8950757197496144,2.824353133269198,4.308484534463785,3.12823918011886,5.4942713004142965
2295,Prov. Sumatera Barat,Kab. Tanah Datar,P,Profesi,1034,407.0,91.4966729386663,725.5267041466595,577.7475329531617,584.371960949012,863.3268000263662,576.0323739388435,728.9414231005916
2296,Prov. Sumatera Barat,Kab. Tanah Datar,P,S1,1459,5988.0,1346.1476107045057,1247.5369115313374,1152.9749326404392,1182.033991302487,1302.244206092617,1132.2721592575433,1113.6900778522665
2297,Prov. Sumatera Barat,Kab. Tanah Datar,P,S2,109,283.0,63.62053671165249,100.00156580523392,95.27827812598383,91.08674496446274,151.4534863177094,92.82081594879907,99.95117950760365
2298,Prov. Sumatera Barat,Kota Bukittinggi,L,D3,58,259.0,58.22515550642401,63.16419389680024,60.67712013433919,59.99518547685439,65.5601775045257,67.15038254611257,58.50844099181607
2299,Prov. Sumatera Barat,Kota Bukittinggi,L,D4,1,16.0,3.596920803485653,3.348227625275567,3.4072997144418804,3.8501750957326797,2.34171151964458,4.07051304448566,3.317152295595133
2300,Prov. Sumatera Barat,Kota Bukittinggi,L,Profesi,29,41.0,9.217109558931986,43.58730787622574,33.73193759482202,30.663566755740185,67.2111831092353,20.088723882447646,30.42389202014844
2301,Prov. Sumatera Barat,Kota Bukittinggi,L,S1,197,1634.0,367.33553705597234,213.95448110039135,195.45998463766023,183.71806563210802,186.91179939698847,293.4553135846764,289.28040497277243
2302,Prov. Sumatera Barat,Kota Bukittinggi,L,S2,64,182.0,40.9149741396493,49.30351834124144,49.165748738590345,46.27317393991546,53.15592961549375,35.37452037825818,49.88609182693572
2303,Prov. Sumatera Barat,Kota Bukittinggi,P,D3,296,880.0,197.83064419171092,277.58696682209137,279.13138846799046,292.36180897691037,286.71216594091436,232.04835768933395,229.19637094467691
2304,Prov. Sumatera Barat,Kota Bukittinggi,P,D4,14,53.0,11.914800161546225,12.051916814067877,12.194655583835564,13.702736269919908,8.626695998915318,10.353193794328742,10.40551204702312
2305,Prov. Sumatera Barat,Kota Bukittinggi,P,Profesi,637,636.0,142.9776019385547,930.3363163664537,767.5510924568915,755.8850837678575,969.8948029470373,718.5795873640385,719.1691136772822
2306,Prov. Sumatera Barat,Kota Bukittinggi,P,S1,1215,5166.0,1161.3558044254303,915.3696363992606,888.3604719781607,899.8878367159011,1067.6300772050831,996.6037376851483,962.5161329621297
2307,Prov. Sumatera Barat,Kota Bukittinggi,P,S2,100,279.0,62.721306510781076,87.7631241281322,88.74061247047248,85.07705955627598,93.71199775916992,77.18038043936254,78.19815277057944
2308,Prov. Sumatera Barat,Kota Padang,L,D2,10,13.0,2.9224981528320932,4.451676210292375,3.600730048651212,3.184467094705938,2.7953166610263898,4.002240949598289,6.154597966725455
2309,Prov. Sumatera Barat,Kota Padang,L,D3,1923,7491.0,1684.0333586819393,1985.8341465078258,1921.3285353841538,1949.2682842480303,1919.1624679846127,2086.867761537341,2032.9660674366269
2310,Prov. Sumatera Barat,Kota Padang,L,D4,766,4223.0,949.3622845699946,777.9344747035598,751.2294447501158,808.1393460227614,692.4624836928696,759.4856795379293,717.9953477959166
2311,Prov. Sumatera Barat,Kota Padang,L,Profesi,8124,1780.0,400.1574393877789,2472.09561787112,2021.7490612686631,2008.3618395926349,1686.068411024181,1763.4986177373814,1505.933032552873
2312,Prov. Sumatera Barat,Kota Padang,L,S1,10220,64914.0,14593.15731484173,9521.270010189326,8929.443364404993,8759.70257639497,10569.311254644914,13088.24686072362,10533.369878970445
2313,Prov. Sumatera Barat,Kota Padang,L,S2,1114,3045.0,684.5389904133633,902.6602994079672,902.765155751463,870.6786648771243,739.3381864899844,784.8817027737678,932.0810326499684
2314,Prov. Sumatera Barat,Kota Padang,L,S2 Terapan,3,24.0,5.39538120522848,8.314477638046085,7.041449967485656,5.707319718691948,5.23763939767804,9.173940383033816,8.559449085001928
2315,Prov. Sumatera Barat,Kota Padang,L,S3,205,1107.0,248.86195809116361,157.5161108886514,158.40260683474202,194.95370475802983,146.8839300333938,221.43067201130876,203.84003206738157
2316,Prov. Sumatera Barat,Kota Padang,L,Sp-1,69,332.0,74.6361066723273,65.23373401111735,76.40935543416087,108.76255951863173,58.54900648017916,89.49577797615144,77.57568533138992
2317,Prov. Sumatera Barat,Kota Padang,P,D3,3449,10385.0,2334.626409012407,3201.5844873673964,3129.954454072551,3228.851389364286,3102.0157965374988,2710.3612692989136,3017.158000922755
2318,Prov. Sumatera Barat,Kota Padang,P,D4,1353,6479.0,1456.5281178614716,1328.1738520705117,1287.9428720755454,1392.108302061937,1180.5580869234307,1414.7295942752578,1337.1658132217842
2319,Prov. Sumatera Barat,Kota Padang,P,Profesi,22625,5758.0,1294.4418741543993,8891.844584549082,7279.829612732035,7251.506762463047,5399.787852361816,5048.300502871027,5102.574890241219
2320,Prov. Sumatera Barat,Kota Padang,P,S1,19681,90515.0,20348.45540796899,16766.975193106842,16600.936528242066,17262.38589595031,19115.487180158754,18925.825473156805,17779.03048265688
2321,Prov. Sumatera Barat,Kota Padang,P,S2,1543,3722.0,836.7337019108501,1354.6424610924194,1396.5239152773286,1400.0365810575736,1081.6379410042512,1117.256148319104,1185.3236802264514
2322,Prov. Sumatera Barat,Kota Padang,P,S2 Terapan,4,19.0,4.271343454139213,7.039220947618345,5.899584560337496,4.7276109229096015,4.831832610103482,8.249105223772968,7.340816914719998
2323,Prov. Sumatera Barat,Kota Padang,P,S3,196,1022.0,229.7533163226461,172.0143042373042,176.35984968532657,222.59108119298892,140.11447229091948,215.80603672372746,204.00613726896353
2324,Prov. Sumatera Barat,Kota Padang,P,Sp-1,54,291.0,65.41899711339532,62.65535685192886,73.15212218873988,103.86047245675553,54.510008116894,56.39825503386409,44.48274394586235
2325,Prov. Sumatera Barat,Kota Padang,P,Sp-2,1,2.0,0.4496151004357066,0.7472987821484988,0.8267769579475236,0.8325188937155414,0.548432569816659,3.1762034308992626,3.12828074334231
2326,Prov. Sumatera Barat,Kota Padang Panjang,L,D3,4,11.0,2.4728830523963863,2.8301975426682833,2.5474478321319283,2.547487927957926,2.3565992061197027,2.9288485568237284,3.530067393470143
2327,Prov. Sumatera Barat,Kota Padang Panjang,L,S1,258,1793.0,403.079937540611,298.3622544738788,272.1508175286995,278.21739147554825,265.6150189480076,305.0291517090048,289.6138825568252
2328,Prov. Sumatera Barat,Kota Padang Panjang,L,S2,24,82.0,18.43421911786397,23.455749031141288,21.92197233460976,20.873635925151383,21.134824373256937,21.984783619930315,25.6102468197696
2329,Prov. Sumatera Barat,Kota Padang Panjang,L,S2 Terapan,2,7.0,1.5736528515249733,2.7578827390122433,2.2911290744055215,1.9460147460879629,2.5614083205972866,2.284565835932622,2.5950357609407066
2330,Prov. Sumatera Barat,Kota Padang Panjang,P,D3,48,81.0,18.209411567646118,24.67614472836419,22.651198647238864,23.237725372565112,22.231004505118328,25.548410379148375,21.63470000937975
2331,Prov. Sumatera Barat,Kota Padang Panjang,P,D4,28,343.0,77.10898972472368,70.23046899082055,63.93766474817523,68.85889651704235,70.7937893912054,58.08301129014856,50.539628146876694
2332,Prov. Sumatera Barat,Kota Padang Panjang,P,S1,271,1841.0,413.87069995106793,352.82036792495427,325.4664213547324,337.8772801367968,344.1452350822431,354.108480928679,353.59970414572336
2333,Prov. Sumatera Barat,Kota Padang Panjang,P,S2,9,56.0,12.589222812199786,17.535732515914184,16.33132860565488,15.505087587925246,14.072893482072926,13.698391696088391,16.143300943179135
2334,Prov. Sumatera Barat,Kota Padang Panjang,P,S2 Terapan,1,5.0,1.1240377510892665,1.997111458758812,1.6162124106092441,1.3311586314478552,1.6937518591701692,2.3218666189016197,2.4353299969750433
2335,Prov. Sumatera Barat,Kota Pariaman,L,D3,3,19.0,4.271343454139213,3.8453355784858707,3.303043793838833,3.0654567417198204,5.421755217892074,3.6095558438790487,4.00604072620402
2336,Prov. Sumatera Barat,Kota Pariaman,L,Profesi,38,66.0,14.83729831437832,44.164220460212135,28.16645141018357,21.73902219448505,69.01366834575074,41.85382802614117,47.068986263119115
2337,Prov. Sumatera Barat,Kota Pariaman,L,S1,135,1024.0,230.2029314230818,149.85855550981768,134.18892301219034,132.20071469219442,155.9700734066303,174.15500350571415,158.4499762550975
2338,Prov. Sumatera Barat,Kota Pariaman,P,D3,35,180.0,40.465359039213595,51.26013585428336,47.25149915653435,47.89502344358777,59.15408147452389,37.4994802814053,47.690711743155546
2339,Prov. Sumatera Barat,Kota Pariaman,P,Profesi,252,461.0,103.63628065043038,391.8709676025493,260.22478275877387,211.36646462581157,411.86868336916825,164.31135172398768,273.9016500253295
2340,Prov. Sumatera Barat,Kota Pariaman,P,S1,611,2357.0,529.8713958634803,419.44355048109634,386.26538257431673,394.30913741477485,432.5411252795826,395.23200577731563,390.99246902636264
2341,Prov. Sumatera Barat,Kota Payakumbuh,L,D3,6,87.0,19.558256868953237,9.793169209676517,7.1909071888230365,5.294512645908868,7.370207565178476,10.538562087261063,12.285751899910805
2342,Prov. Sumatera Barat,Kota Payakumbuh,L,S1,130,849.0,190.86161013495746,111.2747144029086,97.50929259018949,90.29982120060234,94.02525044905252,108.97361786901445,111.78348676219466
2343,Prov. Sumatera Barat,Kota Payakumbuh,P,D3,4,34.0,7.6434567074070126,6.689460981156182,5.619699802292736,4.889030858107694,4.100590558731885,6.467797465319343,6.062571001546477
2344,Prov. Sumatera Barat,Kota Payakumbuh,P,S1,160,639.0,143.65202458920828,110.47630417207306,101.92808941917929,100.70520559649879,88.64339833081111,98.84582493500221,82.53113715934839
2345,Prov. Sumatera Barat,Kota Solok,L,D3,22,132.0,29.67459662875664,27.748599469767623,24.065616707384784,22.217164307798814,24.62056837139599,29.6222044680685,25.606484181524465
2346,Prov. Sumatera Barat,Kota Solok,L,S1,102,874.0,196.4817988904038,93.6202232168251,76.93758922800302,66.72191163723282,71.1588482440285,96.17705111363229,109.19204546989211
2347,Prov. Sumatera Barat,Kota Solok,P,D3,54,223.0,50.13208369858129,70.80544226415871,67.03969473934049,69.19989242736071,51.50372531005488,45.71858871847884,45.81759876903155
2348,Prov. Sumatera Barat,Kota Solok,P,S1,190,1312.0,294.94750588582355,194.66087852316147,169.42960206199893,158.75180159884133,165.5481057632186,155.36236513597228,188.23444149660534
2349,Prov. Sumatera Selatan,Kab. Banyuasin,L,S1,2,136.0,37.33771570026488,25.016348966090494,19.338301058928753,20.139829500569576,20.6676811112422,23.76281930167181,22.4715386574671
2350,Prov. Sumatera Selatan,Kab. Banyuasin,P,S1,12,128.0,35.14137948260224,26.07221807365562,20.51109065642519,21.996931573915333,24.05628991815242,28.25517605230977,25.49589284875142
2351,Prov. Sumatera Selatan,Kab. Lahat,L,S1,56,294.0,80.71535599910202,50.31616317189115,44.14406857954601,43.45577279644749,47.38163149032028,33.95450219066678,39.47817375175774
2352,Prov. Sumatera Selatan,Kab. Lahat,L,S2,44,49.0,13.45255933318367,17.300080127432278,14.850869395053634,14.545460248029482,18.142940380065784,7.248201688701435,5.744268793104992
2353,Prov. Sumatera Selatan,Kab. Lahat,P,S1,103,377.0,103.50234425735191,75.40672550147005,65.90626350219038,66.96680800531382,75.30475505925871,48.66995976042429,42.17480644529428
2354,Prov. Sumatera Selatan,Kab. Lahat,P,S2,40,63.0,17.29614771409329,24.824412732077963,21.62049669764562,21.813336998177487,26.327504370676245,13.834917007669645,15.199524309211908
2355,Prov. Sumatera Selatan,Kab. Muara Enim,L,D1,34,34.0,9.33442892506622,29.139595194119295,10.001480022253826,9.337102389891847,10.66297676410671,13.069832623577902,19.258515335691616
2356,Prov. Sumatera Selatan,Kab. Muara Enim,L,S1,56,404.0,110.91497899196332,59.18318900499686,54.02304463116506,54.37776677724535,64.26030184693866,59.064912417310964,56.38804372405611
2357,Prov. Sumatera Selatan,Kab. Muara Enim,L,S2,11,22.0,6.03992459857226,6.5468770348312555,5.844254438918535,5.859752609806824,8.16591075402785,4.620420020348635,3.60905610586968
2358,Prov. Sumatera Selatan,Kab. Muara Enim,P,D1,9,9.0,2.47087824487047,8.472952092746269,2.96893971108668,2.8532262644116173,2.7343755960533986,5.567545694592179,6.560676251902893
2359,Prov. Sumatera Selatan,Kab. Muara Enim,P,S1,114,434.0,119.15123980819821,81.74902932395568,71.62332455947488,74.71312847159288,98.06367055637187,58.853832123008324,60.11451136793576
2360,Prov. Sumatera Selatan,Kab. Muara Enim,P,S2,3,5.0,1.37271013603915,1.600110246638174,1.470424847894968,1.5163074519367952,1.9594544819214588,2.055430911425241,2.338184220797681
2361,Prov. Sumatera Selatan,Kab. Musi Banyu Asin,L,D3,23,83.0,22.786988258249888,23.99480488484443,19.31813072511768,19.46320902129587,20.491236430037524,27.591181700346823,27.069492881096483
2362,Prov. Sumatera Selatan,Kab. Musi Banyu Asin,L,S1,113,588.0,161.43071199820403,94.26019923926873,84.81436247660837,84.16900526481953,79.26183466542767,81.26942811442929,61.59746076017171
2363,Prov. Sumatera Selatan,Kab. Musi Banyu Asin,P,D3,24,85.0,23.33607231266555,28.56445870759157,22.963026136007596,23.873302664945886,21.292450774367193,27.72683673619485,27.59723260189657
2364,Prov. Sumatera Selatan,Kab. Musi Banyu Asin,P,S1,118,748.0,205.35743635145684,135.63091638588037,123.16930796970117,125.98361002742644,123.96043963280549,140.41701253782037,144.42085158226746
2365,Prov. Sumatera Selatan,Kab. Ogan Ilir,L,D3,91,572.0,157.03803956287877,177.01532521745253,139.89590602035497,139.1482307942987,115.54658630175457,152.2761398225999,166.32338102365412
2366,Prov. Sumatera Selatan,Kab. Ogan Ilir,L,Profesi,2805,499.0,136.99647157670717,653.3638872721192,525.0255319343333,488.1999639585159,753.0570441663451,602.7639237588091,465.8976657055891
2367,Prov. Sumatera Selatan,Kab. Ogan Ilir,L,S1,2481,13029.0,3577.008072490817,2655.0780243069566,2261.551590667083,2212.7866839556705,2025.7078062020123,2344.7537637968167,2082.02474436892
2368,Prov. Sumatera Selatan,Kab. Ogan Ilir,L,S2,296,937.0,257.2458794937367,337.72004093847806,300.1483985639479,289.96326209417833,282.80091607374965,228.2168623752394,260.35583108895383
2369,Prov. Sumatera Selatan,Kab. Ogan Ilir,L,S3,58,450.0,123.5439122435235,83.30923326604118,75.80442004194266,95.85300303550865,83.64928502124835,98.98283177406303,92.15466460460061
2370,Prov. Sumatera Selatan,Kab. Ogan Ilir,L,Sp-1,67,330.0,90.5988689785839,72.2091679490969,70.48026692173734,89.7309675169156,70.07565885584923,75.81725620128888,67.12607240657178
2371,Prov. Sumatera Selatan,Kab. Ogan Ilir,L,Sp-2,7,26.0,7.13809270740358,9.115855724112729,9.110231357937925,8.253396358675168,27.28499752080405,8.843312905946455,7.056383966240421
2372,Prov. Sumatera Selatan,Kab. Ogan Ilir,P,D3,122,807.0,221.5554159567188,304.84931697870513,238.03848228867432,244.24195213401882,210.49877525841165,173.6060004322311,168.65456528497148
2373,Prov. Sumatera Selatan,Kab. Ogan Ilir,P,Profesi,5712,1363.0,374.2007830842723,2038.5068377215125,1646.921296347863,1579.0656973094376,2027.7239687911492,1671.394863918387,1567.8236506650264
2374,Prov. Sumatera Selatan,Kab. Ogan Ilir,P,S1,4424,21704.0,5958.660158518742,5139.582163439157,4358.507555862544,4404.222221341747,4254.931237075748,4110.1023119777,3644.559436616749
2375,Prov. Sumatera Selatan,Kab. Ogan Ilir,P,S2,441,1231.0,337.96123549283874,541.395706987585,471.4040953859786,470.9035084482116,438.2921415192012,290.3977704151594,330.6529435601529
2376,Prov. Sumatera Selatan,Kab. Ogan Ilir,P,S3,61,354.0,97.18787763157182,80.94808112402764,71.81866701237742,93.95182292089258,68.27888103176265,76.62411611804063,71.83142707296965
2377,Prov. Sumatera Selatan,Kab. Ogan Ilir,P,Sp-1,72,379.0,104.05142831176757,90.32244061485565,90.3046599351826,118.3079525640465,79.54750214642517,83.47160986836951,87.22809122431691
2378,Prov. Sumatera Selatan,Kab. Ogan Ilir,P,Sp-2,12,23.0,6.31446662578009,8.858079531562547,9.037689336400678,8.428449509778657,25.982084901630433,8.534724256320477,5.187632502231157
2379,Prov. Sumatera Selatan,Kab. Ogan Komering Ilir,L,S1,136,1188.0,326.155928322902,182.66858773875325,172.17291628186814,170.04241402851324,165.47040003476164,209.11756261863275,172.56494923062357
2380,Prov. Sumatera Selatan,Kab. Ogan Komering Ilir,P,D3,15,48.0,13.178017305975839,15.893751023364306,13.243797287219959,13.718390152376266,16.242817436407464,11.522224187891748,14.060031944879315
2381,Prov. Sumatera Selatan,Kab. Ogan Komering Ilir,P,S1,179,1492.0,409.61670459408236,283.78935924846786,260.65675034366234,266.34593530808274,293.5000093097494,252.79643039233858,257.16764445292335
2382,Prov. Sumatera Selatan,Kab. Ogan Komering Ulu,L,D3,6,19.0,5.21629851694877,6.047711986733164,5.136627007137511,4.988299942116059,7.586564466341232,6.052735492829384,6.793544222831069
2383,Prov. Sumatera Selatan,Kab. Ogan Komering Ulu,L,S1,336,2037.0,559.2421094223497,330.926430845471,323.0654153007968,308.3198280747539,313.88345191836027,333.70760331831235,297.65674510981523
2384,Prov. Sumatera Selatan,Kab. Ogan Komering Ulu,L,S2,27,83.0,22.786988258249888,25.441780009019556,25.113867790399677,23.770025483133395,25.16840660152585,22.217059249590452,25.904586299145322
2385,Prov. Sumatera Selatan,Kab. Ogan Komering Ulu,P,D3,44,114.0,31.29779110169262,39.05118633836947,34.13441124021223,34.09376747991648,39.73603157728539,38.8152937236986,43.000899572207345
2386,Prov. Sumatera Selatan,Kab. Ogan Komering Ulu,P,Profesi,14,17.0,4.66721446253311,28.71376659376747,23.05570101017281,21.92106261719055,30.385957360669,10.506015261177925,7.8507116005489515
2387,Prov. Sumatera Selatan,Kab. Ogan Komering Ulu,P,S1,477,2594.0,712.162018577111,512.323707829167,489.7285800373436,483.4744591091491,515.1172297554834,471.0377046430844,498.2252888198734
2388,Prov. Sumatera Selatan,Kab. Ogan Komering Ulu,P,S2,31,106.0,29.10145488402998,41.38320580934982,39.35486197510451,38.58680078406044,32.487666854197194,43.30713158811086,47.480696655002845
2389,Prov. Sumatera Selatan,Kab. Ogan Komering Ulu Timur,L,S1,499,2581.0,708.5929722234092,351.3968879131235,325.26150607633565,332.1067772375424,310.841469028151,269.2037100168673,281.6131567215154
2390,Prov. Sumatera Selatan,Kab. Ogan Komering Ulu Timur,L,S2,36,67.0,18.39431582292461,12.283317971881065,13.112298389393851,13.090783054061164,12.116897393886736,13.522404406448608,13.730473099599424
2391,Prov. Sumatera Selatan,Kab. Ogan Komering Ulu Timur,P,S1,602,3169.0,870.0236842216133,529.4084314007982,478.17836316157707,505.22951107249605,451.38319900944265,382.7971102219697,439.15484695970576
2392,Prov. Sumatera Selatan,Kab. Ogan Komering Ulu Timur,P,S2,44,59.0,16.19797960526197,14.871923014013088,14.842963687877916,15.400934405679124,16.045619132917373,15.70808018963514,17.598716257010683
2393,Prov. Sumatera Selatan,Kab. Penukal Abab Lematang Ilir,L,S1,4,30.0,8.2362608162349,2.9086625138000453,3.107006261196335,2.992618113575591,2.1594793129743963,5.5047529492300455,5.017136385434269
2394,Prov. Sumatera Selatan,Kab. Penukal Abab Lematang Ilir,P,S1,7,45.0,12.35439122435235,5.18055318533602,5.47982063309185,5.45132974612383,4.232165338209688,11.323280056359815,11.340737141190644
2395,Prov. Sumatera Selatan,Kota Lubuk Linggau,L,D3,4,6.0,1.6472521632469799,1.0428308105592878,1.1265049677546242,1.0841139312838288,1.3051966602886986,2.1196460537432342,1.6589058423022567
2396,Prov. Sumatera Selatan,Kota Lubuk Linggau,L,Profesi,450,234.0,64.24283436663222,352.2279447640398,280.3012237636542,263.0196597668234,224.38793207677426,297.91575301260855,291.5507384239618
2397,Prov. Sumatera Selatan,Kota Lubuk Linggau,L,S1,580,3634.0,997.6857268732542,575.9431533906783,569.4211060872208,552.0786095672731,519.7101120006042,524.1837487569486,514.6228323567016
2398,Prov. Sumatera Selatan,Kota Lubuk Linggau,L,S2,68,207.0,56.83019963202081,67.94397045343734,65.51677843052288,63.24045164413415,70.86478200795693,55.58739892381394,67.01159961766223
2399,Prov. Sumatera Selatan,Kota Lubuk Linggau,P,D3,30,86.0,23.61061433987338,26.767372511630903,24.375189063360583,24.655757853069076,27.904080135633176,22.321445709236336,22.597157894889662
2400,Prov. Sumatera Selatan,Kota Lubuk Linggau,P,Profesi,2046,1096.0,300.8980618197817,1810.270628143961,1471.3358801200154,1421.1578595816736,1006.1794764474221,1101.994619908055,1072.1570623036741
2401,Prov. Sumatera Selatan,Kota Lubuk Linggau,P,S1,1024,5289.0,1452.052781902213,1014.7370878824656,983.0926019264355,986.0489713255632,1009.072365340841,943.1940658372802,940.8560237889267
2402,Prov. Sumatera Selatan,Kota Lubuk Linggau,P,S2,67,168.0,46.12306057091544,65.14829366654507,62.33034855697678,62.12639160887339,57.697849047124265,58.60577324386265,62.19307328988762
2403,Prov. Sumatera Selatan,Kota Pagar Alam,L,S1,154,639.0,175.43235538580336,93.76492411315205,90.83647433277233,87.72878194385142,110.30817882116956,80.08843710547066,54.793296705573425
2404,Prov. Sumatera Selatan,Kota Pagar Alam,P,S1,425,1063.0,291.83817492192327,200.70425081169742,186.9362541894183,187.0049306887306,225.513374977041,168.47039701450177,155.75337625422097
2405,Prov. Sumatera Selatan,Kota Palembang,L,D3,1628,5327.0,1462.4853789361105,1496.2956507681943,1409.9164013444329,1421.9529503614883,1319.6968425289074,1248.1603552833683,1186.2888984762378
2406,Prov. Sumatera Selatan,Kota Palembang,L,D4,595,3142.0,862.6110494870019,563.641052331521,545.7641491742614,592.5704231338188,509.34607618576166,652.4511955243937,585.3892166289193
2407,Prov. Sumatera Selatan,Kota Palembang,L,Profesi,1793,619.0,169.94151484164678,852.7780897882911,739.7308771194095,710.0025107223951,546.3659604712078,752.7995634589083,819.1787175084306
2408,Prov. Sumatera Selatan,Kota Palembang,L,S1,5234,35673.0,9793.737736584919,4824.587511050167,5291.428498984526,5246.411268776776,4971.451234391077,8433.728368366328,5386.35989373211
2409,Prov. Sumatera Selatan,Kota Palembang,L,S2,818,2085.0,572.4201267283255,549.4353491560962,607.926727208057,596.8875005645582,593.9815164730093,517.518709451437,643.829238123797
2410,Prov. Sumatera Selatan,Kota Palembang,L,S2 Terapan,2,8.0,2.19633621766264,2.8547110984125807,2.985721591656377,2.3846502542211057,2.859400127318685,3.478949573860148,3.819603472403527
2411,Prov. Sumatera Selatan,Kota Palembang,L,S3,39,198.0,54.35932138715034,24.70299857591471,28.891639274355676,37.000720967806075,30.540639787303597,24.524581119163464,27.382377920253163
2412,Prov. Sumatera Selatan,Kota Palembang,P,D3,2764,8943.0,2455.2293493196235,2827.257379422453,2693.9209140558437,2799.7218973747244,2695.6491457411357,2742.9613943887307,2864.898314027643
2413,Prov. Sumatera Selatan,Kota Palembang,P,D4,1106,4583.0,1258.2261106934848,912.7276023560115,908.552709091485,1012.804269997572,862.7747469394932,949.3205389006027,893.0382945226535
2414,Prov. Sumatera Selatan,Kota Palembang,P,Profesi,7488,2774.0,761.5795834745204,4154.453745388604,3693.6263373318698,3647.9540057611825,2416.793181262371,3381.726168485564,3963.014750634725
2415,Prov. Sumatera Selatan,Kota Palembang,P,S1,9090,45052.0,12368.667409767157,7682.3696676640475,8115.410181176194,8341.517968402828,8106.107037597231,12035.385741050462,8593.596747621754
2416,Prov. Sumatera Selatan,Kota Palembang,P,S2,910,1941.0,532.886074810398,630.5513436621686,680.7896270224751,691.4728692246965,673.7686642008324,535.9268463677327,654.3694166622946
2417,Prov. Sumatera Selatan,Kota Palembang,P,S2 Terapan,3,3.0,0.8236260816234899,1.3607031403427112,1.3721545923391871,1.1351815480397598,0.9314533956339974,1.8188594196579515,1.8205592953238732
2418,Prov. Sumatera Selatan,Kota Palembang,P,S3,13,79.0,21.68882014941857,11.749724253751957,13.586760228264914,17.974396310023263,14.015969237043514,13.543157157817388,13.119364947953775
2419,Prov. Sumatera Selatan,Kota Prabumulih,L,D3,62,246.0,67.53733869312617,62.67874598092202,56.8622590793398,54.927484831901474,57.86073936525889,57.24488542998073,50.23353750255101
2420,Prov. Sumatera Selatan,Kota Prabumulih,L,S1,48,473.0,129.85837886930358,64.57049550286109,66.35572629506532,63.04370537458535,53.94232302616363,55.03790553844111,42.60220319955367
2421,Prov. Sumatera Selatan,Kota Prabumulih,P,D3,26,166.0,45.573976516499776,52.25639125523732,46.21939353980026,46.19040619895019,50.688301083647566,48.45157172985713,37.585319548524886
2422,Prov. Sumatera Selatan,Kota Prabumulih,P,S1,132,777.0,213.3191551404839,140.32907092533398,136.87794299466373,134.93486772479724,132.83178485375169,131.19697222871397,144.99316583167334
2423,Prov. Sumatera Utara,Kab. Asahan,L,D3,1,22.0,4.946063969408381,7.105257269802056,7.025002997115488,7.551974200747077,7.354756900152999,7.527912924541947,7.603158834115556
2424,Prov. Sumatera Utara,Kab. Asahan,L,Profesi,456,211.0,47.437249888416744,345.35529612834176,287.93524449125005,297.19400671253516,471.7393441359991,457.54256170012866,466.82052597472705
2425,Prov. Sumatera Utara,Kab. Asahan,L,S1,647,5495.0,1235.3918869045024,650.597819893624,593.8590266605563,541.5293203427461,737.6098332634522,564.3757166539712,617.2807582830135
2426,Prov. Sumatera Utara,Kab. Asahan,L,S2,9,49.0,11.016233386409576,13.199265353937399,12.618971535150658,11.715580073319106,16.592656267606205,15.907411047871417,22.257727088109856
2427,Prov. Sumatera Utara,Kab. Asahan,P,D3,50,132.0,29.676383816450286,40.983602694612244,39.447580242073265,40.64860558679837,67.17249319537633,46.05472719911858,44.68850065616745
2428,Prov. Sumatera Utara,Kab. Asahan,P,Profesi,2219,1249.0,280.80154080868493,2089.799747434514,1717.2513027797395,1732.411433158252,3944.8408886611564,1347.020348065976,1281.7614147366592
2429,Prov. Sumatera Utara,Kab. Asahan,P,S1,1466,7414.0,1666.8235576906245,1234.5272230563323,1184.0890238944664,1167.5792088708076,1224.3162946777938,1238.60060673113,1228.6667935728608
2430,Prov. Sumatera Utara,Kab. Asahan,P,S2,5,14.0,3.147495253259879,5.066554875130755,5.043308535507225,4.9906952041977135,4.937098960867265,3.3407268941120782,2.36313260725856
2431,Prov. Sumatera Utara,Kab. Batubara,P,S1,15,2.0,0.44964217903712556,0.40580888362958023,0.32461224339341777,0.356644356179115,0.4550735993573311,1.6293525255785017,2.1186743465859013
2432,Prov. Sumatera Utara,Kab. Dairi,L,S1,57,800.0,179.85687161485023,65.93529544541869,49.764465376359006,40.98690136589367,35.42729158181502,68.7253644245986,74.193919641495
2433,Prov. Sumatera Utara,Kab. Dairi,P,S1,147,1235.0,277.65404555542506,107.67204592187377,80.64666912794861,65.62861608838452,54.261719384479235,78.93825035588759,84.14939083709126
2434,Prov. Sumatera Utara,Kab. Deli Serdang,L,D3,79,806.0,181.2057981519616,144.55282223172983,130.70151257489454,119.81518615350629,150.71971773418488,144.28980663847375,155.3319886867387
2435,Prov. Sumatera Utara,Kab. Deli Serdang,L,D4,100,769.0,172.88741783977477,115.35277855990277,116.94878651286147,121.36829104966012,131.2663420021701,102.00641428774584,98.74009738566559
2436,Prov. Sumatera Utara,Kab. Deli Serdang,L,Profesi,256,329.0,73.96613845160715,328.37919417573795,255.1268000026676,231.3200608788893,373.42589779321503,257.6481517564425,272.4607051579216
2437,Prov. Sumatera Utara,Kab. Deli Serdang,L,S1,1860,11075.0,2489.8935664180826,1510.1882837798887,1459.5095693282867,1430.4658860569793,1729.015004626769,1655.2526650289872,1619.4702244109822
2438,Prov. Sumatera Utara,Kab. Deli Serdang,L,S2,196,687.0,154.45208849925262,171.18809324363124,165.81952688698414,154.33919416662144,172.71845090093757,160.0136486908772,166.97507357814462
2439,Prov. Sumatera Utara,Kab. Deli Serdang,L,S3,10,47.0,10.56659120737245,8.634272264742494,9.811277166809635,13.879938367614011,10.652339129600431,5.10968730860495,4.774860466564283
2440,Prov. Sumatera Utara,Kab. Deli Serdang,P,D3,201,957.0,215.1537826692646,231.78774520247345,218.4369319006238,213.78558148827554,275.57791731016863,244.0733035324927,256.94246898439957
2441,Prov. Sumatera Utara,Kab. Deli Serdang,P,D4,420,1634.0,367.3576602733316,298.344144092691,308.66535117323235,330.21737450386996,367.79165554110494,413.63582352251905,385.58829509377745
2442,Prov. Sumatera Utara,Kab. Deli Serdang,P,Profesi,2032,2428.0,545.8656053510704,2909.093678521012,2300.63549127955,2145.373253742304,2693.4758173002924,2157.666048870726,3076.939999205474
2443,Prov. Sumatera Utara,Kab. Deli Serdang,P,S1,4025,19848.0,4462.248984764434,3350.0791225836874,3315.783681144313,3373.3018144795037,3997.8427480422647,3379.6784480429656,3515.266987965981
2444,Prov. Sumatera Utara,Kab. Deli Serdang,P,S2,338,1234.0,277.4292244659065,329.3189647287463,317.3514803909537,292.99973905346076,307.2591102291037,268.58848666235167,351.4526941596393
2445,Prov. Sumatera Utara,Kab. Deli Serdang,P,S3,2,26.0,5.8453483274826326,4.958059444746163,5.569903150696802,7.739111094151527,5.010397148039881,6.119611938352063,4.883476517931208
2446,Prov. Sumatera Utara,Kab. Humbang Hasudutan,L,D3,9,23.0,5.1708850589269435,7.072311120174892,5.550604018265125,6.1557036977078345,7.5028796503009,6.228965359756197,6.201427625824414
2447,Prov. Sumatera Utara,Kab. Humbang Hasudutan,L,S1,2,21.0,4.721242879889818,3.907890156311382,3.1308418919200753,3.4480777472994086,4.054440606415056,6.059956088236074,5.77741193345937
2448,Prov. Sumatera Utara,Kab. Humbang Hasudutan,P,D3,34,123.0,27.65299401078322,39.5592761794363,30.741551130046446,33.565330977883505,35.40706081619745,27.581290320597798,38.029141063194025
2449,Prov. Sumatera Utara,Kab. Humbang Hasudutan,P,S1,7,44.0,9.892127938816762,8.42370127126327,6.660059914962586,7.183631079866766,7.1903685921721,7.905197608929492,7.951022161187729
2450,Prov. Sumatera Utara,Kab. Karo,L,D3,26,87.0,19.559434788114963,22.261846519442614,18.859197056533652,19.320359902853333,19.79379142912895,17.754127622684656,23.954311827971434
2451,Prov. Sumatera Utara,Kab. Karo,L,Profesi,1,5.0,1.1241054475928138,7.965231193168216,5.930139055870664,6.226244382819341,11.51604598600441,3.6157688873057756,3.4267044647521527
2452,Prov. Sumatera Utara,Kab. Karo,L,S1,111,876.0,196.94327441826098,112.03947688497175,93.23834574745841,89.27367372775184,94.2057712500439,115.2412673687142,134.5889204617976
2453,Prov. Sumatera Utara,Kab. Karo,P,D3,76,261.0,58.67830436434488,79.53312463769416,68.47377157272305,71.96406420983307,83.81787587821826,64.34632803234547,63.73377763664749
2454,Prov. Sumatera Utara,Kab. Karo,P,Profesi,1,5.0,1.1241054475928138,8.684941289322731,6.455916968868623,6.761978227192793,11.102367810737205,3.607167222295332,3.639888187714453
2455,Prov. Sumatera Utara,Kab. Karo,P,S1,209,1197.0,269.11084415371965,172.85674909002708,144.63642788497162,139.69074016068603,145.2649983558587,152.59289193207212,146.9985159528059
2456,Prov. Sumatera Utara,Kab. Labuhan Batu,L,D3,9,105.0,23.60621439944909,11.925305404398426,9.1937599930604,7.243778817227493,9.542861245607478,9.770777283881275,8.95549104607014
2457,Prov. Sumatera Utara,Kab. Labuhan Batu,L,Profesi,241,248.0,55.75563020060357,128.3606885219091,81.68757892562084,59.74912692357596,75.15720544691247,53.0379026544905,67.75385173662893
2458,Prov. Sumatera Utara,Kab. Labuhan Batu,L,S1,589,4640.0,1043.1698553661313,660.7348257937327,602.031005661847,594.6148496983265,700.5069572304502,670.7385841944684,561.685658715158
2459,Prov. Sumatera Utara,Kab. Labuhan Batu,L,S2,32,146.0,32.823879069710166,56.894238479778984,56.34193109675961,60.03693116757348,45.093406866184196,40.292369701299485,45.932735663235
2460,Prov. Sumatera Utara,Kab. Labuhan Batu,P,D3,52,229.0,51.484029499750875,53.356311790163105,46.628439480865104,44.78453555926374,56.632727341875565,50.698645639692025,45.57445854095764
2461,Prov. Sumatera Utara,Kab. Labuhan Batu,P,Profesi,956,975.0,219.20056228059872,555.3073363010968,353.49321523307896,258.6862203148269,296.58375241680625,186.0343400723544,152.82050109748863
2462,Prov. Sumatera Utara,Kab. Labuhan Batu,P,S1,887,5327.0,1197.6219438653839,945.1132648925008,883.1546477062888,907.8734010039993,896.1493900194881,874.1089617458367,827.6363465557433
2463,Prov. Sumatera Utara,Kab. Labuhan Batu,P,S2,13,65.0,14.613370818706581,27.618322131848096,27.307710366709138,29.028633405840473,19.509463773434,28.389908593047533,29.038660666990435
2464,Prov. Sumatera Utara,Kab. Labuhan Batu Utara,L,S1,8,26.0,5.8453483274826326,4.385109065802794,3.4444690736219963,3.676986193850231,3.8345852712230286,5.714534149845465,5.492380345502232
2465,Prov. Sumatera Utara,Kab. Labuhan Batu Utara,P,S1,41,67.0,15.063012997743707,10.812053945251087,8.260026850284628,8.439398674536855,11.844454661135295,13.325843058745612,13.147027954449904
2466,Prov. Sumatera Utara,Kab. Langkat,L,D3,1,21.0,4.721242879889818,6.179357389880754,5.5734118165739694,5.995455359562278,5.714235158707743,5.793172139677736,6.283150861418091
2467,Prov. Sumatera Utara,Kab. Langkat,L,Profesi,1,16.0,3.5971374322970044,21.61226462419549,16.114326048171385,16.129376730949264,14.549794252447724,8.93947941538905,12.575190484773623
2468,Prov. Sumatera Utara,Kab. Langkat,L,S1,140,1400.0,314.74952532598786,246.06865194468674,225.9604682574691,240.38591793305523,203.86345864799097,192.00638753535344,185.295130974461
2469,Prov. Sumatera Utara,Kab. Langkat,P,D3,58,467.0,104.99144880516882,156.64554983420274,142.33031279536436,154.90883929925204,136.91446232700773,124.55886823448753,135.67814865762662
2470,Prov. Sumatera Utara,Kab. Langkat,P,Profesi,5,42.0,9.442485759779636,66.24402758403883,49.99842849348237,51.02115702603654,44.42891842845152,36.89606857478018,36.45505212585789
2471,Prov. Sumatera Utara,Kab. Langkat,P,S1,454,3097.0,696.2709142389889,616.2935804045926,569.3393645698477,611.4869134299242,545.6930926258591,519.870770878184,505.16471462859613
2472,Prov. Sumatera Utara,Kab. Mandailing Natal,L,S1,130,1170.0,263.0406747367185,155.14149323708676,138.08510797590432,131.182269078154,160.4172976466515,107.56238543147548,125.25166698182507
2473,Prov. Sumatera Utara,Kab. Mandailing Natal,P,D3,65,214.0,48.111713156972435,71.37051522156263,66.43752705398786,70.47966233243514,62.3068251400159,53.56405848992548,31.496871841851842
2474,Prov. Sumatera Utara,Kab. Mandailing Natal,P,S1,349,2249.0,505.6226303272477,366.99228170217344,334.15902856930103,329.081148903099,379.3164979174465,335.69542187492806,350.08079380754015
2475,Prov. Sumatera Utara,Kab. Nias Barat,L,S1,12,44.0,9.892127938816762,8.388172000439312,8.210956529566882,8.212701937268506,6.8225999253365135,8.841526665649873,9.373414893570766
2476,Prov. Sumatera Utara,Kab. Nias Barat,P,S1,14,65.0,14.613370818706581,14.173333893700466,13.986031214852854,14.168690995219912,14.40886720867138,17.608006924747674,17.273476314127326
2477,Prov. Sumatera Utara,Kab. Nias Selatan,L,D3,2,44.0,9.892127938816762,4.357647213943516,3.153627904791484,2.311334795414311,3.719235261104439,9.392690680253063,10.440656075294825
2478,Prov. Sumatera Utara,Kab. Nias Selatan,L,S1,212,2793.0,627.9253030253458,237.2334202875605,187.96491964622692,152.8006082830405,108.01043543090161,268.0498058884289,262.4118683126879
2479,Prov. Sumatera Utara,Kab. Nias Selatan,P,D3,9,40.0,8.99284358074251,5.998478135846484,4.629767305164532,3.7565741607330603,3.335479680448639,9.760245264271552,10.722867577169783
2480,Prov. Sumatera Utara,Kab. Nias Selatan,P,S1,369,2704.0,607.9162260581937,306.2170615368674,252.22819719874047,218.02027122733924,326.39442663845693,258.04740645239906,278.34915400373603
2481,Prov. Sumatera Utara,Kab. Padang Lawas,L,S1,40,313.0,70.36900101931015,21.989156963573325,14.966906221350678,11.894915837898067,15.079595489676988,23.167233620407387,31.180651044704383
2482,Prov. Sumatera Utara,Kab. Padang Lawas,P,S1,171,844.0,189.74899955366698,63.12623426045942,42.69496484134873,33.59490913295696,40.10286615467094,65.02326531815018,69.09491273912319
2483,Prov. Sumatera Utara,Kab. Padang Lawas utara,L,S1,174,485.0,109.03822841650295,67.02949405460058,56.916754522015744,56.4239720582461,59.76552459867342,47.345837491201095,48.10883927400167
2484,Prov. Sumatera Utara,Kab. Padang Lawas utara,P,D3,101,255.0,57.32937782723351,83.4565653124213,73.22450352667086,79.52504713591074,87.81507675720071,61.304113746686944,56.230694303615245
2485,Prov. Sumatera Utara,Kab. Padang Lawas utara,P,Profesi,9,29.0,6.519811596038321,39.961874372889554,28.48659055329084,28.00858459828546,29.22108899381164,21.39352206471174,20.490340737159094
2486,Prov. Sumatera Utara,Kab. Padang Lawas utara,P,S1,209,772.0,173.56188110833045,121.90451325151763,104.3269491194185,104.71653640816889,110.73182605591487,118.8479267776739,118.96777991514986
2487,Prov. Sumatera Utara,Kab. Simalungun,L,D3,31,233.0,52.38331385782513,33.957788549927685,26.301053101086808,22.543517532004422,29.32165280575193,18.77433880928956,19.646980562713065
2488,Prov. Sumatera Utara,Kab. Simalungun,L,S1,167,747.0,167.94135387036638,134.94399322955053,123.2096743851991,131.64702249318555,113.72803690090817,119.54795437462035,100.45823947954024
2489,Prov. Sumatera Utara,Kab. Simalungun,L,S2,5,43.0,9.6673068492982,16.18035594271605,15.204227321010633,16.105095329871112,13.417443557240357,13.554168533892602,18.15426788182343
2490,Prov. Sumatera Utara,Kab. Simalungun,P,D3,35,339.0,76.21434934679279,66.96593597426529,54.09875159240087,49.56317560459366,56.779652276347335,44.741926482947235,67.81411844921782
2491,Prov. Sumatera Utara,Kab. Simalungun,P,S1,410,1824.0,410.0736672818585,370.07522937353497,339.381934027039,365.1647723241172,324.32666983079474,287.78218430433554,338.840215195677
2492,Prov. Sumatera Utara,Kab. Simalungun,P,S2,17,62.0,13.938907550150892,25.14668746732726,23.53845085591868,24.78255431837923,21.29377759702969,19.900468440919052,22.384328366926663
2493,Prov. Sumatera Utara,Kab. Tapanuli Selatan,L,S1,35,501.0,112.63536584879995,74.57991638306738,60.97850564390832,60.4367287130884,72.91488602245683,59.85291661709806,59.50680232238421
2494,Prov. Sumatera Utara,Kab. Tapanuli Selatan,P,S1,58,419.0,94.2000365082778,72.35653770118299,59.80819110192359,60.30780138935345,83.6984952390736,64.26455930873267,58.11280129426607
2495,Prov. Sumatera Utara,Kab. Tapanuli Tengah,L,S1,36,398.0,89.47879362838799,54.042064568510135,44.32594583090105,44.4253221311609,32.49439207527631,40.754366144817084,48.29914275504684
2496,Prov. Sumatera Utara,Kab. Tapanuli Tengah,P,S1,57,585.0,131.52033736835924,102.50976165500877,86.83843734945748,91.59039818908973,70.28230087188017,70.29665742605177,72.1177680427558
2497,Prov. Sumatera Utara,Kab. Tapanuli Utara,L,D3,31,100.0,22.48210895185628,30.91933040078685,29.53303967471413,31.4690485962794,27.329412218042197,28.45940873371017,24.55880601714837
2498,Prov. Sumatera Utara,Kab. Tapanuli Utara,L,S1,288,1873.0,421.08990066826806,268.5878210888864,248.25551139369907,241.43633548761017,256.70005018496363,231.0867241985228,231.04473724267288
2499,Prov. Sumatera Utara,Kab. Tapanuli Utara,L,S2,22,135.0,30.350847085005974,33.63997380247896,30.856630762489722,28.088153385365402,33.31151867437287,25.374584495801685,24.206575739476612
2500,Prov. Sumatera Utara,Kab. Tapanuli Utara,L,S3,5,60.0,13.489265371113767,6.620532991424103,6.430882857170071,7.5693499089447345,13.171877689834476,7.346298690488648,7.284364324446758
2501,Prov. Sumatera Utara,Kab. Tapanuli Utara,P,D3,102,284.0,63.84918942327183,92.57446330729312,87.6914291247806,92.22507443455753,75.6275565797213,68.18377322666187,76.5853551592239
2502,Prov. Sumatera Utara,Kab. Tapanuli Utara,P,S1,475,2608.0,586.3334014644117,422.4343206676091,392.6226469376684,385.2091202766919,390.8486456358456,400.33169109844954,382.0809116419797
2503,Prov. Sumatera Utara,Kab. Tapanuli Utara,P,S2,21,137.0,30.8004892640431,36.44125673744408,33.232266841595155,29.975475984743536,32.37372320654783,24.31548904059764,30.57334722389156
2504,Prov. Sumatera Utara,Kab. Tapanuli Utara,P,S3,9,38.0,8.543201401705385,4.109775822721087,3.9014738094572317,4.428903021965093,11.6422938950238,5.210199814138269,4.514961245531224
2505,Prov. Sumatera Utara,Kab. Toba Samosir,L,D3,76,261.0,58.67830436434488,81.01446738124983,76.98762699341118,84.46172995346295,71.04516207099273,61.96093088718441,69.58212378759421
2506,Prov. Sumatera Utara,Kab. Toba Samosir,L,D4,24,150.0,33.723163427784414,29.58957461899772,29.874486337993606,34.334794725902604,35.23344804362401,23.94629642849889,21.72663055643798
2507,Prov. Sumatera Utara,Kab. Toba Samosir,L,S1,86,509.0,114.43393456494846,95.783331332133,92.88186432414565,100.69642509358223,64.4247430787569,85.32221380775931,76.72909376742568
2508,Prov. Sumatera Utara,Kab. Toba Samosir,P,D3,189,570.0,128.1480210255808,192.628843344105,182.6070437122837,198.8540534792585,168.9951434889211,157.02019272812595,176.1254502188523
2509,Prov. Sumatera Utara,Kab. Toba Samosir,P,D4,33,127.0,28.552278368857472,27.186951331320014,27.42359904277055,31.780189319590836,30.972864200175643,19.064104419526668,14.492484883248169
2510,Prov. Sumatera Utara,Kab. Toba Samosir,P,S1,249,936.0,210.43253978937477,178.23740609281737,170.0551156108255,180.0433408000498,137.5426594903127,189.49895431170307,145.8895609640734
2511,Prov. Sumatera Utara,Kota Binjai,L,D3,33,76.0,17.08640280341077,17.55883934827268,15.302770273520311,15.482053142592727,16.854477490434764,21.405007040479987,22.900595916948973
2512,Prov. Sumatera Utara,Kota Binjai,L,S1,292,2591.0,582.5114429425962,280.3014077145568,236.8635413091239,219.49722891893063,223.1722427032193,294.3495671228377,270.1482081137446
2513,Prov. Sumatera Utara,Kota Binjai,P,D3,92,374.0,84.08308747994248,110.46982189964467,99.25980562107674,105.46445803537256,106.6112821889944,105.68414482275702,123.75546431068115
2514,Prov. Sumatera Utara,Kota Binjai,P,S1,742,5329.0,1198.071586044421,746.9676357620008,652.408364513129,636.7612582713758,679.6596383115038,665.6474309846558,677.5960898617057
2515,Prov. Sumatera Utara,Kota Gunung Sitoli,L,D3,5,34.0,7.643917043631134,5.609391293299033,4.31070787929766,3.86147637116948,5.485675329756655,10.323254086905237,8.69887859238769
2516,Prov. Sumatera Utara,Kota Gunung Sitoli,L,S1,452,3201.0,719.6523075489195,400.9236415195706,329.1561823760099,314.63414442578517,297.48802262804725,331.39699038775944,361.0558936429148
2517,Prov. Sumatera Utara,Kota Gunung Sitoli,P,D3,8,216.0,48.56135533600956,66.98524569370251,57.33597098527689,60.89650104885497,63.965342953319784,52.54278528222086,29.605063927173138
2518,Prov. Sumatera Utara,Kota Gunung Sitoli,P,S1,606,2919.0,656.2527603046848,515.7488942266609,445.2084521352205,460.67538907163265,444.5342674913735,448.570911809341,432.2165168623512
2519,Prov. Sumatera Utara,Kota Medan,L,D1,3,6.0,1.3489265371113768,2.8604069848054485,1.217211878741131,0.9669735460752638,2.5307639792459886,3.257558504692264,5.172390315463672
2520,Prov. Sumatera Utara,Kota Medan,L,D3,2519,10799.0,2427.8429457109596,2758.259162631748,2927.7604216017776,3026.672915700513,2832.299057776066,2494.3103563214645,2449.362797978966
2521,Prov. Sumatera Utara,Kota Medan,L,D4,786,4952.0,1113.3140352959228,898.3362913481611,1033.798461931948,1141.4710765748018,874.4969285922236,1037.2430827136,900.2850583800596
2522,Prov. Sumatera Utara,Kota Medan,L,Profesi,10412,10078.0,2265.7469401680755,14704.778214603586,13502.151034532842,14078.60034902113,16961.08425116312,8698.077662110145,10304.95262279477
2523,Prov. Sumatera Utara,Kota Medan,L,S1,15039,106770.0,24004.147727896947,13837.341102499035,14475.379964229927,14078.949518165928,14440.712509926454,17028.609000548084,16449.618168264424
2524,Prov. Sumatera Utara,Kota Medan,L,S2,2543,7944.0,1785.9787351354628,2178.1813450766344,2350.616772698833,2264.3798309673753,2526.6929550603945,1684.8525804104854,2284.171648021019
2525,Prov. Sumatera Utara,Kota Medan,L,S2 Terapan,16,65.0,14.613370818706581,18.87111239747,18.293136273228544,15.7633916474059,22.794512363184708,17.264180093164967,24.135584305429
2526,Prov. Sumatera Utara,Kota Medan,L,S3,338,1335.0,300.13615450728133,192.44194954303376,227.63466064109144,299.39669804947664,239.19745818999513,236.89938923292726,205.9549694181952
2527,Prov. Sumatera Utara,Kota Medan,L,Sp-1,125,547.0,122.97713596665383,93.20110688733087,123.2954749187814,173.24014488429458,113.85254033280182,128.39700477257705,113.4421185546836
2528,Prov. Sumatera Utara,Kota Medan,P,D1,3,5.0,1.1241054475928138,3.814235390701058,1.7503314797402552,1.5665831710426281,2.7736452358029484,2.9450022306285613,4.036718205251037
2529,Prov. Sumatera Utara,Kota Medan,P,D3,4243,15064.0,3386.7048925076297,4568.8841482774715,4925.974057883164,5221.100611137466,5027.858017712813,3782.117520512119,3925.5878048395275
2530,Prov. Sumatera Utara,Kota Medan,P,D4,1149,6484.0,1457.7399444383611,1336.8499658630308,1548.9013550643936,1728.785815802868,1490.3295894457347,1697.55345531006,1447.4622567210292
2531,Prov. Sumatera Utara,Kota Medan,P,Profesi,34802,33078.0,7436.63199909502,52269.23286089805,47891.32660020542,50001.96721418027,54308.623948527726,21898.20069119664,23520.15337656903
2532,Prov. Sumatera Utara,Kota Medan,P,S1,27103,130216.0,29275.30299274917,22124.675064911487,23983.898447222033,24701.97089722349,25631.844162354715,21406.78772761499,23948.750008040784
2533,Prov. Sumatera Utara,Kota Medan,P,S2,2541,6944.0,1561.1576456169,2313.8578077239194,2548.0350010129255,2534.2727107996034,2593.155337722592,2210.9511469759273,2219.464747158777
2534,Prov. Sumatera Utara,Kota Medan,P,S2 Terapan,13,38.0,8.543201401705385,14.284887839947167,14.311299208507423,12.991679955678272,15.744991701978405,11.385764216042332,11.551235665841201
2535,Prov. Sumatera Utara,Kota Medan,P,S3,209,1033.0,232.24018547267534,175.28406876036559,210.22429674492253,282.61292700876936,206.5302358345471,194.4216133909432,192.09034758340016
2536,Prov. Sumatera Utara,Kota Medan,P,Sp-1,133,531.0,119.37999853435683,94.36689351621483,123.53774091907019,170.74279957222495,124.61792164859833,124.51187752861831,108.76065791734993
2537,Prov. Sumatera Utara,Kota Medan,P,Sp-2,1,16.0,3.5971374322970044,5.686449636597835,6.981477009274603,6.561431702433756,4.029949331768613,6.0720812324879585,5.142602136085979
2538,Prov. Sumatera Utara,Kota Padang Sidempuan,L,D3,1,14.0,3.147495253259879,4.070812540764784,4.006255922189068,4.221056840879231,4.1468685178383256,3.9450827499049095,5.02901197511691
2539,Prov. Sumatera Utara,Kota Padang Sidempuan,L,Profesi,1055,640.0,143.88549729188017,1000.7871917226857,840.5007303913588,866.418953447401,1270.4429769136825,907.4462654561046,871.9949439124937
2540,Prov. Sumatera Utara,Kota Padang Sidempuan,L,S1,882,7948.0,1786.878019493537,1265.4765247370826,1246.1331095005924,1263.940314435978,1257.6779253506147,1375.8870723926186,1227.907564366719
2541,Prov. Sumatera Utara,Kota Padang Sidempuan,L,S2,89,288.0,64.74847378134608,108.27238180533362,112.51438990354852,117.64915400982487,99.96994129572344,81.69189885637013,88.613119595081
2542,Prov. Sumatera Utara,Kota Padang Sidempuan,P,D3,148,591.0,132.8692639054706,195.32729541126383,193.53971590553934,206.12584553605254,186.30487881712813,185.47197001945895,199.01741128289882
2543,Prov. Sumatera Utara,Kota Padang Sidempuan,P,Profesi,4854,3055.0,686.8284284792093,5190.075936198635,4348.904152370864,4467.114217014783,6956.1615092938855,4091.1386614865155,3925.8102590292224
2544,Prov. Sumatera Utara,Kota Padang Sidempuan,P,S1,2982,14785.0,3323.9798085319508,2807.361009602697,2810.169388906495,2924.7135416497704,3184.758917888266,2973.910740479405,2845.508020657853
2545,Prov. Sumatera Utara,Kota Padang Sidempuan,P,S2,148,402.0,90.37807798646223,160.11422997807597,165.17223666572298,170.73066443784424,145.07691030898945,115.07514369230385,116.67113561696641
2546,Prov. Sumatera Utara,Kota Pematang Siantar,L,D3,83,438.0,98.47163720913049,76.39461928364742,63.9061392657083,56.75375021598641,107.21232150721714,59.43349412624467,70.59494967424202
2547,Prov. Sumatera Utara,Kota Pematang Siantar,L,Profesi,119,214.0,48.111713156972435,350.17176604658863,279.52738121845596,289.74947850894483,330.7403164679673,658.2572478386808,595.6056556702775
2548,Prov. Sumatera Utara,Kota Pematang Siantar,L,S1,768,6432.0,1446.0492477833957,846.5630496080596,756.2496237390973,719.6474493175807,724.9651478249867,864.5933084761448,897.3940344920014
2549,Prov. Sumatera Utara,Kota Pematang Siantar,L,S2,75,227.0,51.03438732071375,63.07270674329371,58.097380632494726,54.70857997478496,64.36259174784978,70.71634576358048,64.19758018441141
2550,Prov. Sumatera Utara,Kota Pematang Siantar,P,D3,143,506.0,113.75947129639276,115.7434581144971,100.32330627385349,94.24059693166775,98.41570129570964,126.80984309510926,121.03935259821652
2551,Prov. Sumatera Utara,Kota Pematang Siantar,P,Profesi,552,1099.0,247.0783773809005,1963.3933000319646,1565.2737281522818,1619.2917415787597,1621.2266718026556,1474.6406615720225,1183.7542572396364
2552,Prov. Sumatera Utara,Kota Pematang Siantar,P,S1,1130,7159.0,1609.4941798633909,1196.3693357535653,1100.9435668447736,1102.4928159708377,1156.4642138706545,1287.469836555723,1392.4698298470348
2553,Prov. Sumatera Utara,Kota Pematang Siantar,P,S2,74,164.0,36.8706586810443,53.28045611043914,49.693490652885956,47.72813096509681,58.18429800365842,56.92974125005196,56.38702253609669
2554,Prov. Sumatera Utara,Kota Sibolga,L,D3,9,13.0,2.9226741637413163,2.9920803165943393,2.4685629405941687,2.483267578971608,2.3015143088551664,4.457521434063034,5.398266851244085
2555,Prov. Sumatera Utara,Kota Sibolga,L,S1,99,771.0,173.3370600188119,84.56745953098718,67.88568049866147,62.867758712537366,57.46956986839578,104.71199181020266,92.49159364867391
2556,Prov. Sumatera Utara,Kota Sibolga,P,D3,50,85.0,19.109792609077836,22.86492564456028,19.099394090293995,19.59365587249031,18.237332060713936,20.12167462437823,21.521693691157935
2557,Prov. Sumatera Utara,Kota Sibolga,P,S1,244,1346.0,302.6091864919855,190.11641759939582,157.5533002069734,153.4426959475604,137.80958282184284,173.30761044358226,152.6759230332659
2558,Prov. Sumatera Utara,Kota Tanjung Balai,L,S1,19,319.0,71.71792755642153,27.81193689478898,21.244286179491628,18.32707290674096,18.370009363557568,25.063564672463958,34.99134364330417
2559,Prov. Sumatera Utara,Kota Tanjung Balai,P,D3,8,68.0,15.287834087262269,12.770886094664382,9.890000814346209,9.070468971056142,16.13468412615201,16.675049699484894,18.924847962255303
2560,Prov. Sumatera Utara,Kota Tanjung Balai,P,S1,87,919.0,206.61058126755918,93.18409695289522,71.99507953869178,63.24019809135456,66.40903058764573,83.29817542032289,81.9968708342449
2561,Prov. Sumatera Utara,Kota Tebing Tinggi,L,D3,4,36.0,8.09355922266826,4.981415065629127,3.706350576920282,3.1349949068635405,2.627311673892432,8.205124765836704,8.401663302153384
2562,Prov. Sumatera Utara,Kota Tebing Tinggi,L,S1,143,1440.0,323.7423689067304,192.37291820937864,160.47447093345204,156.31490949074265,169.45337379782808,175.76377496400283,153.81667970086815
2563,Prov. Sumatera Utara,Kota Tebing Tinggi,L,S2,12,26.0,5.8453483274826326,10.045984569772571,9.21217593957109,9.871781478232661,9.742460814275434,4.535870207975726,3.9297522486053316
2564,Prov. Sumatera Utara,Kota Tebing Tinggi,P,D3,14,46.0,10.341770117853887,11.174110643737707,9.155788044770485,9.150761373986219,10.79520884993776,14.783881287560286,15.309973419352806
2565,Prov. Sumatera Utara,Kota Tebing Tinggi,P,S1,360,2500.0,562.0527237964069,436.37044834208825,376.9131285030363,388.05326823665825,464.30642132487543,461.0867194699574,452.71828468537444
2566,Prov. Sumatera Utara,Kota Tebing Tinggi,P,S2,9,27.0,6.070169417001195,10.347072604483788,9.295067249591293,9.642638801974718,11.792954319557001,4.281018836094927,3.974330041589524
