row_id,provinsi_pt,kabupaten_pt,jk,nm_jenj_didik,jumlah_lulusan,jumlah_terdaftar,ExposureRateBaseline,NB2_Offset,PoissonRate,TweedieRate,HistGBPoissonRate,RandomForestLogCount,ExtraTreesLogCount
0,Prov. Aceh,Kab. Aceh Barat,L,D2,21,149.0,34.49639531376751,58.085184113931085,44.006100898769084,37.9731346607378,36.571189355023,42.8933960181085,46.79648159191641
1,Prov. Aceh,Kab. Aceh Barat,L,Profesi,35,85.0,19.679151689062003,107.27714780335126,86.40757991763402,84.95521902702957,73.9283477071947,100.03543672359743,84.03524678092865
2,Prov. Aceh,Kab. Aceh Barat,L,S1,554,4231.0,979.5587152520158,684.9592376965933,632.3823664834586,658.021436595123,709.2500634477026,642.0927248879005,573.7488452688245
3,Prov. Aceh,Kab. Aceh Barat,L,S2,5,66.0,15.280282487977555,22.284155686083107,21.414881623064023,22.391260891107912,21.199718689583467,23.553081505750797,21.1737202570937
4,Prov. Aceh,Kab. Aceh Barat,P,D2,4,26.0,6.019505222536613,9.332553086339821,6.351176174600792,5.137882900587198,5.01851918620094,7.800386877176059,10.037832845152929
5,Prov. Aceh,Kab. Aceh Barat,P,D3,14,19.0,4.398869201084448,6.444794727604085,6.283648850478911,6.961844939012463,4.299888073754639,7.03023669246799,7.118056819383115
6,Prov. Aceh,Kab. Aceh Barat,P,Profesi,55,151.0,34.95943417703956,208.04745720438217,165.2053150291112,162.19048316054906,135.49318862625904,128.85480274661495,124.42204612471276
7,Prov. Aceh,Kab. Aceh Barat,P,S1,1464,7356.0,1703.0569391145893,1377.8212651855283,1294.4713777728173,1373.587314266879,1469.8807475893698,1159.560147208511,1207.3048777723013
8,Prov. Aceh,Kab. Aceh Barat,P,S2,4,43.0,9.955335560349013,17.60400758902588,17.662959808143317,19.17259967046153,15.747214169814988,14.492840293701736,15.062571465293905
9,Prov. Aceh,Kab. Aceh Barat Daya,L,S1,26,345.0,79.87420391442814,38.976181523302095,25.5789240730649,23.30268170274136,40.41917101150911,27.748920327367497,27.488199292028643
10,Prov. Aceh,Kab. Aceh Barat Daya,P,S1,75,754.0,174.56565145356177,100.66501641704122,68.05800526162265,64.17119761340184,83.6390770750687,105.67789754447122,114.97286009190968
11,Prov. Aceh,Kab. Aceh Besar,L,D3,340,1451.0,335.93469530387017,388.91720310436983,345.057035543471,367.3505314218437,371.2369393641797,335.37513095218105,386.8863769634782
12,Prov. Aceh,Kab. Aceh Besar,L,D4,59,313.0,72.46558210207537,51.12065775674867,45.670893537392224,51.11271119259246,52.86511368090636,33.05862034704946,41.08102138976755
13,Prov. Aceh,Kab. Aceh Besar,L,Profesi,33,120.0,27.78233179632283,112.73837940414319,75.15786620861954,67.13231780777855,85.30190439502813,93.43516473212081,92.3175873463329
14,Prov. Aceh,Kab. Aceh Besar,L,S1,339,4502.0,1042.300481225378,617.3425233466211,506.10267721482103,500.56472130658983,636.7885520162449,744.3663500253423,657.8520941654242
15,Prov. Aceh,Kab. Aceh Besar,L,S2,10,94.0,21.762826573786214,23.3498393050062,18.453352631772102,17.452926426563227,27.842050657795113,21.919579195879983,25.52612755607976
16,Prov. Aceh,Kab. Aceh Besar,P,D3,1119,4509.0,1043.9211172468304,1259.9842881191687,1074.6953973080913,1123.124667132599,1265.458315902193,883.9964862992042,808.7166647815957
17,Prov. Aceh,Kab. Aceh Besar,P,D4,460,1573.0,364.18006596346504,274.5593458571584,239.02645242544077,265.01754268492857,288.0258427753066,388.6272665224547,493.28749394591324
18,Prov. Aceh,Kab. Aceh Besar,P,Profesi,96,331.0,76.6329318715238,405.10908170718926,293.2489200946929,279.2501265306343,287.11570178838133,269.88689794134444,279.9001682507338
19,Prov. Aceh,Kab. Aceh Besar,P,S1,480,3582.0,829.3026041202364,639.656247940121,569.6951213952968,604.8071914449812,673.2860985820658,688.1515702359902,683.9729545088953
20,Prov. Aceh,Kab. Aceh Besar,P,S2,3,18.0,4.167349769448424,5.87907316221555,5.070637842018313,5.130352443491549,6.615512667186655,5.169272190829667,5.631653583476274
21,Prov. Aceh,Kab. Aceh Jaya,L,S1,9,106.0,24.541059753418498,18.51694874875948,13.935402530509233,15.896545907106939,10.024635607709902,19.7373901293105,15.327143788072366
22,Prov. Aceh,Kab. Aceh Jaya,P,S1,40,149.0,34.49639531376751,29.888431789358325,22.79651780578272,26.45752344667127,22.551868061072287,14.865808839363275,19.534959546285293
23,Prov. Aceh,Kab. Aceh Selatan,L,S1,20,435.0,100.71095276167026,59.99456412227727,45.06100063700059,42.33064913839092,54.90148578060251,51.27559980448825,48.66931004336784
24,Prov. Aceh,Kab. Aceh Selatan,P,S1,72,433.0,100.24791389839821,59.03914833138383,41.41054371243593,37.44315920002865,43.13661936983766,43.00717586211142,42.10891654438315
25,Prov. Aceh,Kab. Aceh Singkil,L,D3,7,28.0,6.48254408580866,7.433688567972084,5.994628523366413,6.457932131219346,7.306418049413373,6.600276725695021,8.914835590828528
26,Prov. Aceh,Kab. Aceh Singkil,L,S1,46,515.0,119.23250729255214,60.06116931610395,41.165714952482,38.829090871713085,54.012749584665485,43.47757711075271,27.929501571178243
27,Prov. Aceh,Kab. Aceh Singkil,P,D3,40,108.0,25.004098616690545,33.323089147091025,27.41397673600907,30.181113708644762,34.722823201280356,35.74779618392379,34.681359229914584
28,Prov. Aceh,Kab. Aceh Singkil,P,S1,94,619.0,143.3105281826986,85.28524190758006,60.16101411591497,58.264506452394514,83.75132022171191,68.33193306811563,66.70133157301574
29,Prov. Aceh,Kab. Aceh Tamiang,L,S1,93,1664.0,385.2483342423432,257.5568122680065,183.4215955296587,196.71488097949037,291.49798617720404,263.08591361041454,234.89234098618735
30,Prov. Aceh,Kab. Aceh Tamiang,P,S1,51,1282.0,296.80791135738224,193.41633070380522,127.64238455311707,131.07287657467333,212.2207956416346,150.91674143424328,183.85189418462141
31,Prov. Aceh,Kab. Aceh Tengah,L,D4,11,48.0,11.11293271852913,5.256129012974243,3.652160836571842,3.441525217799787,13.141390667964442,9.349697385565543,9.174220306553751
32,Prov. Aceh,Kab. Aceh Tengah,L,Profesi,346,70.0,16.20636021452165,104.20204667744552,86.44373184151907,89.409159555979,122.85369703634974,69.94146685128486,59.516264395963326
33,Prov. Aceh,Kab. Aceh Tengah,L,S1,209,2486.0,575.5573070471546,233.54825846050628,150.60401172431625,125.79780823996916,117.39835910667665,255.05212016027502,226.46764507201428
34,Prov. Aceh,Kab. Aceh Tengah,L,S2,3,207.0,47.92452234865688,46.099009669239024,33.21114871724961,29.453728021910873,78.09334537049213,47.32028811315777,74.67128411878993
35,Prov. Aceh,Kab. Aceh Tengah,P,D4,5,14.0,3.24127204290433,1.8472049123549814,1.3354889865564674,1.3034222765588162,2.3593660755867094,2.6085391199131926,1.9914098431053437
36,Prov. Aceh,Kab. Aceh Tengah,P,Profesi,1010,146.0,33.80183701885944,250.02496322303776,210.42268213624567,221.5820104729764,191.7462184474604,127.22785146784167,160.62905390075676
37,Prov. Aceh,Kab. Aceh Tengah,P,S1,246,2611.0,604.4972360016575,300.84197386243926,203.81873411727267,177.49036899091044,274.4494108393878,250.03203248138988,230.75436695690212
38,Prov. Aceh,Kab. Aceh Tengah,P,S2,13,260.0,60.195052225366126,79.37753898940802,63.849242591104506,61.520215806660595,55.42010845287792,72.01288442796512,87.57709124930821
39,Prov. Aceh,Kab. Aceh Tenggara,L,Profesi,9,47.0,10.881413286893107,71.12942664815414,57.18312266395351,63.34646424722791,73.08495878645684,32.966588796917044,32.64944372146752
40,Prov. Aceh,Kab. Aceh Tenggara,L,S1,453,2651.0,613.7580132670985,411.7211106156655,335.58924867634266,359.48051197974365,497.07178599090196,354.92567786784804,339.68256859071374
41,Prov. Aceh,Kab. Aceh Tenggara,P,D3,53,186.0,43.06261428430038,61.46600785499388,53.39766421814927,61.72129094833043,53.89678581008053,54.78109416814842,44.20466255447309
42,Prov. Aceh,Kab. Aceh Tenggara,P,Profesi,6,62.0,14.354204761433461,102.1165944855013,80.79740570449466,89.27238500155977,85.05207235542579,48.75256947594059,53.13339217286824
43,Prov. Aceh,Kab. Aceh Tenggara,P,S1,472,2554.0,591.3006283984042,462.62733340359864,385.43186611853537,422.49168290121986,630.8542513306722,432.4953438325827,425.6894682427875
44,Prov. Aceh,Kab. Aceh Timur,L,D3,2,140.0,32.4127204290433,19.50770513916449,10.7754094440833,8.929690902680433,15.59573605742132,19.726461577514314,20.009410046400177
45,Prov. Aceh,Kab. Aceh Timur,P,D3,10,226.0,52.323391549741324,37.32876231101367,21.263255398346832,18.1402728860276,24.45147888754024,31.759293213379213,33.57807481310809
46,Prov. Aceh,Kab. Aceh Utara,L,D3,6,14.0,3.24127204290433,3.766535619219846,3.1310266440689527,2.986407863239891,2.9422001422423483,3.748871294920404,3.937747982247722
47,Prov. Aceh,Kab. Aceh Utara,L,Profesi,293,363.0,84.04155368387656,578.4446966338375,481.26337292033276,467.7596715496917,637.3257771452546,817.5442159642304,748.0911723895712
48,Prov. Aceh,Kab. Aceh Utara,L,S1,1630,8837.0,2045.9372173675401,1612.2078653885578,1443.9848372484548,1415.3954046321942,1274.8446526156586,1416.0132462826891,1389.7804252531612
49,Prov. Aceh,Kab. Aceh Utara,L,S2,119,401.0,92.83929208604545,127.46478775235441,107.77698684335122,99.92275468416652,150.12737466664782,96.7543159705054,103.84743267707864
50,Prov. Aceh,Kab. Aceh Utara,P,D3,36,68.0,15.743321351249602,22.51277488331517,19.697534382642488,19.611264038579783,15.439067698049298,22.841924641824097,24.958584968830994
51,Prov. Aceh,Kab. Aceh Utara,P,Profesi,1095,1255.0,290.55688670320956,2206.5287915522727,1820.407698099109,1773.7032397261814,2439.5695768341893,1650.863669072215,1921.9822908091726
52,Prov. Aceh,Kab. Aceh Utara,P,S1,2965,13121.0,3037.7664624962654,2744.3511143140586,2488.839411114737,2479.502695201598,2321.112826062869,2529.528988909622,2385.146573984606
53,Prov. Aceh,Kab. Aceh Utara,P,S2,91,283.0,65.51999915299467,109.06135232872747,96.2743451111047,92.65827818040626,122.58966553594543,105.15965055981812,113.87575797898835
54,Prov. Aceh,Kab. Bener Meriah,L,S1,7,176.0,40.74741996794015,26.882486365571655,20.259537199441343,21.433491111288944,28.309817484130257,35.975706594012614,28.989470593764075
55,Prov. Aceh,Kab. Bener Meriah,P,S1,11,616.0,142.61596988779053,103.31895942592756,77.01016485411469,81.53002703877299,119.44239297702381,99.37769797127274,100.94585588426439
56,Prov. Aceh,Kab. Bireuen,L,D3,8,24.0,5.556466359264565,4.7451838990935515,3.4362975661513477,3.26201752744709,6.4598022802880735,5.152085012714557,5.255944257948381
57,Prov. Aceh,Kab. Bireuen,L,Profesi,906,510.0,118.07491013437202,775.4858441378886,648.2889348677597,690.8150589235759,492.31122802972436,586.4246219254993,512.6429507220611
58,Prov. Aceh,Kab. Bireuen,L,S1,824,8373.0,1938.5122010884254,1156.5555360563299,917.0784981245308,903.2163882917099,1115.5762776638849,947.8633311049973,915.215427650061
59,Prov. Aceh,Kab. Bireuen,L,S2,180,655.0,151.64522772159543,194.29008252589554,163.0675973761314,164.38839670958163,195.19451225686652,152.46936110298412,163.5535433028559
60,Prov. Aceh,Kab. Bireuen,P,D3,87,293.0,67.8351934693549,62.59333796960873,44.43605145612522,41.959946809475156,78.02647183862288,31.91777486463949,44.754303928258885
61,Prov. Aceh,Kab. Bireuen,P,Profesi,4079,2418.0,559.813985695905,4089.820452963685,3405.3995072299754,3648.7382578533325,2283.0430890420057,1958.7338753372721,2296.943639564387
62,Prov. Aceh,Kab. Bireuen,P,S1,1559,10540.0,2440.2148094436884,1738.5950089806772,1427.42774069058,1451.249524881708,1665.7831408937807,1465.4642112013482,1543.1857257766067
63,Prov. Aceh,Kab. Bireuen,P,S2,243,607.0,140.5322950030663,186.3470960064499,149.75922847528034,147.80027760986016,219.99607439758165,149.08026394934447,169.50440784930652
64,Prov. Aceh,Kab. Nagan Raya,L,S1,182,458.0,106.03589968929879,86.95464002178765,68.48652885412565,80.57240461923769,52.38803463712224,40.52256601512871,46.350196809225196
65,Prov. Aceh,Kab. Nagan Raya,P,S1,117,377.0,87.28282572678089,77.89719458414693,60.38328617754107,70.85379621864053,61.232895070122666,34.79213893207182,42.64088106408622
66,Prov. Aceh,Kab. Pidie,L,D3,25,117.0,27.087773501414755,30.212523993625947,26.20605943726108,27.611981376233587,31.299445348821497,40.231474120564016,43.893276568706625
67,Prov. Aceh,Kab. Pidie,L,Profesi,25,29.0,6.714063517444683,35.53506016248997,27.329543357494547,27.029303547908427,41.31415403177717,22.611036299418853,20.880946075040992
68,Prov. Aceh,Kab. Pidie,L,S1,316,2120.0,490.82119506836995,265.73831289962953,206.85224332586674,197.58922314973125,343.3483387142864,208.42328734643175,196.73234261257892
69,Prov. Aceh,Kab. Pidie,P,D3,80,223.0,51.62883325483325,69.44601844395667,62.715713437848024,68.5654063276893,70.25576862504337,61.15927650890577,61.90919657403251
70,Prov. Aceh,Kab. Pidie,P,Profesi,130,115.0,26.62473463814271,171.73083704414435,138.2797460717673,142.2430193394887,167.7809379529557,100.85036335773357,96.55365203074116
71,Prov. Aceh,Kab. Pidie,P,S1,597,3464.0,801.9833111871857,553.099685673691,461.790787406616,466.377147739656,552.5601880220277,472.4361380945908,536.2233286997573
72,Prov. Aceh,Kab. Pidie Jaya,L,S1,127,456.0,105.57286082602674,89.05913891129157,75.50738480464334,82.0405667886949,87.63628643540628,82.68578674393969,70.36547385847719
73,Prov. Aceh,Kab. Pidie Jaya,P,S1,35,184.0,42.599575421028334,38.287393581337945,31.57955495782874,33.95403071955805,30.779254746304346,41.56518809467287,48.153310876598844
74,Prov. Aceh,Kab. Sabussalam,P,D3,32,91.0,21.068268278878143,30.261429454032353,24.613655939708313,28.338437274632476,22.401501932027294,18.402650687039376,19.664603555445606
75,Prov. Aceh,Kab. Sabussalam,P,S1,5,384.0,88.90346174823304,49.3646994130591,31.817046153391093,30.523463054327106,47.620045332259735,37.24579774361399,36.336753824760386
76,Prov. Aceh,Kota Banda Aceh,L,D3,289,1730.0,400.5286167303208,422.6272537809372,356.07212950113774,354.00807644314466,387.1604846782138,320.2439655903795,344.4240494920618
77,Prov. Aceh,Kota Banda Aceh,L,D4,16,158.0,36.580070198491725,27.894025169863475,25.959151715854073,28.709234342484873,26.241104295826332,28.754911013338376,24.53001876069495
78,Prov. Aceh,Kota Banda Aceh,L,Profesi,4620,4200.0,972.381612871299,6085.879764845151,5131.327027698524,5155.4544378523715,7312.892758930866,5872.3121108044825,5167.389101393846
79,Prov. Aceh,Kota Banda Aceh,L,S1,4628,31757.0,7352.3625904652,5225.238118674686,4724.242608573197,4799.315363340055,4956.287966152903,5248.2116736174385,4852.7318101201
80,Prov. Aceh,Kota Banda Aceh,L,S2,522,1474.0,341.25964223149873,482.0784873760107,441.9365675276127,443.3777313505053,421.1955082559344,391.1152287993961,437.22876322647943
81,Prov. Aceh,Kota Banda Aceh,L,S3,87,603.0,139.60621727652222,89.36665572498991,84.47581761374282,112.75062833640534,75.7548797606749,119.87676341994569,119.93278710620187
82,Prov. Aceh,Kota Banda Aceh,L,Sp-1,31,284.0,65.75151858463069,58.719139498435595,66.52092973288845,97.77453236456579,141.0919407012149,62.09430900573175,53.66999251591491
83,Prov. Aceh,Kota Banda Aceh,P,D3,472,2291.0,530.41101787813,657.6442810997597,568.4033872268841,577.3069509550147,643.7290825948178,518.7585049082048,528.5332060127787
84,Prov. Aceh,Kota Banda Aceh,P,D4,53,334.0,77.32749016643187,68.16659860296849,64.5250852377329,72.73135377478566,65.8597555351484,59.79626134467302,49.765409880564754
85,Prov. Aceh,Kota Banda Aceh,P,Profesi,11977,11730.0,2715.7229330905566,18351.185249916118,15162.177300085701,15148.92282039593,19097.070357467022,10494.225108891806,12349.267179583238
86,Prov. Aceh,Kota Banda Aceh,P,S1,8610,42119.0,9751.366941077677,8286.798914333614,7767.355674868782,8192.828849874077,8278.559889085638,8668.642042324065,8006.916220898023
87,Prov. Aceh,Kota Banda Aceh,P,S2,655,1663.0,385.01681481070716,664.8675795355927,639.2044562351723,667.7545286509521,573.0985362156123,562.8516824700873,621.8182411990377
88,Prov. Aceh,Kota Banda Aceh,P,S3,50,360.0,83.34699538896848,64.28591943672046,63.22811547070185,87.40533532908482,49.91253067033268,75.98314458050419,74.67990885010366
89,Prov. Aceh,Kota Banda Aceh,P,Sp-1,26,263.0,60.889610520274196,58.93161429376039,65.55621490301138,95.95586539253998,63.80342893410113,55.51665566586731,50.42006203877539
90,Prov. Aceh,Kota Langsa,L,D3,3,16.0,3.704310906176377,2.640357050373326,1.823528622050695,1.6336208397469376,3.781047006134542,2.6502109759858916,2.9862773242074017
91,Prov. Aceh,Kota Langsa,L,Profesi,726,481.0,111.36084661692733,732.5051680310212,645.17358223369,694.1294412911869,673.8555763556188,495.64899576779,508.22675692469545
92,Prov. Aceh,Kota Langsa,L,S1,633,5825.0,1348.6006892798373,776.9095792436897,636.3667775032235,625.7012119981906,668.2168709379602,775.3278259402715,787.4453498765806
93,Prov. Aceh,Kota Langsa,L,S2,54,169.0,39.12678394648798,48.19911521052231,41.681607215427405,41.78824770668625,58.637341150231556,49.8651099696543,53.01438802928463
94,Prov. Aceh,Kota Langsa,P,D3,60,223.0,51.62883325483325,52.68919681527552,41.60540108290653,41.151478260120875,45.03572923572067,27.718086087571283,31.16595707907591
95,Prov. Aceh,Kota Langsa,P,Profesi,1421,595.0,137.75406182343403,981.5253503814397,848.6689025807793,909.1043615750513,859.7052250843957,616.7975331975911,594.9630828990271
96,Prov. Aceh,Kota Langsa,P,S1,1587,10325.0,2390.4381316419435,1755.5167291344756,1543.0368534251168,1605.1309069049405,1553.0345130479805,1521.6124994386953,1520.2270829030322
97,Prov. Aceh,Kota Langsa,P,S2,42,133.0,30.792084407591133,46.60749850111896,42.387889726937765,44.33436214010709,47.50905375102918,50.29512249170735,49.22143551719207
98,Prov. Aceh,Kota Lhokseumawe,L,D3,234,1268.0,293.56663931447787,267.84965971921577,213.14818851169528,209.78816587376633,230.92702648011644,218.85929605916223,271.55421536656456
99,Prov. Aceh,Kota Lhokseumawe,L,D4,304,2281.0,528.0958235617697,346.138004239683,303.33639022392936,332.13972036422837,319.0000439501944,381.8203629408164,393.44934194289795
100,Prov. Aceh,Kota Lhokseumawe,L,Profesi,106,231.0,53.48098870792144,180.5217079427532,111.04582794192925,92.49967166557879,129.95101828969314,256.29191915630497,270.56971752821323
101,Prov. Aceh,Kota Lhokseumawe,L,S1,148,2242.0,519.0665657279649,336.16437018929383,295.2671013613402,301.2302580780725,324.28528723326053,329.53016027540224,314.47484921520606
102,Prov. Aceh,Kota Lhokseumawe,P,D3,288,1188.0,275.045084783596,334.2238037320788,292.1642708269342,307.6430159427721,299.81761846115313,284.82374968984016,283.72562854172025
103,Prov. Aceh,Kota Lhokseumawe,P,D4,212,1685.0,390.1102423066997,313.05370882817044,287.8366264926086,327.0399899365715,258.8248720123352,355.3706659609004,450.8900173747077
104,Prov. Aceh,Kota Lhokseumawe,P,Profesi,392,681.0,157.66473294413206,738.068475519257,510.1331003809528,463.65007830215654,447.8899266202754,592.9660749859238,609.4839960910016
105,Prov. Aceh,Kota Lhokseumawe,P,S1,315,5541.0,1282.8491706952066,948.9155281160301,842.3542580085724,873.819784309536,940.3629543939562,1002.2758168162871,1006.981484938194
106,Prov. Aceh,Kota Lhokseumawe,P,S2 Terapan,6,13.0,3.0097526112683064,5.550670484510136,5.192750659316322,4.5189987852901226,4.890038235790786,4.142651269035752,3.3135751858255946
107,Prov. Aceh,Kota Sabang,L,D3,3,7.0,1.620636021452165,2.1219185176843878,1.7157517468463979,2.028774300062286,2.0617289803124663,2.8220456865445533,1.8320250945942316
108,Prov. Aceh,Kota Sabang,P,D3,26,85.0,19.679151689062003,28.041598833623453,22.31572765531931,26.31816147007553,27.064446940415213,19.68573688752703,19.88339453489411
109,Prov. Bali,Kab. Badung,L,D1,17,20.0,5.377199070805733,22.25452412540408,7.927072840680604,6.572743018011603,9.710095090508446,15.91918082292971,17.90039620686928
110,Prov. Bali,Kab. Badung,L,D2,29,63.0,16.93817707303806,33.46991752022508,25.313994207768854,20.903020826199974,27.872850479121002,20.258052751303588,20.235952056326365
111,Prov. Bali,Kab. Badung,L,D3,257,3251.0,874.0637089594718,1095.84869560087,919.9593743206398,904.6489225968201,980.115697761473,844.2715684548275,846.417277934748
112,Prov. Bali,Kab. Badung,L,D4,201,3485.0,936.9769380878989,728.536579234569,680.1129706600907,694.4790724268813,612.3149169991214,817.1682438747478,738.508117418115
113,Prov. Bali,Kab. Badung,L,Profesi,542,766.0,205.94672441185955,1235.3576118080302,900.6177293290834,829.1794546832175,1082.9175959507231,1309.999772859094,1261.4233802196404
114,Prov. Bali,Kab. Badung,L,S1,2281,13874.0,3730.1629954179366,2352.6009528823947,2240.159145098794,2184.7443105602933,2048.0678678352056,2501.016332479591,2263.9768474680113
115,Prov. Bali,Kab. Badung,L,S2,322,1188.0,319.4056248058605,413.6663966556831,390.6690098318909,372.753526796479,389.77784389265395,325.38414372142756,347.1648450382379
116,Prov. Bali,Kab. Badung,L,S2 Terapan,16,91.0,24.466255772166082,35.32182852643056,30.84282804647038,27.129519732740714,26.49888291236163,29.30995829184104,33.1066486580325
117,Prov. Bali,Kab. Badung,L,S3,90,445.0,119.64267932542755,80.71170269751384,79.86358195870025,99.89693693635903,81.37377765104102,90.20047566413241,80.02419768279769
118,Prov. Bali,Kab. Badung,L,Sp-1,164,762.0,204.8712845976984,143.81338220796928,162.44236863547624,215.10958465384203,145.52567080554513,168.88467895032483,199.18506436763954
119,Prov. Bali,Kab. Badung,P,D1,5,8.0,2.150879628322293,9.730214184193802,3.56547516070047,3.03009317485529,3.983158445080679,4.537630074157672,6.028494191092831
120,Prov. Bali,Kab. Badung,P,D2,37,56.0,15.056157398256051,32.51967648504943,25.301876347578087,21.41439800560794,25.40814567829518,19.741861316455793,20.669103180600686
121,Prov. Bali,Kab. Badung,P,D3,173,2224.0,597.9445366735974,820.3255725913538,708.1473224592617,713.8073367655978,692.3141680019147,499.82870849444777,495.4576976664764
122,Prov. Bali,Kab. Badung,P,D4,246,3859.0,1037.530560711966,929.7394659497915,874.8014689949545,919.3045641128625,889.0101776231616,997.275465888464,909.595111999455
123,Prov. Bali,Kab. Badung,P,Profesi,1333,1764.0,474.26895804506563,3191.731995093252,2369.6736109522985,2240.4518196220897,2529.6563915164024,2720.1187486402073,2586.7330834074405
124,Prov. Bali,Kab. Badung,P,S1,3895,19875.0,5343.591576613197,3990.9254500014117,3788.840394895972,3806.903602188163,3830.643682444975,3681.2857270883837,3791.06223543017
125,Prov. Bali,Kab. Badung,P,S2,446,1315.0,353.55083890547695,568.4055073316805,525.6632490011467,518.91646691167,487.09375005450886,417.58097898423586,424.9014150299789
126,Prov. Bali,Kab. Badung,P,S2 Terapan,10,88.0,23.659675911545225,40.30694691982644,35.14853967389933,31.86769063543712,26.876749571034367,23.37193516214803,26.627683220448837
127,Prov. Bali,Kab. Badung,P,S3,106,355.0,95.44528350680176,75.81077355013474,74.97822914717267,96.65459757546365,58.63007388064091,82.77357872053538,65.93069406998931
128,Prov. Bali,Kab. Badung,P,Sp-1,128,601.0,161.58483207771226,123.05933061205123,143.408105433489,194.53578738800653,108.72142912065829,158.65633893169652,170.5273186038211
129,Prov. Bali,Kab. Bangli,L,S1,79,336.0,90.33694438953631,53.247608119652035,53.626153333635855,49.95096476596138,52.31616690809616,46.4619085650612,33.44702638278454
130,Prov. Bali,Kab. Bangli,P,S1,151,659.0,177.1787093830489,122.19284632038868,123.30218327441243,118.30987796395782,115.63324735743889,77.90311680914462,87.7087093440573
131,Prov. Bali,Kab. Buleleng,L,D3,39,162.0,43.555312473526435,51.20318181051268,45.59639741444321,43.263975047002674,46.739693426733375,33.119952251313336,38.35807727762958
132,Prov. Bali,Kab. Buleleng,L,D4,70,292.0,78.5071064337637,57.475409633395635,57.35336433032263,57.918446316858166,49.54289340551442,52.73425329491783,50.09754010460532
133,Prov. Bali,Kab. Buleleng,L,Profesi,5424,4654.0,1251.274223776494,8437.430371966175,6080.578856244905,5470.963760205975,9772.467658723872,4723.226441799262,4628.803447215838
134,Prov. Bali,Kab. Buleleng,L,S1,1183,7197.0,1934.985085629443,1242.4073416712483,1225.1118264743504,1183.967408659941,1205.72813924408,1304.6326605201089,1140.045899320459
135,Prov. Bali,Kab. Buleleng,L,S2,219,863.0,232.02613990526737,302.2505001627205,297.1829613122831,281.21619523107097,256.06246017222014,190.52828146087552,230.74530297956727
136,Prov. Bali,Kab. Buleleng,L,S3,27,287.0,77.16280666606227,50.973721974767386,53.084606397515024,65.80397722728738,45.17477899591739,56.73330859332344,53.23962559335854
137,Prov. Bali,Kab. Buleleng,P,D3,129,354.0,95.17642355326147,123.87688120463527,113.40749639108593,111.65014393973269,92.76499522749126,95.77786865996347,104.9254063923575
138,Prov. Bali,Kab. Buleleng,P,D4,77,276.0,74.20534717711911,59.46288412110819,61.19505794091743,63.85437502124315,66.57438804368145,52.902163889491234,49.995544182495934
139,Prov. Bali,Kab. Buleleng,P,Profesi,11344,9683.0,2603.3709301305953,19354.417567422963,14300.962661287298,13196.682095699545,20659.484570467263,7102.224722987358,8882.70033039817
140,Prov. Bali,Kab. Buleleng,P,S1,2251,11943.0,3210.9944251316433,2397.3973024257107,2371.882191484166,2353.796956574198,2232.515375503638,2767.611547104055,2245.355734583476
141,Prov. Bali,Kab. Buleleng,P,S2,311,1058.0,284.45383084562326,417.1422334854959,418.1290167615663,408.9484205020903,313.7952101409966,318.8505090413289,396.8379626433926
142,Prov. Bali,Kab. Buleleng,P,S3,28,241.0,64.79524880320908,47.018754522211495,50.36882744022299,64.32848553898768,47.000600479170835,52.60372277067411,48.798446186362966
143,Prov. Bali,Kab. Gianyar,L,D3,91,217.0,58.342609918242196,67.76320838649649,58.08349299512292,55.93148673391695,50.725140568811,54.46609497956915,42.98556729549555
144,Prov. Bali,Kab. Gianyar,P,D3,78,175.0,47.050491869550164,60.64824204165863,53.16421455493789,52.53084187779594,50.164726495980744,45.74554226521073,41.21024612220197
145,Prov. Bali,Kab. Jembrana,L,D3,101,211.0,56.72945019700048,61.792857634682434,59.899456861241596,55.21852730344943,55.82828040825231,18.572976622688454,31.78031142842031
146,Prov. Bali,Kab. Jembrana,L,S1,13,52.0,13.980717584094904,10.474733209501212,10.167379800848392,9.427673327634592,15.863332303933253,14.629774302935731,8.743515167219835
147,Prov. Bali,Kab. Jembrana,P,D3,64,160.0,43.01759256644586,56.19161394577991,54.05800899454178,51.42724916483405,48.14540876255589,37.96262645391156,36.372529792814326
148,Prov. Bali,Kab. Jembrana,P,S1,22,65.0,17.47589698011863,14.311892982468436,14.29103342192046,13.582004749837727,19.99592529374757,15.63499916796929,13.93400654111921
149,Prov. Bali,Kab. Karang Asem,L,S1,115,390.0,104.85538188071179,66.76299275623927,60.044050713450815,57.45905318284106,71.21883939883921,47.02283956083192,52.41922728153872
150,Prov. Bali,Kab. Karang Asem,P,S1,241,751.0,201.91382510875528,158.97299312896857,140.21731118919362,138.78510557059712,115.02285400072978,138.5628853533863,132.5172357911485
151,Prov. Bali,Kab. Tabanan,L,D3,16,61.0,16.400457165957484,20.401203664699242,17.61937489219555,16.678303492075226,15.331882069032373,20.07251231854399,18.388894078287343
152,Prov. Bali,Kab. Tabanan,L,D4,5,55.0,14.787297444715765,11.052852336752442,10.74306631356914,10.528108862300463,7.531628308229755,13.459311524971765,12.004647802329243
153,Prov. Bali,Kab. Tabanan,L,Profesi,711,382.0,102.70450225238949,681.2301567075385,489.9179703999032,437.687765881473,407.41279043204054,466.88831498960565,454.60286679287424
154,Prov. Bali,Kab. Tabanan,L,S1,199,861.0,231.4884199981868,147.8496791638451,143.4732001523307,134.36172124796022,128.53698433729346,137.00819054913936,128.1091804171391
155,Prov. Bali,Kab. Tabanan,P,D3,32,118.0,31.725474517753824,42.244095907933485,37.837447259867666,36.65374267139293,32.34798573824456,37.281817780641894,43.112200369919066
156,Prov. Bali,Kab. Tabanan,P,D4,5,87.0,23.390815958004936,18.066245498434622,18.462030135052302,18.467475096643014,13.697800165149856,17.48564046452714,14.12321343060333
157,Prov. Bali,Kab. Tabanan,P,Profesi,1892,996.0,267.7845137261255,1954.1747044896638,1442.1054744131454,1321.1476553012958,1017.8842255449106,1407.6299398337449,1427.200906801156
158,Prov. Bali,Kab. Tabanan,P,S1,198,772.0,207.5598841331013,152.1302360137597,149.1123957631475,143.84781288922892,135.34300267951272,141.0340879257999,155.7294813479172
159,Prov. Bali,Kota Denpasar,L,D3,371,1620.0,435.55312473526436,434.36984289313784,411.47909935665206,413.2304039144536,394.0216061332202,401.7012512322203,412.7278840912735
160,Prov. Bali,Kota Denpasar,L,D4,327,1681.0,451.9535819012218,280.7961882501943,295.9695719242639,310.6481045286853,251.3422915268615,310.74883964009393,256.3540478871638
161,Prov. Bali,Kota Denpasar,L,Profesi,2336,1603.0,430.9825055250795,2514.0703997922747,1911.7477521960652,1820.4801551656205,1298.1240429341472,2186.526502823281,1959.8269161769595
162,Prov. Bali,Kota Denpasar,L,S1,5126,35608.0,9573.565225662527,5230.094675914914,5425.069020197742,5405.722498632985,5515.666188817864,5300.764145786772,5278.573250918414
163,Prov. Bali,Kota Denpasar,L,S2,595,2060.0,553.8515042929905,691.4920931572262,683.4728981321309,674.0650580477503,615.801488020787,681.292684882978,734.7361320157551
164,Prov. Bali,Kota Denpasar,L,S2 Terapan,9,32.0,8.603518513289172,13.170774354942333,11.600227101144856,10.621145145902608,16.722606776337766,9.08964654538387,8.42045170058253
165,Prov. Bali,Kota Denpasar,L,S3,43,442.0,118.8360994648067,76.54249391540618,79.56293737192891,102.79539810926755,65.46399602898677,88.61030277476529,83.702911243542
166,Prov. Bali,Kota Denpasar,P,D3,775,2366.0,636.1226500763182,772.1338977043415,721.4956192179335,747.8483583617025,740.8529450426024,599.1436094813492,616.9415449945441
167,Prov. Bali,Kota Denpasar,P,D4,1036,3628.0,975.4239114441599,779.3895393736923,792.1043264980103,858.4366359074304,669.1355546498305,933.8541146370965,833.8507665039656
168,Prov. Bali,Kota Denpasar,P,Profesi,5054,3193.0,858.4698316541352,5644.462990674121,4363.238901852238,4268.2707574328115,2535.222410135342,5445.40796847318,5654.761614754543
169,Prov. Bali,Kota Denpasar,P,S1,5950,31884.0,8572.3307586785,5753.854633453584,5864.152961178911,6030.919923412691,6319.275862347284,5758.143812214366,6548.26125688299
170,Prov. Bali,Kota Denpasar,P,S2,465,1458.0,391.9978122617379,579.6318352265744,571.3348961712279,580.9557480512342,489.6322117527527,482.7051029533151,533.591694961158
171,Prov. Bali,Kota Denpasar,P,S2 Terapan,9,20.0,5.377199070805733,8.997781103064035,8.152505190693063,7.650691682194678,10.506841335549108,7.198439884073359,6.811995155486023
172,Prov. Bali,Kota Denpasar,P,S3,22,187.0,50.2768113120336,36.19770475274324,38.37296721990239,50.89897160251767,28.842339148134975,29.004790054640452,24.948849967844353
173,Prov. Bangka Belitung,Kab. Bangka,L,D2,3,4.0,1.0754398141611465,1.8917323516237605,1.507238824243106,1.2320141100340258,1.0207364340181382,1.60179169812995,1.8160996515192667
174,Prov. Bangka Belitung,Kab. Bangka,L,D3,281,485.0,130.39707746703903,124.52936804337044,118.38665624736934,117.53243112812788,112.79737828711757,113.69523227231151,106.72506419950423
175,Prov. Bangka Belitung,Kab. Bangka,L,D4,171,604.0,162.39141193833314,105.66702029875394,107.38096460024015,110.58376583686803,86.92578956552948,97.54272975747998,90.27834291168665
176,Prov. Bangka Belitung,Kab. Bangka,L,S1,560,5089.0,1368.2283035665187,875.7795519779185,835.023382797778,814.0353195660547,884.200220465388,736.3328476907647,669.0267964036411
177,Prov. Bangka Belitung,Kab. Bangka,L,S2,68,173.0,46.512771962469586,58.3843452119572,56.203275876648405,53.4172436255159,48.72703095620303,53.508388062942785,58.41545079192562
178,Prov. Bangka Belitung,Kab. Bangka,P,D2,15,24.0,6.452638884966879,12.406664498920348,10.168991815308157,8.519542455660009,6.529396142237931,6.911950196542953,8.23259039534115
179,Prov. Bangka Belitung,Kab. Bangka,P,D3,138,309.0,83.07772564394857,100.01267528854763,91.6859273249718,91.98251074499471,82.89851280263485,79.15979502942896,83.41852881593557
180,Prov. Bangka Belitung,Kab. Bangka,P,D4,83,237.0,63.719808989047934,47.708267401277624,48.81197073803419,51.49481413956803,50.984238861637664,41.30236737545534,40.37862225960004
181,Prov. Bangka Belitung,Kab. Bangka,P,S1,1085,7777.0,2090.923858682809,1504.401705777188,1460.0640976701752,1462.8647736844302,1362.9687338629737,1380.7151481349722,1388.438165538552
182,Prov. Bangka Belitung,Kab. Bangka,P,S2,55,147.0,39.52241317042213,58.411864689027425,56.20247153754593,55.0503077784568,42.189905112891,41.58388487863228,42.01751285232571
183,Prov. Bangka Belitung,Kab. Bangka Tengah,L,D3,20,93.0,25.003975679246658,29.01285597159522,26.85791564181687,24.796720142268352,22.052996213733177,25.613605430864673,28.098197860936157
184,Prov. Bangka Belitung,Kab. Bangka Tengah,P,D3,167,870.0,233.90815958004936,306.7890974245593,288.38792069304156,273.5756913928755,175.76746500409388,182.65195786319046,212.09587606282201
185,Prov. Bangka Belitung,Kota Pangkalpinang,L,D3,2,8.0,2.150879628322293,2.1619400302077256,2.0261147415467335,1.9522000135976998,1.979077341244224,2.94991760119411,2.3784715311488664
186,Prov. Bangka Belitung,Kota Pangkalpinang,L,Profesi,20,25.0,6.7214988385071655,35.984834948111995,28.09442781996925,25.546114139855018,19.137566417041704,11.81363809019704,19.73044684445905
187,Prov. Bangka Belitung,Kota Pangkalpinang,L,S1,409,2752.0,739.9025921428688,385.6540626188919,404.52803319755725,385.8546729241802,415.0162848123018,343.5588850744299,339.2692586087752
188,Prov. Bangka Belitung,Kota Pangkalpinang,L,S2,102,215.0,57.804890011161625,73.5727474030956,71.68375957500461,68.03196312260867,71.04200113926544,60.33594523939459,75.53746771768374
189,Prov. Bangka Belitung,Kota Pangkalpinang,P,D3,32,55.0,14.787297444715765,11.44411060063313,12.637711691110116,12.162361655878621,12.649126735126144,14.926496903324784,18.325461609208993
190,Prov. Bangka Belitung,Kota Pangkalpinang,P,Profesi,98,123.0,33.06977428545525,200.72240703653134,158.94573147647185,148.53462393463377,110.0865831498516,120.11050624469884,125.70398763479132
191,Prov. Bangka Belitung,Kota Pangkalpinang,P,S1,698,3920.0,1053.9310178779235,678.3928534356113,697.9835122344454,687.9185929409797,715.8647039059025,574.2176214026156,686.8734096392978
192,Prov. Bangka Belitung,Kota Pangkalpinang,P,S2,79,174.0,46.78163191600987,67.81980540705848,66.9007409818579,65.27487131590522,67.52601872485776,57.91490376928309,65.82458449236148
193,Prov. Banten,Kab. Lebak,L,D3,67,98.0,26.34827544694809,25.10889367408623,23.291851681946003,22.926028130891865,24.254420609348312,27.426639680937082,29.89803693493083
194,Prov. Banten,Kab. Lebak,L,S1,442,2687.0,722.4266951627502,355.6402998483908,369.1333028971214,357.90575592801486,320.3454745146923,333.63418770085974,311.1324011074391
195,Prov. Banten,Kab. Lebak,L,S2,17,70.0,18.820196747820063,14.769798550273558,16.828069685010487,15.805935349099357,25.666454085687533,17.341920148868166,19.011264641090676
196,Prov. Banten,Kab. Lebak,P,D3,118,235.0,63.18208908196736,72.47900874047139,66.62763145452284,67.69738458832099,81.70781164427171,65.20429396202896,64.13550591012495
197,Prov. Banten,Kab. Lebak,P,S1,742,3167.0,851.4794728620877,511.53762977901516,523.3562544830113,524.2925976771778,496.272389888922,537.9573240792578,536.9840409981056
198,Prov. Banten,Kab. Lebak,P,S2,4,16.0,4.301759256644586,3.909008605977109,4.480534712268458,4.331765429348689,4.8864792134290225,2.6498229030451528,3.6343810054554857
199,Prov. Banten,Kab. Pandeglang,L,S1,592,4968.0,1335.696249188144,552.000504819416,623.1949428384399,589.1538566694954,536.5117908789416,595.8500217708109,559.2089719780724
200,Prov. Banten,Kab. Pandeglang,L,S2,35,252.0,67.75270829215224,52.26398831014748,60.932753626779146,56.463108904924106,88.19045785260172,50.81427449341944,58.28220795741329
201,Prov. Banten,Kab. Pandeglang,P,S1,840,5462.0,1468.5130662370457,792.5994793828714,859.1868133545162,843.522057974764,581.0034530512916,668.6862879633541,682.0705035453989
202,Prov. Banten,Kab. Pandeglang,P,S2,20,110.0,29.57459488943153,26.57980849883732,31.100146062906802,29.677248388355547,32.844897927178536,16.94415589475015,23.621201951376182
203,Prov. Banten,Kab. Serang,L,D3,218,1074.0,288.75559010226783,302.1435587060112,281.7104708385173,275.25979093551155,267.9521660621265,264.21607967654654,252.49293272704392
204,Prov. Banten,Kab. Serang,L,D4,10,317.0,85.22860527227087,63.77209910755625,62.551579800411744,64.08612525339906,52.30108122909016,64.59737069276655,44.66650513778149
205,Prov. Banten,Kab. Serang,L,Profesi,1226,1277.0,343.334160670946,1997.2252628822682,1525.7112505335476,1411.180707794585,2173.6020837245987,1545.5090213244298,1418.002185999848
206,Prov. Banten,Kab. Serang,L,S1,2441,15507.0,4169.211299549225,2424.108302372986,2458.8661133965497,2380.418477818578,2140.1877729419593,2387.3179153173924,2225.9820715848036
207,Prov. Banten,Kab. Serang,L,S2,149,606.0,162.9291318454137,206.45464488745176,203.60603314654432,195.2941051063285,182.0153722251598,164.45360086400754,156.87009798030968
208,Prov. Banten,Kab. Serang,L,S3,17,127.0,34.1452140996164,22.103477701717267,23.011748283341003,28.89460915122148,19.147533338275572,20.154279737365627,16.216400134777903
209,Prov. Banten,Kab. Serang,P,D3,343,1430.0,384.46973356260986,441.3160136365044,422.68619813725235,423.38242486819354,403.9590684463101,417.84600883260043,440.48985030970545
210,Prov. Banten,Kab. Serang,P,D4,15,472.0,126.9018980710153,107.3607764024559,106.92084981574695,112.55775249852292,104.2922289760704,106.58581491880602,107.18221343909902
211,Prov. Banten,Kab. Serang,P,Profesi,4721,4748.0,1276.547059409281,8360.252709794082,6495.228931383718,6170.991770976191,8380.07427486236,4946.261853490824,5088.671353432959
212,Prov. Banten,Kab. Serang,P,S1,4183,21260.0,5715.962612266494,4178.264198112393,4129.645445293918,4139.58987135748,4166.278753786103,3710.3746877636236,3807.2601224276264
213,Prov. Banten,Kab. Serang,P,S2,221,512.0,137.65629621262676,203.7889923404273,201.48533882787447,199.05712099461792,173.9360890576024,158.04275922275446,166.85028341355294
214,Prov. Banten,Kab. Serang,P,S3,23,127.0,34.1452140996164,25.324452480973957,26.632462885159736,34.39453109787697,18.007962008329983,20.95195562294266,18.582676374140213
215,Prov. Banten,Kab. Tangerang,L,D3,504,1892.0,508.6830320982223,427.0270136017569,393.36956417493604,402.6303534647,486.8649075685085,430.83195853416424,421.6300262356673
216,Prov. Banten,Kab. Tangerang,L,D4,154,435.0,116.95407979002468,83.86632187496113,75.86722038474923,82.505035359932,74.92681697287705,64.94739784650807,77.52310005825149
217,Prov. Banten,Kab. Tangerang,L,Profesi,155,112.0,30.112314796512102,159.03700887148403,114.41989834458852,111.88753328139201,98.36060582479266,112.1126182896309,137.27638761040998
218,Prov. Banten,Kab. Tangerang,L,S1,1982,11077.0,2978.161705365755,1540.594270122544,1483.3726613724514,1516.0629535396276,1620.9446730749507,1753.9447291763158,1667.9088954134647
219,Prov. Banten,Kab. Tangerang,L,S2,154,895.0,240.62965841855655,221.91775158546784,224.55581012283992,224.03477782434848,294.49967788011514,185.81871695247548,242.08748791270492
220,Prov. Banten,Kab. Tangerang,L,S3,16,157.0,42.211012705825,15.855344723910891,18.490888949008074,23.75011509498988,35.354583342620074,19.32275576459303,16.555433034675993
221,Prov. Banten,Kab. Tangerang,P,D3,323,997.0,268.05337367966575,244.1772369946539,232.04846445182213,243.30762361357054,292.6118328638412,200.4350980465644,203.98210822613825
222,Prov. Banten,Kab. Tangerang,P,D4,39,285.0,76.6250867589817,61.05858259155414,56.459843016138315,63.00838716681829,75.77332127838062,21.311922015860063,20.008544560015086
223,Prov. Banten,Kab. Tangerang,P,Profesi,204,135.0,36.2960937279387,219.12321480947662,159.39086496636335,160.28037616080448,138.13690167498373,141.20640852558176,118.71977270378315
224,Prov. Banten,Kab. Tangerang,P,S1,3012,13089.0,3519.107931888812,2279.7487103377357,2142.270550491762,2266.9093481365053,3088.9250102898927,2533.593242836659,2410.9805485963116
225,Prov. Banten,Kab. Tangerang,P,S2,105,506.0,136.04313649138504,154.15664430597405,153.35986380233612,158.17997004034612,197.85842998000595,148.52649981276087,154.4640152012955
226,Prov. Banten,Kab. Tangerang,P,S3,7,43.0,11.560978002232325,4.916872239035618,5.818928032187241,7.680390740397895,9.985203330316777,8.143022438713139,7.531041915278993
227,Prov. Banten,Kota Cilegon,L,D3,116,484.0,130.12821751349873,134.4861299259525,118.25255620261176,117.0434753736853,137.0735994395445,106.96840636976424,103.87735197946293
228,Prov. Banten,Kota Cilegon,L,D4,10,231.0,62.10664926780621,43.15890092815255,40.888205300561864,42.24691579583477,46.094947250096574,42.041053858185734,33.38724646961723
229,Prov. Banten,Kota Cilegon,L,S1,228,2176.0,585.0392589036637,271.3084406585991,281.89177407850696,271.98275053244873,281.30479955683904,261.270134532873,247.33669375498658
230,Prov. Banten,Kota Cilegon,P,D3,33,161.0,43.28645251998615,41.624985311312955,40.07659466125612,40.1769596796963,39.260128011028044,45.70075861282226,48.782729306557286
231,Prov. Banten,Kota Cilegon,P,D4,5,103.0,27.692575214649523,21.976772123874795,21.06607848925141,22.403450051979217,36.06871191320016,17.524894558685464,15.630489914374664
232,Prov. Banten,Kota Cilegon,P,S1,367,2040.0,548.4743052221847,316.87139839067925,321.95918276870873,321.4944104163527,276.711510619316,278.27087083931764,322.9816497613372
233,Prov. Banten,Kota Serang,L,D3,115,567.0,152.44359365734252,116.60509923549911,115.01073544920368,112.68134394835506,126.59833798245333,142.91873432124433,133.35176816779497
234,Prov. Banten,Kota Serang,L,D4,26,111.0,29.843454842971816,21.466917888983886,20.03250682880217,21.001306005597446,21.098706725800575,21.80359091428154,17.23390824763489
235,Prov. Banten,Kota Serang,L,Profesi,559,463.0,124.48215848915271,754.5275097110159,531.5247048156244,506.0544363081173,641.4374513069307,472.99179950650733,638.3212241206209
236,Prov. Banten,Kota Serang,L,S1,1996,17564.0,4722.256223981594,2391.1595445580933,2397.028424986923,2355.808645219682,2270.115063253837,2289.472854985024,2187.9829473035375
237,Prov. Banten,Kota Serang,L,S2,243,849.0,228.26210055570334,264.0928611357941,252.78526360437135,247.164577860561,277.0554235776011,182.76071554753923,221.37742726511266
238,Prov. Banten,Kota Serang,L,S3,13,128.0,34.41407405315669,18.600130096722975,19.457484878343713,24.741544524866615,23.290502567077795,22.448656733739405,16.330183736036307
239,Prov. Banten,Kota Serang,P,D3,956,2431.0,653.5985470564368,637.7562528476712,609.508540386909,619.0743739814019,712.8841773093242,567.5056569705279,555.1234671197623
240,Prov. Banten,Kota Serang,P,D4,104,550.0,147.87297444715765,120.03614960991696,113.81729957942693,122.58728386352887,131.89759159788272,124.64672335708597,111.19623930286394
241,Prov. Banten,Kota Serang,P,Profesi,1396,844.0,226.91780078800193,1440.6339924013164,1061.4053588413342,1032.5102726081525,1142.1706592659166,1029.4492032749529,969.9618179559153
242,Prov. Banten,Kota Serang,P,S1,3349,20386.0,5480.979012872283,3575.8417733837805,3459.9892793842832,3527.927627169676,3503.313722116316,3511.8547396238114,3584.821031422883
243,Prov. Banten,Kota Serang,P,S2,205,557.0,149.75499412193966,207.83191571007757,197.4093526929219,199.19654314892236,210.793453020955,182.1521631837055,187.05175673456444
244,Prov. Banten,Kota Serang,P,S3,3,34.0,9.141238420369746,6.3120981099029585,6.39433618299031,8.430107855371956,5.761435678692365,5.268264304729372,3.8587007537134257
245,Prov. Banten,Kota Tangerang,L,D3,93,466.0,125.28873834977357,131.65517545652742,120.34897649600408,121.17944896417673,141.82626095810394,112.2321617500612,108.82706662079937
246,Prov. Banten,Kota Tangerang,L,Profesi,69,105.0,28.230295121730098,105.70416868822299,94.06337629652607,86.77313946121613,112.25623569616711,90.34445141940049,91.26432008149841
247,Prov. Banten,Kota Tangerang,L,S1,2437,17946.0,4824.960726233984,2372.4539416430625,2521.761691500772,2483.9239768985085,2091.7366957167237,2292.0304846601307,2217.1260969064483
248,Prov. Banten,Kota Tangerang,L,S2,596,1819.0,489.0562554897814,546.108046008453,555.4761385966015,543.8424049258414,547.7872414150228,641.7946386770639,626.0947043259605
249,Prov. Banten,Kota Tangerang,L,S3,5,62.0,16.669317119497773,10.8761930344689,11.0862208970782,14.35024003047328,10.655369828032882,9.322191341996243,8.650678701388602
250,Prov. Banten,Kota Tangerang,P,D3,211,597.0,160.50939226355112,165.80063195521686,162.46046303379455,166.35758463795142,175.6862597016999,163.4048797361095,176.1067409137547
251,Prov. Banten,Kota Tangerang,P,Profesi,459,631.0,169.65063068392087,731.3333917408049,656.1618099426864,622.7899543907956,691.8748375621126,697.7463800825853,632.7592120652048
252,Prov. Banten,Kota Tangerang,P,S1,3489,18285.0,4916.104250484141,3135.877269078983,3208.749616328351,3280.519301325477,3213.1506477586763,3018.3323473381342,3169.2687325757893
253,Prov. Banten,Kota Tangerang,P,S2,312,868.0,233.37043967296879,312.45916143915747,315.43537314585143,318.7016797785833,318.47203679353754,219.0531297487438,241.49752946059235
254,Prov. Banten,Kota Tangerang,P,S3,5,27.0,7.259218745587739,5.380676574220457,5.558481406531828,7.395551749019529,6.564912054463125,6.563884276745081,3.912890609909973
255,Prov. Banten,Kota tangerang Selatan,L,D3,1913,12694.0,3412.9082502403985,1821.1269332733345,2124.4665688210566,2006.5632664898455,995.2845506849866,2210.9104434757196,2562.0224213136817
256,Prov. Banten,Kota tangerang Selatan,L,D4,580,5183.0,1393.5011391993057,774.1509832030441,821.4050069409285,836.4009443727298,689.8707704411363,937.9872166852545,825.6252888264104
257,Prov. Banten,Kota tangerang Selatan,L,Profesi,2998,1779.0,478.3018573481699,2368.8409528861475,1856.3913350727516,1723.8234462570151,1062.0613718199309,2546.982381944366,2647.8803690739887
258,Prov. Banten,Kota tangerang Selatan,L,S1,32072,798816.0,214769.6326472376,76727.24977796551,90573.8846915549,85887.08151674307,58473.73264330783,8135.848759948484,10469.94531276076
259,Prov. Banten,Kota tangerang Selatan,L,S2,1138,8238.0,2214.868297264881,1886.9195134718188,2091.901156771204,1979.6804536371887,1485.0414993177783,1201.648138517153,1595.4654690223342
260,Prov. Banten,Kota tangerang Selatan,L,S3,54,458.0,123.13785872145128,67.88058773691503,72.4910525801867,91.384367832812,73.46278609585274,83.49676456649463,83.51271405872731
261,Prov. Banten,Kota tangerang Selatan,P,D3,2148,12990.0,3492.490796488323,2439.1386458763423,2729.794248900559,2677.9597540360164,1790.4103803219734,2635.185438725969,3026.7100246412015
262,Prov. Banten,Kota tangerang Selatan,P,D4,659,6574.0,1767.4853345738443,1147.2435535848522,1220.3335035684468,1279.916990424054,1212.472505143407,1362.102714136397,1389.5909239392713
263,Prov. Banten,Kota tangerang Selatan,P,Profesi,6751,3146.0,845.8334138377418,4881.518977027429,3839.0190393383336,3671.1030120738965,1953.7413161575955,3842.0773782733345,4163.9318251888935
264,Prov. Banten,Kota tangerang Selatan,P,S1,63535,925989.0,248961.3595188165,114628.46777168965,130592.8812453684,128470.53823639615,93206.55292512689,8908.486381935747,12709.139869092149
265,Prov. Banten,Kota tangerang Selatan,P,S2,910,5440.0,1462.5981472591593,1614.8048766832355,1724.0751687824602,1693.4200122150917,1249.1676980869638,1111.0055882792626,1271.8494669103789
266,Prov. Banten,Kota tangerang Selatan,P,S3,14,171.0,45.975052055389014,31.160587647034728,32.70774317001393,42.629264964696866,28.476813246868364,27.540823047992752,25.993352891553627
267,Prov. Bengkulu,Kab. Bengkulu Selatan,L,S1,8,149.0,34.49639531376751,22.8655970407928,18.028428981454116,19.068054172199638,24.13494356772001,25.84985800344234,27.403946820225297
268,Prov. Bengkulu,Kab. Bengkulu Selatan,P,D3,26,51.0,11.807491013437202,15.645543607892517,12.706813132535995,14.170622250052853,17.68283924525357,13.456460675326273,13.490034322992546
269,Prov. Bengkulu,Kab. Bengkulu Selatan,P,S1,70,392.0,90.75561720132124,75.21295721041088,62.962085273356664,69.92248295639203,82.22167231514437,70.66734370230785,82.07084688738958
270,Prov. Bengkulu,Kab. Muko-muko,L,S1,14,61.0,14.122685329797438,8.515656217401459,5.669644010571834,5.952007865620834,10.117344958365326,12.616509454201141,13.226777609227884
271,Prov. Bengkulu,Kab. Muko-muko,P,S1,18,86.0,19.910671120698026,14.848227257826888,10.433804897196527,11.454868042487032,18.00239751013277,12.591431665027528,13.663390725722051
272,Prov. Bengkulu,Kab. Rejang Lebong,L,D2,24,45.0,10.41837442362106,22.5801395503676,14.811131749408512,14.319992175967073,30.287607135432886,14.653905844537652,18.212028478102496
273,Prov. Bengkulu,Kab. Rejang Lebong,L,D3,91,497.0,115.06515752310371,126.26010281657662,84.21822502083657,86.9832615451739,114.90662407093308,109.15359881192991,128.84221266157397
274,Prov. Bengkulu,Kab. Rejang Lebong,L,Profesi,717,196.0,45.37780860066062,197.81994178638647,106.17167101941305,96.37425525620158,220.2305845807303,294.30491540135256,276.5334975685293
275,Prov. Bengkulu,Kab. Rejang Lebong,L,S1,275,1938.0,448.68465851061364,274.0567906118073,176.79287278599435,174.15269238323867,236.61427846156977,221.38425624017532,203.41063462686543
276,Prov. Bengkulu,Kab. Rejang Lebong,L,S2,34,126.0,29.17144838613897,39.52568779703002,27.471655395353242,28.03441775014146,36.890410940052085,38.647280273721265,40.874029190175044
277,Prov. Bengkulu,Kab. Rejang Lebong,L,S3,4,23.0,5.324946927628542,4.413578349841805,3.7267006387632016,5.654358311129991,11.320188098643047,5.043466814600291,4.6906537644701425
278,Prov. Bengkulu,Kab. Rejang Lebong,P,D2,15,41.0,9.492296697076966,22.99024875618096,15.031692712575989,14.387658636630821,52.18079237541012,15.42125170154521,16.49942729690422
279,Prov. Bengkulu,Kab. Rejang Lebong,P,D3,61,276.0,63.8993631315425,81.08726796119922,55.02896147684369,57.97751834922655,86.14397421680798,63.99803631687736,61.667760941827765
280,Prov. Bengkulu,Kab. Rejang Lebong,P,Profesi,706,400.0,92.60777265440943,453.6420508711014,243.84998984102407,223.4008706284479,504.9691209864494,461.2173107877014,555.8610349326426
281,Prov. Bengkulu,Kab. Rejang Lebong,P,S1,731,4159.0,962.889316174222,746.9361684280013,515.9903531980241,536.90273286529,635.2661881928386,709.3484278855118,758.6086927043976
282,Prov. Bengkulu,Kab. Rejang Lebong,P,S2,41,123.0,28.4768900912309,44.0216090970709,30.89980432672374,32.00530779248807,47.04894879351915,38.26749180576684,39.85840060824046
283,Prov. Bengkulu,Kab. Rejang Lebong,P,S3,8,22.0,5.093427495992518,4.156023734863238,3.2695624072693645,4.76733044734045,4.539487184434288,4.442837469433481,3.6423668144103196
284,Prov. Bengkulu,Kota Bengkulu,L,D3,185,793.0,183.59490928736668,221.46543295200553,208.7414710354361,212.3455662251503,169.32751103649952,176.8081022545989,153.87208155859545
285,Prov. Bengkulu,Kota Bengkulu,L,D4,46,180.0,41.67349769448424,34.3501861680704,34.67446048359412,38.317197725887894,33.56850120973528,30.11533113776257,27.23092274226843
286,Prov. Bengkulu,Kota Bengkulu,L,Profesi,2478,2419.0,560.045505127541,1582.374071686424,898.2383132552841,653.9605349656399,2183.795037525175,2374.450639326157,2614.9836614044593
287,Prov. Bengkulu,Kota Bengkulu,L,S1,3235,22841.0,5288.135337998414,3621.956952760715,3338.1632922952995,3267.6636976087334,3305.4780973281654,3434.7228403834138,3222.340027407536
288,Prov. Bengkulu,Kota Bengkulu,L,S2,428,1299.0,300.7437416951946,445.1349264147214,435.2441258204162,432.255205133808,421.80559766677214,369.4081753036936,358.35604957696785
289,Prov. Bengkulu,Kota Bengkulu,L,S3,54,251.0,58.111377340641916,38.73795910923232,38.92606421059589,51.31400501579772,36.72993995859834,38.48227999507716,33.042525480165594
290,Prov. Bengkulu,Kota Bengkulu,P,D3,1378,4577.0,1059.6644385980799,1464.692950028547,1398.5440683049292,1456.6902867815165,1178.8583649874065,948.3339354133584,986.3534413687461
291,Prov. Bengkulu,Kota Bengkulu,P,D4,334,1452.0,336.16621473550623,302.3572677108743,300.8214041841194,331.88055539327297,236.23142869325775,287.8826849937593,276.621091344946
292,Prov. Bengkulu,Kota Bengkulu,P,Profesi,7778,7477.0,1731.0707903425482,5405.491968663034,3045.4489961493223,2224.0872316471177,6937.307230533443,6770.792482792012,6568.166885575271
293,Prov. Bengkulu,Kota Bengkulu,P,S1,5646,29747.0,6887.008532876793,5729.744966515187,5521.0439622770455,5635.541199595567,5698.168636895988,5290.807838859125,5304.535675785137
294,Prov. Bengkulu,Kota Bengkulu,P,S2,586,1647.0,381.3125039045308,659.1806187625222,659.3122886478305,670.3910375249604,571.4541903806842,488.5023532848636,588.3834779435662
295,Prov. Bengkulu,Kota Bengkulu,P,S3,32,162.0,37.50614792503582,30.35192264135544,31.864353446313697,43.62614528847954,25.2694126202038,21.096512778246286,17.772632151033303
296,Prov. D.I. Yogyakarta,Kab. Bantul,L,D1,17,40.0,9.198507092362437,16.224872769028778,6.485666861584738,5.491566771873191,8.7208877552047,11.88592610926381,15.957796341015037
297,Prov. D.I. Yogyakarta,Kab. Bantul,L,D3,400,2170.0,499.0190097606622,445.0046816367562,425.96786347093166,387.58562568083687,474.81240507016724,391.81270781840476,463.529954935592
298,Prov. D.I. Yogyakarta,Kab. Bantul,L,D4,194,1535.0,352.9927096694085,206.42937275948162,211.8231611156774,207.55576357060423,223.73903642055163,279.71175348636444,303.1345985222471
299,Prov. D.I. Yogyakarta,Kab. Bantul,L,Profesi,449,632.0,145.3364120593265,917.8108232461653,814.4552387362122,832.7229636763333,829.7509827730806,825.7964513506549,937.558516366482
300,Prov. D.I. Yogyakarta,Kab. Bantul,L,S1,4690,29836.0,6861.166440193141,4593.473062762734,4533.803040978473,4498.845397081088,4553.566607635933,4568.723123675254,4458.286490667747
301,Prov. D.I. Yogyakarta,Kab. Bantul,L,S2,268,937.0,215.4750286385901,293.01536510735673,310.6106871895115,307.36362070148186,294.2570706630025,253.96658778276793,257.8794758210921
302,Prov. D.I. Yogyakarta,Kab. Bantul,L,S3,26,182.0,41.85320727024909,30.604872860137615,35.565887457696945,48.789937113496,31.3056211253272,23.609056883759166,24.565805374639503
303,Prov. D.I. Yogyakarta,Kab. Bantul,P,D1,58,133.0,30.585036082105102,63.3196931073042,25.73428605769151,22.38879130398462,39.54616809478257,21.71769829670647,22.464939420227402
304,Prov. D.I. Yogyakarta,Kab. Bantul,P,D3,741,2338.0,537.6527395485845,651.0030320233528,648.3499245024908,643.0075364161647,610.1643344459359,633.8384985786133,651.4677234274337
305,Prov. D.I. Yogyakarta,Kab. Bantul,P,D4,230,1207.0,277.56495151203654,202.90593596756003,211.87756713322756,216.95992871819288,207.31025617415307,273.1238208146738,270.4865239559385
306,Prov. D.I. Yogyakarta,Kab. Bantul,P,Profesi,1152,1708.0,392.7762528438761,2724.0765037572664,2434.9371661243254,2492.8398992465486,2207.3243079151057,2177.4620220456877,2673.459095344651
307,Prov. D.I. Yogyakarta,Kab. Bantul,P,S1,6521,31912.0,7338.568958286752,5779.385365815537,5810.422073495448,5937.859658018934,6512.682628869297,5283.648643106783,5731.578469967413
308,Prov. D.I. Yogyakarta,Kab. Bantul,P,S2,337,967.0,222.37390895786191,330.78341172859547,353.0058216312329,349.23706155238165,326.41376102523134,265.3277876524417,294.6606053769826
309,Prov. D.I. Yogyakarta,Kab. Bantul,P,S3,15,81.0,18.626976862033935,15.117062001747044,17.721682876515988,24.442605065598023,15.586543347984058,16.056404864963344,15.014183145733341
310,Prov. D.I. Yogyakarta,Kab. Gunung Kidul,L,S1,140,887.0,203.97689477313705,117.34229949013867,96.63296116363689,90.93721509542051,98.18203795847087,110.57407869762241,113.07933687311453
311,Prov. D.I. Yogyakarta,Kab. Gunung Kidul,P,S1,180,793.0,182.3604031060853,132.56071051147975,111.2573355735222,109.87403525192376,129.95637899056968,119.15510530048171,132.07589317459804
312,Prov. D.I. Yogyakarta,Kab. Kulon Progo,L,S1,28,320.0,73.5880567388995,60.547347636296394,53.84353703781489,55.856237996232025,55.87700129396588,63.86847688612002,57.66767631244112
313,Prov. D.I. Yogyakarta,Kab. Kulon Progo,P,S1,128,746.0,171.55215727255944,157.93746024864646,141.9139120710885,148.55310263056523,210.3535518004942,152.11100815047385,155.6233860339728
314,Prov. D.I. Yogyakarta,Kab. Sleman,L,D1,352,356.0,81.86671312202569,305.16035565704794,126.5766879219669,132.52614434054172,203.9075646289592,86.88934922891437,90.42681036554373
315,Prov. D.I. Yogyakarta,Kab. Sleman,L,D3,838,3061.0,703.9157552430355,830.3744838934535,776.4884513163654,732.0860958841209,709.2013129361875,590.20931165495,618.7568294100234
316,Prov. D.I. Yogyakarta,Kab. Sleman,L,D4,1519,10154.0,2335.0410253962045,1926.768165142186,1962.436526685359,2056.34680374714,1766.3901465951424,1866.4768287762342,1853.8090940527707
317,Prov. D.I. Yogyakarta,Kab. Sleman,L,Profesi,11692,12732.0,2927.8848074989637,18164.973532036343,15029.245012379115,14119.780136338217,16643.53104250351,11948.491243486178,13998.342744755415
318,Prov. D.I. Yogyakarta,Kab. Sleman,L,S1,17549,101225.0,23277.97201060969,18068.704128085385,17086.641589334096,16676.87652381202,18350.63338154146,16378.592103849245,19003.492925221795
319,Prov. D.I. Yogyakarta,Kab. Sleman,L,S2,4156,12414.0,2854.7566761146823,4283.780675365117,4303.17326831573,4093.0057085983167,4153.863725760251,3780.910220210731,4080.795442296265
320,Prov. D.I. Yogyakarta,Kab. Sleman,L,S3,506,4258.0,979.1810799819814,671.3725436223069,722.4910001178104,894.1421459082165,729.8079446668465,909.3834131695078,817.4313917872599
321,Prov. D.I. Yogyakarta,Kab. Sleman,L,Sp-1,152,752.0,172.9319333364138,157.65395519030068,180.73178029997123,247.13568496549385,176.65059028900018,155.65558149124453,166.60641936582073
322,Prov. D.I. Yogyakarta,Kab. Sleman,L,Sp-2,46,96.0,22.076417021669847,34.7898529013559,35.39260052513951,35.80166271953941,27.113591016877596,30.827129245423947,33.763186582196184
323,Prov. D.I. Yogyakarta,Kab. Sleman,P,D1,249,250.0,57.49066932726523,233.21361103189122,97.31484016879125,101.66317184487293,154.97948265474432,44.73447381986883,57.00507886704914
324,Prov. D.I. Yogyakarta,Kab. Sleman,P,D3,1474,4513.0,1037.821562695792,1467.7197789296633,1397.3807200051126,1362.84715609827,1266.2888705557825,1247.3340665003093,1449.0919111235994
325,Prov. D.I. Yogyakarta,Kab. Sleman,P,D4,2674,13161.0,3026.5387960645508,2849.965656414293,2920.2018005109094,3090.4777146249817,2915.1393701854972,2929.3711880524957,2435.6894078937844
326,Prov. D.I. Yogyakarta,Kab. Sleman,P,Profesi,25253,29312.0,6740.665997283194,44976.44199830451,37378.95476715921,34883.38375161191,38530.30668650023,14456.706311842054,32783.07488071396
327,Prov. D.I. Yogyakarta,Kab. Sleman,P,S1,22953,114269.0,26277.60517342908,23761.321559365617,22902.857005568283,22978.514905033924,24378.553973714315,17982.427443864042,24093.344570953817
328,Prov. D.I. Yogyakarta,Kab. Sleman,P,S2,5626,14731.0,3387.5801994397766,5852.268687613212,5960.231985159906,5780.872787504595,5263.512515906173,4028.304787898994,4016.2472978274095
329,Prov. D.I. Yogyakarta,Kab. Sleman,P,S3,418,3244.0,745.9989251905936,616.0946274200902,676.5958412038232,869.1182290209246,564.8673778673309,734.8100524036231,740.1579936665217
330,Prov. D.I. Yogyakarta,Kab. Sleman,P,Sp-1,179,874.0,200.98737996811926,200.84325319949366,231.85907060570256,317.2295949172491,194.16931458384886,194.10105928654016,191.33697527552658
331,Prov. D.I. Yogyakarta,Kab. Sleman,P,Sp-2,32,64.0,14.717611347779899,23.87518012910946,24.244986399633145,23.948455722825067,21.754901889556344,21.839892561574704,23.318352442317007
332,Prov. D.I. Yogyakarta,Kota Yogyakarta,L,D2,13,50.0,11.498133865453045,20.651738461618326,17.638852271227744,17.501301011176253,15.005491922633873,15.08382853836064,15.14554770304116
333,Prov. D.I. Yogyakarta,Kota Yogyakarta,L,D3,581,2369.0,544.7815825451653,606.9227724163453,627.7741260868601,645.0682429853931,540.3530382436086,536.9656714148055,594.4023511158873
334,Prov. D.I. Yogyakarta,Kota Yogyakarta,L,D4,278,1368.0,314.58894255879534,253.31866594587632,279.1402893328323,314.79669491371976,247.25469514314153,307.363009958408,265.569694387884
335,Prov. D.I. Yogyakarta,Kota Yogyakarta,L,Profesi,4723,3846.0,884.4364569306483,5547.355594798843,5750.648374447767,6741.469353600373,5527.787598446923,4369.172095823365,4533.40525071432
336,Prov. D.I. Yogyakarta,Kota Yogyakarta,L,S1,4990,28908.0,6647.761075650333,4244.963753847692,4317.644463972566,4317.723494148559,4434.142404402838,4758.601726314172,4756.358717607799
337,Prov. D.I. Yogyakarta,Kota Yogyakarta,L,S2,550,1578.0,362.8811047936981,500.3714806577531,550.7977514186175,561.9937682783053,500.68686157939,524.1626362863443,511.10288194152116
338,Prov. D.I. Yogyakarta,Kota Yogyakarta,L,S3,11,62.0,14.257685993161777,10.436411623603833,12.571408624351022,17.69346259466028,9.797701897693388,7.506826321489746,6.334284469856245
339,Prov. D.I. Yogyakarta,Kota Yogyakarta,P,D2,10,12.0,2.759552127708731,5.930897131124847,5.164274210314944,5.304454893847108,4.332156619334178,4.235863703194061,6.297784092830202
340,Prov. D.I. Yogyakarta,Kota Yogyakarta,P,D3,1146,3512.0,807.628922709422,1077.759154156839,1132.5482069615516,1201.0891760842474,1024.5179021915726,1022.6077916533253,1196.7813099177768
341,Prov. D.I. Yogyakarta,Kota Yogyakarta,P,D4,140,715.0,164.42331427597856,143.6175368576535,159.2688244671944,179.13190669332926,145.45704432993452,102.82010740367747,112.56445193232301
342,Prov. D.I. Yogyakarta,Kota Yogyakarta,P,Profesi,17796,13697.0,3149.7987911022074,21466.457037340813,22616.61422394961,26701.01410325541,18868.69323199805,13470.96234077093,14327.149130274576
343,Prov. D.I. Yogyakarta,Kota Yogyakarta,P,S1,6194,27278.0,6272.921911636564,4920.561868815037,5128.38032068822,5370.672253960644,5625.241171736573,5079.524656060044,5372.181911053663
344,Prov. D.I. Yogyakarta,Kota Yogyakarta,P,S2,746,1657.0,381.0481563011139,640.9297360838293,721.1992629693328,767.4787017391205,592.9896434521602,563.3417828250716,638.1593471538296
345,Prov. D.I. Yogyakarta,Kota Yogyakarta,P,S3,5,71.0,16.327350088943327,12.67070446625311,15.298266165841822,21.266803476170793,11.587175891140433,13.51493775323142,11.382955959949097
346,Prov. D.K.I. Jakarta,Kota Jakarta Barat,L,D3,350,1498.0,402.75221040334935,367.64381569280835,342.2600439101034,347.9014398177067,328.37328929116154,360.4721934090472,374.00460866395986
347,Prov. D.K.I. Jakarta,Kota Jakarta Barat,L,D4,88,503.0,135.23655663076417,89.55882582748718,87.30744907442762,93.39133448612021,80.15999544586717,91.66323285141031,98.25497080774974
348,Prov. D.K.I. Jakarta,Kota Jakarta Barat,L,Profesi,708,1183.0,318.0613250381591,1791.9266393757334,1312.345133638741,1271.9957741931391,851.5983040009072,1370.2701962907333,1370.5268751806307
349,Prov. D.K.I. Jakarta,Kota Jakarta Barat,L,S1,13510,76404.0,20541.97589029206,11911.779193991211,11498.288972650971,11812.525611887204,11893.757062054297,9687.370407300288,10842.922598828953
350,Prov. D.K.I. Jakarta,Kota Jakarta Barat,L,S2,2227,6188.0,1663.7053925072937,2010.7297410188926,1912.3974527497214,1920.0565234147202,1984.594843696964,1424.751622204962,1663.3229195577553
351,Prov. D.K.I. Jakarta,Kota Jakarta Barat,L,S3,193,1086.0,291.98190954475126,180.415094217476,181.0883954560797,238.0235180433872,207.16291910664916,233.04786906226443,214.63103800651203
352,Prov. D.K.I. Jakarta,Kota Jakarta Barat,L,Sp-1,6,18.0,4.8394791637251595,3.2905915223251396,3.6894993074281923,5.155181541731966,4.927183907725639,7.242704570917879,4.515948955844115
353,Prov. D.K.I. Jakarta,Kota Jakarta Barat,P,D3,370,1131.0,304.0806074540642,314.94743806941636,297.3822450617944,310.92657582292276,314.45807610134233,263.19331355761796,264.11342663364235
354,Prov. D.K.I. Jakarta,Kota Jakarta Barat,P,D4,158,828.0,222.61604153135733,162.2056811233569,162.36990585992007,178.42853571171884,158.61607316478424,125.28526339391969,137.68271277095522
355,Prov. D.K.I. Jakarta,Kota Jakarta Barat,P,Profesi,911,1922.0,516.7488307044309,3280.1044263484523,2442.411575315739,2431.8160537095355,1447.1775905468105,3822.5858458738617,2785.0568501808557
356,Prov. D.K.I. Jakarta,Kota Jakarta Barat,P,S1,13914,68248.0,18349.15410921748,12212.594138812383,11900.045151325066,12575.781586740259,13949.982687112677,9968.834003702263,11628.553122406407
357,Prov. D.K.I. Jakarta,Kota Jakarta Barat,P,S2,1827,4404.0,1184.0592353914224,1661.5345590530471,1588.09612021315,1641.5322683710922,1649.5539301060703,1176.6190470567926,1215.2811727190376
358,Prov. D.K.I. Jakarta,Kota Jakarta Barat,P,S3,95,457.0,122.868998767911,86.45292184615222,87.86380289495371,118.72826688002823,83.26866822027368,90.8785751575187,89.70399189291417
359,Prov. D.K.I. Jakarta,Kota Jakarta Barat,P,Sp-1,8,26.0,6.990358792047452,5.195399092018075,5.992566347060603,8.582111367826474,7.347069277419587,9.05425369251735,8.132872821983975
360,Prov. D.K.I. Jakarta,Kota Jakarta Pusat,L,D1,42,64.0,17.207037026578345,61.080569635897085,23.01130254087877,19.675681811435815,20.535513607901876,18.550559884771236,18.48404085066057
361,Prov. D.K.I. Jakarta,Kota Jakarta Pusat,L,D2,14,149.0,40.060133077502705,73.94400196444144,57.225510680208444,49.03709574619802,52.186592449603076,32.3250499505642,38.32674958632261
362,Prov. D.K.I. Jakarta,Kota Jakarta Pusat,L,D3,1883,6497.0,1746.7831181512422,1833.1172829040047,1646.2295966452778,1674.8037183179144,1337.856188440965,1446.5766799490466,1715.7200519712535
363,Prov. D.K.I. Jakarta,Kota Jakarta Pusat,L,D4,458,3185.0,856.3189520258129,597.9160675498534,580.3807095154872,614.4369059494767,547.3874091080224,676.9452136333308,633.3219700920392
364,Prov. D.K.I. Jakarta,Kota Jakarta Pusat,L,Profesi,1290,1826.0,490.9382751645634,2871.0379120967755,2106.5479309549196,2018.9929624582442,2860.2051009879615,4764.96251242416,4204.564773325436
365,Prov. D.K.I. Jakarta,Kota Jakarta Pusat,L,S1,10385,64351.0,17301.406870270985,10466.03499180703,10109.872033150194,10295.16853651244,10322.996546025746,14828.65427340944,11435.096546698254
366,Prov. D.K.I. Jakarta,Kota Jakarta Pusat,L,S2,3103,8773.0,2358.708372408935,2808.095166892758,2730.5825753858426,2700.5175859011006,2943.1641258552554,2008.8776218598302,2621.3839860408434
367,Prov. D.K.I. Jakarta,Kota Jakarta Pusat,L,S2 Terapan,62,207.0,55.65401038283933,74.36881513909879,66.68470270165929,60.828514179463546,71.95028079606531,32.612865524255824,40.6196181758792
368,Prov. D.K.I. Jakarta,Kota Jakarta Pusat,L,S3,312,1982.0,532.8804279168481,329.3470464890576,335.979488451427,435.4934452938952,413.56591736426026,441.4351005002373,374.2862993986359
369,Prov. D.K.I. Jakarta,Kota Jakarta Pusat,L,Sp-1,268,1291.0,347.09820002051003,235.06979998962385,268.3142261527591,369.5935487333208,260.1941751795438,282.136794023813,265.5966548347703
370,Prov. D.K.I. Jakarta,Kota Jakarta Pusat,L,Sp-2,133,307.0,82.540005736868,97.43673285787565,112.84049714794523,98.96460063149175,106.80865158064039,64.90380899131861,64.20936984918414
371,Prov. D.K.I. Jakarta,Kota Jakarta Pusat,P,D1,25,31.0,8.334658559748886,34.16146597761873,12.961349410153593,11.405076296345358,11.519586614105137,17.469921693717385,21.98998261910426
372,Prov. D.K.I. Jakarta,Kota Jakarta Pusat,P,D2,7,52.0,13.980717584094904,28.43464004910145,22.567586808772628,19.83269315074951,29.76035818679241,17.864630945053765,17.817411780318366
373,Prov. D.K.I. Jakarta,Kota Jakarta Pusat,P,D3,2733,7906.0,2125.606792689506,2539.427549397927,2310.91883262169,2421.166818210445,2005.4628454588826,1787.882884414108,2176.4486121931122
374,Prov. D.K.I. Jakarta,Kota Jakarta Pusat,P,D4,764,4660.0,1252.8873834977358,1003.6925816814987,984.1400508986919,1073.2322746594002,923.8397068161422,1115.728116367441,955.7506511106305
375,Prov. D.K.I. Jakarta,Kota Jakarta Pusat,P,Profesi,4937,6329.0,1701.614645956474,11322.98508811799,8414.626695566389,8290.651752121812,9439.650042206811,11191.567399739006,10419.896393396055
376,Prov. D.K.I. Jakarta,Kota Jakarta Pusat,P,S1,13458,69821.0,18772.070816136355,13138.4294680025,12779.580152039809,13416.777459082034,13893.484987696758,18269.390630250957,14284.810717162394
377,Prov. D.K.I. Jakarta,Kota Jakarta Pusat,P,S2,3366,8395.0,2257.079309970706,3141.585705454494,3061.772209663298,3119.0956502329122,3215.8677983751836,1859.1598443454968,2754.177686955323
378,Prov. D.K.I. Jakarta,Kota Jakarta Pusat,P,S2 Terapan,59,142.0,38.178113402720705,58.754929797162504,53.11140430819018,49.84778832427661,55.50929139483789,34.770593607661674,46.53175670219062
379,Prov. D.K.I. Jakarta,Kota Jakarta Pusat,P,S3,261,1510.0,405.97852984583284,292.863139058648,299.62883675952844,399.9974375626269,308.057548409021,357.7521501028476,314.83282019499876
380,Prov. D.K.I. Jakarta,Kota Jakarta Pusat,P,Sp-1,493,1872.0,503.30583302741655,367.75995287184804,434.01364223421325,612.169900019996,409.41360541705865,429.8004812190442,373.14607248229066
381,Prov. D.K.I. Jakarta,Kota Jakarta Pusat,P,Sp-2,74,192.0,51.62111107973503,65.12345655113539,78.26623682421689,70.23804493752931,71.67987190286091,37.58942830152683,40.39202326624171
382,Prov. D.K.I. Jakarta,Kota Jakarta Selatan,L,D3,814,3745.0,1006.8805260083734,934.5348932562032,890.3784598501169,920.9683069758275,825.197840559312,933.9296813920495,998.1555825803154
383,Prov. D.K.I. Jakarta,Kota Jakarta Selatan,L,D4,900,4931.0,1325.7484309071533,894.2024450864836,892.955144306422,976.1189398631595,737.4247756360752,938.5553712798661,786.0435595099409
384,Prov. D.K.I. Jakarta,Kota Jakarta Selatan,L,Profesi,3694,3530.0,949.0756359972119,3110.247771972646,2909.4039426246122,2791.492714984858,3244.1617315902026,4269.25948173447,4143.552933523694
385,Prov. D.K.I. Jakarta,Kota Jakarta Selatan,L,S1,16038,104708.0,28151.788015296333,15260.751254168787,15508.514006393954,15933.25883555204,15936.17316423686,16160.069450884554,16058.220493354254
386,Prov. D.K.I. Jakarta,Kota Jakarta Selatan,L,S2,3384,11049.0,2970.633626666627,3151.4902660558655,3243.8765530125756,3269.2918336302396,4127.8132234532,2633.853115473117,3271.8440050999775
387,Prov. D.K.I. Jakarta,Kota Jakarta Selatan,L,S2 Terapan,11,25.0,6.7214988385071655,6.186615078747163,6.652742292333079,6.479419376072154,6.220242815132456,8.31393143040489,6.089255913750259
388,Prov. D.K.I. Jakarta,Kota Jakarta Selatan,L,S3,171,1347.0,362.1543574187661,181.0891108494654,203.03196661683458,266.3634500523881,247.506159550189,293.28251526414846,294.787677560053
389,Prov. D.K.I. Jakarta,Kota Jakarta Selatan,P,D3,1603,6146.0,1652.4132744586016,1908.985294188816,1778.6728611274289,1902.4123486364876,1900.429776313858,1505.2173554880126,1718.8438281336284
390,Prov. D.K.I. Jakarta,Kota Jakarta Selatan,P,D4,1406,5320.0,1430.334952834325,1091.6718720458223,1105.1159434870185,1237.21557292216,992.7762801376615,1138.8219983722895,1032.3490071551917
391,Prov. D.K.I. Jakarta,Kota Jakarta Selatan,P,Profesi,14300,13243.0,3560.512364734016,13458.627195801078,12675.12223666366,12490.97524869715,12558.74566867416,11887.850360270917,13100.515306780475
392,Prov. D.K.I. Jakarta,Kota Jakarta Selatan,P,S1,21584,102360.0,27520.50484438374,17953.544142306626,18093.42443803425,19219.070867262373,21098.515402414563,19674.237145923333,19679.85495507321
393,Prov. D.K.I. Jakarta,Kota Jakarta Selatan,P,S2,3354,9414.0,2531.0476026282586,3299.066333388256,3338.5963918975513,3478.568265840402,4029.0900700759958,2242.3580259807422,3004.731125965218
394,Prov. D.K.I. Jakarta,Kota Jakarta Selatan,P,S2 Terapan,6,15.0,4.0328993031042994,5.009354530526838,5.06151307559442,5.012916392617007,4.171090543794363,5.2052285329633765,3.6069113426492967
395,Prov. D.K.I. Jakarta,Kota Jakarta Selatan,P,S3,120,608.0,163.46685175249428,100.3281206261754,110.64528750711693,150.10061412546395,121.52814717079625,145.71070743428606,144.38568921739073
396,Prov. D.K.I. Jakarta,Kota Jakarta Timur,L,D1,23,37.0,9.947818280990605,31.032159643223768,12.180789737902629,10.549445899004551,10.490883820727166,16.20894018041378,20.411413559032354
397,Prov. D.K.I. Jakarta,Kota Jakarta Timur,L,D3,805,3199.0,860.082991375377,760.0581977383468,722.3122391616266,740.0761176042971,704.90562675239,812.1953570655849,888.8349675869575
398,Prov. D.K.I. Jakarta,Kota Jakarta Timur,L,D4,682,3629.0,975.6927713977002,643.9183775707339,633.8243755207687,685.3704375681959,527.8222213951008,815.9138884897487,723.9252644008645
399,Prov. D.K.I. Jakarta,Kota Jakarta Timur,L,Profesi,5391,5752.0,1546.4824527637288,4066.998667755412,4030.656822767964,3724.434612642152,8140.014337908045,8384.121457433175,6452.650368023045
400,Prov. D.K.I. Jakarta,Kota Jakarta Timur,L,S1,11116,71562.0,19240.155995249992,9970.331254279085,10099.138420975785,10302.981834371265,10542.999359265623,13172.27841060842,11731.599453471224
401,Prov. D.K.I. Jakarta,Kota Jakarta Timur,L,S2,2449,8215.0,2208.684518333455,2342.4441840040254,2360.7252054326364,2367.1854185905727,2566.8352673425175,1800.3411978405109,2365.429751927437
402,Prov. D.K.I. Jakarta,Kota Jakarta Timur,L,S3,317,1894.0,509.22075200530287,242.59983125379634,271.2892503509726,352.7536747147759,334.302072621306,400.592144841812,358.0276968477425
403,Prov. D.K.I. Jakarta,Kota Jakarta Timur,P,D1,8,10.0,2.6885995354028664,10.774505799315516,4.086792023028992,3.6712254226720047,4.889169525050862,6.577785405721945,7.692874155190129
404,Prov. D.K.I. Jakarta,Kota Jakarta Timur,P,D3,1336,4002.0,1075.9775340682272,1159.978198447924,1086.537659667739,1149.6015795148494,1172.5398663640997,1117.4756948677118,1215.2683201226425
405,Prov. D.K.I. Jakarta,Kota Jakarta Timur,P,D4,975,4511.0,1212.827250420233,906.6751440784558,906.0406975110267,1008.3967745043162,869.7618654018157,981.9967364823727,876.3799926335781
406,Prov. D.K.I. Jakarta,Kota Jakarta Timur,P,Profesi,14528,14949.0,4019.187445473745,13852.77488810528,13164.248673183549,12635.569328661026,21343.970991950875,11861.402100325879,13170.992318873772
407,Prov. D.K.I. Jakarta,Kota Jakarta Timur,P,S1,14245,69169.0,18596.774126428085,11748.892760654135,11746.431674645633,12412.152199517448,12831.717483446499,17186.872897533533,14485.429085696976
408,Prov. D.K.I. Jakarta,Kota Jakarta Timur,P,S2,1897,5632.0,1514.2192583388944,1900.2286970072894,1910.4639253286323,1975.0063234504703,2086.73576701773,1412.0221231319342,1627.0485936972962
409,Prov. D.K.I. Jakarta,Kota Jakarta Timur,P,S3,199,1105.0,297.09024866201673,183.2711240561698,197.43639363789995,266.4364150132023,208.03548808936807,235.7601378405676,224.54226338467234
410,Prov. D.K.I. Jakarta,Kota Jakarta Utara,L,D3,668,2310.0,621.0664926780621,708.3322259568774,577.4334623041526,598.3010698774887,623.117641319457,604.7549296461965,568.3206402368878
411,Prov. D.K.I. Jakarta,Kota Jakarta Utara,L,D4,396,1644.0,442.0057636202312,307.08789873165296,280.14996492216494,300.5471580698794,271.4759880242596,440.87310074369447,379.1748008941696
412,Prov. D.K.I. Jakarta,Kota Jakarta Utara,L,Profesi,95,130.0,34.95179396023726,130.3193005149147,106.89136080377357,100.73639837420528,108.06833254615553,115.65701339015992,132.01691299451423
413,Prov. D.K.I. Jakarta,Kota Jakarta Utara,L,S1,1421,8176.0,2198.1989801453833,1229.7880345226006,1144.7587390797967,1164.751387091318,1169.1412939307304,1388.4408321104972,1192.238381185559
414,Prov. D.K.I. Jakarta,Kota Jakarta Utara,L,S2,117,478.0,128.515057792257,139.63689341139516,132.18703903193258,132.23375774533196,138.34387349460656,110.3225068904765,126.3375229450225
415,Prov. D.K.I. Jakarta,Kota Jakarta Utara,L,S2 Terapan,41,108.0,29.036874982350955,29.59158234360114,27.673278964897943,25.151019290719912,28.61097880066793,22.319975407048716,29.098255062896786
416,Prov. D.K.I. Jakarta,Kota Jakarta Utara,L,S3,32,177.0,47.588211776630736,21.4417933547167,23.21487563848846,29.88172703423915,32.28641263597813,22.183582119447358,23.385181335974906
417,Prov. D.K.I. Jakarta,Kota Jakarta Utara,P,D3,333,903.0,242.78053804687883,291.1341701507921,247.7988279349437,262.26090864776114,262.00747904512605,207.0787129727909,246.72990519179794
418,Prov. D.K.I. Jakarta,Kota Jakarta Utara,P,D4,76,290.0,77.96938652668312,61.9546596022285,57.13211212433969,63.03138532368508,62.64969556351541,47.17233419398695,26.327389953055103
419,Prov. D.K.I. Jakarta,Kota Jakarta Utara,P,Profesi,466,533.0,143.30235523697277,744.9010964423754,571.9939895383054,562.5062363276576,460.0064655943905,734.0300946458042,608.3550111555707
420,Prov. D.K.I. Jakarta,Kota Jakarta Utara,P,S1,1524,7919.0,2129.1019720855297,1375.1756940809655,1289.3690834343795,1350.37554613193,1488.8778600368992,1473.7734380934469,1473.788527481922
421,Prov. D.K.I. Jakarta,Kota Jakarta Utara,P,S2,115,292.0,78.5071064337637,100.074806949693,94.75471954312782,97.48036575132522,93.78588942882189,80.60742066775752,84.54399090719056
422,Prov. D.K.I. Jakarta,Kota Jakarta Utara,P,S2 Terapan,11,27.0,7.259218745587739,8.641494442056096,8.102299280944186,7.584610330448397,9.145655616534603,9.176506650490973,8.198252522835915
423,Prov. D.K.I. Jakarta,Kota Jakarta Utara,P,S3,15,63.0,16.93817707303806,8.962170024941358,9.708511094521599,12.876321204543908,12.20428034373863,9.365268616743126,7.271205382569534
424,Prov. Gorontalo,Kab. Bone Bolango,L,D3,50,190.0,44.58727906407616,36.8467209756296,28.248247525692335,24.369809073150968,31.841652563186276,18.35836994463179,18.328400309620335
425,Prov. Gorontalo,Kab. Bone Bolango,P,D3,22,98.0,22.997649201470857,21.39731274485788,16.301660872202792,14.157019069531154,15.009074251260072,17.110410134921384,20.1434624425422
426,Prov. Gorontalo,Kab. Gorontalo,L,Profesi,35,40.0,9.386795592437085,47.93744639311914,38.97206365459261,37.97449345231593,30.54978948320191,23.743824799914293,25.560597442699585
427,Prov. Gorontalo,Kab. Gorontalo,L,S1,366,2937.0,689.2254663746929,373.6359098089504,301.5857924438386,273.1685477597123,359.5819516352471,351.90135652425676,302.71513422595
428,Prov. Gorontalo,Kab. Gorontalo,L,S2,60,308.0,72.27832606176555,68.21038827144343,56.827179551723184,48.368634982795086,86.63605759643919,32.02249872363675,42.98218028047543
429,Prov. Gorontalo,Kab. Gorontalo,P,Profesi,217,252.0,59.136812232353634,338.4459501275492,273.0598502108192,267.32837695416083,186.54145785236716,238.79860029937865,226.531631756014
430,Prov. Gorontalo,Kab. Gorontalo,P,S1,873,4403.0,1033.251524837512,728.3234429579112,609.3756814020729,589.6370681918083,609.2714262844412,735.4573233701383,754.9684461480551
431,Prov. Gorontalo,Kab. Gorontalo,P,S2,71,250.0,58.66747245273178,71.88318835915393,62.05032201562503,56.384858136823944,56.2065887883831,40.4053730462873,32.8372077723683
432,Prov. Gorontalo,Kab. Gorontalo Utara,L,S1,93,575.0,134.9351866412831,69.70329865883458,53.95629294239533,47.6405396807188,45.622552883608314,35.332634745923166,43.09755624091238
433,Prov. Gorontalo,Kab. Gorontalo Utara,P,S1,109,699.0,164.03425297783807,116.06151330126264,94.5572527951288,91.1223691785654,116.11173070454228,107.84203759288505,109.6914779640963
434,Prov. Gorontalo,Kab. Pohuwato,L,S1,276,806.0,189.14393118760725,99.83345659971414,77.88492545201726,69.31495498876869,61.865788674660216,83.45539089475079,90.87659500090766
435,Prov. Gorontalo,Kab. Pohuwato,P,S1,476,1160.0,272.2170721806755,193.64477467987567,158.25047445125375,152.69299901438168,170.33424636451107,188.18745489263085,168.9138658211495
436,Prov. Gorontalo,Kota Gorontalo,L,D3,31,196.0,45.995298402941714,49.66769151843403,42.91232566015627,42.30210618467616,45.72887638990023,54.32093964275151,62.62166208754911
437,Prov. Gorontalo,Kota Gorontalo,L,D4,10,150.0,35.20048347163907,22.206143274679246,19.2137389412553,18.665225831877752,20.741640170199037,25.231121367371156,22.449406971613868
438,Prov. Gorontalo,Kota Gorontalo,L,Profesi,3671,3744.0,878.6040674521112,4617.933350438076,3931.2033220879607,3829.003162099383,7502.26501360663,4770.4359957024935,3991.324438916268
439,Prov. Gorontalo,Kota Gorontalo,L,S1,1828,15537.0,3646.0660779923746,2119.931254613715,1809.7848899945084,1679.2599773641875,1999.4770528565618,2323.844419168634,2060.1448255845485
440,Prov. Gorontalo,Kota Gorontalo,L,S2,179,762.0,178.81845603592646,200.52241843083786,182.45210960522076,164.7102627936264,182.43644986083763,177.5599521911424,221.0609888799637
441,Prov. Gorontalo,Kota Gorontalo,L,S3,11,80.0,18.77359118487417,10.294379785586978,9.66213890103714,11.368917449839358,14.380906968747233,14.228486542870407,12.999569866140497
442,Prov. Gorontalo,Kota Gorontalo,P,D3,197,949.0,222.70172543056984,259.51923816215196,219.87691885289337,215.10368402927162,248.57917758070224,242.6574565673514,243.02469680649136
443,Prov. Gorontalo,Kota Gorontalo,P,D4,76,454.0,106.54012997416092,65.44903856869178,53.993208375213996,49.53620514870407,85.08205392277321,78.14631269484607,92.67799852527256
444,Prov. Gorontalo,Kota Gorontalo,P,Profesi,10949,10868.0,2550.392362465156,15222.881386723506,12910.776230437408,12703.916447506583,22788.30161323748,9277.087950747155,10059.420544155751
445,Prov. Gorontalo,Kota Gorontalo,P,S1,3836,24266.0,5694.4995461519575,4137.903583399335,3617.6860589654443,3534.100923044449,4020.9333628286845,3698.9903595834626,3790.4531602599186
446,Prov. Gorontalo,Kota Gorontalo,P,S2,190,658.0,154.41278749559004,220.6123727143141,206.83667746406317,197.80230204922165,226.78701356260683,184.63168336219968,210.79112499272057
447,Prov. Gorontalo,Kota Gorontalo,P,S3,11,90.0,21.12029008298344,14.608972418736137,14.087582039331766,17.487540548831404,18.409186215950786,14.927057539079852,15.235729514728721
448,Prov. Jambi,Kab. Batang Hari,L,S1,131,1516.0,356.7582406823539,204.330921444734,166.37999365181506,158.9562608985337,198.47817820659841,211.78250337989476,195.15958728323778
449,Prov. Jambi,Kab. Batang Hari,L,S2,3,25.0,5.8832163700915885,9.09478208866015,8.65275421454956,9.168361084234432,7.283574568515916,7.528660840016505,7.354896866775823
450,Prov. Jambi,Kab. Batang Hari,P,S1,288,2042.0,480.5411131090809,349.33246427896904,293.7944080967038,295.62600872949554,376.46759309425414,378.7757735444046,393.66592923010955
451,Prov. Jambi,Kab. Batang Hari,P,S2,1,23.0,5.412559060484261,9.199245995811763,8.646359125819474,9.160073044165014,7.413467995374563,5.118435200492899,4.946662433458698
452,Prov. Jambi,Kab. Bungo,L,D3,14,59.0,13.884390633416148,13.089758515227459,11.1978515078531,10.802571144752465,13.925419080092292,11.632668538436516,11.741127839188389
453,Prov. Jambi,Kab. Bungo,L,S1,600,3443.0,810.2365584890135,420.37125783589767,354.95296596760136,329.23694935310846,474.1114154400775,427.83449807642216,442.8023666201577
454,Prov. Jambi,Kab. Bungo,P,D3,25,170.0,40.0058713166228,48.80989285628375,43.38700413496691,44.39444125187218,46.38346334102021,46.013046009586034,45.769333159750865
455,Prov. Jambi,Kab. Bungo,P,S1,978,4007.0,942.9619197982797,690.7147540697047,622.6865809728272,632.1256235771915,762.0608851199617,740.0456500605534,718.758619912737
456,Prov. Jambi,Kab. Kerinci,L,D3,71,183.0,43.06514382907042,55.38332612621018,47.733911825981636,50.422274069087806,39.408252496149146,35.19179888595521,26.457159675682544
457,Prov. Jambi,Kab. Kerinci,L,Profesi,519,86.0,20.238264313115064,115.92658067729214,99.87012669591762,103.17164736880434,124.84599000312356,91.20708051737185,129.2227614292336
458,Prov. Jambi,Kab. Kerinci,L,S1,243,1668.0,392.52819621251075,226.74854325126338,181.41448472624904,170.93170725272853,156.31978728798606,234.2720889396147,239.4476220298572
459,Prov. Jambi,Kab. Kerinci,L,S2,51,159.0,37.4172561137825,50.12763698778551,44.70892251887983,44.22218351711542,43.81344056743361,42.763870778862334,53.32453645817671
460,Prov. Jambi,Kab. Kerinci,P,D3,7,17.0,4.00058713166228,5.462245792151392,4.600843777665043,4.7980354445304565,4.183620742444451,4.951045937880356,5.094951635970084
461,Prov. Jambi,Kab. Kerinci,P,Profesi,861,219.0,51.53697540200231,324.5643363565597,276.2309515588352,285.31554163232573,335.11902384392,255.2961959989674,261.72193143942746
462,Prov. Jambi,Kab. Kerinci,P,S1,443,2134.0,502.19134935101795,350.8662914992057,285.6395652261096,278.5499943714816,306.73629382932126,304.1100759934608,348.87305249738966
463,Prov. Jambi,Kab. Kerinci,P,S2,65,167.0,39.29988535221181,63.193744799665104,57.21523619377267,58.41020750762897,51.284757802990086,56.31073651912082,69.45896903479658
464,Prov. Jambi,Kab. Merangin,L,S1,113,2155.0,507.13325110189487,278.5615050921563,238.90196081367372,227.53700809685907,287.1690077858795,263.5329957293058,229.91456850559462
465,Prov. Jambi,Kab. Merangin,P,Profesi,50,51.0,12.00176139498684,53.94020046127217,45.02492296465526,42.36820447238819,64.37228782793323,34.09484946664831,32.46471703787575
466,Prov. Jambi,Kab. Merangin,P,S1,131,2857.0,672.3339667740667,439.4575781793226,381.57196073191216,373.92410296054396,531.7889801098138,339.24345210539235,366.88352389631825
467,Prov. Jambi,Kab. Muaro Jambi,L,D3,78,359.0,84.48298707451521,183.0030567044952,104.44488349841957,84.00836884273544,122.23524263601567,97.23364310082057,101.62721368999992
468,Prov. Jambi,Kab. Muaro Jambi,L,D4,6,142.0,33.41666898212022,47.84352554707204,28.883070782168065,24.579473898723723,39.26511917375927,21.479136776720722,18.4322580405893
469,Prov. Jambi,Kab. Muaro Jambi,L,Profesi,1464,1611.0,379.11446288870195,3821.5304939741777,2245.2833906399474,1766.8159974188586,5871.625876778392,2013.949106588792,1790.6541192138097
470,Prov. Jambi,Kab. Muaro Jambi,L,S1,1757,11110.0,2614.5013548687016,3644.3021655731955,2175.359362786185,1764.0088234627717,1878.9936239907097,1769.1950964183575,1632.582182046247
471,Prov. Jambi,Kab. Muaro Jambi,L,S2,176,604.0,142.13850750141276,349.6645124141127,215.51247343165767,164.89471388518788,325.8433426198776,168.43871443269924,186.6686055110255
472,Prov. Jambi,Kab. Muaro Jambi,L,S3,60,306.0,72.01056836992103,86.10230457339392,54.3769828199688,54.07562037533158,110.58751248330455,65.55957851175913,60.92254157289499
473,Prov. Jambi,Kab. Muaro Jambi,P,D3,100,434.0,102.13263618478997,258.1929083088037,148.99560292565138,121.87746268757137,157.50127290098146,119.290738771691,143.01066654570687
474,Prov. Jambi,Kab. Muaro Jambi,P,D4,39,352.0,82.83568649088956,135.98497366242344,82.17761926832517,70.98171729138426,123.56889259509279,91.74615663732362,93.87370317001594
475,Prov. Jambi,Kab. Muaro Jambi,P,Profesi,3830,4339.0,1021.091033193096,11374.338005840631,6612.524445024759,5212.197354292075,17402.417563805957,5667.39727486483,6351.777358125868
476,Prov. Jambi,Kab. Muaro Jambi,P,S1,3603,18244.0,4293.335978238038,6875.733324600739,4099.825115768207,3385.91738035935,3860.562390709386,3483.0325216660563,3134.934949883197
477,Prov. Jambi,Kab. Muaro Jambi,P,S2,265,739.0,173.90787589990734,503.66871794835794,313.2474147172847,245.64800641631484,447.69525044919135,186.34359478698997,243.02421701552942
478,Prov. Jambi,Kab. Muaro Jambi,P,S3,34,232.0,54.59624791444994,79.14790756750506,50.89992215568,52.435010461878846,91.7295271999427,47.90168123333774,41.303210044100474
479,Prov. Jambi,Kab. Sarolangun,L,S1,11,645.0,151.78698234836298,76.80327196729716,63.59400846075042,58.41670019660498,112.52579251865528,76.80515732072197,69.65772108261095
480,Prov. Jambi,Kab. Sarolangun,P,S1,29,1066.0,250.86034602070532,155.13815088315357,131.1327753971197,125.1444658421315,160.5437267160341,135.17329181668893,132.59621938330568
481,Prov. Jambi,Kab. Sungai Penuh,L,D3,26,158.0,37.181927458978834,36.006126917850125,31.790028051682523,31.140422630255294,37.74099776466768,34.84400748343626,29.198203472905668
482,Prov. Jambi,Kab. Sungai Penuh,L,S1,256,2610.0,614.2077890375618,269.3306049254756,221.29179992265847,193.9205852479187,245.98332572256984,275.88899297255153,222.45397330259956
483,Prov. Jambi,Kab. Sungai Penuh,P,D3,69,274.0,64.4800514162038,77.23517722178761,69.87108852316913,71.41602077738335,75.54800888460356,70.52421618330199,73.28228025911791
484,Prov. Jambi,Kab. Sungai Penuh,P,S1,228,1731.0,407.3539014651416,221.89889620248366,187.0600452525251,171.30919374893634,169.8370238088124,241.05380264921823,234.10859071545687
485,Prov. Jambi,Kab. Tanjung Jabung Barat,L,S1,215,920.0,216.50236241937043,122.71122286333939,98.4504880803432,94.62749478258728,65.3959472533308,97.91009535295481,107.48095839007642
486,Prov. Jambi,Kab. Tanjung Jabung Barat,P,S1,364,1131.0,266.15670858294345,190.14373795049772,157.2230438290522,158.7604747070669,135.11831350878123,180.82998297434943,183.90486531629298
487,Prov. Jambi,Kab. Tanjung Jabung Timur,L,S1,80,931.0,219.09097762221074,159.11348403834089,128.1802301775733,132.46346411161355,132.59111418126116,136.92145802455994,117.60326873874375
488,Prov. Jambi,Kab. Tanjung Jabung Timur,P,S1,89,735.0,172.9665612806927,144.95335095133166,117.10320598543035,123.13544265962946,155.36074654211004,141.42676310477907,144.27950624148465
489,Prov. Jambi,Kab. Tebo,L,S1,79,482.0,113.42841161536582,78.55624307201167,67.84197703993905,69.43176266962655,77.63665970315782,67.15382810555457,59.41030329946775
490,Prov. Jambi,Kab. Tebo,P,S1,134,754.0,177.4378057219623,144.08585053425182,125.40438535560472,131.34781471302077,174.33485580900032,145.9765609506356,147.97426785767732
491,Prov. Jambi,Kota Jambi,L,D3,181,714.0,168.02465952981575,189.0815554708509,185.00694260294395,192.22987353036385,184.1175311911391,169.16857154415155,165.15073903209034
492,Prov. Jambi,Kota Jambi,L,D4,181,473.0,111.31045372213285,88.62822192547299,92.12232910748321,105.5179168522602,80.60913935735087,68.43260336113701,56.21891436911182
493,Prov. Jambi,Kota Jambi,L,Profesi,524,218.0,51.301646747198646,194.9061166506482,175.0287204261186,160.79648300313528,251.74214084343086,262.4671074145934,189.69857779713982
494,Prov. Jambi,Kota Jambi,L,S1,2149,16623.0,3911.8682288012988,2494.6298482819475,2435.572308498082,2454.883703114451,2305.589849990565,2627.867864650895,2350.939683533468
495,Prov. Jambi,Kota Jambi,L,S2,165,1223.0,287.8069448248805,389.5631320826127,412.60758591708134,422.7033812430615,426.4219681267322,417.3788216956501,415.1839225940066
496,Prov. Jambi,Kota Jambi,L,S3,30,303.0,71.30458240551005,53.16931006349308,59.98525508284711,83.5787603702116,49.35833235339264,52.77784406240904,47.526803488648746
497,Prov. Jambi,Kota Jambi,P,D3,549,1615.0,380.0557775079166,530.5670835480994,532.6616603320213,577.8354152524266,468.97498301688836,449.92082122828793,455.43982538358637
498,Prov. Jambi,Kota Jambi,P,D4,1538,3388.0,797.293482474812,702.5347559434263,724.012089109136,829.8428986749029,643.854832593383,834.4849270923121,803.4398721540729
499,Prov. Jambi,Kota Jambi,P,Profesi,2489,1512.0,355.81692606313925,1935.7483011501201,1863.7725312832933,1883.8920546093864,2157.867825740105,1434.3805661241115,1692.8417456940342
500,Prov. Jambi,Kota Jambi,P,S1,4100,19913.0,4686.099503105352,3633.6956949181636,3615.854418691527,3779.3161669937226,3652.592077921935,3768.238155598684,3565.630805751006
501,Prov. Jambi,Kota Jambi,P,S2,136,820.0,192.9694969390041,304.60208809810604,324.59245428083955,339.65390362522606,294.9794966916317,236.45451441182894,283.2725576922035
502,Prov. Jambi,Kota Jambi,P,S3,20,127.0,29.886739160065268,24.27448267765374,26.97738749609662,37.45542277662987,21.639456999773337,18.287507626982887,18.285733520266724
503,Prov. Jawa Barat,Kab. Bandung,L,D3,533,1715.0,397.0558252557804,458.1316729312961,455.966667012093,501.2119082630447,457.60148691527866,364.55929053994106,388.1518993587731
504,Prov. Jawa Barat,Kab. Bandung,L,D4,79,597.0,138.21710068670606,98.20972998997851,98.84968697306256,113.0184376060522,116.406171175076,132.8367185952384,109.5813939086704
505,Prov. Jawa Barat,Kab. Bandung,L,Profesi,13,2.0,0.46303886327204713,3.0700348268103492,2.991734573152438,3.141494523363335,3.4270276000861375,2.998095882013127,4.107450354777121
506,Prov. Jawa Barat,Kab. Bandung,L,S1,5626,28803.0,6668.454189412387,4888.421850898977,5045.365445047876,5419.89547007549,5702.229374006318,4092.4751373200843,3845.675854790709
507,Prov. Jawa Barat,Kab. Bandung,L,S2,507,1420.0,328.7575929231535,455.40765116038756,462.5762306200924,471.35114916012566,476.3214001644809,364.48498091533304,360.7554865557345
508,Prov. Jawa Barat,Kab. Bandung,L,S3,3,39.0,9.02925783380492,6.742225420953778,7.7642315031939235,11.22437977817412,6.468143634193487,5.778948435091343,4.8399011331479995
509,Prov. Jawa Barat,Kab. Bandung,P,D3,476,1396.0,323.2011265638889,416.58472260954164,413.4842043260892,452.91841926198435,415.30512153764823,325.1425046896876,363.03288553477483
510,Prov. Jawa Barat,Kab. Bandung,P,D4,28,366.0,84.73611197878462,60.77347273325578,57.754288399739174,63.811268477232865,69.06072945074783,62.19676977538,61.72411793405511
511,Prov. Jawa Barat,Kab. Bandung,P,Profesi,9,21.0,4.861908064356495,21.863893004291903,16.194522689355097,14.235265341638767,36.376887860645496,11.417321927618435,12.496818246127555
512,Prov. Jawa Barat,Kab. Bandung,P,S1,4002,21335.0,4939.467073954563,4010.9210323861835,4111.554547951991,4410.606194249342,4829.888507063339,3673.0206210603374,3782.3299158531972
513,Prov. Jawa Barat,Kab. Bandung,P,S2,500,1012.0,234.29766481565585,370.14420863514397,379.6151969123054,392.5546792819606,388.0928516135959,309.60174107830846,367.2756560477985
514,Prov. Jawa Barat,Kab. Bandung,P,S3,1,12.0,2.7782331796322826,2.322520118195241,2.6733224194535756,3.895222623133349,2.028395486681669,3.324934321214149,2.4818480691180924
515,Prov. Jawa Barat,Kab. Bandung Barat,L,D3,79,226.0,52.323391549741324,63.51234702048548,58.408007483910644,64.18511507724205,66.82280009514145,61.11272164382418,54.04437055030427
516,Prov. Jawa Barat,Kab. Bandung Barat,L,Profesi,47,61.0,14.122685329797438,74.72105892241589,58.16426383682081,58.137474325166046,45.40396987127153,44.07297899304072,42.10479752727614
517,Prov. Jawa Barat,Kab. Bandung Barat,L,S1,583,1814.0,419.97624898774677,295.5195164457104,268.72900930439454,285.9176421817276,289.14547621114417,248.78346577966778,246.82110505694817
518,Prov. Jawa Barat,Kab. Bandung Barat,L,S2,50,116.0,26.856254069778732,38.02952901494528,35.32731081704872,37.55813306742013,39.588317739469574,43.29350123560583,39.19869773033481
519,Prov. Jawa Barat,Kab. Bandung Barat,P,D3,164,371.0,85.89370913696474,118.2602153454132,109.4840856328503,121.8519927247422,155.34234304099135,110.76726410384875,116.72065620969884
520,Prov. Jawa Barat,Kab. Bandung Barat,P,Profesi,157,205.0,47.46148348538483,285.81556985239735,224.39800077957005,227.45513446326547,174.4305173249732,199.9084852288354,182.35192431943324
521,Prov. Jawa Barat,Kab. Bandung Barat,P,S1,573,2055.0,475.77243201202845,389.7244249217314,361.86725884878064,393.7087856744962,399.7347901362348,320.17816952027005,314.98130064965693
522,Prov. Jawa Barat,Kab. Bandung Barat,P,S2,27,56.0,12.96508817161732,20.88251221270924,19.558492548607845,21.081391576919142,21.711910576995653,15.109945563446903,13.44246211125256
523,Prov. Jawa Barat,Kab. Bekasi,L,D3,548,1751.0,405.3905247946773,467.3386393477571,490.5403718572184,530.0254895158074,494.40591699487067,441.94192418845296,430.54917350459385
524,Prov. Jawa Barat,Kab. Bekasi,L,D4,424,1790.0,414.41978262848215,313.72103777223015,345.43510560755834,403.56754235470254,384.01848731279915,382.1132521363208,381.17740038878105
525,Prov. Jawa Barat,Kab. Bekasi,L,Profesi,17,16.0,3.704310906176377,22.028218743949306,21.45832152691875,22.44690472017974,19.010222087010273,10.765932513473707,14.355366880039979
526,Prov. Jawa Barat,Kab. Bekasi,L,S1,2443,20714.0,4795.693506908592,2774.916135987756,2662.1765102497084,2641.225765941537,2798.6081722094655,3132.33977508212,2637.7078526515015
527,Prov. Jawa Barat,Kab. Bekasi,L,S2,131,421.0,97.46968071876591,97.27925974088804,87.6314339191711,82.02168091357449,84.11906517499048,81.71784238622014,97.623587052852
528,Prov. Jawa Barat,Kab. Bekasi,P,D3,471,1461.0,338.2498896202304,391.9753109455586,387.73635514338764,405.7381166877006,435.4213446773715,335.74510528023126,379.8096340991971
529,Prov. Jawa Barat,Kab. Bekasi,P,D4,254,1118.0,258.8387245690744,216.11852454778355,235.91235723990445,276.1358886016504,234.04675348217853,231.37043690996035,199.08461813989004
530,Prov. Jawa Barat,Kab. Bekasi,P,Profesi,122,163.0,37.73766735667184,247.87387482064648,239.5762457881766,251.334480869891,204.4346418210978,155.8936620970858,171.2575780202022
531,Prov. Jawa Barat,Kab. Bekasi,P,S1,2933,18332.0,4244.214220751584,2951.6371049446825,2942.4158599378934,3021.4871932617025,3067.4118564943738,3154.2166915230955,3197.3317248788885
532,Prov. Jawa Barat,Kab. Bekasi,P,S2,66,273.0,63.20480483663443,72.68619102952766,66.48525870913033,63.39374974585444,70.33923913675784,56.34219203617404,66.27542349550275
533,Prov. Jawa Barat,Kab. Bogor,L,D3,187,614.0,142.15293102451847,199.51658665861154,166.40603124297346,180.7984478579953,150.9393074783236,157.9353436421702,158.56393252521607
534,Prov. Jawa Barat,Kab. Bogor,L,D4,1081,4932.0,1141.8538368288682,942.0530170172793,778.7556587831843,911.4483536787956,853.2866743246763,852.5323077805535,767.1366598297992
535,Prov. Jawa Barat,Kab. Bogor,L,Profesi,102,180.0,41.67349769448424,306.0204274309391,238.769450524991,253.06483624142487,292.2340068183445,201.85496273216646,258.6073829489691
536,Prov. Jawa Barat,Kab. Bogor,L,S1,4085,23228.0,5377.733358041555,3836.895488178887,2955.4239264504336,3064.326593114516,3419.6304276564406,4130.345609880238,3985.168009460322
537,Prov. Jawa Barat,Kab. Bogor,L,S2,1424,3968.0,918.6691047317415,1515.712388077839,1282.287853870106,1351.3187319401743,1349.0737883795846,1073.0257893473554,1023.6680350415447
538,Prov. Jawa Barat,Kab. Bogor,L,S2 Terapan,23,36.0,8.334699538896848,17.042786823047404,14.885780901322903,13.249816666241198,33.84838010468213,11.807739953909715,8.038549163662186
539,Prov. Jawa Barat,Kab. Bogor,L,S3,203,1057.0,244.7160392392769,198.80564310287826,181.4778350282332,262.3807242362703,152.40324519349934,211.3031932910345,193.10037688044517
540,Prov. Jawa Barat,Kab. Bogor,P,D3,436,1609.0,372.5147655023619,522.2385512439844,409.1338988509416,430.27686941363754,472.4491060194756,373.28067391747885,378.71802901574006
541,Prov. Jawa Barat,Kab. Bogor,P,D4,1921,6546.0,1515.5261994894101,1384.4291109015594,1137.4366401724274,1341.0052959561967,1223.1683614205135,1526.2399803994995,1296.593661381757
542,Prov. Jawa Barat,Kab. Bogor,P,Profesi,181,357.0,82.65243709406042,663.1674323374158,510.22540104945233,538.7592037487282,697.3639871964898,683.1498035996893,827.8588032813784
543,Prov. Jawa Barat,Kab. Bogor,P,S1,5783,27183.0,6293.392710162028,5161.995679033061,4035.5548601423484,4293.680317829368,4882.716552110707,6363.611753251694,5471.309608288556
544,Prov. Jawa Barat,Kab. Bogor,P,S2,1253,3521.0,815.1799187904389,1517.7565101879577,1289.001849602721,1373.1612396920493,1200.9267199779888,1080.1851122272635,1268.7010306732532
545,Prov. Jawa Barat,Kab. Bogor,P,S2 Terapan,6,10.0,2.3151943163602358,5.152183166865908,4.428991418916465,3.9319527929924285,11.085285482119406,4.155035621054541,3.0804439391707574
546,Prov. Jawa Barat,Kab. Bogor,P,S3,172,901.0,208.59900790405723,189.91120204305818,173.3717996224668,252.734244546697,138.7485558414529,216.45758290694053,203.28472498473855
547,Prov. Jawa Barat,Kab. Ciamis,L,D3,34,95.0,21.994346005422237,25.36479139313121,24.272146453028014,25.29573936799492,30.361126249333957,27.981907293567637,27.994618868328775
548,Prov. Jawa Barat,Kab. Ciamis,L,Profesi,717,747.0,172.9450154321096,1119.1010974889336,1040.5918667527737,1083.155743284642,4355.864210001217,704.5876891065224,758.9326309653891
549,Prov. Jawa Barat,Kab. Ciamis,L,S1,1021,5665.0,1311.5575802180736,860.6413363161089,806.1602028678989,808.326476340269,780.1994796422642,910.4424555574725,824.0716822569261
550,Prov. Jawa Barat,Kab. Ciamis,L,S2,137,348.0,80.5687622093362,112.75470888552977,111.36544029746271,113.93813460966302,156.1405292718991,101.99239063520028,101.95720250088345
551,Prov. Jawa Barat,Kab. Ciamis,P,D3,182,352.0,81.4948399358803,109.98720473623044,107.77956415944048,115.08672791880595,133.8033355962337,98.28639663424103,105.49587208151807
552,Prov. Jawa Barat,Kab. Ciamis,P,Profesi,862,893.0,206.74685245096904,1469.1642509063952,1351.152904414456,1407.4447422056242,2348.745934458338,1061.6551774469276,1055.4607433345216
553,Prov. Jawa Barat,Kab. Ciamis,P,S1,1325,5722.0,1324.754187821327,1052.5324163640614,1028.825938923981,1073.1991933681145,1139.1088728051882,1047.6315561801557,1071.8069749920242
554,Prov. Jawa Barat,Kab. Ciamis,P,S2,94,220.0,50.93427495992518,82.03330241044515,82.2138853144296,85.64785085617396,99.22496655825555,85.88224338612198,75.75436015416312
555,Prov. Jawa Barat,Kab. Cianjur,L,D3,1,5.0,1.1575971581801179,1.5191360194880035,1.5421940721284877,1.74009764065044,1.0301813876722277,2.079681801438473,2.0993946664126204
556,Prov. Jawa Barat,Kab. Cianjur,L,D4,9,24.0,5.556466359264565,3.6662333923776877,3.3767175593361363,3.7590156070112766,3.497383842372547,6.917422383484704,4.029988451062187
557,Prov. Jawa Barat,Kab. Cianjur,L,S1,967,4788.0,1108.5150386732807,701.1750524357125,636.3560165275223,649.5102399074912,671.4311238500934,696.0705377661086,665.252545243425
558,Prov. Jawa Barat,Kab. Cianjur,L,S2,99,229.0,53.017949844649394,78.62068202773793,79.23047348219612,85.47348624473096,77.3446921635191,61.573554774794616,58.5775889433648
559,Prov. Jawa Barat,Kab. Cianjur,L,S3,1,3.0,0.6945582949080706,0.3643502865079532,0.3306902542050499,0.4330034017277722,0.3893822157300899,2.1567188418787984,2.014350249983746
560,Prov. Jawa Barat,Kab. Cianjur,P,D3,85,218.0,50.471236096653136,59.47184364179379,53.49246890032723,56.059363721968936,61.78934030533198,65.13548345126257,64.6837956187874
561,Prov. Jawa Barat,Kab. Cianjur,P,D4,11,63.0,14.585724193069485,11.877152755083936,11.523113776318743,13.300665746839078,11.152738277774578,10.538356969564248,10.227776439587531
562,Prov. Jawa Barat,Kab. Cianjur,P,Profesi,6,9.0,2.083674884724212,14.832177709831859,13.497199363336204,14.519459215710041,8.366327380207123,7.405488020383889,8.45501027457974
563,Prov. Jawa Barat,Kab. Cianjur,P,S1,1049,4589.0,1062.4426717777121,807.0446703333682,760.7382852924684,803.5282765625785,794.5213231965845,889.3162609125412,933.9453589847773
564,Prov. Jawa Barat,Kab. Cianjur,P,S2,34,97.0,22.457384868694287,35.04643596256942,34.12817292071422,36.267276268407755,34.80329182877727,32.44253844633679,34.027840274034276
565,Prov. Jawa Barat,Kab. Cianjur,P,S3,2,5.0,1.1575971581801179,0.9546499712955059,1.0425873961337517,1.5603489603210121,0.7068963614862561,2.334654205336863,2.2133542798643564
566,Prov. Jawa Barat,Kab. Cirebon,L,D3,199,887.0,205.3577358611529,234.52170283102257,239.93897854743756,259.8956825774758,249.04679396218074,251.54200982488373,201.33221047955482
567,Prov. Jawa Barat,Kab. Cirebon,L,Profesi,1163,932.0,215.77611028477395,1193.0799217252081,1094.263748822221,1120.891355918049,791.6571186966172,811.7014774646459,872.6400446314617
568,Prov. Jawa Barat,Kab. Cirebon,L,S1,1406,11603.0,2686.3199652727812,1566.3013739044045,1478.3421017560981,1479.369077254052,1452.48557639838,1576.2859754530348,1549.9056081570523
569,Prov. Jawa Barat,Kab. Cirebon,L,S2,65,334.0,77.32749016643187,118.97038057399537,133.0138983279955,147.02427441478514,109.30159229918786,106.21020371049659,95.76523792550721
570,Prov. Jawa Barat,Kab. Cirebon,P,D3,253,912.0,211.14572165205348,274.94129584911764,283.98584813455074,312.1446580982594,267.1904877273853,282.5370083655837,292.46326116320216
571,Prov. Jawa Barat,Kab. Cirebon,P,Profesi,4458,2759.0,638.762111883789,4142.767121951678,3895.8588815748467,4092.252089948594,2879.3688599165675,3340.557750541899,3795.92074736702
572,Prov. Jawa Barat,Kab. Cirebon,P,S1,2551,13013.0,3012.7623638795744,2164.391218364593,2151.621554660245,2248.2036154385223,2198.297775960389,2040.6030739887258,2100.999029650692
573,Prov. Jawa Barat,Kab. Cirebon,P,S2,57,239.0,55.333144161009635,94.25638800405952,104.69649631370979,116.15980428833976,73.15068368465083,51.753904445355026,41.54334454777283
574,Prov. Jawa Barat,Kab. Garut,L,D3,89,316.0,73.16014039698345,86.23745891000242,84.59008791225475,90.42648113969494,83.8967041533628,76.39552947423122,80.97819709761212
575,Prov. Jawa Barat,Kab. Garut,L,Profesi,625,409.0,94.69144753913363,617.05451657026,583.3869924870559,619.4620578912368,293.82249563847824,407.2463698026265,418.37626057575443
576,Prov. Jawa Barat,Kab. Garut,L,S1,1807,10624.0,2459.6624417011144,1545.8530198804472,1432.5542532099116,1439.318943958304,1654.8215498937423,1439.6661139175922,1386.3214263833695
577,Prov. Jawa Barat,Kab. Garut,L,S2,86,331.0,76.6329318715238,78.69900545470088,66.47931813915069,61.70558655056213,63.59590939946508,65.36867245677962,70.07766450312552
578,Prov. Jawa Barat,Kab. Garut,P,D3,338,941.0,217.85978516949817,298.1993119371378,298.26237226986683,325.7396825885578,296.82945574303045,305.66025009259596,303.1308852946705
579,Prov. Jawa Barat,Kab. Garut,P,Profesi,1752,1181.0,273.4244487621438,1949.3992851383396,1819.1648171263157,1930.3959665414895,808.3676836784686,1646.2026841487123,1653.261836917257
580,Prov. Jawa Barat,Kab. Garut,P,S1,2396,11954.0,2767.5832857770256,2104.67151986325,2034.2711485536738,2122.168924846298,2288.9069349323404,1932.3601988122632,1864.065357748818
581,Prov. Jawa Barat,Kab. Garut,P,S2,52,234.0,54.17554700282951,74.60276470164864,69.51669454911489,69.53032053987432,84.54671391026996,72.91831225294868,67.8463694202665
582,Prov. Jawa Barat,Kab. Indramayu,L,D3,428,1294.0,299.5861445370145,350.4906578201056,342.6744463467421,364.8214418093783,283.1479782517396,302.9631741009825,314.59171341004173
583,Prov. Jawa Barat,Kab. Indramayu,L,D4,73,661.0,153.0343443114116,119.32200095067797,123.46949550446632,144.01721222843446,125.42254646153465,116.54867550798754,94.14273169481464
584,Prov. Jawa Barat,Kab. Indramayu,L,Profesi,296,300.0,69.45582949080708,455.0521694855475,431.8568986520316,458.8781408991772,357.28596457834726,361.0513828246928,347.14572079219636
585,Prov. Jawa Barat,Kab. Indramayu,L,S1,536,5382.0,1246.037581065079,738.3473378768718,663.046305280875,650.1115132475733,684.7775508068883,822.1906543319402,768.2878557563954
586,Prov. Jawa Barat,Kab. Indramayu,L,S2,19,108.0,25.004098616690545,24.511605972001153,20.20323997009196,18.408164854183834,19.01465885746972,24.178072972345486,27.120976579662035
587,Prov. Jawa Barat,Kab. Indramayu,P,D3,264,690.0,159.74840782885627,220.3919162724529,221.5789629549139,242.38404717367843,248.25951027635168,176.50039687306707,207.46602425215843
588,Prov. Jawa Barat,Kab. Indramayu,P,D4,33,343.0,79.41116505115609,68.72216281955897,70.70692986761948,82.45019243010493,87.3728095154621,68.35099175904992,47.7423837104058
589,Prov. Jawa Barat,Kab. Indramayu,P,Profesi,1173,1187.0,274.81356535196,1963.0605976319023,1835.3823455862955,1946.4439328863489,1319.2365981190587,1647.8873791097644,1655.5139958839386
590,Prov. Jawa Barat,Kab. Indramayu,P,S1,823,5809.0,1344.8963783736608,999.5320467741633,954.6376110685393,983.9626239655502,1025.371433973431,1026.3030249506887,1080.6856483513025
591,Prov. Jawa Barat,Kab. Indramayu,P,S2,10,49.0,11.344452150165155,17.229876763731617,16.952502698961393,17.55959390041109,16.265149398604926,16.335125500406612,17.075512361961135
592,Prov. Jawa Barat,Kab. Karawang,L,D1,16,16.0,3.704310906176377,13.538842387366747,6.464401131986915,6.425528451487702,7.36399723046278,5.24149409183416,10.549174549282293
593,Prov. Jawa Barat,Kab. Karawang,L,D2,52,92.0,21.299787710514167,42.792603739802715,39.54887040764264,37.2425678147321,21.971894750173064,27.880055597308697,31.47444260449973
594,Prov. Jawa Barat,Kab. Karawang,L,D3,121,641.0,148.40395567869112,166.99488718255557,166.14216715841033,176.52578488338887,162.21840583237795,179.62841455622748,173.22044208485872
595,Prov. Jawa Barat,Kab. Karawang,L,Profesi,1019,1038.0,240.31717003819247,1540.6055975604563,1501.8045308339472,1602.732646909095,866.4645610414777,1145.9489570472424,1043.275515351235
596,Prov. Jawa Barat,Kab. Karawang,L,S1,2239,14927.0,3455.8905560309236,2210.4630345070896,2152.783499496587,2213.026250603576,2150.2492803546475,2120.0784776388614,1934.1593731595224
597,Prov. Jawa Barat,Kab. Karawang,L,S2,63,166.0,38.43222565157991,50.85946610308597,51.338059003071464,52.929508500941466,51.98074447904147,42.65827846657457,37.32736750653062
598,Prov. Jawa Barat,Kab. Karawang,P,D2,2,6.0,1.3891165898161413,3.0372834144519847,2.7626967952253283,2.5948004644321063,1.800655088825279,3.698385973063008,4.098105879950807
599,Prov. Jawa Barat,Kab. Karawang,P,D3,206,1081.0,250.27250559854147,306.27249574548944,299.774391583408,317.5930127021461,313.9075259916592,278.34582904499086,293.253456257118
600,Prov. Jawa Barat,Kab. Karawang,P,Profesi,801,821.0,190.07745337317536,1332.4611912321905,1281.7018479649246,1366.6729661251734,632.5366885129159,934.7440373486229,953.7119230926706
601,Prov. Jawa Barat,Kab. Karawang,P,S1,3161,17886.0,4140.956554241918,3107.9221362070416,3104.443730152911,3276.605699784843,3454.217493073366,2664.055073793392,2769.1762382526545
602,Prov. Jawa Barat,Kab. Karawang,P,S2,50,137.0,31.718162134135227,49.886052883197955,52.00285192002827,55.24825281120708,51.34376870876538,36.807368040941434,34.89532485593915
603,Prov. Jawa Barat,Kab. Kuningan,L,D3,32,82.0,18.984593394153933,23.375237764103943,22.32647984746665,24.167367394397978,21.481658148201564,27.782602236382044,24.52902155606205
604,Prov. Jawa Barat,Kab. Kuningan,L,Profesi,1241,691.0,159.97992726049227,1052.4703526821709,951.0319560507224,1009.7230728507535,996.8090489632034,704.7763820745254,691.6683273502013
605,Prov. Jawa Barat,Kab. Kuningan,L,S1,986,6401.0,1481.9558819021868,912.3473485773932,795.3455267426403,794.7898576671264,1080.3049715759564,967.3458483248744,869.8921089717526
606,Prov. Jawa Barat,Kab. Kuningan,L,S2,106,243.0,56.25922188755373,58.520481974002934,47.3323446779119,43.98194989892573,45.11142970931627,51.95025659846115,58.860165389635526
607,Prov. Jawa Barat,Kab. Kuningan,P,D3,110,317.0,73.39165982861947,102.96747185782266,99.25361293152075,108.99585772616047,163.73736634229323,77.38970793278186,94.94592774304552
608,Prov. Jawa Barat,Kab. Kuningan,P,Profesi,4612,2538.0,587.5963174922279,3982.2950205045954,3436.9378031542756,3566.240580593815,3206.6420273583935,2333.402465433125,2675.6144642866934
609,Prov. Jawa Barat,Kab. Kuningan,P,S1,1619,7534.0,1744.2673979458016,1334.2144280235434,1230.714224581374,1288.72319465931,1568.3376121805968,1348.0812757390815,1287.5724398103584
610,Prov. Jawa Barat,Kab. Kuningan,P,S2,100,186.0,43.06261428430038,62.19878868982637,56.56380220105153,57.374941006821444,60.08537478859465,59.06876725003842,66.68875893200098
611,Prov. Jawa Barat,Kab. Majalengka,L,D3,15,48.0,11.11293271852913,13.589377739324767,11.207083613399409,12.183828694694869,13.751476159893182,14.884976166537564,15.167840036326348
612,Prov. Jawa Barat,Kab. Majalengka,L,Profesi,847,506.0,117.14883240782792,771.8027461060148,604.9116443912368,647.0201773132671,727.1245853841568,567.6465512443013,515.6762122386519
613,Prov. Jawa Barat,Kab. Majalengka,L,S1,639,4146.0,959.8795635629536,574.9194560060367,427.645584149585,423.4685953246191,594.3164492997934,633.3503704364717,601.1585158025661
614,Prov. Jawa Barat,Kab. Majalengka,L,S2,76,187.0,43.294133715936404,68.92202956634252,60.96251601603994,66.77855113276306,67.93516661368736,61.40887751965398,64.41106369110894
615,Prov. Jawa Barat,Kab. Majalengka,P,D3,116,246.0,56.9537801824618,79.49548336663946,66.22586329991452,73.08889421812665,78.65963700701023,69.92383857441924,70.76778326521912
616,Prov. Jawa Barat,Kab. Majalengka,P,Profesi,2913,1697.0,392.88847548633197,2868.8040649534946,2235.072611861824,2400.563735487679,2680.8128400151113,1383.2658097558951,1500.9864470995794
617,Prov. Jawa Barat,Kab. Majalengka,P,S1,959,4766.0,1103.4216111772882,848.3291861982693,679.632014216879,713.228798340939,745.5879069799398,863.8963608357128,908.3866703612678
618,Prov. Jawa Barat,Kab. Majalengka,P,S2,42,98.0,22.68890430033031,40.098138349942566,35.2879771286842,38.838528280130056,36.75305102041623,33.755839236930555,37.75700851279736
619,Prov. Jawa Barat,Kab. Pangandaran,L,D3,46,148.0,34.264875882131484,44.423988169979715,38.34302517605434,42.94654891016227,39.45296405836277,44.3118891096247,46.90041607420544
620,Prov. Jawa Barat,Kab. Pangandaran,L,S1,30,183.0,42.36805598939231,36.796651476060376,33.812440155871506,36.77248237033457,31.242008135028087,40.80027493458559,43.422164559779155
621,Prov. Jawa Barat,Kab. Pangandaran,P,D3,39,125.0,28.939928954502946,40.81613310532854,34.66202362311517,38.692360308056,36.40967157062711,40.11714119551232,44.83821379249929
622,Prov. Jawa Barat,Kab. Pangandaran,P,S1,66,375.0,86.81978686350884,82.07379262669153,74.23173167376177,80.52384750144249,67.87399714787358,72.22553324250589,70.5587228182481
623,Prov. Jawa Barat,Kab. Purwakarta,L,D3,76,283.0,65.51999915299467,74.33673158670963,72.81777262267822,79.03544066536433,77.27647273354764,54.478844173030886,63.784198655779846
624,Prov. Jawa Barat,Kab. Purwakarta,L,D4,45,635.0,147.01483908887496,99.04665038404305,96.3671205744541,109.33760716165028,108.29143302942063,134.59916429009797,105.06739510924581
625,Prov. Jawa Barat,Kab. Purwakarta,L,S1,631,4762.0,1102.4955334507442,637.6387953038923,575.7383089852246,577.043785042169,647.3896184637825,642.71268163949,592.8149201269463
626,Prov. Jawa Barat,Kab. Purwakarta,L,S2,12,52.0,12.039010445073226,16.107257468596387,16.03218698596464,16.902289978566746,19.70975063910494,15.568679688207311,12.359845510117763
627,Prov. Jawa Barat,Kab. Purwakarta,P,D3,91,286.0,66.21455744790273,87.07500314478516,86.88800224131904,96.28193572422985,95.8487227236285,64.31185659866928,74.71333757470741
628,Prov. Jawa Barat,Kab. Purwakarta,P,D4,523,930.0,215.31307142150192,171.80108298797893,172.2420401493456,200.54026949032058,190.44820880245496,190.36291579660008,140.57511551987764
629,Prov. Jawa Barat,Kab. Purwakarta,P,Profesi,605,553.0,128.03024569472103,667.1012723624123,534.8352748407407,520.3507510403261,490.3817329048234,473.71139681830584,480.0361804224278
630,Prov. Jawa Barat,Kab. Purwakarta,P,S1,803,4416.0,1022.38981010468,747.1992994215689,720.4566903305054,761.0065888140875,857.6938647675081,775.7038907041873,803.0806745540443
631,Prov. Jawa Barat,Kab. Purwakarta,P,S2,10,47.0,10.881413286893107,16.695990812728954,16.830389023969644,18.044212007863855,18.16412824777001,17.446577566085498,18.327925440424497
632,Prov. Jawa Barat,Kab. Subang,L,D3,112,841.0,194.70784200589583,205.72082712679764,188.19566787456048,199.43562437944,204.09053516389832,198.26859225884945,176.26862353812444
633,Prov. Jawa Barat,Kab. Subang,L,D4,1,302.0,69.91886835407912,54.928667289379796,56.413171187655855,67.6550595895473,39.718330946018526,38.93584706153678,35.10679285985541
634,Prov. Jawa Barat,Kab. Subang,L,S1,597,5782.0,1338.6453537194882,789.5575421544324,699.7978570175128,709.5311402006314,854.9691837770764,771.5389732767383,731.6494475991898
635,Prov. Jawa Barat,Kab. Subang,L,S2,25,136.0,31.486642702499203,36.503780496455185,32.621989934925026,32.695016857404184,42.74320525710112,33.72367089344881,37.486688326992734
636,Prov. Jawa Barat,Kab. Subang,P,D3,148,917.0,212.3033188102336,245.14065739115097,221.2170789272912,234.17889582807203,251.36198502359733,265.962746728384,267.6314550313112
637,Prov. Jawa Barat,Kab. Subang,P,S1,719,5587.0,1293.4990645504636,929.9241088641426,862.8981515436284,908.9759897874743,941.842550021926,911.9318716560016,969.7351589994661
638,Prov. Jawa Barat,Kab. Subang,P,S2,17,63.0,14.585724193069485,23.543882131813703,23.691756564907006,25.945944789882546,21.471081364700634,21.644175269330873,20.234283917378878
639,Prov. Jawa Barat,Kab. Sukabumi,L,D3,57,129.0,29.86600668104704,37.65110483722787,38.057184413248336,42.46672402504533,32.55331135638697,36.010316171819184,42.25290973881485
640,Prov. Jawa Barat,Kab. Sukabumi,L,S1,1039,8736.0,2022.5537547723018,1241.9127139688187,1128.621985635956,1143.230816872976,1306.8771878850735,1438.7707203819953,1379.4596892816603
641,Prov. Jawa Barat,Kab. Sukabumi,L,S2,151,387.0,89.59802004314112,107.81936450740164,98.66183312276186,98.93576654607209,123.63612861356233,85.2838530278158,106.2792531603214
642,Prov. Jawa Barat,Kab. Sukabumi,P,D3,48,112.0,25.93017634323464,36.14301649221936,36.26748623952037,40.60113520496651,31.08533796303094,31.096882882170704,37.4300062174911
643,Prov. Jawa Barat,Kab. Sukabumi,P,S1,1223,9145.0,2117.2452023114356,1595.6879359856614,1524.1555657359445,1609.9437828395355,1944.2696915289273,1572.4706453152576,1779.0827032767065
644,Prov. Jawa Barat,Kab. Sukabumi,P,S2,56,174.0,40.2843811046681,62.250365558588534,61.36471325135358,65.21887943386697,70.50814359122442,57.471972929651535,55.48970894913529
645,Prov. Jawa Barat,Kab. Sumedang,L,D3,14,61.0,14.122685329797438,17.87172532054449,12.231318086218852,11.913604423781862,16.38387747435509,18.02319641523728,23.910787776563094
646,Prov. Jawa Barat,Kab. Sumedang,L,D4,980,3686.0,853.3806250103829,799.2523992554621,612.8000962996821,677.0948092259271,707.8969870974954,442.17194180741507,361.2230276566232
647,Prov. Jawa Barat,Kab. Sumedang,L,Profesi,392,626.0,144.93116420415075,978.1246735983239,632.6759737897726,604.0189746811959,827.7525491665282,869.0121013041712,793.7707959238649
648,Prov. Jawa Barat,Kab. Sumedang,L,S1,2804,16237.0,3759.1810114741147,3177.507265980117,2328.3096531525707,2361.8851627244603,2612.797649375247,2834.125402590774,2528.2702103732763
649,Prov. Jawa Barat,Kab. Sumedang,L,S2,524,1675.0,387.79504799033947,658.9613129092488,491.9587131902216,488.3875520684205,727.2880942642984,418.79570900128806,503.1407233293005
650,Prov. Jawa Barat,Kab. Sumedang,L,S2 Terapan,44,336.0,77.79052902970392,134.57222350359672,93.15499354786175,72.62079042715003,130.61354589272548,85.49996514602037,96.05924249953446
651,Prov. Jawa Barat,Kab. Sumedang,L,S3,218,1330.0,307.92084407591136,241.32671457200436,187.57746101836125,249.3624509557267,287.5345335110762,219.98186572034845,217.43897425495894
652,Prov. Jawa Barat,Kab. Sumedang,L,Sp-1,171,845.0,195.63391973243992,193.40577774554876,170.51463420179564,240.48423543809295,216.56342302278338,174.01232645140567,194.00108196966264
653,Prov. Jawa Barat,Kab. Sumedang,L,Sp-2,52,123.0,28.4768900912309,49.06190811396391,41.80345531233935,39.84231542815677,43.24477890242013,33.29891865622586,28.394237114198205
654,Prov. Jawa Barat,Kab. Sumedang,P,D3,21,72.0,16.669399077793695,27.737990414640503,20.718488589104687,21.588828513575148,23.26598364613647,23.936941480507418,24.191087428779912
655,Prov. Jawa Barat,Kab. Sumedang,P,D4,805,3416.0,790.8703784686566,804.6894889199087,607.0479205199454,673.0982893818222,667.8362846053805,459.82485691154255,414.72713058132615
656,Prov. Jawa Barat,Kab. Sumedang,P,Profesi,837,1651.0,382.2385816310749,2817.936727809524,1797.551379978547,1714.007198005116,2175.0979581442502,2874.933563420627,2552.1714629829
657,Prov. Jawa Barat,Kab. Sumedang,P,S1,4563,23457.0,5430.751307886205,5280.706298817889,3927.7720850881,4080.1134990491,4162.116025676154,4041.478941236065,4202.7822720090635
658,Prov. Jawa Barat,Kab. Sumedang,P,S2,802,2230.0,516.2883325483325,1008.9484951865261,764.0412809116272,772.1413618044677,1070.117405424946,442.24335055623186,533.1481605265817
659,Prov. Jawa Barat,Kab. Sumedang,P,S2 Terapan,40,150.0,34.72791474540354,69.59154509166818,49.05652099799041,39.03509650887879,62.29142827389273,41.328010789629666,53.990503140506945
660,Prov. Jawa Barat,Kab. Sumedang,P,S3,159,905.0,209.52508563060132,191.43561718872442,152.05545137698013,206.81536596555432,209.0767491829102,206.47051639501774,212.7865600933479
661,Prov. Jawa Barat,Kab. Sumedang,P,Sp-1,171,909.0,210.45116335714542,228.22541369506584,198.89113675163298,280.5936867015887,224.27336241900986,199.65455804172873,215.88540223379195
662,Prov. Jawa Barat,Kab. Sumedang,P,Sp-2,26,65.0,15.048763056341532,28.018781754177816,23.406107050371116,22.19189415540785,25.803448608639197,22.589741199102047,25.30836712399414
663,Prov. Jawa Barat,Kab. Tasikmalaya,L,D3,7,27.0,6.251024654172636,5.98631784173078,5.155279937913677,5.322721591777901,6.1787640566728435,5.9004065980831575,7.61232696980043
664,Prov. Jawa Barat,Kab. Tasikmalaya,L,S1,702,3620.0,838.1003425224053,576.4698996674751,551.8799088081452,597.2719965809563,521.5088711084884,461.3598624870666,435.7329010889444
665,Prov. Jawa Barat,Kab. Tasikmalaya,L,S2,18,88.0,20.373709983970073,17.84098607498588,13.585799417225692,12.399707108368611,10.919528025663737,18.124173066533942,24.22254991274155
666,Prov. Jawa Barat,Kab. Tasikmalaya,P,D3,23,75.0,17.36395737270177,19.037799576017235,16.588896244460127,17.406725481523537,19.849202529925698,16.002135053157055,16.21978779620739
667,Prov. Jawa Barat,Kab. Tasikmalaya,P,Profesi,6,6.0,1.3891165898161413,9.605325837402479,8.669381562716437,9.487813498949068,3.4322534482919456,4.740297209152786,4.221024441523002
668,Prov. Jawa Barat,Kab. Tasikmalaya,P,S1,946,3858.0,893.2019672517789,723.2482918960619,711.3356852896333,790.5005717211574,571.1840281297253,570.0809404759576,605.6282293912838
669,Prov. Jawa Barat,Kab. Tasikmalaya,P,S2,7,33.0,7.6401412439887775,7.949119921138908,6.25024356777727,5.877727970365964,6.4048279307377145,5.3557449781394215,5.646347312108963
670,Prov. Jawa Barat,Kota Bandung,L,D1,16,18.0,4.167349769448424,16.125389514594996,8.37625625240363,7.93591779515626,26.24085478605283,10.348182211214192,10.941038596817076
671,Prov. Jawa Barat,Kota Bandung,L,D2,31,188.0,43.52565314757243,45.77855909943363,31.32433531300166,21.659172485004973,18.364794102344938,32.45956594230157,39.151170769720835
672,Prov. Jawa Barat,Kota Bandung,L,D3,2473,10876.0,2518.0053384733924,2752.495298203014,2843.0094530924734,2795.237307655534,2727.181542390124,2672.399497531031,2665.007847866752
673,Prov. Jawa Barat,Kota Bandung,L,D4,1473,9103.0,2107.5213861827224,1600.2288693595185,1788.1765366578168,1943.8554343545125,1482.1537743556187,1796.277878374601,1550.7701206396544
674,Prov. Jawa Barat,Kota Bandung,L,Profesi,11310,10923.0,2528.8867517602853,16825.012498444976,17649.794045586692,17821.60421155316,13356.217330406098,10752.953717890137,11180.645525083877
675,Prov. Jawa Barat,Kota Bandung,L,S1,21649,134663.0,31177.10122240184,19831.079532266423,20337.44791676214,19781.37217237107,20656.453563935916,21131.833351133315,17649.91968940382
676,Prov. Jawa Barat,Kota Bandung,L,S2,4772,13422.0,3107.4538114187085,4425.007272420737,4902.78787104269,4848.442043000202,4449.7141814827555,4373.756141095169,3807.514766932341
677,Prov. Jawa Barat,Kota Bandung,L,S2 Terapan,37,106.0,24.541059753418498,39.81409717953908,43.49486468288244,35.20458303374739,41.16073433699502,33.95541963987974,42.940994556307224
678,Prov. Jawa Barat,Kota Bandung,L,S3,728,3969.0,918.9006241633775,597.257596987437,685.0445427733952,903.5632271659902,614.078661148993,741.7982885359254,593.4318588481383
679,Prov. Jawa Barat,Kota Bandung,P,D1,21,22.0,5.093427495992518,21.449322204579783,10.965687065128984,10.36211154258108,36.944229447092205,13.79872100453057,11.406178746818416
680,Prov. Jawa Barat,Kota Bandung,P,D2,65,296.0,68.52975176426297,84.80880777801326,59.60243477081947,42.31023348386264,30.810589944386713,39.05441242620586,55.7929257476677
681,Prov. Jawa Barat,Kota Bandung,P,D3,4418,14630.0,3387.129284835025,4370.642651958891,4644.208870570321,4687.815238770781,4570.161811950105,4650.757532065765,3494.5291466907597
682,Prov. Jawa Barat,Kota Bandung,P,D4,2391,10711.0,2479.8046322534483,2134.0733070297997,2399.321132157509,2636.9090744942037,2334.243955352491,2126.8007360156366,2049.5208230576686
683,Prov. Jawa Barat,Kota Bandung,P,Profesi,25882,25149.0,5822.482186214356,42212.28969192527,43612.109206890185,43942.401574405274,28531.25652889953,20820.91340106997,26073.03162162132
684,Prov. Jawa Barat,Kota Bandung,P,S1,28899,139555.0,32309.69428196527,25504.474840603194,27645.9138931469,28043.40864766821,28567.331416830035,25157.1300163541,25440.518848030533
685,Prov. Jawa Barat,Kota Bandung,P,S2,4297,11653.0,2697.8959368545825,4428.144478782273,4982.707468543363,5020.988820296966,4324.362142350866,3695.1155213790626,3935.3214953141137
686,Prov. Jawa Barat,Kota Bandung,P,S2 Terapan,42,115.0,26.62473463814271,49.925464472198755,55.474125620996524,45.7932283436304,50.10086808807755,40.35855937514485,49.793103836746845
687,Prov. Jawa Barat,Kota Bandung,P,S3,516,2347.0,543.3761060497474,410.74124124016924,480.79682048734645,648.3059919233738,411.87618057731345,531.8881161519979,448.6804533541564
688,Prov. Jawa Barat,Kota Banjar,L,S1,85,564.0,130.57695944271728,100.04207654980007,88.99427698409367,98.17168056329066,92.18564345348719,92.7107105989147,74.01972094212104
689,Prov. Jawa Barat,Kota Banjar,P,S1,117,769.0,178.0384429281021,150.97264667099705,133.4049392781349,147.74463044193345,135.93990514094529,191.0726127906264,192.579046267399
690,Prov. Jawa Barat,Kota Bekasi,L,D3,158,922.0,213.46091596841373,167.8033247052728,148.62910405454343,138.36647713495023,146.23574584501029,194.7619835586097,198.0376264850033
691,Prov. Jawa Barat,Kota Bekasi,L,D4,99,441.0,102.1000693514864,64.78394279855785,67.37344628458023,73.15092069466704,71.26121266996546,93.22544734660924,108.20747789915657
692,Prov. Jawa Barat,Kota Bekasi,L,Profesi,97,126.0,29.17144838613897,131.6283465219051,114.70079128752556,107.520362013834,104.60282705231724,85.09589872066267,79.38258938343574
693,Prov. Jawa Barat,Kota Bekasi,L,S1,1921,13816.0,3198.6724674833017,1696.3389657590612,1614.0915424774985,1539.174916397062,1682.0940132408077,2114.1328883602364,1702.3840169356654
694,Prov. Jawa Barat,Kota Bekasi,L,S2,160,588.0,136.13342580198184,175.02231504307542,188.34057012263403,192.19145180548784,193.50917259137367,176.49092192456607,157.80626948338437
695,Prov. Jawa Barat,Kota Bekasi,L,S3,6,104.0,24.07802089014645,16.795823507448024,20.564011897130833,29.843332963193845,15.46551465970365,13.649072117135056,11.943552989295913
696,Prov. Jawa Barat,Kota Bekasi,P,D3,569,1549.0,358.6235996042005,361.60944561737824,344.8350128418374,340.18336997205876,420.7902179206639,318.7261137625643,377.80631943475356
697,Prov. Jawa Barat,Kota Bekasi,P,D4,624,1929.0,446.60098362588946,329.11881887302457,349.05034297246294,387.20959016478616,374.3407312823134,373.8920714372671,387.85956114543495
698,Prov. Jawa Barat,Kota Bekasi,P,Profesi,751,1150.0,266.2473463814271,1332.73389471208,1155.0107958470926,1087.565826983404,1033.287326309298,1300.4982691015134,1337.8464085873024
699,Prov. Jawa Barat,Kota Bekasi,P,S1,2851,14269.0,3303.5507700144203,2241.214103872862,2292.8136305532053,2316.4318408502595,2357.5094345606813,2571.606433968249,2330.0903941684774
700,Prov. Jawa Barat,Kota Bekasi,P,S2,187,604.0,139.83773670815825,177.9206047135639,178.89618205159903,175.77741899157198,218.0640230941111,163.96523673807243,170.73891432910025
701,Prov. Jawa Barat,Kota Bekasi,P,S3,4,27.0,6.251024654172636,5.004052972349497,6.207260066794733,9.16303533350982,3.47871221505395,5.202700820713934,4.692278817759467
702,Prov. Jawa Barat,Kota Bogor,L,D3,309,1226.0,283.84282318576487,330.88881187619563,311.6769684079345,320.06765038134716,301.6611450721101,310.6827208394057,294.0250206110357
703,Prov. Jawa Barat,Kota Bogor,L,D4,119,769.0,178.0384429281021,133.48217955966726,130.3612330244532,143.18930308134316,122.93500492333058,143.76483181327043,129.55799782792093
704,Prov. Jawa Barat,Kota Bogor,L,Profesi,1189,1275.0,295.18727533593005,1944.1742656684248,1785.7046732995086,1831.3311250842312,2119.0765030851417,1570.6467606779097,1801.1350722431293
705,Prov. Jawa Barat,Kota Bogor,L,S1,2210,15347.0,3553.1287173180535,2285.3075624790745,2071.610909698846,2020.4745002236339,2331.533974927483,2391.8823189642585,2223.498575156916
706,Prov. Jawa Barat,Kota Bogor,L,S2,187,697.0,161.36904385030843,220.51345209335506,210.3108535638342,208.76014193049085,221.50358470455416,167.91823748292808,177.8052932609849
707,Prov. Jawa Barat,Kota Bogor,L,S3,62,368.0,85.19915084205667,49.38018772200743,46.83722198327706,60.35368711499991,57.29583804666967,58.15365750307989,57.69695365755382
708,Prov. Jawa Barat,Kota Bogor,P,D3,605,1779.0,411.8730688804859,558.2098463575143,536.6648357914537,564.9461634143738,501.3861773843653,379.76945269076134,408.8448545289106
709,Prov. Jawa Barat,Kota Bogor,P,D4,190,871.0,201.65342495497651,172.3492728366075,169.91184385679247,189.37073648614793,158.22475691114343,180.51635904250682,140.88022750441002
710,Prov. Jawa Barat,Kota Bogor,P,Profesi,4568,4816.0,1114.9975827590895,8152.602255458142,7450.237467197085,7676.97971539612,6192.505073292379,6359.961233432442,6637.963666038899
711,Prov. Jawa Barat,Kota Bogor,P,S1,2953,14530.0,3363.9773416714224,2679.8803773926443,2566.4062127490756,2622.992411952135,2854.876483438104,2792.8240312835096,2566.5682298767315
712,Prov. Jawa Barat,Kota Bogor,P,S2,176,513.0,118.7694684292801,182.54464634456258,174.4579094031225,174.8389685684114,185.4565058268843,165.8868478007448,188.93178887586632
713,Prov. Jawa Barat,Kota Bogor,P,S3,44,224.0,51.86035268646928,35.37907619571721,34.47222926125082,45.60983671841441,36.107553336880315,37.87925842146574,30.360894507244193
714,Prov. Jawa Barat,Kota Cimahi,L,D3,157,557.0,128.95632342126513,147.7288924516261,137.3099181646999,135.35955953751835,124.34747339018374,137.399638667475,126.80537710596268
715,Prov. Jawa Barat,Kota Cimahi,L,D4,124,699.0,161.83208271358046,100.08067804858369,87.6702227233172,86.8663765867884,88.19040300975257,120.86604647001745,117.99151004442402
716,Prov. Jawa Barat,Kota Cimahi,L,Profesi,1004,1150.0,266.2473463814271,1669.3769391661617,1487.394379279124,1451.0595233387485,1046.4760664233095,1381.2789914027078,1299.4238910382517
717,Prov. Jawa Barat,Kota Cimahi,L,S1,2814,14938.0,3458.43726977892,2213.0613689597726,1993.5295739246392,1880.2177432198832,2114.9175907811127,2343.8148669136403,2130.9055063031396
718,Prov. Jawa Barat,Kota Cimahi,L,S2,445,1065.0,246.5681946923651,319.63890626325343,295.15543366427863,278.3389450568352,366.7420638571367,278.7737861457329,345.9681765096246
719,Prov. Jawa Barat,Kota Cimahi,P,D3,477,1381.0,319.72833508934855,461.7036829429386,457.6678131205988,475.1617858508914,397.53517903354134,289.9045672466581,274.8133309173266
720,Prov. Jawa Barat,Kota Cimahi,P,D4,117,597.0,138.21710068670606,118.02508840822028,115.89084720259586,125.08689257747123,87.76136834292876,124.9501256139238,93.7371180203953
721,Prov. Jawa Barat,Kota Cimahi,P,Profesi,4322,4616.0,1068.6936964318847,7605.0317317492545,6823.621383910621,6743.59358892812,3817.7801174793226,4918.212885474478,5017.160200788935
722,Prov. Jawa Barat,Kota Cimahi,P,S1,3351,17242.0,3991.8580402683183,3119.017307338133,2946.1098192579675,2905.87368419753,3542.8716017587462,2930.435623693495,2957.9765093076717
723,Prov. Jawa Barat,Kota Cimahi,P,S2,261,729.0,168.77766566266118,283.4002542471459,283.26443368133073,284.1791572844671,253.05105165244896,199.6777163591697,226.18520101843544
724,Prov. Jawa Barat,Kota Cirebon,L,D3,373,1272.0,294.492717041022,334.62644166315596,274.6652842470049,273.20596535928496,280.90080062869646,282.31843510685485,296.77172164092724
725,Prov. Jawa Barat,Kota Cirebon,L,D4,35,149.0,34.49639531376751,29.00458028160481,26.656992273379366,29.95333646368418,25.729064881482987,18.761331273282167,17.64885327015817
726,Prov. Jawa Barat,Kota Cirebon,L,Profesi,1834,1136.0,263.00607433852275,1681.7837721216968,1343.5260307023873,1336.2173962205457,957.3374741556282,1874.3139653791998,1752.538516634475
727,Prov. Jawa Barat,Kota Cirebon,L,S1,2542,16882.0,3908.51104487935,2906.8308444256263,2521.2152706094635,2540.965416475762,2324.107135863927,2653.429734545725,2574.005449836047
728,Prov. Jawa Barat,Kota Cirebon,L,S2,213,651.0,150.71914999505134,237.85525562843273,216.93222087457036,222.69171858953112,209.23958083599618,182.5779668138495,175.0769192342842
729,Prov. Jawa Barat,Kota Cirebon,L,S3,18,123.0,28.4768900912309,20.845876195191135,19.855932222828972,27.352785525711237,19.300966548770116,17.59645158266119,15.699891868847606
730,Prov. Jawa Barat,Kota Cirebon,P,D3,172,570.0,131.96607603253344,175.45830636465396,147.46834886143105,150.28320321869754,148.8279096631423,157.49779982390788,157.1741010878429
731,Prov. Jawa Barat,Kota Cirebon,P,D4,153,348.0,80.5687622093362,69.80672160518039,61.289512864447914,67.3460501013575,52.449750100871896,54.202390088498795,50.20135870880505
732,Prov. Jawa Barat,Kota Cirebon,P,Profesi,5817,3541.0,819.8103074231594,5861.421436719854,4677.05603399206,4686.14032303315,2972.235439537847,5091.75377313305,5294.7365319856945
733,Prov. Jawa Barat,Kota Cirebon,P,S1,3994,19275.0,4462.537044784354,3853.618752143075,3408.057028638259,3508.646970673339,3371.2011781614756,3846.1374042944353,3920.3190948878378
734,Prov. Jawa Barat,Kota Cirebon,P,S2,114,398.0,92.14473379113738,162.89116675526037,148.5382664682526,153.7182720689633,138.5814586656762,107.69361348329276,126.87547407844603
735,Prov. Jawa Barat,Kota Cirebon,P,S3,4,39.0,9.02925783380492,6.882624443716894,6.298340916813115,8.513287780362568,6.380399816148767,4.6947098603826,3.8666494593574248
736,Prov. Jawa Barat,Kota Depok,L,D1,10,12.0,2.7782331796322826,10.184164998771118,4.9919772229879324,4.9270246281023935,5.8567484798821585,5.725254264186286,8.526535493985994
737,Prov. Jawa Barat,Kota Depok,L,D3,594,2063.0,477.62458746511663,599.0177810932349,648.1301865077107,711.2071640730708,584.5142089416645,438.55455376625537,437.43252750715425
738,Prov. Jawa Barat,Kota Depok,L,D4,830,3633.0,841.1100951336737,649.101623441725,710.9740541471851,822.92147572642,755.660307497611,723.6400141083151,605.5001703700343
739,Prov. Jawa Barat,Kota Depok,L,S1,1391,10984.0,2543.009437090083,1556.2247302805893,1516.494818398745,1522.652663132283,1528.3824969979817,1881.1680345825182,1796.1686037150566
740,Prov. Jawa Barat,Kota Depok,L,S2,167,811.0,187.7622590568151,257.72081426654114,272.01089484531855,281.95431418332095,264.7932328758458,202.66927419448953,256.01622615735846
741,Prov. Jawa Barat,Kota Depok,L,S2 Terapan,16,36.0,8.334699538896848,14.974314928361995,16.81162965453515,15.019555032387848,12.216542281635316,11.260768553026686,6.599359863087179
742,Prov. Jawa Barat,Kota Depok,P,D1,3,3.0,0.6945582949080706,2.7708857487947003,1.336744238514729,1.315908428172611,1.8004390019160732,2.3575437014445906,2.557059996034594
743,Prov. Jawa Barat,Kota Depok,P,D3,513,1566.0,362.5594299420129,490.86483418951366,520.4199772158132,568.0288944415566,483.70135925771257,397.05061386846387,415.16801189384176
744,Prov. Jawa Barat,Kota Depok,P,D4,908,3246.0,751.5120750905324,639.0896033100139,693.6545484953733,804.4858456228776,801.8964804583611,833.2608664585847,976.1129905032599
745,Prov. Jawa Barat,Kota Depok,P,Profesi,176,173.0,40.052861673032076,256.60254120400367,240.8395909411117,246.3640840023533,249.62796364964933,193.63623607699782,205.31041410028905
746,Prov. Jawa Barat,Kota Depok,P,S1,1686,8912.0,2063.301174740242,1390.2574459633402,1341.638518077453,1347.133888680626,1329.486756588925,1842.6827034713724,1723.7593348729665
747,Prov. Jawa Barat,Kota Depok,P,S2,114,455.0,105.34134139439072,150.14334075186417,152.01431969955024,154.45043461718413,165.4686878942922,123.47258606147082,154.18845491302437
748,Prov. Jawa Barat,Kota Depok,P,S2 Terapan,8,10.0,2.3151943163602358,4.053971681326678,4.2173636296706025,3.6074578632467142,4.3357723888041475,4.729674641494021,3.9816238661293095
749,Prov. Jawa Barat,Kota Sukabumi,L,D3,306,1441.0,333.61950098751,317.126570052785,281.3849589684531,279.15705972820206,294.77420091887467,284.747523124215,352.323078463818
750,Prov. Jawa Barat,Kota Sukabumi,L,D4,5,31.0,7.177102380716731,4.167688271465039,3.728853455545079,3.8925225836398187,3.927102540485309,5.293739396287777,4.135581829005704
751,Prov. Jawa Barat,Kota Sukabumi,L,Profesi,107,146.0,33.80183701885944,189.46439268847593,167.84742209256254,169.4037863380676,93.20454834409985,84.90633941455062,53.822962983461
752,Prov. Jawa Barat,Kota Sukabumi,L,S1,1083,7056.0,1633.6011096237823,981.027411258395,902.4831671302462,898.238479803017,979.9187746098846,1071.0918549588343,980.5774519999921
753,Prov. Jawa Barat,Kota Sukabumi,L,S2,16,137.0,31.718162134135227,33.799397551955195,29.641643513592125,28.033325211747293,32.33015411628808,27.821964499977806,30.966864778321078
754,Prov. Jawa Barat,Kota Sukabumi,P,D3,549,1515.0,350.7519389285757,426.03751999439413,406.1577349033362,426.5157320893902,417.49983861296346,340.94194027957025,402.6173137038248
755,Prov. Jawa Barat,Kota Sukabumi,P,D4,23,61.0,14.122685329797438,11.64567130168908,11.859608800055254,13.62697807722433,10.832002972296184,9.697108090590836,9.707529378785038
756,Prov. Jawa Barat,Kota Sukabumi,P,Profesi,319,336.0,77.79052902970392,530.6322637890256,491.7919157053461,515.9802597996259,294.44147047599125,332.8055216937474,303.04095307056184
757,Prov. Jawa Barat,Kota Sukabumi,P,S1,1753,8831.0,2044.5481007777241,1446.7461227718659,1368.1520656904422,1400.1592099638492,1408.5058109292656,1504.6989873426485,1489.4335426758616
758,Prov. Jawa Barat,Kota Sukabumi,P,S2,14,78.0,18.05851566760984,24.332679540366723,22.796606481023897,22.732430951809455,24.65099809246765,19.713781831264015,21.912836879457906
759,Prov. Jawa Barat,Kota Tasikmalaya,L,D3,312,1139.0,263.7006326334308,309.99464423537296,312.0869083133666,325.3604786366877,276.07342621881503,289.466946049991,249.50563756116446
760,Prov. Jawa Barat,Kota Tasikmalaya,L,D4,58,202.0,46.76692519047676,36.772557759866736,39.22612012875598,44.50011222913491,41.01580099245974,25.295619329293192,22.046992019077468
761,Prov. Jawa Barat,Kota Tasikmalaya,L,Profesi,1982,2139.0,495.2200642694544,3048.6314832365265,2871.9631214042793,2914.9653536714163,3177.234254572969,2059.109599248387,2197.552908367789
762,Prov. Jawa Barat,Kota Tasikmalaya,L,S1,2128,15309.0,3544.3309789158848,2394.8194673343423,2373.120894030634,2389.7446348210965,2243.388254424851,2353.318901294395,2230.288765406499
763,Prov. Jawa Barat,Kota Tasikmalaya,L,S2,115,438.0,101.40551105657832,134.0607580834072,133.62901914050016,132.96119432530364,146.4197709834333,105.27068596178265,130.56298910798853
764,Prov. Jawa Barat,Kota Tasikmalaya,P,D3,1205,3458.0,800.5941945973694,1132.4609598992586,1185.3895519087187,1279.3043255767284,1166.884071506322,852.1391384490141,882.3946325782996
765,Prov. Jawa Barat,Kota Tasikmalaya,P,D4,340,951.0,220.17497948585842,193.72083055145714,206.4934676772902,236.0635988339194,212.88696004557931,191.01812662626597,146.3835078486557
766,Prov. Jawa Barat,Kota Tasikmalaya,P,Profesi,2797,2967.0,686.918153664082,4763.852332110792,4500.9912392886,4615.116505782977,5304.143056045641,4561.615517729278,4755.5062984035585
767,Prov. Jawa Barat,Kota Tasikmalaya,P,S1,3442,19413.0,4494.4867263501255,3662.1254041001694,3777.6087805024285,3941.3986108863182,4135.161498120435,3575.215271562145,3754.0207425436406
768,Prov. Jawa Barat,Kota Tasikmalaya,P,S2,110,317.0,73.39165982861947,114.95886248190293,118.13812995284037,120.99043305660551,121.04925265269559,91.1802344424155,105.34053308944614
769,Prov. Jawa Tengah,Kab. Banjarnegara,L,D3,21,99.0,26.617135400488376,28.095514526469213,23.527215756841926,23.505765651035492,28.116110505682137,25.706510174372028,28.192244166798464
770,Prov. Jawa Tengah,Kab. Banjarnegara,L,S1,76,812.0,218.31428227471275,114.03601477979984,109.13950652971548,108.35880841685496,124.82049468210288,118.28056100364138,119.95170065419332
771,Prov. Jawa Tengah,Kab. Banjarnegara,P,D3,73,263.0,70.71016778109538,81.06448342728171,70.00649720118336,71.65438198393421,81.68415300650946,57.21725370442849,75.56383788696668
772,Prov. Jawa Tengah,Kab. Banjarnegara,P,S1,136,1048.0,281.7652313102204,174.2681226626735,166.72161495409708,171.6845023605603,195.67509099032742,168.05610508189713,185.14403795379718
773,Prov. Jawa Tengah,Kab. Banyumas,L,D3,303,1474.0,396.2995715183825,379.89777891337013,372.6575620843695,369.02339208165245,334.30477797141003,344.92658438613483,368.0482228005158
774,Prov. Jawa Tengah,Kab. Banyumas,L,D4,111,621.0,166.962031148518,129.045917557185,126.0808823917821,129.26721613529392,124.75456686486648,123.54734687314574,104.1408993685051
775,Prov. Jawa Tengah,Kab. Banyumas,L,Profesi,1754,1572.0,422.6478469653306,2679.5881927961873,1997.0239570113959,1855.7696076498742,2685.529025574434,1468.72435974101,1643.9400520496854
776,Prov. Jawa Tengah,Kab. Banyumas,L,S1,3980,28152.0,7568.945412066149,4685.983070261127,4684.043687734089,4560.390505649661,4567.689432551964,4531.133992640716,4281.292865029644
777,Prov. Jawa Tengah,Kab. Banyumas,L,S2,413,1281.0,344.4096004851072,431.01591294663206,430.83228955147666,412.17705666825793,438.23074336760175,347.79285212535314,368.30330234258594
778,Prov. Jawa Tengah,Kab. Banyumas,L,S3,47,311.0,83.61544555102914,51.528679969012416,55.15326863188546,68.88731510342473,56.04161257493433,61.888199384287034,52.6369046174531
779,Prov. Jawa Tengah,Kab. Banyumas,L,Sp-1,4,33.0,8.872378466829458,6.246865366866257,7.3611180310141044,9.800775984380223,11.572640534347101,9.356989398577932,8.021776682353588
780,Prov. Jawa Tengah,Kab. Banyumas,P,D3,595,2395.0,643.9195887289865,758.3372984099437,728.913750053909,739.634171907422,646.4663076129341,517.3412191659287,530.8592000216593
781,Prov. Jawa Tengah,Kab. Banyumas,P,D4,264,1434.0,385.54517337677106,328.1445041109658,328.86920802734284,345.7835988058902,346.2262859951996,311.9899606661071,291.6050578543541
782,Prov. Jawa Tengah,Kab. Banyumas,P,Profesi,6852,5899.0,1586.0048659341508,11258.432018573842,8551.619957495577,8159.496526565935,8411.020827325656,6864.618319771321,7722.443018558747
783,Prov. Jawa Tengah,Kab. Banyumas,P,S1,7577,41477.0,11151.504292990468,8373.099235674244,8272.164084746755,8323.48354957794,8794.255678269847,7353.0123456834,7303.560995298823
784,Prov. Jawa Tengah,Kab. Banyumas,P,S2,486,1351.0,363.22979723292724,541.3494608775168,538.4753158964535,531.3617522612008,519.1215115154773,393.939472579234,427.216127312405
785,Prov. Jawa Tengah,Kab. Banyumas,P,S3,14,148.0,39.79127312396242,27.754886848042872,30.150452958480926,38.69749013121213,26.62621361814389,27.92013685110659,26.65633561461306
786,Prov. Jawa Tengah,Kab. Banyumas,P,Sp-1,2,10.0,2.6885995354028664,2.0691515609779962,2.5082707666822825,3.422913010315955,3.644409772300325,4.236612282738724,3.493481488822451
787,Prov. Jawa Tengah,Kab. Blora,L,D3,11,45.0,12.098697909312898,12.271108988617021,10.845111337541205,10.640049566190461,9.79188734798704,10.307895332160934,12.034806375577908
788,Prov. Jawa Tengah,Kab. Blora,L,D4,187,822.0,221.0028818101156,151.25322981161042,144.29993898182215,149.09013116711742,115.58678534369504,121.12211095436142,126.2513443808465
789,Prov. Jawa Tengah,Kab. Blora,L,S1,343,2673.0,718.6626558131861,375.1340705526437,371.47331936176994,358.8285414157606,341.4679889839681,277.21650786092926,322.0654584407513
790,Prov. Jawa Tengah,Kab. Blora,P,D3,1,3.0,0.8065798606208598,1.0211975700709555,0.8818881019816417,0.8955264162037125,0.7276850155155037,1.4762628856958426,1.6446382585020711
791,Prov. Jawa Tengah,Kab. Blora,P,D4,99,344.0,92.4878240178586,68.55022914306987,67.64156405647881,71.92098265770068,59.80493420731465,34.79379238009107,32.76979342402074
792,Prov. Jawa Tengah,Kab. Blora,P,S1,379,2656.0,714.0920366030012,434.8127964883228,431.9172743027569,429.6810245213017,399.0691955934411,372.9330552145666,372.8682531410305
793,Prov. Jawa Tengah,Kab. Boyolali,L,Profesi,8,10.0,2.6885995354028664,17.16829278011828,13.010487351635447,11.518878954489617,22.016897560310376,6.357053349034039,7.897749371123514
794,Prov. Jawa Tengah,Kab. Boyolali,L,S1,169,1295.0,348.1736398346712,190.7384336091537,203.57670893401612,186.39897959732576,191.7453479221988,162.99123592726227,142.90635421398585
795,Prov. Jawa Tengah,Kab. Boyolali,P,Profesi,342,405.0,108.88828118381609,679.3983437476378,553.174548263751,497.84514724351857,450.31864717550354,354.62241132213,402.9078769777963
796,Prov. Jawa Tengah,Kab. Boyolali,P,S1,605,1999.0,537.451047127033,397.4264583064243,402.13207873911523,383.3645023171939,407.0938545706597,323.6380327965407,352.0023369762212
797,Prov. Jawa Tengah,Kab. Brebes,L,D3,25,88.0,23.659675911545225,23.34903988006853,21.757131290048154,21.371169616362163,23.412434921030677,24.530221757822098,25.742597700500077
798,Prov. Jawa Tengah,Kab. Brebes,L,S1,351,2272.0,610.8498144435313,334.7080269037031,339.38544238250313,330.2094588324911,319.92545387135794,285.54848691757053,269.7492000181137
799,Prov. Jawa Tengah,Kab. Brebes,P,D3,163,446.0,119.91153927896784,142.35457344736582,131.48709304411338,133.31558526645796,176.96414761141165,129.86963852398927,111.75879536777256
800,Prov. Jawa Tengah,Kab. Brebes,P,Profesi,32,34.0,9.141238420369746,60.620873561739366,45.793182884153886,43.97108619608577,51.07275035209321,23.880499092089668,23.17942295188439
801,Prov. Jawa Tengah,Kab. Brebes,P,S1,548,2950.0,793.1368629438456,524.8027673240858,526.6189931336165,528.845671126468,510.05001940745217,516.3420977293177,513.5378344885264
802,Prov. Jawa Tengah,Kab. Cilacap,L,D3,374,1542.0,414.582048359122,406.97585948461347,379.4444288119105,371.88497314664244,397.8099604486142,386.1369833956929,378.96814863714525
803,Prov. Jawa Tengah,Kab. Cilacap,L,D4,46,573.0,154.05675337858423,114.58063297800295,109.93288705329427,113.55696242169903,165.7566931528062,115.44343347360115,88.59581381445872
804,Prov. Jawa Tengah,Kab. Cilacap,L,Profesi,84,94.0,25.272835632786943,151.72312634508032,111.69802668314526,104.36177630913141,164.2419618426614,119.4782713770837,132.2912003349255
805,Prov. Jawa Tengah,Kab. Cilacap,L,S1,475,2945.0,791.7925631761441,470.7251994144338,461.93111560499455,451.7425678281757,434.98224862628854,479.42010163331565,441.4467795569674
806,Prov. Jawa Tengah,Kab. Cilacap,P,D3,286,756.0,203.2581248764567,243.32325244213555,223.6832010740534,226.50088822801519,298.13554294054927,222.15907976348473,193.59795187651056
807,Prov. Jawa Tengah,Kab. Cilacap,P,D4,80,776.0,208.63532394726244,168.51396419764953,166.85882373832388,176.89728019413886,225.18401988511485,124.68042442893804,131.37177157444268
808,Prov. Jawa Tengah,Kab. Cilacap,P,Profesi,174,178.0,47.85707173017102,311.71790803901524,236.7587586759426,226.6047470304986,321.79063826371083,205.95867328367865,208.7487874272911
809,Prov. Jawa Tengah,Kab. Cilacap,P,S1,841,3835.0,1031.0779218269993,700.1378279582023,694.9921288971387,699.2380928248244,717.6004026132672,779.1026525666807,773.1256181758881
810,Prov. Jawa Tengah,Kab. Demak,L,S1,77,845.0,227.1866607415422,157.64013086717264,129.5388500768991,129.09613625197167,143.63664287336093,128.01390979317267,112.2177892994698
811,Prov. Jawa Tengah,Kab. Demak,P,S1,74,542.0,145.72209481883536,105.3809439292667,90.74302065008,92.36474716126698,83.96162973353978,65.20613400785913,78.80179961566832
812,Prov. Jawa Tengah,Kab. Grobogan,L,D3,17,33.0,8.872378466829458,8.95478274955635,7.766273948484619,7.590393630023605,8.98021014882009,8.258882784412352,7.323507088420336
813,Prov. Jawa Tengah,Kab. Grobogan,L,Profesi,27,31.0,8.334658559748886,35.01155545547273,27.83266162987307,25.209031289696767,14.03288393307507,11.918235659652705,11.571982121076502
814,Prov. Jawa Tengah,Kab. Grobogan,L,S1,61,550.0,147.87297444715765,92.31599154497573,83.53776546290109,81.48349109432992,112.74958123998464,83.94967638776497,94.99847611130987
815,Prov. Jawa Tengah,Kab. Grobogan,P,D3,45,104.0,27.96143516818981,34.05421785097654,29.240582344081556,29.505839092918695,35.54759960490194,26.22205964264575,29.09046226461926
816,Prov. Jawa Tengah,Kab. Grobogan,P,Profesi,192,167.0,44.89961224122787,296.70439381940434,210.71840764013749,200.93780774349733,76.11692555050874,195.36254567093528,168.35742892474053
817,Prov. Jawa Tengah,Kab. Grobogan,P,S1,260,1232.0,331.23546276163313,235.62323772143006,215.83950064381247,216.44755487065507,291.0098086107503,235.1364961696684,242.7548758587644
818,Prov. Jawa Tengah,Kab. Jepara,L,D4,23,222.0,59.68690968594363,48.17157173510204,46.84553683142374,45.830239148614524,41.026199100285375,41.37715925321395,39.279703326249496
819,Prov. Jawa Tengah,Kab. Jepara,L,S1,524,4182.0,1124.3723257054787,577.3810182523457,628.5068967833406,575.1395153423963,525.0785042084711,635.031781849655,551.3178219639241
820,Prov. Jawa Tengah,Kab. Jepara,L,S2,42,135.0,36.2960937279387,42.509496718688986,44.12740184773623,39.959701035262924,30.07895691227444,40.58577697743529,45.24618019727835
821,Prov. Jawa Tengah,Kab. Jepara,P,D3,23,53.0,14.249577537635192,16.065115194079628,15.819090864958458,15.026468111207352,9.315805273573082,13.224828835283684,15.439305263842561
822,Prov. Jawa Tengah,Kab. Jepara,P,D4,31,227.0,61.03120945364507,53.56396241326061,53.69287098561361,53.8196125596507,38.55338909762514,40.7365759970307,39.265047982145425
823,Prov. Jawa Tengah,Kab. Jepara,P,S1,821,4329.0,1163.8947388759009,775.1918719537113,812.8268042876892,773.1155010788657,806.8328380879499,807.4056473394476,881.3228377511682
824,Prov. Jawa Tengah,Kab. Jepara,P,S2,45,103.0,27.692575214649523,40.807585096626134,41.26540435799376,38.6997682834977,28.143095477203417,30.843692007999778,32.36024825216205
825,Prov. Jawa Tengah,Kab. Karanganyar,L,D3,80,300.0,80.657986062086,68.78848977168148,60.67422632259538,60.244459968338816,76.96317649055975,42.918311585944146,47.59142864409921
826,Prov. Jawa Tengah,Kab. Karanganyar,L,D4,19,173.0,46.512771962469586,35.83602142105761,30.374415373760254,32.17609552214681,30.089015293206593,27.28965202031765,27.974859179711284
827,Prov. Jawa Tengah,Kab. Karanganyar,L,Profesi,13,15.0,4.0328993031042994,25.04562252915969,16.30322319124,15.632941131988252,9.2417895009417,7.8834148034279945,10.1544066978045
828,Prov. Jawa Tengah,Kab. Karanganyar,L,S1,79,783.0,210.51734362204442,135.81090087277332,115.6122665708398,116.27697946853725,146.16404537868672,169.36982341020354,186.6782342201797
829,Prov. Jawa Tengah,Kab. Karanganyar,L,S2,24,48.0,12.905277769933758,16.380380725578537,14.10942203850553,13.964490567595389,15.35881042193031,13.806637239269497,16.128170911725096
830,Prov. Jawa Tengah,Kab. Karanganyar,L,S3,12,26.0,6.990358792047452,3.6994252450418417,3.639387229035586,4.64526545348232,4.609085449464382,5.150211325160393,4.973933306161814
831,Prov. Jawa Tengah,Kab. Karanganyar,P,D3,181,497.0,133.62339690952246,137.31794924579597,119.9812809645969,122.98468240729987,132.50118393986955,100.03250759154369,117.95657582077297
832,Prov. Jawa Tengah,Kab. Karanganyar,P,D4,85,332.0,89.26150457537516,74.36448606867602,65.1135799109958,70.64087627901479,89.16241350097066,37.595129726837705,34.14504474582727
833,Prov. Jawa Tengah,Kab. Karanganyar,P,Profesi,56,54.0,14.518437491175478,96.39760445099671,65.10777557307902,63.884635464426985,38.90575557668544,32.91000654162157,63.489530312576306
834,Prov. Jawa Tengah,Kab. Karanganyar,P,S1,177,1078.0,289.831029916429,220.0492054396086,187.2654883654603,194.09615805376797,256.577451854131,224.6867306048733,216.9514141192713
835,Prov. Jawa Tengah,Kab. Karanganyar,P,S2,9,29.0,7.796938652668312,10.38960844744134,9.351379303974403,9.458116645108326,9.907207664551924,7.574564351009665,6.973291678845898
836,Prov. Jawa Tengah,Kab. Karanganyar,P,S3,1,10.0,2.6885995354028664,1.4317599619081522,1.496196324146839,1.9454820069686802,1.9717328854942386,3.9492721413117304,2.509789494921735
837,Prov. Jawa Tengah,Kab. Kebumen,L,D3,65,430.0,115.60978002232325,86.09783033332435,86.70683763379027,83.8019879558793,86.40073879056587,90.96070886981664,105.59878389717863
838,Prov. Jawa Tengah,Kab. Kebumen,L,D4,1,23.0,6.183778931426593,2.1377628120790386,2.6773677987140236,2.627569297282952,4.466779430058725,4.147966847606597,3.3561287305012732
839,Prov. Jawa Tengah,Kab. Kebumen,L,Profesi,74,88.0,23.659675911545225,115.67065399784599,89.48000235082645,82.85280759875468,64.41113064287715,65.4844353759879,66.56164102086139
840,Prov. Jawa Tengah,Kab. Kebumen,L,S1,648,3488.0,937.7835179485198,504.30401073445984,499.54738532062663,488.61798962855045,470.3341544384875,544.140634569885,558.4949741273615
841,Prov. Jawa Tengah,Kab. Kebumen,L,S2,45,199.0,53.50313075451704,54.73144637839714,55.51759024937707,53.15110900834987,62.207893800684644,61.38077749681624,64.16587644934239
842,Prov. Jawa Tengah,Kab. Kebumen,P,D3,131,507.0,136.3119964449253,135.89011090356703,130.14496256986524,130.84840344335495,113.7088244984532,143.08943451583832,131.79001197410926
843,Prov. Jawa Tengah,Kab. Kebumen,P,Profesi,208,219.0,58.880329825322775,346.78484287338625,265.76618524524633,254.03770956123745,201.25503829891454,197.19018449950502,193.76394877005075
844,Prov. Jawa Tengah,Kab. Kebumen,P,S1,853,4332.0,1164.7013187365217,776.3825950382046,753.4321491714012,762.1451698166338,803.4295695810063,801.0192281347134,794.3049563906875
845,Prov. Jawa Tengah,Kab. Kebumen,P,S2,50,151.0,40.597852984583284,50.80099921508215,50.74946509845528,50.21338375126739,47.94816191501979,49.72260574206679,49.72440462104769
846,Prov. Jawa Tengah,Kab. Kendal,L,D3,73,287.0,77.16280666606227,82.64631752684218,71.78814865280664,70.60783448347107,62.7612150557236,78.18180802035282,68.774028247278
847,Prov. Jawa Tengah,Kab. Kendal,L,Profesi,14,15.0,4.0328993031042994,22.85716102168957,16.581769248020603,15.383896237939341,15.624546228426384,4.439507635742085,3.7319301555697093
848,Prov. Jawa Tengah,Kab. Kendal,L,S1,342,3084.0,829.164096718244,419.68951665270635,422.1842215275132,406.2764955215228,346.38302661220797,415.60878979031855,386.2167046810978
849,Prov. Jawa Tengah,Kab. Kendal,P,D3,73,274.0,73.66762727003854,86.67516298886198,77.30152533337463,77.95644763076166,65.25652971136294,84.91413069511543,88.1668220102263
850,Prov. Jawa Tengah,Kab. Kendal,P,Profesi,55,60.0,16.131597212417198,101.94767930377604,75.49781041721836,71.89723241510376,61.49616175916234,28.751743777022966,29.785934936671346
851,Prov. Jawa Tengah,Kab. Kendal,P,S1,389,2995.0,805.2355608531585,504.20825135493027,497.3423111624322,495.04154027931173,428.81330866673113,434.0890911846162,410.5271346435671
852,Prov. Jawa Tengah,Kab. Klaten,L,D3,58,147.0,39.52241317042213,40.27145036791003,39.128417642129264,36.767060841669675,27.935726988312883,30.694134220138736,24.9201857253413
853,Prov. Jawa Tengah,Kab. Klaten,L,Profesi,747,781.0,209.97962371496385,1284.1718268107654,992.4336134888823,887.8406601258166,1431.588834496401,899.2887611129827,891.7227515144881
854,Prov. Jawa Tengah,Kab. Klaten,L,S1,270,1831.0,492.2825749322648,259.19395273739815,281.73218063624853,260.7240327928399,166.48285377519426,177.60756149312488,197.99871501531143
855,Prov. Jawa Tengah,Kab. Klaten,L,S2,12,30.0,8.065798606208599,8.213234031895558,9.093472914249803,8.270868411943857,5.0872759720460845,7.171202705645969,8.77365809308451
856,Prov. Jawa Tengah,Kab. Klaten,P,D3,192,454.0,122.06241890729014,148.94633893827313,143.7017012907116,139.33348805437686,99.42448592790112,104.20069382608433,92.20675053067913
857,Prov. Jawa Tengah,Kab. Klaten,P,Profesi,2449,2571.0,691.2389405520769,4652.165019732119,3688.892195239028,3384.158832109478,4811.593308154217,2630.646187144104,3185.5447735852904
858,Prov. Jawa Tengah,Kab. Klaten,P,S1,471,2388.0,642.0375690542045,431.5472085417373,454.38009332427197,435.95036353327595,293.5642358085616,326.1071062041536,327.1379814734618
859,Prov. Jawa Tengah,Kab. Klaten,P,S2,20,57.0,15.325017351796339,18.58864157251447,20.478445613916875,19.212095547988195,13.62696038187713,10.94378686327422,12.825470104651103
860,Prov. Jawa Tengah,Kab. Kudus,L,D3,36,110.0,29.57459488943153,29.91484197518357,27.985937695288154,26.8597729469861,24.938003639131118,30.713079576895595,33.29592253757104
861,Prov. Jawa Tengah,Kab. Kudus,L,D4,5,35.0,9.410098373910031,6.3302163906028515,6.407882106401644,6.414838734480138,4.8741131459753655,8.582281387778497,8.648516337867147
862,Prov. Jawa Tengah,Kab. Kudus,L,Profesi,583,679.0,182.5559084538546,1059.1119251782386,802.0788648460637,730.4551420066874,799.5710466280801,868.5974970031592,843.6997891529761
863,Prov. Jawa Tengah,Kab. Kudus,L,S1,1092,9989.0,2685.6420759139232,1708.427996256354,1657.2627348430685,1590.1776464490954,1353.6802705148898,1699.0121296147972,1394.5301463329492
864,Prov. Jawa Tengah,Kab. Kudus,L,S2,83,366.0,98.4027429957449,143.879706093063,132.94021498124042,126.90786296830512,121.19230698927016,98.46512871503738,113.87002832320015
865,Prov. Jawa Tengah,Kab. Kudus,P,D2,9,20.0,5.377199070805733,7.775157470656662,7.246976638098751,5.904758013313396,4.562191537060394,6.065437520686452,7.94280613740854
866,Prov. Jawa Tengah,Kab. Kudus,P,D3,169,496.0,133.35453695598218,166.79420760504004,153.03152635115737,151.9132356058711,162.18489810272024,114.02891731609326,117.23603174100458
867,Prov. Jawa Tengah,Kab. Kudus,P,D4,16,98.0,26.34827544694809,21.30754779668962,21.385636442648124,22.097489294561527,18.78530994205876,19.43570424017167,16.09681808881525
868,Prov. Jawa Tengah,Kab. Kudus,P,Profesi,2217,2413.0,648.7590678927116,4291.4027120994215,3289.0779225508372,3079.683007142744,2771.4842778982406,2789.8294531396295,3027.846072759818
869,Prov. Jawa Tengah,Kab. Kudus,P,S1,2143,17067.0,4588.632827072072,3570.67759923172,3411.31409644158,3383.1301599025596,3454.6871012798347,3281.0969307724586,3294.926072210401
870,Prov. Jawa Tengah,Kab. Kudus,P,S2,122,405.0,108.88828118381609,178.55582246440807,168.0383750408135,164.72807486338792,142.8123174501828,115.00482150226242,124.10136805946007
871,Prov. Jawa Tengah,Kab. Magelang,L,D3,74,240.0,64.52638884966879,65.6377454175945,63.602983360780605,61.23778067783356,96.82940055148418,52.269653035394846,46.78071367373598
872,Prov. Jawa Tengah,Kab. Magelang,L,D4,115,549.0,147.60411449361737,116.56447161868346,115.10558149039271,116.9228446337743,299.6317144839269,126.80415045174247,108.70946523794987
873,Prov. Jawa Tengah,Kab. Magelang,L,Profesi,26,30.0,8.065798606208599,49.44535754089234,38.04932488462758,34.888819432306605,80.90245350440523,27.002839693131403,32.56364111115601
874,Prov. Jawa Tengah,Kab. Magelang,L,S1,343,2244.0,603.3217357444032,357.8796763945447,370.2090093988321,354.22914286001196,370.3403209861917,341.7074903643747,297.5626184382219
875,Prov. Jawa Tengah,Kab. Magelang,L,S2,10,39.0,10.485538188071178,12.117362189249556,12.731356548050227,11.97775871653685,18.741361490751554,9.447753073380893,10.025559874863745
876,Prov. Jawa Tengah,Kab. Magelang,P,D3,136,369.0,99.20932285636577,123.26114547261429,117.69797435373187,117.10327403208133,257.5320562474538,120.59343042030598,119.1632801050153
877,Prov. Jawa Tengah,Kab. Magelang,P,D4,152,712.0,191.4282869206841,165.04614236986862,167.73923102727602,174.6242787856951,483.7987061922939,153.77407368626018,137.91585827836292
878,Prov. Jawa Tengah,Kab. Magelang,P,Profesi,97,101.0,27.15485530756895,184.9240072265324,145.47680195295803,136.8848755658076,241.72466182442037,275.8300401714611,250.78989272893514
879,Prov. Jawa Tengah,Kab. Magelang,P,S1,567,2898.0,779.1561453597507,568.4357337311434,577.9707140797356,571.9877368676218,784.9729032166279,552.2160268602585,566.6663359265685
880,Prov. Jawa Tengah,Kab. Magelang,P,S2,8,27.0,7.259218745587739,11.20986608584253,11.208836678536185,10.969743040939662,29.443184672879294,9.584169425500072,7.8462400975379305
881,Prov. Jawa Tengah,Kab. Pati,L,D3,8,44.0,11.829837955772613,12.353995514393155,10.292277788205658,10.4338222990323,14.425035994204752,10.349143188805641,12.821873265184239
882,Prov. Jawa Tengah,Kab. Pati,L,Profesi,21,23.0,6.183778931426593,31.739512627439193,22.725356036793233,21.6129612717501,12.286509598146027,13.243478218567777,16.840695667870985
883,Prov. Jawa Tengah,Kab. Pati,L,S1,252,2044.0,549.5497450363458,285.90463651346397,270.26604617691663,269.1111590442584,269.9324212688667,268.6597409242797,248.0094650887774
884,Prov. Jawa Tengah,Kab. Pati,L,S2,13,30.0,8.065798606208599,10.762315012432065,9.289239064600178,9.281791660667357,12.315360971979652,4.458380517136672,4.654388036405951
885,Prov. Jawa Tengah,Kab. Pati,P,D3,61,224.0,60.224629593024204,65.9691759172082,57.449159351363896,59.51147542841375,60.520455054388876,47.667912382609714,50.23972681337718
886,Prov. Jawa Tengah,Kab. Pati,P,Profesi,329,376.0,101.09134253114777,549.489810462427,409.7286341814606,398.46636871517217,190.64695820052523,234.58910937982677,296.05985556362424
887,Prov. Jawa Tengah,Kab. Pati,P,S1,732,2471.0,664.3529451980482,407.8955542668805,385.0596674334191,395.22810127955483,368.0957978334805,409.188438423519,444.7393306318134
888,Prov. Jawa Tengah,Kab. Pati,P,S2,6,18.0,4.8394791637251595,6.873317764684619,6.166102428975368,6.302561203987167,7.361087342134536,4.767532333133196,5.247570603451447
889,Prov. Jawa Tengah,Kab. Pekalongan,L,D3,47,131.0,35.22065391377755,38.13254170168134,36.206802558738985,33.94876038131922,29.81717181557701,34.35346956715136,34.12604548652708
890,Prov. Jawa Tengah,Kab. Pekalongan,L,S1,142,882.0,237.13447902253282,148.19989437542634,150.80715676899246,140.4036920705917,99.90498187874522,150.06982040598461,123.05934352905132
891,Prov. Jawa Tengah,Kab. Pekalongan,P,D3,127,446.0,119.91153927896784,149.90072004150971,143.34302402777627,138.31496133854793,108.329257131134,111.40664534304906,105.61477068825414
892,Prov. Jawa Tengah,Kab. Pekalongan,P,S1,113,724.0,194.65460636316752,130.533780134703,137.62977358761952,131.153914160931,105.01524427864992,123.37015925368647,124.7740530822252
893,Prov. Jawa Tengah,Kab. Pemalang,L,S1,157,847.0,227.72438064862277,128.68727187924924,123.51646990099904,117.75978079127282,123.20785222249673,126.13412882421363,114.18051439733902
894,Prov. Jawa Tengah,Kab. Pemalang,P,S1,308,1241.0,333.6552023434957,221.95990781173114,212.97699195729214,209.31871885664242,218.69683278774147,230.98175828348596,217.4720021765002
895,Prov. Jawa Tengah,Kab. Purbalingga,L,S1,29,480.0,129.05277769933758,67.31030051729786,68.11668632114184,64.50183670222708,61.18103711622557,71.50562276433291,63.00002371693068
896,Prov. Jawa Tengah,Kab. Purbalingga,P,S1,33,416.0,111.84574067275923,67.19298226923091,68.54675343184793,66.78784527230002,74.15225620168444,65.64616989147457,59.90581360616159
897,Prov. Jawa Tengah,Kab. Purworejo,L,D3,57,146.0,39.25355321688185,41.99789936288515,39.929193278469846,38.40442992619699,43.51665726853565,33.5700377953839,35.247420927236256
898,Prov. Jawa Tengah,Kab. Purworejo,L,D4,2,28.0,7.5280786991280255,5.082721166509686,5.333275078566784,5.322126115466912,4.903479672198376,5.304289850269188,5.609257294661467
899,Prov. Jawa Tengah,Kab. Purworejo,L,Profesi,471,478.0,128.515057792257,794.9620657254574,609.6053139795607,555.8792183138047,580.3564573275288,499.70669927765874,603.2995198596706
900,Prov. Jawa Tengah,Kab. Purworejo,L,S1,587,3344.0,899.0676846387184,523.1850393297348,545.2186575588804,517.6680398658578,495.06421425869956,504.76250148309305,530.5865605406685
901,Prov. Jawa Tengah,Kab. Purworejo,L,S2,2,15.0,4.0328993031042994,5.774581322388134,5.583623755766413,5.303729360230651,5.119683337207123,3.750766298286049,4.385682235793693
902,Prov. Jawa Tengah,Kab. Purworejo,P,D3,157,485.0,130.39707746703903,157.66461702476096,152.21592032607217,150.39912086013493,160.71162224890722,129.48508066859122,107.36271793398028
903,Prov. Jawa Tengah,Kab. Purworejo,P,Profesi,902,912.0,245.20027762874142,1657.8966111837299,1307.8569990490112,1222.3532152008013,1140.7024063964545,1078.555670933314,1085.682699112164
904,Prov. Jawa Tengah,Kab. Purworejo,P,S1,713,3805.0,1023.0121232207906,724.0483936473953,744.7532293988752,730.4929020228741,838.1394774958592,817.2378108873529,806.3375025190257
905,Prov. Jawa Tengah,Kab. Purworejo,P,S2,8,28.0,7.5280786991280255,11.289990637963053,11.417543078975688,11.080934657241295,10.702775830865692,8.162580938383858,7.7596068870233195
906,Prov. Jawa Tengah,Kab. Rembang,L,S1,203,1446.0,388.7714928192545,215.58766763765666,213.53989583677279,205.27691589333466,198.20451915487456,188.36619994755904,158.7198156052045
907,Prov. Jawa Tengah,Kab. Rembang,P,S1,280,1485.0,399.2570310073257,273.1757911432883,265.58793700722725,264.02606449464207,303.73134444867435,228.11723487476408,209.7107585941014
908,Prov. Jawa Tengah,Kab. Semarang,L,D3,12,35.0,9.410098373910031,10.08903836368826,9.073691401065517,8.956731854104188,11.193442771942161,8.335247153807728,7.238838031829586
909,Prov. Jawa Tengah,Kab. Semarang,L,D4,4,98.0,26.34827544694809,13.195775843601856,14.766552450733299,14.922280055700295,11.706384921561318,17.53775299306475,15.23991145994524
910,Prov. Jawa Tengah,Kab. Semarang,L,Profesi,50,92.0,24.735115725706372,130.3164633090621,100.73351023444688,93.28347117759091,90.51469717534158,75.8785095721404,104.6052664072241
911,Prov. Jawa Tengah,Kab. Semarang,L,S1,336,3084.0,829.164096718244,484.5851020879458,477.93470764941117,467.4386010359906,438.456849993631,530.9379363772957,500.6280900956086
912,Prov. Jawa Tengah,Kab. Semarang,L,S2,59,227.0,61.03120945364507,72.16914466699193,71.18858649712388,68.51525701511768,77.28729480536695,87.33871812138095,81.30886655208585
913,Prov. Jawa Tengah,Kab. Semarang,P,D3,78,269.0,72.32332750233711,81.20802875777193,76.38932172828575,77.0430914328176,82.90683476749724,77.06162866869933,84.38973823297059
914,Prov. Jawa Tengah,Kab. Semarang,P,D4,16,292.0,78.5071064337637,50.818248656593525,54.73045843904467,57.13895441369255,48.594481710722974,44.127011722461205,29.00780568796288
915,Prov. Jawa Tengah,Kab. Semarang,P,Profesi,486,605.0,162.6602718918734,1046.9961068499526,797.428758462379,763.114352048945,1308.3184702904748,921.8501821967885,941.1920000140797
916,Prov. Jawa Tengah,Kab. Semarang,P,S1,1000,5018.0,1349.1392468651584,931.9879082425344,917.7801144062212,926.4389651949167,943.8659207508102,857.0907249323534,848.5595279240109
917,Prov. Jawa Tengah,Kab. Semarang,P,S2,20,85.0,22.853096050924364,30.107471514726047,30.32655756711937,29.95818153864513,30.9913065129773,25.80958630063064,23.855370163149217
918,Prov. Jawa Tengah,Kab. Sragen,L,D3,7,18.0,4.8394791637251595,5.74611909170843,4.88344225794741,4.710151211706066,12.052481485341804,6.26745181762357,7.917873628267264
919,Prov. Jawa Tengah,Kab. Sragen,P,D3,35,111.0,29.843454842971816,37.906771304046366,33.41892998267697,32.985025515369884,31.35918938479382,34.70991391856785,37.27003108114368
920,Prov. Jawa Tengah,Kab. Sukoharjo,L,D3,347,1247.0,335.26836206473746,352.92416383088545,323.4027511829301,318.55416565429607,319.651751506816,308.952080838336,324.8762912361379
921,Prov. Jawa Tengah,Kab. Sukoharjo,L,D4,46,164.0,44.093032380607006,30.92167754324385,30.683198031232077,31.64716854412245,25.39585323698086,25.90792775347759,25.3887729875502
922,Prov. Jawa Tengah,Kab. Sukoharjo,L,Profesi,4264,3973.0,1068.1805954155589,6853.66914018222,4963.9180441330445,4656.225978384807,3647.400278213272,4584.091369852894,4431.507641608869
923,Prov. Jawa Tengah,Kab. Sukoharjo,L,S1,4162,25849.0,6949.7609390628695,4332.885853477059,4214.1462408581065,4132.368180312592,3902.94618500813,4028.016714022842,3805.201280594815
924,Prov. Jawa Tengah,Kab. Sukoharjo,L,S2,322,1156.0,310.80210629257135,332.71765604382455,344.9599722680112,329.0271267974115,315.05603704851364,319.2483757732052,346.20711517323195
925,Prov. Jawa Tengah,Kab. Sukoharjo,L,S3,25,250.0,67.21498838507166,37.947915103590404,41.02484231601076,51.34492769080297,42.81682844651455,53.815928308878945,48.507831242747024
926,Prov. Jawa Tengah,Kab. Sukoharjo,P,D3,475,1426.0,383.3942937484487,485.8714336478507,441.15456580116114,448.45352159422015,454.5682090352415,404.1842025764348,452.3817062193963
927,Prov. Jawa Tengah,Kab. Sukoharjo,P,D4,157,418.0,112.3834605798398,88.17495243952418,89.39939645158448,95.22542109615868,83.22322400147195,84.67900569039338,72.99599459326608
928,Prov. Jawa Tengah,Kab. Sukoharjo,P,Profesi,13236,12541.0,3371.7726773487348,23674.341482725973,17631.41831124275,16952.669488201922,11835.534988200709,8126.019227035374,11323.46948830914
929,Prov. Jawa Tengah,Kab. Sukoharjo,P,S1,8386,37724.0,10142.472887353773,7496.554129324689,7268.358528061979,7349.320943682779,7301.28772400856,6544.421722561335,5984.811945346807
930,Prov. Jawa Tengah,Kab. Sukoharjo,P,S2,381,1088.0,292.51962945183186,372.83673964228285,384.70331902900165,378.46874039341014,342.0567317988672,326.50658484860105,412.084420069949
931,Prov. Jawa Tengah,Kab. Sukoharjo,P,S3,22,118.0,31.725474517753824,22.337201546230446,23.604966167497444,30.575844131365074,18.811029859586156,21.71835532565122,18.353369801415713
932,Prov. Jawa Tengah,Kab. Tegal,L,D3,202,796.0,214.01252301806815,189.03801322883987,167.74161345627383,169.48294423047054,190.50817183160208,150.2839514672131,124.08511123000233
933,Prov. Jawa Tengah,Kab. Tegal,L,D4,6,70.0,18.820196747820063,11.906799310231314,11.108388417424573,11.771138452689586,12.506073724206717,15.252837153075994,12.809083893287672
934,Prov. Jawa Tengah,Kab. Tegal,L,Profesi,19,22.0,5.914918977886306,26.807409830616617,20.105526671378826,19.118282929504833,10.949154960935623,12.329224498660281,13.98846453184656
935,Prov. Jawa Tengah,Kab. Tegal,L,S1,197,1335.0,358.92803797628267,224.63722822563113,197.31674964532135,200.97034651528833,266.567547600517,229.5591524722724,201.20330235815672
936,Prov. Jawa Tengah,Kab. Tegal,P,D3,321,952.0,255.95467577035288,288.15728243120816,247.8404814311519,259.58459236871,316.2357462429418,260.1480025451726,282.5275988674811
937,Prov. Jawa Tengah,Kab. Tegal,P,D4,6,55.0,14.787297444715765,11.171913408523777,10.360858847025249,11.326605395728118,16.54287317580271,13.800976930677997,12.844432866175284
938,Prov. Jawa Tengah,Kab. Tegal,P,Profesi,86,92.0,24.735115725706372,152.63850462555052,108.15832121515,107.13444555996185,100.48172318364358,89.3406939425646,64.23081913159132
939,Prov. Jawa Tengah,Kab. Tegal,P,S1,445,2340.0,629.1322912842708,452.84302264626996,401.21031440793274,420.4096890481867,587.2408094481004,513.866111952899,485.99344360405394
940,Prov. Jawa Tengah,Kab. Temanggung,L,D3,5,62.0,16.669317119497773,18.638145563056355,15.715972275629342,15.505185178304306,19.12192802714755,16.548793105316445,17.40661192338963
941,Prov. Jawa Tengah,Kab. Temanggung,L,S1,70,314.0,84.42202541165,41.569649885951634,41.71866904719571,40.061554713845204,37.947494595848696,33.025867351335314,21.864826684035794
942,Prov. Jawa Tengah,Kab. Temanggung,L,S2,6,53.0,14.249577537635192,20.29420218566661,17.75014520732577,17.256720198827512,13.858154060510081,15.605560053643835,16.84205507978147
943,Prov. Jawa Tengah,Kab. Temanggung,P,D3,32,159.0,42.74873261290558,53.48931148571874,45.97778620914222,46.57376577701028,42.24856737453363,38.702452516677226,46.0588915782613
944,Prov. Jawa Tengah,Kab. Temanggung,P,S1,148,547.0,147.0663945865368,91.52609178280863,89.32285413653034,88.86131610434926,86.49440655446281,90.45753349675057,80.3715230279436
945,Prov. Jawa Tengah,Kab. Temanggung,P,S2,1,15.0,4.0328993031042994,6.278146837476728,5.648873829921692,5.628892910488467,4.163825785460412,4.431868616966656,4.482075279649659
946,Prov. Jawa Tengah,Kab. Wonogiri,L,D3,7,15.0,4.0328993031042994,4.710610858026624,4.09610373559606,3.999286456166105,2.928104311633967,4.0201118450608515,4.035057069635932
947,Prov. Jawa Tengah,Kab. Wonogiri,L,S1,79,582.0,156.47649296044682,98.37818766339004,94.19717697834379,90.85197612556982,95.63559468610146,101.19845603430464,81.79818273938425
948,Prov. Jawa Tengah,Kab. Wonogiri,P,D3,30,76.0,20.433356469061785,21.60165957088191,20.789188309319844,20.516990352003894,17.56807956258693,24.5778883168538,26.366631503835848
949,Prov. Jawa Tengah,Kab. Wonogiri,P,S1,106,664.0,178.5230091507503,131.00068294945277,125.79854887787226,124.96151318235985,109.30906564598347,113.99371737819521,108.04491137443934
950,Prov. Jawa Tengah,Kab. Wonosobo,L,D3,19,119.0,31.99433447129411,28.533468273420915,28.30021547620667,27.166860696105417,40.21463588493145,27.312988474841166,27.955630180579835
951,Prov. Jawa Tengah,Kab. Wonosobo,L,Profesi,23,32.0,8.603518513289172,39.85413587084622,33.251882594551226,30.068119154225826,75.96523612637428,19.632833591588966,22.838810906692075
952,Prov. Jawa Tengah,Kab. Wonosobo,L,S1,724,5474.0,1471.739385679529,897.3275228035534,893.3952991915294,862.5133353073371,1057.6054876209835,843.5500433267605,909.9000615879418
953,Prov. Jawa Tengah,Kab. Wonosobo,L,S2,73,182.0,48.932511544332165,66.70841231121254,63.94588954149292,61.30858020730663,81.13415648634411,48.83375489904537,58.626676389216314
954,Prov. Jawa Tengah,Kab. Wonosobo,P,D3,59,179.0,48.12593168371131,59.52804105157366,55.38417140061984,55.45771581930145,75.81020776887655,35.34958604048847,33.25105487959276
955,Prov. Jawa Tengah,Kab. Wonosobo,P,Profesi,48,64.0,17.207037026578345,79.35897975888943,70.62396693655155,65.0067197001878,133.83627815465795,49.42379723112457,70.7220540300953
956,Prov. Jawa Tengah,Kab. Wonosobo,P,S1,883,4962.0,1334.0830894669023,1023.5042056174134,992.6340754963678,992.4674707604191,1042.1417282222858,1023.1889569661006,1020.0117561200276
957,Prov. Jawa Tengah,Kab. Wonosobo,P,S2,68,125.0,33.60749419253583,50.97709071242039,49.92515759405215,49.12484457119324,61.632729239582865,40.590684457225464,46.290111376421535
958,Prov. Jawa Tengah,Kota Magelang,L,D3,77,433.0,116.4163598829441,130.74622856326098,114.81345399961889,112.75822310590763,129.42232394676276,97.90262067261007,106.73906004134727
959,Prov. Jawa Tengah,Kota Magelang,L,D4,450,1913.0,514.3290911225683,418.0507934471084,384.5889347214338,396.8805205558558,585.8281022567531,412.27855538406703,348.75016617871296
960,Prov. Jawa Tengah,Kota Magelang,L,Profesi,521,283.0,76.08736685190112,341.64126669349076,289.1902991215697,287.4549377032758,1066.5068085593425,410.48084204944934,571.853495540441
961,Prov. Jawa Tengah,Kota Magelang,L,S1,710,5849.0,1572.5618682571364,1116.4818294661873,1015.8667439218408,1001.1379856357859,1187.2014312428078,1023.3159857792941,1018.8109945218112
962,Prov. Jawa Tengah,Kota Magelang,L,S2,3,10.0,2.6885995354028664,2.871557930157904,2.929184451117746,2.774403405368057,2.8243137003471204,3.2590359305946577,3.1736424615452483
963,Prov. Jawa Tengah,Kota Magelang,P,D3,93,494.0,132.81681704890158,175.89604052199383,154.29620090048292,156.18646555050142,162.9476004298441,109.65413057582133,107.31813753069437
964,Prov. Jawa Tengah,Kota Magelang,P,Profesi,2204,1195.0,321.28764448064254,1595.300850264066,1381.4852502926703,1404.8085153598392,4707.1123333842015,1071.0796116070405,1423.613549164595
965,Prov. Jawa Tengah,Kota Magelang,P,S1,1420,9056.0,2434.795739260836,1953.2537825570787,1806.4606782962321,1833.2195816145236,2046.6258501170857,1553.5989680909704,1525.3555785819246
966,Prov. Jawa Tengah,Kota Magelang,P,S2,1,13.0,3.495179396023726,4.432408941427853,4.5044892814341955,4.399685266552495,4.750956569978383,3.6405947062099266,3.8081409934706203
967,Prov. Jawa Tengah,Kota Pekalongan,L,D3,69,181.0,48.66365159079188,48.027783034374735,45.92537749929805,45.06263329520149,37.316028271762804,30.80097740656761,29.868061548603524
968,Prov. Jawa Tengah,Kota Pekalongan,L,D4,10,111.0,29.843454842971816,19.32067187921365,20.120788186216483,20.63497263007868,17.861047704002218,18.289499958498688,15.939029797564324
969,Prov. Jawa Tengah,Kota Pekalongan,L,Profesi,649,216.0,58.07374996470191,387.4403048276267,280.68069311838946,262.72535864620244,691.767915805485,659.3768041434238,474.4159828699804
970,Prov. Jawa Tengah,Kota Pekalongan,L,S1,1270,7510.0,2019.1382510875526,1362.341628026552,1304.671382803353,1279.6835358914914,1288.69590451419,1345.4769645968165,1158.8299222812534
971,Prov. Jawa Tengah,Kota Pekalongan,L,S2,117,338.0,90.87466429661688,134.1568479791105,124.708229787478,121.19259703784829,226.65955217691933,88.84259070249219,92.41809092765253
972,Prov. Jawa Tengah,Kota Pekalongan,P,D3,179,473.0,127.17075802455558,167.42371540508603,152.33212112508423,155.11877591935732,202.1348883263591,114.83645448994245,85.09423760421043
973,Prov. Jawa Tengah,Kota Pekalongan,P,D4,6,30.0,8.065798606208599,6.863851167577809,6.872007588882338,7.394773496152811,9.240424128569865,10.068909770637632,10.063798149232523
974,Prov. Jawa Tengah,Kota Pekalongan,P,Profesi,1435,511.0,137.38743625908646,1010.0284683258133,750.375870275985,720.3313611940415,1513.9024916026588,943.1908475448108,960.5287939139992
975,Prov. Jawa Tengah,Kota Pekalongan,P,S1,2705,13058.0,3510.7732733290627,2864.2644528475794,2713.5447698510666,2748.3281976872668,3129.7874117021156,2856.2941901451445,2586.4327411848917
976,Prov. Jawa Tengah,Kota Pekalongan,P,S2,82,215.0,57.804890011161625,95.95264666083469,90.75742630951254,90.58844875047534,211.86604307076817,56.142367842015204,76.05016829951785
977,Prov. Jawa Tengah,Kota Salatiga,L,D3,31,152.0,40.86671293812357,38.23211545970345,35.602943515002224,34.411652566090325,35.66929764834144,26.345763723969384,38.377527127679734
978,Prov. Jawa Tengah,Kota Salatiga,L,D4,33,229.0,61.56892936072564,47.131144799451064,43.88021355553792,45.06732733752143,36.888430718166425,50.87954107789398,38.71758381581613
979,Prov. Jawa Tengah,Kota Salatiga,L,Profesi,2344,1460.0,392.53553216881846,2564.9354895927136,1790.838409981535,1664.9869373460158,1527.7501598006638,1897.7624553058245,1719.6904198153277
980,Prov. Jawa Tengah,Kota Salatiga,L,S1,2211,11473.0,3084.6302469677084,2147.4070459871505,1948.4119526764202,1921.0340991203373,2025.3829596655016,2173.5327522113907,1919.2125732196448
981,Prov. Jawa Tengah,Kota Salatiga,L,S2,215,570.0,153.2501735179634,202.86899543128476,188.0707686566449,180.36093771783183,188.7390561132879,169.05065799957944,157.0506428663729
982,Prov. Jawa Tengah,Kota Salatiga,L,S3,30,241.0,64.79524880320908,42.816183443142386,42.279766333511894,52.9884777518175,41.92662363888896,55.13612826929366,45.23193156062122
983,Prov. Jawa Tengah,Kota Salatiga,P,D3,45,105.0,28.230295121730098,34.89286709868355,31.049265313804465,31.164313379312755,32.51630629230312,32.34852232240245,33.620099676612604
984,Prov. Jawa Tengah,Kota Salatiga,P,D4,27,111.0,29.843454842971816,25.40438168132292,24.208508208046712,25.62304542244928,21.88105446036767,21.12513179101826,19.645377724650398
985,Prov. Jawa Tengah,Kota Salatiga,P,Profesi,7284,4193.0,1127.329785194422,8029.594933606712,5773.492681548596,5500.592266928746,4318.896687562863,4641.5347326484025,5072.254233666603
986,Prov. Jawa Tengah,Kota Salatiga,P,S1,4261,16907.0,4545.615234505626,3631.428637184874,3327.023538947708,3376.219876338852,3445.5371852482554,3294.730202006243,3476.2196311940356
987,Prov. Jawa Tengah,Kota Salatiga,P,S2,244,609.0,163.73571170603455,254.74014341346285,236.21085568825342,233.42480316228813,213.84975773098017,186.98587245675898,195.17681215887092
988,Prov. Jawa Tengah,Kota Salatiga,P,S3,13,98.0,26.34827544694809,20.627605841205007,20.31033126256311,26.245160778481672,15.22061043375226,16.095948469412278,14.244031510570775
989,Prov. Jawa Tengah,Kota Semarang,L,D3,2213,8196.0,2203.5761792161893,2267.7004598617673,2099.1552589993853,2138.1363290116033,1908.8907170990813,1686.4806662980743,2046.4659614145173
990,Prov. Jawa Tengah,Kota Semarang,L,D4,1629,9526.0,2561.1599174247704,1846.0203934406131,1814.3303190560323,1940.7057415807478,1638.9727583942113,1642.2467220716676,1542.5655621319477
991,Prov. Jawa Tengah,Kota Semarang,L,Profesi,11923,12329.0,3314.774367198194,11062.849051062953,10328.78375569133,9546.2652729947,17240.358385757605,11298.362679431462,12010.683275961313
992,Prov. Jawa Tengah,Kota Semarang,L,S1,18987,108937.0,29288.796758818204,17625.129415684256,17442.67849383205,17777.662053320797,18010.099462601615,18241.20506224801,17940.45903423538
993,Prov. Jawa Tengah,Kota Semarang,L,S2,3865,10425.0,2802.865015657488,3476.375776282098,3406.7373676908496,3396.3637118362194,3446.376903847577,2611.4213503292312,3229.557289926442
994,Prov. Jawa Tengah,Kota Semarang,L,S2 Terapan,1,4.0,1.0754398141611465,1.6832409020729004,1.453570838221925,1.348192799881328,4.534063695298302,2.5168075459794843,2.388655525473504
995,Prov. Jawa Tengah,Kota Semarang,L,S3,451,3262.0,877.021168448415,535.9202253512321,562.253087048744,731.8316896614652,725.6366256564776,750.994180904765,546.3108687520597
996,Prov. Jawa Tengah,Kota Semarang,L,Sp-1,112,465.0,125.01987839623328,85.25869598645274,99.3752379110612,137.64334417325017,170.10392711220103,109.99244140135244,112.59642515336478
997,Prov. Jawa Tengah,Kota Semarang,P,D3,4154,12064.0,3243.526479510018,3990.350270263163,3668.2880666121323,3849.4926050105405,5020.838353999323,3361.85002660273,3507.091302641869
998,Prov. Jawa Tengah,Kota Semarang,P,D4,2511,11342.0,3049.409593053931,2499.7083377202734,2491.0363741006713,2745.4337761565434,2719.7047272827904,2772.4836161040357,2435.964645681638
999,Prov. Jawa Tengah,Kota Semarang,P,Profesi,25882,26292.0,7068.865898481216,27690.00749878612,25871.788200346484,24637.353487222234,35765.31569842352,16298.393689992543,24668.898723856597
1000,Prov. Jawa Tengah,Kota Semarang,P,S1,31158,141237.0,37972.97325816946,26902.972755727056,26635.791700279548,28041.794751510206,33082.31946457044,24103.372066877953,23834.510479438468
1001,Prov. Jawa Tengah,Kota Semarang,P,S2,3517,9426.0,2534.2739220707417,3615.286055634753,3573.403427285615,3665.1160588775697,4643.74554694001,2190.297802012314,3094.36659624826
1002,Prov. Jawa Tengah,Kota Semarang,P,S2 Terapan,61,99.0,26.617135400488376,43.91739207029338,39.565947880818506,37.51309603247183,93.0538809959846,29.123037859275215,33.45159845579343
1003,Prov. Jawa Tengah,Kota Semarang,P,S3,284,1807.0,485.82993604729796,350.97041699054665,367.4585183841917,493.0626314392329,510.84014738901396,445.783469689469,358.0495951844484
1004,Prov. Jawa Tengah,Kota Semarang,P,Sp-1,126,555.0,149.2172742148591,109.36837001037728,131.99951352752174,187.1603411333788,270.3692761216905,147.48487185136455,147.76731838172984
1005,Prov. Jawa Tengah,Kota Surakarta,L,D1,11,20.0,5.377199070805733,17.219034958946306,6.88157471117642,5.724084640026222,5.576701679471563,13.847036477736978,16.917548588283697
1006,Prov. Jawa Tengah,Kota Surakarta,L,D2,35,78.0,20.971076376142356,36.07775802375203,29.246616995635044,24.439079818167574,20.831217355905466,23.019397449835225,25.90715503777425
1007,Prov. Jawa Tengah,Kota Surakarta,L,D3,1088,4549.0,1223.043928654764,1125.8161999968836,1088.4102886596052,1085.8240723916736,917.3742010621083,988.8067617766368,1062.8372924388132
1008,Prov. Jawa Tengah,Kota Surakarta,L,D4,717,3236.0,870.0308096563675,599.8334609830772,597.1778579223754,621.2451698507147,458.2831877369248,637.0081758721341,580.9498488643849
1009,Prov. Jawa Tengah,Kota Surakarta,L,Profesi,7094,7799.0,2096.8387776606955,12412.96800224106,9239.714039377877,8688.399564038002,15031.081932850866,9067.372248737003,7748.658476200314
1010,Prov. Jawa Tengah,Kota Surakarta,L,S1,5373,34808.0,9358.477262830296,5372.098747065146,5390.519353773564,5340.663529454196,5120.410577691937,5367.989732069887,4952.155663558487
1011,Prov. Jawa Tengah,Kota Surakarta,L,S2,772,2767.0,743.9354914459731,791.8821919364103,819.6744388620073,788.0822534723836,918.0088428001932,706.9955020439997,823.3969529877586
1012,Prov. Jawa Tengah,Kota Surakarta,L,S3,160,1103.0,296.55252875493613,160.1292153771095,175.4529027563207,220.71600144168664,189.66001583999983,230.3770421367889,219.63620187877467
1013,Prov. Jawa Tengah,Kota Surakarta,L,Sp-1,89,498.0,133.89225686306276,73.17926799433772,92.51605692115753,122.9596811354796,88.3388927702345,109.85646126159557,105.78039726717641
1014,Prov. Jawa Tengah,Kota Surakarta,L,Sp-2,1,7.0,1.8820196747820064,2.2442983316744356,2.63889558333367,2.270327608649738,3.2821017483562467,3.0164480455372726,3.0708742311959814
1015,Prov. Jawa Tengah,Kota Surakarta,P,D1,5,23.0,6.183778931426593,15.40040090879995,7.224167049441274,6.006431122392631,8.218226164337914,13.115262942984794,18.549196046736053
1016,Prov. Jawa Tengah,Kota Surakarta,P,D2,65,170.0,45.70619210184873,89.4739214487771,73.46293668890681,63.105753505921896,49.569742186413734,35.949516655230234,44.65065306211675
1017,Prov. Jawa Tengah,Kota Surakarta,P,D3,3112,8952.0,2406.834304092646,2689.4764452416,2566.9666371753324,2641.5875127644517,2308.0792560547643,1903.653345599763,2381.056164835083
1018,Prov. Jawa Tengah,Kota Surakarta,P,D4,1478,6126.0,1647.036075387796,1303.854291492329,1310.2237469355805,1402.3705309058057,1154.2741513962162,1242.450320169692,1215.5197965335676
1019,Prov. Jawa Tengah,Kota Surakarta,P,Profesi,17286,18880.0,5076.075922840611,32614.890675092945,25043.12810682812,24124.094016040082,35536.74658966331,12098.409536661013,18065.493280802526
1020,Prov. Jawa Tengah,Kota Surakarta,P,S1,8981,46212.0,12424.556173003726,8571.655140395435,8534.784155708981,8743.758952575405,8881.9610627511,9510.677302289545,8951.086552381801
1021,Prov. Jawa Tengah,Kota Surakarta,P,S2,907,2820.0,758.1850689836083,933.6497962858379,972.5638490972419,962.4295941131514,1033.2834741017602,760.6809835728665,876.0364393118455
1022,Prov. Jawa Tengah,Kota Surakarta,P,S3,172,978.0,262.94503456240034,174.6473320781462,188.05336245784744,244.5900372919075,177.16003575692633,211.02474416294842,208.86469819884766
1023,Prov. Jawa Tengah,Kota Surakarta,P,Sp-1,75,463.0,124.48215848915271,76.9977099129642,98.80041568646924,134.93405749694645,94.74281266182278,94.85449322119396,95.93085644381148
1024,Prov. Jawa Tengah,Kota Surakarta,P,Sp-2,4,7.0,1.8820196747820064,2.4531532709222295,2.9673363810198516,2.6166032099548913,3.531547236583427,2.9433843330292575,2.8886982185830905
1025,Prov. Jawa Tengah,Kota Tegal,L,D3,82,1075.0,289.02445005580813,321.923669575661,298.3362200422595,286.0561440155908,291.9203295827163,244.84290586077984,234.88293516311555
1026,Prov. Jawa Tengah,Kota Tegal,L,D4,133,972.0,261.3318748411586,186.7280067181702,189.87699162513903,189.3967045624788,145.8746097390452,192.13338518687266,160.6991324110885
1027,Prov. Jawa Tengah,Kota Tegal,L,Profesi,642,628.0,168.8440508233,1065.549352977064,803.1666278069306,730.0854833171846,1027.88270330215,809.1884091856858,751.6541881017802
1028,Prov. Jawa Tengah,Kota Tegal,L,S1,508,3437.0,924.0716603179652,519.1289373847214,547.1967151981365,525.6432937910139,614.8716428753619,661.02916581032,580.7546385975761
1029,Prov. Jawa Tengah,Kota Tegal,L,S2,106,282.0,75.81850689836084,75.06140495952933,82.94857850235326,76.32351439469439,88.17553218148244,57.966386919837085,60.8306416089914
1030,Prov. Jawa Tengah,Kota Tegal,P,D3,81,1401.0,376.67279490994156,501.50170682742237,461.8215166844135,456.86423504845936,418.1153211786531,377.7464909279414,422.2207386439572
1031,Prov. Jawa Tengah,Kota Tegal,P,D4,85,538.0,144.64665500467422,122.56910315327305,124.22908119077131,127.77266160293365,100.0070693144354,125.71009040574206,120.4391746725334
1032,Prov. Jawa Tengah,Kota Tegal,P,Profesi,2081,2023.0,543.9036860119999,3818.9242432766496,2940.999988751004,2743.6858825487802,3273.067836450173,2064.2347189604025,1911.0166661797039
1033,Prov. Jawa Tengah,Kota Tegal,P,S1,571,3132.0,842.0693744881777,585.2563027421545,605.345295689003,602.6716247986587,630.5389916936189,634.2247942597896,563.0165310977941
1034,Prov. Jawa Tengah,Kota Tegal,P,S2,123,214.0,57.53603005762134,78.28056622511602,81.43676303159647,78.10926915172628,77.180868878061,59.424363341782716,82.65040000487453
1035,Prov. Jawa Timur,Kab. Bangkalan,L,D3,15,93.0,25.003975679246658,26.21743869908277,24.3113522088385,23.79845057933485,22.51648568845016,30.998287833019045,31.553676498074015
1036,Prov. Jawa Timur,Kab. Bangkalan,L,Profesi,485,523.0,140.61375570156991,600.4544998057809,532.4789292646296,527.2117042153892,804.5430775928505,661.3040847756236,745.668020248173
1037,Prov. Jawa Timur,Kab. Bangkalan,L,S1,1729,9901.0,2661.9824000023777,1697.7068975679088,1663.0931095049918,1648.0172811357875,1970.8706892368152,1692.5423804135332,1471.3564516311285
1038,Prov. Jawa Timur,Kab. Bangkalan,L,S2,38,105.0,28.230295121730098,36.70365800869334,35.75616963775735,34.633359977647004,29.936008936337405,27.993171517105935,34.30144799782522
1039,Prov. Jawa Timur,Kab. Bangkalan,P,D3,54,539.0,144.9155149582145,104.47955900181788,119.27600203359478,115.65406852639103,107.55896391661638,140.40057532339264,130.80876648012733
1040,Prov. Jawa Timur,Kab. Bangkalan,P,Profesi,1706,1849.0,497.12205409599,2380.2698969170115,2145.831154553914,2170.3534745877373,2948.756216443581,2061.317967009327,2441.2513808641015
1041,Prov. Jawa Timur,Kab. Bangkalan,P,S1,2728,14315.0,3848.730234929203,2749.7373910486313,2746.1290590900485,2797.7531712594605,2948.574856847429,2975.522333624121,2880.791482083927
1042,Prov. Jawa Timur,Kab. Bangkalan,P,S2,47,108.0,29.036874982350955,42.1433315500059,41.94725835174531,41.85346894287812,34.155660333562714,28.194589468701267,34.621890231110264
1043,Prov. Jawa Timur,Kab. Banyuwangi,L,D2,5,10.0,2.6885995354028664,3.614629306693597,3.0822378081719166,2.574397232629819,2.5290527052309777,4.078904603724877,3.960680912825879
1044,Prov. Jawa Timur,Kab. Banyuwangi,L,D3,176,619.0,166.42431124143744,163.4068807656481,146.64504477598214,147.87682215271124,138.70538943337402,138.68162722379083,144.7617228532357
1045,Prov. Jawa Timur,Kab. Banyuwangi,L,D4,365,1767.0,475.0755379056865,321.76606608123194,308.01777752113475,324.74302879985663,277.92627243582064,373.8292101883112,360.4103264746619
1046,Prov. Jawa Timur,Kab. Banyuwangi,L,Profesi,74,129.0,34.682934006696975,130.9863510802054,110.94796149845996,102.73215256902209,105.07464872182837,110.9416443090072,101.58210192382529
1047,Prov. Jawa Timur,Kab. Banyuwangi,L,S1,680,6684.0,1797.059929463276,783.9064174586256,834.1278740527354,818.4089761807483,867.0663334014438,774.1455594179375,805.78430238491
1048,Prov. Jawa Timur,Kab. Banyuwangi,L,S2,87,391.0,105.12424183425208,88.4701546819291,95.89306753069349,92.23372353658164,106.49094613718785,87.23506171310873,114.90595082060162
1049,Prov. Jawa Timur,Kab. Banyuwangi,P,D1,2,2.0,0.5377199070805733,2.1019563860345523,0.7915721661443322,0.6925339259812957,0.8681540683097544,2.5797740442169954,2.843931924556523
1050,Prov. Jawa Timur,Kab. Banyuwangi,P,D2,9,28.0,7.5280786991280255,12.361299960626098,10.38702842356993,8.965153273475291,8.103306625262142,9.378402260073884,10.361542357858687
1051,Prov. Jawa Timur,Kab. Banyuwangi,P,D3,185,623.0,167.49975105559858,184.98790938253828,168.91273674093762,174.9914513053901,171.3983745712222,162.48602711523404,198.81035425132544
1052,Prov. Jawa Timur,Kab. Banyuwangi,P,D4,406,1651.0,443.8877832950132,339.91496330258695,330.7594081974727,359.3791544212637,359.9939474505113,354.4722331298443,337.68022167072473
1053,Prov. Jawa Timur,Kab. Banyuwangi,P,Profesi,263,336.0,90.33694438953631,487.34907847376724,382.82583742469524,370.559993079332,350.19758243606435,244.14038177908307,264.0552154127334
1054,Prov. Jawa Timur,Kab. Banyuwangi,P,S1,1092,7403.0,1990.370236058742,1049.2095617237326,1105.277780012814,1121.3014394433153,1016.225135480042,923.4662177812652,1127.3637628370504
1055,Prov. Jawa Timur,Kab. Banyuwangi,P,S2,71,288.0,77.43166661960255,76.37149902336425,82.88796708962184,82.13533496385324,90.34701353010348,59.914001504746295,73.55991852679905
1056,Prov. Jawa Timur,Kab. Blitar,L,S1,21,285.0,76.6250867589817,45.61687382459016,38.71112700326222,38.110756913915814,46.22351622833751,52.98086364685968,38.32985538984871
1057,Prov. Jawa Timur,Kab. Blitar,P,S1,40,425.0,114.26548025462182,78.56826064593088,67.14045293157474,68.0243951777792,70.9030310447942,35.98791000891937,51.29679017705798
1058,Prov. Jawa Timur,Kab. Bojonegoro,L,D3,31,68.0,18.28247684073949,18.916687034637047,16.549688016003586,16.67846610584973,20.28565309017426,21.14889496718987,19.168514976022912
1059,Prov. Jawa Timur,Kab. Bojonegoro,L,Profesi,56,73.0,19.626776608440924,117.39662791665484,82.88917480398409,79.31038577518179,78.02390774024828,80.98282567341448,77.94831362821535
1060,Prov. Jawa Timur,Kab. Bojonegoro,L,S1,899,6486.0,1743.825658662299,827.220422125897,852.3966611870221,849.9694042803161,848.2034846366462,794.6803517375769,847.9220764152757
1061,Prov. Jawa Timur,Kab. Bojonegoro,L,S2,39,136.0,36.56495368147898,24.412052935650593,28.832600639000713,27.23347029049543,25.81371355678019,14.039794446430225,17.10537523903791
1062,Prov. Jawa Timur,Kab. Bojonegoro,P,D3,77,208.0,55.92287033637962,67.10150734340782,59.02333327174254,61.233354437209016,79.92703229165369,20.25773367559724,34.18713168499583
1063,Prov. Jawa Timur,Kab. Bojonegoro,P,Profesi,155,189.0,50.81453121911417,328.05448913007933,239.45115690993924,234.6114151332762,247.59476527155314,265.0371996849979,191.39691574114323
1064,Prov. Jawa Timur,Kab. Bojonegoro,P,S1,1758,8561.0,2301.710062258394,1393.2896666285767,1392.21900287905,1442.6565692614188,1457.3316878684561,1346.6398459621694,1484.3097328879785
1065,Prov. Jawa Timur,Kab. Bojonegoro,P,S2,15,59.0,15.862737258876912,11.814729588193007,14.241962996866777,13.80851379704127,12.805551262869793,15.706533813983622,23.76194776041069
1066,Prov. Jawa Timur,Kab. Bondowoso,L,D3,17,57.0,15.325017351796339,16.98122855825577,13.93976029038736,14.190379503932853,15.828126315111847,14.395401456274998,17.377724340088538
1067,Prov. Jawa Timur,Kab. Bondowoso,L,S1,435,2449.0,658.438026220162,355.08574189313543,333.938280252949,333.8337316105895,338.39235014555567,372.8182541347875,310.19893544012047
1068,Prov. Jawa Timur,Kab. Bondowoso,L,S2,24,67.0,18.013616887199206,22.445734230777855,20.05772802705653,19.936660337760156,22.885984478774002,20.19050725835285,18.487386135939587
1069,Prov. Jawa Timur,Kab. Bondowoso,P,D3,36,302.0,81.19570596916657,87.78383902583577,77.46682077797327,80.15369002285834,78.02664290390473,51.95101185121534,60.041715579257286
1070,Prov. Jawa Timur,Kab. Bondowoso,P,S1,506,2604.0,700.1113190189064,435.63129864078167,412.73169109431933,424.6314572937247,427.8078889228386,460.8921820393008,476.2988212783605
1071,Prov. Jawa Timur,Kab. Bondowoso,P,S2,20,48.0,12.905277769933758,18.61228703927648,16.734674331430597,17.12081944027352,19.861083164815728,11.482901310966573,12.703825456328138
1072,Prov. Jawa Timur,Kab. Gresik,L,D3,30,211.0,56.72945019700048,59.37450285042658,52.038757344297096,52.492537961474,62.76850201601208,26.47679669569989,36.42981745963402
1073,Prov. Jawa Timur,Kab. Gresik,L,Profesi,476,508.0,136.5808563984656,771.5840509623091,560.3636809835708,533.6971229371867,687.7362134602993,735.5295884641225,764.3972905364269
1074,Prov. Jawa Timur,Kab. Gresik,L,S1,1194,7810.0,2099.7962371496387,1056.061283550028,1066.2933816468142,1057.00288782192,1044.4651076237806,1063.004895740286,953.2434114679138
1075,Prov. Jawa Timur,Kab. Gresik,L,S2,138,318.0,85.49746522581115,102.94049718857967,97.33421155092248,95.97988051533444,100.75737447636293,82.17842462407935,85.03340151748186
1076,Prov. Jawa Timur,Kab. Gresik,P,D3,74,259.0,69.63472796693424,64.74836354306521,63.3903687448862,64.8894209426564,55.863603136388996,57.577143186091234,66.3919085090845
1077,Prov. Jawa Timur,Kab. Gresik,P,Profesi,1823,1952.0,524.8146293106395,3329.6773037703338,2461.6887526471105,2407.8498760882817,2674.312803469673,2445.79610778055,2523.9540388940754
1078,Prov. Jawa Timur,Kab. Gresik,P,S1,1573,8054.0,2165.3980658134687,1333.319365894726,1325.1303496091114,1356.9730434919497,1284.5098780298283,1353.7822906819129,1437.3193308009877
1079,Prov. Jawa Timur,Kab. Gresik,P,S2,145,385.0,103.51108211301036,146.67134007689347,138.6418199835106,140.88932896851284,138.76529177070054,114.40905653956126,124.11775591595318
1080,Prov. Jawa Timur,Kab. Jember,L,D2,12,17.0,4.570619210184873,8.311481221756368,6.475049880468682,5.490574339179872,6.810554730447543,8.302415921852965,8.84152782044936
1081,Prov. Jawa Timur,Kab. Jember,L,D3,610,2349.0,631.5520308661334,536.5582030895536,523.9344309700653,521.2890794590572,443.04002622680366,430.65947224081685,406.9593212407679
1082,Prov. Jawa Timur,Kab. Jember,L,D4,746,4743.0,1275.2027596415794,780.1902799173268,798.4711073048744,831.2393743141912,675.3051529128968,862.8481393465142,736.5628326580996
1083,Prov. Jawa Timur,Kab. Jember,L,Profesi,3193,1143.0,307.3069268965476,1839.1302727905793,1338.5160831655962,1273.045207977223,664.8548181371797,1219.9799608037113,1250.1658219185945
1084,Prov. Jawa Timur,Kab. Jember,L,S1,5188,33013.0,8875.873646225482,5010.5775466502,4960.027610818985,4937.4054083364845,4753.7441108206385,4559.647559806308,4574.828026044409
1085,Prov. Jawa Timur,Kab. Jember,L,S2,617,2648.0,711.941156974679,590.3535881312253,660.9649196108378,630.529869850498,522.3145478888315,730.1070624252262,817.8382753615098
1086,Prov. Jawa Timur,Kab. Jember,L,S3,72,474.0,127.43961797809587,56.22256297825402,65.4135033322957,81.93377262704267,75.49250403429332,70.53956796970743,76.62233564999386
1087,Prov. Jawa Timur,Kab. Jember,P,D2,16,21.0,5.64605902434602,11.222584863151237,8.994107348012664,7.816952783762181,8.662811015357038,9.164323240075856,11.179534840238098
1088,Prov. Jawa Timur,Kab. Jember,P,D3,1002,3397.0,913.3172621763537,955.2460923173677,915.4394884064308,939.2879182314543,733.7950491596891,873.7294208874713,916.0634749386766
1089,Prov. Jawa Timur,Kab. Jember,P,D4,783,4278.0,1150.1828812453462,808.7368098602582,834.7643008167495,893.1148130953906,806.6151877064584,896.3054064835646,852.3270700215429
1090,Prov. Jawa Timur,Kab. Jember,P,Profesi,8975,3216.0,864.6536105855619,5646.266133217705,4230.282437141977,4123.23394382245,1906.6576830933536,3841.6351290638913,4558.611886099142
1091,Prov. Jawa Timur,Kab. Jember,P,S1,10413,49994.0,13441.38451729309,9183.569333490284,8992.619903781717,9250.980629298794,9633.681061140054,8058.159730735184,7850.159616712709
1092,Prov. Jawa Timur,Kab. Jember,P,S2,710,2043.0,549.2808850828056,645.6718449380496,672.4211107415522,670.2286930162039,647.5754351012353,590.8269914435141,731.9082882762715
1093,Prov. Jawa Timur,Kab. Jember,P,S3,28,204.0,54.847430522218474,32.671275324456666,36.03036749275641,46.98202043171803,34.321311894131576,24.845745906168837,24.074165986456585
1094,Prov. Jawa Timur,Kab. Jombang,L,D3,22,147.0,39.52241317042213,38.691402425253884,36.995259437979726,36.17977186061954,35.08699091308094,29.205719008125456,36.763764618928285
1095,Prov. Jawa Timur,Kab. Jombang,L,Profesi,323,306.0,82.27114578332771,315.21969654022877,282.93169748399276,255.25976483930415,229.24314804034583,282.8935452298101,225.6205888593855
1096,Prov. Jawa Timur,Kab. Jombang,L,S1,1661,9361.0,2516.798025090623,1267.8672953402788,1362.1884081437968,1321.2700872069822,1345.8538666227776,1294.1479893238484,1236.0080470751016
1097,Prov. Jawa Timur,Kab. Jombang,L,S2,86,292.0,78.5071064337637,78.26106489817306,84.65233136092733,80.24430773353423,81.58272039222153,76.40021521794996,77.086404372058
1098,Prov. Jawa Timur,Kab. Jombang,P,D3,152,476.0,127.97733788517644,143.91223471878098,138.86086557052255,139.69877009164344,134.1461960640917,110.91631140469964,103.23065493816462
1099,Prov. Jawa Timur,Kab. Jombang,P,Profesi,1758,1338.0,359.7346178369035,1776.2399293459935,1538.7289612727332,1440.2500936839267,1076.290097565602,2073.970802250662,1655.2224242861878
1100,Prov. Jawa Timur,Kab. Jombang,P,S1,3079,11514.0,3095.6535050628604,2025.1518934226865,2092.5879062331337,2103.9115609981627,2110.187711937519,2140.744431679323,2108.4582158792896
1101,Prov. Jawa Timur,Kab. Jombang,P,S2,78,269.0,72.32332750233711,81.40563961678505,89.45128412560014,87.11751416487309,90.67617744943338,72.68333064952833,69.22884134630614
1102,Prov. Jawa Timur,Kab. Kediri,L,D3,43,111.0,29.843454842971816,27.08199612739545,25.794602480392907,25.07215136651821,25.72474073820723,29.280826468060297,32.93689877735278
1103,Prov. Jawa Timur,Kab. Kediri,L,Profesi,81,111.0,29.843454842971816,122.00236398061868,103.29541777731657,93.58955418118425,77.81366772553488,97.29985229440557,120.61672428639845
1104,Prov. Jawa Timur,Kab. Kediri,L,S1,562,6439.0,1731.1892408459057,1130.3388185790366,1059.8678377110753,1040.8347205753907,1092.0363812815065,1052.976800050914,938.0409248939158
1105,Prov. Jawa Timur,Kab. Kediri,P,D3,197,578.0,155.40105314628568,160.50303392045288,154.83343730511544,154.74489969198646,137.37469271802482,174.04251340186275,177.67979774661117
1106,Prov. Jawa Timur,Kab. Kediri,P,Profesi,391,476.0,127.97733788517644,722.7268243306415,574.896547468498,543.1683543298972,366.35132984019623,327.34331968271306,574.0651671900528
1107,Prov. Jawa Timur,Kab. Kediri,P,S1,953,10819.0,2908.795837352361,2142.9182060044727,2041.6893756433558,2059.6434993757193,2313.1940187964424,2070.0389661758077,1784.7261676851278
1108,Prov. Jawa Timur,Kab. Lamongan,L,D3,5,53.0,14.249577537635192,11.604464229721128,11.476054037872803,11.18003546565193,9.967013848865507,13.46043084193071,14.464600914673374
1109,Prov. Jawa Timur,Kab. Lamongan,L,Profesi,34,46.0,12.367557862853186,63.993758903876646,49.238280855234805,45.86101242058233,44.27269938035619,33.92143141989431,28.01349684500573
1110,Prov. Jawa Timur,Kab. Lamongan,L,S1,1358,7779.0,2091.4615785898895,1068.0903574975432,1097.989108858542,1073.0425184914884,1085.714305915488,1024.8642740472121,971.4786193939551
1111,Prov. Jawa Timur,Kab. Lamongan,L,S2,175,490.0,131.74137723474044,129.7927132503948,135.8253809849691,129.89808725078439,108.8539494253031,114.36868001870451,122.66390892848044
1112,Prov. Jawa Timur,Kab. Lamongan,P,D3,115,295.0,79.31368629438455,85.58071073011025,80.81018894530271,81.84269235466765,76.86813384406985,77.23920456066799,79.66669123723644
1113,Prov. Jawa Timur,Kab. Lamongan,P,Profesi,207,231.0,62.10664926780621,377.90881272704473,290.7702286525762,279.0843757087083,414.4149277562276,230.54242127752255,228.74009019265867
1114,Prov. Jawa Timur,Kab. Lamongan,P,S1,1971,8998.0,2419.201861955499,1541.4315043627028,1547.9451826332202,1563.8408362291368,1555.8832855369405,1443.033290190852,1479.2683595720694
1115,Prov. Jawa Timur,Kab. Lamongan,P,S2,217,349.0,93.83212378556003,128.66800204964525,126.13547733796099,125.8631039897037,132.94443432153193,110.3826336258588,114.57946958765136
1116,Prov. Jawa Timur,Kab. Lumajang,L,S1,470,3880.0,1043.1766197363122,554.5635094669431,530.9807423022364,529.822556435515,536.3958650941657,547.2719804026761,510.2417503822499
1117,Prov. Jawa Timur,Kab. Lumajang,L,S2,18,65.0,17.47589698011863,17.68591684218426,17.35126141998968,16.987377017371724,20.88438778633566,16.457871202289077,16.175983814771104
1118,Prov. Jawa Timur,Kab. Lumajang,P,S1,768,4269.0,1147.7631416634836,740.3057392096835,700.3217893156863,721.8473368658564,771.0174883321984,709.8497068387836,729.2308413589241
1119,Prov. Jawa Timur,Kab. Lumajang,P,S2,21,52.0,13.980717584094904,16.417785117773963,16.190579135121084,16.318309029221126,16.748620774493677,15.804867047065851,14.435054789556618
1120,Prov. Jawa Timur,Kab. Magetan,L,S1,312,1673.0,449.8027022728995,230.55275128618962,215.51875841969516,209.08234857377187,139.56056104689307,132.67610966674314,147.28692793051817
1121,Prov. Jawa Timur,Kab. Magetan,L,S2,5,24.0,6.452638884966879,9.214132967597628,7.616464313500147,7.460102936910113,9.639700761085038,5.208294577705384,5.088001344498901
1122,Prov. Jawa Timur,Kab. Magetan,P,S1,392,1880.0,505.4567126557389,333.1912011276478,300.8474070590395,302.75256330008943,230.65488044130183,270.4614072842344,285.504699568155
1123,Prov. Jawa Timur,Kab. Magetan,P,S2,5,48.0,12.905277769933758,20.143204768423296,17.12884116743826,17.195870073502192,19.236090227780345,11.248168352536233,15.743865974001876
1124,Prov. Jawa Timur,Kab. Malang,L,D3,103,225.0,60.49348954656449,62.4652582633702,54.86992874904695,54.433108723506614,64.50481223492632,60.44366263561791,63.09886822068985
1125,Prov. Jawa Timur,Kab. Malang,L,D4,102,437.0,117.49179969710526,89.3093801704912,81.61064660787666,85.08141880750607,118.33472101950126,87.1596405327892,89.06302125212221
1126,Prov. Jawa Timur,Kab. Malang,L,Profesi,47,54.0,14.518437491175478,62.94259187672589,50.50787320980952,46.46401071113197,38.63251404713015,42.05978610466082,64.10040300735771
1127,Prov. Jawa Timur,Kab. Malang,L,S1,528,4026.0,1082.430172953194,680.8105818144902,628.1016134832958,622.1797520289796,708.8303477562116,757.8688769336337,628.4480864389225
1128,Prov. Jawa Timur,Kab. Malang,L,S2,134,537.0,144.37779505113392,163.06940199186266,157.61172701376947,152.35726567531074,164.21775380162237,150.5245403153359,136.69817670451354
1129,Prov. Jawa Timur,Kab. Malang,P,D3,111,339.0,91.14352425015717,108.70945965019868,96.15609657865537,98.1695365457851,124.33210384902202,90.6830553486609,94.48068121342968
1130,Prov. Jawa Timur,Kab. Malang,P,D4,99,433.0,116.4163598829441,97.25506105197955,91.23179380907453,97.52436988517525,124.72414732151145,84.1983702789655,77.0707938817615
1131,Prov. Jawa Timur,Kab. Malang,P,Profesi,233,197.0,52.965410847436466,270.5545201686402,216.94042160956107,205.6861319030995,160.23677145245904,189.40205225416267,221.32634380532534
1132,Prov. Jawa Timur,Kab. Malang,P,S1,861,5170.0,1390.005959803282,987.2460392934953,925.0557225079009,940.9837230223075,1019.4561685695769,1004.5799945017787,994.5871521415132
1133,Prov. Jawa Timur,Kab. Malang,P,S2,57,243.0,65.33296871028965,83.0602460562405,81.6528768394797,81.0756015347553,80.8689308629907,82.80701751322007,76.53435376979401
1134,Prov. Jawa Timur,Kab. Mojokerto,L,D3,106,325.0,87.37948490059316,95.2871651947347,84.38601332816225,84.44672226693991,108.1871933978104,99.81836816047165,89.93263510540721
1135,Prov. Jawa Timur,Kab. Mojokerto,L,Profesi,105,163.0,43.82417242706672,216.15156393712726,169.89786367832514,158.53000238425125,144.44339182379173,120.63504631721203,130.46392354325351
1136,Prov. Jawa Timur,Kab. Mojokerto,L,S1,657,4341.0,1167.1210583183843,652.2390214246145,648.2622103250699,638.5227604489078,615.6589114279379,699.9515157020812,637.2608020029621
1137,Prov. Jawa Timur,Kab. Mojokerto,L,S2,266,793.0,213.2059431574473,292.2726302749833,269.85620513954166,265.85432371107254,268.6702203076822,210.48046798357723,213.27496102875585
1138,Prov. Jawa Timur,Kab. Mojokerto,L,S3,18,151.0,40.597852984583284,27.404989906232917,27.094666349945086,34.84873880397941,25.06781765502747,27.73627702874365,18.67523765175602
1139,Prov. Jawa Timur,Kab. Mojokerto,P,D3,212,666.0,179.0607290578309,202.81020311517318,188.46052657229993,192.57630719885998,218.7126344719118,188.39820447582034,209.3366261610426
1140,Prov. Jawa Timur,Kab. Mojokerto,P,Profesi,499,634.0,170.45721054454174,948.9365227187603,757.8241779655431,726.4799551091932,577.4281274199463,717.4469774957058,696.9647557547435
1141,Prov. Jawa Timur,Kab. Mojokerto,P,S1,1285,6222.0,1672.8466309276635,1135.1770937101396,1114.3227667995156,1133.7244594824854,1251.478174563163,1154.9566751651787,1096.4149498014447
1142,Prov. Jawa Timur,Kab. Mojokerto,P,S2,170,447.0,120.18039923250812,180.3873426676227,171.22385427075807,172.91586917650142,180.2404457237694,111.11710114702161,127.6293462166135
1143,Prov. Jawa Timur,Kab. Mojokerto,P,S3,2,21.0,5.64605902434602,4.16596954423938,4.2371196678955005,5.585714732815405,3.616074058589532,5.636516871305147,4.4169717037560865
1144,Prov. Jawa Timur,Kab. Nganjuk,L,D3,4,23.0,6.183778931426593,6.67532336176512,5.732141946514729,5.759772625357219,7.629780406991797,3.8667454821502503,4.041624169041496
1145,Prov. Jawa Timur,Kab. Nganjuk,L,Profesi,28,30.0,8.065798606208599,43.08818699287578,31.714403803821273,29.91133819604024,25.85138384732486,16.721062097678583,19.373977553034234
1146,Prov. Jawa Timur,Kab. Nganjuk,L,S1,422,2380.0,639.8866894258822,387.32722297243794,360.4821917827119,358.89429390419093,381.3852319991241,481.25594540404586,392.81232994206493
1147,Prov. Jawa Timur,Kab. Nganjuk,L,S2,44,179.0,48.12593168371131,53.44591298506214,51.712549045024005,50.40434436306623,50.747920899248754,52.22544672434197,58.99831751361076
1148,Prov. Jawa Timur,Kab. Nganjuk,P,D3,59,169.0,45.43733214830844,53.366929928617736,47.22733745323472,48.62269244514895,61.98177614184153,46.468037507853005,50.64581693289759
1149,Prov. Jawa Timur,Kab. Nganjuk,P,Profesi,63,64.0,17.207037026578345,111.13646111720436,80.9255468619579,78.81292311695078,110.88099877742209,27.566861603630553,41.20802330666145
1150,Prov. Jawa Timur,Kab. Nganjuk,P,S1,670,3260.0,876.4834485413344,622.363969148283,579.7930273798011,594.7709926694522,738.9041366702161,645.4198962193728,589.8708872898287
1151,Prov. Jawa Timur,Kab. Nganjuk,P,S2,30,121.0,32.53205437837468,39.48380890773406,39.30328248241451,39.26452180410947,37.921281184075845,42.212253014308715,44.04860524355128
1152,Prov. Jawa Timur,Kab. Ngawi,L,D3,28,61.0,16.400457165957484,17.772527205171507,15.342819270570754,15.239093077490852,19.688266292618692,19.53137015018048,18.34767140477727
1153,Prov. Jawa Timur,Kab. Ngawi,L,S1,195,2225.0,598.2133966271377,336.699033047853,324.5249289626028,317.5738858154088,304.16553157712923,342.1494747507653,285.8681399540168
1154,Prov. Jawa Timur,Kab. Ngawi,P,D3,70,197.0,52.965410847436466,64.94083557097967,56.907140147270475,58.08046833765893,83.05634182233042,52.560657024451814,46.24693210080166
1155,Prov. Jawa Timur,Kab. Ngawi,P,S1,316,2414.0,649.0279278462519,391.9873529331715,391.45941058001085,392.1001974527913,370.04389403038914,397.6258413297497,421.5270803812945
1156,Prov. Jawa Timur,Kab. Pacitan,L,D2,48,146.0,39.25355321688185,52.600683915274594,46.15797243836456,37.110588798460356,31.455432967342414,33.85904500832503,31.839563379724915
1157,Prov. Jawa Timur,Kab. Pacitan,L,S1,175,1404.0,377.47937477056246,242.5295147128433,229.26209410476446,225.36516660350787,242.87643878481248,211.28244448703362,159.9560478673517
1158,Prov. Jawa Timur,Kab. Pacitan,P,D2,21,38.0,10.216678234530892,17.28820423514047,14.757651922326042,12.29116200349915,9.201108516371926,10.325206527394393,14.733756285411157
1159,Prov. Jawa Timur,Kab. Pacitan,P,S1,340,1687.0,453.56674162246355,326.34380766343264,314.51208128769235,317.77249947816745,299.4657619932843,290.67186460052005,282.4202821363277
1160,Prov. Jawa Timur,Kab. Pamekasan,L,D3,7,31.0,8.334658559748886,6.98553270002186,7.001952030780524,6.813131368137266,6.5799122878808705,6.256354921391194,6.035594234463956
1161,Prov. Jawa Timur,Kab. Pamekasan,L,S1,1334,11155.0,2999.1327817418974,1593.6896061811578,1650.9278754325937,1606.2431984901114,1579.0594539641988,1700.9356678075128,1614.2813160519659
1162,Prov. Jawa Timur,Kab. Pamekasan,L,S2,20,310.0,83.34658559748885,107.89558670883002,104.10593907344324,101.24973318659977,108.24996207483396,82.44419671137202,83.83290583393011
1163,Prov. Jawa Timur,Kab. Pamekasan,P,D3,92,304.0,81.73342587624714,96.85218641422323,90.39148336790996,91.87475391715404,102.10853904594008,84.30628388859176,85.42680275293137
1164,Prov. Jawa Timur,Kab. Pamekasan,P,Profesi,1,167.0,44.89961224122787,296.46910342932443,226.50759981723075,217.99194774019114,163.76054845816444,168.4360577547126,185.161241551536
1165,Prov. Jawa Timur,Kab. Pamekasan,P,S1,968,8364.0,2248.7446514109574,1531.9609386891177,1534.74034901721,1548.5302671092911,1696.9048922404672,1292.7453486339118,1308.5717372867555
1166,Prov. Jawa Timur,Kab. Pamekasan,P,S2,4,153.0,41.135572891663855,61.416847991385715,59.707343724440065,59.75425655191726,59.00876101547437,43.28639596930582,47.20651376827177
1167,Prov. Jawa Timur,Kab. Pasuruan,L,D3,70,125.0,33.60749419253583,31.473796047275975,28.579534441793438,28.767613147911074,30.82271550111213,39.48090799418115,39.74966418824325
1168,Prov. Jawa Timur,Kab. Pasuruan,L,D4,5,31.0,8.334658559748886,4.023272098825202,4.363282137949721,4.49587011516408,5.541515589069242,5.205780962615269,4.645207225301905
1169,Prov. Jawa Timur,Kab. Pasuruan,L,S1,1859,8096.0,2176.6901838621607,1275.6696412115646,1210.9746128720715,1238.3232332576983,1359.1286457183562,1250.3450303845143,1153.3851699816712
1170,Prov. Jawa Timur,Kab. Pasuruan,L,S2,156,582.0,156.47649296044682,212.73997694353943,190.47461754053384,190.7623846620584,181.1276545835931,162.58047812837802,153.00870806520703
1171,Prov. Jawa Timur,Kab. Pasuruan,L,S3,9,138.0,37.102673588559554,24.771286548796006,23.77438336783536,31.079126680529182,24.713816244942905,23.594795490454093,15.063953309054273
1172,Prov. Jawa Timur,Kab. Pasuruan,P,D3,150,341.0,91.68124415723774,94.12479207872035,87.82533517789551,90.62887669710177,90.66781916190415,80.85034552341172,92.75144269342282
1173,Prov. Jawa Timur,Kab. Pasuruan,P,D4,27,114.0,30.650034703592677,19.623635038732544,20.31238207163769,21.759947158065792,26.292709114279305,26.486238645721443,18.05666124345976
1174,Prov. Jawa Timur,Kab. Pasuruan,P,S1,1457,6778.0,1822.3327650960628,1189.5126653987188,1155.1397161421191,1217.7220925047009,1303.6565952769492,1224.7758097777064,1249.299927458015
1175,Prov. Jawa Timur,Kab. Pasuruan,P,S2,25,244.0,65.60182866382993,98.21636875564657,90.20346019612819,92.64483043311208,95.85336040602287,67.8689635788744,67.65225427504622
1176,Prov. Jawa Timur,Kab. Pasuruan,P,S3,4,21.0,5.64605902434602,4.120338234270133,4.068122714443819,5.450776242650901,3.8428444245377396,4.168405549922605,4.158117405874464
1177,Prov. Jawa Timur,Kab. Ponorogo,L,D3,21,111.0,29.843454842971816,31.67416314757809,27.2954917026738,27.014795853339823,28.60487404634621,31.079983427760034,35.472679600711615
1178,Prov. Jawa Timur,Kab. Ponorogo,L,D4,11,112.0,30.112314796512102,25.482113667177213,22.148234829567752,23.17206029713224,36.01041436808495,26.264588853231988,16.898015216454766
1179,Prov. Jawa Timur,Kab. Ponorogo,L,Profesi,64,84.0,22.58423609738408,119.24409035476043,87.9005849270065,81.68864132277007,87.77264556605122,159.2551443149498,395.61406360329414
1180,Prov. Jawa Timur,Kab. Ponorogo,L,S1,1066,10168.0,2733.7680075976346,1781.91411490586,1606.7153929326362,1586.3407521088598,1562.9943428193505,1755.0529119654552,1446.9857804565638
1181,Prov. Jawa Timur,Kab. Ponorogo,L,S2,110,486.0,130.6659374205793,193.0610909178967,166.73190801599986,163.6795075575086,156.90996907818496,118.73221117185977,124.27256147024539
1182,Prov. Jawa Timur,Kab. Ponorogo,L,S3,4,34.0,9.141238420369746,6.30038313146573,5.949900298010888,7.595295246682955,5.921421965765921,5.394419708510558,4.262949657909843
1183,Prov. Jawa Timur,Kab. Ponorogo,P,D3,116,507.0,136.3119964449253,167.1168664360768,145.0391146687107,147.79468785711686,160.05734176406477,150.3351575404054,146.63356186734663
1184,Prov. Jawa Timur,Kab. Ponorogo,P,Profesi,130,177.0,47.588211776630736,269.00966314813724,205.64269276105105,195.57986065454386,186.34989105596114,325.2804327413262,394.91930395519074
1185,Prov. Jawa Timur,Kab. Ponorogo,P,S1,1668,14610.0,3928.043921223588,3115.4166783708865,2772.1586476121784,2827.467606467931,3129.720826830416,3316.747197502563,2941.9070941687914
1186,Prov. Jawa Timur,Kab. Ponorogo,P,S2,111,497.0,133.62339690952246,221.91436359044192,195.03436777769363,196.64604731046344,180.202412023566,127.3787784561151,144.97410348863244
1187,Prov. Jawa Timur,Kab. Ponorogo,P,S3,1,16.0,4.301759256644586,3.601234201672169,3.35852395328344,4.428570853279431,3.912293573936626,2.8810931115340166,2.333850981826543
1188,Prov. Jawa Timur,Kab. Probolinggo,L,D3,43,162.0,43.555312473526435,42.45917177405944,40.69198351525828,39.99782337166039,42.54379920239407,31.67343212072013,27.313772693581917
1189,Prov. Jawa Timur,Kab. Probolinggo,L,Profesi,77,111.0,29.843454842971816,154.2470445476186,122.58871553063639,111.8037345597975,79.45365002475009,83.39063437795386,101.21236434282126
1190,Prov. Jawa Timur,Kab. Probolinggo,L,S1,966,6738.0,1811.5783669544514,911.8328095180946,971.9748476606559,926.0037511578295,798.1430632946231,769.5092214086161,838.0106235627378
1191,Prov. Jawa Timur,Kab. Probolinggo,L,S2,58,176.0,47.31935182309045,56.75532518745319,56.82133995657867,53.99220771290342,60.421050170676644,54.92107930610503,60.00602821277386
1192,Prov. Jawa Timur,Kab. Probolinggo,P,D3,54,212.0,56.99831015054077,57.27050733865359,57.52133117292297,57.06951504194904,49.5047355379235,29.419023566789956,42.33128777181252
1193,Prov. Jawa Timur,Kab. Probolinggo,P,Profesi,227,265.0,71.24788768817596,438.9221947818776,347.0172953463406,326.4623471609448,377.33535633175603,239.01956927574633,240.03102348094143
1194,Prov. Jawa Timur,Kab. Probolinggo,P,S1,1531,7447.0,2002.2000740145145,1290.4806778472928,1330.9776660172713,1315.038153253439,1311.941833982125,1324.4839301416766,1384.9505479346376
1195,Prov. Jawa Timur,Kab. Probolinggo,P,S2,60,132.0,35.48951386731783,50.36388650574755,50.302847607066454,49.277965601381084,53.77719723279986,45.73452095145655,44.276175912873875
1196,Prov. Jawa Timur,Kab. Sampang,L,D3,132,439.0,118.02951960418584,125.1151674506458,107.16486521389541,107.94634643791176,114.8636792955877,100.92640208786719,118.26084132952079
1197,Prov. Jawa Timur,Kab. Sampang,L,Profesi,6,8.0,2.150879628322293,12.921862194796216,9.001191563019345,8.595816774430595,4.3899311895853845,5.626659776318439,5.443736524391838
1198,Prov. Jawa Timur,Kab. Sampang,L,S1,297,2216.0,595.7936570452752,345.73001966646837,323.95442398377,322.74887529630536,285.1804342104478,431.4240364305907,341.112681433999
1199,Prov. Jawa Timur,Kab. Sampang,P,D3,435,852.0,229.0686804163242,214.60687306017786,205.3265046874445,208.69106201767343,166.51398902278888,144.42003240610342,149.83540539577862
1200,Prov. Jawa Timur,Kab. Sampang,P,Profesi,12,19.0,5.108339117265446,33.545387726622174,24.038545895730156,23.528817597231328,10.712273200064768,12.053199320467648,12.817654151005822
1201,Prov. Jawa Timur,Kab. Sampang,P,S1,167,1501.0,403.55879026397025,270.22886480158894,255.0691862426371,261.5040721998185,245.65421328020307,259.3604198921965,255.92118468772028
1202,Prov. Jawa Timur,Kab. Sidoarjo,L,D3,192,576.0,154.8633332392051,157.68805236742693,143.66389264880766,143.1242808562811,153.8659990106405,153.733170840439,145.88393974909718
1203,Prov. Jawa Timur,Kab. Sidoarjo,L,D4,16,128.0,34.41407405315669,20.620034807488114,21.314576695288235,21.949960602647117,20.31051624751067,24.520816840513362,18.39276074935765
1204,Prov. Jawa Timur,Kab. Sidoarjo,L,S1,1716,10356.0,2784.313678863208,1522.4200827859834,1529.0332645888548,1505.3313939741754,1531.7168690657072,1661.310639167362,1538.5981041552109
1205,Prov. Jawa Timur,Kab. Sidoarjo,L,S2,298,951.0,255.68581581681258,264.8118561668987,273.04600039926436,263.64607816531293,290.5065201747239,266.8580809727033,303.84160377732155
1206,Prov. Jawa Timur,Kab. Sidoarjo,P,D3,294,968.0,260.25643502699745,287.0145554957855,269.96035050564814,275.47122257599665,295.49896795191535,239.61950707390176,243.2713473438558
1207,Prov. Jawa Timur,Kab. Sidoarjo,P,D4,82,450.0,120.98697909312898,90.34919517467858,91.31255305193734,97.31780959496413,103.10135780928347,100.20681689820508,92.5338346166405
1208,Prov. Jawa Timur,Kab. Sidoarjo,P,Profesi,10,22.0,5.914918977886306,35.707518132014336,27.6841883647373,26.713339117220727,29.67168621482246,11.166786456561237,14.424273071100357
1209,Prov. Jawa Timur,Kab. Sidoarjo,P,S1,2241,10740.0,2887.5559010226784,1968.7487499875338,1933.4317840901704,1971.4080942955259,2064.5699625234583,2064.2367397508724,1809.0348789553645
1210,Prov. Jawa Timur,Kab. Sidoarjo,P,S2,222,522.0,140.34489574802961,179.14126584876414,181.38344427049063,181.1045913614522,177.2103038762182,173.19725423800423,172.67321874020672
1211,Prov. Jawa Timur,Kab. Situbondo,L,D3,18,109.0,29.305734935891245,19.447885628171523,21.96448893512367,20.317481285210206,17.059229023751506,14.135120758040747,16.924707084928556
1212,Prov. Jawa Timur,Kab. Situbondo,L,S1,679,5007.0,1346.1817873762152,666.1824497724339,730.465587452767,684.4110422448161,592.4472724582706,606.6770325836249,579.1285021793227
1213,Prov. Jawa Timur,Kab. Situbondo,L,S2,49,111.0,29.843454842971816,36.13391568869764,36.828594761183204,34.47119026469874,31.038341510013588,30.373194364836746,37.79142367491401
1214,Prov. Jawa Timur,Kab. Situbondo,P,Profesi,18,24.0,6.452638884966879,43.82842227753028,34.09121412598722,31.79794357987813,31.30023080428716,12.1157583749863,17.75309708939149
1215,Prov. Jawa Timur,Kab. Situbondo,P,S1,1026,5874.0,1579.2833670956436,1009.5606969727935,1067.840824690735,1039.2761799973637,951.9581446862948,841.264641792647,890.3892628548633
1216,Prov. Jawa Timur,Kab. Situbondo,P,S2,61,111.0,29.843454842971816,45.43072958159811,45.119616266398445,43.73423841043005,44.18402409209766,31.55296660441891,37.25678078774473
1217,Prov. Jawa Timur,Kab. Sumenep,L,D3,4,18.0,4.8394791637251595,5.454143519934056,4.520892691697206,4.613070635105267,3.7663823296518353,6.025357093238805,6.249561021634061
1218,Prov. Jawa Timur,Kab. Sumenep,L,Profesi,52,68.0,18.28247684073949,65.52854401686437,55.25695866037131,51.22612517493781,27.755884839927507,36.40155348318976,47.1030289819138
1219,Prov. Jawa Timur,Kab. Sumenep,L,S1,1417,9572.0,2573.5274752876235,1400.891565986616,1333.4518859500786,1333.4194740849116,1248.8172372202396,1249.1136720135453,1212.1537810869308
1220,Prov. Jawa Timur,Kab. Sumenep,L,S2,107,220.0,59.14918977886306,75.71589526431777,68.05540452684122,67.85482913503661,81.4748234623863,59.55390945850908,73.67202263136411
1221,Prov. Jawa Timur,Kab. Sumenep,P,D3,6,84.0,22.58423609738408,23.454505616084933,21.367623157283035,22.06794714760408,18.491981999941416,24.56525795857162,27.45857780381545
1222,Prov. Jawa Timur,Kab. Sumenep,P,Profesi,257,274.0,73.66762727003854,425.2426767241473,317.4486920150645,310.3759670075677,147.42038956563474,216.32086625048404,206.5304265969003
1223,Prov. Jawa Timur,Kab. Sumenep,P,S1,1855,9628.0,2588.58363268588,1687.4314623240666,1594.9741270153856,1645.9243720273294,1576.3096257141592,1398.576168218788,1325.4608149811716
1224,Prov. Jawa Timur,Kab. Sumenep,P,S2,58,139.0,37.37153354209984,54.985927483462106,49.86199498785536,51.14477867878799,48.237549356201896,33.75720900115889,42.46631648154923
1225,Prov. Jawa Timur,Kab. Trenggalek,L,S1,106,917.0,246.54457739644283,138.36004849727473,127.67028032765083,125.06738806745587,148.26940717255715,138.02263977914168,146.6407573182863
1226,Prov. Jawa Timur,Kab. Trenggalek,P,S1,185,1128.0,303.27402759344335,198.80885039121853,183.9998773969596,185.85206239772717,246.11000535178928,257.4163039978009,268.75568354150204
1227,Prov. Jawa Timur,Kab. Tuban,L,D3,12,137.0,36.83381363501927,25.29188009508647,26.639346303289482,25.222335806368505,21.907394960226792,19.99825331936982,21.64401710662079
1228,Prov. Jawa Timur,Kab. Tuban,L,Profesi,398,395.0,106.19968164841322,641.4098478894362,463.389099393302,429.64292848976476,692.8524265152697,414.28121959051055,439.32641935863245
1229,Prov. Jawa Timur,Kab. Tuban,L,S1,349,3434.0,923.2650804573443,548.0614746317704,529.0329848505785,512.3837243460716,485.69503595498935,643.6665412770496,593.821169973514
1230,Prov. Jawa Timur,Kab. Tuban,L,S2,30,87.0,23.390815958004936,31.133373873875815,28.906754171966654,27.81773500600551,28.385376312271298,28.750369118266715,29.665756385699595
1231,Prov. Jawa Timur,Kab. Tuban,P,D3,2,34.0,9.141238420369746,9.21341985547014,8.905378179672086,8.831922283296215,8.798897860417478,8.504416483175582,12.981161699863183
1232,Prov. Jawa Timur,Kab. Tuban,P,Profesi,1665,1807.0,485.82993604729796,3093.3884809278675,2331.4760393960305,2209.7341022979263,2844.687681502836,2644.243075904309,2420.2411685453
1233,Prov. Jawa Timur,Kab. Tuban,P,S1,863,4932.0,1326.0172908606937,963.5129968919684,915.7274266365617,916.676607197437,1122.984060490985,995.0465296200075,968.6571012958965
1234,Prov. Jawa Timur,Kab. Tuban,P,S2,46,89.0,23.92853586508551,37.29975973912134,34.687174733725506,34.38781276570233,37.270603621803296,26.62076977249301,27.456261162933878
1235,Prov. Jawa Timur,Kab. Tulungagung,L,D3,13,57.0,15.325017351796339,16.907756490184347,14.762051513281948,14.650540774972397,16.334261658186257,17.5603067536243,16.90439973467053
1236,Prov. Jawa Timur,Kab. Tulungagung,L,Profesi,491,245.0,65.87068861737022,286.0103530188025,233.90818282832518,214.24513376316617,229.6586963482299,270.98112651959053,268.97807094930323
1237,Prov. Jawa Timur,Kab. Tulungagung,L,S1,1908,9395.0,2525.939263510993,1580.3537701413193,1489.5142173476142,1467.3504875637839,1536.9998136641486,1468.404992571492,1245.1681063174924
1238,Prov. Jawa Timur,Kab. Tulungagung,L,S2,220,497.0,133.62339690952246,155.6068961137373,151.56824684129813,146.19082798469518,159.9794585041046,127.2043719090798,128.1686878280051
1239,Prov. Jawa Timur,Kab. Tulungagung,L,S3,64,240.0,64.52638884966879,33.96673221493385,36.62221809279462,45.82571185230365,45.653820298279975,44.229764550033856,37.01237337519708
1240,Prov. Jawa Timur,Kab. Tulungagung,P,D3,87,194.0,52.15883098681561,64.3171086987835,57.27182188017858,58.353290391834626,60.68751322711609,48.517142656398285,50.47018749409163
1241,Prov. Jawa Timur,Kab. Tulungagung,P,D4,6,29.0,7.796938652668312,5.9353503627326285,5.886157626619499,6.221313051086151,6.801043150807608,8.704265406499834,8.233559342555768
1242,Prov. Jawa Timur,Kab. Tulungagung,P,Profesi,1345,326.0,87.64834485413344,431.1828284343944,357.75616808746076,336.74875253280334,313.41454200882134,235.75429807080457,234.67505112629178
1243,Prov. Jawa Timur,Kab. Tulungagung,P,S1,4669,18949.0,5094.627259634892,3825.3255079752444,3577.1853903758633,3636.9931438699273,4290.77073925638,3471.636803162399,3605.959549908745
1244,Prov. Jawa Timur,Kab. Tulungagung,P,S2,299,585.0,157.2830728210677,221.81538851600735,213.60990126007604,212.7742742545377,213.7258510013093,194.62332702747207,191.34258636136846
1245,Prov. Jawa Timur,Kab. Tulungagung,P,S3,23,102.0,27.423715261109237,15.765405071022142,17.492197559273794,22.43290850069803,20.833813239181683,13.934222855701801,12.927996822486634
1246,Prov. Jawa Timur,Kota Batu,L,D4,60,379.0,101.89792239176863,77.69402383434134,67.82299805676477,70.43107527446391,85.54885977760648,45.14451171550497,41.347736391337
1247,Prov. Jawa Timur,Kota Batu,L,S1,87,161.0,43.28645251998615,26.95251390545497,23.86070561150903,23.481919775294855,37.39560385066596,14.888805768127574,12.186320996597757
1248,Prov. Jawa Timur,Kota Batu,L,S2,20,111.0,29.843454842971816,25.050433824189845,25.979771888774327,24.468694372950058,35.120364287035684,16.415545809890702,19.518013936512805
1249,Prov. Jawa Timur,Kota Batu,L,S2 Terapan,208,208.0,55.92287033637962,82.53978790948995,66.33439265522178,59.563131452024635,84.25365116004181,15.498805531918347,31.381964942164338
1250,Prov. Jawa Timur,Kota Batu,P,S1,65,172.0,46.2439120089293,31.758752643284836,28.82238957624344,29.092013830683587,42.85253945032436,17.51409780502896,18.415424855619758
1251,Prov. Jawa Timur,Kota Batu,P,S2,10,49.0,13.174137723474045,14.209240590441592,14.2388758703443,13.910172404209513,17.43169952879329,13.90572620252869,14.432938944190466
1252,Prov. Jawa Timur,Kota Batu,P,S2 Terapan,2,2.0,0.5377199070805733,0.8675092336882788,0.7172160387337393,0.6600753614323654,0.7871536368596573,3.6026640394367813,2.864587061186031
1253,Prov. Jawa Timur,Kota Blitar,L,D2,48,96.0,25.810555539867515,45.04903369799845,36.778206619271806,29.79213366559837,23.05808867374155,29.708355390462756,33.80779850562457
1254,Prov. Jawa Timur,Kota Blitar,L,Profesi,13,18.0,4.8394791637251595,23.05120436941498,18.904208807139383,16.940300728659647,10.364290660388505,8.413190330716706,5.804736022245593
1255,Prov. Jawa Timur,Kota Blitar,L,S1,1081,4046.0,1087.8073720239997,506.6029068842061,556.3781051900712,520.9747906387619,494.2741549598054,482.73246459235804,467.12045584918565
1256,Prov. Jawa Timur,Kota Blitar,P,D2,71,168.0,45.16847219476816,87.25181711996713,72.9264375500576,60.60372357738995,48.07673502370897,41.303298742470986,41.59894560736069
1257,Prov. Jawa Timur,Kota Blitar,P,Profesi,32,45.0,12.098697909312898,75.86126787854475,59.552459553951216,55.45207493897964,42.77690719491703,32.294671206004786,26.924537986061303
1258,Prov. Jawa Timur,Kota Blitar,P,S1,1087,4765.0,1281.1176786194658,797.4071891734258,833.4487395217699,812.003187586954,859.0152629572829,757.3243537922684,787.1630233452317
1259,Prov. Jawa Timur,Kota Kediri,L,D3,104,522.0,140.34489574802961,131.6543446849967,124.27080076882555,123.43624997701643,112.79041817391922,130.99419143098902,134.2556384918899
1260,Prov. Jawa Timur,Kota Kediri,L,D4,37,109.0,29.305734935891245,20.182552193043673,19.861552167024417,20.790001963476474,15.52117757686909,19.79562324661751,18.067812083570324
1261,Prov. Jawa Timur,Kota Kediri,L,Profesi,1495,1754.0,471.58035850966274,2489.889922216031,1916.5069254707068,1803.824384900528,1262.6426317292148,2039.5701366952094,2125.405957860635
1262,Prov. Jawa Timur,Kota Kediri,L,S1,2109,14046.0,3776.406907426866,2120.2997268062286,2115.5284256589653,2093.3381041887787,1984.2045523393977,2152.926635047322,2070.707299882163
1263,Prov. Jawa Timur,Kota Kediri,L,S2,451,1075.0,289.02445005580813,327.54065941592006,327.3405078937369,319.15336505172183,313.1916638412304,294.7216234124279,349.1322197729295
1264,Prov. Jawa Timur,Kota Kediri,L,S3,6,59.0,15.862737258876912,10.51435407477244,10.526126001833767,13.56963731024995,11.701935234042633,7.3223650779680405,6.607678960550899
1265,Prov. Jawa Timur,Kota Kediri,P,D3,405,1138.0,305.9626271288462,335.6681493010297,317.5181562737096,324.87083109750114,309.05537632690124,284.25645578898593,282.36110798234455
1266,Prov. Jawa Timur,Kota Kediri,P,D4,66,237.0,63.719808989047934,51.87337290008251,50.904385411183846,54.813234189627735,66.40068320581203,52.341477842658435,40.150041295387275
1267,Prov. Jawa Timur,Kota Kediri,P,Profesi,4118,5221.0,1403.7178174338364,8064.334985198418,6396.853500697928,6168.919726545668,3737.480957177875,3790.1971017096603,4883.825735901459
1268,Prov. Jawa Timur,Kota Kediri,P,S1,3833,16472.0,4428.661154715602,3066.162369507814,3003.9418552955876,3074.9624262372035,3490.3565684717637,2735.432876111238,2971.925549911076
1269,Prov. Jawa Timur,Kota Kediri,P,S2,373,831.0,223.4226213919782,295.0020714385712,295.8816261126441,297.0746814994737,285.5338892452594,214.33948217613508,241.9595838602733
1270,Prov. Jawa Timur,Kota Kediri,P,S3,3,53.0,14.249577537635192,10.024648216228368,10.442586474101706,13.767989572013017,11.120484856409922,7.159825940315695,5.792019564550798
1271,Prov. Jawa Timur,Kota Madiun,L,D3,412,1510.0,405.97852984583284,446.54245919944435,415.369185664068,403.80577062900767,399.37570283990704,338.59284762405906,348.8383167225976
1272,Prov. Jawa Timur,Kota Madiun,L,D4,122,941.0,252.99721628140972,188.12972452096542,188.0658068031409,190.70203706723785,184.5924669437871,256.1755132514352,180.26114104334007
1273,Prov. Jawa Timur,Kota Madiun,L,Profesi,1104,1132.0,304.3494674076045,1669.231978778279,1322.9883358732243,1198.3766618928237,990.856945576903,1137.771706642878,1126.3984040283838
1274,Prov. Jawa Timur,Kota Madiun,L,S1,596,3875.0,1041.8323199686108,571.5603690316578,601.9304977520128,572.214830634317,591.3022852137091,696.2505848908088,577.5336284745832
1275,Prov. Jawa Timur,Kota Madiun,L,S2,90,238.0,63.98866894258822,92.6248797889881,87.9803880894359,83.82149258932068,76.8999032034174,65.02800860746049,74.86578681419023
1276,Prov. Jawa Timur,Kota Madiun,P,D3,516,1633.0,439.0483041312881,505.92401946384945,492.42364539653113,489.83846865725815,467.63694041257014,335.38440788621546,359.2778574432862
1277,Prov. Jawa Timur,Kota Madiun,P,D4,73,605.0,162.6602718918734,133.32017848300484,136.6705153642119,142.15970675406527,169.69587000104067,102.92522886002774,115.36890473882826
1278,Prov. Jawa Timur,Kota Madiun,P,Profesi,3687,3782.0,1016.828344289364,5919.301613363366,4881.536774039347,4522.284115548801,2959.348024127433,3693.169320989588,3873.2119120122275
1279,Prov. Jawa Timur,Kota Madiun,P,S1,1159,5229.0,1405.8686970621588,998.0284899981986,1012.8775597762617,999.4190874876333,1008.5518815116301,996.9550425338433,953.6571286146292
1280,Prov. Jawa Timur,Kota Madiun,P,S2,191,479.0,128.7839177457973,203.77174740091934,199.11197094039858,194.434200619902,170.86944132380702,112.24703440437068,131.37609498759429
1281,Prov. Jawa Timur,Kota Malang,L,D2,6,16.0,4.301759256644586,8.042054028706223,6.482199424075272,5.442802395077901,8.346894559944202,5.56190713419239,8.557871839582626
1282,Prov. Jawa Timur,Kota Malang,L,D3,1699,6280.0,1688.440508233,1735.5710247683535,1647.7349087984114,1646.9416655311773,1323.9152523850387,1369.4301540661354,1593.8387874649472
1283,Prov. Jawa Timur,Kota Malang,L,D4,1598,9018.0,2424.5790610263048,1766.7590489297636,1771.73803137335,1858.9690209198877,1399.3351216720584,1750.5534455417344,1534.525242820796
1284,Prov. Jawa Timur,Kota Malang,L,Profesi,19473,14066.0,3781.784106497672,21672.81755376051,16775.156034581825,15715.908227833574,18826.892564745995,12501.988444294204,13264.792685911609
1285,Prov. Jawa Timur,Kota Malang,L,S1,19685,101552.0,27303.266001923188,17053.596109069425,16981.687601729423,16843.896389047328,16030.319101666948,17118.074185371464,16511.22251879286
1286,Prov. Jawa Timur,Kota Malang,L,S2,2425,7536.0,2026.1286098796002,2525.82978216031,2525.26790087809,2453.152526391639,2542.809748835924,1968.4500312693078,2267.7878970297056
1287,Prov. Jawa Timur,Kota Malang,L,S2 Terapan,23,57.0,15.325017351796339,20.883768099367515,19.45167423928782,17.3949406843871,17.68596827138976,12.824043175862535,14.999964091472583
1288,Prov. Jawa Timur,Kota Malang,L,S3,591,3495.0,939.6655376233018,566.4627534672051,610.712334844172,773.5087063154813,592.1266030706928,835.0908959636915,592.307759309889
1289,Prov. Jawa Timur,Kota Malang,L,Sp-1,111,467.0,125.55759830331385,87.23060586748635,103.18902527569547,139.40823347238043,100.39914983784324,107.06561939384852,110.32079543360348
1290,Prov. Jawa Timur,Kota Malang,P,D3,3025,9349.0,2513.57170564814,3005.0733901886583,2862.043877416753,2937.0392309184526,2467.422725827741,2000.7040821597247,2668.846277450501
1291,Prov. Jawa Timur,Kota Malang,P,D4,1818,8433.0,2267.2959882052373,1884.928445904139,1910.4969404910266,2055.3217637594516,1885.8688235648112,1585.6927776123255,1788.5060669668726
1292,Prov. Jawa Timur,Kota Malang,P,Profesi,45652,32130.0,8638.47030724941,55610.351733071424,43814.04722454334,42156.528954193076,38932.24831142894,20411.84524072387,24693.441406528273
1293,Prov. Jawa Timur,Kota Malang,P,S1,26542,120553.0,32411.873979142176,24042.43730763437,23859.94665943887,24433.10662118573,24745.700260763024,22779.981442345193,21640.886922631733
1294,Prov. Jawa Timur,Kota Malang,P,S2,2820,7468.0,2007.8461330388607,2931.4853134403224,2935.4790830968327,2937.7613559248407,3094.06592115781,2009.9719074602267,2457.4020231876016
1295,Prov. Jawa Timur,Kota Malang,P,S2 Terapan,17,24.0,6.452638884966879,10.590242398709723,9.773167373273761,9.022150376381262,10.010322134725417,6.835116152451591,6.718262585246397
1296,Prov. Jawa Timur,Kota Malang,P,S3,450,2177.0,585.308118857204,425.3019859868478,454.1578535426708,593.8410352360307,386.0536705059086,481.94390923368076,430.11720435930147
1297,Prov. Jawa Timur,Kota Malang,P,Sp-1,110,436.0,117.22293974356498,87.53496038456151,107.21995605402293,148.2849975447862,91.17093899743986,103.07941783303542,108.16762544855548
1298,Prov. Jawa Timur,Kota Mojokerto,L,D3,15,54.0,14.518437491175478,12.172852906277972,11.430879816550757,10.987006533571748,10.579872377100704,13.901282389880665,11.221730300755286
1299,Prov. Jawa Timur,Kota Mojokerto,L,S1,274,1484.0,398.9881710537854,215.49749943998185,207.8471262625697,199.97640096632776,195.73064623963575,164.21998011750668,151.4987107935194
1300,Prov. Jawa Timur,Kota Mojokerto,L,S2,6,25.0,6.7214988385071655,5.689540057461003,6.064153992907749,5.64612921307954,6.080241027170224,6.236117029356571,6.6936260682933035
1301,Prov. Jawa Timur,Kota Mojokerto,P,D3,14,71.0,19.089056701360352,13.9904444064711,14.737758140217956,14.281764710400452,13.354291291107751,11.70297754477752,11.987668466160855
1302,Prov. Jawa Timur,Kota Mojokerto,P,S1,324,1354.0,364.0363770935481,231.96211559143887,223.4477837288914,221.59420661061952,208.23298601038547,225.10667397044395,232.88345586551432
1303,Prov. Jawa Timur,Kota Mojokerto,P,S2,3,7.0,1.8820196747820064,2.4837832429890714,2.373258540872118,2.324863751401158,2.1353965655714338,2.5947547143911986,3.024617355724467
1304,Prov. Jawa Timur,Kota Pasuruan,L,S1,278,1759.0,472.9246582773642,250.31441059943168,268.4929146729922,248.75551438189763,290.6723700907057,210.05837132201415,211.74080120126717
1305,Prov. Jawa Timur,Kota Pasuruan,L,S2,2,11.0,2.957459488943153,2.8015616713320957,3.151403308136384,2.8464851732782988,2.7592673525279854,3.2729682804580613,2.975807190115514
1306,Prov. Jawa Timur,Kota Pasuruan,P,S1,406,2059.0,553.5826443394502,357.9066393433223,378.51044916691984,362.9525149478835,374.67497264393296,326.81405426732783,324.332126345838
1307,Prov. Jawa Timur,Kota Pasuruan,P,S2,5,28.0,7.5280786991280255,8.555703298705263,9.549664026531236,8.90181734175864,8.054027983121465,7.386579136844047,7.684764353110042
1308,Prov. Jawa Timur,Kota Probolinggo,L,S1,51,308.0,82.80886569040828,60.67110200315199,50.814612262997485,49.46121517623393,67.82761460259569,34.927897016708364,32.96315374140279
1309,Prov. Jawa Timur,Kota Probolinggo,P,S1,54,204.0,54.847430522218474,43.924358859899534,37.84536010922073,37.756660277273745,44.36138790188292,27.14872038941767,27.633280055096037
1310,Prov. Jawa Timur,Kota Surabaya,L,D2,8,27.0,7.259218745587739,8.651798161080293,7.938528065407534,6.702512576988198,6.692433672427475,8.352189281742453,11.889003687008552
1311,Prov. Jawa Timur,Kota Surabaya,L,D3,1504,6029.0,1620.9566598943882,1777.034097358946,1569.6777021341748,1628.5453425853048,1501.415736710629,1364.2054217486207,1644.4660732511113
1312,Prov. Jawa Timur,Kota Surabaya,L,D4,2405,14757.0,3967.56633439401,2854.470222044491,2748.673322833625,2989.63391848363,2241.74441462346,3516.599215371215,2680.617924136177
1313,Prov. Jawa Timur,Kota Surabaya,L,Profesi,16693,15638.0,4204.431953463002,15729.237152794813,13732.558123903495,12959.251573649582,17664.32917249596,12087.042239071203,14743.265993364112
1314,Prov. Jawa Timur,Kota Surabaya,L,S1,18337,117728.0,31652.344610390865,18306.55921680198,18005.800555798465,18590.705618237324,18881.12062645545,20125.52797639801,18967.55409097116
1315,Prov. Jawa Timur,Kota Surabaya,L,S2,4542,11969.0,3217.984783923691,4095.84827506733,3883.9711776307577,3927.934604751935,4206.41314951355,3506.5428562348266,3990.7488439979525
1316,Prov. Jawa Timur,Kota Surabaya,L,S2 Terapan,212,424.0,113.99662030108153,173.10796839116412,147.8332132997887,138.5189945452015,147.317074551181,94.75152791290361,109.70605689003088
1317,Prov. Jawa Timur,Kota Surabaya,L,S3,555,3274.0,880.2474878908985,548.5798244968939,558.2594188270638,736.7747880201604,600.5133395194621,779.5814220174024,553.6213167684278
1318,Prov. Jawa Timur,Kota Surabaya,L,Sp-1,244,1028.0,276.38803223941466,185.6412871522178,212.7397114273058,298.00835013142716,200.79491673896746,220.34299392197852,205.4027736887638
1319,Prov. Jawa Timur,Kota Surabaya,L,Sp-2,28,92.0,24.735115725706372,25.93773991994969,31.473325295654256,27.843901151992867,27.116004011117486,32.152643271517476,37.01998308157309
1320,Prov. Jawa Timur,Kota Surabaya,P,D3,2229,7933.0,2132.8660114350937,2591.9677307957827,2345.35654816957,2504.568926524081,2048.239893574644,1730.6135968196136,2168.623914949047
1321,Prov. Jawa Timur,Kota Surabaya,P,D4,1862,11161.0,3000.745941463139,2446.836120182301,2392.537646531836,2681.634440731001,2363.5975303448777,2622.2953832023923,2360.1818435683485
1322,Prov. Jawa Timur,Kota Surabaya,P,Profesi,40104,36594.0,9838.66113985325,41879.6699967428,37033.655715591274,35926.41549403586,40919.42863355988,17846.539359355047,26135.093580232162
1323,Prov. Jawa Timur,Kota Surabaya,P,S1,27313,146939.0,39506.012713256176,27567.33936766096,26863.223444860956,28683.16035115591,29561.901035918563,24329.955600612957,24610.867987920574
1324,Prov. Jawa Timur,Kota Surabaya,P,S2,4054,9853.0,2649.0771222324443,3893.3727718107516,3718.1583120361083,3869.739931901585,3600.847189132698,2569.6174612269115,3294.7113119784535
1325,Prov. Jawa Timur,Kota Surabaya,P,S2 Terapan,12,31.0,8.334658559748886,14.269972077509234,12.386846404484904,11.923267462214318,17.10161801081889,9.390236054187932,10.909357843671238
1326,Prov. Jawa Timur,Kota Surabaya,P,S3,414,2288.0,615.1515737001758,457.4549089636971,462.8999994941519,630.2279509116961,401.99913030520787,485.28216916942387,446.83833496905106
1327,Prov. Jawa Timur,Kota Surabaya,P,Sp-1,277,1111.0,298.7034083832585,220.5259413877256,259.41580787694465,372.61422297063297,204.7400358474372,255.15240185551693,238.49375187438753
1328,Prov. Jawa Timur,Kota Surabaya,P,Sp-2,23,66.0,17.744756933658916,21.432411899890038,26.216294831995814,23.863787656810533,20.6584052324045,22.001594530024615,25.211156384614796
1329,Prov. Kalimantan Barat,Kab. Bengkayang,L,D3,14,167.0,38.403767110613174,29.985397884235866,24.37191113800581,21.300254124172596,38.53851718908612,19.996401492123628,22.199014901683924
1330,Prov. Kalimantan Barat,Kab. Bengkayang,L,S1,38,234.0,53.81126649032026,41.14990506451444,35.54757647985609,37.315989755160636,39.85165741646577,51.253734909906875,42.59524956394735
1331,Prov. Kalimantan Barat,Kab. Bengkayang,L,S2,2,10.0,2.2996267730906093,3.0215078578539583,2.7588258790819578,2.7256379994464464,3.265600380024237,2.8870043495292803,2.8055308297242387
1332,Prov. Kalimantan Barat,Kab. Bengkayang,P,D3,39,231.0,53.121378458393075,61.440570745298864,52.45655019425534,51.558327745014225,64.25728959162714,54.83295503062969,46.743109964870214
1333,Prov. Kalimantan Barat,Kab. Bengkayang,P,S1,95,413.0,94.97458572864215,81.35674717168432,70.98941198441312,75.19471864635949,89.6717379619982,71.2009112750924,65.68647463575088
1334,Prov. Kalimantan Barat,Kab. Bengkayang,P,S2,1,2.0,0.45992535461812184,0.8337414655162313,0.7917181614180612,0.8557324674399177,0.9788493613213612,1.880746272068973,2.0858492334833296
1335,Prov. Kalimantan Barat,Kab. Kapuas Hulu,L,S1,29,92.0,21.156566312433604,18.252298867572513,14.966074697902885,16.25250598064358,20.955516031531324,17.613529665678254,12.944357450192335
1336,Prov. Kalimantan Barat,Kab. Kapuas Hulu,P,S1,55,149.0,34.26443891905008,32.170053482595854,26.536380455347793,28.753509325158337,36.00618233154829,26.599159996659992,33.51933498162148
1337,Prov. Kalimantan Barat,Kab. Ketapang,L,D3,129,591.0,135.907942289655,148.79272358113172,137.12945695021813,135.07651111373372,148.08569513960052,123.03636050307053,134.80768602420878
1338,Prov. Kalimantan Barat,Kab. Ketapang,L,D4,36,181.0,41.623244592940026,35.10645551651537,35.122814556371196,39.28708937818078,41.52606668543524,30.022048980506497,26.742264436656523
1339,Prov. Kalimantan Barat,Kab. Ketapang,L,S1,18,188.0,43.23298333410345,26.11613948070481,23.560843864371247,22.271957897694044,21.94346875472966,29.900231892274192,22.288755991438286
1340,Prov. Kalimantan Barat,Kab. Ketapang,P,D3,148,570.0,131.07872606616473,159.23759207967024,148.32334435997745,147.14946986926557,148.2783874058553,144.5166805310205,166.71489350131432
1341,Prov. Kalimantan Barat,Kab. Ketapang,P,D4,68,277.0,63.69966161460987,58.35571262941705,58.73728544369405,65.52748535824921,71.5752575462952,39.64895915219136,33.202779189938816
1342,Prov. Kalimantan Barat,Kab. Ketapang,P,S1,23,281.0,64.61951232384612,43.51785655338781,39.629324047880246,37.72989942868211,35.081340871585915,43.18286052144946,40.01912726492275
1343,Prov. Kalimantan Barat,Kab. Kuburaya,L,S1,171,1894.0,435.5493108233614,269.12933701248625,227.02394578609074,223.51551337383816,286.5506951649703,287.3996466178957,269.99122165142126
1344,Prov. Kalimantan Barat,Kab. Kuburaya,P,D3,48,179.0,41.163319238321904,57.60520255450327,50.82125256929158,54.794562328418195,57.7861500512817,47.9681081134587,43.89571731201058
1345,Prov. Kalimantan Barat,Kab. Kuburaya,P,S1,347,2645.0,608.2512814824661,477.4414313267265,414.04140143647606,431.90245248561985,476.4642694331249,453.1318870246456,446.4891537388133
1346,Prov. Kalimantan Barat,Kab. Kuburaya,P,S2,1,26.0,5.9790296100355835,9.792947311585982,9.22401054499904,9.76480104075781,9.77192528359733,7.292748039745818,7.409672828183291
1347,Prov. Kalimantan Barat,Kab. Landak,L,D3,35,73.0,16.787275443561448,18.44446248585559,14.06075246945027,14.545744449919365,17.837954119639363,23.30609339273555,22.253697598981134
1348,Prov. Kalimantan Barat,Kab. Landak,L,S1,64,658.0,151.3154416693621,99.37145141130026,75.1298808830488,77.0731473964564,96.48647989685635,79.3680868485786,87.48147266060563
1349,Prov. Kalimantan Barat,Kab. Landak,P,D3,230,582.0,133.83827819387346,175.9821514202172,136.7707975332748,146.47773409661738,143.56480817380069,100.7258320800463,184.31680755878463
1350,Prov. Kalimantan Barat,Kab. Landak,P,S1,136,873.0,200.7574172908102,155.4012489366426,119.52622600002508,126.19554217724153,172.43907540791253,134.3910441709577,135.6272873976294
1351,Prov. Kalimantan Barat,Kab. Melawi,L,S1,56,356.0,81.86671312202569,60.18846779604826,48.258010665174474,49.25206756349567,58.18615432705996,70.58060963667735,67.84134000891179
1352,Prov. Kalimantan Barat,Kab. Melawi,P,S1,191,852.0,195.9282010673199,171.34250101661863,139.9372867216811,147.50771966217576,155.47437998048085,171.5714826918677,162.77634317014923
1353,Prov. Kalimantan Barat,Kab. Pontianak,L,S1,72,291.0,66.91913909693673,36.036113944860716,31.53918471215681,28.322303665868713,30.98719616494706,32.727324680189156,25.567870946313946
1354,Prov. Kalimantan Barat,Kab. Pontianak,P,S1,87,325.0,74.7378701254448,51.84507047166746,46.73938657963017,44.711673503092655,39.17734106832202,52.518915500724255,40.65237862716122
1355,Prov. Kalimantan Barat,Kab. Sambas,L,D3,106,440.0,101.18357801598681,113.3649128619011,94.7440474684344,95.96031467270926,108.3116677667436,85.78670308665438,100.03880074784813
1356,Prov. Kalimantan Barat,Kab. Sambas,L,D4,151,707.0,162.58361285750607,116.73922213235188,103.02321629681212,110.12874808091324,142.46809311252207,108.74195820455185,96.06480846915645
1357,Prov. Kalimantan Barat,Kab. Sambas,L,S1,44,451.0,103.71316746638648,66.66824394947811,54.9426832422489,54.31431999598899,70.46816691511968,49.711084931724,52.082324217090445
1358,Prov. Kalimantan Barat,Kab. Sambas,L,S2,16,100.0,22.99626773090609,29.820556910181047,26.56643582979701,26.305446430313026,36.42079000824278,33.00912086194867,34.58044953561227
1359,Prov. Kalimantan Barat,Kab. Sambas,P,D3,88,297.0,68.2989151607911,82.72038723772036,69.48294805880325,70.03693618124882,82.964193212376,62.4767055365694,64.16181180109254
1360,Prov. Kalimantan Barat,Kab. Sambas,P,D4,203,1170.0,269.0563324516013,214.19704824886642,190.66264739586083,204.83734054892034,262.3708768389038,253.26762506353762,224.72665390767773
1361,Prov. Kalimantan Barat,Kab. Sambas,P,S1,134,966.0,222.14394628055285,178.98321648454345,151.35632023544116,157.70743114482156,202.92781571749117,179.88782436669183,165.18601638684567
1362,Prov. Kalimantan Barat,Kab. Sambas,P,S2,15,54.0,12.41798457468929,21.515797489756466,19.8454835256808,21.232051916500893,22.81786920306511,12.864478671931108,11.233020014816711
1363,Prov. Kalimantan Barat,Kab. Sintang,L,S1,297,2103.0,483.6115103809551,324.44130272777977,293.0590325717168,296.8230264704257,314.80479810702474,284.8863365943576,267.26178551670716
1364,Prov. Kalimantan Barat,Kab. Sintang,P,D3,76,309.0,71.05846728849983,85.3328765181567,77.98945699661918,78.94676075234676,89.08221780844444,65.87806438594572,69.31727588610512
1365,Prov. Kalimantan Barat,Kab. Sintang,P,S1,641,3132.0,720.2431053319788,592.9793034681561,548.0012702917476,580.2594454671453,561.9832740583264,551.5367190860194,542.2045303315964
1366,Prov. Kalimantan Barat,Kota Pontianak,L,D1,27,29.0,6.668917641962767,21.03693121152324,9.105937336147027,9.919156428115437,16.670585632128038,12.979500463000491,17.826972976983182
1367,Prov. Kalimantan Barat,Kota Pontianak,L,D2,5,12.0,2.759552127708731,4.47574877561166,3.6294029532020806,3.465122350071716,2.7236604284229817,4.864231721311444,6.552428562715179
1368,Prov. Kalimantan Barat,Kota Pontianak,L,D3,960,3417.0,785.7824683650612,976.6114797620048,981.4318536309257,1046.8259628615283,961.9789442325247,815.4496768870312,721.2626262793311
1369,Prov. Kalimantan Barat,Kota Pontianak,L,D4,518,3094.0,711.5045235942345,548.1564738195163,576.7494448378096,638.602125123515,539.9929272852536,628.7007620149288,559.1172998449094
1370,Prov. Kalimantan Barat,Kota Pontianak,L,Profesi,3707,3921.0,901.6836577288278,5320.137582961962,4667.598052497342,4772.125052758209,5371.648283681424,4198.983835447452,4169.902607884804
1371,Prov. Kalimantan Barat,Kota Pontianak,L,S1,4528,30075.0,6916.127520070007,4546.996393934926,4511.658586044658,4606.066677843431,4627.8520231292,4377.193155080399,4417.5020071048775
1372,Prov. Kalimantan Barat,Kota Pontianak,L,S2,436,1159.0,266.5267430012016,371.00441209814505,393.8386969852856,403.76448134091027,339.58408460182176,251.01180530688106,281.207004304118
1373,Prov. Kalimantan Barat,Kota Pontianak,L,S3,13,78.0,17.937088830106752,9.371226422982415,10.369792922339425,12.818569049395897,10.409409468305787,12.641479662105498,10.170416030741261
1374,Prov. Kalimantan Barat,Kota Pontianak,P,D3,1397,4550.0,1046.3301817562271,1424.884050781411,1443.3334081963112,1541.616757150974,1473.5545553325599,1259.3400849557033,1372.0093273304856
1375,Prov. Kalimantan Barat,Kota Pontianak,P,D4,896,4260.0,979.6410053365995,853.2709484236667,908.0368918469076,1018.1743015128711,937.5251526977893,1032.3438566298605,948.30558199269
1376,Prov. Kalimantan Barat,Kota Pontianak,P,Profesi,7345,7953.0,1828.8931726389615,11273.687947826604,9893.549730421102,9934.091322431083,10475.693475180457,7098.743359689132,7860.624653094228
1377,Prov. Kalimantan Barat,Kota Pontianak,P,S1,7374,36731.0,8446.759100239116,6692.887693771503,6793.507279875113,7216.511570576458,7432.667571303927,7176.914773993249,6974.4452878110615
1378,Prov. Kalimantan Barat,Kota Pontianak,P,S2,438,1027.0,236.17166959640556,381.1876897458542,410.71111469715805,430.5950471031006,356.78356589228406,272.81157259281764,333.69140659900444
1379,Prov. Kalimantan Barat,Kota Pontianak,P,S3,9,59.0,13.567797961234595,7.662647056042172,8.522051541101046,10.483849939496947,7.895511342475811,7.193357296348332,8.046141017565885
1380,Prov. Kalimantan Barat,Kota Singkawang,L,S1,86,658.0,151.3154416693621,106.12793265717274,91.18923553007566,93.41658665789483,102.2134583360742,106.48644629451249,105.0002209261382
1381,Prov. Kalimantan Barat,Kota Singkawang,P,D3,54,164.0,37.71387907868599,51.9531789682609,45.76466172426075,48.58027415978874,51.55827843461533,39.748401000353965,34.22250953488101
1382,Prov. Kalimantan Barat,Kota Singkawang,P,S1,254,1251.0,287.6833093136352,236.15425127323758,206.22299877588912,216.82862967602577,247.0210337595723,244.77924361269393,239.74770790902127
1383,Prov. Kalimantan Selatan,Kab. Banjar,L,D3,35,78.0,18.355635074685754,23.34697746950706,21.85759683761443,23.80899245889941,14.585243563578624,24.9447250622785,25.479507337620856
1384,Prov. Kalimantan Selatan,Kab. Banjar,L,Profesi,58,109.0,25.650823373599323,93.83000768022912,76.67962380362006,69.7161296297803,112.39787974646201,67.6827393512467,72.28114034333743
1385,Prov. Kalimantan Selatan,Kab. Banjar,L,S1,272,2784.0,655.1549749733992,365.19343896782425,314.96289048631235,303.3028006169367,322.9057750052531,322.91164989216355,343.75709429113164
1386,Prov. Kalimantan Selatan,Kab. Banjar,P,D3,111,257.0,60.47946428454153,84.21055373529632,77.78155140983046,84.57936956815459,65.58002476817252,56.223879636226236,75.84807860988099
1387,Prov. Kalimantan Selatan,Kab. Banjar,P,Profesi,143,221.0,52.00763271160964,232.53216605743089,193.99386136557854,183.24545582815864,261.5075822550045,224.92800238717513,180.04422019392734
1388,Prov. Kalimantan Selatan,Kab. Banjar,P,S1,376,3018.0,710.2218801974565,471.28648295372597,411.5643628111827,407.8442609835286,457.7895401544292,413.13446890000273,399.56985531265093
1389,Prov. Kalimantan Selatan,Kab. Barito Kuala,L,D3,55,255.0,60.008806974934195,69.50171272250167,54.29963260137517,55.84438112598486,64.97597587071655,41.36028280913506,47.23949626874105
1390,Prov. Kalimantan Selatan,Kab. Barito Kuala,P,D3,26,146.0,34.35798360133487,45.567251136019195,35.65238980279423,37.1680782122549,52.352917268733265,32.67304290402036,38.4204632627395
1391,Prov. Kalimantan Selatan,Kab. Hulu Sungai Selatan,L,S1,116,903.0,212.50177528770817,124.24009814732237,98.58519606429624,95.084470794345,77.72109328738233,101.29909316893833,120.80400120468914
1392,Prov. Kalimantan Selatan,Kab. Hulu Sungai Selatan,P,S1,204,1389.0,326.8715015222886,235.00131522273955,190.72073834207887,191.52974379801404,171.03771980672005,193.29796016587727,217.38401157788428
1393,Prov. Kalimantan Selatan,Kab. Hulu Sungai Utara,L,D3,9,57.0,13.41373332380882,11.715157229895418,9.004974828566874,8.417496338672413,14.996073596197148,11.107380917441626,11.73593986653665
1394,Prov. Kalimantan Selatan,Kab. Hulu Sungai Utara,L,S1,228,1099.0,258.6261916292262,173.4045709156495,145.27432599381237,147.86861780025743,144.82537008894502,180.305517273903,172.3796982452811
1395,Prov. Kalimantan Selatan,Kab. Hulu Sungai Utara,P,D3,18,62.0,14.590376597827138,17.289521768499007,14.012872428998442,14.133305538160378,16.244420702039612,13.97554722855488,13.028689051954569
1396,Prov. Kalimantan Selatan,Kab. Hulu Sungai Utara,P,S1,398,1679.0,395.11681141535104,314.73315071087006,267.02962885208603,279.273198349825,291.65496388117253,274.89392597838093,265.58769491615845
1397,Prov. Kalimantan Selatan,Kab. Kota Baru,L,D3,62,271.0,63.774065451792815,53.267159029819844,42.0089066782834,38.894376419969774,58.085679083563036,40.075755977409734,32.337701423894245
1398,Prov. Kalimantan Selatan,Kab. Kota Baru,L,S1,169,538.0,126.60681628437098,78.43996756794634,67.07605554840377,66.43195078931224,72.04049879269022,65.9169098096582,54.116353974662395
1399,Prov. Kalimantan Selatan,Kab. Kota Baru,P,D3,57,155.0,36.47594149456785,40.363311776803805,33.31746501361148,32.9976754877255,41.01026088422545,34.36198996177489,37.6406917929791
1400,Prov. Kalimantan Selatan,Kab. Kota Baru,P,S1,278,855.0,201.2059998571323,152.98823375941288,133.72122814891003,137.79699822820245,154.13322756257267,125.13432185223277,133.37119513383183
1401,Prov. Kalimantan Selatan,Kab. Tabalong,L,S1,62,361.0,84.95364438412253,54.558342561333426,46.028489584416874,45.83664009179481,49.652153299504995,58.00814168665305,46.84054610418899
1402,Prov. Kalimantan Selatan,Kab. Tabalong,P,S1,167,775.0,182.37970747283924,143.36553595939512,123.52847522076924,127.86960369311576,161.65378973921037,146.58975067364048,160.78419068354893
1403,Prov. Kalimantan Selatan,Kab. Tanah Bumbu,L,D3,39,297.0,69.89261047668806,84.6565612895298,71.29847966140659,75.07575792061022,82.38681538904596,54.88441130328756,64.06743403841243
1404,Prov. Kalimantan Selatan,Kab. Tanah Bumbu,L,Profesi,27,27.0,6.353873679698915,35.30340582312188,29.991809418049996,31.216563207721432,26.384511867114824,16.33499638344215,16.808020057533938
1405,Prov. Kalimantan Selatan,Kab. Tanah Bumbu,L,S1,36,54.0,12.70774735939783,8.481020652426063,7.063627458509884,7.1440199871375025,8.37677195547387,7.876668135936806,7.064983304212664
1406,Prov. Kalimantan Selatan,Kab. Tanah Bumbu,P,D3,44,139.0,32.71068301770923,45.149046306831444,37.984422110278835,40.51246117599315,39.6576024748889,32.882384587591694,38.73653113701652
1407,Prov. Kalimantan Selatan,Kab. Tanah Bumbu,P,Profesi,43,43.0,10.119132156557532,61.81493312843763,51.879816844416816,53.98948433456788,44.233375394603534,14.705237863862422,17.41442725362198
1408,Prov. Kalimantan Selatan,Kab. Tanah Bumbu,P,S1,66,133.0,31.29871108888725,24.901841450871252,21.009585214769082,21.877320037596146,25.25461698372039,17.592755973343266,12.964527018105825
1409,Prov. Kalimantan Selatan,Kab. Tanah Laut,L,D2,5,6.0,1.4119719288219812,2.631697591025037,2.095553075198249,1.9414308295951501,2.345577995581893,2.335090031479237,2.601246692626281
1410,Prov. Kalimantan Selatan,Kab. Tanah Laut,L,D3,160,500.0,117.66432740183176,127.16357766966277,105.19762420645054,107.1301404668879,125.29357960385128,114.54253377480752,130.25113826786497
1411,Prov. Kalimantan Selatan,Kab. Tanah Laut,L,D4,31,339.0,79.77641397844194,60.75921632731658,53.3957158175985,59.78439041356658,74.67947690233459,48.137511478573394,40.7459342961106
1412,Prov. Kalimantan Selatan,Kab. Tanah Laut,P,D3,250,643.0,151.31632503875565,197.4550147717083,165.592443768276,174.9733276674225,209.59404470634325,144.00043206988354,169.992102660806
1413,Prov. Kalimantan Selatan,Kab. Tanah Laut,P,D4,29,270.0,63.53873679698915,54.11098861766439,47.328377065644666,53.19398571597841,73.98953484468984,58.13792676777701,58.838677457815244
1414,Prov. Kalimantan Selatan,Kab. Tapin,L,S1,3,31.0,7.295188298913569,5.752636856436966,5.09552273394898,5.471109136805309,5.342658678392703,8.74945239549817,7.4162812059090175
1415,Prov. Kalimantan Selatan,Kab. Tapin,P,S1,8,89.0,20.944250277526052,17.933031886516673,15.632117211916258,16.705973854276913,16.522472554696343,20.3525329230478,18.163500708441116
1416,Prov. Kalimantan Selatan,Kota Banjarbaru,L,D3,107,342.0,80.48239994285292,87.71481050889496,81.05724943574936,83.71241188457314,85.33532553595515,98.14456085219226,95.21243945046109
1417,Prov. Kalimantan Selatan,Kota Banjarbaru,L,D4,161,329.0,77.4231274304053,59.09176306095788,57.920878296238236,65.58993223589579,70.81706097129236,48.03621837523147,39.440652128541075
1418,Prov. Kalimantan Selatan,Kota Banjarbaru,L,Profesi,31,33.0,7.7658456085208964,36.12217649230732,32.927162294931506,32.74648849327415,25.465990302018422,25.360227573194656,25.835908104956612
1419,Prov. Kalimantan Selatan,Kota Banjarbaru,L,S1,185,952.0,224.03287937308767,141.14436955141647,130.81342866538995,132.13670032236192,137.97367420024867,155.08138239896587,135.0136115242311
1420,Prov. Kalimantan Selatan,Kota Banjarbaru,P,D3,469,1425.0,335.34333309522054,426.31501487572564,396.394045841467,418.1782960143774,420.12118806194957,317.5427289259531,351.78831012930857
1421,Prov. Kalimantan Selatan,Kota Banjarbaru,P,D4,738,1564.0,368.05401611292973,316.0557995699379,308.2445609858933,351.93032292160336,387.3896746291607,339.9775388610345,362.5480620892579
1422,Prov. Kalimantan Selatan,Kota Banjarbaru,P,Profesi,121,123.0,28.945424540850613,157.15679178817302,144.17293958320403,146.5004343593148,120.69948179634567,108.03171015698689,106.29346447928059
1423,Prov. Kalimantan Selatan,Kota Banjarbaru,P,S1,333,1394.0,328.04814479630693,253.7308812239306,240.46596831428948,252.68392618990103,225.21726179417553,244.3627874676053,227.49709257390668
1424,Prov. Kalimantan Selatan,Kota Banjarmasin,L,D2,15,24.0,5.647887715287925,10.285033095601936,9.247093276657377,8.47580511510309,6.480243148398207,8.433277007883264,10.968468499241455
1425,Prov. Kalimantan Selatan,Kota Banjarmasin,L,D3,769,2749.0,646.918472055271,755.0833477726896,734.1240138528094,760.2796281980559,646.8031028240028,588.2049352903844,564.3335062312191
1426,Prov. Kalimantan Selatan,Kota Banjarmasin,L,D4,171,847.0,199.323370618703,148.60518065157996,148.60210105370032,163.58143613958237,126.10576637289749,158.81959389189063,124.34945601981164
1427,Prov. Kalimantan Selatan,Kota Banjarmasin,L,Profesi,5316,3991.0,939.1966613214212,5110.760264774214,5041.292743338778,5187.151286344036,7895.541976683985,4620.990959430423,4818.837359861039
1428,Prov. Kalimantan Selatan,Kota Banjarmasin,L,S1,4857,32279.0,7596.1736484074545,5184.602059885428,5064.35856017209,5160.284838447053,5083.121646920593,5160.076021377509,4956.540416822655
1429,Prov. Kalimantan Selatan,Kota Banjarmasin,L,S2,935,3025.0,711.8691807810822,961.6625213621154,1000.431576831375,1007.0571075339025,911.3052601283416,842.4927122642422,943.5078022225933
1430,Prov. Kalimantan Selatan,Kota Banjarmasin,L,S3,52,376.0,88.48357420617748,63.97059294650016,70.25473205707245,95.17905106761391,54.02699573169886,69.95242990221796,63.30554632275697
1431,Prov. Kalimantan Selatan,Kota Banjarmasin,L,Sp-1,25,158.0,37.181927458978834,29.466899748611443,35.369638504951865,49.90524558067701,31.051827085917502,31.071629554313535,28.31828671326862
1432,Prov. Kalimantan Selatan,Kota Banjarmasin,P,D3,1018,3093.0,727.8715293077313,952.1227066886711,920.2120747880368,959.2080963426765,920.2282818688136,764.170186677739,831.5851166154848
1433,Prov. Kalimantan Selatan,Kota Banjarmasin,P,D4,89,668.0,157.19954140884724,136.7031642443004,137.56617394299766,154.66165785911974,141.08773297634718,100.28699406959218,102.55665799408139
1434,Prov. Kalimantan Selatan,Kota Banjarmasin,P,Profesi,12442,9766.0,2298.219642812578,13860.010138970381,13539.841780792429,13969.68098911288,20904.709410053027,7944.898762363352,10093.7680567628
1435,Prov. Kalimantan Selatan,Kota Banjarmasin,P,S1,8089,41472.0,9759.549972017534,7940.131030011687,7852.1592275283065,8241.678077602654,8026.00287154682,7804.783208165187,7864.889972778256
1436,Prov. Kalimantan Selatan,Kota Banjarmasin,P,S2,885,2701.0,635.6226966246952,1001.4587967089367,1048.2321130676717,1077.8035835476173,907.4995049949225,766.7438773120919,846.9244580877072
1437,Prov. Kalimantan Selatan,Kota Banjarmasin,P,S3,15,193.0,45.41843037710706,37.33780456204788,40.93483481389588,56.12874960198435,32.432456619488896,31.180987581556824,24.466495492929862
1438,Prov. Kalimantan Selatan,Kota Banjarmasin,P,Sp-1,18,102.0,24.00352278997368,20.739688875972618,24.5294460305976,34.49931404640341,22.033651740437755,36.61860192501981,40.24334827382512
1439,Prov. Kalimantan Tengah,Kab. Barito Selatan,L,S1,22,128.0,29.435222695559798,20.927457254061252,17.43889706752354,17.684766939623156,20.69859549060919,23.99612199250695,18.95548572124957
1440,Prov. Kalimantan Tengah,Kab. Barito Selatan,P,S1,40,266.0,61.170072164210204,51.8741452689783,44.04878799627212,46.18558507472642,56.735803492463276,52.53115758198141,49.39625845154144
1441,Prov. Kalimantan Tengah,Kab. Barito Utara,L,D3,14,69.0,15.867424734325203,18.549494271976254,14.005135054573106,14.712993431122774,17.495108291734848,20.027761432173428,20.917836072907726
1442,Prov. Kalimantan Tengah,Kab. Barito Utara,L,S1,19,175.0,40.24346852908566,27.560283124416667,20.57899195066918,21.272232316312753,27.29070739613123,24.646247941780373,18.001694548750223
1443,Prov. Kalimantan Tengah,Kab. Barito Utara,P,D3,24,93.0,21.386528989742665,30.70507769640221,23.72044952794439,26.058536261780173,21.53539897673633,25.516105008201865,27.653816889076325
1444,Prov. Kalimantan Tengah,Kab. Barito Utara,P,S1,54,319.0,73.35809406159044,58.74809974665281,44.57679685400309,47.27707338364907,48.03070532073707,47.33645646219597,44.138225020550045
1445,Prov. Kalimantan Tengah,Kab. Kapuas,L,S1,75,414.0,95.20454840595121,59.12594318162439,42.43705472197407,41.71990089846638,66.423855228044,39.4577930698485,42.49769485048143
1446,Prov. Kalimantan Tengah,Kab. Kapuas,P,S1,144,740.0,170.17238120870508,119.90401720390909,87.08335678076266,86.81393128191154,117.16158937045618,112.21574251423179,105.36821321733282
1447,Prov. Kalimantan Tengah,Kab. Kotawaringin Barat,L,D3,1,7.0,1.6097387411634265,1.8879199666763506,1.4457954742112513,1.5140539256422783,1.8519184680151233,3.87568925469517,3.020240530497787
1448,Prov. Kalimantan Tengah,Kab. Kotawaringin Barat,L,S1,149,886.0,203.746932095828,115.61928481047885,85.25127431348363,81.56076911563231,115.20783274513316,122.01186777451728,124.21723960643179
1449,Prov. Kalimantan Tengah,Kab. Kotawaringin Barat,P,D3,3,88.0,20.23671560319736,25.336124882009294,19.466641652404522,20.18908254144271,27.78021347304795,25.094763933553757,30.82413011861827
1450,Prov. Kalimantan Tengah,Kab. Kotawaringin Barat,P,S1,260,1076.0,247.43984078454955,187.58330114583723,143.1998944397089,148.01875276712954,208.35086723246923,160.9242331030852,158.12903318852645
1451,Prov. Kalimantan Tengah,Kab. Kotawaringin Timur,L,D3,15,239.0,54.96107987686556,52.28864537656686,43.73500131251066,42.11316009507822,46.51293848750316,43.799524636824216,33.56261026218348
1452,Prov. Kalimantan Tengah,Kab. Kotawaringin Timur,L,S1,141,1017.0,233.87204282331496,121.87025584604896,101.60174646030995,95.32816807613573,120.46109468659083,112.10641292828882,110.24581707113173
1453,Prov. Kalimantan Tengah,Kab. Kotawaringin Timur,P,D3,101,441.0,101.41354069329587,134.67924341595125,117.34705697525311,124.18061149852893,115.8327530525019,101.77041947689405,102.04911583569117
1454,Prov. Kalimantan Tengah,Kab. Kotawaringin Timur,P,S1,240,1219.0,280.3245036397453,199.56883252649698,171.6759868799128,174.47052444644717,185.23447887132946,231.08323229480453,229.39489114948518
1455,Prov. Kalimantan Tengah,Kab. Seruyan,L,D3,7,25.0,5.749066932726523,4.557615241674599,3.175652638814649,2.8344933924286173,7.2772060799444285,6.18959073380555,5.679565606790897
1456,Prov. Kalimantan Tengah,Kab. Seruyan,L,D4,9,137.0,31.504886791341345,17.346154038209153,12.907316017278298,12.544488137075769,22.91472148048923,13.952382505250794,12.34330705534712
1457,Prov. Kalimantan Tengah,Kab. Seruyan,P,D3,1,22.0,5.05917890079934,3.435401093898408,2.3286381366852713,1.8898656024259495,4.087427010006015,4.775154568398422,4.630131449159253
1458,Prov. Kalimantan Tengah,Kab. Seruyan,P,D4,13,108.0,24.83596914937858,18.091133878298216,13.918238699471429,14.55978485995271,17.724580134825967,14.11175753474915,12.245555880113391
1459,Prov. Kalimantan Tengah,Kota Palangka Raya,L,D3,71,399.0,91.7551082463153,113.55291958031206,106.8544822313932,110.78400309840443,97.18398651833834,102.07921595824484,101.23461313110101
1460,Prov. Kalimantan Tengah,Kota Palangka Raya,L,D4,16,142.0,32.65470017788665,26.617911048209663,26.55090940621749,29.363187033657585,20.708229132121076,26.60778573241481,23.432572745567505
1461,Prov. Kalimantan Tengah,Kota Palangka Raya,L,Profesi,1159,1184.0,272.27580993392814,1803.4518892281126,1513.465105467023,1582.375816988061,1086.2790364535701,1242.9632900973593,1132.6921385779046
1462,Prov. Kalimantan Tengah,Kota Palangka Raya,L,S1,2402,17778.0,4088.2764772004853,2736.008149626321,2558.4308157314445,2568.7419866043597,2683.663169325715,2360.7457789531654,2302.8052042717586
1463,Prov. Kalimantan Tengah,Kota Palangka Raya,L,S2,441,1080.0,248.3596914937858,363.4291625994545,365.64445212122547,373.695187377125,332.05865961225106,250.9125054685152,341.63813848011216
1464,Prov. Kalimantan Tengah,Kota Palangka Raya,L,S3,10,68.0,15.637462057016142,9.675276163083574,10.317842070708293,13.316505513625437,10.540541157516037,12.1690759508122,8.035334410930965
1465,Prov. Kalimantan Tengah,Kota Palangka Raya,P,D3,284,1687.0,387.94703662038575,547.268566925591,521.452174696279,549.218321846246,484.1109446271048,436.41626740245584,520.1761425462114
1466,Prov. Kalimantan Tengah,Kota Palangka Raya,P,D4,113,1027.0,236.17166959640556,212.33646023647057,213.4749400483368,236.7941159428112,164.73908487656192,213.38712738154317,239.3743828698994
1467,Prov. Kalimantan Tengah,Kota Palangka Raya,P,Profesi,3769,3926.0,902.8334711153732,6649.429976112252,5630.687180338191,5923.276593830501,3111.428104782119,3734.9777346111446,4416.161210661797
1468,Prov. Kalimantan Tengah,Kota Palangka Raya,P,S1,3566,21755.0,5002.83804485862,3989.4797288090244,3804.8648161610113,3952.1303324984433,4444.50926790281,3318.887063268711,3710.9878506128534
1469,Prov. Kalimantan Tengah,Kota Palangka Raya,P,S2,553,1105.0,254.1087584265123,420.0476078875977,427.3739002345094,442.1723782275363,380.14003989063906,266.53195069554107,369.98552098739634
1470,Prov. Kalimantan Tengah,Kota Palangka Raya,P,S3,5,41.0,9.428469769671498,5.564005041413786,5.859831413277625,7.1695592050530275,6.0805266695600935,6.34329182793221,5.939815878458351
1471,Prov. Kalimantan Timur,Kab. Berau,L,D3,30,162.0,38.12324207819349,48.33469746450972,44.27985463254233,47.96292769253273,37.306711729837254,37.857582888108446,30.266512254374224
1472,Prov. Kalimantan Timur,Kab. Berau,L,D4,8,66.0,15.531691217041793,12.085585384771205,11.273436094853016,12.764468020845227,12.638668058026772,10.783535235401263,9.237444126684622
1473,Prov. Kalimantan Timur,Kab. Berau,L,S1,157,1054.0,248.03640216306135,146.55243880997824,126.05826728278579,123.42903624360729,149.7791255214145,147.0125311260663,135.98940366153045
1474,Prov. Kalimantan Timur,Kab. Berau,L,S2,45,76.0,17.88497776507843,26.884797120706878,26.52942030925001,28.19900786879085,20.16016645835275,20.6704096431993,24.153057689037983
1475,Prov. Kalimantan Timur,Kab. Berau,P,D3,23,80.0,18.826292384293083,25.7001030110741,23.109553617029082,24.838968298218276,25.254729185688866,23.239186851458076,29.10326854295278
1476,Prov. Kalimantan Timur,Kab. Berau,P,D4,9,92.0,21.650236241937044,18.61001831303959,17.174865814363546,19.47670119397985,19.565745496714623,13.212735128929584,9.790531576086776
1477,Prov. Kalimantan Timur,Kab. Berau,P,S1,250,1360.0,320.0469705329824,235.52925425123297,208.02842731706195,213.07029224850217,236.73193922003202,241.76172899634534,244.81049714030178
1478,Prov. Kalimantan Timur,Kab. Berau,P,S2,31,43.0,10.119132156557532,16.96967064758528,16.61792699575423,17.754466792573513,12.597482697175757,7.596263054982151,7.897235744187974
1479,Prov. Kalimantan Timur,Kab. Kutai Barat,L,D3,13,35.0,8.236502918128224,7.274477398698861,5.23486326930785,4.871958928723541,8.012572299967957,5.939434230815119,5.953134782461333
1480,Prov. Kalimantan Timur,Kab. Kutai Barat,P,D3,8,28.0,6.589202334502579,5.374647771249641,3.6201210627945923,3.162453840009303,5.7525455346646615,6.709544375637178,6.792575532562005
1481,Prov. Kalimantan Timur,Kab. Kutai Kartanegara,L,S1,232,1794.0,422.17960671777234,287.4929781022705,237.2599692775145,234.4050261319364,239.39151365990122,293.0718439918557,285.9892871717442
1482,Prov. Kalimantan Timur,Kab. Kutai Kartanegara,L,S2,21,66.0,15.531691217041793,21.125496173369967,18.556737923786528,18.232262590393436,21.987520925967576,15.35311715175946,13.72184452640599
1483,Prov. Kalimantan Timur,Kab. Kutai Kartanegara,P,S1,343,1993.0,469.0100090237014,368.19101249985005,304.6253292115698,306.1220677978146,334.8588934507217,365.4810295092761,396.0372198205378
1484,Prov. Kalimantan Timur,Kab. Kutai Kartanegara,P,S2,12,40.0,9.413146192146542,14.496744862981995,12.695238564301674,12.604792640771468,14.717398415802359,9.296079337837181,9.061935490035578
1485,Prov. Kalimantan Timur,Kab. Kutai Timur,L,S1,114,1221.0,287.33628751527317,126.54672287502716,98.57227311021025,86.20560020027192,107.98506334909983,130.0111696244033,114.72414123313908
1486,Prov. Kalimantan Timur,Kab. Kutai Timur,P,S1,259,1692.0,398.1760839277987,247.00917457313528,205.2402304699031,196.31294586132321,262.2661006873607,248.9472123318086,251.6927696782357
1487,Prov. Kalimantan Timur,Kab. Pasir,L,S1,54,215.0,50.595660782787654,29.040082506887163,21.750041264515602,20.640321318840513,25.281790429399763,29.432694440870055,21.81283743758506
1488,Prov. Kalimantan Timur,Kab. Pasir,P,S1,96,359.0,84.48298707451521,61.937312757514086,48.006930167224496,48.09269104451476,58.570203717641554,39.08882847965937,42.11452415708302
1489,Prov. Kalimantan Timur,Kota Balikpapan,L,D3,239,1185.0,278.8644559423413,284.4853015207673,267.62596460647035,274.4335026961697,340.7955352034097,306.1711779597765,299.11374360239427
1490,Prov. Kalimantan Timur,Kota Balikpapan,L,D4,175,1115.0,262.39145010608485,166.95679008188787,160.70769116955807,173.2915697431756,191.30692142518953,213.50113588820702,156.90647066721766
1491,Prov. Kalimantan Timur,Kota Balikpapan,L,S1,1381,9415.0,2215.619284976492,1348.3458096622762,1282.2803339088796,1303.1070682700356,1620.7070475030532,1688.003485632992,1579.7073834356247
1492,Prov. Kalimantan Timur,Kota Balikpapan,L,S2,29,48.0,11.29577543057585,11.91666267780178,11.57462910263153,11.084461015880597,12.669493092573633,10.57767156440398,11.27951836251289
1493,Prov. Kalimantan Timur,Kota Balikpapan,P,D3,206,618.0,145.43310866866406,169.2577613688342,159.0520241320985,165.329829236158,214.06808206036092,172.06424854508944,183.54027555297057
1494,Prov. Kalimantan Timur,Kota Balikpapan,P,D4,177,1070.0,251.80166063991996,200.32962172788118,198.2445805607534,223.9238423603011,268.57919086327166,250.84086199320015,229.8539001621516
1495,Prov. Kalimantan Timur,Kota Balikpapan,P,S1,1460,8138.0,1915.1045927922137,1391.6928129647565,1341.8156137954165,1404.3557060178803,1763.1041220135676,1509.9739048697431,1465.4921018271934
1496,Prov. Kalimantan Timur,Kota Balikpapan,P,S2,21,19.0,4.471244441269607,6.526631116742711,6.724888733230643,6.9982447003558566,8.082464502089033,4.257903096466558,4.839635805870824
1497,Prov. Kalimantan Timur,Kota Bontang,L,S1,60,630.0,148.25705252630803,92.5408277453197,78.0291035192279,76.86677238178363,83.93196498384727,67.89283714252156,57.937375209525605
1498,Prov. Kalimantan Timur,Kota Bontang,P,S1,46,427.0,100.48533560116432,73.0495655003341,61.94557755913646,62.29960451396123,73.50661441620089,60.11615207767858,45.58049089895202
1499,Prov. Kalimantan Timur,Kota Samarinda,L,D3,752,2655.0,624.7975785037266,752.0331869225047,722.9837543839077,753.4382020277334,586.5740235136763,628.9926200717952,583.1373772701157
1500,Prov. Kalimantan Timur,Kota Samarinda,L,D4,586,3070.0,722.4589702472471,534.1540917557099,522.3707606584674,569.9077459716826,465.688238724799,610.806853532132,540.5753585762619
1501,Prov. Kalimantan Timur,Kota Samarinda,L,Profesi,1584,2639.0,621.0323200268681,3497.9719100578254,3413.1475064414444,3541.379458121653,4051.8880979790547,4678.238790464045,4220.810698035151
1502,Prov. Kalimantan Timur,Kota Samarinda,L,S1,3997,26770.0,6299.748089094072,4385.207093233182,4225.542036136728,4310.848243902637,4155.091400493828,4748.020647027965,4330.91756764373
1503,Prov. Kalimantan Timur,Kota Samarinda,L,S2,357,1300.0,305.9272512447626,451.98693038289184,473.103041077641,489.9331616701988,363.6295376764745,409.0125853175299,417.7794970267412
1504,Prov. Kalimantan Timur,Kota Samarinda,L,S2 Terapan,21,42.0,9.883803501753867,14.650116710078096,13.692286663169376,11.571423780188585,15.408950095216783,12.269329047218548,12.832153455806923
1505,Prov. Kalimantan Timur,Kota Samarinda,L,S3,22,160.0,37.652584768586166,27.772738963723693,30.035322988361266,40.82074016397654,22.607074917293225,22.163588732515905,21.91885974651765
1506,Prov. Kalimantan Timur,Kota Samarinda,L,Sp-1,6,11.0,2.5886152028402987,2.1307242004049374,2.532458702853906,3.607848864191154,1.4938149098109208,4.329305172260328,3.0662546929258236
1507,Prov. Kalimantan Timur,Kota Samarinda,P,D3,873,2933.0,690.2189445391451,925.1124167648575,882.1047207321515,923.3652439066074,781.3775439522441,810.6342560392624,849.3187775309653
1508,Prov. Kalimantan Timur,Kota Samarinda,P,D4,908,3316.0,780.3498193289482,676.2681729690978,666.8429709858286,744.0352068339539,675.1629009619796,800.6109304060125,804.8482700646003
1509,Prov. Kalimantan Timur,Kota Samarinda,P,Profesi,4278,6757.0,1590.1157205083543,9816.661334040935,9453.807791943773,9796.420699561893,10493.84308151951,7407.170700267631,7422.605691950684
1510,Prov. Kalimantan Timur,Kota Samarinda,P,S1,7009,38053.0,8954.961301243808,7442.538358841101,7259.470260881349,7638.278308830102,6338.451456065128,7244.600618056326,7551.857890720246
1511,Prov. Kalimantan Timur,Kota Samarinda,P,S2,449,1322.0,311.1044816504432,517.9752994494721,539.7329109485212,563.8615139619545,433.524427422838,415.0475552930005,424.543161624615
1512,Prov. Kalimantan Timur,Kota Samarinda,P,S2 Terapan,13,23.0,5.412559060484261,8.749844194635047,8.058845977106479,6.789648889531825,9.198354145373028,6.581403500966028,6.701955379330214
1513,Prov. Kalimantan Timur,Kota Samarinda,P,S3,19,85.0,20.0029356583114,16.38770792772828,17.563955081242927,23.955393552541224,14.286359344235164,12.52579884798152,12.374111923076068
1514,Prov. Kalimantan Utara,Kab. Bulungan,L,S1,44,496.0,116.7230127826171,58.315820681557256,45.23646347691665,41.147566463912035,70.08534017717426,46.98857951609849,40.00892392295744
1515,Prov. Kalimantan Utara,Kab. Bulungan,P,S1,40,468.0,110.13381044811453,67.21429046035631,53.21679241620471,50.280587281787845,65.90382328821354,51.62339907631472,54.837398004419335
1516,Prov. Kalimantan Utara,Kab. Nunukan,L,D3,60,177.0,41.653171900248445,51.83515758551499,44.0169289627695,47.233214245671256,47.88274446376414,28.09739038039794,22.359214786823348
1517,Prov. Kalimantan Utara,Kab. Nunukan,L,S1,16,101.0,23.768194135170017,11.247148991984055,8.419948747783591,7.587264895123844,10.648162450100154,13.965939694464653,16.385667954411993
1518,Prov. Kalimantan Utara,Kab. Nunukan,P,D3,61,186.0,43.771129793481414,61.02426748195063,51.49274833824618,55.62374501893615,66.51479669289733,26.428351929802925,26.06487353048601
1519,Prov. Kalimantan Utara,Kab. Nunukan,P,S1,59,221.0,52.00763271160964,31.057345922880405,23.97151362828881,22.703313210342863,27.39701379825193,33.747246041684164,36.000924738995444
1520,Prov. Kalimantan Utara,Kota Tarakan,L,D3,30,113.0,26.592137992813978,23.318202456210734,20.333651350240157,19.30352002361713,25.372602815395727,24.33344608350656,22.207350651303372
1521,Prov. Kalimantan Utara,Kota Tarakan,L,D4,6,40.0,9.413146192146542,5.5306159316486205,5.045921975405298,5.169107627476689,5.544940277798778,5.784349372119707,5.2497637541629425
1522,Prov. Kalimantan Utara,Kota Tarakan,L,Profesi,507,516.0,121.42958587869038,638.0745384719272,609.6801981591613,630.2673172916633,571.4921449758342,596.3042295872974,584.0582906288987
1523,Prov. Kalimantan Utara,Kota Tarakan,L,S1,416,4034.0,949.3157934779787,641.1848075775484,611.9827661120222,631.4063698645977,671.7503702452187,617.3364235543235,586.5716026351025
1524,Prov. Kalimantan Utara,Kota Tarakan,L,S2,64,245.0,57.65552042689756,84.66848845858101,88.50533631556088,93.43881827138745,83.36106779289523,75.83008477199554,67.85476318152413
1525,Prov. Kalimantan Utara,Kota Tarakan,P,D3,170,772.0,181.67372150842823,191.59193652924452,169.70174480443353,166.39954374966305,207.23387402650312,148.55099303738137,146.30088644037033
1526,Prov. Kalimantan Utara,Kota Tarakan,P,D4,15,103.0,24.238851444777342,17.49932712964327,16.325478861363408,17.408616173100114,18.916695973675726,13.585191933061651,9.481264973573358
1527,Prov. Kalimantan Utara,Kota Tarakan,P,Profesi,1679,1769.0,416.29639034768076,2466.341703574351,2346.3269229139373,2447.3678381541717,2062.424705138256,1852.601131472877,1816.4774180801828
1528,Prov. Kalimantan Utara,Kota Tarakan,P,S1,901,6518.0,1533.8721720102787,1251.937585795713,1216.486112613345,1297.6167916352686,1207.4188539070205,1116.061238510896,1165.5949250534125
1529,Prov. Kalimantan Utara,Kota Tarakan,P,S2,36,147.0,34.59331225613854,56.275948254443385,58.25115838172036,61.65638006880307,52.41485142063139,51.402210949441944,44.470153485949794
1530,Prov. Kepulauan Riau,Kab. Bintan,L,D3,14,49.0,11.268171188143985,15.709791003895038,13.099690393495104,14.3852092752426,14.42084376345316,12.376145816923092,13.7490601335269
1531,Prov. Kepulauan Riau,Kab. Bintan,L,D4,9,48.0,11.038208510834924,9.57005881622695,8.391091531132362,9.612283680595151,10.704209121945778,8.417120300102276,5.943343766000535
1532,Prov. Kepulauan Riau,Kab. Bintan,L,S1,82,791.0,181.90047775146718,129.4171201191112,104.68171443342997,107.21308540317669,124.43078018663186,138.0161807428631,124.41463331865589
1533,Prov. Kepulauan Riau,Kab. Bintan,P,D3,8,48.0,11.038208510834924,16.338711458698537,13.65852876486325,14.822809665753208,14.394067203227952,14.253641019153395,15.087253238073409
1534,Prov. Kepulauan Riau,Kab. Bintan,P,D4,5,36.0,8.278656383126194,7.8110899806803715,6.8899339304301215,7.87516976121968,9.80230086854015,7.848071089455404,5.671897510113921
1535,Prov. Kepulauan Riau,Kab. Bintan,P,S1,185,1110.0,255.2585718130576,206.5368548220924,169.10481363312448,175.78865154544124,228.68354427651758,228.70249418737342,222.69554577522663
1536,Prov. Kepulauan Riau,Kab. Karimun,L,S1,110,464.0,106.70268227140427,68.85421568718841,61.25538566899458,58.36907734890495,63.824676427432884,52.138328885348805,49.629666540741766
1537,Prov. Kepulauan Riau,Kab. Karimun,P,S1,170,577.0,132.68846480732816,103.15067051177498,93.58357524361332,92.50167839814898,88.40231938084949,101.46724996973332,70.72853896646181
1538,Prov. Kepulauan Riau,Kab. Natuna,L,S1,48,568.0,130.6188007115466,67.50493976202128,47.219545674361484,43.22709715946025,67.49147459031039,54.20755167529757,60.04860559800198
1539,Prov. Kepulauan Riau,Kab. Natuna,P,S1,82,700.0,160.97387411634264,106.25602948255738,76.4685527658684,74.32534105314011,99.0471118370595,93.94856659188775,90.45117467276144
1540,Prov. Kepulauan Riau,Kota Batam,L,D2,6,13.0,2.9895148050177918,4.8135067841285135,3.8276394361613133,3.789391954254743,3.9656067435577813,5.250590116588483,7.162335432265377
1541,Prov. Kepulauan Riau,Kota Batam,L,D3,357,2263.0,520.4055387504048,602.7078865744954,592.0371646535029,642.3550825819696,612.4959957928032,498.2319563704517,522.5411087556128
1542,Prov. Kepulauan Riau,Kota Batam,L,D4,482,5058.0,1163.15122182923,872.0494027992827,911.2264227434441,1053.4666820748741,981.1156944396388,951.3432629254453,832.8064567217257
1543,Prov. Kepulauan Riau,Kota Batam,L,Profesi,408,319.0,73.35809406159044,384.7688669114901,325.9501836581545,331.0677450006064,237.8109533367062,305.20922915455964,287.22484714418727
1544,Prov. Kepulauan Riau,Kota Batam,L,S1,1567,13775.0,3167.735879932314,1973.385500912699,1891.932820235125,1951.699560649159,2183.179612991085,2151.307143685223,1982.1353505233851
1545,Prov. Kepulauan Riau,Kota Batam,L,S2,341,827.0,190.17913413459337,228.6191573676248,233.3839543263343,235.04410426927848,249.16013517035913,198.96482688191963,200.11182572496347
1546,Prov. Kepulauan Riau,Kota Batam,L,S2 Terapan,1,33.0,7.58876835119901,9.099015369699899,7.995989075411131,6.982853684666048,11.081185726877573,6.577701811985356,9.27670703268878
1547,Prov. Kepulauan Riau,Kota Batam,L,S3,16,45.0,10.348320478907741,4.633374117094197,4.925197775421721,5.963073089592264,5.937922615910718,6.1613678777793295,5.429343465770793
1548,Prov. Kepulauan Riau,Kota Batam,P,D2,4,12.0,2.759552127708731,5.8036105028062845,4.7629304322150166,5.0501996579719455,4.715391286853116,5.645812534159563,6.810574565596804
1549,Prov. Kepulauan Riau,Kota Batam,P,D3,307,1549.0,356.21218715173535,469.0722883850895,472.79486748204414,527.3844932340431,493.90554297170024,454.9983023921379,498.9101252252223
1550,Prov. Kepulauan Riau,Kota Batam,P,D4,661,4198.0,965.3833193434377,804.4406800917811,862.736286629401,1019.7179743221817,1096.5274966485572,979.9491213630318,901.6024673036715
1551,Prov. Kepulauan Riau,Kota Batam,P,Profesi,1313,1002.0,230.42260266367904,1390.57287988982,1194.3540021526785,1236.856229352862,793.9678574855291,894.5982428930714,932.109969448651
1552,Prov. Kepulauan Riau,Kota Batam,P,S1,2187,15450.0,3552.923364424991,2628.097804804025,2556.270093953339,2712.0412970381817,3195.1412326358827,2951.847335080755,2926.8711209323287
1553,Prov. Kepulauan Riau,Kota Batam,P,S2,253,559.0,128.54913661576506,186.28043682608927,194.06563577029297,202.90774920782653,205.43364054706467,183.36905240998763,180.97459939977887
1554,Prov. Kepulauan Riau,Kota Batam,P,S3,9,28.0,6.438954964653706,3.4798238999814526,3.775599414541407,4.748141550748864,4.130915082138564,4.802445323193325,4.52216292242409
1555,Prov. Kepulauan Riau,Kota Tanjungpinang,L,D3,53,180.0,41.393281915630965,52.85313311792862,48.799771696593396,50.628373134297085,42.961127924585064,34.21008429508634,26.210301160680824
1556,Prov. Kepulauan Riau,Kota Tanjungpinang,L,Profesi,228,133.0,30.585036082105102,207.89810194860033,171.0586101629159,178.5957382885698,141.55167089250298,191.61546388523752,223.39009055214734
1557,Prov. Kepulauan Riau,Kota Tanjungpinang,L,S1,758,5294.0,1217.4224136741684,841.8512583684675,763.7498556812641,759.4930546223623,742.2125489282026,726.8459030141437,674.0221352035771
1558,Prov. Kepulauan Riau,Kota Tanjungpinang,L,S2,9,63.0,14.487648670470838,18.353628518493128,17.678188258788676,16.8897257026468,17.44478196656258,16.48853654101972,17.01779500100308
1559,Prov. Kepulauan Riau,Kota Tanjungpinang,P,D3,391,1101.0,253.18890771727607,364.4114285498705,340.1562522734402,356.9582058666586,322.1290082542894,235.3277862931413,259.6019515586498
1560,Prov. Kepulauan Riau,Kota Tanjungpinang,P,Profesi,1146,640.0,147.176113477799,1103.8264367687545,915.4478339091818,958.7811998419501,768.9847264076398,874.5767063279166,791.401940310996
1561,Prov. Kepulauan Riau,Kota Tanjungpinang,P,S1,1343,8177.0,1880.404812356191,1550.3249581746556,1432.8808383363523,1472.734484914529,1343.9972648552036,1312.5168023543913,1239.2191898218834
1562,Prov. Kepulauan Riau,Kota Tanjungpinang,P,S2,3,38.0,8.738581737744315,14.551080888935953,14.477726885543092,14.850497939985042,12.011082128089093,11.815577999101265,10.885210596113364
1563,Prov. Lampung,Kab. Lampung Selatan,L,S1,2278,14535.0,3420.5019975712494,2338.3847180891626,2123.4903160229233,2211.6027153885966,2415.462643544325,2322.776544886141,1912.63240189169
1564,Prov. Lampung,Kab. Lampung Selatan,L,S2,895,2452.0,577.025861578583,480.53661497749846,399.72200687754,345.09949536352565,471.34896113304575,279.5856863949743,369.35464370121326
1565,Prov. Lampung,Kab. Lampung Selatan,L,S3,18,172.0,40.47652862623013,29.17321546013879,29.730347498400054,41.11512137086956,41.977993351171186,28.321435685293814,21.582664161460993
1566,Prov. Lampung,Kab. Lampung Selatan,P,D3,16,55.0,12.943076014201493,16.640129916190197,14.865949251023824,15.728407166101135,17.571669405479156,18.96290571487686,20.495807680391803
1567,Prov. Lampung,Kab. Lampung Selatan,P,S1,2792,14991.0,3527.8118641617198,2739.5203179058562,2480.570094140143,2615.927290421016,2874.335277854993,2456.191868433256,2355.0018077364575
1568,Prov. Lampung,Kab. Lampung Selatan,P,S2,727,1703.0,400.764699130639,399.6732944238155,337.2483072672954,300.26686578831465,322.0629473691203,320.7178932448402,445.68524353216986
1569,Prov. Lampung,Kab. Lampung Selatan,P,S3,7,60.0,14.11971928821981,10.80104287795728,10.756168023071771,14.683870534919818,14.261730307165184,6.315254702291041,5.1088956890785004
1570,Prov. Lampung,Kab. Lampung Tengah,L,S1,301,758.0,178.37912034117696,133.6441716874146,128.7431735176722,138.501702009264,143.75851449974724,133.86173987287017,123.63096708906544
1571,Prov. Lampung,Kab. Lampung Tengah,P,D3,45,36.0,8.471831572931887,11.456531459654098,10.68803149550044,11.542127163059593,12.236887300618339,10.973529981893394,10.233469650304443
1572,Prov. Lampung,Kab. Lampung Tengah,P,S1,210,792.0,186.3802946045015,153.75633179476998,146.39592710404847,157.55255199104073,160.19012667741916,147.4998824393947,149.01557752527776
1573,Prov. Lampung,Kab. Lampung Timur,L,D3,19,41.0,9.648474846950204,7.933281277318943,6.596768187122637,6.158887621831354,7.529294382557016,9.854071139110877,9.753927827398384
1574,Prov. Lampung,Kab. Lampung Timur,L,S1,1063,4194.0,986.9683782465648,444.5586167332925,364.91136698788233,326.5438995983436,307.0810073629863,375.7527989025447,354.37226119555
1575,Prov. Lampung,Kab. Lampung Timur,P,D3,15,37.0,8.70716022773555,8.218297648049756,6.841997193251736,6.48739036759204,7.315415329092567,9.329550993364894,8.101550697063985
1576,Prov. Lampung,Kab. Lampung Timur,P,S1,715,4765.0,1121.3410401394567,571.1227595361943,467.16059077310916,422.26235080934805,387.91152267819206,513.0220513538255,506.02398894162906
1577,Prov. Lampung,Kab. Lampung Utara,L,D3,1,9.0,2.1179578932329717,1.4469032858041402,1.1570008326827834,1.0131818415540466,1.7788054201305061,2.93228502468732,2.6056332836583636
1578,Prov. Lampung,Kab. Lampung Utara,L,S1,288,1981.0,466.18606516605746,267.9607794112115,240.50923626682007,236.83956632779137,284.21056864851766,253.31359818684743,240.51239019504968
1579,Prov. Lampung,Kab. Lampung Utara,L,S2,19,109.0,25.650823373599323,26.07478785423521,24.095790313751078,22.48196840037882,28.040410418145743,24.766535943743918,25.269260443543544
1580,Prov. Lampung,Kab. Lampung Utara,P,D3,36,61.0,14.355047943023475,13.143350752769328,11.039682949649706,10.384668563645196,14.885367483716013,15.81527125234508,16.32423223151456
1581,Prov. Lampung,Kab. Lampung Utara,P,S1,459,2677.0,629.9748089094072,443.9374083580685,404.986879242159,416.9518211258185,436.4268660542407,461.0568045694373,450.152181012522
1582,Prov. Lampung,Kab. Lampung Utara,P,S2,7,50.0,11.766432740183177,18.298698808653455,18.50538338392581,19.457770025400393,20.79467332701708,15.863660979983909,15.870268195743174
1583,Prov. Lampung,Kab. Mesuji,L,S1,104,190.0,44.71244441269607,35.46152638060312,32.20282815559816,34.59803848160004,42.41712575719569,37.464690505978204,24.638371066586636
1584,Prov. Lampung,Kab. Mesuji,P,S1,35,122.0,28.71009588604695,25.034317857860618,22.459046756533716,24.125543588038813,32.70198113062461,32.26008029129452,18.652893907805055
1585,Prov. Lampung,Kab. Pasawaran,L,S1,4,340.0,80.0117426332456,40.26923335467436,32.55628220689999,29.88980402342506,46.85569871749155,47.464705829869565,41.96420171977111
1586,Prov. Lampung,Kab. Pasawaran,P,S1,6,209.0,49.18368885396568,29.81937611421876,24.50022467560286,23.246727968253733,28.1504185551778,27.663353225395962,37.900541889693436
1587,Prov. Lampung,Kab. Pesisir Barat,L,S1,9,42.0,9.883803501753867,4.6343824434886,3.3420616948151527,2.9429428623041827,4.228286994360571,7.282665002486952,7.0245876580297
1588,Prov. Lampung,Kab. Pesisir Barat,P,S1,25,101.0,23.768194135170017,9.846487941184584,6.555629389416845,5.3323060701088085,8.405857335045996,10.482023245024918,14.59163566042255
1589,Prov. Lampung,Kab. Pringsewu,L,D3,23,88.0,20.70892162272239,24.77222668080585,22.90784105509462,24.394100265207584,29.43327256093101,25.030479794356694,26.412142262934537
1590,Prov. Lampung,Kab. Pringsewu,L,Profesi,137,193.0,45.41843037710706,164.3488589201253,134.75651312684613,121.98745108084367,211.3123556086609,295.52129879035505,307.49528327228546
1591,Prov. Lampung,Kab. Pringsewu,L,S1,430,2864.0,673.9812673576923,451.2187139880492,414.41568703295115,426.4943007393384,511.72925766579914,360.03915407146184,396.2422877180401
1592,Prov. Lampung,Kab. Pringsewu,L,S2,78,219.0,51.53697540200231,56.72996266339682,52.241742042599355,49.80319169727477,67.15268780993246,55.842429675586985,60.22461855541665
1593,Prov. Lampung,Kab. Pringsewu,P,D3,70,354.0,83.30634380049689,105.68227480054585,94.88097391025644,100.31850176476243,115.54454629619187,92.50696463971737,104.00490518956765
1594,Prov. Lampung,Kab. Pringsewu,P,Profesi,508,583.0,137.19660575053584,736.5892088296525,654.7026812894696,660.5271184395001,620.0866107108295,625.542710041816,687.7278883955121
1595,Prov. Lampung,Kab. Pringsewu,P,S1,1305,6283.0,1478.569938131418,1142.1340104308686,1051.55365048375,1101.4711613021725,1241.3031048057596,1081.098419398043,1158.3525407301847
1596,Prov. Lampung,Kab. Pringsewu,P,S2,136,317.0,74.59918357276133,97.04426060010724,90.28376106264423,88.33657261047956,111.43986580528129,77.90029884652876,83.07419144197638
1597,Prov. Lampung,Kab. Tenggamus,L,D3,17,18.0,4.235915786465943,5.465379386379012,4.759006815219107,5.122701607514089,4.7541301713771595,5.482950009470139,5.940997455948259
1598,Prov. Lampung,Kab. Tenggamus,L,S1,73,385.0,90.60153209941046,69.68177404242071,61.48300793612943,65.4044130334634,76.40640565498782,65.2579281467113,37.066252335398474
1599,Prov. Lampung,Kab. Tenggamus,P,D3,2,2.0,0.47065730960732705,0.6676516279251308,0.5743344833734618,0.6181244895817984,0.5932719746943111,1.7946197952011727,1.3410743327362733
1600,Prov. Lampung,Kab. Tenggamus,P,S1,119,508.0,119.54695664026107,100.39929703093806,87.3308490246738,92.65619384207187,111.17537395593837,62.80324096912768,62.765044177737025
1601,Prov. Lampung,Kab. Tulang Bawang,L,S1,248,702.0,165.20071567217178,123.19262489552364,113.0188532297093,120.45532269324495,162.71400977534083,113.64429336359687,101.42264974539381
1602,Prov. Lampung,Kab. Tulang Bawang,P,S1,272,769.0,180.96773554401724,145.75457151913065,131.37574021080505,139.09797955458873,180.21046588335736,162.41260875466907,154.1593472746452
1603,Prov. Lampung,Kab. Tulang Bawang Barat,L,D3,56,151.0,35.53462687535319,45.9097188560477,37.16811698757387,39.701442834011345,55.11569905630665,31.133471108802198,39.53348283956485
1604,Prov. Lampung,Kab. Tulang Bawang Barat,P,D3,29,83.0,19.53227834870407,27.744562799975284,22.190279861841955,23.698826183971963,33.38805481471739,19.18781127493796,20.120635056590316
1605,Prov. Lampung,Kab. Way Kanan,L,S1,167,919.0,216.26703376456678,110.8058806363295,84.15944908050129,77.39534552802428,75.30215344487485,91.3023715885222,113.94446674712043
1606,Prov. Lampung,Kab. Way Kanan,P,S1,289,1575.0,370.6426313157701,244.98299528572062,193.1523827103223,188.18796088397366,157.47095476046363,171.11877030669706,203.72250082654747
1607,Prov. Lampung,Kota Bandar Lampung,L,D3,540,2251.0,529.7248019630466,566.7596165147938,531.1257050157284,532.2864072139151,534.0576352486136,405.25133174681804,395.5007602174841
1608,Prov. Lampung,Kota Bandar Lampung,L,D4,308,2710.0,637.7406545179282,484.29954738773586,477.863356157843,533.6412915505639,467.8117982211805,542.2990859063087,469.10295552552174
1609,Prov. Lampung,Kota Bandar Lampung,L,Profesi,3000,934.0,219.79696358662173,853.9967778217897,752.3063483983049,683.5586219464104,1021.1692819946315,832.4316994252836,854.6167671592457
1610,Prov. Lampung,Kota Bandar Lampung,L,S1,5517,41846.0,9847.562888914104,5854.2821148135945,5437.47592755175,5251.959501410499,5897.396533772212,6772.250008525229,5424.019404095096
1611,Prov. Lampung,Kota Bandar Lampung,L,S2,795,3010.0,708.3392509590273,810.9114641296966,794.4031985575398,751.4069374314597,926.4914449633596,755.5504184174744,899.2146129409172
1612,Prov. Lampung,Kota Bandar Lampung,L,S2 Terapan,4,28.0,6.589202334502579,10.439138518168127,10.087903102439167,8.749117897472718,12.446910912396293,6.697852606799848,8.312333539223019
1613,Prov. Lampung,Kota Bandar Lampung,L,S3,63,483.0,113.66374027016948,58.10879455593025,56.819097057925475,67.74137529782963,79.16425038350518,86.04717206738961,76.34142974151543
1614,Prov. Lampung,Kota Bandar Lampung,L,Sp-1,6,24.0,5.647887715287925,4.651372576101857,5.600350993726376,7.994389695607518,6.0150340832400175,7.794939284351803,6.26882575330568
1615,Prov. Lampung,Kota Bandar Lampung,P,D2,18,27.0,6.353873679698915,13.367530144867462,11.950966037735629,11.125268333443309,12.652904284930441,8.734877698655266,10.312865947577754
1616,Prov. Lampung,Kota Bandar Lampung,P,D3,1790,5100.0,1200.176139498684,1596.6660984798457,1535.7594922408664,1608.8767843440169,1600.6751779455346,1259.4576171177962,1311.1437212965186
1617,Prov. Lampung,Kota Bandar Lampung,P,D4,814,3983.0,937.3140320829918,814.1697135514136,807.2760942170744,910.1210760864187,869.4957008051238,888.9744387279026,773.1189588005037
1618,Prov. Lampung,Kota Bandar Lampung,P,Profesi,7039,1759.0,413.9431037996441,1940.789500964825,1738.4326253959541,1633.4747104746273,1946.6107447772283,1770.9496782440192,2448.6655152978155
1619,Prov. Lampung,Kota Bandar Lampung,P,S1,10351,57688.0,13575.639438313741,9905.610626449481,9406.141302394191,9451.474713725682,9246.545556453537,9205.970975470742,10005.127320525391
1620,Prov. Lampung,Kota Bandar Lampung,P,S2,825,2662.0,626.4448790873523,862.8654491389404,858.7299867420452,839.0782495622526,893.2676183050366,758.8028595240511,818.861270067249
1621,Prov. Lampung,Kota Bandar Lampung,P,S2 Terapan,11,33.0,7.7658456085208964,14.730425974606892,14.43899055188049,12.913354249139111,16.519652005932194,7.27465454782171,9.618907902122784
1622,Prov. Lampung,Kota Bandar Lampung,P,S3,34,296.0,69.6572818218844,44.24091063711646,44.38441078477015,55.30191174370213,49.61936561371636,47.83724289748782,50.77139295950787
1623,Prov. Lampung,Kota Bandar Lampung,P,Sp-1,1,13.0,3.0592725124476257,2.7700355699494708,3.294871124470335,4.702586855532803,3.756640266002505,4.608131805057807,3.117571050558391
1624,Prov. Lampung,Kota Metro,L,D3,46,134.0,31.53403974369091,32.01513177940032,27.55307460808348,27.23219579448133,23.475811453522947,37.12367408469631,39.63773506433363
1625,Prov. Lampung,Kota Metro,L,Profesi,188,186.0,43.771129793481414,246.16419259890642,226.55589183543907,236.98552125083273,114.02378825050447,143.4129802886549,209.055218036167
1626,Prov. Lampung,Kota Metro,L,S1,679,8090.0,1903.808817361638,1111.565455710541,958.3149405699318,924.2774536917836,916.7540234955344,900.5084144294761,835.3426387168666
1627,Prov. Lampung,Kota Metro,L,S2,113,553.0,130.13674610642593,184.53586797509334,179.9729246758142,185.22553125119066,145.42356233611096,160.04867447047977,155.99974809794384
1628,Prov. Lampung,Kota Metro,P,D3,203,521.0,122.60622915270869,163.1874044155235,146.51781978963558,154.3174093827049,114.1195907550706,135.3171659833349,131.80176142595323
1629,Prov. Lampung,Kota Metro,P,Profesi,584,577.0,135.78463382171384,839.5756923915451,763.3598343320734,798.3697672958667,348.61476917042353,790.4328750463638,1012.1146797459769
1630,Prov. Lampung,Kota Metro,P,S1,1016,9720.0,2287.3945246916096,1681.2323374174073,1493.0913422753306,1512.3523115140176,1441.5308047097985,1391.389972926685,1449.3414776059644
1631,Prov. Lampung,Kota Metro,P,S2,133,427.0,100.48533560116432,163.52917140667716,159.6663781716546,166.87343670422757,130.57724270651048,124.60266178544241,144.45754993731148
1632,Prov. Maluku,Kab. Buru,L,S1,139,772.0,178.7330012230102,103.59014909173698,70.50619128926589,68.17845204024857,150.06482220415398,134.53250720682533,138.10011037395705
1633,Prov. Maluku,Kab. Buru,P,S1,291,1291.0,298.8915862421064,218.73749807906597,158.92237090084083,161.9503382599165,305.3858085033957,238.37429787787985,226.08704955552076
1634,Prov. Maluku,Kab. Maluku Tengah,L,S1,131,909.0,210.45116335714542,162.39637319391804,137.7182468316482,156.5511192178253,71.45969698059146,133.1456346339689,122.78306775386912
1635,Prov. Maluku,Kab. Maluku Tengah,P,S1,323,1950.0,451.46289169024595,380.66650260799054,318.4165457090536,361.55285991865827,227.1857032470697,301.61013024440433,364.6952797798214
1636,Prov. Maluku,Kab. Maluku Tenggara,L,D3,43,287.0,66.44607687953877,57.45082777478078,41.12856694047851,37.79028121319917,72.67377177621454,38.30921465640201,37.85520258628266
1637,Prov. Maluku,Kab. Maluku Tenggara,L,D4,52,754.0,174.56565145356177,110.40403651831997,87.94205224219992,90.89195562804697,119.4639493786795,137.8562783306345,151.93087555017047
1638,Prov. Maluku,Kab. Maluku Tenggara,L,S1,31,286.0,66.21455744790273,29.62031943725102,19.704309951571144,16.80599839377201,13.83071818792322,31.04100979130212,29.776295223145013
1639,Prov. Maluku,Kab. Maluku Tenggara,P,D3,75,348.0,80.5687622093362,91.28310298637767,71.18513411378787,69.88240712969274,83.74923836521779,74.29589621325333,96.99779899281216
1640,Prov. Maluku,Kab. Maluku Tenggara,P,D4,93,815.0,188.6883367833592,142.71957658885057,117.80414486775504,125.75612846725981,178.92207647139767,152.2381784025627,152.02526089230795
1641,Prov. Maluku,Kab. Maluku Tenggara,P,S1,46,353.0,81.72635936751632,41.967048177067134,28.288955002196214,24.545073281041432,37.54871977643078,31.380167210893333,32.25374116422942
1642,Prov. Maluku,Kab. Maluku Tenggara Barat,L,D3,4,25.0,5.787985790900589,3.6698453479081974,2.040610140085098,1.7832271338675967,3.1603707928083007,4.239291642618197,3.952851994911704
1643,Prov. Maluku,Kab. Maluku Tenggara Barat,L,S1,15,680.0,157.43321351249602,65.85496456083779,38.86077904752597,34.493195322231514,36.079365393601584,67.40963650964945,50.82078668819931
1644,Prov. Maluku,Kab. Maluku Tenggara Barat,P,D3,7,75.0,17.36395737270177,11.132112277326287,5.852153253678905,4.963553358990734,9.558931297898663,14.35633279608195,15.685846614843163
1645,Prov. Maluku,Kab. Maluku Tenggara Barat,P,S1,29,1085.0,251.19858332508556,121.29639295931159,72.75033014681014,65.82652874948886,58.784432062725756,108.94018778638771,99.47934024521925
1646,Prov. Maluku,Kab. Seram Bagian Timur,L,S1,79,506.0,117.14883240782792,72.93098730379097,54.49747784092304,58.03182952430061,70.63342695000496,56.81088413051914,46.81159806970448
1647,Prov. Maluku,Kab. Seram Bagian Timur,P,S1,135,870.0,201.4219055233405,152.80723503859053,119.54398508634664,132.39665480527904,128.06773134601508,127.26645767965313,145.20861164297
1648,Prov. Maluku,Kota Ambon,L,D3,277,1301.0,301.2067805584667,341.6155014327143,287.84255794124283,296.0791929746175,277.1301542317007,283.00559332540945,302.2570752671718
1649,Prov. Maluku,Kota Ambon,L,D4,152,1238.0,286.6210563653972,217.5504014742361,194.28397292073356,217.50745940573924,180.8836680503599,245.73981712209505,238.88129969318183
1650,Prov. Maluku,Kota Ambon,L,Profesi,2736,2943.0,681.3616873048173,1700.2881320346432,834.6365641959628,606.1722773266717,2709.0105165748273,4444.721174746582,3675.9862512567943
1651,Prov. Maluku,Kota Ambon,L,S1,2001,18365.0,4251.854361995573,2758.767515786548,2282.2736719354493,2264.6658217842914,2686.5655206802585,2489.119824855072,2503.3398076622093
1652,Prov. Maluku,Kota Ambon,L,S2,144,634.0,146.78331965723893,207.19368559244677,182.69750059999964,186.2226667374639,186.393460710118,151.617080501038,154.1702251855852
1653,Prov. Maluku,Kota Ambon,L,S3,17,118.0,27.319292933050782,18.08122999329903,16.749345694713487,23.001767286328178,17.882583717249375,17.40549782649123,15.001154760877764
1654,Prov. Maluku,Kota Ambon,P,D3,888,4066.0,941.3580090320718,1057.394365706013,832.8417431325325,825.1097578097707,904.3120574915939,759.6730711561083,827.1287411214153
1655,Prov. Maluku,Kota Ambon,P,D4,173,1323.0,306.3002080544592,253.43966857374033,222.9610170766424,249.1144564713615,200.75725272211903,268.2550139726717,268.0030138208416
1656,Prov. Maluku,Kota Ambon,P,Profesi,6624,6779.0,1569.4702270606037,4358.675928590733,2131.6438478003797,1556.945702461795,6411.354599804432,5767.765436225022,6011.663615688992
1657,Prov. Maluku,Kota Ambon,P,S1,3568,30613.0,7087.504360673589,5404.70726651474,4589.573577174566,4675.5383901111345,4934.466762150978,4400.703311277935,4429.8335930118155
1658,Prov. Maluku,Kota Ambon,P,S2,187,588.0,136.13342580198184,221.0679834994846,197.76013842099357,205.22745207057807,201.9900455603981,165.27302253458822,192.67161443997472
1659,Prov. Maluku,Kota Ambon,P,S3,12,77.0,17.826996235973816,13.735958360482403,12.992896646042656,18.24644038059805,12.941986373059896,11.545453210043611,10.470036837644884
1660,Prov. Maluku,Kota. Tual,L,S1,64,1145.0,265.089749223247,151.02417771710867,111.7054902373544,114.0034622278142,145.82660410286033,111.04293953206248,121.71510907012362
1661,Prov. Maluku,Kota. Tual,P,S1,156,1752.0,405.6220442263133,280.75805858742274,217.0531584986575,230.13635323979625,331.8632782446508,233.41028950722196,242.36039653273343
1662,Prov. Maluku Utara,Kab. Halmahera Selatan,L,S1,23,252.0,59.30282101052321,26.273277414739983,18.802930835287945,16.419702945301022,22.6284604861656,24.49089889123206,28.389737766767613
1663,Prov. Maluku Utara,Kab. Halmahera Selatan,P,S1,31,370.0,87.07160227735551,53.33129878441875,40.47874186856522,38.400295510499745,48.619325547729645,37.833018061135284,26.843876075922086
1664,Prov. Maluku Utara,Kab. Kepulauan Morotai,L,S1,72,1027.0,241.68252848336243,190.32728334229748,164.66095038132244,174.71810828334532,191.80166500154044,176.42713217777086,154.15352346446096
1665,Prov. Maluku Utara,Kab. Kepulauan Morotai,P,S1,120,1032.0,242.85917175738075,209.16058781744138,178.47412585832888,188.98043549824732,229.95386196070976,198.94118752230656,182.07459144230177
1666,Prov. Maluku Utara,Kab. Kepulauan Sula,L,S1,13,115.0,27.062795302421303,15.860565691881726,11.956039532083535,11.432099562879712,14.916968591582334,16.661413621872274,15.675538404098992
1667,Prov. Maluku Utara,Kab. Kepulauan Sula,P,S1,75,225.0,52.94894733082429,37.588818803794474,28.845624993577644,28.56212727256548,36.10392498454482,35.45252229254214,35.98322087810249
1668,Prov. Maluku Utara,Kab. halmahera Utara,L,D3,6,46.0,10.825118120968522,9.465016486155179,7.963086882043978,7.524958206756294,10.058459710758887,10.955875691651881,9.944530151995192
1669,Prov. Maluku Utara,Kab. halmahera Utara,L,D4,13,47.0,11.060446775772185,5.245954954396312,4.325341635818064,4.085720600679142,8.342314792113763,8.91784526730489,7.171402301519939
1670,Prov. Maluku Utara,Kab. halmahera Utara,L,Profesi,2,16.0,3.7652584768586164,9.759230892756062,7.234620215578317,5.769223598724417,13.339097999516186,5.03268178165201,5.635715735730055
1671,Prov. Maluku Utara,Kab. halmahera Utara,L,S1,109,1085.0,255.3315904619749,126.97386224332176,106.44779416463038,97.94477667546259,131.64782483796975,127.54686807428104,118.03413640755896
1672,Prov. Maluku Utara,Kab. halmahera Utara,L,S2,9,31.0,7.295188298913569,8.12355294291546,7.526674344942778,7.162873127824914,8.9438711515231,7.720539326611076,9.322258244779057
1673,Prov. Maluku Utara,Kab. halmahera Utara,P,D3,47,253.0,59.53814966532687,55.2612742040461,45.434045486212284,42.38515405561524,53.07787235299724,46.167472985417795,39.81161761592848
1674,Prov. Maluku Utara,Kab. halmahera Utara,P,D4,13,48.0,11.29577543057585,7.16376294183507,6.199859245428903,6.285618127646492,7.388599512318418,9.665881048843532,7.869513908671658
1675,Prov. Maluku Utara,Kab. halmahera Utara,P,Profesi,21,52.0,12.237090049790503,39.422916623193366,29.98945352755577,24.99752718165267,30.366985498285086,33.433722122278226,36.04224482462544
1676,Prov. Maluku Utara,Kab. halmahera Utara,P,S1,317,2453.0,577.2611902333866,358.721954111441,308.7697734759227,297.8667880888439,341.77980393677797,333.68854353588796,380.7565036625551
1677,Prov. Maluku Utara,Kab. halmahera Utara,P,S2,7,33.0,7.7658456085208964,9.695005570328751,8.92790945097596,8.555257235741092,10.053576791539598,6.670681435498552,6.3375630926529265
1678,Prov. Maluku Utara,Kota Ternate,L,D3,80,831.0,195.5581121418444,121.06200432798505,99.8168313775513,84.54539697439273,173.4194211707378,103.22015887215656,100.55232877594521
1679,Prov. Maluku Utara,Kota Ternate,L,Profesi,924,82.0,19.29694969390041,97.87039613704098,97.4146586657616,100.62630982533203,117.28186897267071,93.36943909225704,90.96944196850589
1680,Prov. Maluku Utara,Kota Ternate,L,S1,1337,12823.0,3017.6193405473773,1428.245783308967,1285.0976348830511,1180.5796389537074,1124.3861713443623,1923.9675099077847,1496.5158195956046
1681,Prov. Maluku Utara,Kota Ternate,L,S2,151,627.0,147.55106656189702,169.09505232457477,172.397908548029,168.3906780442269,240.14765610168882,168.78712545437116,156.4930539389375
1682,Prov. Maluku Utara,Kota Ternate,L,S3,3,13.0,3.0592725124476257,1.9405204303662753,2.110457655032873,2.808381921767854,2.32952307859748,2.549767638392764,1.9201654615736308
1683,Prov. Maluku Utara,Kota Ternate,P,D3,447,2576.0,606.2066147742372,643.4846114798182,601.4941668122528,598.3568903256813,780.2203691222564,447.2334115654196,604.4738596496024
1684,Prov. Maluku Utara,Kota Ternate,P,Profesi,3871,172.0,40.47652862623013,237.02086676763966,236.62434350184702,248.75495580478895,220.9459365201001,184.79545281701593,120.26766234110075
1685,Prov. Maluku Utara,Kota Ternate,P,S1,2416,17463.0,4109.544298836376,2570.3568832438323,2419.075961324686,2374.734464582812,2574.344392966804,2410.710318730948,2756.1725250922514
1686,Prov. Maluku Utara,Kota Ternate,P,S2,105,335.0,78.83509935922729,112.83234584824856,118.22170503858898,120.90993551125229,142.72145037011794,89.35762343050328,107.84984755392348
1687,Prov. Maluku Utara,Kota Tidore Kepulauan,L,D3,6,18.0,4.235915786465943,5.512308843784688,5.266531610538595,5.705966936659474,5.998515490693078,5.989276368349739,5.437924900620799
1688,Prov. Maluku Utara,Kota Tidore Kepulauan,L,S1,90,934.0,219.79696358662173,98.35319065051897,80.3008621737477,70.44454917288523,85.98221089647124,103.64698274275241,93.00038218228812
1689,Prov. Maluku Utara,Kota Tidore Kepulauan,P,D3,6,12.0,2.8239438576439624,4.040307228095936,3.8135066779509486,4.13102089934707,4.790852257630514,4.132528841113037,6.1413699404663715
1690,Prov. Maluku Utara,Kota Tidore Kepulauan,P,S1,157,1154.0,271.5692676434277,163.05939515853294,139.89258959017508,131.88404706969186,129.2186090623941,135.30099779303907,155.79071439630724
1691,Prov. Nusa Tenggara Barat,Kab. Bima,L,Profesi,40,53.0,12.188021897380228,69.96043190738794,55.430612024474165,55.60255584515826,52.77772918259243,36.81961633249424,39.59721068602782
1692,Prov. Nusa Tenggara Barat,Kab. Bima,L,S1,487,3508.0,806.7090720001858,525.8942270910809,464.46523736324974,461.14776179296314,522.9266207770603,517.2512211466709,541.635398889942
1693,Prov. Nusa Tenggara Barat,Kab. Bima,P,D3,125,244.0,56.110893263410865,74.4614960821559,67.759193954682,70.68615887643892,79.65660201910232,71.37482364344362,65.3830893300734
1694,Prov. Nusa Tenggara Barat,Kab. Bima,P,Profesi,133,155.0,35.644214982904444,250.5071339340795,202.99627033927635,212.68135326945168,282.0189169492586,115.53778093970357,116.96394176665981
1695,Prov. Nusa Tenggara Barat,Kab. Bima,P,S1,715,4114.0,946.0664544494766,695.3487374405775,620.9242295467856,623.6651657997172,739.0581038571947,780.3640899925904,826.1164086512794
1696,Prov. Nusa Tenggara Barat,Kab. Dompu,L,S1,414,2164.0,497.6392336968078,350.8826639307749,316.93951396515297,316.6293946328232,299.7697820180573,272.39384241641943,232.70658762565395
1697,Prov. Nusa Tenggara Barat,Kab. Dompu,P,S1,541,2674.0,614.9201991244289,489.3323441565987,446.9225656165858,451.8310617262246,424.10120460123335,341.5121152491742,308.7456952235283
1698,Prov. Nusa Tenggara Barat,Kab. Lombok Barat,L,S1,145,1512.0,347.7035680913001,286.65383935553245,241.91533969596958,269.8262286094347,303.503472656718,210.16909775884864,177.83699941817434
1699,Prov. Nusa Tenggara Barat,Kab. Lombok Barat,P,S1,167,1282.0,294.8121523102161,264.34325097825524,224.40720014929522,249.6851967357194,265.45282106297304,217.11361493791483,220.41194402615582
1700,Prov. Nusa Tenggara Barat,Kab. Lombok Tengah,L,D3,152,559.0,128.54913661576506,162.64727430426564,151.92331168346112,160.2054904963256,157.29409911759657,147.70390109810666,138.64119799229917
1701,Prov. Nusa Tenggara Barat,Kab. Lombok Tengah,L,D4,37,169.0,38.863692465231296,30.96982764838023,30.94062553763152,34.701402603025414,33.42782061086107,32.09494763670043,29.674852258168297
1702,Prov. Nusa Tenggara Barat,Kab. Lombok Tengah,L,Profesi,37,27.0,6.208992287344645,42.91215401087373,35.8485890985916,38.42500369282859,41.89418165259273,20.66509628075883,21.34430714254811
1703,Prov. Nusa Tenggara Barat,Kab. Lombok Tengah,L,S1,936,3061.0,703.9157552430355,567.6492384763309,530.6085616851005,568.8699428385979,519.6890716679164,467.848393667255,432.2126522112689
1704,Prov. Nusa Tenggara Barat,Kab. Lombok Tengah,L,S2,36,111.0,25.525857181305764,42.45899432005538,43.03717633918156,46.61630251185968,46.20189965399289,35.471866811946214,46.15300097803386
1705,Prov. Nusa Tenggara Barat,Kab. Lombok Tengah,P,D3,154,539.0,123.94988306958383,180.906050548684,171.38571867588377,184.45050942911175,187.7846074180974,148.82107946232844,143.8695984649988
1706,Prov. Nusa Tenggara Barat,Kab. Lombok Tengah,P,D4,39,192.0,44.152834043339695,40.097933684563635,40.51411619934641,46.10520254976077,41.39464818409953,47.439505059188804,44.81709389480346
1707,Prov. Nusa Tenggara Barat,Kab. Lombok Tengah,P,Profesi,199,197.0,45.302647429885,340.7364130872294,286.35835914580895,306.25871897169077,310.99106668555055,493.730483749695,243.80740913251506
1708,Prov. Nusa Tenggara Barat,Kab. Lombok Tengah,P,S1,1029,3769.0,866.7293307778506,775.3830138762044,731.102688301455,787.9331900397068,779.042660818695,726.8214203054741,720.0292011888617
1709,Prov. Nusa Tenggara Barat,Kab. Lombok Tengah,P,S2,25,52.0,11.958059220071167,21.646407932484596,22.07290377216944,23.855595925991523,24.49579373963729,13.109333093540675,10.962185620608881
1710,Prov. Nusa Tenggara Barat,Kab. Lombok Timur,L,Profesi,3259,2744.0,631.0175865360632,3529.8608631263705,2881.734170299785,2953.196293679984,2600.24989162273,3254.6642781485266,2602.077229730707
1711,Prov. Nusa Tenggara Barat,Kab. Lombok Timur,L,S1,1825,11046.0,2540.167733555887,1598.722881395725,1462.8223179847632,1487.8881146647682,1771.1650864833202,1652.3980870316952,1580.8533190378619
1712,Prov. Nusa Tenggara Barat,Kab. Lombok Timur,L,S2,42,189.0,43.46294601141251,42.95611825805469,40.74673371363926,37.427397782256556,43.35734770725263,44.48701351302641,44.645326309668235
1713,Prov. Nusa Tenggara Barat,Kab. Lombok Timur,P,D3,33,29.0,6.668917641962767,9.421130975829833,8.943651029563092,9.864222085975294,11.46487334244285,8.916975128667126,9.652337996268706
1714,Prov. Nusa Tenggara Barat,Kab. Lombok Timur,P,Profesi,6362,5731.0,1317.9161036582282,7867.239028326198,6443.542890911956,6538.748184551017,5294.47584980366,3531.391191269023,4643.591114374503
1715,Prov. Nusa Tenggara Barat,Kab. Lombok Timur,P,S1,2118,12533.0,2882.1222347144603,2220.1644231772543,2075.3751101439393,2202.324152099733,2618.882395868506,2578.094639081554,2473.2383308204044
1716,Prov. Nusa Tenggara Barat,Kab. Lombok Timur,P,S2,47,119.0,27.36555859977825,33.754865568572804,32.83522573778872,31.736543815626206,32.60864489151061,27.865303359767523,28.985283547046638
1717,Prov. Nusa Tenggara Barat,Kab. Lombok Utara,L,S1,144,386.0,88.76559344129751,64.71428046210775,52.064137325752355,54.77637621508712,62.52984177231509,60.730037658623104,56.394971846813064
1718,Prov. Nusa Tenggara Barat,Kab. Lombok Utara,P,S1,248,802.0,184.43006720186685,152.9227088466717,124.5355707826642,132.98902845463923,167.8531328342794,139.11309774044457,165.10806852069234
1719,Prov. Nusa Tenggara Barat,Kab. Sumbawa,L,D1,765,803.0,184.6600298791759,346.478211010275,133.6142479618543,117.5970056912677,240.26535279309545,93.7784456712457,99.72096192846469
1720,Prov. Nusa Tenggara Barat,Kab. Sumbawa,L,D2,29,45.0,10.348320478907741,20.543192955639576,16.42054178523696,16.76028260553536,20.62187861372395,13.323059375536591,14.165609433259263
1721,Prov. Nusa Tenggara Barat,Kab. Sumbawa,L,D3,7,20.0,4.5992535461812185,4.973777762733271,4.675902372942689,4.650968221075292,4.486405077756319,3.3314466638937565,3.0824272449591166
1722,Prov. Nusa Tenggara Barat,Kab. Sumbawa,L,Profesi,9,9.0,2.0696640957815484,14.147863579008172,12.141424184734532,12.991033023774698,20.95436358995796,6.886244050432343,7.438117307751768
1723,Prov. Nusa Tenggara Barat,Kab. Sumbawa,L,S1,719,3583.0,823.9562727983653,541.9971169648306,514.899146787753,519.2850564575252,619.1746580538633,536.3759284684024,530.6134892585965
1724,Prov. Nusa Tenggara Barat,Kab. Sumbawa,L,S2,83,225.0,51.74160239453871,54.092432546278665,52.85704893907069,47.93028438450003,57.3928866625613,56.58411480174593,49.11045110082286
1725,Prov. Nusa Tenggara Barat,Kab. Sumbawa,P,D1,31,32.0,7.358805673889949,14.662211638024294,5.668706824196582,4.930973432596105,7.550835726429699,9.446827606025606,16.537394611702034
1726,Prov. Nusa Tenggara Barat,Kab. Sumbawa,P,D2,1,3.0,0.6898880319271827,1.4904329963865734,1.1984821186177117,1.2205685063495153,1.5328460470234764,2.2585119701592187,2.1142088312213576
1727,Prov. Nusa Tenggara Barat,Kab. Sumbawa,P,D3,75,114.0,26.215745213232946,31.765176423132957,30.16498513385014,30.278088572635685,26.554807794867923,37.14044040146865,36.76774115262224
1728,Prov. Nusa Tenggara Barat,Kab. Sumbawa,P,Profesi,40,43.0,9.88839512428962,67.71856221698498,57.78953167724153,59.74631188283475,90.35836392982537,25.84468288055871,24.912067809575074
1729,Prov. Nusa Tenggara Barat,Kab. Sumbawa,P,S1,969,4229.0,972.5121623400187,777.3518131618781,755.7446475067512,794.9943962110174,992.4767766350839,722.2122332118811,745.3786153782186
1730,Prov. Nusa Tenggara Barat,Kab. Sumbawa,P,S2,32,102.0,23.456193085524212,27.952900856487812,27.6576071660906,25.47844108426208,22.426404908501905,19.55050815379654,21.063280715256344
1731,Prov. Nusa Tenggara Barat,Kab. Sumbawa Barat,L,S1,63,660.0,151.7753670239802,63.458837023577935,43.911412578700606,36.91954548073926,28.211746587852492,50.56073217928281,43.54791982507006
1732,Prov. Nusa Tenggara Barat,Kab. Sumbawa Barat,P,S1,98,698.0,160.51394876172452,88.64183734995682,63.42117146873585,57.37266329111597,60.38311361024667,79.86975411673565,84.90762081437141
1733,Prov. Nusa Tenggara Barat,Kota Bima,L,S1,1079,5522.0,1269.8539041006345,962.9077253119625,879.9739998017208,936.163807951069,860.8929606691687,743.1108422830524,685.6000033917086
1734,Prov. Nusa Tenggara Barat,Kota Bima,L,S2,26,90.0,20.696640957815482,33.96918015373263,33.89082890140804,37.11414542446942,28.898762743233213,33.83959339044662,37.20754124169221
1735,Prov. Nusa Tenggara Barat,Kota Bima,P,D3,100,534.0,122.80006968303853,148.00698646441418,134.61461458075937,136.69603751925496,149.66662723693202,164.7339212846865,158.91600644707853
1736,Prov. Nusa Tenggara Barat,Kota Bima,P,S1,862,4701.0,1081.0545460298954,922.4851898212894,852.0838175053436,916.3164710699051,897.1429765705674,938.1887261133356,935.5761196953331
1737,Prov. Nusa Tenggara Barat,Kota Bima,P,S2,14,24.0,5.519104255417462,9.858017119471059,9.894326984993265,10.81135876079373,8.160386364886763,6.237168985241791,3.67749846368788
1738,Prov. Nusa Tenggara Barat,Kota Mataram,L,D3,388,2380.0,547.311171995565,575.7604361914207,555.5548277219604,554.1788879945002,571.8096661982221,584.5701276324814,596.0289142504013
1739,Prov. Nusa Tenggara Barat,Kota Mataram,L,D4,37,396.0,91.06522021438812,77.6394525697112,80.17549336515991,90.77173648911858,86.45268915401726,80.05255184229306,75.81570771080322
1740,Prov. Nusa Tenggara Barat,Kota Mataram,L,Profesi,7419,2611.0,600.432550453958,4011.025881401028,3467.066768132419,3658.9034225621167,2923.5801219327036,2471.845428992555,2250.6226442207862
1741,Prov. Nusa Tenggara Barat,Kota Mataram,L,S1,5222,39978.0,9193.447913461638,6108.680639953519,5821.603138265642,5817.677989083095,6018.444790623483,6746.0604548503925,5655.83234302593
1742,Prov. Nusa Tenggara Barat,Kota Mataram,L,S2,515,1664.0,382.65789504227735,524.4443012929677,537.864592367017,539.1485282609606,507.68703726310065,538.6296723354848,528.5812877371006
1743,Prov. Nusa Tenggara Barat,Kota Mataram,L,S3,42,226.0,51.97156507184777,33.399175422943465,36.83753613993614,48.540228487896876,36.158433577610175,36.88613134073209,36.328989956214144
1744,Prov. Nusa Tenggara Barat,Kota Mataram,P,D3,715,3741.0,860.2903758131969,1141.6920616388256,1123.2518328721565,1175.8636574541579,1165.4712666668222,1023.1857036197628,1164.128931906166
1745,Prov. Nusa Tenggara Barat,Kota Mataram,P,D4,329,1937.0,445.437705947651,410.1524809089367,425.63823596029874,479.4054109931327,486.9843617635904,497.20986516391577,448.6356575835847
1746,Prov. Nusa Tenggara Barat,Kota Mataram,P,Profesi,16790,4168.0,958.4844390241659,6977.821468853403,6068.918800188143,6394.00057934661,4203.498335797937,4839.683702766457,5107.588284833552
1747,Prov. Nusa Tenggara Barat,Kota Mataram,P,S1,8128,46426.0,10676.247256750463,8709.66043710928,8524.903575961653,8939.729184772874,9529.029096980403,9092.53684576808,9048.206797829715
1748,Prov. Nusa Tenggara Barat,Kota Mataram,P,S2,386,1148.0,263.99715355080195,429.1681146675974,448.16910793320926,463.47802492970584,392.87702907797586,306.31886859182146,347.97608390155403
1749,Prov. Nusa Tenggara Barat,Kota Mataram,P,S3,2,56.0,12.877909929307412,10.154493414909158,11.458145697857734,15.782768949739195,9.42318014697758,6.0555306884004345,7.070338461054864
1750,Prov. Nusa Tenggara Timur,Kab. Alor,L,S1,180,1104.0,253.87879574920325,173.72701369107364,146.52325108016387,145.5812202400833,179.34371890992935,173.7574796028535,152.92850229352533
1751,Prov. Nusa Tenggara Timur,Kab. Alor,P,S1,271,1721.0,395.76576764889387,314.1938604057083,268.98595339904966,273.36734086739034,349.29014007973745,296.1440191164455,303.1117425034183
1752,Prov. Nusa Tenggara Timur,Kab. Belu,L,S1,2,391.0,89.91540682784282,67.13859597924868,50.742805337830816,54.241934133110085,49.59121243837272,40.67129868415496,36.30927509871946
1753,Prov. Nusa Tenggara Timur,Kab. Belu,P,S1,40,667.0,153.38510576514363,119.71921968424591,90.51371018921529,95.04369894777996,131.11590434334119,92.08952104779232,86.0113773298824
1754,Prov. Nusa Tenggara Timur,Kab. Ende,L,Profesi,395,397.0,91.29518289169718,626.9498460823693,539.3370853294017,569.4131151913116,902.4412959083239,510.79970830015964,506.3294990870891
1755,Prov. Nusa Tenggara Timur,Kab. Ende,L,S1,426,2712.0,623.6587808621732,419.4418631024794,396.4548647556701,393.4995659577861,407.8179665058727,380.2939516022111,352.56943258472467
1756,Prov. Nusa Tenggara Timur,Kab. Ende,L,S2,12,19.0,4.369290868872158,7.243089057685171,7.5633722303628375,8.078644028800342,8.527409717631805,4.661348980463504,5.069009664739404
1757,Prov. Nusa Tenggara Timur,Kab. Ende,P,Profesi,993,1000.0,229.96267730906092,1719.6711354522665,1488.3665880185042,1568.258262885953,2818.5216697428623,1005.3962658260594,1230.332648817988
1758,Prov. Nusa Tenggara Timur,Kab. Ende,P,S1,830,4289.0,986.3099229785623,795.8704129458008,769.7115575271014,794.158902359048,920.4028186194823,759.2223672290809,791.9425067038363
1759,Prov. Nusa Tenggara Timur,Kab. Ende,P,S2,4,8.0,1.8397014184724874,2.861506848152394,2.944161169847489,2.9623037721343444,2.522814305241434,3.182934467979285,3.174816111346177
1760,Prov. Nusa Tenggara Timur,Kab. Flores Timur,L,S1,63,383.0,88.07570540937033,57.79735786245931,45.79474392164125,45.590515162070425,57.98111912097627,54.486656390863345,55.26055023214694
1761,Prov. Nusa Tenggara Timur,Kab. Flores Timur,P,S1,121,539.0,123.94988306958383,89.8179007536909,71.73927899896415,71.66526811410145,92.70928149119199,66.75057476823356,65.98555129006287
1762,Prov. Nusa Tenggara Timur,Kab. Kupang,L,D3,141,530.0,121.88021897380229,120.35097692340645,101.34927722493062,107.53265178429216,111.52957840344786,123.38645741145088,161.9644870032466
1763,Prov. Nusa Tenggara Timur,Kab. Kupang,L,Profesi,31,60.0,13.797760638543656,90.90286241977819,65.4679555727279,71.22588301769191,45.11883572737327,35.70130150174406,30.324531863640004
1764,Prov. Nusa Tenggara Timur,Kab. Kupang,L,S1,84,1211.0,278.4848022212728,160.56561711464948,124.28012099130925,120.95713891699211,117.21503176416712,104.31459488880856,106.86450617855814
1765,Prov. Nusa Tenggara Timur,Kab. Kupang,P,D3,123,772.0,177.53118688259502,203.9247940798334,166.71684902272833,173.57938109628256,182.84202864885793,153.4724416769283,208.01999393848916
1766,Prov. Nusa Tenggara Timur,Kab. Kupang,P,Profesi,66,92.0,21.156566312433604,149.87291103179885,108.40305237565943,117.12753563098953,66.54519900707108,148.81002826383735,89.34672238179925
1767,Prov. Nusa Tenggara Timur,Kab. Kupang,P,S1,183,1881.0,432.5597960183436,296.5762055258831,233.96451634049217,235.29540584233595,238.76584483245998,270.00285938522813,252.41347859383916
1768,Prov. Nusa Tenggara Timur,Kab. Malaka,L,S1,12,139.0,31.964812145959467,22.06188521386597,17.15534137131863,17.20494630464708,21.628889950929214,18.88522910265143,14.911598434018355
1769,Prov. Nusa Tenggara Timur,Kab. Malaka,P,S1,27,355.0,81.63675044471663,64.72223480660809,51.08877601080974,52.27753785492487,76.12587433648307,65.34825031208796,70.10903389934776
1770,Prov. Nusa Tenggara Timur,Kab. Manggarai,L,Profesi,506,513.0,117.97085345954825,810.1839826159294,673.6690425343567,704.4569715988638,1656.2512098174966,765.5940538307293,642.5906106883741
1771,Prov. Nusa Tenggara Timur,Kab. Manggarai,L,S1,393,2721.0,625.7284449579547,446.9066110079907,410.31745484687286,411.5329714863084,460.55109146022085,374.6658338172643,311.705244301948
1772,Prov. Nusa Tenggara Timur,Kab. Manggarai,P,D3,134,401.0,92.21503360093342,124.96691574687085,116.72372052965062,119.3704211938229,113.87371887987568,97.98892202955251,118.82845802702262
1773,Prov. Nusa Tenggara Timur,Kab. Manggarai,P,Profesi,1556,1564.0,359.66162731137126,2704.91995214323,2264.6310292861,2368.6228208652647,4574.486059018347,1746.6418196987086,1879.0224956636255
1774,Prov. Nusa Tenggara Timur,Kab. Manggarai,P,S1,889,5007.0,1151.4231252864681,955.3008557584541,890.3392075535731,913.731723062413,1199.7887387947258,998.4425208086359,937.5669155687725
1775,Prov. Nusa Tenggara Timur,Kab. Manggarai Barat,L,D3,17,88.0,20.23671560319736,18.521969401031434,14.03216703596634,14.063758079250091,18.491153791951245,14.772454056638615,18.46303057142159
1776,Prov. Nusa Tenggara Timur,Kab. Manggarai Barat,L,D4,33,157.0,36.104140337522566,25.15138333646913,20.610359121873618,23.304930410454443,27.124237279220043,15.740780132185593,18.251403343235868
1777,Prov. Nusa Tenggara Timur,Kab. Manggarai Barat,P,D3,29,94.0,21.616491667051726,23.782675104576526,18.85083735834826,20.06765225958561,24.218799041273193,21.842415240299854,27.037235212686753
1778,Prov. Nusa Tenggara Timur,Kab. Manggarai Barat,P,D4,55,294.0,67.60902712886391,54.82705998929435,45.000021991418855,51.43756991280911,42.947346031740274,34.95139562495361,35.7157088369305
1779,Prov. Nusa Tenggara Timur,Kab. Nagakeo,L,D3,57,181.0,41.623244592940026,44.7525315067411,33.394890349883006,33.96174618258494,43.43663150164007,24.386113734563686,31.960424907492634
1780,Prov. Nusa Tenggara Timur,Kab. Nagakeo,L,S1,19,92.0,21.156566312433604,13.2081109820051,9.735292281682803,9.708243039062749,14.55343317714079,15.811749294919064,13.868586827413157
1781,Prov. Nusa Tenggara Timur,Kab. Nagakeo,P,D3,69,185.0,42.54309530217627,54.75649239034489,41.65790056239098,43.863743939368085,58.05911354524343,44.286986846520456,42.038268240472625
1782,Prov. Nusa Tenggara Timur,Kab. Nagakeo,P,S1,17,83.0,19.086902216652057,14.46659819652655,10.892568856747557,11.308150529450314,15.895801547668245,20.257342911841892,16.439864944666482
1783,Prov. Nusa Tenggara Timur,Kab. Ngada,L,S1,53,834.0,191.7888728757568,146.39361053708132,137.2877201970127,143.53942365777726,158.9547211588993,160.20728984906978,128.93177088363694
1784,Prov. Nusa Tenggara Timur,Kab. Ngada,P,S1,189,1586.0,364.7208062121706,296.0413506390166,281.7714748260785,294.6710908804045,320.8609440714249,281.55740433314054,305.6532605294442
1785,Prov. Nusa Tenggara Timur,Kab. Rote-Ndao,L,S1,46,1256.0,288.8331227001805,90.4273949803068,58.96354751301442,44.4370789092578,103.30231396650926,102.34214538117472,95.0959919930808
1786,Prov. Nusa Tenggara Timur,Kab. Rote-Ndao,P,S1,68,949.0,218.23458076629882,84.35659782369686,56.322531871947334,44.478412068020745,79.02248564086707,88.95663739041765,96.1662995105555
1787,Prov. Nusa Tenggara Timur,Kab. Sikka,L,D3,36,251.0,57.72063200457429,68.50872101616551,58.77061433366706,62.26095897793285,63.05215283352327,64.41884672076527,66.97601941771524
1788,Prov. Nusa Tenggara Timur,Kab. Sikka,L,Profesi,3,6.0,1.3797760638543655,5.199331592155003,3.6970366435186177,3.2251374070445022,3.6065912689440047,3.5027208280960855,3.70776997869265
1789,Prov. Nusa Tenggara Timur,Kab. Sikka,L,S1,559,4210.0,968.1428714711465,646.3857147970128,546.0951410524267,561.14038002419,632.2299735718634,585.9166694126039,554.464648401302
1790,Prov. Nusa Tenggara Timur,Kab. Sikka,L,S2,60,174.0,40.0135058517766,58.48491885990333,53.94815126867296,57.234303213176524,55.09099823373545,57.76193833772537,61.65274877119172
1791,Prov. Nusa Tenggara Timur,Kab. Sikka,P,D3,83,806.0,185.3499179111031,242.00893281062946,209.17140608320568,222.03122270414033,225.23628251037593,195.13157652504134,223.07502369067504
1792,Prov. Nusa Tenggara Timur,Kab. Sikka,P,Profesi,35,40.0,9.198507092362437,64.33337246577013,49.59410394813091,53.10452137286113,42.17865730366571,18.02386621398436,15.238891120126057
1793,Prov. Nusa Tenggara Timur,Kab. Sikka,P,S1,785,4924.0,1132.336223069816,884.0703323711039,759.3095400524188,800.8411700777792,878.6600067070548,820.0109318975674,837.6649449001363
1794,Prov. Nusa Tenggara Timur,Kab. Sumba Barat Daya,L,S1,84,2145.0,493.26994282793567,297.9516268318693,227.99335546069875,224.69670918671125,288.3958884234482,214.9122322312346,184.73690533892804
1795,Prov. Nusa Tenggara Timur,Kab. Sumba Barat Daya,P,D3,1,208.0,47.83223688028467,66.76196343057275,53.579719417776055,58.279369118793795,44.35654475852571,41.356268589787824,30.849863223940968
1796,Prov. Nusa Tenggara Timur,Kab. Sumba Barat Daya,P,S1,209,2628.0,604.3419159682121,424.39696205483637,329.7379345913241,332.6708521855153,399.52570533108985,346.3888181400621,360.980679062698
1797,Prov. Nusa Tenggara Timur,Kab. Sumba Timur,L,S1,325,2019.0,464.294645486994,333.6318593414402,289.360673061134,297.9721267873748,316.91357793813006,320.02664337109434,279.5908129544138
1798,Prov. Nusa Tenggara Timur,Kab. Sumba Timur,P,S1,565,2668.0,613.5404230605745,501.4617650582366,440.2401971418075,460.15056778611176,500.23752679817824,453.9070935773785,440.9533190234128
1799,Prov. Nusa Tenggara Timur,Kab. Timor Tengah Selatan,L,S1,28,336.0,77.26745957584447,52.74580193309037,44.71883056212261,45.17232073914116,54.14154305807993,54.51897724085981,59.81932830119394
1800,Prov. Nusa Tenggara Timur,Kab. Timor Tengah Selatan,P,S1,104,969.0,222.83383431248004,164.42433595173455,141.4711567048901,143.52609139349127,176.1295495253885,177.5292117769365,163.0418387449867
1801,Prov. Nusa Tenggara Timur,Kab. Timor Tengah Utara,L,D3,3,36.0,8.278656383126194,9.066213699155536,8.316255604012817,8.261912482499879,6.847751953516434,11.430567445219594,12.264631334165779
1802,Prov. Nusa Tenggara Timur,Kab. Timor Tengah Utara,L,S1,427,3724.0,856.3810102989429,595.0875660300545,547.0806221447833,552.7297350384042,605.1013701666483,576.7857107402654,573.9460209059935
1803,Prov. Nusa Tenggara Timur,Kab. Timor Tengah Utara,P,D3,48,369.0,84.85622792704348,116.03112340539111,109.15409660722204,114.12810762167953,104.35278960461078,112.81601682774401,121.90850784903198
1804,Prov. Nusa Tenggara Timur,Kab. Timor Tengah Utara,P,S1,1084,7367.0,1694.1350437358517,1384.8368903911594,1293.4326470531955,1342.5251627286254,1372.210501700088,1205.7882888435506,1272.8062273242288
1805,Prov. Nusa Tenggara Timur,Kota Kupang,L,D3,812,4673.0,1074.6155910652417,1229.9074612984853,1214.4156773750296,1286.316948673445,1266.75489807315,1044.385983158993,1134.0565158314816
1806,Prov. Nusa Tenggara Timur,Kota Kupang,L,D4,624,4272.0,982.4005574643082,773.012289955154,816.5031818524856,940.7774030565612,975.7399774013622,896.4844109870498,814.1410633738083
1807,Prov. Nusa Tenggara Timur,Kota Kupang,L,Profesi,3611,3883.0,892.9450759910835,4741.16449532127,4027.862898494944,4009.638719945233,6628.276643588223,4231.285195668863,4173.131505765569
1808,Prov. Nusa Tenggara Timur,Kota Kupang,L,S1,4101,36070.0,8294.753770537827,4786.933869156498,4536.58539051143,4423.207312684813,4666.267225120888,4739.720236907863,4436.614034355016
1809,Prov. Nusa Tenggara Timur,Kota Kupang,L,S2,125,628.0,144.41656135009026,134.8950025327362,133.07447358643722,118.53800809522322,118.61955241194332,111.03314546083425,141.12883960752112
1810,Prov. Nusa Tenggara Timur,Kota Kupang,L,S2 Terapan,6,9.0,2.0696640957815484,3.2827867839988105,3.0036083550829074,2.852110267982296,3.7931169730707266,3.5425015138290337,3.328931975447574
1811,Prov. Nusa Tenggara Timur,Kota Kupang,L,S3,5,111.0,25.525857181305764,10.701668413495803,11.284199158004757,12.990936689824748,16.561409208349897,17.50792605654534,13.992858526738665
1812,Prov. Nusa Tenggara Timur,Kota Kupang,P,D3,1364,6158.0,1416.1101668691972,1605.3264405176296,1562.967588548322,1582.2733995598599,1784.227767385121,1451.0291321308353,1511.04429296683
1813,Prov. Nusa Tenggara Timur,Kota Kupang,P,D4,791,4866.0,1118.9983877858904,957.0369195473872,1023.8918379956708,1184.3474567611472,1294.0479521309678,1064.01866423758,1038.8962571354032
1814,Prov. Nusa Tenggara Timur,Kota Kupang,P,Profesi,7703,8061.0,1853.72914178834,10423.873349332503,8874.890119999049,8722.601404674042,13814.876269312152,6305.969686375757,6942.5207110848
1815,Prov. Nusa Tenggara Timur,Kota Kupang,P,S1,7084,48514.0,11156.409326971781,7697.7127741661825,7452.927640092254,7536.007391518482,8536.397963415993,8479.51438114037,7997.667374014774
1816,Prov. Nusa Tenggara Timur,Kota Kupang,P,S2,128,566.0,130.1588753569285,148.15608514900154,149.38349107114374,138.7292956506978,161.45692373257978,137.79201525631956,171.53935179096186
1817,Prov. Nusa Tenggara Timur,Kota Kupang,P,S2 Terapan,5,6.0,1.3797760638543655,2.7172693603056666,2.547736999069313,2.540558631828781,3.9211516644610147,2.9496698349896824,2.9176303080116375
1818,Prov. Nusa Tenggara Timur,Kota Kupang,P,S3,4,29.0,6.668917641962767,4.033690483118659,4.4512165819489375,5.704265970425353,5.061551693649545,5.351164942001557,4.798341687508518
1819,Prov. Papua,Kab. Biak Numfor,L,D3,22,280.0,75.28078699128025,52.128182981510975,54.97632774920864,51.84493561823844,41.47318332658262,47.298723128232695,46.61723499239858
1820,Prov. Papua,Kab. Biak Numfor,L,S1,145,1191.0,320.2122046664814,148.83843282790795,158.6737274048847,150.24095126100326,135.74700471895605,136.29152090316816,129.6000770732732
1821,Prov. Papua,Kab. Biak Numfor,L,S2,18,72.0,19.357916654900638,16.806418237966145,18.498077737501724,17.1700869977293,17.290273395306567,17.01094035392879,20.152587129176613
1822,Prov. Papua,Kab. Biak Numfor,P,D3,21,242.0,65.06410875674936,48.388751415419094,52.85722079895456,51.02434032143552,46.20326531285754,41.83994477409066,44.493926936890105
1823,Prov. Papua,Kab. Biak Numfor,P,S1,209,1402.0,376.94165486348186,222.17989255277553,230.0378679515255,225.70529345075684,209.38738838234286,213.7767012927321,222.8557293501335
1824,Prov. Papua,Kab. Biak Numfor,P,S2,4,21.0,5.64605902434602,7.021211567363405,7.159322510489347,6.94824982813819,6.593012220959221,4.284445176015389,4.766229853648721
1825,Prov. Papua,Kab. Jayapura,L,S1,243,3938.0,1058.7704970416487,418.7901096984108,453.0194488480988,440.716686313799,465.05295179450627,534.476580562991,496.6557404188337
1826,Prov. Papua,Kab. Jayapura,L,S2,32,114.0,30.650034703592677,25.144403699139943,26.965111793068072,25.91546982122856,28.93933359840768,18.946216167441566,20.56875832394113
1827,Prov. Papua,Kab. Jayapura,P,S1,279,3562.0,957.679154510501,475.7857151365096,501.70343252139253,505.4084336019084,425.1968791685711,531.3990489568854,507.12954640210654
1828,Prov. Papua,Kab. Jayapura,P,S2,19,46.0,12.367557862853186,14.075793570884379,14.158495118780683,14.194144641945199,11.994427995389517,11.249474275026596,12.548136937450122
1829,Prov. Papua,Kab. Jayawijaya,L,S1,321,4438.0,1193.200473811792,493.2912334458022,502.2846878391215,492.94232368182736,561.9379394863785,509.795767167943,529.0718304607326
1830,Prov. Papua,Kab. Jayawijaya,L,S2,36,122.0,32.80091433191497,44.670038454204516,37.69205287188259,37.81101607885262,41.27822029162775,31.741673482701334,40.084102406892534
1831,Prov. Papua,Kab. Jayawijaya,P,S1,397,3069.0,825.1311974151397,481.7630791038321,456.9446026831713,468.39858460093075,443.16668845995156,438.39038119756486,426.2888484666528
1832,Prov. Papua,Kab. Jayawijaya,P,S2,11,59.0,15.862737258876912,23.597400218169238,20.4884860222736,21.06502263442274,23.423366492023952,17.908105204066107,23.20760441726587
1833,Prov. Papua,Kab. Merauke,L,D3,37,380.0,102.16678234530892,61.87470054427191,71.27293209080749,66.57545560278419,63.474549324487114,66.57220972368326,92.97277512189
1834,Prov. Papua,Kab. Merauke,L,Profesi,1462,1253.0,336.88152178597915,1406.6216622636778,1262.71905332054,1237.9598697635793,1773.3453859249628,1150.0921770703214,1366.191984902588
1835,Prov. Papua,Kab. Merauke,L,S1,454,9891.0,2659.293800466975,1018.791398476531,1214.304698669444,1134.967497142474,1180.1799059049736,1108.0108064813833,1057.0561232778339
1836,Prov. Papua,Kab. Merauke,L,S2,21,65.0,17.47589698011863,19.167751085227046,19.982551121915225,18.876682143086875,20.661340306780623,13.282211038490711,11.778449612636559
1837,Prov. Papua,Kab. Merauke,P,D3,95,642.0,172.60809017286402,112.58127331711835,134.17588215266397,128.31987662243313,122.17552833566572,122.84856695916103,160.28809733837338
1838,Prov. Papua,Kab. Merauke,P,Profesi,2960,2604.0,700.1113190189064,3199.461959706755,2954.427405284844,2972.392533489699,3906.194195661009,2511.7875965446606,3791.772364775883
1839,Prov. Papua,Kab. Merauke,P,S1,502,8173.0,2197.3924002847625,1038.3462295344739,1214.9937453125735,1174.5061463830393,994.2567156046968,796.6197080421952,800.1648201108145
1840,Prov. Papua,Kab. Merauke,P,S2,16,37.0,9.947818280990605,13.12676672357801,13.56431989803442,13.226576080084596,14.198849933961041,7.295957498731662,6.357005026683428
1841,Prov. Papua,Kab. Mimika,L,D3,50,142.0,38.178113402720705,31.28934035448456,29.22081607664112,28.865337648449454,30.740895165816298,33.30282514949377,34.04156962888059
1842,Prov. Papua,Kab. Mimika,L,S1,93,811.0,218.04542232117245,90.42803893415285,95.243387655078,92.51832083106187,93.09085639655393,133.35311645225372,140.29558970694623
1843,Prov. Papua,Kab. Mimika,P,D3,27,157.0,42.211012705825,36.43485962618407,35.51119857925123,35.856282920252326,39.34408262292845,39.43395421107453,44.365803865126026
1844,Prov. Papua,Kab. Mimika,P,S1,147,1061.0,285.2604107062441,147.42316188872863,151.82427848915668,152.6279965739028,133.3584805639427,119.36512962634289,111.08265067184624
1845,Prov. Papua,Kab. Nabire,L,S1,327,2893.0,777.8118455920493,506.7394127033064,430.617969313035,440.85674630917697,435.8401711688099,388.3508828941012,443.1616750410439
1846,Prov. Papua,Kab. Nabire,P,S1,206,1995.0,536.3756073128718,382.116761507543,334.0372037288796,350.6461921509114,328.81019974667436,335.30336078574203,393.1125475568453
1847,Prov. Papua,Kab. Yapen Waropen,L,S1,15,518.0,139.26945593386847,55.954295669051874,71.122824787311,62.31712817336534,49.71693465550867,62.500423332266124,49.04723912150031
1848,Prov. Papua,Kab. Yapen Waropen,P,S1,38,917.0,246.54457739644283,130.76166664529936,159.01495334240792,145.01461884903495,116.05548379846819,119.97027087231233,109.50239711108561
1849,Prov. Papua,Kota Jayapura,L,D3,272,3156.0,848.5220133731447,434.4847024248461,515.5344805997971,486.5282291068854,329.73017440315266,583.0048414443798,738.4858309412101
1850,Prov. Papua,Kota Jayapura,L,D4,13,273.0,73.39876731649825,25.927311640103415,32.817530192719815,32.38872338097049,40.75290828564134,37.57865957481154,27.681192287994374
1851,Prov. Papua,Kota Jayapura,L,Profesi,399,1008.0,271.01083316860894,1275.4898277480092,1020.4937850765473,946.0748772224789,1002.6585937323205,1105.3971908567294,1128.2171554659535
1852,Prov. Papua,Kota Jayapura,L,S1,1834,31667.0,8513.988148760256,3240.849096339242,3738.9063232960457,3575.829518517255,3045.160460344777,3760.7096399235643,3968.8988483418057
1853,Prov. Papua,Kota Jayapura,L,S2,337,2184.0,587.190138531986,445.69975840673357,517.2239303675749,486.36348189248076,529.8555434782305,598.9693517910321,716.579545476855
1854,Prov. Papua,Kota Jayapura,L,S3,23,179.0,48.12593168371131,15.738915804564988,20.596658467780852,25.03779188969547,24.392130511285878,15.697462043181002,22.24211863375885
1855,Prov. Papua,Kota Jayapura,P,D3,804,5140.0,1381.9401611970734,1025.7521007884177,1122.35184176574,1108.5030900473953,969.5792904301723,835.6072448538332,1003.6996772638672
1856,Prov. Papua,Kota Jayapura,P,D4,86,770.0,207.02216422602072,92.8367553895204,114.07399164589675,116.67266916468942,214.95758436107184,112.02648457918932,117.79954272070886
1857,Prov. Papua,Kota Jayapura,P,Profesi,751,1793.0,482.06589669773393,2326.2171479106773,1962.6926480776494,1856.1968642347201,1684.4690679350617,2788.6932724522876,2990.4003469065856
1858,Prov. Papua,Kota Jayapura,P,S1,2268,25708.0,6911.8516856136885,3190.540581788303,3637.6813970740723,3594.303737068051,2689.0157530274923,3559.920790927163,3825.808994072625
1859,Prov. Papua,Kota Jayapura,P,S2,339,1414.0,380.1679743059653,341.9469282711138,395.64391945330186,383.59829953433837,379.3175040268188,414.8384525265163,454.1048341386329
1860,Prov. Papua,Kota Jayapura,P,S3,9,65.0,17.47589698011863,6.933622521860419,8.964732357180626,11.255856908158135,12.18782165625241,9.069499241950977,7.928669030753723
1861,Prov. Papua Barat,Kab. Fak-Fak,L,D3,149,543.0,125.7150513783608,116.33994616155009,87.24843525717742,88.66502000602077,93.23679360040154,102.92997522482516,118.03639640512773
1862,Prov. Papua Barat,Kab. Fak-Fak,L,D4,15,71.0,16.437879646157672,11.249425035600694,9.443125667315247,10.838275871233202,10.30932555411071,7.648459116098455,6.299539316349163
1863,Prov. Papua Barat,Kab. Fak-Fak,L,S1,72,1109.0,256.7550496843501,108.15456634415871,70.27495650998682,63.219908524914366,58.496716054229005,114.11925200867748,120.61705724857035
1864,Prov. Papua Barat,Kab. Fak-Fak,P,D3,188,576.0,133.35519262234956,128.35567393882346,92.42014671566534,92.11533375942865,114.12889137693166,109.51379727410108,123.67895776136257
1865,Prov. Papua Barat,Kab. Fak-Fak,P,D4,14,57.0,13.196607603253343,8.755842482682668,6.790974718461042,7.448055665073976,8.101988830687109,8.888848603307277,7.34524265928106
1866,Prov. Papua Barat,Kab. Fak-Fak,P,S1,177,1776.0,411.17851058557784,230.46401110383968,164.49190196558115,159.00234225171013,231.35057241421387,245.5914943804359,257.5437727835171
1867,Prov. Papua Barat,Kab. Manokwari,L,D3,34,832.0,192.6241671211716,132.0330289497495,77.42299130468706,66.7266988089464,133.61808945993286,127.4961244452408,124.80944476605433
1868,Prov. Papua Barat,Kab. Manokwari,L,D4,50,242.0,56.027702455917705,43.95051927861132,36.75057153273762,43.530552600519826,51.16480165109491,45.69793025461098,31.47784279978943
1869,Prov. Papua Barat,Kab. Manokwari,L,Profesi,2,425.0,98.39575844531001,236.67105778306734,104.3452224170511,75.48375462293548,447.24478264833965,380.2846154585814,390.71902916024305
1870,Prov. Papua Barat,Kab. Manokwari,L,S1,372,8075.0,1869.5194104608902,1014.609479293536,697.5751747832234,653.352190415061,1125.242839600808,836.5021861606053,781.3880623373955
1871,Prov. Papua Barat,Kab. Manokwari,L,S2,74,223.0,51.62883325483325,58.31147507698296,41.713263365274464,39.52743462656678,60.81330055876456,72.05304813773701,75.71402955164695
1872,Prov. Papua Barat,Kab. Manokwari,L,S3,8,47.0,10.881413286893107,5.776158582880992,4.346480566523761,5.55403322780534,8.435358000107628,6.75421411674088,5.585184019620857
1873,Prov. Papua Barat,Kab. Manokwari,P,D3,43,476.0,110.20324945874722,93.59102079662522,57.98000915737109,52.29216919128177,186.19930274806478,73.69644341738979,91.13073077892544
1874,Prov. Papua Barat,Kab. Manokwari,P,D4,38,243.0,56.25922188755373,49.40048857930856,41.270655727360065,49.09825249799656,65.19972625714622,58.84184986611244,62.8673153756861
1875,Prov. Papua Barat,Kab. Manokwari,P,Profesi,12,1174.0,271.8038127406917,699.7844252678559,300.9070948759178,215.7775255736756,1246.7040911293668,2166.0612306500525,1606.1156298716369
1876,Prov. Papua Barat,Kab. Manokwari,P,S1,580,8301.0,1921.8428020106317,1246.6610449446646,887.9097922178478,858.7604231794766,1329.5107566997285,1003.5319693969949,1011.0179509826387
1877,Prov. Papua Barat,Kab. Manokwari,P,S2,80,199.0,46.07236689556869,65.2808576271431,49.67320669271896,49.48592896900712,77.34331022302426,66.64856638673763,72.90732975453096
1878,Prov. Papua Barat,Kab. Manokwari,P,S3,1,15.0,3.4727914745403536,1.5790495180568263,1.0260057448017048,1.196629179784292,2.2028011973544395,2.225466392054547,1.9082346488737354
1879,Prov. Papua Barat,Kab. Sorong,L,Profesi,244,246.0,56.9537801824618,382.4616647527908,277.34215915207733,303.81471263903916,276.0630782869255,407.81677887687925,338.7396230916462
1880,Prov. Papua Barat,Kab. Sorong,L,S1,156,2541.0,588.2908757871359,279.3111638243559,167.54392762649306,154.76956198584583,242.1029522355528,321.59562320879934,240.35339309007603
1881,Prov. Papua Barat,Kab. Sorong,P,Profesi,413,420.0,97.2381612871299,709.0119091363842,505.37833743114504,551.7008002946143,439.1111604524914,486.22512079435444,486.0087225941243
1882,Prov. Papua Barat,Kab. Sorong,P,S1,402,4879.0,1129.5833069521589,647.653566406671,404.7436110201329,387.8022607248263,551.0398989683719,657.3945340927048,695.1631570454701
1883,Prov. Papua Barat,Kota Sorong,L,D3,200,740.0,171.32437941065743,195.9325197070479,188.49661991567788,200.14520671832227,177.9479519758983,196.12581256170975,182.87007095536472
1884,Prov. Papua Barat,Kota Sorong,L,D4,80,968.0,224.11080982367082,108.79056388164518,86.49491623514163,84.44202923157575,125.47210851664921,174.30678234995582,146.7403381377024
1885,Prov. Papua Barat,Kota Sorong,L,Profesi,10,20.0,4.6303886327204715,11.231942971771176,6.170332680359519,4.563491547966307,10.363938599946605,10.056923122270602,10.12677976065734
1886,Prov. Papua Barat,Kota Sorong,L,S1,470,7312.0,1692.8700841226043,826.5957520425127,665.3315376563538,610.9073403780152,636.5772756134921,701.7274515028852,747.0240372029267
1887,Prov. Papua Barat,Kota Sorong,L,S2,36,172.0,39.82134224139605,48.5389285374088,44.89797291328335,44.603332011808746,57.08387484303489,52.58732825518657,48.03638538242569
1888,Prov. Papua Barat,Kota Sorong,P,D3,345,1283.0,297.03943078901824,385.6961418095075,373.7444607891014,402.06378858953235,384.21253636825554,347.10328741285286,356.05715300042885
1889,Prov. Papua Barat,Kota Sorong,P,D4,135,816.0,188.91985621499524,133.5375501426841,122.51614333198158,132.91498687365768,122.56570573969083,177.20878591447618,109.88094970422017
1890,Prov. Papua Barat,Kota Sorong,P,Profesi,38,69.0,15.974840782885625,56.327738561126964,35.67359300331974,29.293294068592232,36.379677973697,44.9858277648751,48.88053826697742
1891,Prov. Papua Barat,Kota Sorong,P,S1,799,8454.0,1957.2652750509433,1198.1190255176411,1025.4098339371494,989.6373718568748,949.7725637501784,888.8880630798946,943.840404520186
1892,Prov. Papua Barat,Kota Sorong,P,S2,14,87.0,20.14219055233405,28.74534039575323,27.23502290580567,27.726181054760563,29.419538091083627,19.617480615318293,23.28555887020774
1893,Prov. Riau,Kab. Bengkalis,L,D2,12,24.0,5.6320773554622505,10.359040171713849,8.62082075037096,7.796866183480171,7.014056323527166,7.735310991723426,9.301610690939542
1894,Prov. Riau,Kab. Bengkalis,L,D3,230,832.0,195.24534832269137,228.43947623670581,201.73041994625478,204.02014770486466,214.67964072560716,138.32320937341802,130.7957004381918
1895,Prov. Riau,Kab. Bengkalis,L,D4,288,1495.0,350.83148526733606,279.22591619133266,257.1655565535911,276.87778628205655,244.2357405097499,276.5648214757997,264.8506366236896
1896,Prov. Riau,Kab. Bengkalis,L,S1,84,2079.0,487.87870091691747,292.71354133112686,251.20718450043972,236.3251600518784,268.12177207113405,269.1417429300727,234.8861457250736
1897,Prov. Riau,Kab. Bengkalis,P,D2,2,3.0,0.7040096694327813,1.4927226292578126,1.243065298018567,1.1428186730567165,1.3913007138814528,1.8445501436654426,1.4785735071643522
1898,Prov. Riau,Kab. Bengkalis,P,D3,101,333.0,78.14507330703873,102.59990450453073,89.95390729745195,91.44592759646245,95.28844681141649,70.95300306939117,89.7761368446343
1899,Prov. Riau,Kab. Bengkalis,P,D4,321,1443.0,338.6286509971678,314.0905618130763,290.4813727250424,318.9778580225433,280.15909404166894,297.20238780116296,273.58414358185996
1900,Prov. Riau,Kab. Bengkalis,P,S1,86,2832.0,664.5851279445457,515.5426731663091,457.8639348024459,459.07197712741146,543.7402663258814,457.5079623988295,446.38484898868364
1901,Prov. Riau,Kab. Indragiri Hilir,L,S1,341,2586.0,606.8563350510575,374.456205616457,317.62546249368756,306.6401203504244,397.9860772048175,289.6401645630134,302.53080438435944
1902,Prov. Riau,Kab. Indragiri Hilir,L,S2,2,54.0,12.672174049790065,17.501861481433785,16.500896262094532,16.5785703443819,18.944828181571232,17.91140462606303,16.77870622195971
1903,Prov. Riau,Kab. Indragiri Hilir,P,D3,50,121.0,28.395056667122184,38.56697538890453,33.50498607968025,34.935928448803104,45.233160863811,40.476895465477895,38.5754281025358
1904,Prov. Riau,Kab. Indragiri Hilir,P,S1,523,2810.0,659.4223903687052,502.38773098391465,434.9914407489175,439.46854068068205,565.8994682305778,424.5502202902588,426.13585904585386
1905,Prov. Riau,Kab. Indragiri Hulu,L,S1,232,1397.0,327.83383606586517,195.5362898975428,166.7192432447636,160.6745390508526,171.00050000035955,177.34196213608342,161.61544789902894
1906,Prov. Riau,Kab. Indragiri Hulu,P,D3,27,106.0,24.875008319958276,33.07678247916135,28.978401922883936,30.374539588724154,30.841571393583163,36.29568493035288,37.386346344124
1907,Prov. Riau,Kab. Indragiri Hulu,P,Profesi,8,9.0,2.112029008298344,13.729565137015745,11.810258571912808,12.466738694566684,5.507359925615573,6.426002975521714,6.511318396607004
1908,Prov. Riau,Kab. Indragiri Hulu,P,S1,428,2104.0,493.74544816219066,368.7660119905996,322.34262757740834,326.744742868559,391.4207354173532,359.03499677064843,372.65656581432216
1909,Prov. Riau,Kab. Kampar,L,D2,20,36.0,8.448116033193376,16.13351727201567,13.428319300161517,12.42164290353744,25.791217722400052,14.43944504419275,14.75677872022021
1910,Prov. Riau,Kab. Kampar,L,D3,94,420.0,98.5613537205894,120.87541142919979,107.09432838563042,111.0674858023326,132.4388312192589,93.97011472064342,95.22858495187084
1911,Prov. Riau,Kab. Kampar,L,Profesi,210,120.0,28.160386777311256,128.07516093239758,102.75306928071082,95.75841651265627,94.5448450919438,90.41606512620363,73.95007594542321
1912,Prov. Riau,Kab. Kampar,L,S1,240,1699.0,398.7041427887652,268.97210750159553,236.31804920747516,234.98220345713295,270.0264685643559,263.7022814050327,250.7608328568754
1913,Prov. Riau,Kab. Kampar,L,S2,67,128.0,30.037745895798672,37.311432203863234,34.395008764615035,32.89476657003879,39.61801279164741,34.28801146618223,37.12891809791312
1914,Prov. Riau,Kab. Kampar,P,D2,8,22.0,5.162737575840397,10.873285015157842,8.939310733206275,8.253503205253764,16.68719457806228,7.004783629680346,8.749290682052665
1915,Prov. Riau,Kab. Kampar,P,D3,59,297.0,69.69695727384536,94.18202206256376,82.40116228427186,85.26492484866216,104.76645885354259,73.77303660962019,83.80227084280587
1916,Prov. Riau,Kab. Kampar,P,D4,2,44.0,10.325475151680793,8.836194853218023,7.8991078741201015,8.435076234319933,10.738834744904619,11.136615551392444,9.062348602248452
1917,Prov. Riau,Kab. Kampar,P,Profesi,1297,889.0,208.6215320419142,1251.479919262998,1045.133174905423,1046.623008565664,936.5537129070302,961.5977572076378,990.7253526980691
1918,Prov. Riau,Kab. Kampar,P,S1,611,2831.0,664.3504580547346,548.5001784111419,490.74976317037374,508.4206931278688,636.6054074308843,487.8294251925057,485.65897474320224
1919,Prov. Riau,Kab. Kampar,P,S2,160,217.0,50.923366088971186,76.13823492251805,71.12749711059914,70.39134990440911,82.16276841497535,62.98251333749227,56.86242474672199
1920,Prov. Riau,Kab. Kepulauan Meranti,L,D3,4,21.0,4.928067686029469,5.537827101021936,4.4999779147524634,4.605381184669062,4.368680166882782,5.908085309697483,4.701478690494953
1921,Prov. Riau,Kab. Kepulauan Meranti,L,S1,55,585.0,137.28188553939236,77.18038851742025,60.4884969879808,57.07612340021226,81.50806110797465,48.80124404333858,42.00721167303136
1922,Prov. Riau,Kab. Kepulauan Meranti,P,D3,17,31.0,7.2747665841387406,10.494273125126119,8.806315594192162,9.577057684874502,13.786461491084282,8.683549772435097,13.131918262438846
1923,Prov. Riau,Kab. Kepulauan Meranti,P,S1,135,756.0,177.4104366970609,131.66027063338518,107.43332460393276,108.96795981924701,138.7567998781321,108.72801623416646,110.15525888300972
1924,Prov. Riau,Kab. Kuantan Singingi,L,S1,119,1400.0,328.537845735298,204.47555899701416,171.4308137232852,160.80792220481862,161.683377231,149.9526161391118,146.88571794338918
1925,Prov. Riau,Kab. Kuantan Singingi,P,S1,155,1294.0,303.6628374153397,230.65107756127858,196.76176212342892,192.08040988637342,203.99233762932664,206.9196296028677,197.02024871958383
1926,Prov. Riau,Kab. Pelalawan,L,S1,25,426.0,99.96937305945495,70.19665272931113,58.71710276261219,60.725636580861675,52.9501035806431,36.788811668903755,24.5883257614151
1927,Prov. Riau,Kab. Pelalawan,P,S1,19,371.0,87.06252911985396,71.10026049960881,59.666447386933264,62.9555160647083,57.60264953268403,49.98492939796387,53.114962503255754
1928,Prov. Riau,Kab. Rokan Hilir,L,S1,99,948.0,222.4670555407589,154.21162322024819,136.0105078130196,140.38612978717103,160.6698184963883,147.9958855197356,150.66812979804487
1929,Prov. Riau,Kab. Rokan Hilir,P,S1,233,1690.0,396.59211378046683,309.90225575406834,271.718127986585,282.47042671487486,311.9708397068242,263.73492060263044,256.47567945138354
1930,Prov. Riau,Kab. Rokan Hulu,L,D3,1,1.0,0.23466988981092712,0.31306619728049434,0.28709275593836714,0.31029186827023164,0.35934890027495264,1.4809494964668006,1.3005219571969875
1931,Prov. Riau,Kab. Rokan Hulu,L,S1,771,3782.0,887.5215232649264,699.9174323852517,650.0572427803137,693.9251373452457,713.6443747385209,642.5466663394598,530.6267680124274
1932,Prov. Riau,Kab. Rokan Hulu,P,D3,18,72.0,16.89623206638675,24.858802740715547,22.51733168060558,24.290809884223535,29.767452067886868,26.02617961934665,23.14836254928539
1933,Prov. Riau,Kab. Rokan Hulu,P,Profesi,45,57.0,13.376183719222846,81.58615144446829,69.14028964244457,70.17473186114566,70.12854318833035,37.10771261936604,34.97253233633586
1934,Prov. Riau,Kab. Rokan Hulu,P,S1,1286,4556.0,1069.156017978584,930.6526720859775,853.9794382488458,910.2239961153541,857.2551639983868,865.4335892345638,868.8435949125634
1935,Prov. Riau,Kota Dumai,L,D3,68,262.0,61.48351113046291,72.57434167031359,66.671392419946,68.17643984150062,65.68640402358655,67.86919853291661,64.65538282600873
1936,Prov. Riau,Kota Dumai,L,S1,124,1561.0,366.3196979948572,238.18494965048754,217.07455308872113,212.94655322056772,245.63167819868215,265.00194887226786,215.53526808675863
1937,Prov. Riau,Kota Dumai,P,D3,71,333.0,78.14507330703873,100.97396467705013,91.42625229435399,93.02744972957788,88.60819879110767,92.82663295840055,96.16250030950654
1938,Prov. Riau,Kota Dumai,P,S1,187,2001.0,469.5744495116652,362.8584964992423,333.8817077452098,337.14973415091504,368.53939187797556,398.20374966570046,395.0208352831396
1939,Prov. Riau,Kota Pekanbaru,L,D3,426,1769.0,415.13103507553006,464.3215522690944,464.769156561003,473.33336159907236,427.2046567678357,454.80561120244823,441.6476405768284
1940,Prov. Riau,Kota Pekanbaru,L,D4,313,2198.0,515.8044178044178,408.5240681789555,430.9788149138545,477.2107635562238,374.5296696687472,430.91160489283345,380.1935103917775
1941,Prov. Riau,Kota Pekanbaru,L,Profesi,2468,2545.0,597.2348695688096,3162.8444291278706,3081.1940920257816,3112.4363799162193,2608.186758700939,3328.594681542258,3739.8274983036777
1942,Prov. Riau,Kota Pekanbaru,L,S1,8738,59477.0,13957.461036284512,9154.592115921887,9254.322476835949,9294.008682718133,8907.586706865839,9124.925331760043,8411.609464100331
1943,Prov. Riau,Kota Pekanbaru,L,S2,1110,3593.0,843.1689140906611,1020.5009509822536,1084.2221866419884,1044.2610011012696,1152.3825441601607,901.8942547001697,971.9207597108796
1944,Prov. Riau,Kota Pekanbaru,L,S2 Terapan,11,44.0,10.325475151680793,13.814956942016085,12.810084418210861,10.003525493856685,15.858438546046735,9.497258872321515,11.801063140527594
1945,Prov. Riau,Kota Pekanbaru,L,S3,114,458.0,107.47880953340463,66.78948559827698,74.25149878819563,95.10597014653511,82.52998414019811,65.21905671908172,60.68805625600132
1946,Prov. Riau,Kota Pekanbaru,L,Sp-1,17,122.0,28.629726556933107,25.092933614013464,30.709295289141952,42.873260935376436,26.85608002840461,30.49322448094792,36.02396147993344
1947,Prov. Riau,Kota Pekanbaru,P,D3,1613,4190.0,983.2668383077846,1303.2652208017848,1316.3819735702402,1376.8034602731,1319.9010519819772,1086.4777586822718,1266.1163365852856
1948,Prov. Riau,Kota Pekanbaru,P,D4,231,1630.0,382.5119203918112,340.45613466752127,356.1924059208786,398.9017635518676,308.91821691195804,383.95155852923256,349.15739703526395
1949,Prov. Riau,Kota Pekanbaru,P,Profesi,8880,8915.0,2092.0820676644153,12388.748897622121,11969.682239464244,12136.722580674792,8807.585952614529,8707.53995956103,9105.645085639437
1950,Prov. Riau,Kota Pekanbaru,P,S1,14941,75730.0,17771.55075538151,14237.696704386188,14640.62743192522,15336.884555371875,14629.08404873284,13336.932909019897,14072.256439835957
1951,Prov. Riau,Kota Pekanbaru,P,S2,1178,3237.0,759.6264333179711,1125.0166862817327,1217.1359057560546,1221.318432816265,1184.4510262996596,876.3294409629893,1054.0298301762791
1952,Prov. Riau,Kota Pekanbaru,P,S2 Terapan,7,22.0,5.162737575840397,7.994992124589751,7.427086866821973,5.905448401589508,7.81061266723699,8.46160281333356,9.706181494239335
1953,Prov. Riau,Kota Pekanbaru,P,S3,29,204.0,47.87265752142913,37.32701337067198,42.568224204991104,57.39565979474651,37.399090807402054,29.42182445694842,24.310519902612338
1954,Prov. Riau,Kota Pekanbaru,P,Sp-1,9,62.0,14.549533168277481,13.708356456387266,16.447517878475747,22.678362652643603,16.37970489123184,17.21588650728664,21.85113578736546
1955,Prov. Sulawesi Barat,Kab. Majene,L,D3,16,239.0,56.08610366481158,52.709948991903495,45.04513740748176,42.696151311568556,60.530662928283725,48.55256495962332,38.76545536687869
1956,Prov. Sulawesi Barat,Kab. Majene,L,Profesi,18,23.0,5.397407465651324,22.048255486606486,17.874307614449062,16.25451088150221,23.742702848739565,14.139962962981866,15.179211435048162
1957,Prov. Sulawesi Barat,Kab. Majene,L,S1,821,7681.0,1802.4994236377313,1084.0345042002975,960.1395734973947,929.2889778419462,1283.8643303761512,980.3801164711587,970.8394537291861
1958,Prov. Sulawesi Barat,Kab. Majene,L,S2,26,69.0,16.192222396953973,23.600452418107178,23.773833559962945,24.77254134834814,27.8148507090287,26.52672137902754,22.566791430482056
1959,Prov. Sulawesi Barat,Kab. Majene,P,D3,195,947.0,222.23238565094798,265.36089387990273,233.48090951243083,234.16808181184044,300.94783612652736,258.2979767773273,243.96557629167575
1960,Prov. Sulawesi Barat,Kab. Majene,P,Profesi,81,97.0,22.76297931165993,134.48882766399217,116.59615691158038,118.35216130106154,95.07583186619435,77.65470055488547,83.61745598427774
1961,Prov. Sulawesi Barat,Kab. Majene,P,S1,1574,12882.0,3023.0175205443634,2241.71079987399,2025.9909142187641,2050.6973205435597,2418.6030020038734,2360.545224261803,2276.760347591811
1962,Prov. Sulawesi Barat,Kab. Majene,P,S2,11,39.0,9.152125702626158,15.462013912912973,15.610901858045903,16.572696670992357,16.17325966408385,12.560538011906896,13.957349605291308
1963,Prov. Sulawesi Barat,Kab. Mamasa,L,S1,32,254.0,59.60615201197549,32.013909865309465,25.119497485875037,23.041621712008453,40.43957083712872,39.98083726873068,29.827893815504776
1964,Prov. Sulawesi Barat,Kab. Mamasa,P,S1,65,487.0,114.28423633792151,71.18868610562015,55.993619502725636,52.3403083905888,69.18732453119839,40.640418231836605,41.22590895661875
1965,Prov. Sulawesi Barat,Kab. Mamuju,L,D3,19,78.0,18.304251405252316,19.013158718886388,16.697156477274437,16.708449563890362,21.07675508079815,24.023956476810454,28.7212752261958
1966,Prov. Sulawesi Barat,Kab. Mamuju,L,Profesi,10,30.0,7.040096694327814,26.91660271856793,21.357786850831776,19.14558840596634,26.98077058898716,20.712943385814093,21.285264314292174
1967,Prov. Sulawesi Barat,Kab. Mamuju,L,S1,333,3860.0,905.8257746701787,600.3618143132435,546.057018961249,556.9661560318389,650.3995715046938,524.0625532039111,472.24534372403065
1968,Prov. Sulawesi Barat,Kab. Mamuju,L,S2,1,35.0,8.21344614338245,12.792008693703277,13.111574466972518,14.224270803293027,8.354351855851315,11.118905756862299,11.216172871856607
1969,Prov. Sulawesi Barat,Kab. Mamuju,P,D3,212,932.0,218.71233730378407,243.81533520879276,209.8146983056189,207.21854026979972,293.2240546527618,271.49428051245195,266.8026611313524
1970,Prov. Sulawesi Barat,Kab. Mamuju,P,Profesi,92,172.0,40.36322104747946,174.23669005502808,137.50363293384146,124.22555718065962,161.85567802872623,157.43988456967156,125.50061515806507
1971,Prov. Sulawesi Barat,Kab. Mamuju,P,S1,540,4207.0,987.2562264345704,728.9461755163559,656.8340670084625,671.4788216848581,919.9136990122591,711.5327532513744,746.952867745355
1972,Prov. Sulawesi Barat,Kab. Mamuju,P,S2,2,23.0,5.397407465651324,9.270647566854443,9.385919645598737,10.163163391663028,5.7623932658480514,5.854967839161829,5.227943846405704
1973,Prov. Sulawesi Barat,Kab. Polewali Mamasa,L,Profesi,369,196.0,45.995298402941714,255.9156390619484,222.418691300442,229.52901483031053,188.60080989763824,185.39665251403045,183.0723413240959
1974,Prov. Sulawesi Barat,Kab. Polewali Mamasa,L,S1,432,3166.0,742.9648711413953,469.5967516175302,413.35517907141815,407.71701371915276,457.27725387844265,465.8016787454765,461.8733540088015
1975,Prov. Sulawesi Barat,Kab. Polewali Mamasa,P,Profesi,1002,483.0,113.3455567786778,719.0196540253017,623.2982788084815,650.8721471455333,552.0835681667259,552.3559181537554,581.8236806892498
1976,Prov. Sulawesi Barat,Kab. Polewali Mamasa,P,S1,520,3407.0,799.5203145858287,614.4099389074928,549.6865160802762,563.3776240533311,594.7860383776311,569.8470311775263,558.9870303198765
1977,Prov. Sulawesi Selatan,Kab. Bantaeng,L,D2,66,152.0,34.95432695097726,64.88610432647845,43.39305873647737,42.47358711530199,42.101126623972135,32.03758697739956,32.359891609573246
1978,Prov. Sulawesi Selatan,Kab. Bantaeng,P,D2,60,150.0,34.49440159635914,70.149979178793,47.239031241097194,46.255016620731915,47.59133850000003,39.57764183149846,38.81932100116236
1979,Prov. Sulawesi Selatan,Kab. Barru,L,D3,1,1.0,0.22996267730906092,0.31541033355335735,0.27034761222209913,0.30262853299672315,0.2484494729937671,2.260034979822847,1.3672736801962344
1980,Prov. Sulawesi Selatan,Kab. Barru,L,S1,139,1198.0,275.495287416255,144.95046715824833,115.7937860574611,108.21623077009019,156.37735635805666,122.84090108374765,121.66218841753197
1981,Prov. Sulawesi Selatan,Kab. Barru,P,D3,20,49.0,11.268171188143985,10.877951603119428,8.824143306319083,8.322456645026126,13.585855881719246,14.861645636016084,17.077458064017186
1982,Prov. Sulawesi Selatan,Kab. Barru,P,S1,290,1708.0,392.7762528438761,257.94033663025243,211.31323079399135,207.8131778218823,229.36172946957623,242.6413508045106,224.26758060932784
1983,Prov. Sulawesi Selatan,Kab. Bone,L,D3,176,431.0,99.11391392020526,136.24164893297353,123.03219237502968,132.90444743428552,100.18603051802242,116.41335136255985,108.44601789712192
1984,Prov. Sulawesi Selatan,Kab. Bone,L,S1,776,5847.0,1344.5917742260792,814.3848922685448,698.8598731494967,665.0942490528213,590.3936861596723,684.2551615485173,681.8623304757284
1985,Prov. Sulawesi Selatan,Kab. Bone,L,S2,61,304.0,69.90865390195452,67.09758375113931,60.17324154571303,52.23013805052753,47.11852844490712,44.04931424451002,61.58552496468391
1986,Prov. Sulawesi Selatan,Kab. Bone,P,D3,468,939.0,215.9349539932082,317.38905234727997,287.62690883659684,307.90831442559966,353.3133854453419,224.3855323072481,264.9473361827058
1987,Prov. Sulawesi Selatan,Kab. Bone,P,S1,1780,8707.0,2002.2850313299934,1428.1018096234602,1246.578628251637,1220.5171124252988,1229.1347575422258,1110.5662717724235,1129.5520411190942
1988,Prov. Sulawesi Selatan,Kab. Bone,P,S2,89,353.0,81.1768250900985,100.32095180602609,92.66672248248747,85.66935663734463,86.67262096776794,90.08777208414305,105.60481100903873
1989,Prov. Sulawesi Selatan,Kab. Bulukumba,L,D3,5,18.0,4.139328191563097,5.341947313943091,4.962388895855008,5.271863590821328,4.447569365955282,4.620860798941062,4.18063628002693
1990,Prov. Sulawesi Selatan,Kab. Bulukumba,L,Profesi,8,11.0,2.52958945039967,15.608291526382478,12.727843717162425,13.051762982493493,9.424285151219035,6.273453381326796,7.893579418380161
1991,Prov. Sulawesi Selatan,Kab. Bulukumba,L,S1,155,1299.0,298.72151782447014,141.41848499668228,121.67336757524224,106.06050906528304,158.06101241533915,154.08673459387404,144.13893482785647
1992,Prov. Sulawesi Selatan,Kab. Bulukumba,P,D3,62,189.0,43.46294601141251,52.34054597768607,47.87076282071063,47.803875857456674,47.51290028430318,49.36605453635226,37.74008253116395
1993,Prov. Sulawesi Selatan,Kab. Bulukumba,P,Profesi,105,116.0,26.675670567851068,165.9767918195052,134.71218527809728,133.81646641040925,85.27520543758718,104.28958132097637,108.83927133169315
1994,Prov. Sulawesi Selatan,Kab. Bulukumba,P,S1,457,2952.0,678.8498234163478,438.85285334983564,392.1211296554016,372.4487079597833,330.40617735615194,351.37137036176586,344.988156998501
1995,Prov. Sulawesi Selatan,Kab. Enrekang,L,S1,80,688.0,158.2143219886339,91.42617662262263,73.66106067881958,67.79166652553639,90.79541315450867,91.63613965684759,89.65485677986295
1996,Prov. Sulawesi Selatan,Kab. Enrekang,P,S1,168,1177.0,270.6660711927647,188.7206644083352,155.82206547332393,149.50846070172864,177.59121024861275,233.62364039741965,232.00840205980984
1997,Prov. Sulawesi Selatan,Kab. Gowa,L,D3,28,87.0,20.0067529258883,29.018070260782608,24.71367484136651,24.731866741497534,14.200243254027155,21.476290555724173,21.165555298167664
1998,Prov. Sulawesi Selatan,Kab. Gowa,L,D4,76,300.0,68.98880319271828,64.82393914904492,58.385760631189726,61.9261030099064,123.87257016291689,34.32901962840421,40.69074545220173
1999,Prov. Sulawesi Selatan,Kab. Gowa,L,Profesi,1732,1047.0,240.77092314258678,1773.2510892499054,1336.9343248538673,1321.9471212306564,2187.894534890228,1594.5094707828791,1416.0511488005538
2000,Prov. Sulawesi Selatan,Kab. Gowa,L,S1,1647,10480.0,2410.0088581989585,1924.9761641514756,1607.3750074136829,1545.2307797256592,1618.0819248187452,1515.9928235561756,1448.2334933905815
2001,Prov. Sulawesi Selatan,Kab. Gowa,L,S2,273,1035.0,238.01137101487805,341.5758556457267,303.36019261317,279.2715702857712,323.6175430335093,203.0990409614556,330.8019118255847
2002,Prov. Sulawesi Selatan,Kab. Gowa,L,S3,200,587.0,134.98809158041877,91.70285721080167,87.70258694968972,106.5255658567863,76.86810972826177,98.95902504196154,94.33028393361668
2003,Prov. Sulawesi Selatan,Kab. Gowa,P,D3,144,438.0,100.72365266136869,148.2168658816331,125.74695330789072,122.18919062248368,71.24804455348428,90.23371587130538,114.35533999730048
2004,Prov. Sulawesi Selatan,Kab. Gowa,P,D4,136,455.0,104.63301817562272,106.99446970783758,96.9465636736331,102.59731007935817,239.69379095424955,78.99418813627902,68.52449455994706
2005,Prov. Sulawesi Selatan,Kab. Gowa,P,Profesi,2698,1082.0,248.8196168484039,1828.1499319302657,1369.802336279455,1306.5909893410756,2047.487023496494,1608.030244761899,1394.0498640319122
2006,Prov. Sulawesi Selatan,Kab. Gowa,P,S1,3359,16604.0,3818.3002940396477,3564.4924148354016,3024.342727862716,2982.4150181321957,3152.3292619422305,2400.281379191574,2712.5715760528833
2007,Prov. Sulawesi Selatan,Kab. Gowa,P,S2,320,982.0,225.82334911749783,395.84630613160635,359.43682458340237,345.2884394239463,330.2757086073334,238.80352963203063,316.8503761195403
2008,Prov. Sulawesi Selatan,Kab. Gowa,P,S3,82,306.0,70.36857925657264,56.53939156107169,55.03585912216278,68.88935270616356,41.46794168327396,49.85704427850478,49.74305049400574
2009,Prov. Sulawesi Selatan,Kab. Jeneponto,L,S1,362,1115.0,256.40838519960295,198.96623582238195,163.14405790261156,177.2619869074723,182.54191751011467,172.5355273502038,127.44973157020011
2010,Prov. Sulawesi Selatan,Kab. Jeneponto,P,S1,429,1942.0,446.5875193341963,401.0935069855556,333.72317002277873,370.55316262354677,386.39162024450997,355.29113695262276,337.7145756424116
2011,Prov. Sulawesi Selatan,Kab. Luwu,L,S1,2,48.0,11.038208510834924,9.188389190051614,7.4292980933233865,8.145479293767641,9.835947814534851,12.650251911570203,13.30527861795448
2012,Prov. Sulawesi Selatan,Kab. Luwu,P,D3,14,13.0,2.9895148050177918,4.134994713303188,3.348189015111921,3.564861743896056,4.112715592779737,6.223044167787698,6.676085739723666
2013,Prov. Sulawesi Selatan,Kab. Luwu,P,S1,3,138.0,31.734849468650406,27.98634084339005,22.678755917668866,24.55259188326953,31.984541617682964,35.16332065685212,33.229419823654474
2014,Prov. Sulawesi Selatan,Kab. Luwu Timur,L,D3,71,205.0,47.142348848357486,65.7927178032388,61.94535698111378,65.4440321212315,69.43665344798313,38.51398782781615,56.755054367468475
2015,Prov. Sulawesi Selatan,Kab. Luwu Timur,L,S1,11,35.0,8.048693705817133,5.103018155274926,4.585315552809693,4.318698473284504,3.9195546806063346,7.538516739468557,7.595532255057844
2016,Prov. Sulawesi Selatan,Kab. Luwu Timur,P,D3,45,155.0,35.644214982904444,46.722492377905716,43.35040294692449,43.15871876679314,31.06263560121587,40.463067788652985,40.96514934825447
2017,Prov. Sulawesi Selatan,Kab. Luwu Timur,P,S1,80,231.0,53.121378458393075,40.2851657427578,36.90094287253714,35.973552829599356,30.092092136011065,45.97409080312957,40.42668160353551
2018,Prov. Sulawesi Selatan,Kab. Maros,L,D3,3,16.0,3.6794028369449747,4.379780784394979,4.136967530824575,4.221052401562311,3.915744367998434,4.3067000241748525,3.8857463219213346
2019,Prov. Sulawesi Selatan,Kab. Maros,L,S1,112,1159.0,266.5267430012016,141.53344267904006,127.97720410402081,116.2087209311273,144.63671307213258,141.65047708065237,122.61666011614273
2020,Prov. Sulawesi Selatan,Kab. Maros,L,S2,2,5.0,1.1498133865453046,0.9348848153338473,0.8742547089778884,0.7106726079916956,0.3761435561087613,2.14414673046678,2.4105551078887424
2021,Prov. Sulawesi Selatan,Kab. Maros,P,D3,44,232.0,53.351341135702135,76.55450658984432,73.79446791876032,78.16905485028327,95.96055762316391,68.2685596734712,60.258079949757686
2022,Prov. Sulawesi Selatan,Kab. Maros,P,S1,248,1739.0,399.90509584045697,265.18882832678156,246.088732013458,235.3396006378639,274.5180520591173,230.24773975698807,241.59315786739919
2023,Prov. Sulawesi Selatan,Kab. Maros,P,S2,5,8.0,1.8397014184724874,3.3169550076363934,3.447753861371859,3.6860813231976386,3.907894460606254,2.9238852041894274,3.0549874450139227
2024,Prov. Sulawesi Selatan,Kab. Pangkajene Kepulauan,L,D3,22,53.0,12.188021897380228,15.688499842785978,13.76517454380555,13.803582651264502,13.671501396252731,14.131513594664993,14.073329988885707
2025,Prov. Sulawesi Selatan,Kab. Pangkajene Kepulauan,L,D4,134,575.0,132.22853945271004,110.87496220187732,104.42406462929591,112.71637292497252,115.34721847591362,104.07298140955372,98.43438220130474
2026,Prov. Sulawesi Selatan,Kab. Pangkajene Kepulauan,L,S1,39,403.0,92.67495895555155,59.24273001769781,50.343726187285576,46.68922110774182,53.38664985555262,59.78283122745286,53.456384618179136
2027,Prov. Sulawesi Selatan,Kab. Pangkajene Kepulauan,L,S2 Terapan,3,12.0,2.759552127708731,4.3492671470399635,3.5307146418577897,3.0707824023871884,3.3200496619206423,3.998257125791008,4.841821343967314
2028,Prov. Sulawesi Selatan,Kab. Pangkajene Kepulauan,P,D3,32,69.0,15.867424734325203,22.81187893876068,20.20878781548141,20.424941982752646,20.47515249007146,24.160448768350424,23.225801930181884
2029,Prov. Sulawesi Selatan,Kab. Pangkajene Kepulauan,P,D4,318,1018.0,234.10200550062402,222.78571507359035,211.66832226741568,231.03373653978613,176.47349839263404,189.44463410350264,243.26654028391422
2030,Prov. Sulawesi Selatan,Kab. Pangkajene Kepulauan,P,S1,152,1095.0,251.8091316534217,200.63832132705193,175.1317878922396,171.11339968972524,196.4150108289626,236.24402943763747,219.7621877027764
2031,Prov. Sulawesi Selatan,Kab. Pangkajene Kepulauan,P,S2 Terapan,3,13.0,2.9895148050177918,5.206180384381118,4.260797484806173,3.7194379514966434,4.1860425911199695,4.1097361743833325,5.455258502597018
2032,Prov. Sulawesi Selatan,Kab. Pinrang,L,Profesi,24,41.0,9.428469769671498,64.48203222631177,48.86111841045878,53.642117958976,27.48734261099075,16.576511116655915,16.551385158861603
2033,Prov. Sulawesi Selatan,Kab. Pinrang,L,S1,163,1309.0,301.02114459756075,163.6183109517432,131.45916323728554,124.37003684128396,182.28206131624822,161.61865532587075,160.18400269230858
2034,Prov. Sulawesi Selatan,Kab. Pinrang,P,Profesi,82,160.0,36.79402836944975,273.848655281828,208.75402841798103,228.67259723682417,102.43465135610471,70.79314493343153,149.19156369136087
2035,Prov. Sulawesi Selatan,Kab. Pinrang,P,S1,233,1287.0,295.9619656967614,210.10478400818224,174.21948829227964,176.52425220986564,199.27799305705287,233.554308167989,223.77190809198387
2036,Prov. Sulawesi Selatan,Kab. Sidenreng Rappang,L,D3,4,15.0,3.449440159635914,4.4778165716723395,3.9835749003055914,4.1656818074064885,3.5146849782354326,3.801405604786937,3.6568020677672695
2037,Prov. Sulawesi Selatan,Kab. Sidenreng Rappang,L,D4,18,52.0,11.958059220071167,7.0890957391029055,6.350697759189387,6.145446605455885,5.08523874134159,11.812928794541683,7.180035601748599
2038,Prov. Sulawesi Selatan,Kab. Sidenreng Rappang,L,Profesi,281,306.0,70.36857925657264,457.9348552476249,359.99902676414723,370.1165525574525,235.81751133532902,312.9279343907719,320.9370674611905
2039,Prov. Sulawesi Selatan,Kab. Sidenreng Rappang,L,S1,351,2240.0,515.1163971722965,264.2848722190685,224.21147817418068,201.57071378484693,192.72138719453105,229.61900490825016,225.2173613121488
2040,Prov. Sulawesi Selatan,Kab. Sidenreng Rappang,L,S2,31,126.0,28.975297340941676,32.89550937648959,29.993983323784487,27.503825537678257,25.98853133340574,22.919196603160707,27.39728328232549
2041,Prov. Sulawesi Selatan,Kab. Sidenreng Rappang,P,D3,33,109.0,25.065931826687642,34.74916506708091,31.017198252986017,32.12721221826664,25.994395824231827,37.628551810094955,34.55279541682219
2042,Prov. Sulawesi Selatan,Kab. Sidenreng Rappang,P,D4,82,171.0,39.32361781984942,26.066418274603876,23.58086397455005,23.008741058840272,17.938322011531813,24.753917669333283,18.04489722820713
2043,Prov. Sulawesi Selatan,Kab. Sidenreng Rappang,P,Profesi,1523,1642.0,377.598716141478,2772.4601815536416,2203.732593054313,2292.5318176109513,1677.2969622057856,1819.0248570488454,1936.208501613052
2044,Prov. Sulawesi Selatan,Kab. Sidenreng Rappang,P,S1,1107,4431.0,1018.964623156449,708.0378670443175,623.4141606010255,609.0578992377034,617.8694338702666,652.2446390966827,710.506077507204
2045,Prov. Sulawesi Selatan,Kab. Sidenreng Rappang,P,S2,40,125.0,28.745334663632615,44.45884673228589,42.08470445004672,42.01207488989948,38.14099559465042,47.603517035004295,47.199251778108724
2046,Prov. Sulawesi Selatan,Kab. Sinjai,L,D4,8,81.0,18.626976862033935,16.518866099527045,14.723226670988636,16.729901621935344,19.706248526221675,13.023092032714482,10.518234050801343
2047,Prov. Sulawesi Selatan,Kab. Sinjai,L,S1,278,1636.0,376.21894007762364,295.7368564512872,245.80780179116337,257.30558821617035,252.78880154678208,270.0686656352878,244.40760258637908
2048,Prov. Sulawesi Selatan,Kab. Sinjai,L,S2,28,58.0,13.337835283925534,17.857034140863547,15.66840668551692,15.383607078802873,22.204764906422355,14.464932869098282,14.414372849433457
2049,Prov. Sulawesi Selatan,Kab. Sinjai,P,D3,32,36.0,8.278656383126194,11.638588546035534,9.78798140299099,10.237788364776343,6.558515316866406,14.780002995643072,20.119616893086615
2050,Prov. Sulawesi Selatan,Kab. Sinjai,P,D4,2,5.0,1.1498133865453046,1.1096882531569519,0.9950005464654591,1.128107416241693,1.4274158270524322,2.8094872095603103,2.5816980996784324
2051,Prov. Sulawesi Selatan,Kab. Sinjai,P,S1,514,2522.0,579.9658721734517,508.6794043194731,426.82817604714404,450.14292950542233,473.9601641886082,468.4784520264184,473.7270370221174
2052,Prov. Sulawesi Selatan,Kab. Sinjai,P,S2,21,46.0,10.578283156216802,14.456645324197082,12.646955636683533,12.085511938188015,16.793512534669116,12.447740034114286,15.386864135955861
2053,Prov. Sulawesi Selatan,Kab. Soppeng,L,D3,16,43.0,9.88839512428962,11.79619902168349,10.349070641980331,10.908665004173873,12.916472754666636,12.152540600621832,11.307462747881445
2054,Prov. Sulawesi Selatan,Kab. Soppeng,L,S1,191,1048.0,241.00088581989584,170.64969607547175,148.3371122907143,154.63590929735395,190.1468181456133,165.30572039474384,155.02781661864384
2055,Prov. Sulawesi Selatan,Kab. Soppeng,P,D3,60,197.0,45.302647429885,49.618707389996175,42.826698826156345,42.22713704303068,52.73460152451707,42.60490460628333,46.17671942218661
2056,Prov. Sulawesi Selatan,Kab. Soppeng,P,S1,225,1542.0,354.6024484105719,279.56945355378684,245.2586895460955,257.37913668991354,306.91098255950374,281.9433681745636,229.18862445023933
2057,Prov. Sulawesi Selatan,Kab. Takalar,L,Profesi,2,6.0,1.3797760638543655,6.430580804407303,4.733064224848433,4.3518731710800544,6.9192006205270085,2.6033909017406804,2.2853043584249235
2058,Prov. Sulawesi Selatan,Kab. Takalar,L,S1,13,326.0,74.96783280275386,63.76866623189817,55.91490180518798,61.17237143131079,82.74337807869459,65.06595201459045,54.38008049486764
2059,Prov. Sulawesi Selatan,Kab. Takalar,P,Profesi,8,25.0,5.749066932726523,29.624033421474177,21.983587030752073,20.292470368381885,27.275591567430165,12.235133475993097,13.548588824111311
2060,Prov. Sulawesi Selatan,Kab. Takalar,P,S1,37,518.0,119.12066684609356,109.51444954787112,96.510174907257,105.07022955190666,130.21183712709467,97.41952034509036,95.91958273017204
2061,Prov. Sulawesi Selatan,Kab. Tana Toraja,L,D3,11,44.0,10.11835780159868,10.521256403389861,9.107341717784717,8.79068142877058,7.460943610436561,11.396388694997569,10.98183480934717
2062,Prov. Sulawesi Selatan,Kab. Tana Toraja,L,Profesi,3,4.0,0.9198507092362437,4.768974338305618,3.6451016625705357,3.451833984082055,1.7910063691556604,3.6383338254891195,4.107537359532522
2063,Prov. Sulawesi Selatan,Kab. Tana Toraja,L,S1,958,5144.0,1182.9280120778094,714.8811802142742,614.0189276268254,583.8071562096386,610.903542657988,587.3993260417706,601.1533804133347
2064,Prov. Sulawesi Selatan,Kab. Tana Toraja,L,S2,51,147.0,33.80451356443196,40.10581400569676,36.93216582525056,34.65745323632194,34.39811795140213,27.86936273468815,35.57646047290308
2065,Prov. Sulawesi Selatan,Kab. Tana Toraja,L,S3,3,10.0,2.2996267730906093,1.4421757131743698,1.4524129276349775,1.8769609708913302,1.2534617568418225,1.9549623648109893,1.576265242359743
2066,Prov. Sulawesi Selatan,Kab. Tana Toraja,P,D3,172,596.0,137.05775567620032,169.29048980790844,149.24026624109246,148.700999894905,135.14600963908842,191.5614012447906,196.535274542709
2067,Prov. Sulawesi Selatan,Kab. Tana Toraja,P,Profesi,51,76.0,17.47716347548863,76.81555830926554,57.034072984012155,48.91252116879045,26.21984353114065,59.199972520038216,84.43106607397247
2068,Prov. Sulawesi Selatan,Kab. Tana Toraja,P,S1,1555,7415.0,1705.1732522466866,1264.8923237509375,1113.2006580215746,1108.1435897506767,1138.9990227327041,1248.533563330199,1212.9609842206364
2069,Prov. Sulawesi Selatan,Kab. Tana Toraja,P,S2,66,215.0,49.4419756214481,68.54181669797435,64.13297279310085,61.73021570805705,62.66051942032954,79.75290304115897,87.4023184400667
2070,Prov. Sulawesi Selatan,Kab. Tana Toraja,P,S3,2,4.0,0.9198507092362437,0.7958951286579989,0.8336167218132915,1.1785691593934793,0.6880625346527411,1.7637894225674184,1.6530214336013371
2071,Prov. Sulawesi Selatan,Kab. Toraja Utara,L,Profesi,10,30.0,6.898880319271828,24.37410485315768,17.203386098101724,14.220083254636235,28.335989577601268,17.943826897631435,20.158436663716536
2072,Prov. Sulawesi Selatan,Kab. Toraja Utara,L,S1,15,106.0,24.376043794760456,11.455521374942528,9.214590775768748,8.01571887103522,14.937137958046966,15.219473066703623,15.157401599695408
2073,Prov. Sulawesi Selatan,Kab. Toraja Utara,P,D3,10,59.0,13.567797961234595,15.464792472734064,13.135539108910857,12.850423095742014,15.500849605332455,15.947651411183564,18.22991075833112
2074,Prov. Sulawesi Selatan,Kab. Toraja Utara,P,Profesi,35,111.0,25.525857181305764,99.09312948464847,70.45531137436748,58.32567490230033,117.36780040721233,110.20883999457116,89.56222618635947
2075,Prov. Sulawesi Selatan,Kab. Toraja Utara,P,S1,115,770.0,177.0712615279769,86.70691164116553,69.78095270970772,59.58907381758622,64.14352553671564,73.07281818131457,82.00793010053893
2076,Prov. Sulawesi Selatan,Kab. Wajo,L,S1,268,1754.0,403.3545360000929,199.31765008478067,156.07986750023048,137.9377992818807,218.01552592527767,204.22455984561185,209.2446181561204
2077,Prov. Sulawesi Selatan,Kab. Wajo,L,S2,38,84.0,19.316864893961117,20.881073631221394,17.877670644311703,16.3308538191717,24.20797738419604,16.848586296714224,17.37566499156191
2078,Prov. Sulawesi Selatan,Kab. Wajo,P,D3,34,141.0,32.42473750057759,35.174367827711905,28.68161504017147,27.424773450580883,36.88492345099839,31.764188479128094,37.01564730660948
2079,Prov. Sulawesi Selatan,Kab. Wajo,P,S1,388,2063.0,474.4130032885927,302.9640408030906,244.48427834670287,230.45656965783107,257.6401036610471,212.90806110531992,272.8576098587445
2080,Prov. Sulawesi Selatan,Kab. Wajo,P,S2,55,140.0,32.19477482326853,47.87982591496286,42.616464669141045,42.54248591713096,50.05504899575988,46.728902117867044,47.02158448655188
2081,Prov. Sulawesi Selatan,Kota Makassar,L,D3,1610,6834.0,1571.5649367301223,1736.0180678990466,1706.1207054666615,1681.4690243794869,1636.9384199301535,1797.1565286193572,1821.805985050112
2082,Prov. Sulawesi Selatan,Kota Makassar,L,D4,1160,8067.0,1855.1089178521945,1338.4601999836789,1421.944200356765,1519.5802660815032,1451.6320436789445,1755.5037240104932,1501.9583467173413
2083,Prov. Sulawesi Selatan,Kota Makassar,L,Profesi,12939,12134.0,2790.367126468145,17191.213237356103,16323.330820502882,17685.597326365074,13609.582534119812,11609.070402327294,12789.221714170224
2084,Prov. Sulawesi Selatan,Kota Makassar,L,S1,13286,90741.0,20867.0433017015,12763.288877642855,12683.185122883713,12380.464944053389,14149.524006097041,16651.735364435615,15663.030534242542
2085,Prov. Sulawesi Selatan,Kota Makassar,L,S2,2842,10755.0,2473.2485944589503,2724.2388882841274,2788.6328941431993,2530.418358837975,2819.5396016679706,2754.1920103164603,3155.868888000413
2086,Prov. Sulawesi Selatan,Kota Makassar,L,S2 Terapan,74,157.0,36.104140337522566,49.61632936293189,45.11417634542065,38.718870842082076,44.75429570114005,27.605266908005618,37.12481249650024
2087,Prov. Sulawesi Selatan,Kota Makassar,L,S3,389,2570.0,591.0040806842866,333.3490711005044,371.5237395977576,458.5712051789711,408.64065136720365,533.0383194983615,450.754952701426
2088,Prov. Sulawesi Selatan,Kota Makassar,L,Sp-1,194,911.0,209.4959990285545,180.12958940208247,218.01183959185747,313.5398908165399,200.2915285569966,192.81059968587007,201.38952057969814
2089,Prov. Sulawesi Selatan,Kota Makassar,L,Sp-2,20,68.0,15.637462057016142,22.878804755556427,24.51887722949509,25.926868336168724,19.059505428918932,24.180206268416693,25.40330706983452
2090,Prov. Sulawesi Selatan,Kota Makassar,P,D3,3372,11547.0,2655.3790348877264,3251.1319418714334,3222.621987192953,3191.6539807299496,3265.4385856180284,3026.694190592653,3462.2744774266334
2091,Prov. Sulawesi Selatan,Kota Makassar,P,D4,1935,9825.0,2259.3833045615233,1909.265653177513,2049.723558413938,2236.5098836743728,2018.3696020493703,2055.3145050572552,1910.341934510246
2092,Prov. Sulawesi Selatan,Kota Makassar,P,Profesi,30259,27328.0,6284.420045502017,41470.982084719995,39374.75043730723,42151.702357626404,30604.54335431966,20837.95344889027,30118.07592582998
2093,Prov. Sulawesi Selatan,Kota Makassar,P,S1,21767,122562.0,28184.685656353126,21518.34517419561,22085.410529586206,22839.31895127754,24575.038137330845,21734.76344280755,23983.34267683419
2094,Prov. Sulawesi Selatan,Kota Makassar,P,S2,3730,11347.0,2609.3864994259143,3603.220262135502,3784.825844223385,3620.144683504071,3843.3528538720852,3126.461987649255,3549.669547391669
2095,Prov. Sulawesi Selatan,Kota Makassar,P,S2 Terapan,55,131.0,30.12511072748698,49.418285909432264,45.79336740958004,40.647318495323795,43.42082954989378,39.33424240735808,45.39976527162786
2096,Prov. Sulawesi Selatan,Kota Makassar,P,S3,274,1661.0,381.96800701035016,263.01322711191483,299.7294473774693,386.02987837068366,302.56522961995705,364.6918895934738,314.3172759291492
2097,Prov. Sulawesi Selatan,Kota Makassar,P,Sp-1,264,1345.0,309.29980098068694,288.4593362631811,351.05679337313853,503.11583544468385,310.416396921413,290.8637185321906,320.3416855650173
2098,Prov. Sulawesi Selatan,Kota Makassar,P,Sp-2,5,34.0,7.818731028508071,12.668223525735153,13.691285495514386,14.543557751558813,17.30354326540223,8.710578810400321,5.836820475409102
2099,Prov. Sulawesi Selatan,Kota Palopo,L,D3,96,836.0,192.24879823037492,215.96067366671946,197.91716263274137,199.62370651692174,167.24487848862157,167.80840194365388,173.4766468854195
2100,Prov. Sulawesi Selatan,Kota Palopo,L,Profesi,383,436.0,100.26372730675057,635.792293900547,523.5269337374118,543.6227715582389,489.9718443093566,407.0047123055657,465.39216774253157
2101,Prov. Sulawesi Selatan,Kota Palopo,L,S1,993,9434.0,2169.4678977336807,1160.9451206712567,1030.8188401327145,951.6955856073308,1200.7527828556072,946.2160748061841,980.267009274104
2102,Prov. Sulawesi Selatan,Kota Palopo,L,S2,111,461.0,106.01279423947709,111.90039249731211,106.16936185929086,96.55397026811862,113.9000634825641,102.22350516623474,128.60199534009345
2103,Prov. Sulawesi Selatan,Kota Palopo,P,D3,207,1062.0,244.2203633022227,303.16685056529565,280.3831033893471,284.12241209370404,302.3431197046361,250.86235947281767,236.4990885173874
2104,Prov. Sulawesi Selatan,Kota Palopo,P,Profesi,2870,4297.0,988.1496243970348,5912.979728704976,4801.533668041463,4707.291691103618,3674.3405284312803,3045.654710671742,4074.2759513560604
2105,Prov. Sulawesi Selatan,Kota Palopo,P,S1,3057,20841.0,4792.652157798138,3382.2696335287924,3104.316784826293,3081.68443095438,3626.0685288707314,2861.78421881679,3118.6263588437855
2106,Prov. Sulawesi Selatan,Kota Palopo,P,S2,196,542.0,124.63977110151102,171.97864566896374,168.42134175900276,164.0960162081594,173.67137743221375,175.25023112553086,185.11236052555293
2107,Prov. Sulawesi Selatan,Kota Pare-Pare,L,D3,10,93.0,21.386528989742665,15.167374208334422,12.268175738502817,9.888462171610373,10.85941473717316,13.137869896130375,12.447261343691611
2108,Prov. Sulawesi Selatan,Kota Pare-Pare,L,Profesi,535,538.0,123.71992039227477,882.3758366746548,695.3124785945581,721.9025771373281,762.7873034153249,822.2911054832766,692.102649948021
2109,Prov. Sulawesi Selatan,Kota Pare-Pare,L,S1,832,6065.0,1394.7236378794544,808.1921685290838,678.3015398885526,612.9043917367433,639.9792180164652,734.2312968633908,677.7579213383284
2110,Prov. Sulawesi Selatan,Kota Pare-Pare,L,S2,132,611.0,140.50719583583623,167.09885751028492,151.7574727774911,138.08786747152038,122.87667499206248,148.29796654768697,158.0353991474613
2111,Prov. Sulawesi Selatan,Kota Pare-Pare,L,S3,11,95.0,21.846454344360787,8.396381179269257,7.783930943908378,8.058453680720397,6.346882505230325,12.769335149498854,11.136701213289337
2112,Prov. Sulawesi Selatan,Kota Pare-Pare,P,D3,50,244.0,56.110893263410865,69.16623979889918,60.09760212000034,57.96313441244533,55.1470464788876,59.87178526376864,67.36150933432435
2113,Prov. Sulawesi Selatan,Kota Pare-Pare,P,Profesi,2143,2150.0,494.41975621448097,3837.475019481659,3042.0863919118306,3151.4241455193123,3155.7901633885776,2348.4089337031937,2625.1183122910666
2114,Prov. Sulawesi Selatan,Kota Pare-Pare,P,S1,1487,8018.0,1843.8407466640504,1445.7604131282903,1260.1242040610532,1237.8186372669015,1201.1060891527434,1279.1394554335104,1119.0682949779982
2115,Prov. Sulawesi Selatan,Kota Pare-Pare,P,S2,147,575.0,132.22853945271004,192.4363510473705,178.73227678868693,169.83119578150044,184.31563881053006,171.00525741538934,200.47047146256048
2116,Prov. Sulawesi Selatan,Kota Pare-Pare,P,S3,2,15.0,3.449440159635914,1.8989225538644139,1.8404862528724595,2.11505924425561,1.669285559419614,1.6603265603871513,1.192695646011794
2117,Prov. Sulawesi Tengah,Kab. Banggai,L,D3,143,369.0,85.4306702736927,67.32034758447543,48.70233620045746,46.77006136206371,101.64773857866618,48.91054801538701,58.2863916540424
2118,Prov. Sulawesi Tengah,Kab. Banggai,L,S1,308,4220.0,977.0120015040194,492.3554823956829,370.0615821223969,342.3237987839925,548.460513055136,701.7227098226484,750.9520633160063
2119,Prov. Sulawesi Tengah,Kab. Banggai,L,S2,33,55.0,12.733568739981296,21.137527285722296,21.243464232835155,23.550110809261458,17.833993622363042,16.331625195869364,10.434212755366524
2120,Prov. Sulawesi Tengah,Kab. Banggai,P,D3,250,576.0,133.35519262234956,100.99469198067774,67.27447710374965,62.342293135417286,180.1277549304011,94.01035326995907,98.42938258238168
2121,Prov. Sulawesi Tengah,Kab. Banggai,P,S1,623,4940.0,1143.7059922819565,749.8436578626785,611.5528335916139,603.1017744729487,849.2532556758586,878.1368653394985,856.5717641826133
2122,Prov. Sulawesi Tengah,Kab. Banggai,P,S2,38,61.0,14.122685329797438,25.5137625969364,25.23644649225873,27.903650726123146,19.830968215486852,19.555324923287298,18.90342927633049
2123,Prov. Sulawesi Tengah,Kab. Buol,L,S1,46,458.0,106.03589968929879,70.17445809421783,49.15954485287062,53.4185759420499,74.90808835685588,50.30860149714574,52.226570633025325
2124,Prov. Sulawesi Tengah,Kab. Buol,P,S1,36,431.0,99.78487503512616,71.27454578746013,48.91851411586874,52.854947069388714,100.1263475388164,50.68346963416616,54.28368168878078
2125,Prov. Sulawesi Tengah,Kab. Marowali,L,D3,76,299.0,69.22431005917105,97.22859404319917,82.72497220379273,89.9891866505894,93.93409286535726,66.38510867611923,71.68284236685231
2126,Prov. Sulawesi Tengah,Kab. Marowali,P,D3,14,201.0,46.53540575884074,71.14621300527449,59.582746173105974,64.6500642089125,66.33151129730554,63.00456381116824,57.03944102892565
2127,Prov. Sulawesi Tengah,Kab. Poso,L,Profesi,3,4.0,0.9260777265440943,6.144750324568313,4.861104094143357,5.350231639559642,7.900275151199525,2.856534450244875,3.0963326087740195
2128,Prov. Sulawesi Tengah,Kab. Poso,L,S1,37,494.0,114.37059922819564,65.3311620150271,47.6042672395049,47.47133437975542,63.66833452664112,47.46884481945267,43.180739914257074
2129,Prov. Sulawesi Tengah,Kab. Poso,P,D3,41,163.0,37.73766735667184,40.59346657320045,29.489808291322625,30.32827278194949,51.60658879003917,35.71158178685423,35.6324076708053
2130,Prov. Sulawesi Tengah,Kab. Poso,P,Profesi,15,18.0,4.167349769448424,28.304104508180576,21.311567011483348,22.869459501065318,22.261301019978532,10.93809503431993,11.738578458961415
2131,Prov. Sulawesi Tengah,Kab. Poso,P,S1,74,1002.0,231.9824704992956,158.30476876941157,119.46009377652105,122.99019798169265,170.16031252907712,138.21803437242974,124.90407582341203
2132,Prov. Sulawesi Tengah,Kab. Sigi,L,S1,7,15.0,3.4727914745403536,2.458268387992061,1.786603963533651,1.9903974449931878,1.4891971220042122,5.054375121470486,3.3521551671204843
2133,Prov. Sulawesi Tengah,Kab. Sigi,L,S2,3,12.0,2.7782331796322826,3.459704859677939,2.3866498491959125,2.5277454646743083,4.281589681873806,3.478926922748808,2.3877626376949497
2134,Prov. Sulawesi Tengah,Kab. Sigi,P,S1,6,22.0,5.093427495992518,4.545724882894518,3.5236930925886036,4.134704288620932,3.573272391359943,5.493597507587295,3.5909143786808544
2135,Prov. Sulawesi Tengah,Kab. Sigi,P,S2,3,12.0,2.7782331796322826,4.961175285839477,3.9163309091831526,4.582155571190969,4.010864229910611,4.663204936307817,2.2356669645238822
2136,Prov. Sulawesi Tengah,Kab. Toli-Toli,L,S1,201,1827.0,422.986001599015,217.9274270576222,164.45261231519865,150.55827390154437,208.409579107652,216.31518430650686,238.59235992480737
2137,Prov. Sulawesi Tengah,Kab. Toli-Toli,P,S1,354,2803.0,648.9489668757741,423.33566288571006,341.5465332562859,330.0976724574983,380.2425746132041,369.6923879024011,353.50895430575065
2138,Prov. Sulawesi Tengah,Kota Palu,L,D3,180,919.0,212.76635767350567,180.10126832152258,141.44623068004796,129.6155670054088,169.45532644689283,196.03758366742144,171.6199911002573
2139,Prov. Sulawesi Tengah,Kota Palu,L,D4,52,725.0,167.85158793611708,113.303492002935,103.83997051779056,110.98451759184684,112.16952856648946,137.36962609871358,133.15391100115843
2140,Prov. Sulawesi Tengah,Kota Palu,L,Profesi,2011,802.0,185.6785841720909,1114.1792505605947,966.208187255133,964.754431907604,831.3334278845905,633.9105568055717,842.8265802487872
2141,Prov. Sulawesi Tengah,Kota Palu,L,S1,3814,33610.0,7781.368097286752,4525.505870928016,3859.7327701173963,3677.951096282755,4033.0078801959908,4512.279143386974,4430.731137011667
2142,Prov. Sulawesi Tengah,Kota Palu,L,S2,298,1527.0,353.530172108208,414.27770161802016,360.89859176273734,341.05415367022135,323.6307511362016,357.829879607823,462.14720099560594
2143,Prov. Sulawesi Tengah,Kota Palu,L,S3,46,333.0,77.09597073479584,43.27457297085713,40.072775088926875,51.4727102189981,45.10033431838818,53.33455515480934,55.302084969217056
2144,Prov. Sulawesi Tengah,Kota Palu,P,D3,1143,3568.0,826.061332077332,950.623404261656,829.7941497584823,823.5699813541945,885.733943665757,829.6844653680581,884.7144075407346
2145,Prov. Sulawesi Tengah,Kota Palu,P,D4,357,1088.0,251.89314161999363,204.40594282283914,194.62173009107497,214.68929740200022,197.72575370704962,226.2809184290592,196.60950847016156
2146,Prov. Sulawesi Tengah,Kota Palu,P,Profesi,5911,1792.0,414.8828214917542,2712.539901198462,2316.6520073689026,2308.6955107906106,1879.9343965907408,2026.270649101962,2330.3686100947457
2147,Prov. Sulawesi Tengah,Kota Palu,P,S1,6656,41713.0,9657.370051833452,7066.442739441335,6420.432418451119,6435.307750501073,6853.9337449366085,7234.307285263065,7619.386923377956
2148,Prov. Sulawesi Tengah,Kota Palu,P,S2,387,1441.0,333.61950098751,488.25434393491724,451.3276980505289,447.69172840549527,454.3353853549032,379.8515108925461,449.1477120357462
2149,Prov. Sulawesi Tengah,Kota Palu,P,S3,16,199.0,46.07236689556869,30.0017406121228,28.310740183208974,37.08824785337984,33.81688356616427,30.5667081879509,25.046857986308176
2150,Prov. Sulawesi Tenggara,Kab. Kolaka,L,D3,1,18.0,4.224058016596688,3.709948944386578,2.971636331447573,2.7121436326260224,4.804347757431048,5.893160149421412,5.543666385447182
2151,Prov. Sulawesi Tenggara,Kab. Kolaka,L,D4,9,44.0,10.325475151680793,8.746080896672176,8.096425647626464,9.070406838173803,10.731805052859631,11.866076368774781,9.314617148828768
2152,Prov. Sulawesi Tenggara,Kab. Kolaka,L,S1,460,4266.0,1001.1017499334151,531.8223902409941,433.9201012683035,396.2491378700545,653.7745769307274,551.4801523729639,574.3187166715675
2153,Prov. Sulawesi Tenggara,Kab. Kolaka,L,S2,3,12.0,2.8160386777311253,4.447470222733734,4.3851742765995025,4.676697738640814,3.6609817135246274,3.3303648565331376,2.477972467495149
2154,Prov. Sulawesi Tenggara,Kab. Kolaka,P,D3,55,311.0,72.98233573119833,88.86968617187054,75.18713381813944,75.27153353311257,86.26482281311041,84.91283432312396,85.83575120358536
2155,Prov. Sulawesi Tenggara,Kab. Kolaka,P,D4,12,60.0,14.080193388655628,13.152962975159857,12.026911082186938,13.448208853285605,19.016932329354184,13.64787786689277,11.453936344019324
2156,Prov. Sulawesi Tenggara,Kab. Kolaka,P,S1,923,5543.0,1300.775199221969,923.5046488035617,787.2871782738702,777.00848741755,988.9182517553254,704.0616736305506,749.4603683160617
2157,Prov. Sulawesi Tenggara,Kab. Kolaka,P,S2,10,31.0,7.2747665841387406,12.670829017000202,12.340407469344719,13.135870362548976,10.495487525145588,8.248618810149217,8.283717896779596
2158,Prov. Sulawesi Tenggara,Kab. Konawe,L,D3,1,181.0,42.475250055777806,52.461140107540125,47.42737840142799,49.388962185521784,57.02308685541937,56.93232767595029,57.328480454247895
2159,Prov. Sulawesi Tenggara,Kab. Konawe,L,S1,138,861.0,202.05077512720825,95.11784552921362,76.5854204237345,65.72769711983223,73.41111453034637,100.83378873395652,95.9927239252753
2160,Prov. Sulawesi Tenggara,Kab. Konawe,P,D3,25,238.0,55.85143377500066,81.13353187585767,73.82953730141105,78.8020191365658,80.01022240018779,67.98749715532257,71.39724864282212
2161,Prov. Sulawesi Tenggara,Kab. Konawe,P,S1,156,804.0,188.67459140798542,119.84658313664052,101.11587092434024,94.13044312766637,99.4192760884905,119.01306981473554,110.29114969618271
2162,Prov. Sulawesi Tenggara,Kab. Muna,L,D3,6,23.0,5.397407465651324,4.7114426160700145,3.7658654729208636,3.4461705044790008,5.252016742132371,5.339948721543035,5.15491057655113
2163,Prov. Sulawesi Tenggara,Kab. Muna,L,D4,2,46.0,10.794814931302648,7.572975947796641,6.631869585812068,6.909781349364394,8.130204990252524,12.654621982837487,9.216836732754135
2164,Prov. Sulawesi Tenggara,Kab. Muna,L,Profesi,2,6.0,1.4080193388655626,6.970923685264256,5.714131874263768,5.5987489751639075,5.278441070995198,2.854581035211602,2.793662913137049
2165,Prov. Sulawesi Tenggara,Kab. Muna,L,S1,27,574.0,134.70051675147218,84.10617477435954,71.9964215117472,70.39602015844264,79.6710148240684,112.26375309933262,106.93012680176842
2166,Prov. Sulawesi Tenggara,Kab. Muna,P,D3,46,198.0,46.46463818256357,56.79642380070071,48.09090079165825,48.47209985959393,52.55881799504829,46.35012330325934,40.604431518410664
2167,Prov. Sulawesi Tenggara,Kab. Muna,P,D4,9,160.0,37.54718236974834,31.424392802874536,27.815256881738733,29.878881104713102,34.89562484529376,31.053543204902414,34.569807256173924
2168,Prov. Sulawesi Tenggara,Kab. Muna,P,Profesi,6,12.0,2.8160386777311253,18.356254423559797,15.654346060004482,16.469962731144033,9.731760324632662,6.4819426095834025,8.513041612095353
2169,Prov. Sulawesi Tenggara,Kab. Muna,P,S1,67,845.0,198.29605689023342,148.49753560020253,128.6841951511787,130.0072162844057,149.76013458567144,157.0441498078479,178.73756287605602
2170,Prov. Sulawesi Tenggara,Kab. Wakatobi,L,D1,22,22.0,5.162737575840397,19.053528269530645,7.107328391945783,6.948703458180193,26.531386642335267,8.645416582842579,12.654570199946338
2171,Prov. Sulawesi Tenggara,Kab. Wakatobi,L,S1,48,382.0,89.64389790777416,46.06808193139011,35.16723119184725,31.976272380230434,45.85855125557614,23.219062833328195,17.73943515582924
2172,Prov. Sulawesi Tenggara,Kab. Wakatobi,P,D1,19,21.0,4.928067686029469,20.05781199433653,7.390353129325098,7.211730622744451,25.58196413396242,8.155672360739292,11.761332720358473
2173,Prov. Sulawesi Tenggara,Kab. Wakatobi,P,S1,80,618.0,145.02599190315297,94.64458908737186,74.37518039009572,71.54211186023225,90.99171139490987,50.19483410584429,39.016339617530384
2174,Prov. Sulawesi Tenggara,Kota Baubau,L,D3,17,73.0,17.13090195619768,19.894598787291514,18.398353794154445,18.711319248002297,18.328239250160173,22.379026805120432,24.20267973511687
2175,Prov. Sulawesi Tenggara,Kota Baubau,L,D4,6,211.0,49.51534675010562,37.59553341917183,35.85762322641819,38.13199383839207,39.822184288572295,32.50990188138639,28.05618616406405
2176,Prov. Sulawesi Tenggara,Kota Baubau,L,Profesi,6,14.0,3.2853784573529796,7.925548656711238,5.6007559284722594,4.030083363689159,15.55653534465126,5.007881272715749,6.906987868894799
2177,Prov. Sulawesi Tenggara,Kota Baubau,L,S1,887,7370.0,1729.5170879065329,952.346194552749,836.0938633197292,767.1256016910329,880.8116448755159,768.4472831401741,749.850461082461
2178,Prov. Sulawesi Tenggara,Kota Baubau,L,S2,51,116.0,27.221707218067547,37.90492324965111,38.3203643326782,38.52939671245495,40.50310578194152,46.48469562347469,44.73815551195375
2179,Prov. Sulawesi Tenggara,Kota Baubau,P,D3,223,975.0,228.80314256565396,292.9010239843841,267.5189352557016,271.50089069713874,266.5083393155289,245.8238370154101,269.1397160915314
2180,Prov. Sulawesi Tenggara,Kota Baubau,P,D4,29,298.0,69.93162716365629,59.589112113657876,56.426700927318144,60.32512880168431,61.92074501892773,40.07948515241871,41.053005793122026
2181,Prov. Sulawesi Tenggara,Kota Baubau,P,Profesi,37,57.0,13.376183719222846,36.16019358682291,25.359017696642784,18.333293118794767,63.89133092052677,52.25957456157526,64.51395338439569
2182,Prov. Sulawesi Tenggara,Kota Baubau,P,S1,1690,10427.0,2446.902941058537,1692.840911391114,1524.9991633900468,1474.2139764414485,1571.0226823478908,1490.4062021192703,1445.1619018710653
2183,Prov. Sulawesi Tenggara,Kota Baubau,P,S2,20,48.0,11.264154710924501,17.766405621702496,17.8807081024493,18.143144975310733,20.191537719449666,11.927291951755794,10.826469722475517
2184,Prov. Sulawesi Tenggara,Kota Kendari,L,D3,249,2028.0,475.9105365365602,436.64818945087694,370.81749936233183,349.25686451821974,424.456858996968,360.1234050281928,387.7997432207201
2185,Prov. Sulawesi Tenggara,Kota Kendari,L,D4,29,182.0,42.70991994558874,25.28165777342638,22.106657188670052,21.477313399094285,23.593048714513188,34.55389054815994,28.989547674634544
2186,Prov. Sulawesi Tenggara,Kota Kendari,L,Profesi,2338,2338.0,548.6582023779476,3215.649416115538,2906.3799407480947,3053.3637684346772,2999.622264075894,2549.8885393033333,2580.7492735808914
2187,Prov. Sulawesi Tenggara,Kota Kendari,L,S1,4871,33714.0,7911.660665085597,4693.360452267548,4150.1407382128,3985.0633199344243,4238.239017903208,3543.173722247099,3665.145411281162
2188,Prov. Sulawesi Tenggara,Kota Kendari,L,S2,648,2280.0,535.0473487689138,576.4283065894075,533.0681883385564,488.123779000908,561.3416866350485,512.5620042072568,548.6178680631747
2189,Prov. Sulawesi Tenggara,Kota Kendari,L,S3,71,310.0,72.7476658413874,44.60298222488176,44.482415850840205,56.517989220092616,45.87083624730284,41.07523554085917,42.33435050330447
2190,Prov. Sulawesi Tenggara,Kota Kendari,P,D3,842,3702.0,868.7479320800522,984.0850640162304,854.7564862322279,836.4457836967829,980.3816939836182,839.4945640208064,953.9871809834619
2191,Prov. Sulawesi Tenggara,Kota Kendari,P,D4,286,1311.0,307.65222554212545,211.26378490747223,185.19552502664266,183.3702461924676,178.7009894333778,227.57067401416805,196.8483460716264
2192,Prov. Sulawesi Tenggara,Kota Kendari,P,Profesi,8047,7724.0,1812.590228899601,11667.172510202452,10403.251756522372,10889.91882051983,9900.158856649072,6417.067348353056,7164.205372684812
2193,Prov. Sulawesi Tenggara,Kota Kendari,P,S1,7758,42156.0,9892.743874869444,7361.20509660527,6674.446341424226,6753.400237307297,6568.742576925114,6253.724037131425,6255.794039888737
2194,Prov. Sulawesi Tenggara,Kota Kendari,P,S2,567,1594.0,374.06380435861786,508.3602869210337,483.0082022802435,466.60627213802223,530.0689863878162,496.0696887125872,548.8774589119415
2195,Prov. Sulawesi Tenggara,Kota Kendari,P,S3,31,150.0,35.20048347163907,24.12477621952378,23.85911836317536,30.42607815316812,23.8794739830772,16.70002312733167,16.263407800153907
2196,Prov. Sulawesi Utara,Kab. Bolaang Mongondaw,L,S1,6,39.0,9.152125702626158,6.1990254941585885,4.997214774583378,5.059590445893489,5.342677272636735,9.23627301603434,8.469233459860485
2197,Prov. Sulawesi Utara,Kab. Bolaang Mongondaw,P,S1,15,48.0,11.264154710924501,8.67621365929782,6.970865326635931,7.134185857433504,7.126803980681851,9.440373862247988,7.662391221271126
2198,Prov. Sulawesi Utara,Kab. Kep. Sangihe,L,D3,32,280.0,65.7075691470596,52.762781948019935,41.18378159791205,35.33515297025934,66.36501728925596,25.978737602636944,31.423815920643573
2199,Prov. Sulawesi Utara,Kab. Kep. Sangihe,L,D4,6,56.0,13.141513829411918,7.629289849077496,6.325283472516614,5.915096120081382,6.816323262936654,12.60656030766941,10.8588841530594
2200,Prov. Sulawesi Utara,Kab. Kep. Sangihe,P,D3,101,651.0,152.77009826691355,149.17979611733952,118.35666247536588,105.52578435855406,106.94368880143635,62.95040021242476,147.2975836618611
2201,Prov. Sulawesi Utara,Kab. Kep. Sangihe,P,D4,7,71.0,16.661562176575824,12.321324092119973,10.525378732750541,10.42589091856421,9.838171592523956,12.033709698628185,11.114312905949685
2202,Prov. Sulawesi Utara,Kab. Kepulauan Sitaro,L,S1,4,24.0,5.6320773554622505,3.1520888112476197,2.402862396612883,2.2487163035879916,2.959256260858631,6.146567027657822,6.238053562536379
2203,Prov. Sulawesi Utara,Kab. Kepulauan Sitaro,P,S1,22,161.0,37.781852259559265,25.18732791995542,19.398284751967125,18.704496617548585,24.744700389641416,28.995337539577122,34.148680172053105
2204,Prov. Sulawesi Utara,Kab. Minahasa,L,Profesi,1416,75.0,17.600241735819534,106.34995351625058,92.41531446087109,93.5254515822349,126.30355229039043,96.95393990976463,175.935647511452
2205,Prov. Sulawesi Utara,Kab. Minahasa,L,S1,1003,8364.0,1962.7789583785946,1084.3830580344368,893.3353372958697,797.2423265569845,1159.0669469709621,907.0722222245344,945.651480593177
2206,Prov. Sulawesi Utara,Kab. Minahasa,L,S2,135,202.0,47.40331774180728,59.86475249862136,55.26671905766283,51.40064562551306,53.4604442468627,62.595017796177665,68.11971699157257
2207,Prov. Sulawesi Utara,Kab. Minahasa,L,S3,12,97.0,22.76297931165993,12.122793922642595,11.054794812387561,12.607003446842256,17.817743253905434,14.194653852149854,13.190919108440633
2208,Prov. Sulawesi Utara,Kab. Minahasa,P,Profesi,5848,312.0,73.21700562100926,487.91275179825277,418.7930545560569,423.0213127759983,532.7264389659789,477.3854282067546,481.9368742512893
2209,Prov. Sulawesi Utara,Kab. Minahasa,P,S1,1896,12873.0,3020.905491536065,2008.891030445334,1672.8921866010928,1559.0693711562296,1872.453316868041,2244.536574863568,2207.110380869925
2210,Prov. Sulawesi Utara,Kab. Minahasa,P,S2,167,242.0,56.79011333424437,80.88985251209732,74.2492907050753,69.56559953029887,75.390394091587,66.29023970527423,79.27780703352065
2211,Prov. Sulawesi Utara,Kab. Minahasa,P,S3,8,77.0,18.06958151544139,9.712277478468287,8.523912994608693,9.35388896550981,15.353973015220191,12.616416807422672,12.7195243446131
2212,Prov. Sulawesi Utara,Kab. Minahasa Selatan,L,D3,91,515.0,120.85499325262747,148.61835436093008,129.5293649481763,133.74824016564847,164.2318892396515,115.74602589553767,134.3605923314507
2213,Prov. Sulawesi Utara,Kab. Minahasa Selatan,P,D3,28,91.0,21.35495997279437,31.282048803058597,27.545298641961526,29.305714929069065,33.39785463611379,27.125180484162684,28.72635038835989
2214,Prov. Sulawesi Utara,Kab. Minahasa Utara,L,Profesi,6,23.0,5.397407465651324,23.455122749285156,18.67036798543069,17.015278814750793,26.85315203793345,13.70204525325257,14.336690137330232
2215,Prov. Sulawesi Utara,Kab. Minahasa Utara,L,S1,268,1711.0,401.5201814664963,279.34343700677505,248.80675354995762,250.42591285915967,298.34908728822523,295.33675073205984,275.4593607473362
2216,Prov. Sulawesi Utara,Kab. Minahasa Utara,L,S2,44,91.0,21.35495997279437,30.73938336841813,29.749434540680554,30.12845295461036,37.07712247148602,23.156372967142968,24.43539193744986
2217,Prov. Sulawesi Utara,Kab. Minahasa Utara,P,D3,8,91.0,21.35495997279437,20.0776234190734,15.882148794510433,14.100238730226524,16.972641792020287,14.570400198459115,16.70815209336234
2218,Prov. Sulawesi Utara,Kab. Minahasa Utara,P,Profesi,100,166.0,38.955201708613906,151.6331970312836,112.17596201237629,93.64893836879834,156.17148238451574,77.7420919589223,106.33884335940553
2219,Prov. Sulawesi Utara,Kab. Minahasa Utara,P,S1,341,2107.0,494.4494578316235,399.4381705926442,356.6972294251543,366.28514600467264,525.183354041565,418.63433687708,447.90085442896964
2220,Prov. Sulawesi Utara,Kab. Minahasa Utara,P,S2,27,76.0,17.83491162563046,28.517838975385235,27.319321996838596,27.69740899197039,33.5148636710977,25.169826406714968,24.018550541904855
2221,Prov. Sulawesi Utara,Kota Bitung,L,D3,91,330.0,77.44106363760595,97.95074022674115,88.48978717602911,94.51432928079895,82.8568539116459,90.12407543665311,86.84807134909353
2222,Prov. Sulawesi Utara,Kota Bitung,L,S1,108,847.0,198.76539666985528,99.90009225080813,81.3659149714565,72.86343086682348,90.52529929080615,115.98716706066098,105.53577534947144
2223,Prov. Sulawesi Utara,Kota Bitung,P,D3,55,171.0,40.12855115766854,58.195470600668344,52.52570739280392,56.90087216183169,39.19644710363111,50.51670858704427,48.81169226405116
2224,Prov. Sulawesi Utara,Kota Bitung,P,S1,250,1658.0,389.08267730651716,229.36615519177357,187.88506659039882,172.25428145137926,197.81529417566654,207.42953141062245,236.12811041590254
2225,Prov. Sulawesi Utara,Kota Manado,L,D3,207,1074.0,252.03546165693572,263.5617605416436,240.77362153991115,235.8270812885524,235.93441306375752,252.96327079950493,229.02967967638003
2226,Prov. Sulawesi Utara,Kota Manado,L,D4,472,2757.0,646.984886208726,447.05406597502713,422.10186354573534,435.7092982495661,382.18010910376864,535.8966304825015,437.19165723632005
2227,Prov. Sulawesi Utara,Kota Manado,L,Profesi,388,382.0,89.64389790777416,422.21729313148853,369.8615948345655,352.2434096469449,557.1446771021515,377.1586314080206,449.410407697925
2228,Prov. Sulawesi Utara,Kota Manado,L,S1,2361,19278.0,4523.966135775053,2599.316992922269,2353.4383842334273,2210.764250504035,2240.4380487787585,2890.5043104136703,2696.9206028232393
2229,Prov. Sulawesi Utara,Kota Manado,L,S2,226,910.0,213.54959972794367,257.09603456207907,253.80256561157293,241.37013683960478,249.70915266987896,241.999074609516,249.7536517614638
2230,Prov. Sulawesi Utara,Kota Manado,L,S3,26,149.0,34.965813581828144,21.044812415763964,21.569771098024997,26.98160916277422,21.975897452960293,15.9604577680083,16.8979206300385
2231,Prov. Sulawesi Utara,Kota Manado,L,Sp-1,81,379.0,88.93988823834138,76.83231362612594,87.13465382265109,119.66324947988322,77.49375644614882,91.11468812612722,88.51584317710929
2232,Prov. Sulawesi Utara,Kota Manado,P,D3,854,3287.0,771.3599278085175,881.9827001282151,793.9776988002642,773.0415258972064,921.756639043172,835.8045120268417,1004.2962672331929
2233,Prov. Sulawesi Utara,Kota Manado,P,D4,597,3218.0,755.1677054115635,607.8140102687481,575.2303985156286,609.1668933515782,591.8860490489768,676.1436181138164,828.6200789266396
2234,Prov. Sulawesi Utara,Kota Manado,P,Profesi,1246,1000.0,234.66988981092712,1199.5273150928017,1033.0497518193808,975.4954342420458,1651.0506756076863,2267.7163836158134,2221.3031755089282
2235,Prov. Sulawesi Utara,Kota Manado,P,S1,4455,27712.0,6503.171986440412,4564.537894112442,4206.860516663162,4112.394867368097,4397.476328422105,4498.507779503179,5091.598144929711
2236,Prov. Sulawesi Utara,Kota Manado,P,S2,263,912.0,214.01893950756553,310.30707387593804,310.48555529120955,305.6151593557437,302.24779910758895,252.79503226802504,280.3492752727213
2237,Prov. Sulawesi Utara,Kota Manado,P,S3,21,110.0,25.813687879201982,17.06429194490043,17.25518293246365,21.50734357934311,15.387201157787924,15.02034751345311,13.505556824676127
2238,Prov. Sulawesi Utara,Kota Manado,P,Sp-1,36,273.0,64.0648799183831,61.38846332227542,68.88410364531485,94.64555328998344,58.14123410947844,48.89513285144309,40.87961355578565
2239,Prov. Sulawesi Utara,Kota Tomohon,L,D3,47,135.0,31.68043512447516,35.285912438514885,31.843801129916855,32.05534547307104,30.980954852027693,39.19870741934665,39.703141008599715
2240,Prov. Sulawesi Utara,Kota Tomohon,L,Profesi,5,15.0,3.520048347163907,11.091440510619398,8.372908934816548,6.773636435617653,6.977692250480687,3.9510100478786336,5.898444691994535
2241,Prov. Sulawesi Utara,Kota Tomohon,L,S1,425,3666.0,860.2998160468588,427.2336060772219,359.526298342253,318.1990722778397,327.08862403875634,498.46571704593663,477.39203901734476
2242,Prov. Sulawesi Utara,Kota Tomohon,L,S3,3,42.0,9.856135372058938,3.596592241052256,3.0864377377566576,3.1491446165815025,6.30614086709396,6.304672170563137,7.694082999435416
2243,Prov. Sulawesi Utara,Kota Tomohon,P,D3,147,373.0,87.53186889947581,108.92255396724029,97.4632942172932,98.44998947039542,102.58825755904893,97.22271799340038,103.36377369158099
2244,Prov. Sulawesi Utara,Kota Tomohon,P,Profesi,57,71.0,16.661562176575824,80.00763965455916,65.58650104919057,60.51647673148827,48.84831081373369,51.10168287718792,53.033251114794794
2245,Prov. Sulawesi Utara,Kota Tomohon,P,S1,615,4499.0,1055.7798342593612,649.848756360933,558.9620702690526,518.1366456177424,479.7212176125939,693.5541535483552,688.6710769861927
2246,Prov. Sulawesi Utara,Kota. Kotamobagu,L,Profesi,18,20.0,4.693397796218543,13.724591070336336,9.790387742784498,7.85498292094761,13.544229876262758,10.52749618231443,10.361346543147857
2247,Prov. Sulawesi Utara,Kota. Kotamobagu,L,S1,68,2682.0,629.3846444729065,280.0269277114289,219.69717903791525,192.23141935384257,160.99070233090356,303.5041742265454,310.04463896060406
2248,Prov. Sulawesi Utara,Kota. Kotamobagu,P,D3,37,307.0,72.04365617195462,92.59930400230077,80.79042122290635,84.58800647695469,62.36072055313656,50.73158611979537,61.366751445792836
2249,Prov. Sulawesi Utara,Kota. Kotamobagu,P,Profesi,62,59.0,13.8455234988447,51.90116764855371,38.21803869154349,32.56437848725931,37.83744274873444,37.978530009141146,36.67566175545808
2250,Prov. Sulawesi Utara,Kota. Kotamobagu,P,S1,162,3371.0,791.0721985526353,436.5481611793231,350.27596399919264,320.6715448263076,298.6963383571943,429.8938145570686,448.0911252960673
2251,Prov. Sumatera Barat,Kab. Agam,L,Profesi,327,141.0,33.088454463340724,196.6261236972489,171.0592065755797,164.22209387119165,140.65972786872476,367.98097082741253,432.20413907927536
2252,Prov. Sumatera Barat,Kab. Agam,L,S1,565,3410.0,800.2243242552615,620.1622214262426,568.9787923849697,552.6877187653429,582.1674498514902,493.6942429853368,519.6219638234189
2253,Prov. Sumatera Barat,Kab. Agam,L,S2,71,220.0,51.627375758403964,78.50997799615646,76.99696147323779,73.84962952060847,71.98317272292684,72.86535041450729,94.13966399710834
2254,Prov. Sumatera Barat,Kab. Agam,L,S3,3,60.0,14.080193388655628,10.398782832587749,10.498989477653598,13.087900372915675,9.14603767788645,7.840680432887701,7.468191870106461
2255,Prov. Sumatera Barat,Kab. Agam,P,Profesi,1369,380.0,89.17455812815231,578.6746432885814,495.83350272543703,473.18548585135227,384.56790141619865,593.5503662287574,621.8400629622312
2256,Prov. Sumatera Barat,Kab. Agam,P,S1,1612,7630.0,1790.531259257374,1581.831206083308,1447.4769127016789,1422.6586124791854,1418.817391598885,1238.5438432156834,1410.677096019318
2257,Prov. Sumatera Barat,Kab. Agam,P,S2,87,230.0,53.97407465651324,92.09241339716668,89.66333926560135,86.44755974836902,74.7227949550648,69.7090498385746,88.43385633638007
2258,Prov. Sumatera Barat,Kab. Agam,P,S3,3,33.0,7.744106363760595,6.256895533098249,6.225152553846362,7.71981085212721,4.789578932146208,6.2320611399378665,4.54306120511359
2259,Prov. Sumatera Barat,Kab. Dharmas Raya,L,Profesi,9,11.0,2.5813687879201983,12.934000838890158,10.709068993869375,10.19444275766141,10.963247867450095,4.825002029327094,6.737016938852573
2260,Prov. Sumatera Barat,Kab. Dharmas Raya,L,S1,110,700.0,164.268922867649,113.1165491026688,100.28777475396112,98.7466474280141,98.72985268045198,94.25197626445592,84.30775338861609
2261,Prov. Sumatera Barat,Kab. Dharmas Raya,L,S2,17,29.0,6.805426804516887,9.169945070331929,8.684421192047992,8.430051519296017,6.856633931318287,8.284596837925784,7.948100249024963
2262,Prov. Sumatera Barat,Kab. Dharmas Raya,P,D3,24,43.0,10.090805261869866,9.46804702790886,7.467800167165622,6.524844027705066,5.406648913897509,9.500821567941804,7.461840809525437
2263,Prov. Sumatera Barat,Kab. Dharmas Raya,P,Profesi,42,46.0,10.794814931302648,69.10077871982277,59.00132289663538,59.56565496561497,47.91260788758787,35.69645002303743,39.543964140521794
2264,Prov. Sumatera Barat,Kab. Dharmas Raya,P,S1,401,1906.0,447.2808099796271,369.4810507104338,331.5567059094136,337.64628273950666,346.0773562880376,388.8061668982146,385.9072304922114
2265,Prov. Sumatera Barat,Kab. Dharmas Raya,P,S2,12,30.0,7.040096694327814,12.128771602262068,11.848164894150555,12.20123707196138,9.979225650395312,8.738318067449939,7.280641469251917
2266,Prov. Sumatera Barat,Kab. Lima Puluh Koto,L,D3,103,351.0,82.36913132363541,108.96766323591854,96.34776873037227,100.66436290068705,88.04510453198843,75.1682955116469,88.77210195000116
2267,Prov. Sumatera Barat,Kab. Lima Puluh Koto,L,D4,158,726.0,170.3703400027331,145.56114438182016,132.23794170743335,143.830247633466,120.08926686092606,97.37539189353804,94.76442994059029
2268,Prov. Sumatera Barat,Kab. Lima Puluh Koto,P,D2,2,2.0,0.46933977962185425,1.0061757218610805,0.811774606222106,0.7367003767791167,0.8569547004476955,2.4883129150042653,1.9389300786350672
2269,Prov. Sumatera Barat,Kab. Lima Puluh Koto,P,D3,133,337.0,79.08375286628244,118.46637639118715,104.21624084440417,110.06269266683667,95.65979284366476,61.81775368139501,87.15890019972417
2270,Prov. Sumatera Barat,Kab. Lima Puluh Koto,P,D4,160,684.0,160.51420463067416,153.1933475403867,137.97559827569884,150.6159401931172,160.4524993063397,101.77590279714016,104.58779613704127
2271,Prov. Sumatera Barat,Kab. Padang Pariaman,L,D3,104,384.0,90.11323768739601,119.142957754816,105.64748737688751,112.68770804044784,122.1236368340674,79.99046792740914,101.12548573861557
2272,Prov. Sumatera Barat,Kab. Padang Pariaman,L,D4,47,165.0,38.720531818802975,32.26637424826086,29.193185526250456,32.07141599447205,38.910971626948125,39.83852278238158,29.767653306697532
2273,Prov. Sumatera Barat,Kab. Padang Pariaman,L,S1,37,208.0,48.81133708067284,36.66094404814158,32.5368949088437,33.73983026809811,32.18338219682248,37.11918752769025,45.16028531957876
2274,Prov. Sumatera Barat,Kab. Padang Pariaman,P,D3,10,42.0,9.856135372058938,14.571688158802997,12.814813293167967,13.721015557388379,26.333940249345076,12.771098524584671,12.112942925223456
2275,Prov. Sumatera Barat,Kab. Padang Pariaman,P,D4,24,82.0,19.242930964496026,17.912409445815953,16.068128111867395,17.712225571469542,24.014037770016436,11.51553756641188,9.203860767796767
2276,Prov. Sumatera Barat,Kab. Padang Pariaman,P,S1,200,937.0,219.88568675283872,184.90424241216564,162.8410766609085,169.4904195506926,180.5126531110317,177.969169551486,162.25449398090805
2277,Prov. Sumatera Barat,Kab. Pasaman,L,S1,18,181.0,42.475250055777806,33.8820906715502,28.653732131937442,31.036092887629206,37.55583498333676,42.447346151902345,31.422419402930277
2278,Prov. Sumatera Barat,Kab. Pasaman,P,S1,39,325.0,76.26771418855131,66.65691466992978,55.574377714807945,59.919119774364766,57.715192987678606,50.92685770769702,64.29473830256688
2279,Prov. Sumatera Barat,Kab. Pasaman Barat,L,S1,89,925.0,217.06964807510758,107.22684004890881,88.01715373275152,76.7943523759425,118.35645489995429,103.735285698101,104.79789193977457
2280,Prov. Sumatera Barat,Kab. Pasaman Barat,P,D3,19,100.0,23.46698898109271,31.977425842594357,28.707353950740078,29.74267828008384,28.72092426691985,33.31618659120108,34.02415488545991
2281,Prov. Sumatera Barat,Kab. Pasaman Barat,P,S1,154,1374.0,322.43642860021384,198.97249979935563,167.32613150615686,153.40184327230648,170.99614287726519,163.589799664441,191.58238252482758
2282,Prov. Sumatera Barat,Kab. Pesisir Selatan,L,S1,69,426.0,99.96937305945495,73.19042360956423,66.20219083714818,68.74397356254563,83.25760307757061,79.3038787662195,75.69896685231978
2283,Prov. Sumatera Barat,Kab. Pesisir Selatan,P,S1,96,699.0,164.03425297783807,128.79585112688576,114.13455946230302,116.93715864144583,134.67343698226586,129.02127814941778,124.09846580124302
2284,Prov. Sumatera Barat,Kab. Sawahlunto/ Sijunjung,L,S1,7,42.0,9.856135372058938,5.37827891895046,4.06961886752842,3.7689919890083057,5.325065895156855,9.14350177916037,8.252001775995465
2285,Prov. Sumatera Barat,Kab. Sawahlunto/ Sijunjung,P,S1,11,77.0,18.06958151544139,11.895209209285081,9.127454209066912,8.755363324396297,11.548912498125329,19.730037936142935,20.533409814892252
2286,Prov. Sumatera Barat,Kab. Solok,L,S1,12,71.0,16.661562176575824,13.093235231971565,11.02435412259338,11.867431802577903,10.087521142429809,15.585004483735613,15.703760779651565
2287,Prov. Sumatera Barat,Kab. Solok,P,S1,5,55.0,12.906843939600991,11.354443370602478,9.484785321217704,10.253927957298922,12.13815005496203,12.083732381874954,16.35812349970133
2288,Prov. Sumatera Barat,Kab. Solok Selatan,L,S1,33,136.0,31.915105014286087,22.898425901683733,19.254608758372807,20.16815319093232,16.030498388295747,10.921531057738676,7.766890709225382
2289,Prov. Sumatera Barat,Kab. Solok Selatan,P,S1,66,267.0,62.65686057951754,50.549817581860204,42.26411534706378,44.39170294542795,41.73652576811641,35.41628850516562,46.95907360374143
2290,Prov. Sumatera Barat,Kab. Tanah Datar,L,D3,20,40.0,9.386795592437085,8.238063776993522,6.986689947903388,6.211141277716078,8.073026244203767,11.659573323235174,15.676144518376008
2291,Prov. Sumatera Barat,Kab. Tanah Datar,L,Profesi,743,187.0,43.88326939464337,263.2006041978362,241.76783540882664,248.5211063260536,238.26027278660845,183.64705997782457,214.11747865821187
2292,Prov. Sumatera Barat,Kab. Tanah Datar,L,S1,430,2579.0,605.2136458223811,431.53989824756223,406.8569438365769,407.30728425424905,436.410626607498,444.70713490525463,422.64667563005594
2293,Prov. Sumatera Barat,Kab. Tanah Datar,L,S2,72,226.0,53.03539509726953,65.07786450088071,63.112761478750485,59.09895602073964,66.21675164214449,64.14604628546022,69.32314292194786
2294,Prov. Sumatera Barat,Kab. Tanah Datar,P,D3,5,11.0,2.5813687879201983,3.150698288606509,2.824951926029104,2.758280984974218,2.200302311965242,3.1357719471378345,5.019086488813844
2295,Prov. Sumatera Barat,Kab. Tanah Datar,P,Profesi,1034,407.0,95.51064515304734,625.192120404401,565.5182707632952,577.719009721644,480.3897241558244,445.0790388297882,449.9074425046347
2296,Prov. Sumatera Barat,Kab. Tanah Datar,P,S1,1459,5988.0,1405.2033001878317,1168.3292942538512,1105.9254968449366,1130.747982082405,1139.4057304060186,1011.9726634318355,1028.4570346588166
2297,Prov. Sumatera Barat,Kab. Tanah Datar,P,S2,109,283.0,66.41157881649238,95.48362221084811,93.10410134299505,89.2192688982941,90.49957167463477,80.68078843769621,79.38915339045589
2298,Prov. Sumatera Barat,Kota Bukittinggi,L,D3,58,259.0,60.77950146103012,64.66684765842473,60.41094360882905,59.35540269679248,62.13188260154464,65.85187961623602,64.9295354940617
2299,Prov. Sumatera Barat,Kota Bukittinggi,L,D4,1,16.0,3.754718236974834,3.2065796453166566,3.28076817364336,3.6681979512000065,3.608755552152888,3.7325210840746115,3.4211165275607085
2300,Prov. Sumatera Barat,Kota Bukittinggi,L,Profesi,29,41.0,9.621465482248013,41.076515952448176,35.55954058593191,32.43263840556451,56.79020484807399,27.800604632100498,31.611534275575934
2301,Prov. Sumatera Barat,Kota Bukittinggi,L,S1,197,1634.0,383.4505999510549,217.97544040831815,200.18491233587474,186.4282014788206,195.72345204025711,303.8326265468477,280.8007455543756
2302,Prov. Sumatera Barat,Kota Bukittinggi,L,S2,64,182.0,42.70991994558874,49.90102475901248,49.665337816606,46.52557533041318,54.3906775935749,57.25363160440659,50.79020028473496
2303,Prov. Sumatera Barat,Kota Bukittinggi,P,D3,296,880.0,206.50950303361586,282.24540555079506,272.34358363607,284.42303246446573,280.6350935891877,256.3967358387576,239.17955693284756
2304,Prov. Sumatera Barat,Kota Bukittinggi,P,D4,14,53.0,12.437504159979138,11.714114157989503,11.838416751097306,13.21136694127776,16.323756279799632,12.569780211203677,10.29407100550583
2305,Prov. Sumatera Barat,Kota Bukittinggi,P,Profesi,637,636.0,149.25004991974964,864.0722744574331,784.9798794909154,778.1963423690719,929.7973695851717,640.7235712703507,643.1006925195319
2306,Prov. Sumatera Barat,Kota Bukittinggi,P,S1,1215,5166.0,1212.3046507632496,922.0578023276499,885.028925256079,891.3670714788593,1076.0156145088604,902.4804632430122,931.058847051268
2307,Prov. Sumatera Barat,Kota Bukittinggi,P,S2,100,279.0,65.47289925724867,89.41003858304663,89.40705296682606,85.62380844085338,98.60763622794174,78.22141491935692,70.87010118915958
2308,Prov. Sumatera Barat,Kota Padang,L,D2,10,13.0,3.0507085675420527,4.536462767341925,3.855631534162737,3.236240556845631,3.5358928432460934,3.9634679604551497,6.092388443770385
2309,Prov. Sumatera Barat,Kota Padang,L,D3,1923,7491.0,1757.912144573655,1991.0296680226206,1892.4517305869497,1915.0524540578103,1869.0569037283642,2191.4826214300215,2077.1349559037703
2310,Prov. Sumatera Barat,Kota Padang,L,D4,766,4223.0,991.0109446715452,750.6790671414414,740.5773674969303,791.7750188290571,731.263694598617,733.4641014649363,695.0733538137898
2311,Prov. Sumatera Barat,Kota Padang,L,Profesi,8124,1780.0,417.7124038634503,2218.5717068689346,2046.6712958219703,2045.601733101877,2481.1721529331717,1957.6104245447036,2018.165758942614
2312,Prov. Sumatera Barat,Kota Padang,L,S1,10220,64914.0,15233.361227186524,9544.113055252748,9000.013231058541,8789.712469285721,10507.672396859101,12673.644044822966,10482.001084035162
2313,Prov. Sumatera Barat,Kota Padang,L,S2,1114,3045.0,714.5698144742731,889.4033255165148,901.4074507284091,867.9975196729433,940.4957209056527,739.0690837041736,870.5106531155493
2314,Prov. Sumatera Barat,Kota Padang,L,S2 Terapan,3,24.0,5.6320773554622505,8.127113008726385,7.289733269425431,5.804250554642156,7.114642211406448,10.561531802539895,7.924968004615144
2315,Prov. Sumatera Barat,Kota Padang,L,S3,205,1107.0,259.77956802069633,152.57847874733582,157.85997490949538,195.23758457532375,165.98671976451087,197.52877986710908,190.52016598663204
2316,Prov. Sumatera Barat,Kota Padang,L,Sp-1,69,332.0,77.91040341722781,67.34980656164291,77.67054141345831,106.55992937801142,79.31782613740384,88.94060539806036,79.66617093609034
2317,Prov. Sumatera Barat,Kota Padang,P,D3,3449,10385.0,2437.0468056864784,3220.005132919824,3074.4950339077122,3173.57779234082,3201.14301671231,2843.914466008011,3134.3162700573916
2318,Prov. Sumatera Barat,Kota Padang,P,D4,1353,6479.0,1520.426216084997,1299.9589165776108,1275.0364511091425,1375.1185275623227,1261.1657310915393,1432.9804872248071,1401.5085250674622
2319,Prov. Sumatera Barat,Kota Padang,P,Profesi,22625,5758.0,1351.2292255313184,8075.771211637626,7402.382171651115,7446.108577339759,8065.704564434201,6147.6864656448815,5769.311212649051
2320,Prov. Sumatera Barat,Kota Padang,P,S1,19681,90515.0,21241.14507623607,16957.72044171606,16452.04616258949,17118.654563527936,19332.910736010213,19492.38622187411,18794.377747416635
2321,Prov. Sumatera Barat,Kota Padang,P,S2,1543,3722.0,873.4413298762707,1334.230798712832,1378.17516067607,1384.2994579810652,1393.6128086487743,1048.4357339825217,1220.2447651582938
2322,Prov. Sumatera Barat,Kota Padang,P,S2 Terapan,4,19.0,4.458727906407615,6.9970506407174735,6.173927450194638,4.878284816867617,5.65933640374648,10.423990285391366,10.12769135813122
2323,Prov. Sumatera Barat,Kota Padang,P,S3,196,1022.0,239.8326273867675,167.3309504690707,174.76620097405532,222.45144337033142,171.32536907550877,204.7678979897957,193.61632488592207
2324,Prov. Sumatera Barat,Kota Padang,P,Sp-1,54,291.0,68.2889379349798,65.58359135002148,74.86881000614031,102.83292381227352,73.48645726050113,76.49385667706397,54.164196691670014
2325,Prov. Sumatera Barat,Kota Padang,P,Sp-2,1,2.0,0.46933977962185425,0.7833142879037249,0.8516463439217804,0.8168441584368207,0.6358506852129832,2.541299831479775,2.2682466538760933
2326,Prov. Sumatera Barat,Kota Padang Panjang,L,D3,4,11.0,2.5813687879201983,2.8384483552503377,2.459674661481788,2.454710779232447,2.2393881090044916,3.469811403028431,3.9129400274096224
2327,Prov. Sumatera Barat,Kota Padang Panjang,L,S1,258,1793.0,420.76311243099235,293.02304787347583,262.14765369443126,266.8263085341913,248.1054409036419,299.46104288449743,304.17302619653606
2328,Prov. Sumatera Barat,Kota Padang Panjang,L,S2,24,82.0,19.242930964496026,23.25346121781832,21.472901441483558,20.4382137301653,20.221939973708853,22.19722475408635,25.148872584392162
2329,Prov. Sumatera Barat,Kota Padang Panjang,L,S2 Terapan,2,7.0,1.6426892286764898,2.6574623307037846,2.2652955300826734,1.8918457551344257,2.413057657517656,2.426697496306381,2.805317378711473
2330,Prov. Sumatera Barat,Kota Padang Panjang,P,D3,48,81.0,19.008261074685098,24.850278293122965,21.744084478119014,22.341183224338295,21.779602217734418,25.033164881471258,24.983416144638834
2331,Prov. Sumatera Barat,Kota Padang Panjang,P,D4,28,343.0,80.49177220514801,68.55047231720626,61.75740390205081,66.40061807631079,62.673178366138046,59.36276475539002,61.200187611461395
2332,Prov. Sumatera Barat,Kota Padang Panjang,P,S1,271,1841.0,432.0272671419168,349.08119723627993,313.1019124917723,324.79130065734597,340.8013995122563,361.0508890922327,356.1684181951329
2333,Prov. Sumatera Barat,Kota Padang Panjang,P,S2,9,56.0,13.141513829411918,17.627415388568142,16.108943877979875,15.344664771654967,13.91799934152027,15.716606991146636,21.267076658499434
2334,Prov. Sumatera Barat,Kota Padang Panjang,P,S2 Terapan,1,5.0,1.1733494490546357,1.9700035101724491,1.6294735631849075,1.3246550098330094,1.6903283546200822,2.402389083612921,2.5922904779264626
2335,Prov. Sumatera Barat,Kota Pariaman,L,D3,3,19.0,4.458727906407615,3.9965491223647707,3.3143159654718546,3.0682243553737027,5.531632457684609,5.614113085552256,5.518905199203997
2336,Prov. Sumatera Barat,Kota Pariaman,L,Profesi,38,66.0,15.48821272752119,43.72955251708522,31.305381875928674,24.346248639826932,55.77883987803536,39.853001973427375,44.78438368682078
2337,Prov. Sumatera Barat,Kota Pariaman,L,S1,135,1024.0,240.30196716638937,149.83962064005328,131.92520590485398,129.25677561654274,173.48452738632136,169.24388185910482,158.99991601487235
2338,Prov. Sumatera Barat,Kota Pariaman,P,D3,35,180.0,42.24058016596688,52.35985279516349,45.82960415674844,46.48944652413964,58.66957882699117,58.19210505724124,54.27057559077951
2339,Prov. Sumatera Barat,Kota Pariaman,P,Profesi,252,461.0,108.18281920283741,386.22318550665216,284.2696233891198,233.46331033323307,337.78102793902826,162.0301184730241,280.75559093076515
2340,Prov. Sumatera Barat,Kota Pariaman,P,S1,611,2357.0,553.1169302843552,419.919524574039,375.9064373143486,382.993837710041,469.92349753028645,426.91239559543493,410.4220197216376
2341,Prov. Sumatera Barat,Kota Payakumbuh,L,D3,6,87.0,20.41628041355066,11.078490928574379,8.134513848954695,5.969358984012257,6.450849904174873,10.48215389237182,11.611819718467903
2342,Prov. Sumatera Barat,Kota Payakumbuh,L,S1,130,849.0,199.23473644947714,113.62834562266747,100.01465125824447,91.90923968756914,92.37239904229567,118.23442016387649,111.10127555051147
2343,Prov. Sumatera Barat,Kota Payakumbuh,P,D3,4,34.0,7.978776253571522,7.239417958617702,5.931298715352583,5.157942350575966,4.654863372231802,7.117309836024034,5.486896311452234
2344,Prov. Sumatera Barat,Kota Payakumbuh,P,S1,160,639.0,149.95405958918244,111.76738064451264,102.12622297338928,100.46577010924685,91.56640826314333,118.48446305720407,109.03850823441601
2345,Prov. Sumatera Barat,Kota Solok,L,D3,22,132.0,30.97642545504238,28.91089142428598,24.407931091991994,22.46991493501138,25.65798284589832,28.094668373985968,24.437599043765573
2346,Prov. Sumatera Barat,Kota Solok,L,S1,102,874.0,205.1014836947503,98.65536230519265,80.92383674985571,69.87148690974685,83.02739529159415,95.67352029979014,101.21700440702524
2347,Prov. Sumatera Barat,Kota Solok,P,D3,54,223.0,52.33138542783675,71.64486364182977,64.97649774107636,67.0664721493704,68.38390015654122,56.42065295018475,52.80642718046401
2348,Prov. Sumatera Barat,Kota Solok,P,S1,190,1312.0,307.8868954319364,200.58726487724147,172.75287145239142,161.5435623400984,162.5725255116483,147.9362297265303,174.51027301405583
2349,Prov. Sumatera Selatan,Kab. Banyuasin,L,S1,2,136.0,32.00469705329824,24.61562187721661,20.89853887535791,22.285878472664063,22.712734175905464,23.19576923743524,19.426677881248082
2350,Prov. Sumatera Selatan,Kab. Banyuasin,P,S1,12,128.0,30.12206781486893,25.66701237434301,21.578837996444236,23.071364907636738,26.355121917416042,23.71100197996453,18.126669891369524
2351,Prov. Sumatera Selatan,Kab. Lahat,L,S1,56,294.0,69.18662451227708,48.74156387419121,43.08096294941715,44.391873471388045,45.38410076085299,42.31592077639733,36.46616403480947
2352,Prov. Sumatera Selatan,Kab. Lahat,L,S2,44,49.0,11.531104085379512,16.737518671513435,15.928938576749552,16.476731244043567,17.654021780417253,8.472368112948722,6.447239726970964
2353,Prov. Sumatera Selatan,Kab. Lahat,P,S1,103,377.0,88.71890286098115,72.88895552373563,64.81397889437557,68.21994658660732,71.85250926884706,54.7426664298705,44.828917849963666
2354,Prov. Sumatera Selatan,Kab. Lahat,P,S2,40,63.0,14.825705252630803,24.01944487133204,22.688613139528808,23.593642681911035,24.45724825647519,15.853401229234214,15.427845794818593
2355,Prov. Sumatera Selatan,Kab. Muara Enim,L,D1,34,34.0,8.00117426332456,28.74431211151956,11.28554686233913,11.070212269040915,26.34279114112918,14.779295496271832,19.60888873496308
2356,Prov. Sumatera Selatan,Kab. Muara Enim,L,S1,56,404.0,95.07277654068007,58.12677212459156,49.904199634835,49.51096303191128,54.3605893582865,57.917650423790626,54.79676652836772
2357,Prov. Sumatera Selatan,Kab. Muara Enim,L,S2,11,22.0,5.177230405680597,6.434361055090924,5.911896381233789,5.870177815161208,6.89578208469449,4.930492717680051,4.444882922362678
2358,Prov. Sumatera Selatan,Kab. Muara Enim,P,D1,9,9.0,2.1179578932329717,8.365417480744714,3.244720375078312,3.182284043962057,6.550287739224458,6.406689358115916,7.169634611103964
2359,Prov. Sumatera Selatan,Kab. Muara Enim,P,S1,114,434.0,102.13263618478997,79.733411139125,70.83474885886552,74.17844143427696,83.56549240341471,73.12063773779029,73.93941010148579
2360,Prov. Sumatera Selatan,Kab. Muara Enim,P,S2,3,5.0,1.1766432740183177,1.5756674867258313,1.4213196857224566,1.4007845448063045,1.479193361662084,2.1376929527360735,2.139487514820459
2361,Prov. Sumatera Selatan,Kab. Musi Banyu Asin,L,D3,23,83.0,19.53227834870407,23.502657633095755,20.92614076054131,22.102348994969766,20.7206326632285,27.30273273742088,29.536479586020793
2362,Prov. Sumatera Selatan,Kab. Musi Banyu Asin,L,S1,113,588.0,138.37324902455416,91.71670069833175,80.75028699642952,81.91172105832378,85.77680846273456,71.86581094943466,60.66887106342077
2363,Prov. Sumatera Selatan,Kab. Musi Banyu Asin,P,D3,24,85.0,20.0029356583114,27.92457253514877,24.975343617846967,26.89363152990268,21.592779771723755,27.421074484963224,30.076352399979427
2364,Prov. Sumatera Selatan,Kab. Musi Banyu Asin,P,S1,118,748.0,176.02583379314032,131.89552737180827,115.71445857633466,118.54835201771482,126.9492724656548,130.73857265599673,133.05491256781372
2365,Prov. Sumatera Selatan,Kab. Ogan Ilir,L,D3,91,572.0,134.60799054769552,213.5516487706215,144.23034793386475,129.3788306523839,181.1781090073281,156.99401556253153,159.9214914160505
2366,Prov. Sumatera Selatan,Kab. Ogan Ilir,L,Profesi,2805,499.0,117.4289987470281,704.4715701403387,457.61488834500506,373.8665784704902,1308.5202173870455,672.8992049068576,492.2483536668914
2367,Prov. Sumatera Selatan,Kab. Ogan Ilir,L,S1,2481,13029.0,3066.097043436932,3137.360609730881,2220.336359172336,2007.4198788006463,2077.2706519320172,2447.7414820665645,1963.103209193254
2368,Prov. Sumatera Selatan,Kab. Ogan Ilir,L,S2,296,937.0,220.5029495510327,401.3421330679484,292.5622890191316,251.47429002178586,504.8326059990346,200.144467949014,252.8877225643369
2369,Prov. Sumatera Selatan,Kab. Ogan Ilir,L,S3,58,450.0,105.89789466164858,98.88292165443384,75.10495558535087,85.56415731199073,170.94838454393314,100.1153716919236,89.9249881472213
2370,Prov. Sumatera Selatan,Kab. Ogan Ilir,L,Sp-1,67,330.0,77.65845608520897,84.43254661406479,71.41234879707638,86.60391921443535,107.56808326838907,77.07769864352437,69.72598331114129
2371,Prov. Sumatera Selatan,Kab. Ogan Ilir,L,Sp-2,7,26.0,6.118545024895251,12.056490748878609,9.912888098622636,8.387949869912362,23.972028967079957,9.397486128957524,8.269074347903445
2372,Prov. Sumatera Selatan,Kab. Ogan Ilir,P,D3,122,807.0,189.91022442655645,365.60724381186674,252.14886546709772,233.80337488187317,289.6267677238508,171.6752043496768,164.18011422270635
2373,Prov. Sumatera Selatan,Kab. Ogan Ilir,P,Profesi,5712,1363.0,320.75295649739337,2195.634065629818,1425.3153220154927,1180.0438287427564,3775.5367788161434,1382.6908767790842,1300.397765334229
2374,Prov. Sumatera Selatan,Kab. Ogan Ilir,P,S1,4424,21704.0,5107.573123858713,6064.862422850284,4307.923126505954,3974.595089593154,4403.757143203031,3874.277749328771,3569.678748446349
2375,Prov. Sumatera Selatan,Kab. Ogan Ilir,P,S2,441,1231.0,289.6895740633098,640.5964211737302,475.8193269325721,423.9930091320695,756.3960491361928,301.1000373427038,328.8708834011787
2376,Prov. Sumatera Selatan,Kab. Ogan Ilir,P,S3,61,354.0,83.30634380049689,95.60563238313202,74.2573689156769,88.06891365820304,147.80919902607027,101.42861818056761,93.68703616114452
2377,Prov. Sumatera Selatan,Kab. Ogan Ilir,P,Sp-1,72,379.0,89.18956017058848,105.7504804919732,88.13999888591873,106.55866725293956,137.99034148452648,111.38881280059428,99.68961758562052
2378,Prov. Sumatera Selatan,Kab. Ogan Ilir,P,Sp-2,12,23.0,5.412559060484261,11.72593581301248,9.524578527421522,8.058045488559493,26.05908894608276,8.36982169076602,6.231860259675314
2379,Prov. Sumatera Selatan,Kab. Ogan Komering Ilir,L,S1,136,1188.0,279.57044190675225,177.32100231741364,161.054268015361,162.39928848738313,180.69514583903214,195.52604062658014,171.73776369895364
2380,Prov. Sumatera Selatan,Kab. Ogan Komering Ilir,P,D3,15,48.0,11.29577543057585,15.480380379216738,14.39662898986277,15.553547262403153,17.50396757155304,12.61134244786732,13.927431531739582
2381,Prov. Sumatera Selatan,Kab. Ogan Komering Ilir,P,S1,179,1492.0,351.110352967066,274.0996400652389,254.69634032546972,267.49802743404746,289.4588271613048,237.60496473962576,240.47096465531763
2382,Prov. Sumatera Selatan,Kab. Ogan Komering Ulu,L,D3,6,19.0,4.471244441269607,5.796164577478624,5.686892400343417,6.185498455137827,8.548453581307026,6.141061421964665,5.898494169775505
2383,Prov. Sumatera Selatan,Kab. Ogan Komering Ulu,L,S1,336,2037.0,479.3644698350626,316.62029521241413,299.46074598065064,304.49139547950205,342.2780487600616,335.6453516795475,307.053832199934
2384,Prov. Sumatera Selatan,Kab. Ogan Komering Ulu,L,S2,27,83.0,19.53227834870407,24.428666905211234,24.22056236734839,23.991975441476562,33.56076873763624,20.5469089859971,23.89258181390409
2385,Prov. Sumatera Selatan,Kab. Ogan Komering Ulu,P,D3,44,114.0,26.82746664761764,37.498263818882315,36.128212328034145,39.01329498005382,41.78827817405983,43.00111788321788,43.53664515575026
2386,Prov. Sumatera Selatan,Kab. Ogan Komering Ulu,P,Profesi,14,17.0,4.00058713166228,24.637713739597704,23.647275436035454,24.875397048487763,42.786504610316626,11.491420547979354,9.251128044028636
2387,Prov. Sumatera Selatan,Kab. Ogan Komering Ulu,P,S1,477,2594.0,610.4425305607032,488.31496156591294,469.8659805761656,495.00011905801,553.6367238593265,483.02067561894336,472.27250918800405
2388,Prov. Sumatera Selatan,Kab. Ogan Komering Ulu,P,S2,31,106.0,24.944837409188334,39.47860120602416,40.39027290308981,42.09254176711441,47.536505235229356,37.98407866843343,46.038752457817914
2389,Prov. Sumatera Selatan,Kab. Ogan Komering Ulu Timur,L,S1,499,2581.0,607.3832580482556,347.770379549608,296.1832324253924,290.08767255998674,316.86166678102035,314.5322326186244,290.86141262815227
2390,Prov. Sumatera Selatan,Kab. Ogan Komering Ulu Timur,L,S2,36,67.0,15.767019871845456,12.407890409878313,10.029282726331163,8.522341834396551,9.19187116522754,13.012888087569241,15.863760346321905
2391,Prov. Sumatera Selatan,Kab. Ogan Komering Ulu Timur,P,S1,602,3169.0,745.7565070728097,521.6960158459952,453.2772094270475,461.40557568231776,449.5968738939475,500.18897770869154,459.6408800298319
2392,Prov. Sumatera Selatan,Kab. Ogan Komering Ulu Timur,P,S2,44,59.0,13.884390633416148,14.868962909990739,12.684143910642247,11.642138094787862,12.435349780712231,14.100400856984683,14.63821074772715
2393,Prov. Sumatera Selatan,Kab. Penukal Abab Lematang Ilir,L,S1,4,30.0,7.059859644109905,2.9092419405616488,2.083420098364664,1.7471216469271353,1.9374721085608477,5.1899618327622985,6.897652869885499
2394,Prov. Sumatera Selatan,Kab. Penukal Abab Lematang Ilir,P,S1,7,45.0,10.58978946616486,5.1661171278282545,3.7396285502106155,3.220610081383723,3.670973148835206,10.508850201995697,11.408909696307342
2395,Prov. Sumatera Selatan,Kota Lubuk Linggau,L,D3,4,6.0,1.4119719288219812,1.0314626230266497,0.8803873036592538,0.7906190961705915,1.6526847129836633,1.874719994697443,1.6393121096142174
2396,Prov. Sumatera Selatan,Kota Lubuk Linggau,L,Profesi,450,234.0,55.066905224057265,302.7040193209198,303.79295991395975,322.622820943083,258.57648859050977,232.71626641082625,229.0892233172169
2397,Prov. Sumatera Selatan,Kota Lubuk Linggau,L,S1,580,3634.0,855.1843315565133,552.5409182978024,539.2327589085211,552.8650095579188,533.3565387992159,563.3174273426437,555.7292951559234
2398,Prov. Sumatera Selatan,Kota Lubuk Linggau,L,S2,68,207.0,48.71303154435835,65.1077091430454,68.46669424540565,70.60355981342546,73.3276957626373,74.89245521633103,81.46256264536875
2399,Prov. Sumatera Selatan,Kota Lubuk Linggau,P,D3,30,86.0,20.238264313115064,25.862057223679884,25.180712308552785,26.751443627615355,27.42125403472332,25.640014602677482,24.21049922324581
2400,Prov. Sumatera Selatan,Kota Lubuk Linggau,P,Profesi,2046,1096.0,257.9202056648152,1557.203527276153,1543.4327503505149,1638.2273670586999,1204.2070871898284,1112.032595065093,1097.9711484321026
2401,Prov. Sumatera Selatan,Kota Lubuk Linggau,P,S1,1024,5289.0,1244.6532552565764,970.170915239998,961.8250558120287,1020.5524779289676,1045.446127984122,1008.628590515915,975.9263069012966
2402,Prov. Sumatera Selatan,Kota Lubuk Linggau,P,S2,67,168.0,39.53521400701547,62.257917345409616,66.07963989622542,69.85998980403328,64.0701811668031,63.634101858955546,69.62852206663594
2403,Prov. Sumatera Selatan,Kota Pagar Alam,L,S1,154,639.0,150.37501041954098,90.92430923143284,80.18674269595101,78.76823750313112,100.02884505975985,86.61571247046858,78.06810501546448
2404,Prov. Sumatera Selatan,Kota Pagar Alam,P,S1,425,1063.0,250.15436005629434,193.2010549460998,176.42875562436865,182.84960811514688,208.75609420613665,188.84953716864217,168.32006984879922
2405,Prov. Sumatera Selatan,Kota Palembang,L,D3,1628,5327.0,1253.5957441391156,1493.842178529696,1594.547798496567,1705.6021545340227,1348.0587147257543,1084.298948777011,1195.8552444148036
2406,Prov. Sumatera Selatan,Kota Palembang,L,D4,595,3142.0,739.4026333931108,570.0482535277632,620.9131195876872,717.4758223255589,552.937269660501,645.6121071068586,603.765892097048
2407,Prov. Sumatera Selatan,Kota Palembang,L,Profesi,1793,619.0,145.6684373234677,760.9669912109147,807.930483327356,840.2998847387828,899.0362182882458,541.0439037495547,657.371383315342
2408,Prov. Sumatera Selatan,Kota Palembang,L,S1,5234,35673.0,8394.879102811088,4831.27123007198,4874.720546971262,4794.836927145974,4975.767948419878,5690.696666746074,4893.187908790116
2409,Prov. Sumatera Selatan,Kota Palembang,L,S2,818,2085.0,490.6602452656384,550.2581920506628,588.99914714373,568.6141859686041,619.2237023179592,515.5022665319697,595.7899195197276
2410,Prov. Sumatera Selatan,Kota Palembang,L,S2 Terapan,2,8.0,1.8826292384293082,2.8370133787052767,2.9683657732387365,2.599663763631233,3.421399071553331,4.757902899785305,4.176164651516366
2411,Prov. Sumatera Selatan,Kota Palembang,L,S3,39,198.0,46.595073651125375,24.810277056409163,27.015227132501916,33.61080351970541,29.58474036059982,28.63347903721909,30.24104114094993
2412,Prov. Sumatera Selatan,Kota Palembang,P,D3,2764,8943.0,2104.5441599091628,2821.7095509166156,2996.888413600902,3232.030360998344,2676.9126251854273,2509.8072054763297,2874.9123736183087
2413,Prov. Sumatera Selatan,Kota Palembang,P,D4,1106,4583.0,1078.51122496519,921.6013027765651,997.4388424221909,1152.084026835327,842.8411948385631,1016.1662186424215,919.8475397963589
2414,Prov. Sumatera Selatan,Kota Palembang,P,Profesi,7488,2774.0,652.8016884253626,3712.477043888293,3881.908972438585,4022.504592491693,2618.5259645668393,3856.427496174705,4126.786429921072
2415,Prov. Sumatera Selatan,Kota Palembang,P,S1,9090,45052.0,10602.026556214649,7652.904685148222,7936.320124784813,8196.33241458771,8184.968165178298,9763.755210246034,8006.113328846835
2416,Prov. Sumatera Selatan,Kota Palembang,P,S2,910,1941.0,456.7729189739109,628.4357392578286,687.4974581018466,690.4709094364155,657.4457469059636,582.9192982585636,683.5464610509468
2417,Prov. Sumatera Selatan,Kota Palembang,P,S2 Terapan,3,3.0,0.7059859644109906,1.3436671912293683,1.44983862027478,1.334945370667144,1.9775225229831266,2.1796749566394986,1.6112455891108428
2418,Prov. Sumatera Selatan,Kota Palembang,P,S3,13,79.0,18.590963729489417,11.763196925820436,12.96215200079604,16.584575042608666,12.664728518211684,10.999988275986798,10.451084401514237
2419,Prov. Sumatera Selatan,Kota Prabumulih,L,D3,62,246.0,57.89084908170123,60.94554119144412,54.528416748277344,54.71205940322828,55.78106924134539,60.911956427761396,51.84148196084955
2420,Prov. Sumatera Selatan,Kota Prabumulih,L,S1,48,473.0,111.31045372213285,62.47683820871926,54.71815169275982,52.10837235790337,58.44317869037396,63.353196646480804,46.50033624128379
2421,Prov. Sumatera Selatan,Kota Prabumulih,P,D3,26,166.0,39.06455669740814,50.55960533699981,46.26256777941519,48.327263220925644,49.37394701652977,49.61896582229312,45.51147175821811
2422,Prov. Sumatera Selatan,Kota Prabumulih,P,S1,132,777.0,182.85036478244655,134.6468716992432,123.05420493198086,124.91079025156316,124.42561090579085,133.7262286307789,141.05263412145345
2423,Prov. Sumatera Utara,Kab. Asahan,L,D3,1,22.0,5.093427495992518,6.942280889970279,6.8446673710262225,7.548530543432296,5.685478641076788,7.002929273479873,5.780003951436572
2424,Prov. Sumatera Utara,Kab. Asahan,L,Profesi,456,211.0,48.85060007520097,331.8520666567446,297.99469535311323,314.14169471142515,258.37409321271633,449.83518265211825,414.88960641876105
2425,Prov. Sumatera Utara,Kab. Asahan,L,S1,647,5495.0,1272.1992768399496,695.1870270075652,554.1297390981819,516.8218260321631,711.9147424290949,718.179679592873,760.6859811469865
2426,Prov. Sumatera Utara,Kab. Asahan,L,S2,9,49.0,11.344452150165155,13.659102479993193,11.685644814044528,11.247413526122259,15.374076730413604,15.256074635175938,18.003367003492798
2427,Prov. Sumatera Utara,Kab. Asahan,P,D3,50,132.0,30.56056497595511,40.664524175466696,37.18434109296583,39.28729238965873,48.20007032490681,48.13351249213491,45.49894700238246
2428,Prov. Sumatera Utara,Kab. Asahan,P,Profesi,2219,1249.0,289.16777011339343,2022.126042805532,1733.5921529791556,1785.5618455623624,2167.6402573858586,1496.9434279796687,1539.9614235852089
2429,Prov. Sumatera Utara,Kab. Asahan,P,S1,1466,7414.0,1716.4850661494786,1271.662779890075,1124.890937914993,1135.0537882635156,1317.7915418833563,1292.00720932765,1257.363979471946
2430,Prov. Sumatera Utara,Kab. Asahan,P,S2,5,14.0,3.24127204290433,5.085562926905796,4.725014904875487,4.8489937852954945,6.003959052861584,3.40677760459831,2.324389246975075
2431,Prov. Sumatera Utara,Kab. Batubara,P,S1,15,2.0,0.46303886327204713,0.4132477166267743,0.32033573568987306,0.37588220805644834,0.32484294466908575,2.1414521592418403,2.36538152041698
2432,Prov. Sumatera Utara,Kab. Dairi,L,S1,57,800.0,185.21554530881886,74.92876670155955,43.89116815177506,37.83460823443439,39.79828189741285,118.92052455359445,125.37513235739483
2433,Prov. Sumatera Utara,Kab. Dairi,P,S1,147,1235.0,285.9264980704891,122.63733822539963,69.6992504324057,59.346928239168456,63.76254948486671,117.1566767424848,134.22250802706603
2434,Prov. Sumatera Utara,Kab. Deli Serdang,L,D3,79,806.0,186.604661898635,151.22915972217518,128.87141971953415,118.16388686211803,165.23525163939803,172.12770334549572,146.3370170014947
2435,Prov. Sumatera Utara,Kab. Deli Serdang,L,D4,100,769.0,178.0384429281021,112.49879826989292,110.48017333123757,116.94464432214903,133.2084232475694,144.38552833468378,131.85619239088092
2436,Prov. Sumatera Utara,Kab. Deli Serdang,L,Profesi,256,329.0,76.16989300825175,333.55348268386257,270.5665061153833,244.34755835832652,551.2971589373442,548.0323105507622,540.2115698467696
2437,Prov. Sumatera Utara,Kab. Deli Serdang,L,S1,1860,11075.0,2564.077705368961,1563.189721928886,1518.9865114504234,1487.3256094171245,1829.2362556380883,1806.2834559708317,1795.039834109475
2438,Prov. Sumatera Utara,Kab. Deli Serdang,L,S2,196,687.0,159.05384953394818,176.86621264940223,166.3616911355324,156.71923034734158,214.6656448771215,153.1509376815266,171.57926082548687
2439,Prov. Sumatera Utara,Kab. Deli Serdang,L,S3,10,47.0,10.881413286893107,8.255667667108751,10.01378108300963,14.60442197897822,6.241591236062041,6.778267606344264,6.337702687040791
2440,Prov. Sumatera Utara,Kab. Deli Serdang,P,D3,201,957.0,221.56409607567454,235.0412000967016,218.05320848000662,213.53068494219548,328.1765601801181,266.83854606731467,289.90820864190846
2441,Prov. Sumatera Utara,Kab. Deli Serdang,P,D4,420,1634.0,378.30275129326253,286.787151017548,292.29400785244314,319.26715375228133,344.65378990121985,349.1995775866221,374.33240340516375
2442,Prov. Sumatera Utara,Kab. Deli Serdang,P,Profesi,2032,2428.0,562.1291800122652,2910.7599081739754,2431.5846566437062,2258.597173652725,4877.682486410444,1777.5115363010298,2830.9471264593767
2443,Prov. Sumatera Utara,Kab. Deli Serdang,P,S1,4025,19848.0,4595.197679111796,3403.5862057414683,3456.680893323129,3514.477933147438,3892.5023129583988,3548.5572717009745,3548.7363644584407
2444,Prov. Sumatera Utara,Kab. Deli Serdang,P,S2,338,1234.0,285.69497863885306,340.4395273610195,312.5076206557588,291.9486414232941,393.44575045813457,292.0586263120744,374.4619701997962
2445,Prov. Sumatera Utara,Kab. Deli Serdang,P,S3,2,26.0,6.019505222536613,4.763775486104524,5.556592361342952,7.956686401112234,5.067516305882191,7.176455994336617,5.124868994732122
2446,Prov. Sumatera Utara,Kab. Humbang Hasudutan,L,D3,9,23.0,5.324946927628542,7.055810393444504,5.422761639631379,6.431499527153583,6.657811774796551,7.038585317395665,5.268624731749753
2447,Prov. Sumatera Utara,Kab. Humbang Hasudutan,L,S1,2,21.0,4.861908064356495,3.9870031451037975,3.140212021695717,3.694367897388627,2.402071457160627,5.871875012683083,4.761875654459491
2448,Prov. Sumatera Utara,Kab. Humbang Hasudutan,P,D3,34,123.0,28.4768900912309,39.61818882863655,29.385650037469084,34.30197699719229,35.301624284416064,24.792558079333414,37.8658595242075
2449,Prov. Sumatera Utara,Kab. Humbang Hasudutan,P,S1,7,44.0,10.186854991985037,8.646746336531368,6.521467758984623,7.511428360552711,5.085134107908027,8.136814884175173,8.562684061556128
2450,Prov. Sumatera Utara,Kab. Karo,L,D3,26,87.0,20.14219055233405,22.59442443722242,17.96976830107122,19.255375024986083,21.905846860206218,19.09450690072499,18.94000500818699
2451,Prov. Sumatera Utara,Kab. Karo,L,Profesi,1,5.0,1.1575971581801179,7.7293382978588525,6.1692761332191735,6.748659578016676,11.491225053937459,2.9685525441532703,3.0602241469379985
2452,Prov. Sumatera Utara,Kab. Karo,L,S1,111,876.0,202.81102211315664,119.37651299802832,88.90589356503506,88.89456441909508,94.7386189470262,127.8325543815715,138.1821761726747
2453,Prov. Sumatera Utara,Kab. Karo,P,D3,76,261.0,60.42657165700215,79.6016156691266,64.95375527250616,71.40389531711294,89.79294474969477,63.482984103564505,65.0359466672294
2454,Prov. Sumatera Utara,Kab. Karo,P,Profesi,1,5.0,1.1575971581801179,8.41192708081006,6.607998360978972,7.209720825771694,10.093687232785413,3.0459525697749075,3.1452123416730062
2455,Prov. Sumatera Utara,Kab. Karo,P,S1,209,1197.0,277.1287596683202,182.95348676577882,136.32700780519224,137.47923634636285,149.5318236886696,203.8562992820198,181.77244896094197
2456,Prov. Sumatera Utara,Kab. Labuhan Batu,L,D3,9,105.0,24.309540321782475,13.435066391420813,7.948864317575539,6.445488290888441,15.453786846898256,17.308800807305953,16.651902670125715
2457,Prov. Sumatera Utara,Kab. Labuhan Batu,L,Profesi,241,248.0,57.416819045733845,144.3054718905656,73.96247298892608,55.414488496927575,142.4718831643595,274.46097598643547,276.32003946162706
2458,Prov. Sumatera Utara,Kab. Labuhan Batu,L,S1,589,4640.0,1074.2501627911493,687.2659889739813,586.8483212486998,596.4397994494711,729.1142366075309,746.8430470446663,667.4528077432551
2459,Prov. Sumatera Utara,Kab. Labuhan Batu,L,S2,32,146.0,33.80183701885944,55.92035594201732,55.93121284595534,62.20946050036904,49.35764972745762,37.87093277958536,41.620339828714606
2460,Prov. Sumatera Utara,Kab. Labuhan Batu,P,D3,52,229.0,53.017949844649394,55.01785842346634,43.16087425851198,42.72279219898461,53.218189108688165,31.339548694719213,32.36304607597787
2461,Prov. Sumatera Utara,Kab. Labuhan Batu,P,Profesi,956,975.0,225.73144584512298,622.333475954506,315.2906008964983,236.29822341818928,560.0675953846298,998.6857332830417,1051.37590674853
2462,Prov. Sumatera Utara,Kab. Labuhan Batu,P,S1,887,5327.0,1233.3040123250976,963.3106017448744,862.057847674431,911.9822340334457,998.416019083672,997.1042627972712,991.9037126645297
2463,Prov. Sumatera Utara,Kab. Labuhan Batu,P,S2,13,65.0,15.048763056341532,27.094654120976625,26.671685095716853,29.588153464918065,21.688453972370503,25.321448675450313,22.678954040292474
2464,Prov. Sumatera Utara,Kab. Labuhan Batu Utara,L,S1,8,26.0,6.019505222536613,4.534625762024393,3.4096633407648267,3.887201901617444,2.4564398822988283,5.646343977203773,4.423150510326266
2465,Prov. Sumatera Utara,Kab. Labuhan Batu Utara,P,S1,41,67.0,15.511801919613578,11.361453469062305,7.905516121997542,8.621474456899753,14.242047722975014,15.258967228392395,13.21805839484414
2466,Prov. Sumatera Utara,Kab. Langkat,L,D3,1,21.0,4.861908064356495,6.119450115381478,5.498707093539302,6.14025267927923,6.204791803384589,4.866440379678774,4.778416470524273
2467,Prov. Sumatera Utara,Kab. Langkat,L,Profesi,1,16.0,3.704310906176377,21.336200162120203,16.66544311522185,17.235053980264098,14.866025175600337,8.569598918766559,12.064520614952679
2468,Prov. Sumatera Utara,Kab. Langkat,L,S1,140,1400.0,324.127204290433,249.6454046456614,228.4702692825363,252.01552879007153,246.29561562373263,194.21322146283453,182.46439795765028
2469,Prov. Sumatera Utara,Kab. Langkat,P,D3,58,467.0,108.119574574023,153.8949626823511,138.98244580915713,157.00860817608856,171.44779640731554,112.67350130752516,143.25257099361139
2470,Prov. Sumatera Utara,Kab. Langkat,P,Profesi,5,42.0,9.72381612871299,64.6650108115606,51.34278008572694,54.13155502659919,37.99242745113488,35.60813038419991,36.87502796139485
2471,Prov. Sumatera Utara,Kab. Langkat,P,S1,454,3097.0,717.015679776765,620.8660260383512,569.2408941550863,633.8487278203312,1049.6819703131548,535.0698232382085,540.0343075559139
2472,Prov. Sumatera Utara,Kab. Mandailing Natal,L,S1,130,1170.0,270.87773501414756,164.14810629418463,130.68456436183467,128.30270058201245,146.7347334318847,121.87919048744985,128.62356465734962
2473,Prov. Sumatera Utara,Kab. Mandailing Natal,P,D3,65,214.0,49.54515837010904,70.40890533496808,63.00550487677403,69.19627012560287,69.90566368901935,50.074789346213,39.85497938186228
2474,Prov. Sumatera Utara,Kab. Mandailing Natal,P,S1,349,2249.0,520.687201749417,381.19168006770497,316.2256403503621,321.8661617940459,388.12405269518416,356.49062748743575,353.3174355579799
2475,Prov. Sumatera Utara,Kab. Nias Barat,L,S1,12,44.0,10.186854991985037,8.567582801601603,7.466149494197256,7.746480202976493,8.72620660236415,12.27379039965099,7.892389364596355
2476,Prov. Sumatera Utara,Kab. Nias Barat,P,S1,14,65.0,15.048763056341532,14.35486587416916,12.592633036980727,13.232169778512903,17.077546155603958,19.632479365601334,16.242825625391532
2477,Prov. Sumatera Utara,Kab. Nias Selatan,L,D3,2,44.0,10.186854991985037,5.063498631830853,2.5397410284766644,1.9363457225494647,4.918832895360031,10.82786207196858,11.705111434295999
2478,Prov. Sumatera Utara,Kab. Nias Selatan,L,S1,212,2793.0,646.6337725594138,268.74007201481385,162.8203929362144,137.6565255649985,133.7535307374016,257.82559560092346,234.43804812435346
2479,Prov. Sumatera Utara,Kab. Nias Selatan,P,D3,9,40.0,9.260777265440943,6.650749577340838,3.833008925130684,3.237348798206901,4.419380625368964,11.997250528116977,12.384616224883535
2480,Prov. Sumatera Utara,Kab. Nias Selatan,P,S1,369,2704.0,626.0285431438077,336.817080312043,220.82170787591087,198.57246963292098,281.03434950019783,279.61366494853803,249.14725266890974
2481,Prov. Sumatera Utara,Kab. Padang Lawas,L,S1,40,313.0,72.46558210207537,25.658991307243383,12.958623613912474,10.92045778998304,19.66341394646021,29.03657127797851,28.719506945585877
2482,Prov. Sumatera Utara,Kab. Padang Lawas,P,S1,171,844.0,195.4024003008039,73.76439075071765,36.25441677278838,30.240884590119585,55.435471949003784,95.61022694138686,104.81844690224166
2483,Prov. Sumatera Utara,Kab. Padang Lawas utara,L,S1,174,485.0,112.28692434347143,70.43083246013343,55.7425141416432,57.59163289310443,74.03856165313042,52.90944802673894,52.249525114833915
2484,Prov. Sumatera Utara,Kab. Padang Lawas utara,P,D3,101,255.0,59.03745506718601,82.44152004494305,71.28423219806918,80.81536082250781,99.26290020004396,56.67084777536624,59.70277232908824
2485,Prov. Sumatera Utara,Kab. Padang Lawas utara,P,Profesi,9,29.0,6.714063517444683,39.82214436590307,28.736070925046437,29.34949656817342,26.216637699500073,22.409035265413316,19.931351232580752
2486,Prov. Sumatera Utara,Kab. Padang Lawas utara,P,S1,209,772.0,178.7330012230102,127.0330305581292,101.1579028478324,105.81093550190955,141.00308038498824,133.59925214169883,133.41428909256433
2487,Prov. Sumatera Utara,Kab. Simalungun,L,D3,31,233.0,53.94402757119349,37.1232783953859,23.39939370706286,20.84315907238635,29.611402631648062,22.42918560847044,22.681275418434993
2488,Prov. Sumatera Utara,Kab. Simalungun,L,S1,167,747.0,172.9450154321096,136.73773569321534,123.8523962450591,137.6224288719277,155.43707808359198,180.37216391920995,198.42684306902206
2489,Prov. Sumatera Utara,Kab. Simalungun,L,S2,5,43.0,9.955335560349013,16.045726005996013,14.952087172036364,16.681368713230032,16.30457000787861,13.875532196767711,16.499322905218893
2490,Prov. Sumatera Utara,Kab. Simalungun,P,D3,35,339.0,78.48508732461198,70.92319237472474,48.751814080478,46.432886094414265,70.51451872106244,40.641613015254,63.29285802498362
2491,Prov. Sumatera Utara,Kab. Simalungun,P,S1,410,1824.0,422.29144330410696,372.77413496909884,336.9846418234417,377.026984686593,389.44477468532284,329.02422634671774,322.12465099570005
2492,Prov. Sumatera Utara,Kab. Simalungun,P,S2,17,62.0,14.354204761433461,24.92999473575583,22.73997198418919,25.21081554557322,31.203177799885708,15.311051470804719,19.218142332950624
2493,Prov. Sumatera Utara,Kab. Tapanuli Selatan,L,S1,35,501.0,115.9912352496478,78.57044921061706,57.392334954188385,60.136234096396294,92.38698514959087,86.8194610931206,73.15370587780005
2494,Prov. Sumatera Utara,Kab. Tapanuli Selatan,P,S1,58,419.0,97.00664185549387,75.44144627947846,55.84404611087709,59.52884174220791,79.23345100620628,59.008113704493404,51.490039823393865
2495,Prov. Sumatera Utara,Kab. Tapanuli Tengah,L,S1,36,398.0,92.14473379113738,56.8820044624906,44.012720960509995,46.18629323911801,34.305928779933794,33.347750143723424,35.33155157608113
2496,Prov. Sumatera Utara,Kab. Tapanuli Tengah,P,S1,57,585.0,135.43886750707378,105.23433468673637,86.7673520625028,95.84173503036536,65.36005404830482,87.97921786287708,86.8843160092126
2497,Prov. Sumatera Utara,Kab. Tapanuli Utara,L,D3,31,100.0,23.151943163602358,30.445084544042842,28.619085798606314,31.435004080600486,32.76926651895678,27.689990407306063,24.769870344294016
2498,Prov. Sumatera Utara,Kab. Tapanuli Utara,L,S1,288,1873.0,433.63589545427214,280.50340532197697,238.3521072342727,238.51742789673492,229.88108501052562,249.73998446772703,220.088454177873
2499,Prov. Sumatera Utara,Kab. Tapanuli Utara,L,S2,22,135.0,31.25512327086318,35.248154546596346,28.289619562027617,26.823163097431888,30.275739643760694,30.003850359286886,36.00938964346761
2500,Prov. Sumatera Utara,Kab. Tapanuli Utara,L,S3,5,60.0,13.891165898161415,6.884682870052415,5.602954116051241,6.987829356295235,12.300560212024012,7.859229474386339,6.780364233561632
2501,Prov. Sumatera Utara,Kab. Tapanuli Utara,P,D3,102,284.0,65.75151858463069,91.40465885782741,83.23247573977638,90.20699091486756,70.14136930406691,63.3355856940705,69.4395810409469
2502,Prov. Sumatera Utara,Kab. Tapanuli Utara,P,S1,475,2608.0,603.8026777067495,438.2209802113386,372.6382525394611,376.1455807237018,404.0656034629439,391.3079492929187,371.2505231156327
2503,Prov. Sumatera Utara,Kab. Tapanuli Utara,P,S2,21,137.0,31.718162134135227,38.22280856713036,29.891614656899105,28.077003657524937,32.10837653769192,28.354537010896536,38.43697015690977
2504,Prov. Sumatera Utara,Kab. Tapanuli Utara,P,S3,9,38.0,8.797738402168896,4.328512647993196,3.2971103100400714,3.963970155225756,10.836412773057464,5.451467330036373,4.823334846107071
2505,Prov. Sumatera Utara,Kab. Toba Samosir,L,D3,76,261.0,60.42657165700215,78.10592634607784,73.8051939586346,82.92450649600733,72.42870194195591,68.60861729978596,67.25544870365583
2506,Prov. Sumatera Utara,Kab. Toba Samosir,L,D4,24,150.0,34.72791474540354,27.299333839004117,25.979184108798137,31.028734750958822,31.5202239920773,21.9550966976495,21.9786532444093
2507,Prov. Sumatera Utara,Kab. Toba Samosir,L,S1,86,509.0,117.84339070273599,95.03351240125411,92.38337256638071,102.70686124414351,85.13565356468499,79.84843532671675,68.50345475701815
2508,Prov. Sumatera Utara,Kab. Toba Samosir,P,D3,189,570.0,131.96607603253344,186.41588092585496,173.68322896615604,194.05049564219436,188.38421849756554,141.35120594309103,170.4853485620693
2509,Prov. Sumatera Utara,Kab. Toba Samosir,P,D4,33,127.0,29.402967817774993,24.687905516938947,22.915724893152497,27.44281179819885,35.4586885814654,19.63661665413353,18.16358852344713
2510,Prov. Sumatera Utara,Kab. Toba Samosir,P,S1,249,936.0,216.70218801131804,177.8193267748115,164.02927097899436,177.82894889822387,167.4651538640279,187.93033827236363,172.51971303581928
2511,Prov. Sumatera Utara,Kota Binjai,L,D3,33,76.0,17.595476804337792,17.86964187213996,15.012918875674972,15.680574620055356,18.710631109401803,19.22700039018757,20.029865628901845
2512,Prov. Sumatera Utara,Kota Binjai,L,S1,292,2591.0,599.8668473689371,301.9737162643291,230.30103857943502,219.88255415041553,219.08820319916012,377.5611533558784,318.7788601280947
2513,Prov. Sumatera Utara,Kota Binjai,P,D3,92,374.0,86.58826743187281,109.67088829899043,97.70013577568064,107.1461871646734,107.65198820155354,96.20569646844805,103.80230945064439
2514,Prov. Sumatera Utara,Kota Binjai,P,S1,742,5329.0,1233.7670511883696,784.8467737814644,639.1929533859043,643.0428454413486,772.7174798377102,732.9172252982503,761.2915256083022
2515,Prov. Sumatera Utara,Kota Gunung Sitoli,L,D3,5,34.0,7.871660675624801,6.045021085431636,3.892225036350586,3.647899434216066,9.509756734672152,6.794043632345384,9.518471336446412
2516,Prov. Sumatera Utara,Kota Gunung Sitoli,L,S1,452,3201.0,741.0937006669114,428.3156434185456,314.503785196553,314.36406319205724,373.7354830745483,333.65293212761867,344.53507162786275
2517,Prov. Sumatera Utara,Kota Gunung Sitoli,P,D3,8,216.0,50.00819723338109,66.86771535524448,54.780759275777456,60.946613355296904,71.55516523267241,51.76899520937415,35.12762097709867
2518,Prov. Sumatera Utara,Kota Gunung Sitoli,P,S1,606,2919.0,675.8052209455528,530.8698892891559,433.19058126133154,468.9330696849803,542.7253188836762,403.5219264805764,382.918248633
2519,Prov. Sumatera Utara,Kota Medan,L,D1,3,6.0,1.3891165898161413,2.973161485233351,1.2280789869551354,0.9569956175185695,1.8334544679603273,3.3148007931023176,5.351319049008541
2520,Prov. Sumatera Utara,Kota Medan,L,D3,2519,10799.0,2500.1783422374183,2734.4976945275225,3105.5634034500044,3133.680459302441,2695.3301907255996,2502.010634612029,2553.318139818885
2521,Prov. Sumatera Utara,Kota Medan,L,D4,786,4952.0,1146.4842254615887,855.5451814504179,1040.330356045763,1146.0841503155057,760.6603296763499,967.4219768482692,782.6021782451932
2522,Prov. Sumatera Utara,Kota Medan,L,Profesi,10412,10078.0,2333.2528320278457,13913.679809011179,15132.96719433695,15261.641255420276,11776.864682088608,9234.773792327152,10854.078782532755
2523,Prov. Sumatera Utara,Kota Medan,L,S1,15039,106770.0,24719.329715778236,14339.810501492999,15342.952432544804,14530.89868925991,14963.259925011855,15831.44595336209,15725.27352059348
2524,Prov. Sumatera Utara,Kota Medan,L,S2,2543,7944.0,1839.1903649165713,2220.0109133172054,2469.7370649520058,2352.4553404962357,2662.505269083368,1958.462738458911,2442.280507658691
2525,Prov. Sumatera Utara,Kota Medan,L,S2 Terapan,16,65.0,15.048763056341532,19.85183572917625,21.286707289034677,16.345465538801477,22.328256461834286,16.161739170447564,19.44287627075556
2526,Prov. Sumatera Utara,Kota Medan,L,S3,338,1335.0,309.0784412340915,190.13598124462206,232.57298714331608,307.81953412213545,217.61098623432957,230.11757057924757,219.93014351361032
2527,Prov. Sumatera Utara,Kota Medan,L,Sp-1,125,547.0,126.64112910490489,95.80676876790531,131.0928046810214,182.34873422512808,121.36130897493354,117.671652566093,108.70676831000017
2528,Prov. Sumatera Utara,Kota Medan,P,D1,3,5.0,1.1575971581801179,3.754406036734529,1.8288863495930359,1.6069127839733812,2.8885411862448085,2.5676538821414185,3.7396341115292473
2529,Prov. Sumatera Utara,Kota Medan,P,D3,4243,15064.0,3487.608718165059,4466.774593193151,5196.781646706284,5375.6870113985215,4944.731970748576,4534.113929577438,3462.3550991194206
2530,Prov. Sumatera Utara,Kota Medan,P,D4,1149,6484.0,1501.1719947279769,1263.5013455749595,1541.9432994868362,1716.9168510078282,1356.7431297200997,1583.0988392341267,1271.1036297162061
2531,Prov. Sumatera Utara,Kota Medan,P,Profesi,34802,33078.0,7658.199759656388,49062.97130812609,52181.2181262005,52545.65006542269,39644.145839367615,20273.9104083119,31406.341908393453
2532,Prov. Sumatera Utara,Kota Medan,P,S1,27103,130216.0,30147.534309916446,22281.101485592495,25575.90482483757,25642.769180711068,26068.87697267531,22290.519017639654,22280.821996457842
2533,Prov. Sumatera Utara,Kota Medan,P,S2,2541,6944.0,1607.6709332805476,2319.1989552449195,2672.5997145533397,2628.5819967586417,2563.8817240416424,2180.3551537717176,2436.459090192755
2534,Prov. Sumatera Utara,Kota Medan,P,S2 Terapan,13,38.0,8.797738402168896,14.649765204843492,16.765523157555855,13.565394873225431,16.222122261450757,10.883887963217457,9.930193252268896
2535,Prov. Sumatera Utara,Kota Medan,P,S3,209,1033.0,239.15957288001235,171.0535353070937,213.49647550280065,288.81777774790834,189.79536755141885,209.25158489303826,196.8675693216553
2536,Prov. Sumatera Utara,Kota Medan,P,Sp-1,133,531.0,122.93681819872852,97.41426581911965,128.46884267466862,175.72128045835126,133.51520831003674,124.41201664117227,102.83776242956586
2537,Prov. Sumatera Utara,Kota Medan,P,Sp-2,1,16.0,3.704310906176377,5.480624783921222,7.253548793985944,6.878320417461046,5.546257343974241,4.70376127030615,3.37358735305678
2538,Prov. Sumatera Utara,Kota Padang Sidempuan,L,D3,1,14.0,3.24127204290433,4.008301035421046,4.045153681134873,4.311301733973789,3.539314165261325,4.114155031538217,4.468021898336438
2539,Prov. Sumatera Utara,Kota Padang Sidempuan,L,Profesi,1055,640.0,148.1724362470551,961.2624727771286,908.6316636872767,943.4314569946966,1417.151745775037,746.2075213803736,749.8211597392755
2540,Prov. Sumatera Utara,Kota Padang Sidempuan,L,S1,882,7948.0,1840.1164426431153,1290.8451331291928,1273.052294850131,1303.9933794212625,1400.630905463149,1433.0419715196379,1329.1979244119923
2541,Prov. Sumatera Utara,Kota Padang Sidempuan,L,S2,89,288.0,66.67759631117478,106.32720963338224,114.49047259982632,122.51590005114022,105.06277279746756,71.53150845569209,73.62431496327127
2542,Prov. Sumatera Utara,Kota Padang Sidempuan,P,D3,148,591.0,136.82798409688994,190.8760613665852,193.34005621294546,208.27251453057477,214.65983007108983,169.24929692832552,181.64935439123965
2543,Prov. Sumatera Utara,Kota Padang Sidempuan,P,Profesi,4854,3055.0,707.291863648052,4978.214456487802,4623.413612976109,4782.436964173669,7286.700860849502,4673.008579173935,4717.63464056206
2544,Prov. Sumatera Utara,Kota Padang Sidempuan,P,S1,2982,14785.0,3423.0147967386083,2824.194866873142,2859.9379935443767,3006.2952277385975,3230.058143245432,2514.454815398472,2600.3533836118695
2545,Prov. Sumatera Utara,Kota Padang Sidempuan,P,S2,148,402.0,93.07081151768148,157.5628502395944,164.72967021069832,174.2077062854594,138.2078859938215,120.56016655386247,143.2575871959809
2546,Prov. Sumatera Utara,Kota Pematang Siantar,L,D3,83,438.0,101.40551105657832,82.53742785969108,58.20771150260113,52.87218735355549,63.4943677693057,62.54203663318251,72.50941131249488
2547,Prov. Sumatera Utara,Kota Pematang Siantar,L,Profesi,119,214.0,49.54515837010904,341.94382429677785,293.6383968896405,310.4319655521217,342.1978598969032,511.11048580620974,458.7270825980004
2548,Prov. Sumatera Utara,Kota Pematang Siantar,L,S1,768,6432.0,1489.1329842829036,900.8789877167401,720.0551673950116,698.5619323586614,765.8799892040594,837.9866338481371,818.4131448003334
2549,Prov. Sumatera Utara,Kota Pematang Siantar,L,S2,75,227.0,52.55491098137735,66.04613102344287,54.837124244265084,53.4628276758034,55.92643698398409,73.11446375083104,75.24942374699121
2550,Prov. Sumatera Utara,Kota Pematang Siantar,P,D3,143,506.0,117.14883240782792,121.69551031730641,92.15077162826532,88.56169337381088,86.93868831075655,108.20584386152508,112.9823805837292
2551,Prov. Sumatera Utara,Kota Pematang Siantar,P,Profesi,552,1099.0,254.4398553679899,1913.317116190627,1618.0730355991845,1706.8695905231275,1665.4496474686919,1592.2066014998643,1515.8261554159196
2552,Prov. Sumatera Utara,Kota Pematang Siantar,P,S1,1130,7159.0,1657.4476110822927,1236.8402763500767,1042.4207932872318,1062.0138642373165,1190.3385098170622,1208.0044759296052,1352.650080320415
2553,Prov. Sumatera Utara,Kota Pematang Siantar,P,S2,74,164.0,37.969186788307866,55.15674054772721,46.5816595976027,46.31872417268413,48.82222468345947,50.70989263753815,47.09823407042139
2554,Prov. Sumatera Utara,Kota Sibolga,L,D3,9,13.0,3.0097526112683064,3.0703625243739046,2.369336018805584,2.4905302373087177,3.210818518117689,4.638739666855907,4.512439618106028
2555,Prov. Sumatera Utara,Kota Sibolga,L,S1,99,771.0,178.50148179137418,91.69938631896942,64.79032506570996,62.58800551643482,83.85693180233638,114.9284298677524,104.76797657720519
2556,Prov. Sumatera Utara,Kota Sibolga,P,D3,50,85.0,19.679151689062003,23.197258305318005,18.204313991325428,19.51389287188209,22.74915912920878,14.10793723052587,11.772563494220925
2557,Prov. Sumatera Utara,Kota Sibolga,P,S1,244,1346.0,311.62515498208774,201.1222967573421,151.27204965136247,153.71074407026538,184.29653276236988,190.6615934646443,198.04341838074666
2558,Prov. Sumatera Utara,Kota Tanjung Balai,L,S1,19,319.0,73.85469869189151,31.119345790182308,19.699214564239515,17.72588969702258,18.265024935962757,27.740232456541296,25.754876866141664
2559,Prov. Sumatera Utara,Kota Tanjung Balai,P,D3,8,68.0,15.743321351249602,13.609666241083852,9.00114521311654,8.622589011774135,17.852200598485663,16.014623035186336,19.09122854717219
2560,Prov. Sumatera Utara,Kota Tanjung Balai,P,S1,87,919.0,212.76635767350567,103.15356532028075,66.25162018782041,60.69843221650614,122.92127186884596,100.60173034412846,101.47972759895012
2561,Prov. Sumatera Utara,Kota Tebing Tinggi,L,D3,4,36.0,8.334699538896848,5.499683263445972,3.2637323799336486,2.885718918602246,4.550047490119547,9.476674670605789,9.779125954388617
2562,Prov. Sumatera Utara,Kota Tebing Tinggi,L,S1,143,1440.0,333.3879815558739,203.72100104517082,154.41859751719971,157.24380064171544,178.4429928417406,214.34150287039827,198.69922020070257
2563,Prov. Sumatera Utara,Kota Tebing Tinggi,L,S2,12,26.0,6.019505222536613,9.953494328043853,9.061173718523008,10.28903312106776,10.159280118565164,4.37956077137606,4.529616860258166
2564,Prov. Sumatera Utara,Kota Tebing Tinggi,P,D3,14,46.0,10.649893855257083,11.285294888622285,8.167931304840206,8.473281457172476,13.058286667933405,12.66072769338118,13.402515645978655
2565,Prov. Sumatera Utara,Kota Tebing Tinggi,P,S1,360,2500.0,578.7985790900589,449.71380147394336,365.2801927575722,393.1741666387022,473.13001603908344,487.81745237178046,441.52923021239747
2566,Prov. Sumatera Utara,Kota Tebing Tinggi,P,S2,9,27.0,6.251024654172636,10.366332798968973,8.882193553616933,9.75945893851887,10.864020554496268,4.681326519092543,3.4768176913830575
