row_id,provinsi_pt,kabupaten_pt,jk,nm_jenj_didik,jumlah_lulusan,jumlah_terdaftar,ExposureRateBaseline,NB2_Offset,PoissonRate,TweedieRate,HistGBPoissonRate,RandomForestLogCount,ExtraTreesLogCount
0,Prov. Aceh,Kab. Aceh Barat,L,D2,21,149.0,41.09273247014792,55.59665474022111,48.95184002192253,39.93967999501947,51.962040374698525,37.305742512156456,44.899303396987634
1,Prov. Aceh,Kab. Aceh Barat,L,Profesi,35,85.0,23.44216281854076,94.0339440666792,87.15899706823718,80.6858073081943,87.55767600050171,82.55289508370493,70.46954287670911
2,Prov. Aceh,Kab. Aceh Barat,L,S1,554,4231.0,1166.868128061717,662.8745000652445,682.8409545711406,663.325549886187,738.486395403703,612.846220184893,574.9265470836277
3,Prov. Aceh,Kab. Aceh Barat,L,S2,5,66.0,18.202149953219884,21.467303308139257,21.471277832317202,20.58144037972952,25.421118509440205,23.362423389914355,20.370259938437712
4,Prov. Aceh,Kab. Aceh Barat,P,D2,4,26.0,7.170543920965409,9.212663610778884,8.828286587394393,7.286785239159761,8.575990987502367,7.378976839975769,9.476063528589826
5,Prov. Aceh,Kab. Aceh Barat,P,D3,14,19.0,5.2400128653208755,6.076958203234362,5.8349279468873245,5.9007566345014615,6.560269315976655,4.837789568786537,4.700404061340629
6,Prov. Aceh,Kab. Aceh Barat,P,Profesi,55,151.0,41.644312771760646,183.73205131523994,174.73991512200408,166.0499852087176,159.75545475857385,120.95718639495932,100.2749708642809
7,Prov. Aceh,Kab. Aceh Barat,P,S1,1464,7356.0,2028.712349331598,1332.302576969326,1380.4275252981533,1383.2015800651145,1440.4579570619042,1251.9554126981363,1300.8460033053718
8,Prov. Aceh,Kab. Aceh Barat,P,S2,4,43.0,11.85897648467356,16.841314096413207,16.667007039759724,16.54797639485613,19.27464971840235,11.479338563274032,16.2648672099306
9,Prov. Aceh,Kab. Aceh Barat Daya,L,S1,26,345.0,95.14760202819485,39.99902908739794,44.709993454556205,41.47382959307168,34.517439293690124,37.6402082129807,42.01964912505562
10,Prov. Aceh,Kab. Aceh Barat Daya,P,S1,75,754.0,207.94577370799686,103.3936836650286,115.105829472504,110.55766133280841,96.56435893775034,99.60959606614227,113.77282466638904
11,Prov. Aceh,Kab. Aceh Besar,L,D3,340,1451.0,400.1715088200311,374.2464669985159,355.3490196585678,347.37525002326163,386.1638534506727,348.77330040339984,351.55114314522194
12,Prov. Aceh,Kab. Aceh Besar,L,D4,59,313.0,86.32231720239126,52.75910658008421,53.24643642184428,54.572397380064395,58.86583716483581,43.52573716470288,40.603234260006765
13,Prov. Aceh,Kab. Aceh Besar,L,Profesi,33,120.0,33.094818096763426,103.68397399161948,102.61840540046327,93.07990028451829,102.84365155283001,94.36093730270503,105.05324601181958
14,Prov. Aceh,Kab. Aceh Besar,L,S1,339,4502.0,1241.6072589302412,614.7558666516015,647.2545506513702,622.4554967767019,662.4541093887653,656.7991982138625,619.5946026654874
15,Prov. Aceh,Kab. Aceh Besar,L,S2,10,94.0,25.924274175798015,23.638932097427194,25.348875895935493,23.784024250979378,30.89980204689124,19.09539154317721,24.307536484079655
16,Prov. Aceh,Kab. Aceh Besar,P,D3,1119,4509.0,1243.5377899858856,1229.3000353176787,1216.9057211388852,1216.3210073708703,1272.3552594417313,851.4606407635443,925.6814467521878
17,Prov. Aceh,Kab. Aceh Besar,P,D4,460,1573.0,433.81790721840724,286.3199417173636,298.691309568931,313.6713146455127,347.6862567608396,392.8269980188644,482.783733863451
18,Prov. Aceh,Kab. Aceh Besar,P,Profesi,96,331.0,91.28653991690578,366.36585459588366,349.9818896985096,330.838778722863,257.64531944689236,290.48917505983115,335.4544124643747
19,Prov. Aceh,Kab. Aceh Besar,P,S1,480,3582.0,987.8803201883883,629.2476848955926,637.9380992498665,640.6238320402751,737.5787398375397,727.572767871199,703.5879313021898
20,Prov. Aceh,Kab. Aceh Besar,P,S2,3,18.0,4.964222714514514,5.845247766591577,6.030553435721574,5.901591114582552,6.871519031081731,4.109882033609802,5.443196620484795
21,Prov. Aceh,Kab. Aceh Jaya,L,S1,9,106.0,29.23375598547436,18.49239799650938,14.977682995262523,14.829006769845632,11.741514010016308,19.902633665123517,18.29401406136038
22,Prov. Aceh,Kab. Aceh Jaya,P,S1,40,149.0,41.09273247014792,29.864586086840024,24.388735069652082,24.894319011162,21.50052819513119,12.727742433207752,21.41233090399877
23,Prov. Aceh,Kab. Aceh Selatan,L,S1,20,435.0,119.96871560076741,58.700904259509215,67.57295131123797,62.34264429288434,47.24685576671275,57.93840884353521,50.233991698100326
24,Prov. Aceh,Kab. Aceh Selatan,P,S1,72,433.0,119.4171352991547,58.997427523679995,72.11822046938286,67.72172629336696,39.248338035634774,50.756197454705806,50.732470296609044
25,Prov. Aceh,Kab. Aceh Singkil,L,D3,7,28.0,7.722124222578133,7.254833918008278,6.5399636407071595,6.379790416138345,7.300868460427496,7.824480938076621,9.124365611221103
26,Prov. Aceh,Kab. Aceh Singkil,L,S1,46,515.0,142.03192766527636,61.82782018768059,65.21579455333968,61.72347223961372,57.94590814030373,40.333454818697746,34.73507181802209
27,Prov. Aceh,Kab. Aceh Singkil,P,D3,40,108.0,29.785336287087084,32.484841028749244,29.403760191071616,29.602271368594977,31.367279427234728,33.47708187254351,34.70898737381935
28,Prov. Aceh,Kab. Aceh Singkil,P,S1,94,619.0,170.714103349138,87.41838208457715,92.10831861241239,90.05849459383754,80.14680694290529,55.389706176260624,70.48755980350336
29,Prov. Aceh,Kab. Aceh Tamiang,L,S1,93,1664.0,458.9148109417862,259.5140974304349,228.26247029677873,221.64770921362552,272.0841729460386,251.81534828102625,234.95608566649832
30,Prov. Aceh,Kab. Aceh Tamiang,P,S1,51,1282.0,353.5629733337559,199.4274837708648,187.1839782701369,184.77427640277384,247.6270664059765,142.04684139810706,198.93942791710543
31,Prov. Aceh,Kab. Aceh Tengah,L,D4,11,48.0,13.237927238705371,5.688229513083441,6.906097708504535,6.713983811305403,9.684491290580157,7.315005409728698,5.657429271545356
32,Prov. Aceh,Kab. Aceh Tengah,L,Profesi,346,70.0,19.30531055644533,89.29489589695302,78.94820068930174,73.12233604126352,82.84890208255237,53.25957605566342,54.298695934311354
33,Prov. Aceh,Kab. Aceh Tengah,L,S1,209,2486.0,685.6143149046156,242.35362122886042,305.2257248861418,278.5477325485409,206.7398544071083,229.93034181600072,218.31984844193954
34,Prov. Aceh,Kab. Aceh Tengah,L,S2,3,207.0,57.08856121691691,47.0233998746302,54.85756620416097,50.054552272796094,67.84597191277857,65.58573688093378,79.7632527569936
35,Prov. Aceh,Kab. Aceh Tengah,P,D4,5,14.0,3.8610621112890664,1.986936741921527,2.3921321027596414,2.4075109864333837,2.824025429623825,2.9356058298695715,2.5359202148662283
36,Prov. Aceh,Kab. Aceh Tengah,P,Profesi,1010,146.0,40.26536201772883,214.3155013098544,190.92994652826954,182.3450155009939,154.56495572697833,104.43261881431711,103.77470171470132
37,Prov. Aceh,Kab. Aceh Tengah,P,S1,246,2611.0,720.0880837554108,309.53694713939893,384.20859388169214,363.5302134566927,238.52851808113257,242.7254823542654,291.97156948203
38,Prov. Aceh,Kab. Aceh Tengah,P,S2,13,260.0,71.70543920965409,79.06442934040402,87.46925023639258,83.54124983079318,74.682186576081,84.16145488740374,87.03854070667388
39,Prov. Aceh,Kab. Aceh Tenggara,L,Profesi,9,47.0,12.962137087899007,62.5793175409537,47.32994513470613,45.39774279514375,62.29958443801216,37.731083488489496,32.150876550539856
40,Prov. Aceh,Kab. Aceh Tenggara,L,S1,453,2651.0,731.1196897876654,410.3060937753869,373.59353934375156,368.09882738113197,462.9861610235397,379.34847465027514,345.05060763200794
41,Prov. Aceh,Kab. Aceh Tenggara,P,D3,53,186.0,51.296968049983306,59.855503745355996,50.390055713141706,51.86806950176104,47.922401774735555,55.514590258244034,47.059260826293624
42,Prov. Aceh,Kab. Aceh Tenggara,P,Profesi,6,62.0,17.098989349994437,90.55397156305762,70.34891653971853,69.24721027690882,80.4883271492322,48.448445882297186,54.661904259905285
43,Prov. Aceh,Kab. Aceh Tenggara,P,S1,472,2554.0,704.3680451594482,460.2955125952087,420.3091343647236,427.5206848260602,590.1237705534448,445.9399263757349,427.48009960579
44,Prov. Aceh,Kab. Aceh Timur,L,D3,2,140.0,38.61062111289066,20.639459915680636,24.3793592376502,22.1131126441904,18.223641203919726,17.638012684800326,17.37105364594029
45,Prov. Aceh,Kab. Aceh Timur,P,D3,10,226.0,62.328574082237786,39.343180257563816,46.34445866558691,43.456224951553104,33.58519497717222,34.49420857831976,33.41761109588019
46,Prov. Aceh,Kab. Aceh Utara,L,D3,6,14.0,3.8610621112890664,3.8392152909544013,3.7546673416403302,3.570461529279927,2.711219466900469,3.190572598170301,2.891050359146501
47,Prov. Aceh,Kab. Aceh Utara,L,Profesi,293,363.0,100.11182474270936,524.335558481855,445.76596973048254,411.4089651817774,616.1965534860551,852.7667074543626,813.1493337074145
48,Prov. Aceh,Kab. Aceh Utara,L,S1,1630,8837.0,2437.15756267582,1632.2879165158006,1607.6768713237677,1539.1957696234335,1273.0398603533145,1435.3880222525029,1364.034222521055
49,Prov. Aceh,Kab. Aceh Utara,L,S2,119,401.0,110.59185047335112,132.20537090216163,134.24978517068547,125.10892516350218,102.23705279261266,103.90734775940717,111.10914797110769
50,Prov. Aceh,Kab. Aceh Utara,P,D3,36,68.0,18.753730254832607,22.742146436739247,21.894831470905032,21.59303639394827,18.10698870788439,22.380799644274198,23.946046945399512
51,Prov. Aceh,Kab. Aceh Utara,P,Profesi,1095,1255.0,346.1166392619842,2012.1878197030658,1748.8363631215595,1658.3386012339292,2255.812096141835,1756.6260820337684,2017.5476327016204
52,Prov. Aceh,Kab. Aceh Utara,P,S1,2965,13121.0,3618.642568730274,2779.829567744741,2762.5490901074463,2726.05936892309,2329.291530856211,2565.8569589535405,2410.3587671365326
53,Prov. Aceh,Kab. Aceh Utara,P,S2,91,283.0,78.04861267820041,112.33628232778223,112.87658850369671,108.95407812286147,75.02753387822793,103.69813043696401,110.82686793684005
54,Prov. Aceh,Kab. Bener Meriah,L,S1,7,176.0,48.53906654191969,26.915652160799997,24.610781398518956,23.923649906470256,26.16279728694519,30.511968007026272,25.871230149555117
55,Prov. Aceh,Kab. Bener Meriah,P,S1,11,616.0,169.8867328967189,104.13842043537994,97.50575320470122,97.34468057605811,115.24149309894877,88.88054935226776,91.97839589371685
56,Prov. Aceh,Kab. Bireuen,L,D3,8,24.0,6.6189636193526855,4.786120033689715,4.981696986766219,4.73467360677318,4.804530891410065,4.964823628149384,4.739988037470102
57,Prov. Aceh,Kab. Bireuen,L,Profesi,906,510.0,140.65297691124456,671.0795193622301,554.7347227192104,523.2783347876464,447.9425260282524,657.0497173569225,605.2307771684884
58,Prov. Aceh,Kab. Bireuen,L,S1,824,8373.0,2309.190932701668,1152.8256300965165,1196.7099439388685,1147.5303065931453,1031.251520683346,969.5185619920861,1035.1622235882428
59,Prov. Aceh,Kab. Bireuen,L,S2,180,655.0,180.64254877816703,192.97111746380008,192.00928027402685,182.53553520735886,207.04723239689392,165.3825001285078,174.42577273998594
60,Prov. Aceh,Kab. Bireuen,P,D3,87,293.0,80.80651418626402,63.69697614253475,68.27190324659134,66.54764870967799,58.49982921108635,48.25956582217331,46.32965547484752
61,Prov. Aceh,Kab. Bireuen,P,Profesi,4079,2418.0,666.860584649783,3556.56286323512,2997.105708805831,2906.762209877119,1857.7063688343774,2125.1475720153944,2378.3038205046605
62,Prov. Aceh,Kab. Bireuen,P,S1,1559,10540.0,2906.828189499054,1724.5971842904833,1780.7567519595614,1766.3714327563057,1793.0842680406147,1451.576870220895,1597.0397615600073
63,Prov. Aceh,Kab. Bireuen,P,S2,243,607.0,167.40462153946166,187.84168226870588,195.35328530121484,189.76744721276782,214.43239488680547,171.28975859596204,173.15991964438004
64,Prov. Aceh,Kab. Nagan Raya,L,S1,182,458.0,126.31188906931374,85.85186724134117,67.55945590911941,67.36789585140765,52.440644707219825,40.446783092724,42.98403058715144
65,Prov. Aceh,Kab. Nagan Raya,P,S1,117,377.0,103.97288685399843,77.5190543069253,62.65988537414608,64.12140730978678,53.155182841313284,37.61834384624489,44.571485029774024
66,Prov. Aceh,Kab. Pidie,L,D3,25,117.0,32.26744764434434,29.26837576139726,27.917734715768013,27.254847165428693,28.631089080272975,40.96846150743242,45.054544283533225
67,Prov. Aceh,Kab. Pidie,L,Profesi,25,29.0,7.997914373384495,31.560185830402435,28.25595495947642,26.268517200742192,34.574781793137,19.02855082350977,18.90661104725531
68,Prov. Aceh,Kab. Pidie,L,S1,316,2120.0,584.6751197094871,267.4544886695798,288.59250363655514,275.52367848338395,289.9390301408744,225.8463840821952,197.90769075341882
69,Prov. Aceh,Kab. Pidie,P,D3,80,223.0,61.5012036298187,66.92528735905184,63.248787391357595,63.954347620891504,70.8010794185206,58.64423943797604,58.06478127384648
70,Prov. Aceh,Kab. Pidie,P,Profesi,130,115.0,31.715867342731617,151.36019360934182,133.85106286823856,128.94526258475872,160.94219976827367,94.21730448440081,95.06072702061157
71,Prov. Aceh,Kab. Pidie,P,S1,597,3464.0,955.3370823932376,549.0866273845031,576.3228058173175,572.3274515553562,561.5170716370432,464.5983035912327,538.8864396128081
72,Prov. Aceh,Kab. Pidie Jaya,L,S1,127,456.0,125.76030876770102,84.05596355607912,81.34397410865662,77.47405440000531,68.68109227259554,70.77680360874922,60.97631297588716
73,Prov. Aceh,Kab. Pidie Jaya,P,S1,35,184.0,50.74538774837058,36.529440670080184,36.57955301429198,35.6882246076894,33.71835909906239,37.052723356012535,44.08284417469062
74,Prov. Aceh,Kab. Sabussalam,P,D3,32,91.0,25.09690372337893,29.5135104756466,24.753864318006702,25.1877316081595,25.106151451200848,18.475311560534827,20.581534610371463
75,Prov. Aceh,Kab. Sabussalam,P,S1,5,384.0,105.90341790964297,51.607458175739936,52.979408809452885,51.699812059038855,47.57755945837549,48.58316210014957,50.153121069636455
76,Prov. Aceh,Kota Banda Aceh,L,D3,289,1730.0,477.11696089500606,420.08501490030346,417.2192786269813,405.8393967317466,381.4639314817715,362.76969063460325,382.75275978550525
77,Prov. Aceh,Kota Banda Aceh,L,D4,16,158.0,43.574843827405175,28.92157209759527,28.850278758894103,29.798750454609003,26.810459667461426,29.31743924864221,25.123894531901346
78,Prov. Aceh,Kota Banda Aceh,L,Profesi,4620,4200.0,1158.31863338672,5347.39295769974,4629.240408049305,4359.758528719795,4777.5453545833625,5633.734180387647,5106.5834510651775
79,Prov. Aceh,Kota Banda Aceh,L,S1,4628,31757.0,8758.267819157634,5152.934920479827,5172.203766773693,5057.736587198875,4736.961689053121,5242.690302504396,4805.62229332058
80,Prov. Aceh,Kota Banda Aceh,L,S2,522,1474.0,406.51468228857743,476.51731849344816,472.11185706822437,453.7368052090138,454.5598409267492,409.82832304490574,467.58425790983074
81,Prov. Aceh,Kota Banda Aceh,L,S3,87,603.0,166.30146093623623,91.8967734352063,96.4764471250191,119.31514331777754,91.93846107797484,138.28039965411034,141.5871779052144
82,Prov. Aceh,Kota Banda Aceh,L,Sp-1,31,284.0,78.32440282900677,57.87865532172251,63.0449887607295,79.23399017187106,122.31733931082519,57.87537412063782,55.718207148480666
83,Prov. Aceh,Kota Banda Aceh,P,D3,472,2291.0,631.835235497375,650.0730773060727,646.8519059314303,649.1451753338781,606.9888968222562,510.93292065560036,540.2916769477538
84,Prov. Aceh,Kota Banda Aceh,P,D4,53,334.0,92.11391036932487,70.61607955919224,70.87898257680337,75.50370487489417,71.88899965316031,62.75753320880953,70.20451784207523
85,Prov. Aceh,Kota Banda Aceh,P,Profesi,11977,11730.0,3235.018468958625,16270.012262808872,14507.682174386711,14012.018597179029,13557.430770568193,11211.222121410434,11788.39352178949
86,Prov. Aceh,Kota Banda Aceh,P,S1,8610,42119.0,11616.005361813155,8159.393042725728,8127.255188512749,8234.474654955779,7989.804353376617,9092.255879106011,8129.085605915471
87,Prov. Aceh,Kota Banda Aceh,P,S2,655,1663.0,458.6390207909798,651.9197640055907,637.2933382665541,634.8491936376964,597.4063500246234,567.6641452316146,630.7358074015262
88,Prov. Aceh,Kota Banda Aceh,P,S3,50,360.0,99.28445429029027,65.70515775858492,68.40194761111906,87.57450115809407,58.384183710486965,77.33886097170554,63.990171791608745
89,Prov. Aceh,Kota Banda Aceh,P,Sp-1,26,263.0,72.53280966207318,58.5823760857318,65.64087512644052,84.6302802172466,48.72675191057257,53.10017668340881,52.282760237655815
90,Prov. Aceh,Kota Langsa,L,D3,3,16.0,4.41264241290179,2.72088641540613,3.0168991611301217,2.846413632592098,1.6465776982541722,2.6207327326855565,2.812391466604558
91,Prov. Aceh,Kota Langsa,L,Profesi,726,481.0,132.65506253786006,631.619931089202,522.1905069203764,496.689923325431,632.6734483850984,573.4167089000023,571.8155846501976
92,Prov. Aceh,Kota Langsa,L,S1,633,5825.0,1606.477628447058,776.6728525421488,815.9495657411426,786.9909738492635,623.6908447720265,732.3035380443998,743.7416300714065
93,Prov. Aceh,Kota Langsa,L,S2,54,169.0,46.60853548627516,47.968852301956574,48.41533111845302,46.24858895526104,47.058610981319994,53.67734707747536,52.67310793144511
94,Prov. Aceh,Kota Langsa,P,D3,60,223.0,61.5012036298187,52.70339793234805,54.5896304075116,54.11320147107532,37.31550004631499,35.01330239443113,43.18866752269206
95,Prov. Aceh,Kota Langsa,P,Profesi,1421,595.0,164.09513972978533,853.602556968206,726.0684526512904,708.4451134548715,804.2304709796082,676.688851680146,639.9269244176991
96,Prov. Aceh,Kota Langsa,P,S1,1587,10325.0,2847.5333070756865,1731.310795383552,1768.5453623354185,1774.608980360981,1616.4087348776327,1635.4987979370449,1701.6024648789064
97,Prov. Aceh,Kota Langsa,P,S2,42,133.0,36.68009005724613,45.97989252964298,45.70872538454551,45.27701982965061,45.57310585063657,49.939026110799794,48.045878726538064
98,Prov. Aceh,Kota Lhokseumawe,L,D3,234,1268.0,349.70191122246683,267.7359180117025,277.1868905725097,266.7360518782978,222.0731237075631,231.4046614777757,303.41903174117624
99,Prov. Aceh,Kota Lhokseumawe,L,D4,304,2281.0,629.0773339893115,361.74963866508153,376.62632616272265,384.89588565325244,341.37790119057456,390.4888248224826,399.64441444789264
100,Prov. Aceh,Kota Lhokseumawe,L,Profesi,106,231.0,63.70752483626959,169.91843477831026,180.70981141599748,161.57557998205917,188.41706244510843,298.86757039103594,334.7978668659377
101,Prov. Aceh,Kota Lhokseumawe,L,S1,148,2242.0,618.3215181078633,329.8701619411342,339.56335943986335,329.4831448845633,347.7217076909484,348.978186617845,324.4517923524087
102,Prov. Aceh,Kota Lhokseumawe,P,D3,288,1188.0,327.6386991579579,326.51556082664047,324.33943179844636,325.452229579505,330.7667958307538,293.1616721567597,325.23768740464055
103,Prov. Aceh,Kota Lhokseumawe,P,D4,212,1685.0,464.70640410871977,323.6182824889632,332.7472005416031,352.10576388683563,314.48868398015514,411.9484862205961,450.8017683425318
104,Prov. Aceh,Kota Lhokseumawe,P,Profesi,392,681.0,187.81309269913243,677.2953546163822,680.3473575068293,637.373829879996,520.1407913145372,751.5908732590199,693.137324032052
105,Prov. Aceh,Kota Lhokseumawe,P,S1,315,5541.0,1528.1532256180512,933.1859237705763,969.8708565544155,970.1639306490954,982.0630084170069,952.5327883634444,954.5904162721348
106,Prov. Aceh,Kota Lhokseumawe,P,S2 Terapan,6,13.0,3.5852719604827046,5.695372363212768,5.340218789735484,4.307151169021811,6.016599033516081,4.13535733684015,4.478081299912223
107,Prov. Aceh,Kota Sabang,L,D3,3,7.0,1.9305310556445332,2.080990520166731,1.5967048449407202,1.6051804741528644,2.0031856283143625,3.442156722156454,1.641489559375206
108,Prov. Aceh,Kota Sabang,P,D3,26,85.0,23.44216281854076,27.71876240646442,21.84605935821151,22.53818525385207,27.265165479606587,15.916004797183167,15.159690311901384
109,Prov. Bali,Kab. Badung,L,D1,17,20.0,5.515803016127237,19.927294035015397,7.42003985726171,6.334745112894961,36.648060947055335,10.729241834069152,15.65143816713039
110,Prov. Bali,Kab. Badung,L,D2,29,63.0,17.3747795008008,32.95683616768991,24.380639411896052,20.193639525760464,51.35777191899707,18.36451716837572,21.05798024847697
111,Prov. Bali,Kab. Badung,L,D3,257,3251.0,896.5937802714825,1065.1317184024422,914.1953623447561,894.6542233923925,922.6886763288742,788.5281241189724,739.8153479333633
112,Prov. Bali,Kab. Badung,L,D4,201,3485.0,961.1286755601711,716.1527066137255,664.1268381128011,678.790859910863,572.3552477834409,727.4243465810245,688.5325040602085
113,Prov. Bali,Kab. Badung,L,Profesi,542,766.0,211.2552555176732,1050.6737664757406,859.5761448742937,797.9965277104003,1273.2944778264955,1042.6305833328986,919.4006773341403
114,Prov. Bali,Kab. Badung,L,S1,2281,13874.0,3826.3125522874648,2450.956918004324,2313.524115256469,2235.884738382348,1873.499795013491,2429.490594133946,2238.5881698397493
115,Prov. Bali,Kab. Badung,L,S2,322,1188.0,327.6386991579579,425.24189727583706,393.8042902598545,374.09764095205037,399.7376390838562,342.9282312401646,343.3667496124525
116,Prov. Bali,Kab. Badung,L,S2 Terapan,16,91.0,25.09690372337893,40.691562726734375,35.06280057895189,27.19840093096621,30.170654192467744,28.63978895471266,32.41978641279191
117,Prov. Bali,Kab. Badung,L,S3,90,445.0,122.72661710883104,81.46066816784689,77.36765845921126,95.34387850142052,81.55613574517342,91.81698232154528,78.85998021735344
118,Prov. Bali,Kab. Badung,L,Sp-1,164,762.0,210.15209491444776,163.59142882993476,169.9218245046643,210.04208180453213,183.12072789187633,160.9666241105779,196.9433229301583
119,Prov. Bali,Kab. Badung,P,D1,5,8.0,2.206321206450895,8.743617864784087,3.3442120700445557,2.929971033531928,14.656087221121076,3.972895194787786,6.159221530808507
120,Prov. Bali,Kab. Badung,P,D2,37,56.0,15.444248445156266,32.13481758862771,24.41856562771619,20.755646594077593,44.05477237822148,14.84032169208057,15.207278472802972
121,Prov. Bali,Kab. Badung,P,D3,173,2224.0,613.3572953933489,800.0107857466438,705.0470541442985,708.1447667202451,640.7569707694195,526.472567228406,557.2508029764915
122,Prov. Bali,Kab. Badung,P,D4,246,3859.0,1064.2741919617504,907.6947944805453,849.9739509511015,895.3616111906631,765.7312446865789,937.7117911499265,879.405866800365
123,Prov. Bali,Kab. Badung,P,Profesi,1333,1764.0,486.49382602242235,2709.787500137018,2258.2919422713176,2155.951320879663,2966.2965016746834,2016.5868851601392,1582.0288221157741
124,Prov. Bali,Kab. Badung,P,S1,3895,19875.0,5481.329247276442,4097.95116654863,3876.067073146917,3867.0211527044626,3496.0107703205945,3620.736776362626,3774.8356593621775
125,Prov. Bali,Kab. Badung,P,S2,446,1315.0,362.66404831036584,571.38781635158,521.876660514151,513.9142779654612,465.3484948151954,401.97605883232023,420.92926939543383
126,Prov. Bali,Kab. Badung,P,S2 Terapan,10,88.0,24.269533270959844,45.878441737905014,39.62532110053174,31.735619239655385,29.31650284848377,28.172881994573345,32.704290976653084
127,Prov. Bali,Kab. Badung,P,S3,106,355.0,97.90550353625846,75.63230735483664,72.05272710794308,91.66098120796954,69.56606862206729,84.19895067549906,68.42771405682868
128,Prov. Bali,Kab. Badung,P,Sp-1,128,601.0,165.74988063462348,140.69414604307286,150.46903270625052,190.76288651809625,132.14720306892988,156.57150912598732,150.11272201015407
129,Prov. Bali,Kab. Bangli,L,S1,79,336.0,92.66549067093759,52.46837721601523,52.05782798722594,49.70992641865025,50.3909883048606,48.85792866718873,40.838850179828306
130,Prov. Bali,Kab. Bangli,P,S1,151,659.0,181.7457093813925,119.16905481912548,118.83778351989969,117.08374810923405,120.52795584648904,88.72101750061177,100.41015277277681
131,Prov. Bali,Kab. Buleleng,L,D3,39,162.0,44.67800443063062,50.214221419842886,44.53637752357316,42.743608786744744,42.062961294223506,40.095618099669124,39.73869284933672
132,Prov. Bali,Kab. Buleleng,L,D4,70,292.0,80.53072403545767,60.262564127138255,56.171418280223826,57.12392889176022,50.658860788001995,45.975529880319954,43.03789024157366
133,Prov. Bali,Kab. Buleleng,L,Profesi,5424,4654.0,1283.527361852808,6967.457771575744,5562.636675625459,5135.794610691438,7085.833940634201,5397.351607121414,4925.938980315889
134,Prov. Bali,Kab. Buleleng,L,S1,1183,7197.0,1984.8617153533864,1346.9721848303402,1251.5835094239512,1208.329417055605,1222.9336478050361,1280.9867494339455,1149.6487784321953
135,Prov. Bali,Kab. Buleleng,L,S2,219,863.0,238.0069001458903,325.4336202027441,297.2582262722068,282.1032087987098,285.20912650595966,198.60765755427147,239.77327370658745
136,Prov. Bali,Kab. Buleleng,L,S3,27,287.0,79.15177328142586,54.33444797313159,51.26861829044072,63.029555722117024,42.53479394296834,48.89072841410108,49.18034757150992
137,Prov. Bali,Kab. Buleleng,P,D3,129,354.0,97.6297133854521,124.82708235086953,111.87778807545999,111.02911637795025,100.89881478583266,105.17521252202289,118.71152840045791
138,Prov. Bali,Kab. Buleleng,P,D4,77,276.0,76.11808162255588,63.719644447159844,60.45548259647058,63.3937042753889,54.23605719426784,56.38576499052211,59.90075744837991
139,Prov. Bali,Kab. Buleleng,P,Profesi,11344,9683.0,2670.476030258002,16011.091591159166,13094.125021109168,12414.982954824627,14905.868604743553,9323.086367550643,10030.413491092862
140,Prov. Bali,Kab. Buleleng,P,S1,2251,11943.0,3293.7617710803797,2559.6480530744443,2402.228322408603,2387.98112869692,2350.17820731936,2630.90203707051,2188.126885861361
141,Prov. Bali,Kab. Buleleng,P,S2,311,1058.0,291.78597955313086,454.52812027538204,419.6305450478641,411.11664346875995,344.97653198392,284.58941623899193,380.2493068228588
142,Prov. Bali,Kab. Buleleng,P,S3,28,241.0,66.46542634433321,50.811452112034104,48.91311740393294,61.908630811236215,41.063674706193865,45.78684815571478,38.74079262082358
143,Prov. Bali,Kab. Gianyar,L,D3,91,217.0,59.846462724980526,63.98458396155706,55.12361879481286,54.01029089717388,64.07364228158485,52.077536681439426,49.38302741088787
144,Prov. Bali,Kab. Gianyar,P,D3,78,175.0,48.26327639111333,57.291999853446974,50.45358017512635,50.79251573645636,62.72072433535694,45.424336074028915,46.33362428357358
145,Prov. Bali,Kab. Jembrana,L,D3,101,211.0,58.191721820142355,58.540424281484384,56.40849165384292,53.88287138799731,50.7313687465824,45.05176470939693,46.446205936221936
146,Prov. Bali,Kab. Jembrana,L,S1,13,52.0,14.341087841930818,9.774679909312836,9.464681152968737,9.104616122242685,9.378462292710942,10.751503871592455,8.215371838592466
147,Prov. Bali,Kab. Jembrana,P,D3,64,160.0,44.1264241290179,52.4241200416208,50.373867849203116,49.744240671737316,41.00780024467676,33.473180183226376,37.00978401740076
148,Prov. Bali,Kab. Jembrana,P,S1,22,65.0,17.926359802413522,13.40279595404367,13.330412285414116,13.159695572881482,14.358803952794469,15.915179775688111,12.454767063663681
149,Prov. Bali,Kab. Karang Asem,L,S1,115,390.0,107.55815881448113,65.59074132108837,58.1117042009496,56.382679102776606,72.32103282308928,53.80064555142491,51.86527027222583
150,Prov. Bali,Kab. Karang Asem,P,S1,241,751.0,207.11840325557776,152.84823255783414,133.7250542435186,134.45585797623858,138.96957211889836,125.83004942160045,129.1791707062527
151,Prov. Bali,Kab. Tabanan,L,D3,16,61.0,16.823199199188075,19.351679594457515,16.61602238079848,16.08196432944959,17.352847329685314,16.602915398941423,16.065085376328103
152,Prov. Bali,Kab. Tabanan,L,D4,5,55.0,15.168458294349904,10.654973096218276,9.992530355302343,10.071616776935205,9.961126426005274,11.32575174388695,9.813766679572874
153,Prov. Bali,Kab. Tabanan,L,Profesi,711,382.0,105.35183760803024,553.127014801284,437.28077873173703,404.95358365991177,452.1930871114135,491.8621513244438,466.68900838315824
154,Prov. Bali,Kab. Tabanan,L,S1,199,861.0,237.45531984427757,148.3260140262266,139.75217925415717,133.48500488388143,130.3902701489517,128.06193563412813,121.19105249311602
155,Prov. Bali,Kab. Tabanan,P,D3,32,118.0,32.5432377951507,40.384796070005926,35.85698363973092,35.556050415917404,35.660875471342045,41.488992134827626,41.412444082393144
156,Prov. Bali,Kab. Tabanan,P,D4,5,87.0,23.993743120153482,17.678883277383004,17.338839931078642,17.854977379760445,16.43464350190051,14.745628663074001,13.452111695701985
157,Prov. Bali,Kab. Tabanan,P,Profesi,1892,996.0,274.6869902031364,1590.2190971096416,1288.6449864725323,1225.3174529144394,887.6970370405921,1184.337705481006,1191.8241820622768
158,Prov. Bali,Kab. Tabanan,P,S1,198,772.0,212.90999642251137,152.15639714206725,144.76010261176137,142.56177366633347,136.79928967620032,127.90833758034884,133.51193760105195
159,Prov. Bali,Kota Denpasar,L,D3,371,1620.0,446.78004430630625,426.62497580092867,424.40049925669325,420.9807283616508,403.6595186967298,384.03633883293037,390.99436268400245
160,Prov. Bali,Kota Denpasar,L,D4,327,1681.0,463.60324350549433,282.65907937656516,301.3589344163436,313.4316583680036,260.22116391575975,333.38584012859064,267.6698935941475
161,Prov. Bali,Kota Denpasar,L,Profesi,2336,1603.0,442.0916117425981,2063.8929451086674,1839.554289354142,1756.592771375749,1372.3058225251095,1524.234993247666,1539.2183626598398
162,Prov. Bali,Kota Denpasar,L,S1,5126,35608.0,9820.335689912934,5338.491032817416,5719.741661541874,5621.835077322498,5410.527957345547,6007.723705583428,5279.4300798280265
163,Prov. Bali,Kota Denpasar,L,S2,595,2060.0,568.1277106611054,687.353447227401,695.417304312344,679.0342720266871,716.992771653695,630.659267687552,690.8780356483886
164,Prov. Bali,Kota Denpasar,L,S2 Terapan,9,32.0,8.82528482580358,14.389790464669009,13.140143711682482,10.556305846962738,17.655605950466725,6.9484769302885185,9.50771925207043
165,Prov. Bali,Kota Denpasar,L,S3,43,442.0,121.89924665641195,74.8467314903453,77.90071545760132,98.60196738280172,68.06492765667464,98.36776916010804,90.5788662049957
166,Prov. Bali,Kota Denpasar,P,D3,775,2366.0,652.5194968078522,742.9479648014689,734.2804744295622,753.4432205329541,731.6807063387788,587.1409951171372,660.2527413555807
167,Prov. Bali,Kota Denpasar,P,D4,1036,3628.0,1000.5666671254809,753.5861940682297,787.4307803983347,849.0640103818922,773.8177197075132,943.4263696111885,854.119279761234
168,Prov. Bali,Kota Denpasar,P,Profesi,5054,3193.0,880.5979515247135,4621.207588728375,4189.529838106841,4115.5272598672245,3822.872256359578,5155.83145064194,6439.264894412631
169,Prov. Bali,Kota Denpasar,P,S1,5950,31884.0,8793.293168310041,5733.260701916698,6089.191447279603,6193.110805053433,6262.470840208395,6510.223176645832,6070.500816315077
170,Prov. Bali,Kota Denpasar,P,S2,465,1458.0,402.10203987567564,568.8412676968875,576.2007893155763,581.061916068426,534.3127457057137,453.7030197700183,501.6189180109896
171,Prov. Bali,Kota Denpasar,P,S2 Terapan,9,20.0,5.515803016127237,9.865459902970905,9.25353587380895,7.628974657200577,11.408236944010456,8.152011691630104,8.504677167511268
172,Prov. Bali,Kota Denpasar,P,S3,22,187.0,51.57275820078967,35.359953877068214,37.53369965368186,48.84057357155297,29.632817860264424,27.05242422962186,25.367200386129927
173,Prov. Bangka Belitung,Kab. Bangka,L,D2,3,4.0,0.9101282217572828,1.707220367245011,1.5339422957147357,1.4673075737835743,1.197386598945278,1.4606203624736303,1.39744826671364
174,Prov. Bangka Belitung,Kab. Bangka,L,D3,281,485.0,110.35304688807054,134.20890688320492,129.43187713035712,141.76858611383432,112.32716192288791,113.19047143254937,112.29177904736396
175,Prov. Bangka Belitung,Kab. Bangka,L,D4,171,604.0,137.42936148534972,105.08397199020929,106.05437933268685,119.9984722930355,101.86217065037438,95.59064952278324,93.98036596222676
176,Prov. Bangka Belitung,Kab. Bangka,L,S1,560,5089.0,1157.910630130703,884.9013519459166,865.8483822786122,915.1035123219591,808.429073565459,699.3378900451272,702.905615508201
177,Prov. Bangka Belitung,Kab. Bangka,L,S2,68,173.0,39.36304559100248,57.1192395731821,58.190850456807226,59.02583648818776,52.64439010106167,55.31707534295383,57.759675393723924
178,Prov. Bangka Belitung,Kab. Bangka,P,D2,15,24.0,5.460769330543696,11.268584265511578,9.983801745681564,9.524808806700156,8.415893138693763,8.167091859049897,8.58828065711331
179,Prov. Bangka Belitung,Kab. Bangka,P,D3,138,309.0,70.3074051307501,101.71680683096541,96.9976805593995,104.10810516958016,102.34570855040319,80.93216513802085,84.7776781000808
180,Prov. Bangka Belitung,Kab. Bangka,P,D4,83,237.0,53.925097139119,47.2366839361272,47.44672804774557,53.838815104873646,51.34934286612771,39.39091680410951,40.36162157381217
181,Prov. Bangka Belitung,Kab. Bangka,P,S1,1085,7777.0,1769.516795151597,1533.3179480024214,1495.0308858051103,1593.0465005803903,1536.5614398629634,1354.040250591782,1360.565201230318
182,Prov. Bangka Belitung,Kab. Bangka,P,S2,55,147.0,33.447212149580146,57.586083445719105,59.298686179849234,61.460324395703324,51.314685757377994,44.63149628542557,42.223304147272465
183,Prov. Bangka Belitung,Kab. Bangka Tengah,L,D3,20,93.0,21.160481155856825,28.38648535717136,26.222010484318577,27.061949039686628,24.912748426150298,29.15800479171078,28.508640678530973
184,Prov. Bangka Belitung,Kab. Bangka Tengah,P,D3,167,870.0,197.952888232209,302.26778666963014,278.4216161553121,289.7265077887828,214.68898751859388,185.79502301479755,211.7042940322254
185,Prov. Bangka Belitung,Kota Pangkalpinang,L,D3,2,8.0,1.8202564435145656,2.1480862254719764,2.0221506758726675,2.076943828069781,1.865327215905761,3.3813131120182773,2.2665833735012177
186,Prov. Bangka Belitung,Kota Pangkalpinang,L,Profesi,20,25.0,5.688301385983017,33.49706100873049,27.05250248897758,26.522426661872498,27.234255298264742,12.388182664465567,15.844966935020397
187,Prov. Bangka Belitung,Kota Pangkalpinang,L,S1,409,2752.0,626.1682165690106,384.82873468030647,354.3846805200565,346.54292269272077,368.9223852807192,364.72867277181723,364.37539910267134
188,Prov. Bangka Belitung,Kota Pangkalpinang,L,S2,102,215.0,48.91939191945395,72.16286855356397,74.99789614289517,76.42467919996093,66.43767681200747,71.66155081178132,68.9736551486193
189,Prov. Bangka Belitung,Kota Pangkalpinang,P,D3,32,55.0,12.514263049162638,11.376300695354063,9.397550663403674,8.588578770080394,11.96129714345592,17.38483995640839,19.327947388879203
190,Prov. Bangka Belitung,Kota Pangkalpinang,P,Profesi,98,123.0,27.986442819036448,188.1636806963925,151.6789661785605,150.0880309754799,150.88229094479,137.98877800797084,133.45802290825208
191,Prov. Bangka Belitung,Kota Pangkalpinang,P,S1,698,3920.0,891.9256573221371,681.0280565240517,642.9961237089503,650.9893201036998,606.0970849371477,642.6794783228027,709.7501569163204
192,Prov. Bangka Belitung,Kota Pangkalpinang,P,S2,79,174.0,39.5905776464418,66.99466603351654,69.60427458096117,71.69556655164155,62.47828637281654,56.16741565766112,67.52801357965318
193,Prov. Banten,Kab. Lebak,L,D3,67,98.0,27.027434779023466,24.3278633728355,23.176422180288935,22.880968955941878,26.12493285477784,25.47767212594841,26.78797463125085
194,Prov. Banten,Kab. Lebak,L,S1,442,2687.0,741.0481352166944,359.9658474024844,377.5229345923702,366.9745285833992,334.4792194989698,331.3173013633123,337.2849658841012
195,Prov. Banten,Kab. Lebak,L,S2,17,70.0,19.30531055644533,15.851073784026175,17.516161409392236,16.488302602849235,16.036815544653955,18.012657470725294,20.274484411727098
196,Prov. Banten,Kab. Lebak,P,D3,118,235.0,64.81068543949505,69.10273977565849,65.56876344817164,66.94013721047382,74.38491115067413,68.93465302380952,62.958876893104616
197,Prov. Banten,Kab. Lebak,P,S1,742,3167.0,873.4274076037481,507.96262001166946,528.3450281267144,531.6414779456896,582.2626627664902,486.5299480259527,494.3930194990803
198,Prov. Banten,Kab. Lebak,P,S2,4,16.0,4.41264241290179,4.1609575424196015,4.636851537446557,4.499733951589403,3.8982371783833227,2.1941571966158397,2.875017117820486
199,Prov. Banten,Kab. Pandeglang,L,S1,592,4968.0,1370.1254692060058,579.1319943614233,648.7077017048013,617.4982931851044,454.02854785795586,569.2855073977544,546.9763487064365
200,Prov. Banten,Kab. Pandeglang,L,S2,35,252.0,69.4991180032032,56.319792909631104,63.19446580128177,58.9882099087395,60.33732638107317,53.971386695102396,69.45252676943001
201,Prov. Banten,Kab. Pandeglang,P,S1,840,5462.0,1506.3658037043485,804.8124785508816,874.8092870838293,866.6902026211474,629.678808398575,798.573891823061,819.372197122673
202,Prov. Banten,Kab. Pandeglang,P,S2,20,110.0,30.336916588699808,28.373029587635763,32.04165448220866,30.8489462144326,27.136500645577694,23.19967546768567,26.405642563569035
203,Prov. Banten,Kab. Serang,L,D3,218,1074.0,296.19862196603265,290.7292035813501,279.37429173948976,274.34999501305634,258.12074735372,254.45684787455255,220.36885492918972
204,Prov. Banten,Kab. Serang,L,D4,10,317.0,87.42547780561671,60.17651887536986,59.750784768544825,61.948005217388,58.21855650891088,53.66943248766838,32.18172679243013
205,Prov. Banten,Kab. Serang,L,Profesi,1226,1277.0,352.1840225797241,1630.7078773220962,1423.8361804532774,1342.2060293228171,1572.947949128282,1670.4357476848154,1447.8018528054497
206,Prov. Banten,Kab. Serang,L,S1,2441,15507.0,4276.677868554254,2403.1310364355722,2482.5440873587922,2414.864023727936,2126.0426008760064,2409.0686103638313,2226.087717769815
207,Prov. Banten,Kab. Serang,L,S2,149,606.0,167.1288313886553,203.37670201345327,200.43995706821204,193.47980092117726,206.8786152649337,191.57957254053244,177.07609736034277
208,Prov. Banten,Kab. Serang,L,S3,17,127.0,35.025349152407955,21.46253710735568,21.82865067630095,27.292257873527067,21.67486397878739,18.768757910091203,16.070212372931845
209,Prov. Banten,Kab. Serang,P,D3,343,1430.0,394.3799156530975,425.73765482229453,419.79245340441986,423.15277859560575,435.29594214953255,390.3013638066286,456.90212831924765
210,Prov. Banten,Kab. Serang,P,D4,15,472.0,130.1729511806028,100.96938503203462,101.87287914406059,108.68034432280628,112.88218967443068,109.60862922248052,110.82994141308968
211,Prov. Banten,Kab. Serang,P,Profesi,4721,4748.0,1309.4516360286061,6809.18189894461,6049.579833184541,5866.052596227516,7560.063013254123,5397.95436069103,4993.775261287094
212,Prov. Banten,Kab. Serang,P,S1,4183,21260.0,5863.298606143254,4038.8160283782977,4098.903598400927,4136.990461824993,3596.7428997320667,3682.1778006133727,3788.2814169246767
213,Prov. Banten,Kab. Serang,P,S2,221,512.0,141.20455721285728,198.75036846289905,196.9692360187635,196.14806508458724,189.55494282816647,175.10323327380453,188.7657267689546
214,Prov. Banten,Kab. Serang,P,S3,23,127.0,35.025349152407955,24.44206424204314,25.153588325175324,32.394848430578385,23.173098381087584,18.93375678473456,19.887296605556823
215,Prov. Banten,Kab. Tangerang,L,D3,504,1892.0,521.7949653256367,423.94767225698064,408.775159690952,410.63856849002826,491.6206518094865,409.76737135434803,423.0188084220248
216,Prov. Banten,Kab. Tangerang,L,D4,154,435.0,119.96871560076741,78.76773619895084,74.13565185591763,79.74467024746421,83.93158312351221,87.88678281703453,85.15206860422042
217,Prov. Banten,Kab. Tangerang,L,Profesi,155,112.0,30.88849689031253,130.6753597427362,110.03778491671613,107.16029743616316,102.59597616990733,79.3722021395644,87.65306693965542
218,Prov. Banten,Kab. Tangerang,L,S1,1982,11077.0,3054.9275004820706,1543.533550433867,1547.6836293221806,1552.8528649969555,1707.636373509657,1756.4400215524884,1696.5557649488483
219,Prov. Banten,Kab. Tangerang,L,S2,154,895.0,246.8321849716939,230.12806316544004,234.7441528282863,230.02841712423756,252.38933739566514,200.49619372231552,256.5750103065215
220,Prov. Banten,Kab. Tangerang,L,S3,16,157.0,43.29905367659882,16.97205853258022,19.206917365281694,23.945312754974978,24.353414850210452,18.861261269697728,18.14078817811955
221,Prov. Banten,Kab. Tangerang,P,D3,323,997.0,274.9627803539428,243.63855406775318,241.86619101149768,249.19902796983868,291.20892645765946,217.17290105031924,217.2456282900394
222,Prov. Banten,Kab. Tangerang,P,D4,39,285.0,78.60019297981313,57.35724961219173,55.1600399105357,60.96943655293362,50.84619598224901,29.299522995218005,39.0658273291451
223,Prov. Banten,Kab. Tangerang,P,Profesi,204,135.0,37.23167035885886,179.04653472677685,152.66917597742338,153.11838715516825,155.89982783459618,107.4287386423482,86.78283512730651
224,Prov. Banten,Kab. Tangerang,P,S1,3012,13089.0,3609.8172839044705,2230.0004972887027,2198.907924278138,2288.73464294598,2657.641250859516,2614.116685576075,2319.052578108387
225,Prov. Banten,Kab. Tangerang,P,S2,105,506.0,139.5498163080191,156.6513295713014,158.11582919726706,160.4825392996199,195.3098704340313,149.67761311631727,168.94447585076034
226,Prov. Banten,Kab. Tangerang,P,S3,7,43.0,11.85897648467356,5.244098024594409,6.0276867253997635,7.733403503579957,7.873449850109644,8.69038610137352,8.167870028763826
227,Prov. Banten,Kota Cilegon,L,D3,116,484.0,133.48243299027914,128.90040047870235,116.21402655880568,115.32833730114753,139.15570213370856,136.87538885507192,124.94945329655728
228,Prov. Banten,Kota Cilegon,L,D4,10,231.0,63.70752483626959,41.088146241403535,39.03304456363698,40.69919308064655,39.648110432486334,35.66083654181445,21.92748194926496
229,Prov. Banten,Kota Cilegon,L,S1,228,2176.0,600.1193681546434,279.51196398458427,290.2143420627766,280.41661750087866,241.2835558509462,250.63720873026398,202.55750655303729
230,Prov. Banten,Kota Cilegon,P,D3,33,161.0,44.402214279824264,41.37267314846486,40.33749568272498,40.560082461839755,38.749707049916026,42.10155402128401,41.10505252936858
231,Prov. Banten,Kota Cilegon,P,D4,5,103.0,28.406385533055275,20.857689786053346,20.048674815108946,21.5396709105667,20.691052778664055,18.72604525770964,16.368138370543324
232,Prov. Banten,Kota Cilegon,P,S1,367,2040.0,562.6119076449783,319.0387263258955,326.31346205212407,326.9443009111156,291.8842028779733,268.2913164248949,322.48637947084467
233,Prov. Banten,Kota Serang,L,D3,115,567.0,156.37301550720719,120.36678424738736,120.30873412984532,116.81653773783886,106.4515620376618,121.25870239142014,116.62915341286597
234,Prov. Banten,Kota Serang,L,D4,26,111.0,30.61270673950617,20.557070906536335,19.450059912076224,20.37654215626146,21.43957548421331,20.914606172367712,18.157425118795043
235,Prov. Banten,Kota Serang,L,Profesi,559,463.0,127.69083982334556,615.0290649694764,498.7084392232731,478.07880723029933,579.4999819079659,475.17442027274006,506.06185279322295
236,Prov. Banten,Kota Serang,L,S1,1996,17564.0,4843.97820876294,2450.9381219385364,2491.7365352683046,2429.232828799405,2301.3666394859924,2280.9997719785724,2224.279245820063
237,Prov. Banten,Kota Serang,L,S2,243,849.0,234.14583803460124,266.7997622007519,254.71874951579125,247.43864703416685,260.36261504314604,217.25194015159104,228.90661592877163
238,Prov. Banten,Kota Serang,L,S3,13,128.0,35.30113930321432,18.862510613789908,19.12266599446879,23.89146133902925,22.832898740450098,19.443337630598965,14.967907237517357
239,Prov. Banten,Kota Serang,P,D3,956,2431.0,670.4458566102658,640.2069427905739,625.6363135490287,631.0792448392672,650.7247875512104,542.8117174016448,665.0342340066936
240,Prov. Banten,Kota Serang,P,D4,104,550.0,151.68458294349904,114.6094001642671,110.25474282639851,118.83651432687668,142.33323554807626,98.94623406214005,92.0660625667949
241,Prov. Banten,Kota Serang,P,Profesi,1396,844.0,232.76688728056942,1188.7368849399452,1003.6917897578538,984.0879785547643,1133.4083800368096,780.4736833174131,926.8885853423093
242,Prov. Banten,Kota Serang,P,S1,3349,20386.0,5622.258014338493,3557.3011246176707,3524.591389434958,3572.5520593659785,3424.839218107317,3423.8266456323345,3613.2918813032616
243,Prov. Banten,Kota Serang,P,S2,205,557.0,153.61511399914357,206.75698517924752,196.82728140947026,197.66604224498147,210.76488565435722,202.8716450996839,219.69648198143364
244,Prov. Banten,Kota Serang,P,S3,3,34.0,9.376865127416304,6.223013064812029,6.1652677374630525,8.002997817410145,6.402161580595897,4.8232746257236,4.179298171768951
245,Prov. Banten,Kota Tangerang,L,D3,93,466.0,128.51821027576463,124.52479515917287,120.17728327373865,120.56454640424636,125.2685458773311,111.47464702410811,125.0248881991327
246,Prov. Banten,Kota Tangerang,L,Profesi,69,105.0,28.957965834668,92.90208787670794,93.89525904302019,87.30190296262303,90.63951281025474,68.10734009840118,81.13145565738239
247,Prov. Banten,Kota Tangerang,L,S1,2437,17946.0,4949.33004637097,2393.8370598049355,2623.9766482657765,2572.2410745401453,2386.142847568512,2349.6851356586,2277.8854141805077
248,Prov. Banten,Kota Tangerang,L,S2,596,1819.0,501.66228431677223,543.1975580057651,560.5195549664132,547.0876643459599,583.7776035791466,569.7104856260896,575.969368953168
249,Prov. Banten,Kota Tangerang,L,S3,5,62.0,17.098989349994437,10.375786303739437,10.584748781696797,13.52456485392799,12.005082802247134,7.927239359829784,7.933759282045055
250,Prov. Banten,Kota Tangerang,P,D3,211,597.0,164.64672003139805,160.81526484366537,164.91536396767657,168.3677218488844,173.32769063275268,168.19109902603995,165.69326270547518
251,Prov. Banten,Kota Tangerang,P,Profesi,459,631.0,174.02358515881434,638.2601427290915,651.7185115673111,624.4101858171824,551.926367252594,736.9559507705408,655.379319957215
252,Prov. Banten,Kota Tangerang,P,S1,3489,18285.0,5042.8229074943265,3066.279856900577,3268.6812423257493,3333.0967275104417,3245.870298429191,3032.8680246121203,3186.331012281623
253,Prov. Banten,Kota Tangerang,P,S2,312,868.0,239.3858508999221,306.075388046797,314.9695951677412,317.80495676322676,335.8023486725446,251.2779619174083,247.78387563905392
254,Prov. Banten,Kota Tangerang,P,S3,5,27.0,7.446334071771771,5.111049661761234,5.290116230658254,6.95791818700187,6.172264515310191,5.832577738933329,3.5906762659420246
255,Prov. Banten,Kota tangerang Selatan,L,D3,1913,12694.0,3500.8801743359577,2038.3512585240976,2346.3520315957244,2195.122205920856,1676.871069885215,2351.8486038858755,2417.8140247967144
256,Prov. Banten,Kota tangerang Selatan,L,D4,580,5183.0,1429.4203516293735,787.3504921597718,830.4890125333969,845.0805144223431,954.9450810828544,827.5177837202765,780.6369269205645
257,Prov. Banten,Kota tangerang Selatan,L,Profesi,2998,1779.0,490.6306782845178,2027.3314461501786,1799.9691684907916,1683.4816213162535,2774.1415687497374,1745.9733113119355,1430.2650334813834
258,Prov. Banten,Kota tangerang Selatan,L,S1,32072,798816.0,220305.58510653477,85082.242981993,99255.87276219882,93319.85494250908,53130.94716031479,8976.963846734905,13347.667504807072
259,Prov. Banten,Kota tangerang Selatan,L,S2,1138,8238.0,2271.9592623428093,2044.3318865727058,2209.2803580321993,2076.697065584156,2004.594718873379,1664.3801061465417,2147.843479267039
260,Prov. Banten,Kota tangerang Selatan,L,S3,54,458.0,126.31188906931374,69.08528162501503,71.44240311624452,88.62589797448602,75.44290096993825,86.89505142420043,81.78903066395482
261,Prov. Banten,Kota tangerang Selatan,P,D3,2148,12990.0,3582.5140589746406,2641.0779599800044,2948.113728335649,2871.089560222183,1941.5017559223334,2619.199090064636,3133.9959492329863
262,Prov. Banten,Kota tangerang Selatan,P,D4,659,6574.0,1813.044451401023,1155.2185876832007,1225.2386008628534,1286.2517745660496,1473.5813078603774,1459.0477335668252,1354.7561649560016
263,Prov. Banten,Kota tangerang Selatan,P,Profesi,6751,3146.0,867.6358144368145,4138.310564510727,3697.6800139184916,3567.1233896797125,4918.38241475284,4638.47173572725,5512.4705730567985
264,Prov. Banten,Kota tangerang Selatan,P,S1,63535,925989.0,255378.64595503223,123341.87777415832,140228.83526700124,137072.84123662947,71667.8186487945,9783.232688820479,17221.48976322185
265,Prov. Banten,Kota tangerang Selatan,P,S2,910,5440.0,1500.2984203866085,1695.8945190213499,1782.869654664046,1743.1669711680622,1573.9435644017622,1207.9281204036063,1603.9733170451896
266,Prov. Banten,Kota tangerang Selatan,P,S3,14,171.0,47.16011578788788,31.072879129416243,31.788972631325404,40.84787787191519,28.92309533535986,28.35632658188397,27.34122445852012
267,Prov. Bengkulu,Kab. Bengkulu Selatan,L,S1,8,149.0,33.902276260458784,22.322405844549042,19.717617131728915,19.68992788170599,20.464623361818724,16.459953070627535,14.329732404237705
268,Prov. Bengkulu,Kab. Bengkulu Selatan,P,D3,26,51.0,11.604134827405355,15.76676075570939,13.994518694258907,14.653652021903131,16.513647495447515,13.059077198110812,13.830256288714821
269,Prov. Bengkulu,Kab. Bengkulu Selatan,P,S1,70,392.0,89.19256573221371,75.27424915831303,68.92779895252833,72.09194987723946,77.50415812257653,63.59607033656082,76.95944041158623
270,Prov. Bengkulu,Kab. Muko-muko,L,S1,14,61.0,13.879455381798563,8.199058175278688,6.556915594090234,6.335757071542135,7.657947872835894,12.171619860554536,11.205109776049593
271,Prov. Bengkulu,Kab. Muko-muko,P,S1,18,86.0,19.56775676778158,14.639833404619981,12.089365191443838,12.188193411948301,18.93273846732582,15.144980540979006,17.684470980874007
272,Prov. Bengkulu,Kab. Rejang Lebong,L,D2,24,45.0,10.238942494769432,19.611891855872507,16.036324778645316,15.321877018388651,26.634882476883465,12.078837460162008,17.905884153907042
273,Prov. Bengkulu,Kab. Rejang Lebong,L,D3,91,497.0,113.0834315533424,119.87911627198021,96.08061124740036,92.89627699249556,129.6610710095266,111.25902796224877,112.44657756398851
274,Prov. Bengkulu,Kab. Rejang Lebong,L,Profesi,717,196.0,44.596282866106854,182.6538389265646,115.50132450231102,98.21159652551167,172.19794745207062,129.24197849219937,165.15322232054234
275,Prov. Bengkulu,Kab. Rejang Lebong,L,S1,275,1938.0,440.9571234414035,255.3758552503827,202.46783165032633,187.6600005466634,223.6958357794307,239.79646903677877,208.95015820645955
276,Prov. Bengkulu,Kab. Rejang Lebong,L,S2,34,126.0,28.66903898535441,36.634546267221786,32.032516998416305,30.372034683206916,33.83933967454799,41.570487513820645,44.62794881659924
277,Prov. Bengkulu,Kab. Rejang Lebong,L,S3,4,23.0,5.2332372751043765,4.413281005475877,4.418497746355321,6.040448114756405,11.455686868782047,5.486031191983481,4.882205920569982
278,Prov. Bengkulu,Kab. Rejang Lebong,P,D2,15,41.0,9.32881427301215,20.0041403816577,16.058600301220515,15.100259384216026,37.66350929232837,11.356747417228705,14.504555291648266
279,Prov. Bengkulu,Kab. Rejang Lebong,P,D3,61,276.0,62.798847301252515,78.30414185152063,63.25522338085167,62.31783655682908,85.71089553654026,65.73343932684173,68.17621427850051
280,Prov. Bengkulu,Kab. Rejang Lebong,P,Profesi,706,400.0,91.01282217572827,424.7737932618193,267.93537759298897,229.80109855442285,353.32380715377974,204.8393154366397,189.7608217444749
281,Prov. Bengkulu,Kab. Rejang Lebong,P,S1,731,4159.0,946.3058185721349,714.7647767189412,590.8677575183327,576.916020100214,760.0887305996022,767.7153502710623,852.7399882352989
282,Prov. Bengkulu,Kab. Rejang Lebong,P,S2,41,123.0,27.986442819036448,41.44141469542895,36.34405348335661,34.94579115043191,45.69288014886215,39.98083466733324,45.51075659864928
283,Prov. Bengkulu,Kab. Rejang Lebong,P,S3,8,22.0,5.005705219665056,4.158147319362908,3.959250665305941,5.210633094781604,4.7213651934019385,4.25385070328659,3.979776144463579
284,Prov. Bengkulu,Kota Bengkulu,L,D3,185,793.0,180.43291996338132,222.28791916179972,208.37294085568755,211.5597170570748,187.5115439106247,158.11985017128072,157.92941516229973
285,Prov. Bengkulu,Kota Bengkulu,L,D4,46,180.0,40.95576997907773,34.999774849406755,35.49607394020048,38.499405970976746,30.19154165316375,35.746677129417904,33.84634153782903
286,Prov. Bengkulu,Kota Bengkulu,L,Profesi,2478,2419.0,550.4000421077168,1454.3529337113275,882.1528070657366,645.5342112605366,2457.2249286543224,1713.7139239142043,1432.802962665522
287,Prov. Bengkulu,Kota Bengkulu,L,S1,3235,22841.0,5197.0596782895245,3578.8236873467927,3346.533974482521,3286.656911330639,3449.934729867682,3475.1357779492405,3432.650970530422
288,Prov. Bengkulu,Kota Bengkulu,L,S2,428,1299.0,295.5641400156776,433.04303145060237,438.4250376238592,430.07747230986945,438.9645805278534,387.4534925386894,375.1177401717059
289,Prov. Bengkulu,Kota Bengkulu,L,S3,54,251.0,57.1105459152695,39.412148086757256,40.91286097368673,51.942057176609325,45.65976373502439,39.921530807372676,31.03472851386998
290,Prov. Bengkulu,Kota Bengkulu,P,D3,1378,4577.0,1041.4142177457709,1501.0577586719016,1421.678803686908,1479.7970429860657,1334.2481793767656,1029.4095735524684,1111.564003202607
291,Prov. Bengkulu,Kota Bengkulu,P,D4,334,1452.0,330.37654449789363,311.49286195005106,311.80482438586876,337.604518862221,254.62332568581348,294.04128360257107,254.11162991741494
292,Prov. Bengkulu,Kota Bengkulu,P,Profesi,7778,7477.0,1701.2571785198008,5029.7894798251755,3025.1027163982103,2219.8338470364515,7646.965593040616,6591.118888224497,6581.072733801074
293,Prov. Bengkulu,Kota Bengkulu,P,S1,5646,29747.0,6768.396053153473,5801.800045557072,5582.833299574851,5712.773954070424,5781.303940070445,4999.768165420037,5282.288060679918
294,Prov. Bengkulu,Kota Bengkulu,P,S2,586,1647.0,374.7452953085612,652.8819319716179,668.6007679721822,670.6353296565992,643.7863492182597,535.5419299695877,588.4739443739363
295,Prov. Bengkulu,Kota Bengkulu,P,S3,32,162.0,36.86019298116995,31.562736457314113,33.606460270941064,44.22512162956676,32.671642903985216,23.55708356572255,19.343886214071304
296,Prov. D.I. Yogyakarta,Kab. Bantul,L,D1,17,40.0,9.105766976091463,18.06982265199407,7.065569251502728,5.56430763411189,6.380463854136577,16.52800572206881,18.98957226219313
297,Prov. D.I. Yogyakarta,Kab. Bantul,L,D3,400,2170.0,493.98785845296186,453.02245361364453,429.2554344436741,392.6497007373812,484.60225519490666,365.8548897868844,456.1027698217592
298,Prov. D.I. Yogyakarta,Kab. Bantul,L,D4,194,1535.0,349.43380770750986,204.84004618499026,211.7992703641356,208.39212781645344,225.8070516486419,283.2922555708422,293.2174485531551
299,Prov. D.I. Yogyakarta,Kab. Bantul,L,Profesi,449,632.0,143.87111822224512,936.7530581509809,861.9988165703338,874.8392580347478,808.591708621458,634.5981293951079,655.7353633716612
300,Prov. D.I. Yogyakarta,Kab. Bantul,L,S1,4690,29836.0,6791.991587466622,4670.180743569187,4598.560078221031,4530.022202707919,4595.764985812472,4483.457104509626,4481.576321786283
301,Prov. D.I. Yogyakarta,Kab. Bantul,L,S2,268,937.0,213.30259141494253,296.5706482994264,315.0588437118055,310.846501697418,299.0610344447668,254.05927418821267,249.42654491158274
302,Prov. D.I. Yogyakarta,Kab. Bantul,L,S3,26,182.0,41.43123974121615,31.780387255708142,36.439824360447744,49.94208132735722,26.919956843857584,23.442866157107012,23.582618981314095
303,Prov. D.I. Yogyakarta,Kab. Bantul,P,D1,58,133.0,30.276675195504115,70.34222596109275,28.003775212723752,22.650830617316604,23.417820776671707,20.52970299234751,24.440197762087998
304,Prov. D.I. Yogyakarta,Kab. Bantul,P,D3,741,2338.0,532.232079752546,667.9129997305118,658.4282851073771,654.2694120545128,638.9769258534818,579.1148482922837,621.9316941631747
305,Prov. D.I. Yogyakarta,Kab. Bantul,P,D4,230,1207.0,274.7665185035599,201.76199091312827,211.38445219044038,217.01053991383694,197.95964524140447,269.0850869868277,269.2216676222482
306,Prov. D.I. Yogyakarta,Kab. Bantul,P,Profesi,1152,1708.0,388.81624987910544,2760.22793080181,2565.473617362103,2609.5691779463937,2024.2066649480903,2041.5006030551344,2629.781029765799
307,Prov. D.I. Yogyakarta,Kab. Bantul,P,S1,6521,31912.0,7264.580893525769,5861.879441138074,5892.3873728979315,5975.20921637319,6424.221895263512,5392.368059290329,5722.912591547848
308,Prov. D.I. Yogyakarta,Kab. Bantul,P,S2,337,967.0,220.1319166470111,332.2862509167681,356.37675439211966,351.8901731621909,308.8488185579391,289.24272815295706,309.9774093108367
309,Prov. D.I. Yogyakarta,Kab. Bantul,P,S3,15,81.0,18.43917812658521,15.596035280363191,18.085093758182502,24.93857832081097,13.982009139922669,16.628341558951725,13.35235273018325
310,Prov. D.I. Yogyakarta,Kab. Gunung Kidul,L,S1,140,887.0,201.9203826948282,115.81766169855274,92.70238287696428,88.81914203603196,103.98142035354178,119.98080718000591,116.70384813603494
311,Prov. D.I. Yogyakarta,Kab. Gunung Kidul,P,S1,180,793.0,180.52183030101324,131.21068476316412,106.55386273958861,106.94453522821314,150.0456454785759,127.46722324828924,115.60786123250422
312,Prov. D.I. Yogyakarta,Kab. Kulon Progo,L,S1,28,320.0,72.8461358087317,62.660006193085806,52.705555091921866,55.40474154354072,73.12671860822128,59.92524735360416,57.26854282408761
313,Prov. D.I. Yogyakarta,Kab. Kulon Progo,P,S1,128,746.0,169.8225541041058,162.48256764054668,138.45729299432608,146.94884059313054,167.4300008894255,164.5993997862299,140.48363776210365
314,Prov. D.I. Yogyakarta,Kab. Sleman,L,D1,352,356.0,81.04132608721402,346.88881872368347,136.71836449846694,133.374798613554,191.29826048814584,76.76022723016406,88.96694378185666
315,Prov. D.I. Yogyakarta,Kab. Sleman,L,D3,838,3061.0,696.8188178453992,834.5066423071398,759.6879884277496,728.1079605679635,700.3395471748971,609.2767054093417,625.5037050139297
316,Prov. D.I. Yogyakarta,Kab. Sleman,L,D4,1519,10154.0,2311.498946880818,1895.91307443842,1918.4827053534427,2038.4081933149334,1734.3977824742303,1855.2841484724383,1754.4923355935819
317,Prov. D.I. Yogyakarta,Kab. Sleman,L,Profesi,11692,12732.0,2898.3656284899125,17920.973398591177,15169.898703534815,14391.826771675542,16270.439757646216,11281.093046757629,14053.672035893827
318,Prov. D.I. Yogyakarta,Kab. Sleman,L,S1,17549,101225.0,23043.281553871457,17966.28131113172,16704.46587133885,16410.43434649488,17937.939920565335,18846.03199566634,18340.02274964627
319,Prov. D.I. Yogyakarta,Kab. Sleman,L,S2,4156,12414.0,2825.9747810299855,4225.76369685739,4187.254517191338,4030.3464608082713,4250.973776228012,3858.295498555232,3944.5575105925477
320,Prov. D.I. Yogyakarta,Kab. Sleman,L,S3,506,4258.0,969.3088946049362,671.6598835436239,704.1764262197046,886.5676070479252,722.5368959058943,896.7969202446943,781.4322125001357
321,Prov. D.I. Yogyakarta,Kab. Sleman,L,Sp-1,152,752.0,171.1884191505195,154.34941494915813,181.71695342421137,248.9987762955404,155.10966657270313,170.54435835251525,179.21117465059453
322,Prov. D.I. Yogyakarta,Kab. Sleman,L,Sp-2,46,96.0,21.85384074261951,37.70232479260963,37.57664249762963,36.0352691776521,51.58604777208428,30.46609827900891,32.74342428141419
323,Prov. D.I. Yogyakarta,Kab. Sleman,P,D1,249,250.0,56.911043600571645,263.01982761314287,104.59013381533254,101.92019555426347,128.1958782578208,40.10321416130631,60.3847285192599
324,Prov. D.I. Yogyakarta,Kab. Sleman,P,D3,1474,4513.0,1027.3581590775193,1473.5598037580214,1365.9275887566625,1353.141865589288,1263.5149159952146,1264.8629765667465,1398.1557152614196
325,Prov. D.I. Yogyakarta,Kab. Sleman,P,D4,2674,13161.0,2996.0249793084936,2791.9673218168477,2837.271882630044,3045.452268393932,2863.2505638144125,2821.65181730239,2315.792631912656
326,Prov. D.I. Yogyakarta,Kab. Sleman,P,Profesi,25253,29312.0,6672.706040079824,43986.42498193667,37521.63844221703,35408.2099149917,39734.880439640845,18814.438758508473,34558.57855337729
327,Prov. D.I. Yogyakarta,Kab. Sleman,P,S1,22953,114269.0,26012.672164774885,23553.255351457814,22400.118963747947,22614.457346559444,24009.021589078933,22116.889907724002,23129.20186893009
328,Prov. D.I. Yogyakarta,Kab. Sleman,P,S2,5626,14731.0,3353.4263331200837,5750.580464775797,5787.119476029953,5679.994041222878,5400.659541320338,3960.377964958081,3863.7577397346004
329,Prov. D.I. Yogyakarta,Kab. Sleman,P,S3,418,3244.0,738.4777017610177,615.9367294186584,659.604764219059,861.1723416925845,613.728470219903,755.0777124412512,818.8412953902821
330,Prov. D.I. Yogyakarta,Kab. Sleman,P,Sp-1,179,874.0,198.96100842759847,195.18733532217655,232.05061078938073,318.4610409516899,165.04057012404922,203.02404634655753,197.0287371085351
331,Prov. D.I. Yogyakarta,Kab. Sleman,P,Sp-2,32,64.0,14.56922716174634,25.569304120551962,25.540827313428725,23.970680947796012,22.328503300389354,23.799248762352857,22.25265341648854
332,Prov. D.I. Yogyakarta,Kota Yogyakarta,L,D2,13,50.0,11.382208720114328,21.36241897935106,19.68605784329789,18.315218170959646,15.510092227946224,15.108753307549176,18.648638064053497
333,Prov. D.I. Yogyakarta,Kota Yogyakarta,L,D3,581,2369.0,539.2890491590169,632.4442006443124,659.4870914808785,671.2009792670676,569.450583632051,490.92627818124413,477.2751449465903
334,Prov. D.I. Yogyakarta,Kota Yogyakarta,L,D4,278,1368.0,311.41723058232805,259.1662839556748,289.2752627562976,322.19032380469747,273.6557465591933,290.82042704636916,246.70019147557355
335,Prov. D.I. Yogyakarta,Kota Yogyakarta,L,Profesi,4723,3846.0,875.5194947511942,5692.195166191231,6657.142396911142,7657.714518781713,7988.726992220268,4725.176285947156,4727.0117349415195
336,Prov. D.I. Yogyakarta,Kota Yogyakarta,L,S1,4990,28908.0,6580.7377936213,4334.4867560202465,4479.468765800808,4405.774599872539,4302.0889626694,5081.717190133287,4845.870898259983
337,Prov. D.I. Yogyakarta,Kota Yogyakarta,L,S2,550,1578.0,359.2225072068082,510.8529751301861,572.9600916146021,576.7674739403168,508.50588953777316,477.8687901243397,493.18040101463697
338,Prov. D.I. Yogyakarta,Kota Yogyakarta,L,S3,11,62.0,14.113938812941768,10.921642912194185,13.200741970528739,18.371817372369218,9.238560672420343,5.093218437401692,4.740048508131452
339,Prov. D.I. Yogyakarta,Kota Yogyakarta,P,D2,10,12.0,2.731730092827439,6.127943109105735,5.762847856386519,5.5460047582471494,3.509288860971915,4.553442568916602,5.713070491430048
340,Prov. D.I. Yogyakarta,Kota Yogyakarta,P,D3,1146,3512.0,799.4863405008305,1121.9329001106762,1187.3217453219638,1246.2316279777608,1041.7574513962422,1020.4288227850291,1092.812687659669
341,Prov. D.I. Yogyakarta,Kota Yogyakarta,P,D4,140,715.0,162.7655846976349,145.74209300304756,164.28008023475437,182.6966653148543,152.02946348274511,105.45751549771428,111.14956612442985
342,Prov. D.I. Yogyakarta,Kota Yogyakarta,P,Profesi,17796,13697.0,3118.042256788119,21847.855663839797,26197.59756556591,30379.566047409182,28557.800827168,11543.843713411301,14431.320470935689
343,Prov. D.I. Yogyakarta,Kota Yogyakarta,P,S1,6194,27278.0,6209.677789345573,5027.809404231884,5331.101059455907,5483.72160262054,5595.099599706393,5583.378733680551,5446.0262103555315
344,Prov. D.I. Yogyakarta,Kota Yogyakarta,P,S2,746,1657.0,377.2063969845888,654.496770741332,750.8488563632814,787.3924843527864,621.9612173510493,513.0674486684204,594.5138249614264
345,Prov. D.I. Yogyakarta,Kota Yogyakarta,P,S3,5,71.0,16.162736382562347,13.131169645534728,15.96307115265728,21.979365593157393,10.561901959024997,11.499346037069094,9.044039420215785
346,Prov. D.K.I. Jakarta,Kota Jakarta Barat,L,D3,350,1498.0,339.19377967723483,377.65684985114666,353.72802533029414,337.48700379764534,322.7731673952925,383.1891864387183,368.0658116940879
347,Prov. D.K.I. Jakarta,Kota Jakarta Barat,L,D4,88,503.0,113.89484057252945,90.40677176202384,87.83297656813359,90.7273542451985,75.1789838142169,93.26821803835627,80.6974230265001
348,Prov. D.K.I. Jakarta,Kota Jakarta Barat,L,Profesi,708,1183.0,267.8679848852929,1526.975893010314,1478.7026240285109,1389.904652408267,1379.9419065335726,1591.5854482490486,1671.8233829197202
349,Prov. D.K.I. Jakarta,Kota Jakarta Barat,L,S1,13510,76404.0,17300.24135010644,12514.69060836392,12394.423950413531,12101.344062519742,11476.514484888407,10980.30216790713,9734.97294066005
350,Prov. D.K.I. Jakarta,Kota Jakarta Barat,L,S2,2227,6188.0,1401.1556132461476,2002.2691955012642,2142.8150759250266,2044.533579508576,1943.1624170834114,1211.6410201908182,1323.298634000104
351,Prov. D.K.I. Jakarta,Kota Jakarta Barat,L,S3,193,1086.0,245.90416871126635,180.71938977005811,208.8203256409854,266.3293435776954,175.64603648674077,279.0313339559249,237.70009148385722
352,Prov. D.K.I. Jakarta,Kota Jakarta Barat,L,Sp-1,6,18.0,4.07575970239668,3.7863808781614576,4.756157374935904,6.620587354024826,5.431928987283503,9.592859733400177,6.139514609859809
353,Prov. D.K.I. Jakarta,Kota Jakarta Barat,P,D3,370,1131.0,256.0935679672581,325.2022503761669,301.4118625829536,290.65066403191776,262.9435767763469,293.30416445815666,307.7248620063799
354,Prov. D.K.I. Jakarta,Kota Jakarta Barat,P,D4,158,828.0,187.48494631024727,165.32911575660546,156.56719712728454,162.21861208164938,164.14232750133453,141.1348088911426,153.6008562036497
355,Prov. D.K.I. Jakarta,Kota Jakarta Barat,P,Profesi,911,1922.0,435.2005637781344,2806.9353264516194,2675.4880925029743,2531.9906732478166,2403.6551136822,2462.2476564733233,2135.8021686991556
356,Prov. D.K.I. Jakarta,Kota Jakarta Barat,P,S1,13914,68248.0,15453.46934273159,12866.076053506884,12671.42927671149,12529.922549169103,12623.431931437308,11962.747247351377,11475.992840897572
357,Prov. D.K.I. Jakarta,Kota Jakarta Barat,P,S2,1827,4404.0,997.2025405197211,1657.4859451796444,1775.0974171264613,1721.5026528484077,1606.8713499671837,963.0352667343196,927.6962687997233
358,Prov. D.K.I. Jakarta,Kota Jakarta Barat,P,S3,95,457.0,103.47901022196015,86.88980998854412,99.40370302201357,128.07432610726718,85.15265821562565,68.41467050455876,57.63128186028116
359,Prov. D.K.I. Jakarta,Kota Jakarta Barat,P,Sp-1,8,26.0,5.887208459017427,6.018257898869116,7.317863553873993,10.158476077482904,7.7527324131036455,10.876147547978094,10.077636816744603
360,Prov. D.K.I. Jakarta,Kota Jakarta Pusat,L,D1,42,64.0,14.491590052965973,55.533404909398016,23.663955884827164,21.792812436849143,37.104366371127036,21.776775883047915,21.770023431459418
361,Prov. D.K.I. Jakarta,Kota Jakarta Pusat,L,D2,14,149.0,33.73823309206141,68.87765581227518,67.61082384183175,59.825213645592434,56.20200015769781,28.343787627068977,33.860732546010055
362,Prov. D.K.I. Jakarta,Kota Jakarta Pusat,L,D3,1883,6497.0,1471.1228214706239,1743.206528373072,1745.7272561472473,1812.4426016889531,1710.577404322138,1530.6617115337983,1666.8017202087312
363,Prov. D.K.I. Jakarta,Kota Jakarta Pusat,L,D4,458,3185.0,721.1830362296348,557.4845214327589,547.3042923012416,592.7358110471127,580.0641804851856,649.0649085050313,590.0068052808984
364,Prov. D.K.I. Jakarta,Kota Jakarta Pusat,L,Profesi,1290,1826.0,413.46317869868545,2263.7483581191655,2197.326555083018,2155.998328589442,4516.545963786449,2976.8643229145773,2906.85231353114
365,Prov. D.K.I. Jakarta,Kota Jakarta Pusat,L,S1,10385,64351.0,14571.067367162708,10210.551093408923,10202.322203639098,10458.468161175462,11434.62198308313,14788.029198049875,9915.63992958246
366,Prov. D.K.I. Jakarta,Kota Jakarta Pusat,L,S2,3103,8773.0,1986.4799927292263,2598.467880469948,2708.2647829616835,2653.3007040049465,2808.056737542676,2419.145407522679,2668.825175310561
367,Prov. D.K.I. Jakarta,Kota Jakarta Pusat,L,S2 Terapan,62,207.0,46.87123657756182,77.68543423467563,74.62896575992349,63.18741056285478,81.53443299593528,37.077216082523016,67.22259639331668
368,Prov. D.K.I. Jakarta,Kota Jakarta Pusat,L,S3,312,1982.0,448.78642945279,306.1756394748004,347.4540839406933,457.2085706062793,371.3117658306571,444.5203690360014,406.39342534289966
369,Prov. D.K.I. Jakarta,Kota Jakarta Pusat,L,Sp-1,268,1291.0,292.322543099673,251.1200952355081,309.07262837222106,443.29371723006574,338.4541162307265,310.6672796300912,279.98154208458845
370,Prov. D.K.I. Jakarta,Kota Jakarta Pusat,L,Sp-2,133,307.0,69.51434603532115,99.98674955884663,122.69286944273699,117.65730739706972,95.71286702126592,66.91399899377079,60.90323130984559
371,Prov. D.K.I. Jakarta,Kota Jakarta Pusat,P,D1,25,31.0,7.019363931905393,31.128270554660954,13.233458193211074,12.365614826105533,18.910378610862335,17.688061990333914,22.75051518593916
372,Prov. D.K.I. Jakarta,Kota Jakarta Pusat,P,D2,7,52.0,11.774416918034854,26.646591635264432,25.431882746467707,22.498302204184295,23.603188891173183,20.97345022834475,23.30119165625208
373,Prov. D.K.I. Jakarta,Kota Jakarta Pusat,P,D3,2733,7906.0,1790.164233730453,2431.239641299231,2417.9530686215808,2544.891854597589,2294.51408408098,2153.3027011181257,2320.829889963447
374,Prov. D.K.I. Jakarta,Kota Jakarta Pusat,P,D4,764,4660.0,1055.168900731585,940.9693855116725,920.7958890728521,1012.7517639785208,894.1676893073885,1068.525406234915,967.9240289211513
375,Prov. D.K.I. Jakarta,Kota Jakarta Pusat,P,Profesi,4937,6329.0,1433.082397581588,8958.483138556763,8605.64628550685,8527.96826240587,16294.579686812482,7722.943794715594,7990.833556677261
376,Prov. D.K.I. Jakarta,Kota Jakarta Pusat,P,S1,13458,69821.0,15809.645454502144,12885.290650669469,12898.249584924435,13470.011529917807,13848.810954860322,18981.920726948425,14290.956754262923
377,Prov. D.K.I. Jakarta,Kota Jakarta Pusat,P,S2,3366,8395.0,1900.889038978896,2910.6711359367755,3047.4884749414755,3041.4015496520888,2990.559135685893,2465.735099864813,2745.311545299158
378,Prov. D.K.I. Jakarta,Kota Jakarta Pusat,P,S2 Terapan,59,142.0,32.15321543001826,61.52491300380765,58.88297730222375,50.544871277502814,67.54525452529644,36.702564632894806,43.44579618000484
379,Prov. D.K.I. Jakarta,Kota Jakarta Pusat,P,S3,261,1510.0,341.91095281216593,272.6265365353691,310.4984027648651,415.9789847383476,305.1783240114075,363.1188579595463,325.7272937772417
380,Prov. D.K.I. Jakarta,Kota Jakarta Pusat,P,Sp-1,493,1872.0,423.8790090492547,395.92247929461274,468.33618296190804,667.1260710234567,539.6980386084842,429.729572438243,374.345510175453
381,Prov. D.K.I. Jakarta,Kota Jakarta Pusat,P,Sp-2,74,192.0,43.47477015889792,67.39913483420534,79.07207708615587,75.08215838399879,66.00315992410785,44.25890584838216,58.199679465200624
382,Prov. D.K.I. Jakarta,Kota Jakarta Selatan,L,D3,814,3745.0,847.984449193087,969.7959104582247,991.9766933562764,1003.5344444852078,892.0668894554223,842.2236994598188,917.503265766738
383,Prov. D.K.I. Jakarta,Kota Jakarta Selatan,L,D4,900,4931.0,1116.5317273621126,919.0583663089625,983.4135965158048,1086.8414803699247,849.1391247393266,889.5996238833171,835.5245098869219
384,Prov. D.K.I. Jakarta,Kota Jakarta Selatan,L,Profesi,3694,3530.0,799.3017638589045,2876.1158774253718,2293.038644723168,1970.2097546768202,4709.72317290052,4927.689440935685,4068.5148067249966
385,Prov. D.K.I. Jakarta,Kota Jakarta Selatan,L,S1,16038,104708.0,23709.147051030643,15960.074813001283,16147.826029468051,15911.14612987112,16845.874902280175,15766.272351326805,15567.609467859924
386,Prov. D.K.I. Jakarta,Kota Jakarta Selatan,L,S2,3384,11049.0,2501.8371639878287,3191.167338098956,3422.2018574992267,3286.4871960195037,3728.0586347808403,2663.9578451942075,3275.8567813737936
387,Prov. D.K.I. Jakarta,Kota Jakarta Selatan,L,S2 Terapan,11,25.0,5.660777364439833,8.195531471784722,7.927810133913069,6.93911611350151,8.05226309252432,10.722749437272808,8.492421230143322
388,Prov. D.K.I. Jakarta,Kota Jakarta Selatan,L,S3,171,1347.0,305.0026843960182,185.78375257834543,205.81330774259692,257.6681155586528,238.5203886991673,322.3912668176196,292.5435357784855
389,Prov. D.K.I. Jakarta,Kota Jakarta Selatan,P,D3,1603,6146.0,1391.6455072738886,1970.5113772509583,2092.869931649152,2196.4235723506686,1904.6528789160184,1473.9268344992322,1621.9845754946905
390,Prov. D.K.I. Jakarta,Kota Jakarta Selatan,P,D4,1406,5320.0,1204.6134231527965,1119.1440256317555,1174.3138814750084,1299.5563879395795,1155.587066952112,1085.184536503428,1045.8832908091683
391,Prov. D.K.I. Jakarta,Kota Jakarta Selatan,P,Profesi,14300,13243.0,2998.6269854910684,12429.306467708097,9846.797967050767,8548.71029423009,17227.825035050104,13664.706932178893,15032.058981983571
392,Prov. D.K.I. Jakarta,Kota Jakarta Selatan,P,S1,21584,102360.0,23177.486840962454,18812.791475731014,19484.03531994468,19800.407877987465,21220.642261696343,20008.115171166697,19768.404776436357
393,Prov. D.K.I. Jakarta,Kota Jakarta Selatan,P,S2,3354,9414.0,2131.6223243534637,3331.19863302619,3687.9699604709344,3664.7232292039653,3559.6194545573176,2567.9164788138405,3117.132839603723
394,Prov. D.K.I. Jakarta,Kota Jakarta Selatan,P,S2 Terapan,6,15.0,3.3964664186639,6.276910010094,6.323412541504452,5.622658457456753,5.962744699972444,6.172486624602836,4.49918306352928
395,Prov. D.K.I. Jakarta,Kota Jakarta Selatan,P,S3,120,608.0,137.67010550317676,102.70403279104147,117.45572992414293,152.19729212564243,112.88253595686349,150.6714574699615,131.10900055946098
396,Prov. D.K.I. Jakarta,Kota Jakarta Timur,L,D1,23,37.0,8.377950499370954,29.512213061922974,12.462999890816253,11.475035221520097,20.498629684026785,17.16214799145023,21.532218658684673
397,Prov. D.K.I. Jakarta,Kota Jakarta Timur,L,D3,805,3199.0,724.3530715537211,754.8941314611228,728.3618710354307,741.9836837454893,801.1125577211002,703.5091756814477,737.5687954615149
398,Prov. D.K.I. Jakarta,Kota Jakarta Timur,L,D4,682,3629.0,821.7184422220862,627.900978640747,639.3728478056056,712.7315612316637,576.8931003523313,768.4849404481577,705.9945602288119
399,Prov. D.K.I. Jakarta,Kota Jakarta Timur,L,Profesi,5391,5752.0,1302.4316560103168,3541.9476904041244,2356.384926387694,1871.0699825623033,7953.180096863955,5972.743383653522,4859.166191738004
400,Prov. D.K.I. Jakarta,Kota Jakarta Timur,L,S1,11116,71562.0,16203.861990161735,10018.055891181128,9619.940560439494,9599.314468353521,11227.483280040682,13004.66285201515,10181.576603045736
401,Prov. D.K.I. Jakarta,Kota Jakarta Timur,L,S2,2449,8215.0,1860.1314419549292,2264.7555979783942,2356.8124992053463,2318.3475796365815,2877.4590560032393,2015.1082064228267,2192.39530493198
402,Prov. D.K.I. Jakarta,Kota Jakarta Timur,L,S3,317,1894.0,428.86049312996175,238.43555413935735,249.4899437458487,314.92872001882967,325.36701841878045,445.0035750364416,384.7776388645309
403,Prov. D.K.I. Jakarta,Kota Jakarta Timur,P,D1,8,10.0,2.264310945775933,10.180985368034492,4.548822146752237,4.395091640927002,8.19023610592673,4.92399116877141,6.826976390759675
404,Prov. D.K.I. Jakarta,Kota Jakarta Timur,P,D3,1336,4002.0,906.1772404995285,1148.1457631091355,1137.8879651227267,1195.2268515876435,1254.9315815096788,978.7847197317849,1134.8732916670085
405,Prov. D.K.I. Jakarta,Kota Jakarta Timur,P,D4,975,4511.0,1021.4306676395236,890.1599957409434,897.3989456807832,1012.1488054480212,838.6498079156481,948.6323233551293,940.7146318169431
406,Prov. D.K.I. Jakarta,Kota Jakarta Timur,P,Profesi,14528,14949.0,3384.9184328404426,11967.46459847595,8516.739651586107,7141.582159463764,22103.01257633087,15634.130739367756,16810.103904651754
407,Prov. D.K.I. Jakarta,Kota Jakarta Timur,P,S1,14245,69169.0,15662.012380837554,11835.067831451433,11735.052006080025,12147.776821547857,13613.417209440615,17092.345444074406,13541.932538175812
408,Prov. D.K.I. Jakarta,Kota Jakarta Timur,P,S2,1897,5632.0,1275.2599246610057,1837.6449020322955,1933.7541899670252,1945.0262037696482,2300.25799088526,1150.947998674691,1488.2058035752214
409,Prov. D.K.I. Jakarta,Kota Jakarta Timur,P,S3,199,1105.0,250.20635950824064,178.85382299198537,198.86518216705858,264.0822224304608,219.5128120237356,271.10813035453816,251.23372051816884
410,Prov. D.K.I. Jakarta,Kota Jakarta Utara,L,D3,668,2310.0,523.0558284742406,702.7343004105087,727.9229477778991,779.1070109964828,571.8621946208666,559.1769899385947,563.9833031273198
411,Prov. D.K.I. Jakarta,Kota Jakarta Utara,L,D4,396,1644.0,372.25271948556343,301.71248716495836,292.63962693818723,318.7161619690377,274.1533041177292,472.7240905369472,382.3782818777123
412,Prov. D.K.I. Jakarta,Kota Jakarta Utara,L,Profesi,95,130.0,29.436042295087134,112.84848366063922,85.12410029903955,73.39111038414828,142.64156376952806,84.0292881899428,87.3950001387293
413,Prov. D.K.I. Jakarta,Kota Jakarta Utara,L,S1,1421,8176.0,1851.3006292664031,1250.595548715285,1167.0660613709908,1154.8470616997263,1203.6144033916967,1413.625318918872,1321.1977660910322
414,Prov. D.K.I. Jakarta,Kota Jakarta Utara,L,S2,117,478.0,108.23406320808961,138.32165390603436,136.94991627559125,132.522794435092,133.96155840423407,121.90955984142889,142.1894980577225
415,Prov. D.K.I. Jakarta,Kota Jakarta Utara,L,S2 Terapan,41,108.0,24.45455821438008,33.45753758138964,27.565856091477098,21.70103463388011,26.16661867899354,24.29054745748921,28.52252537426553
416,Prov. D.K.I. Jakarta,Kota Jakarta Utara,L,S3,32,177.0,40.07830374023402,21.6544086961852,20.559026523949274,24.798470286790895,24.729751614293853,23.138557709088886,23.160069432981658
417,Prov. D.K.I. Jakarta,Kota Jakarta Utara,P,D3,333,903.0,204.46727840356678,291.3705802925375,285.68695001358367,300.87209810955716,280.84213094879027,214.19243328219696,240.36241394730223
418,Prov. D.K.I. Jakarta,Kota Jakarta Utara,P,D4,76,290.0,65.66501742750206,61.05312706018922,58.770079827481844,64.74978897168722,72.18266689917972,33.983914303961875,35.47118346286468
419,Prov. D.K.I. Jakarta,Kota Jakarta Utara,P,Profesi,466,533.0,120.68777340985724,636.6525539477572,531.492648444712,493.4392739491735,623.0947060909643,591.9831467273314,592.2826426510735
420,Prov. D.K.I. Jakarta,Kota Jakarta Utara,P,S1,1524,7919.0,1793.1078379599617,1402.2137541348554,1305.980263770104,1311.8235887177582,1419.84136654414,1463.5156679207741,1496.1584806475964
421,Prov. D.K.I. Jakarta,Kota Jakarta Utara,P,S2,115,292.0,66.11787961665725,98.87006149991468,98.18673980084988,96.52258172343997,90.1791917990388,60.22903846682457,80.02298373897546
422,Prov. D.K.I. Jakarta,Kota Jakarta Utara,P,S2 Terapan,11,27.0,6.11363955359502,9.783028635209755,8.092898385153243,6.488082432949661,8.77994594761604,8.087259063403838,8.896441279686819
423,Prov. D.K.I. Jakarta,Kota Jakarta Utara,P,S3,15,63.0,14.26515895838838,9.058783554052253,8.660591383480547,10.656148835208494,9.19333855854633,8.024629286211578,7.692312677317286
424,Prov. Gorontalo,Kab. Bone Bolango,L,D3,50,190.0,44.33642372355055,35.77610536794943,28.258850127593924,24.38935168150004,30.879230147492017,16.50304756533162,18.799410440458423
425,Prov. Gorontalo,Kab. Bone Bolango,P,D3,22,98.0,22.868260657410282,20.65024078279047,16.344002581289452,14.21743946185714,13.711891051556668,12.676898279184794,12.209603982638127
426,Prov. Gorontalo,Kab. Gorontalo,L,Profesi,35,40.0,9.333983941800115,53.55307908193032,39.925022987109216,39.6977965510681,32.34515424517982,22.957651753111158,28.60919922799765
427,Prov. Gorontalo,Kab. Gorontalo,L,S1,366,2937.0,685.3477709266735,365.3289228110058,293.11711664326754,268.8996525960138,285.5884129828828,346.40624134128353,328.17326930607084
428,Prov. Gorontalo,Kab. Gorontalo,L,S2,60,308.0,71.8716763518609,67.09264196727945,54.549366798178184,47.28428048073183,65.12446927666039,37.89132755676605,43.63420037996148
429,Prov. Gorontalo,Kab. Gorontalo,P,Profesi,217,252.0,58.80409883334073,375.66807607489955,280.29885281443177,280.37255206531273,196.68970451333084,255.10077730275705,225.57632806186086
430,Prov. Gorontalo,Kab. Gorontalo,P,S1,873,4403.0,1027.4382823936478,716.2952961978104,597.4847712091107,585.9934955314665,619.0539342277231,822.7840648707763,810.3230987995914
431,Prov. Gorontalo,Kab. Gorontalo,P,S2,71,250.0,58.33739963625072,71.11037424330148,60.08491200102523,55.647057391776244,61.139976646597205,40.51352224580319,39.26321595439323
432,Prov. Gorontalo,Kab. Gorontalo Utara,L,S1,93,575.0,134.17601916337665,68.49215058481936,52.26452704584228,46.72092885429283,57.31831481778594,36.84433064458985,37.35103559205312
433,Prov. Gorontalo,Kab. Gorontalo Utara,P,S1,109,699.0,163.11136938295704,115.20602127838714,92.62064192989111,90.42159021526163,116.95960713048336,103.78542980575627,99.76580603340787
434,Prov. Gorontalo,Kab. Pohuwato,L,S1,276,806.0,188.07977642727232,98.22163700294008,75.68592162396564,68.12735650762228,58.91384082773269,82.6185518810136,91.31645328165371
435,Prov. Gorontalo,Kab. Pohuwato,P,S1,476,1160.0,270.68553431220334,192.2015739838628,155.39409062359158,151.74988569242123,153.59144351223745,172.84835590572632,177.24575320035217
436,Prov. Gorontalo,Kota Gorontalo,L,D3,31,196.0,45.736521314820564,51.50626648300592,42.32105496170787,41.54106893571999,45.003764016853836,61.206232022989944,65.96159097367418
437,Prov. Gorontalo,Kota Gorontalo,L,D4,10,150.0,35.00243978175043,22.40181783286904,18.58198439896001,18.219784036911058,16.468881319582483,22.10382581539121,19.859819552825904
438,Prov. Gorontalo,Kota Gorontalo,L,Profesi,3671,3744.0,873.6608969524908,5463.918718454626,4145.565942717031,4049.7389132840703,4975.731090081602,4517.709721414798,3831.025661694313
439,Prov. Gorontalo,Kota Gorontalo,L,S1,1828,15537.0,3625.55271259371,2193.9518426706463,1793.28094717667,1656.6497366510287,1867.170287210551,2318.7490764475747,2126.79221733423
440,Prov. Gorontalo,Kota Gorontalo,L,S2,179,762.0,177.81239409129222,211.39083247359304,181.46654917715085,163.90323231114462,164.80249215974015,160.15473677063287,180.3308388756297
441,Prov. Gorontalo,Kota Gorontalo,L,S3,11,80.0,18.66796788360023,10.333592217506228,9.339541101449104,11.25966849712504,12.6850566311432,12.479464693717393,10.972320580853529
442,Prov. Gorontalo,Kota Gorontalo,P,D3,197,949.0,221.44876901920776,266.10612053506406,215.84187389321872,210.56846720864178,238.8657470260348,213.3161337845319,238.8627076886756
443,Prov. Gorontalo,Kota Gorontalo,P,D4,76,454.0,105.94071773943132,64.98457652849302,52.3052068365762,48.51048007501452,39.58880013740021,65.96746429413456,76.96628739777786
444,Prov. Gorontalo,Kota Gorontalo,P,Profesi,10949,10868.0,2536.0434369870914,17915.7274042766,13650.39593040184,13487.743896090687,15055.145331758684,8414.85200407344,9518.1397610342
445,Prov. Gorontalo,Kota Gorontalo,P,S1,3836,24266.0,5662.461358293041,4289.253877252252,3599.9397684878777,3504.7359192291997,3929.6755488113845,3539.1766930297777,3635.7921109486474
446,Prov. Gorontalo,Kota Gorontalo,P,S2,190,658.0,153.54403584261192,233.53832518572705,207.34295428659198,198.55349485735147,217.24622567552527,176.58322401770903,205.43891331800063
447,Prov. Gorontalo,Kota Gorontalo,P,S3,11,90.0,21.001463869050262,14.713586113152548,13.718456274097267,17.463486623991134,16.193651088436127,13.596640182540519,14.85041722127235
448,Prov. Jambi,Kab. Batang Hari,L,S1,131,1516.0,343.2695393796315,214.50389431247618,172.84182178875304,167.05760566982386,241.67185303449043,185.98197748042588,206.4398343461263
449,Prov. Jambi,Kab. Batang Hari,L,S2,3,25.0,5.660777364439833,9.399727725507542,9.849213825247238,10.460796497047179,10.043500851022616,8.076130348163199,7.673088334221291
450,Prov. Jambi,Kab. Batang Hari,P,S1,288,2042.0,462.37229512744557,366.5012308246041,311.2836465995392,315.0517269238362,361.0027398488344,361.3401356122219,372.6889963132219
451,Prov. Jambi,Kab. Batang Hari,P,S2,1,23.0,5.207915175284647,9.515875573312213,9.651985073913004,10.223127565273654,9.568335223808742,7.633757625607858,5.2285188711355115
452,Prov. Jambi,Kab. Bungo,L,D3,14,59.0,13.359434580078007,13.750976390831445,11.23922887401804,11.024270144808225,12.565551854809964,12.303603501779529,12.149025565353748
453,Prov. Jambi,Kab. Bungo,L,S1,600,3443.0,779.6022586306539,447.16320742674526,350.32807120846326,329.3784233414378,468.9377001056012,450.486164647673,445.16346625713845
454,Prov. Jambi,Kab. Bungo,P,D3,25,170.0,38.49328607819087,51.23407557825913,44.65069326972173,46.16530552965919,46.20331443616037,38.707623720153585,39.38911887661842
455,Prov. Jambi,Kab. Bungo,P,S1,978,4007.0,907.3093959724165,733.6961019133154,645.4018535739264,658.7414366785473,762.1696442497002,657.7311103068334,713.8420427391341
456,Prov. Jambi,Kab. Kerinci,L,D3,71,183.0,41.43689030769958,54.999762157719985,51.246957115908494,55.56237836373807,54.25059636946065,36.03931452878644,31.95615057148288
457,Prov. Jambi,Kab. Kerinci,L,Profesi,519,86.0,19.473074133673027,118.56345547097278,106.97891179648052,110.11527274133326,90.80171795067494,47.11809636769117,81.43708898981839
458,Prov. Jambi,Kab. Kerinci,L,S1,243,1668.0,377.6870657554257,229.04506197241477,181.44272367117017,175.77197303864818,193.16023996310173,223.22483182723118,241.9621411711192
459,Prov. Jambi,Kab. Kerinci,L,S2,51,159.0,36.00254403783734,49.92862395093334,47.00827110447211,47.526178604665034,44.18562108622602,43.17251799702602,49.96001266819959
460,Prov. Jambi,Kab. Kerinci,P,D3,7,17.0,3.8493286078190865,5.431025461174704,4.798120540333981,5.126586918287832,5.1085275052607155,6.1430082695470505,5.773450497836456
461,Prov. Jambi,Kab. Kerinci,P,Profesi,861,219.0,49.58840971249294,332.2325389648587,290.1824129938749,297.86839245046207,238.59704978048393,212.88215921025758,192.55884376399405
462,Prov. Jambi,Kab. Kerinci,P,S1,443,2134.0,483.2039558285842,354.37885622825763,287.56215240627455,286.9646114080702,319.6826273379901,313.36716178366714,358.04730364092825
463,Prov. Jambi,Kab. Kerinci,P,S2,65,167.0,37.81399279445809,62.94049624812655,60.4269706862328,62.76925231976775,57.28399556636258,55.07906985560256,61.92619622049042
464,Prov. Jambi,Kab. Merangin,L,S1,113,2155.0,487.9590088147136,295.6615522270871,241.9768630998236,232.77920699942868,272.2595085671797,274.0319216280761,251.8861041243398
465,Prov. Jambi,Kab. Merangin,P,Profesi,50,51.0,11.54798582345726,58.187055832900995,44.29057203081136,40.95008821134796,68.37837362275761,21.57760679021935,20.628087195790762
466,Prov. Jambi,Kab. Merangin,P,S1,131,2857.0,646.9136372081841,466.4581937450249,387.2998623268591,381.68250388487627,470.3856051298858,397.72716858992425,395.6042007421947
467,Prov. Jambi,Kab. Muaro Jambi,L,D3,78,359.0,81.28876295335601,135.01076547972906,123.63094796087489,94.87662033113335,75.21498088830214,68.72164571271587,91.80206579453093
468,Prov. Jambi,Kab. Muaro Jambi,L,D4,6,142.0,32.15321543001826,37.762931837463135,35.280125273708435,28.540657180896734,23.503136458264063,21.103521745581514,17.02470797272521
469,Prov. Jambi,Kab. Muaro Jambi,L,Profesi,1464,1611.0,364.7804933645029,2977.4803367540417,2722.8726178740167,1988.0714946792887,3233.319011155833,2174.958084501056,1902.1191612349696
470,Prov. Jambi,Kab. Muaro Jambi,L,S1,1757,11110.0,2515.649460757062,2759.825131945831,2665.453653624889,2052.1223196369256,2210.1177325925814,1852.9057451695533,1715.784342722091
471,Prov. Jambi,Kab. Muaro Jambi,L,S2,176,604.0,136.76438112486636,265.20312664193756,259.53170788234553,188.83631259761867,220.12715387072117,138.26802216086847,153.91424717608282
472,Prov. Jambi,Kab. Muaro Jambi,L,S3,60,306.0,69.28791494074356,64.70616788839517,65.73210806057894,62.50488481951666,68.51598684223312,56.886922112332456,57.589368231906164
473,Prov. Jambi,Kab. Muaro Jambi,P,D3,100,434.0,98.27109504667551,191.9842801333839,176.56269534422995,137.37308167604627,83.4917147495749,97.11121216699914,131.11539201956754
474,Prov. Jambi,Kab. Muaro Jambi,P,D4,39,352.0,79.70374529131286,107.40865294061904,99.59186132454089,81.48983392890213,76.85645588787543,75.84843572413548,81.60273179826449
475,Prov. Jambi,Kab. Muaro Jambi,P,Profesi,3830,4339.0,982.4845193721775,8869.282956615441,7875.287110699362,5744.213409120644,8105.864156741056,4866.141063819255,4899.712244379135
476,Prov. Jambi,Kab. Muaro Jambi,P,S1,3603,18244.0,4131.008889473613,5187.694745301504,4974.484762198964,3884.8732734017217,3717.6083157217768,3423.6212141353717,3506.139985918046
477,Prov. Jambi,Kab. Muaro Jambi,P,S2,265,739.0,167.33257889284147,382.0688379696073,376.9238633080798,279.93267585464844,278.53508950928295,180.81376037846965,230.69317551161217
478,Prov. Jambi,Kab. Muaro Jambi,P,S3,34,232.0,52.532013942001655,59.47154660430484,61.974714950825394,60.75717773494713,49.549499198255,54.467494116650386,41.42374023534523
479,Prov. Jambi,Kab. Sarolangun,L,S1,11,645.0,146.0480560025477,81.62265115371821,62.81679223758199,58.502725427656294,92.09044700080129,103.68329954104506,89.69759987455102
480,Prov. Jambi,Kab. Sarolangun,P,S1,29,1066.0,241.3755468197145,164.83629319709357,130.75452357819037,125.88901455634019,131.5417125880845,146.15898515124604,154.1780714172067
481,Prov. Jambi,Kab. Sungai Penuh,L,D3,26,158.0,35.77611294325975,37.9373359877039,32.02318976812471,31.83298021304006,34.06872014535013,31.31962088017389,27.62822065860635
482,Prov. Jambi,Kab. Sungai Penuh,L,S1,256,2610.0,590.9851568475186,288.6256460681357,208.12416711534695,185.36347592814954,204.75655355704995,273.09301683994755,245.35204385733047
483,Prov. Jambi,Kab. Sungai Penuh,P,D3,69,274.0,62.042119914260574,81.34963077155052,71.28165442997785,73.55128301125683,72.32708797674745,69.44090960244512,70.60569050654668
484,Prov. Jambi,Kab. Sungai Penuh,P,S1,228,1731.0,391.9522247138141,237.70332821338434,178.3834970644151,165.15471371038538,172.46477862253533,249.27772445304333,243.17470321081097
485,Prov. Jambi,Kab. Tanjung Jabung Barat,L,S1,215,920.0,208.31660701138586,127.91997741019023,103.50072174751644,100.30497669958471,96.97359174956098,116.58044630599612,117.55903827622124
486,Prov. Jambi,Kab. Tanjung Jabung Barat,P,S1,364,1131.0,256.0935679672581,198.10820846787166,168.2599763673118,170.3490159264929,176.87889497588773,208.8960200275302,192.00924629318425
487,Prov. Jambi,Kab. Tanjung Jabung Timur,L,S1,80,931.0,210.8073490517394,163.77255363173185,145.88346536258385,151.7969230929597,140.58389726346758,149.09498543700406,115.62817772032513
488,Prov. Jambi,Kab. Tanjung Jabung Timur,P,S1,89,735.0,166.4268545145311,149.25228253452548,132.4421375230285,139.71070665674398,133.03946626720983,159.14594156322136,141.74745705281165
489,Prov. Jambi,Kab. Tebo,L,S1,79,482.0,109.13978758639999,82.30719168606996,74.22814667260987,76.52982089564752,91.28842701851917,74.78212559282584,75.55224899648341
490,Prov. Jambi,Kab. Tebo,P,S1,134,754.0,170.72904531150536,150.99621954606343,136.9455312962422,143.91738587205202,160.0622978867524,189.10600955105974,171.36738781707652
491,Prov. Jambi,Kota Jambi,L,D3,181,714.0,161.67180152840163,193.93052066465148,189.82884623391777,198.4720106119991,198.40944670396695,168.46434870996328,165.8563103498514
492,Prov. Jambi,Kota Jambi,L,D4,181,473.0,107.10190773520165,94.59284740483099,97.8598067474519,111.87823816466457,85.70709934973512,63.208980279269426,55.832801614284136
493,Prov. Jambi,Kota Jambi,L,Profesi,524,218.0,49.36197861791535,206.62282071394884,166.20509491762212,150.08646300741293,252.5985265607422,238.56989539131268,223.84338903229866
494,Prov. Jambi,Kota Jambi,L,S1,2149,16623.0,3763.964085163334,2597.5055228275496,2481.207516465682,2507.90365014734,2367.113997617432,2529.867868770831,2448.344216679073
495,Prov. Jambi,Kota Jambi,L,S2,165,1223.0,276.92522866839664,400.4655811815406,431.4108263375733,441.50344933551395,433.53726108011125,424.1100222306733,411.27960116371895
496,Prov. Jambi,Kota Jambi,L,S3,30,303.0,68.60862165701079,54.08735840482357,65.14647608199427,90.92097222377501,45.55595213938845,53.9632525070977,45.33509135050313
497,Prov. Jambi,Kota Jambi,P,D3,549,1615.0,365.68621774281326,544.3935242376118,554.2062582631087,601.8273932504301,447.1349681203765,496.8271805493109,441.0375908765631
498,Prov. Jambi,Kota Jambi,P,D4,1538,3388.0,767.1485484288862,752.3187117468426,756.6986474637855,863.544868615154,647.5188024172456,841.9413210378098,890.8771817026545
499,Prov. Jambi,Kota Jambi,P,Profesi,2489,1512.0,342.36381500132114,2048.336158290572,1865.4894548332197,1837.8249317760549,2140.315566403574,1517.6209394237048,1802.7337186041202
500,Prov. Jambi,Kota Jambi,P,S1,4100,19913.0,4508.922386323616,3782.9119512404236,3713.2301501356324,3873.227130399314,4064.6871876192527,3569.3493450269293,3810.746255885316
501,Prov. Jambi,Kota Jambi,P,S2,136,820.0,185.67349755362653,313.2073265029035,338.23307344146434,352.1794701999535,302.58452966428126,235.79646841445052,301.7426095810439
502,Prov. Jambi,Kota Jambi,P,S3,20,127.0,28.756749011354355,24.71722157231333,28.66014564955904,39.76314121564245,21.543240556222308,17.772620497399725,18.366002267030197
503,Prov. Jawa Barat,Kab. Bandung,L,D3,533,1715.0,400.19456150467994,476.8838148333869,451.63893899771733,502.22180498942436,478.53295750004867,378.6969611802507,395.82957173378225
504,Prov. Jawa Barat,Kab. Bandung,L,D4,79,597.0,139.30971033136672,102.52310371234663,99.7577478726725,114.60813203244479,109.31822537305453,120.67762002416622,108.32912822222201
505,Prov. Jawa Barat,Kab. Bandung,L,Profesi,13,2.0,0.4666991970900058,3.091479627716559,2.776805837756402,2.986953610357634,2.2981944953835844,2.6267265720250785,3.7371958198117454
506,Prov. Jawa Barat,Kab. Bandung,L,S1,5626,28803.0,6721.168486891718,4916.606472679973,4829.943436340716,5256.328563271378,4952.057817335062,4527.11016711696,3793.406196322296
507,Prov. Jawa Barat,Kab. Bandung,L,S2,507,1420.0,331.3564299339041,442.612976563925,456.1381867768678,463.89419464737597,447.19221833758576,402.99089395246534,406.9146665453816
508,Prov. Jawa Barat,Kab. Bandung,L,S3,3,39.0,9.100634343255113,6.6159303341598825,7.448184014775371,10.725030017222398,6.411206862542602,5.896988845929329,5.090380201728476
509,Prov. Jawa Barat,Kab. Bandung,P,D3,476,1396.0,325.75603956882406,432.62643822287606,413.92434245870874,458.6171662071191,420.5148758939706,319.0305036832067,383.31796734984465
510,Prov. Jawa Barat,Kab. Bandung,P,D4,28,366.0,85.40595306747106,63.38637487901413,60.492504464247055,67.11008804214369,69.74934131297556,75.33905453684325,58.129536567214316
511,Prov. Jawa Barat,Kab. Bandung,P,Profesi,9,21.0,4.900341569445061,21.69135914134595,17.281643629220742,15.41807292721738,28.53486541928722,11.54832135749649,12.87748606675336
512,Prov. Jawa Barat,Kab. Bandung,P,S1,4002,21335.0,4978.5136849576365,4041.1253612442315,3988.260413649921,4338.873546524339,4831.039848387129,3943.9846468995593,3853.684844007746
513,Prov. Jawa Barat,Kab. Bandung,P,S2,500,1012.0,236.14979372754294,362.4599625030659,376.63431130583547,389.94298331611213,385.8069438140808,310.1150579070407,348.47133322699864
514,Prov. Jawa Barat,Kab. Bandung,P,S3,1,12.0,2.8001951825400346,2.294382653824611,2.5925668130653747,3.7728255270274786,1.8548172475147748,3.1060109533190214,2.045278765568277
515,Prov. Jawa Barat,Kab. Bandung Barat,L,D3,79,226.0,52.737009271170656,63.81393940850301,58.021898379730146,62.46595328766258,59.13123776224541,70.29483290098916,63.782973904778004
516,Prov. Jawa Barat,Kab. Bandung Barat,L,Profesi,47,61.0,14.234325511245176,75.08618773413248,58.371029226153574,58.30624062426018,46.32037530996764,40.94325285249853,46.10891718116507
517,Prov. Jawa Barat,Kab. Bandung Barat,L,S1,583,1814.0,423.2961717606353,291.7873010920994,264.664890365241,277.4447898094749,258.2357707902185,254.35225231868884,241.1958832588286
518,Prov. Jawa Barat,Kab. Bandung Barat,L,S2,50,116.0,27.068553431220337,37.27993767455524,35.345555023064314,36.804761927980515,37.05953486291237,37.968098873774984,36.98198171777994
519,Prov. Jawa Barat,Kab. Bandung Barat,P,D3,164,371.0,86.57270106019607,119.69043238828931,109.58229385781259,119.84462061881119,113.22790671401265,113.26052169236269,106.97534990672933
520,Prov. Jawa Barat,Kab. Bandung Barat,P,Profesi,157,205.0,47.836667701725595,289.3550891771974,226.69603878859584,230.34636091879773,158.69222602614627,209.89725382010576,196.73676438440435
521,Prov. Jawa Barat,Kab. Bandung Barat,P,S1,573,2055.0,479.53342500998093,388.0498999980398,356.70150979340445,383.7609967884096,359.4567201568509,346.61969342472656,345.21559325606677
522,Prov. Jawa Barat,Kab. Bandung Barat,P,S2,27,56.0,13.067577518520162,20.623045682491373,19.702309148682993,20.863773684983578,20.16805145140508,14.808461029578577,14.368963785873238
523,Prov. Jawa Barat,Kab. Bekasi,L,D3,548,1751.0,408.5951470523001,473.6961921558679,463.5748905137869,504.66923074592836,501.59806522828677,435.5557990243453,424.79002714683384
524,Prov. Jawa Barat,Kab. Bekasi,L,D4,424,1790.0,417.6957813955552,323.8711730264496,327.5550115829883,385.06946186514296,397.0085734258526,405.4810308367322,404.48635010999794
525,Prov. Jawa Barat,Kab. Bekasi,L,Profesi,17,16.0,3.7335935767200463,22.49368946883109,19.61938169015785,21.17799313209212,20.042119089777906,5.576484820909087,7.303624233445317
526,Prov. Jawa Barat,Kab. Bekasi,L,S1,2443,20714.0,4833.60358426119,2747.7591803459363,2588.30400723844,2593.3539201108592,2663.702507749379,3535.6778191705175,2716.5087892025226
527,Prov. Jawa Barat,Kab. Bekasi,L,S2,131,421.0,98.24018098744622,94.97334735880474,90.04440084198983,84.29191375023113,115.51628019183356,84.08342679494822,107.67742395820513
528,Prov. Jawa Barat,Kab. Bekasi,P,D3,471,1461.0,340.92376347424926,398.1338626591711,380.81633798526434,401.5550833690787,429.00767359639445,384.7916676661832,403.1164305566898
529,Prov. Jawa Barat,Kab. Bekasi,P,D4,254,1118.0,260.8848511733132,224.38598515092107,227.0089937197793,267.9703340176265,259.6583114681214,226.28813743943238,216.79077969866634
530,Prov. Jawa Barat,Kab. Bekasi,P,Profesi,122,163.0,38.03598456283547,254.6703241218964,222.20977715885454,241.12491981059486,212.74817461838563,155.3203784485325,157.0377428692759
531,Prov. Jawa Barat,Kab. Bekasi,P,S1,2933,18332.0,4277.764840526993,2952.110198308655,2839.910995017302,2958.2517110112767,3111.70491668883,3252.2288709418012,3471.821436804908
532,Prov. Jawa Barat,Kab. Bekasi,P,S2,66,273.0,63.70444040278579,71.53053518804425,68.55470062327448,65.59774541616379,71.00446391511204,59.52214099387336,71.12749811116488
533,Prov. Jawa Barat,Kab. Bogor,L,D3,187,614.0,143.2766535066318,208.06951779188933,166.93080630736563,172.0032226512601,159.81964191748892,154.85015742175514,150.41600577017326
534,Prov. Jawa Barat,Kab. Bogor,L,D4,1081,4932.0,1150.8802200239543,1027.8079230146363,808.8736577854465,903.0219066538601,901.3818233216485,819.2773570680598,807.1864075590837
535,Prov. Jawa Barat,Kab. Bogor,L,Profesi,102,180.0,42.002927738100524,322.3390035495657,230.9359381071271,237.95923632534397,451.19645563740454,200.5730542236593,248.13908789454112
536,Prov. Jawa Barat,Kab. Bogor,L,S1,4085,23228.0,5420.244475003327,4024.926221844684,3048.430716404741,3032.07481990149,3520.254461247851,4504.563348894448,4205.564172203437
537,Prov. Jawa Barat,Kab. Bogor,L,S2,1424,3968.0,925.9312070265715,1542.370109046831,1292.9921896720061,1292.0464532830024,1164.3520667061123,1091.7661657289268,1126.1468437984217
538,Prov. Jawa Barat,Kab. Bogor,L,S2 Terapan,23,36.0,8.400585547620103,17.844329346787884,14.126139726575166,12.31750710984811,26.80286411164173,14.0053810064488,8.586157058519891
539,Prov. Jawa Barat,Kab. Bogor,L,S3,203,1057.0,246.65052566206805,203.45546689476424,182.207153747599,248.75307841824252,154.52146891091306,211.42608700617083,199.39305233054048
540,Prov. Jawa Barat,Kab. Bogor,P,D3,436,1609.0,375.45950405890966,546.4529001619106,427.3056433641846,426.3747942680537,467.2781953376213,371.27467282974317,388.2220464371025
541,Prov. Jawa Barat,Kab. Bogor,P,D4,1921,6546.0,1527.506472075589,1524.4646825554003,1198.083198166366,1351.8651498715924,1309.832440551695,1321.2447553707852,1325.0975223702123
542,Prov. Jawa Barat,Kab. Bogor,P,Profesi,181,357.0,83.30580668056604,700.9656306284166,501.90694448457486,515.9890233957057,732.5325291776713,631.9847684600193,803.6489179592725
543,Prov. Jawa Barat,Kab. Bogor,P,S1,5783,27183.0,6343.142137248814,5495.404228670731,4182.276143404087,4291.934908151838,4901.152280500075,6160.479415188966,5692.153258297402
544,Prov. Jawa Barat,Kab. Bogor,P,S2,1253,3521.0,821.6239364769552,1555.3975185822899,1311.3078745780203,1328.4235380509595,1049.448146434704,1140.8475035010981,1265.1789656335184
545,Prov. Jawa Barat,Kab. Bogor,P,S2 Terapan,6,10.0,2.333495985450029,5.424253344163508,4.279935592826042,3.729753718615141,7.990525418004276,3.9426368740555104,3.4502007294878005
546,Prov. Jawa Barat,Kab. Bogor,P,S3,172,901.0,210.2479882890476,195.6719597530042,175.92840642389822,242.82768839175318,134.83441333344504,199.0319313663549,183.79554723501292
547,Prov. Jawa Barat,Kab. Ciamis,L,D3,34,95.0,22.168211861775276,24.945182014747967,24.516450809776885,25.23677251512753,24.291783281483305,27.391511872536327,29.548023893354145
548,Prov. Jawa Barat,Kab. Ciamis,L,Profesi,717,747.0,174.31215011311716,1112.7881151337815,995.1716866980407,1050.004136227349,3486.4832816931757,692.1919718435394,755.5409337167479
549,Prov. Jawa Barat,Kab. Ciamis,L,S1,1021,5665.0,1321.9254757574413,831.5139263267351,811.2014968637218,807.7362310277351,699.9441582635571,696.3567251626723,737.5699368408177
550,Prov. Jawa Barat,Kab. Ciamis,L,S2,137,348.0,81.20566029366101,108.37411543114672,112.15179654518981,113.41149843718865,119.21176561346248,110.59973260283486,114.07080199673211
551,Prov. Jawa Barat,Kab. Ciamis,P,D3,182,352.0,82.13905868784101,109.10539103127805,108.810455886569,115.19336514341744,130.88283087883795,94.27753787319864,103.1836975754079
552,Prov. Jawa Barat,Kab. Ciamis,P,Profesi,862,893.0,208.38119150068758,1469.5061927933393,1312.7956871552742,1389.243500332031,2404.2299548656306,1021.8354874185502,1036.3741157866787
553,Prov. Jawa Barat,Kab. Ciamis,P,S1,1325,5722.0,1335.2264028745067,1029.5381821937785,1025.9673385717865,1068.3916510214403,1091.6645243320145,932.9598575185636,1021.4611696151163
554,Prov. Jawa Barat,Kab. Ciamis,P,S2,94,220.0,51.33691167990064,79.47232357849438,83.11021694391478,85.86480324298806,90.18578314408425,78.12652805848072,67.25537631425925
555,Prov. Jawa Barat,Kab. Cianjur,L,D3,1,5.0,1.1667479927250144,1.5397582483997772,1.4692669899122661,1.6412381080713052,1.2599077931016869,1.8644980174641959,2.1131047264270686
556,Prov. Jawa Barat,Kab. Cianjur,L,D4,9,24.0,5.600390365080069,3.764695836636139,3.4589901089424258,3.790234437471662,4.0746076749196645,6.2354280596561855,4.838447327869688
557,Prov. Jawa Barat,Kab. Cianjur,L,S1,967,4788.0,1117.277877833474,693.1128729548561,630.2507883238162,637.726662977494,705.9772373271508,709.7291180174534,707.6213858684105
558,Prov. Jawa Barat,Kab. Cianjur,L,S2,99,229.0,53.43705806680566,77.64132710123569,76.64977459012667,81.77911122064879,78.42893189126343,57.37254566681233,65.76921476728336
559,Prov. Jawa Barat,Kab. Cianjur,L,S3,1,3.0,0.7000487956350087,0.3567410523778406,0.34676528591006395,0.4436654310202178,0.4232966536693935,2.203232938176228,2.124308424623559
560,Prov. Jawa Barat,Kab. Cianjur,P,D3,85,218.0,50.87021248281063,60.111231418649375,54.522413538253815,56.42247166351474,63.622363210813425,59.68587874145116,64.05986864650211
561,Prov. Jawa Barat,Kab. Cianjur,P,D4,11,63.0,14.701024708335183,12.249223130636931,11.631028111628636,13.25445439426019,12.806786657947988,11.538932846155506,8.974034878173313
562,Prov. Jawa Barat,Kab. Cianjur,P,Profesi,6,9.0,2.100146386905026,15.206150465398588,12.780947215137727,13.957319950530232,6.948192580052,6.171513359193864,8.880726942579601
563,Prov. Jawa Barat,Kab. Cianjur,P,S1,1049,4589.0,1070.8413077230182,805.8528617981889,748.115036799824,786.889795855294,873.259578385025,922.3817705846717,958.8399872918004
564,Prov. Jawa Barat,Kab. Cianjur,P,S2,34,97.0,22.63491105886528,34.75044875205843,33.91215403888019,35.684533574638394,35.95195113070108,27.843766628288616,31.528885802513255
565,Prov. Jawa Barat,Kab. Cianjur,P,S3,2,5.0,1.1667479927250144,0.9548886996203595,1.0129954457767065,1.4974650260656346,0.6265513420787744,2.119244617170776,2.2607673997514186
566,Prov. Jawa Barat,Kab. Cirebon,L,D3,199,887.0,206.98109390941758,236.2910796073415,229.833462414813,249.58967444564362,241.4632392936139,247.57453626051452,196.30803503026954
567,Prov. Jawa Barat,Kab. Cirebon,L,Profesi,1163,932.0,217.4818258439427,1207.7042118573656,1030.725382705803,1082.4721259442852,646.4375268409266,1024.2181816669497,1198.5682914085514
568,Prov. Jawa Barat,Kab. Cirebon,L,S1,1406,11603.0,2707.5553919176687,1542.5735993292699,1450.4838131662868,1459.138660953641,1475.305840320455,1833.145955774961,1594.3340276380097
569,Prov. Jawa Barat,Kab. Cirebon,L,S2,65,334.0,77.93876591403097,117.67796839252756,123.67041477412387,137.48367453467048,108.90723007770478,107.90386407107096,102.05701689112304
570,Prov. Jawa Barat,Kab. Cirebon,P,D3,253,912.0,212.81483387304263,279.1036572795926,273.71344660028285,302.5740201466557,267.70790598140843,280.4607351337525,280.39363803759386
571,Prov. Jawa Barat,Kab. Cirebon,P,Profesi,4458,2759.0,643.811542385663,4230.31835809072,3665.675140697686,3962.7810715064084,3255.514049417416,2819.2109537333777,3121.312575226423
572,Prov. Jawa Barat,Kab. Cirebon,P,S1,2551,13013.0,3036.5783258661227,2154.582536423377,2082.300188076885,2198.075534038658,2489.6839933569386,2404.513069034851,2187.0812226293097
573,Prov. Jawa Barat,Kab. Cirebon,P,S2,57,239.0,55.77055405225569,93.81624981372292,98.68807037648759,110.39216559829985,77.98397925194197,51.96025539240551,39.48256394661038
574,Prov. Jawa Barat,Kab. Garut,L,D3,89,316.0,73.73847314022092,85.74479729469958,83.50873533573527,88.51493892848991,78.0171925630804,72.42327271365525,81.69197674569985
575,Prov. Jawa Barat,Kab. Garut,L,Profesi,625,409.0,95.43998580490619,619.9334864495715,547.3850394630279,591.2225565133019,425.78155036595774,362.0484655115341,385.81992122383195
576,Prov. Jawa Barat,Kab. Garut,L,S1,1807,10624.0,2479.1061349421107,1506.6575619564333,1432.701847556598,1433.0280374209246,1612.4289902183405,1419.855119783886,1384.8852893183673
577,Prov. Jawa Barat,Kab. Garut,L,S2,86,331.0,77.23871711839595,75.38977804003265,71.2438459711346,65.09606069284311,71.23337792975495,69.83928309755336,82.4076972214385
578,Prov. Jawa Barat,Kab. Garut,P,D3,338,941.0,219.58197223084773,298.9656272008887,294.89285623671634,320.47578260729,247.3962937883584,294.37302327572456,285.877362851054
579,Prov. Jawa Barat,Kab. Garut,P,Profesi,1752,1181.0,275.5858758816484,1969.7470508434553,1735.7972668098018,1877.615533197219,883.3109261995684,1214.7953074214875,1422.8981294500138
580,Prov. Jawa Barat,Kab. Garut,P,S1,2396,11954.0,2789.461101006965,2073.702693382017,2016.2703507056099,2104.0448236331417,2355.128534987137,2065.9641948171256,1920.1547736497753
581,Prov. Jawa Barat,Kab. Garut,P,S2,52,234.0,54.603806059530676,72.50948637806692,71.90558793516533,71.2949266404682,83.10221936624967,68.12466995252613,56.53437503700955
582,Prov. Jawa Barat,Kab. Indramayu,L,D3,428,1294.0,301.95438051723374,348.1155367400208,339.1882805499748,358.0105585747923,302.6571276748877,295.26277915999543,298.83020082262396
583,Prov. Jawa Barat,Kab. Indramayu,L,D4,73,661.0,154.2440846382469,121.57347515308943,122.23826432104882,141.5087972176329,106.1306944845275,114.94831708660811,93.94683490879049
584,Prov. Jawa Barat,Kab. Indramayu,L,Profesi,296,300.0,70.00487956350086,456.9404146875807,404.93340915972817,437.7466740038099,299.3720101602742,270.10802627053306,318.70742794577853
585,Prov. Jawa Barat,Kab. Indramayu,L,S1,536,5382.0,1255.8875393692056,716.4786305661664,673.6179235579685,656.4163245517676,645.9190822291816,701.1866697702108,721.3497532997925
586,Prov. Jawa Barat,Kab. Indramayu,L,S2,19,108.0,25.201756642860314,23.41641616225592,21.926707599302837,19.64609552229943,24.217748964171427,19.158836626615614,19.24814520680362
587,Prov. Jawa Barat,Kab. Indramayu,P,D3,264,690.0,161.011222996052,220.86865571170227,218.78730552173639,238.21221773735107,192.16689035723778,188.68476860530913,209.8617368210445
588,Prov. Jawa Barat,Kab. Indramayu,P,D4,33,343.0,80.03891230093599,70.1698186108201,70.89715669913315,82.14889713671548,68.22065243411738,82.07989604686045,54.17702629437259
589,Prov. Jawa Barat,Kab. Indramayu,P,Profesi,1173,1187.0,276.98597347291843,1982.2352346939106,1751.6529475756115,1893.8360817287605,1085.1905729401567,1214.2653918748954,1446.540625103796
590,Prov. Jawa Barat,Kab. Indramayu,P,S1,823,5809.0,1355.527817947922,981.2618745260543,952.2919807166624,980.8009549313417,1133.746149394548,868.3909695639317,958.2195052717451
591,Prov. Jawa Barat,Kab. Indramayu,P,S2,10,49.0,11.434130328705141,16.80475603657994,17.11173326067973,17.612727548175016,16.993510677719065,11.771044463453313,12.778437477405564
592,Prov. Jawa Barat,Kab. Karawang,L,D1,16,16.0,3.7335935767200463,11.750843644185807,5.518447696803542,5.992996016724041,4.406444850492965,3.6671190002016583,7.099070480369116
593,Prov. Jawa Barat,Kab. Karawang,L,D2,52,92.0,21.468163066140267,40.67269921080606,34.5749705652897,34.716314451674016,25.71249163221911,26.519592267580634,31.637478323714078
594,Prov. Jawa Barat,Kab. Karawang,L,D3,121,641.0,149.57709266734685,166.80290375856586,162.47875536567201,172.27144929178164,180.63439758999885,180.95532989872407,176.78843972306416
595,Prov. Jawa Barat,Kab. Karawang,L,Profesi,1019,1038.0,242.216883289713,1556.9137080737446,1385.1668313927862,1514.40273110059,921.5648339364969,1234.3238284733347,1276.2068072519373
596,Prov. Jawa Barat,Kab. Karawang,L,S1,2239,14927.0,3483.209457481258,2180.001595463985,2098.9276055973805,2168.0863429841074,2331.589079142136,2290.480085723563,2042.1446520365162
597,Prov. Jawa Barat,Kab. Karawang,L,S2,63,166.0,38.73603335847048,49.58155901721174,50.46160377675929,51.9132050448839,53.1124386376583,38.80481902508412,38.45882030911666
598,Prov. Jawa Barat,Kab. Karawang,P,D2,2,6.0,1.4000975912700173,2.9027434510289076,2.459469712181571,2.4680665796754737,1.7643806604980905,3.7828865862824412,4.2106568853212805
599,Prov. Jawa Barat,Kab. Karawang,P,D3,206,1081.0,252.25091602714812,307.59824860186325,298.58836685161043,316.30683983910325,352.14642901589866,284.24177088525386,278.69158341425623
600,Prov. Jawa Barat,Kab. Karawang,P,Profesi,801,821.0,191.58002040544739,1354.271299639708,1202.3374145824655,1316.2040628963832,561.5000858575631,1095.1552840585318,1038.2696121036588
601,Prov. Jawa Barat,Kab. Karawang,P,S1,3161,17886.0,4173.690919575922,3094.8958239358467,3023.4820578104996,3219.7597628427425,3762.0370444647797,2893.0802284338347,2950.6025603211206
602,Prov. Jawa Barat,Kab. Karawang,P,S2,50,137.0,31.9688950006654,49.08684868992422,50.88771317719683,54.169353070225256,49.2948933514985,32.508762263005245,34.19802565296128
603,Prov. Jawa Barat,Kab. Kuningan,L,D3,32,82.0,19.13466708069024,23.230795833179524,22.220224656980434,23.662297821787142,20.618327070770498,27.087444857862604,26.757756113396113
604,Prov. Jawa Barat,Kab. Kuningan,L,Profesi,1241,691.0,161.244572594597,1055.3331063351047,907.499808965833,971.6088659089522,1103.6337273111824,747.4162509040907,754.0949596285366
605,Prov. Jawa Barat,Kab. Kuningan,L,S1,986,6401.0,1493.6707802865635,890.7658089654093,815.6090072428486,805.0482339693783,970.4402303509195,920.170179780587,825.9926875886887
606,Prov. Jawa Barat,Kab. Kuningan,L,S2,106,243.0,56.7039524464357,55.95911526928508,51.542717562708354,46.7439002444192,50.80491727905423,39.891464106718864,36.17858562682212
607,Prov. Jawa Barat,Kab. Kuningan,P,D3,110,317.0,73.97182273876592,103.09960175310903,99.4111726382604,107.73395242674525,128.97785974010174,85.199529542771,97.06317343803883
608,Prov. Jawa Barat,Kab. Kuningan,P,Profesi,4612,2538.0,592.2412811072173,4005.6620831938835,3387.0685954000296,3546.583026199409,3727.4367327654095,2319.6600526982515,2800.6268479078294
609,Prov. Jawa Barat,Kab. Kuningan,P,S1,1619,7534.0,1758.0558754380518,1317.663464716637,1242.2392652494646,1291.6209992058737,1502.7936036467374,1404.8215638833321,1373.5926502499149
610,Prov. Jawa Barat,Kab. Kuningan,P,S2,100,186.0,43.403025329370536,60.43597151542301,58.92053878251057,58.78885126536862,65.7937626268398,61.14705748004102,63.573372836348796
611,Prov. Jawa Barat,Kab. Majalengka,L,D3,15,48.0,11.200780730160139,13.71511694878209,11.533359089800799,12.0195142378223,13.660453540806097,16.029802820209653,17.629935697263896
612,Prov. Jawa Barat,Kab. Majalengka,L,Profesi,847,506.0,118.07489686377147,786.200717389146,595.596702778094,626.0983572072095,622.7768169190117,648.3758812376584,601.1615640242013
613,Prov. Jawa Barat,Kab. Majalengka,L,S1,639,4146.0,967.467435567582,566.7316573390924,455.6605489862199,433.40224044411696,517.5157543888669,597.7315790088696,588.7315507766863
614,Prov. Jawa Barat,Kab. Majalengka,L,S2,76,187.0,43.63637492791554,68.18812998148884,61.43285327602186,64.66033685409431,56.04452189898682,65.5629196800597,67.90045297673558
615,Prov. Jawa Barat,Kab. Majalengka,P,D3,116,246.0,57.40400124207071,80.83950315517542,68.55811788814982,72.76035904481297,68.23495504081073,73.4866296926634,71.18320807470637
616,Prov. Jawa Barat,Kab. Majalengka,P,Profesi,2913,1697.0,395.9942687308699,2940.7496506449365,2230.4990576783644,2360.234719359388,2160.1967711771767,1631.1234651350903,1638.1059375766358
617,Prov. Jawa Barat,Kab. Majalengka,P,S1,959,4766.0,1112.1441866654839,846.5291277702757,706.7991283521493,716.6374583743118,685.8219540627325,779.946235026655,868.776695058149
618,Prov. Jawa Barat,Kab. Majalengka,P,S2,42,98.0,22.868260657410282,39.92417534010033,36.027175591958986,38.195629757407026,33.2567590812332,32.94913383379922,39.170801421065676
619,Prov. Jawa Barat,Kab. Pangandaran,L,D3,46,148.0,34.53574058466043,45.22176647819219,40.59691813605139,44.24483934228522,41.14194278594201,37.1828210240193,47.237371404743435
620,Prov. Jawa Barat,Kab. Pangandaran,L,S1,30,183.0,42.70297653373553,35.482290451137445,34.06185101244063,35.89773026762211,35.37797510447598,39.19975864305257,42.05872699603031
621,Prov. Jawa Barat,Kab. Pangandaran,P,D3,39,125.0,29.16869981812536,41.755831095388615,37.37385730683737,40.66974038231896,37.59999113423257,36.578895626198204,44.31485628832169
622,Prov. Jawa Barat,Kab. Pangandaran,P,S1,66,375.0,87.50609945437608,79.57920779820486,76.14575751347357,80.20710401987512,78.0146613436362,78.31673799455068,65.4040907411243
623,Prov. Jawa Barat,Kab. Purwakarta,L,D3,76,283.0,66.03793638823582,75.0535475249933,70.54989132206647,76.25746768881885,81.95373261389467,54.548112851207804,67.90803804304292
624,Prov. Jawa Barat,Kab. Purwakarta,L,D4,45,635.0,148.17699507607685,101.71128216157618,96.16075469091301,108.35094335430776,122.5765982976493,111.59807407240935,108.04649897321572
625,Prov. Jawa Barat,Kab. Purwakarta,L,S1,631,4762.0,1111.2107882713037,629.3020824572282,571.5933396443444,572.0517890938446,641.7143659395267,663.764607858721,658.8072654520487
626,Prov. Jawa Barat,Kab. Purwakarta,L,S2,12,52.0,12.13417912434015,15.874070207600878,15.60102161029525,16.37968381048737,17.408047858435435,13.749645638741315,12.321921644333397
627,Prov. Jawa Barat,Kab. Purwakarta,P,D3,91,286.0,66.73798518387083,88.63998378419626,84.34840787324099,93.41027437920869,91.97986087168869,66.23482846924519,79.9156136315352
628,Prov. Jawa Barat,Kab. Purwakarta,P,D4,523,930.0,217.01512664685268,177.61091553605712,171.22311261327985,198.63160790477124,221.17782332653366,180.8716458816946,149.99220386130327
629,Prov. Jawa Barat,Kab. Purwakarta,P,Profesi,605,553.0,129.04232799538661,676.3972077957085,537.5167404971868,531.9130494235193,523.0187310715546,471.0061060586233,430.10217558829873
630,Prov. Jawa Barat,Kab. Purwakarta,P,S1,803,4416.0,1030.4718271747329,746.1410607384762,700.9564515642363,743.4233448454545,897.6096419756236,860.5989753915347,823.3974560738988
631,Prov. Jawa Barat,Kab. Purwakarta,P,S2,10,47.0,10.967431131615136,16.582437829274664,16.454966896222714,17.626317114187568,17.568497918054064,15.723622887873915,16.073845514558375
632,Prov. Jawa Barat,Kab. Subang,L,D3,112,841.0,196.24701237634744,207.3297882531843,187.15317699774718,196.21332618470734,207.10809184440436,170.3449821875302,176.11435345352984
633,Prov. Jawa Barat,Kab. Subang,L,D4,1,302.0,70.47157876059087,56.6637170564055,54.52214163258993,64.7900385232449,37.31132994291106,42.433712607033975,40.22764968473354
634,Prov. Jawa Barat,Kab. Subang,L,S1,597,5782.0,1349.2273787872068,782.0838258056535,696.7843159049232,702.66050394401,859.6088458201934,721.6441800323122,758.0502976343521
635,Prov. Jawa Barat,Kab. Subang,L,S2,25,136.0,31.735545402120394,35.79905498136696,33.191727130701125,32.85418963552235,40.84532047451414,26.240622392410234,37.06015879679669
636,Prov. Jawa Barat,Kab. Subang,P,D3,148,917.0,213.98158186576765,248.46538497780546,223.7803749466532,234.86098222118574,261.79369187832475,248.14887401918125,268.99461787935553
637,Prov. Jawa Barat,Kab. Subang,P,S1,719,5587.0,1303.7242070709312,929.8264481700934,849.7553909494079,894.2458048371611,929.5057774695396,817.6641314038013,851.7017731292838
638,Prov. Jawa Barat,Kab. Subang,P,S2,17,63.0,14.701024708335183,23.464587262679235,23.042778155096286,25.12049786935911,21.43959489398684,20.010692157037102,20.45929610915275
639,Prov. Jawa Barat,Kab. Sukabumi,L,D3,57,129.0,30.102098212305375,38.34332893629509,36.03403720967692,40.16579530450333,36.54740164559254,34.04321902504024,39.36841611727806
640,Prov. Jawa Barat,Kab. Sukabumi,L,S1,1039,8736.0,2038.5420928891454,1233.6267043358525,1107.8904595037427,1122.7393849165737,1237.6022725337514,1443.017820844888,1268.462407844867
641,Prov. Jawa Barat,Kab. Sukabumi,L,S2,151,387.0,90.30629463691612,106.25497777377318,99.06283424510725,98.74495454405125,116.7278447553507,86.33206477691463,115.59530159036495
642,Prov. Jawa Barat,Kab. Sukabumi,P,D3,48,112.0,26.135155037040324,37.03577972447816,34.826674248612235,39.03968283009041,31.430805858891706,27.029621065670625,36.12734765838987
643,Prov. Jawa Barat,Kab. Sukabumi,P,S1,1223,9145.0,2133.9820786940513,1602.006231309756,1477.2322921748507,1568.723662421054,1798.6675677619567,1676.1537232163375,1773.8291284373186
644,Prov. Jawa Barat,Kab. Sukabumi,P,S2,56,174.0,40.602830146830506,62.0986216509719,60.1309080190876,63.897550540998914,63.48752423088348,48.67270939191322,62.28507656836828
645,Prov. Jawa Barat,Kab. Sumedang,L,D3,14,61.0,14.234325511245176,18.056806745843545,13.663992960826867,12.34833297092472,17.96602709290309,20.847152711281392,24.679897198313466
646,Prov. Jawa Barat,Kab. Sumedang,L,D4,980,3686.0,860.1266202368806,829.2835842803785,666.3279712043442,684.8143860297565,634.3802805223564,447.4134179961455,312.3157733019852
647,Prov. Jawa Barat,Kab. Sumedang,L,Profesi,392,626.0,146.0768486891718,997.0238800090546,677.9785442958711,615.5525134732131,998.9049042780018,747.0643836598118,824.6041242885433
648,Prov. Jawa Barat,Kab. Sumedang,L,S1,2804,16237.0,3788.897431575212,3229.687652472147,2490.6774142057843,2378.1723154130605,3209.263260343877,2813.4929621375213,2534.7304498427593
649,Prov. Jawa Barat,Kab. Sumedang,L,S2,524,1675.0,390.8605775628798,653.5292068168478,533.8939836050718,493.2827688997858,689.1122608002449,508.38879362654245,501.7198698836698
650,Prov. Jawa Barat,Kab. Sumedang,L,S2 Terapan,44,336.0,78.40546511112098,136.16511083668874,100.06937231804041,74.65754239636736,131.1332258836159,86.04951019271748,104.84017414063217
651,Prov. Jawa Barat,Kab. Sumedang,L,S3,218,1330.0,310.35496606485384,240.02420316732267,206.12398593577623,253.56596654498296,272.83902300940764,232.65335149574537,224.97304938901567
652,Prov. Jawa Barat,Kab. Sumedang,L,Sp-1,171,845.0,197.18041077052746,192.3871452992439,180.50851140913758,235.88567494326995,231.8877134686401,164.60879655879373,161.85658591490483
653,Prov. Jawa Barat,Kab. Sumedang,L,Sp-2,52,123.0,28.702000621035356,46.71523675688449,41.578484247274545,38.890182427373915,45.363767421048664,31.516278903968637,29.91846997092189
654,Prov. Jawa Barat,Kab. Sumedang,P,D3,21,72.0,16.801171095240207,28.410577749809857,22.451997780068908,21.84869907994207,24.99393708151315,26.518225461795446,29.37528307977293
655,Prov. Jawa Barat,Kab. Sumedang,P,D4,805,3416.0,797.1222286297299,844.302385791746,672.8303399424417,696.5343747992814,666.3381070037892,448.25939607266065,396.90236343086895
656,Prov. Jawa Barat,Kab. Sumedang,P,Profesi,837,1651.0,385.2601871977998,2888.6910081126475,1959.6697242790185,1780.7828532004462,2592.8823032518308,2843.9658018926652,2536.5791968085564
657,Prov. Jawa Barat,Kab. Sumedang,P,S1,4563,23457.0,5473.681533070133,5436.5998819287925,4220.091297107351,4146.34198717262,4556.664688620415,4136.220232321938,4312.104515592995
658,Prov. Jawa Barat,Kab. Sumedang,P,S2,802,2230.0,520.3696047553565,1008.5473325648982,832.4762700929211,785.6102316627047,1080.1771694711467,540.3866980395603,497.36105563878397
659,Prov. Jawa Barat,Kab. Sumedang,P,S2 Terapan,40,150.0,35.00243978175043,70.99439030283334,52.81010022813783,40.35693398046989,61.15188156629781,40.905273940943964,52.55666535607349
660,Prov. Jawa Barat,Kab. Sumedang,P,S3,159,905.0,211.18138668322763,192.02111566976401,167.17206361675795,211.17750181175353,209.4510505122428,196.14343639351162,182.69512034579768
661,Prov. Jawa Barat,Kab. Sumedang,P,Sp-1,171,909.0,212.11478507740765,228.35351884870872,213.96879601345762,280.3187678745044,254.9972422057291,201.2836684437012,198.89564862224387
662,Prov. Jawa Barat,Kab. Sumedang,P,Sp-2,26,65.0,15.167723905425188,26.817645872517303,23.749298659793133,22.13912035366711,27.560851708151233,23.469442915339677,26.626364385432247
663,Prov. Jawa Barat,Kab. Tasikmalaya,L,D3,7,27.0,6.3004391607150785,6.043313598160593,5.228186934325171,5.325340220859179,5.912795383070112,6.481373870494945,6.333326747380124
664,Prov. Jawa Barat,Kab. Tasikmalaya,L,S1,702,3620.0,844.7255467329105,577.201079917078,525.1877274792591,566.8161627620572,498.7205076982669,557.3843093326304,481.8085978012955
665,Prov. Jawa Barat,Kab. Tasikmalaya,L,S2,18,88.0,20.534764671960254,17.388865167452416,14.772019782787657,13.220353958174107,25.082427848789035,18.51090852156401,19.777680126385405
666,Prov. Jawa Barat,Kab. Tasikmalaya,P,D3,23,75.0,17.501219890875216,19.367333892556967,16.910171613197498,17.561672884684263,20.32179285943557,18.169952534407447,16.89811443493219
667,Prov. Jawa Barat,Kab. Tasikmalaya,P,Profesi,6,6.0,1.4000975912700173,9.929820200108363,8.119999288316977,9.0512629189065,3.310557831325429,4.028891107646121,3.970788194284821
668,Prov. Jawa Barat,Kab. Tasikmalaya,P,S1,946,3858.0,900.2627511866211,730.6294410118799,675.5708098187232,751.6069158638244,641.5663973829037,739.9822811444296,707.5122918673369
669,Prov. Jawa Barat,Kab. Tasikmalaya,P,S2,7,33.0,7.700536751985095,7.819943819196518,6.766251253317752,6.265064990480667,9.344953966775092,6.556515755509211,6.530197619082011
670,Prov. Jawa Barat,Kota Bandung,L,D1,16,18.0,4.200292773810052,14.173439482922577,6.953990039723887,7.289372493217803,10.339091441915626,10.829909670652595,10.191371808297164
671,Prov. Jawa Barat,Kota Bandung,L,D2,31,188.0,43.869724526460544,42.745342797041886,31.909145128381155,23.426382084507214,15.658122084622597,18.947236384801062,29.26256200593981
672,Prov. Jawa Barat,Kota Bandung,L,D3,2473,10876.0,2537.9102337754516,2779.269480739457,2764.7782741680894,2742.9461270108973,2726.287428909006,2628.914408455476,2731.1379796841384
673,Prov. Jawa Barat,Kota Bandung,L,D4,1473,9103.0,2124.1813955551615,1651.759267195884,1720.1036578290589,1887.625191609636,1407.3596229140055,1731.7335692328152,1488.3515727956337
674,Prov. Jawa Barat,Kota Bandung,L,Profesi,11310,10923.0,2548.8776649070664,17204.13339092059,15912.775306081596,16660.978404110087,11042.037158780106,10780.955151688839,11355.860762432947
675,Prov. Jawa Barat,Kota Bandung,L,S1,21649,134663.0,31423.556988865726,20019.47667582067,19620.803227994216,19470.430447053113,20552.954013822968,20862.43569059471,18702.955941883654
676,Prov. Jawa Barat,Kota Bandung,L,S2,4772,13422.0,3132.0183116710286,4372.657069999119,4667.219981486191,4665.924207545665,4440.162902183632,4087.251252301828,3929.4545261666517
677,Prov. Jawa Barat,Kota Bandung,L,S2 Terapan,37,106.0,24.735057445770305,40.325409953447476,39.817085232121336,33.589113918627504,38.95594593973055,33.41624867849344,40.976290131441175
678,Prov. Jawa Barat,Kota Bandung,L,S3,728,3969.0,926.1645566251165,591.5533379167939,662.0829314331808,877.5189739987625,651.9955901040813,732.7726935250341,568.7712936034425
679,Prov. Jawa Barat,Kota Bandung,P,D1,21,22.0,5.133691167990063,18.956915112109613,9.270442757945645,9.711809479804339,13.723727492814216,11.621681694363435,11.66398479091851
680,Prov. Jawa Barat,Kota Bandung,P,D2,65,296.0,69.07148116932086,79.89465945266433,60.60075828620096,45.853942925675014,43.16885933312611,44.20141555400759,71.772628109515
681,Prov. Jawa Barat,Kota Bandung,P,D3,4418,14630.0,3413.904626713392,4448.548174704753,4503.746397606898,4603.986047976737,4740.418873672672,4265.163520169153,3937.501436948463
682,Prov. Jawa Barat,Kota Bandung,P,D4,2391,10711.0,2499.407550015526,2216.0438284163224,2325.609172793692,2586.9177587403547,2132.7180115979063,2124.9558238105215,1909.4543312595038
683,Prov. Jawa Barat,Kota Bandung,P,Profesi,25882,25149.0,5868.509053808278,43403.93903394617,40026.93368429538,41905.206783776084,25917.517480362614,24145.339210816976,26253.739219507763
684,Prov. Jawa Barat,Kota Bandung,P,S1,28899,139555.0,32565.103224947878,25947.03057545309,26251.597077494112,27279.571835313396,29346.305724000376,26505.74677926668,27277.908189049904
685,Prov. Jawa Barat,Kota Bandung,P,S2,4297,11653.0,2719.2228718449187,4411.331059855103,4759.547064140392,4865.184671501867,4601.517096565302,3911.076606390922,3945.1587791202815
686,Prov. Jawa Barat,Kota Bandung,P,S2 Terapan,42,115.0,26.835203832675333,50.977668418295536,50.92048179680501,43.961583960781766,56.25894371253025,39.909627441768734,48.58060144430418
687,Prov. Jawa Barat,Kota Bandung,P,S3,516,2347.0,547.6715077851218,410.2629892057612,465.2006234048686,632.6136971581527,454.5246027870914,499.1864301270138,437.2379938895476
688,Prov. Jawa Barat,Kota Banjar,L,S1,85,564.0,131.60917357938163,99.44212600814173,87.5974511348444,94.3593894135257,90.20889376255771,100.08734304099636,95.40942645857098
689,Prov. Jawa Barat,Kota Banjar,P,S1,117,769.0,179.44584128110722,151.0460013792796,133.14205761990252,144.34909798020894,147.25662325707228,182.0947552755066,193.91875930643994
690,Prov. Jawa Barat,Kota Bekasi,L,D3,158,922.0,215.14832985849267,165.89755452076975,154.4006656768008,144.52402579672966,137.79890915031854,166.31217049524594,148.7546055228367
691,Prov. Jawa Barat,Kota Bekasi,L,D4,99,441.0,102.90717295834628,65.77427712252299,66.60051922659994,72.95696004856633,77.09847113684914,92.30207088432552,109.73108885128228
692,Prov. Jawa Barat,Kota Bekasi,L,Profesi,97,126.0,29.402049416670366,131.67154946564756,112.15959529203478,108.53547686632325,88.39088054421222,87.77398582853681,79.84750310723688
693,Prov. Jawa Barat,Kota Bekasi,L,S1,1921,13816.0,3223.95805349776,1659.0967592074337,1598.9503488377918,1547.434764215071,1684.0367516799085,2609.406943436754,1920.7429724728445
694,Prov. Jawa Barat,Kota Bekasi,L,S2,160,588.0,137.2095639444617,171.25575385306166,180.68337761196227,186.8212048664468,193.8283592249663,158.53584737012528,156.75848514289365
695,Prov. Jawa Barat,Kota Bekasi,L,S3,6,104.0,24.2683582486803,16.59734712261151,19.16001153029101,28.12182080085377,15.569690371450859,15.099730307663952,12.820292786410395
696,Prov. Jawa Barat,Kota Bekasi,P,D3,569,1549.0,361.45852814620946,361.93841077027224,349.70982137381026,348.91604132257265,420.23330823599014,359.58777214856417,393.063004792376
697,Prov. Jawa Barat,Kota Bekasi,P,D4,624,1929.0,450.13137559331057,336.93631437693534,345.54835240404014,388.12997884307543,418.4461772274013,444.61930336538626,425.92249006382775
698,Prov. Jawa Barat,Kota Bekasi,P,Profesi,751,1150.0,268.3520383267533,1341.6319970865834,1144.465117302983,1115.2181412020886,831.2969109996225,1301.6307955579439,1466.118275292676
699,Prov. Jawa Barat,Kota Bekasi,P,S1,2851,14269.0,3329.6654216386464,2220.448798996467,2218.9722145509436,2288.9173952398423,2462.4014263365225,2912.5938399475644,2670.6766999207616
700,Prov. Jawa Barat,Kota Bekasi,P,S2,187,604.0,140.94315752118175,174.3361666690247,179.08209581715514,178.24825403153332,193.84547014797712,162.5681754928058,183.89974746869697
701,Prov. Jawa Barat,Kota Bekasi,P,S3,4,27.0,6.3004391607150785,4.983580017609575,5.8097167632884865,8.702232716650274,3.12965533102287,4.717633848947071,3.8800534661491954
702,Prov. Jawa Barat,Kota Bogor,L,D3,309,1226.0,286.08660781617357,331.8016699354847,312.2365464901406,317.0290889157942,295.5379455754856,309.83670024970036,299.13676226526707
703,Prov. Jawa Barat,Kota Bogor,L,D4,119,769.0,179.44584128110722,135.8450927978464,131.70813647182587,142.66741985713068,143.91181475998812,136.48453727752738,116.7446986018021
704,Prov. Jawa Barat,Kota Bogor,L,Profesi,1189,1275.0,297.5207381448787,1967.2799183824125,1690.4262948032797,1758.112118422387,1775.9370083635652,1497.7868473657609,1620.4565052712344
705,Prov. Jawa Barat,Kota Bogor,L,S1,2210,15347.0,3581.2162888701596,2245.4204427077016,2083.6677046811637,2017.8977146979198,2245.5549018572483,2507.792564628584,2228.9238454272377
706,Prov. Jawa Barat,Kota Bogor,L,S2,187,697.0,162.64467018586703,215.2962871393881,211.89197945585988,207.78439781935782,219.91916464060014,160.7240743512457,167.0900633102275
707,Prov. Jawa Barat,Kota Bogor,L,S3,62,368.0,85.87265226456107,48.175840469375466,48.821444568691234,61.67002167494412,55.009881421521655,60.67851517563131,53.93332658870395
708,Prov. Jawa Barat,Kota Bogor,P,D3,605,1779.0,415.12893581156015,565.8499854778601,538.3980043828617,562.8351112857898,543.1836462727671,402.1194482529523,422.6796831492643
709,Prov. Jawa Barat,Kota Bogor,P,D4,190,871.0,203.2475003326975,176.72070948502986,172.74211487735113,190.45683013101612,187.32548060675603,185.7836850908557,159.50186353903226
710,Prov. Jawa Barat,Kota Bogor,P,Profesi,4568,4816.0,1123.811666592734,8302.107988945198,7145.318238490025,7485.473969691991,5338.629817749037,5042.163594286356,5242.523123177983
711,Prov. Jawa Barat,Kota Bogor,P,S1,2953,14530.0,3390.569666858892,2665.8100440624153,2543.069071565293,2595.035937646922,2961.7923687801917,2962.911767309704,2881.555404178175
712,Prov. Jawa Barat,Kota Bogor,P,S2,176,513.0,119.70834405358649,179.4634065904087,177.4819853618098,176.21136230973573,179.14414718099064,167.62462491852335,175.55306062787497
713,Prov. Jawa Barat,Kota Bogor,P,S3,44,224.0,52.27031007408065,34.824072922886124,35.86175018964846,46.69411197954238,37.90305092152567,33.958085342788735,30.021833255738834
714,Prov. Jawa Barat,Kota Cimahi,L,D3,157,557.0,129.9757263895666,145.80014745934685,140.3314462291903,137.28656463208804,129.0703269339562,134.07888361613655,126.3286128690453
715,Prov. Jawa Barat,Kota Cimahi,L,D4,124,699.0,163.11136938295704,99.71743191739252,94.53711313283033,92.39473956676625,81.89051514267427,106.0559058374223,86.30256912005468
716,Prov. Jawa Barat,Kota Cimahi,L,Profesi,1004,1150.0,268.3520383267533,1664.0614235538449,1448.4993949645022,1438.3061130785143,1275.2204550751273,1087.2445826488843,1195.5719024251173
717,Prov. Jawa Barat,Kota Cimahi,L,S1,2814,14938.0,3485.776303065253,2146.3152539873486,2039.5617262692926,1919.0979876232543,2155.3067639883916,2417.6664981816266,2094.3390903246604
718,Prov. Jawa Barat,Kota Cimahi,L,S2,445,1065.0,248.51732245042808,307.38266427878534,306.1965917564684,286.27309361362836,321.44123628336484,310.38148706079943,347.7494014648321
719,Prov. Jawa Barat,Kota Cimahi,P,D3,477,1381.0,322.255795590649,461.100464218389,458.67535516303803,475.20779086879014,387.14106885962786,279.56901272721757,272.9790781823272
720,Prov. Jawa Barat,Kota Cimahi,P,D4,117,597.0,139.30971033136672,119.46497904785366,119.71391179667592,128.43926165726512,96.24598046312235,115.42780157411816,91.71084560730485
721,Prov. Jawa Barat,Kota Cimahi,P,Profesi,4322,4616.0,1077.1417468837333,7636.435975164459,6694.363350918368,6754.185256258038,4615.975786733842,4675.685343299918,4991.990139049051
722,Prov. Jawa Barat,Kota Cimahi,P,S1,3351,17242.0,4023.41377811294,3069.077768533259,2981.1209220856463,2951.1439167212197,3669.639230243886,2964.655775626609,3158.105992376434
723,Prov. Jawa Barat,Kota Cimahi,P,S2,261,729.0,170.1118573393071,276.10133135279045,286.1631790704595,286.3871780684376,260.8440704705286,204.5196605138851,235.20986167206988
724,Prov. Jawa Barat,Kota Cirebon,L,D3,373,1272.0,296.8206893492437,335.99424033664405,288.20662113582136,277.07437425700016,299.48123280871107,279.79619438322607,293.67478985988976
725,Prov. Jawa Barat,Kota Cirebon,L,D4,35,149.0,34.76909018320543,29.80369245791354,27.217979468012143,29.602142745993326,22.93576958402143,18.545491696749995,18.91581610930827
726,Prov. Jawa Barat,Kota Cirebon,L,Profesi,1834,1136.0,265.0851439471233,1707.5938757364981,1333.7869814700025,1315.8291335682613,1254.0995300930936,1826.0211790116696,1555.6307122583758
727,Prov. Jawa Barat,Kota Cirebon,L,S1,2542,16882.0,3939.407922636739,2884.4342002980616,2542.464830209189,2498.1910557159026,2473.913958688698,2632.662553593951,2429.096694088761
728,Prov. Jawa Barat,Kota Cirebon,L,S2,213,651.0,151.9105886527969,234.7721097266941,219.22277012061863,218.35616871361867,204.1505212861389,180.0233094863584,170.7086338356745
729,Prov. Jawa Barat,Kota Cirebon,L,S3,18,123.0,28.702000621035356,20.63978350015172,20.2879502638633,26.965926004418606,19.528841171424396,18.0496536291242,16.84386690768591
730,Prov. Jawa Barat,Kota Cirebon,P,D3,172,570.0,133.00927117065166,177.70159809730092,154.66808308966867,152.91417741183903,156.3372973270341,158.90302244470695,152.2885676973
731,Prov. Jawa Barat,Kota Cirebon,P,D4,153,348.0,81.20566029366101,71.98593729222048,64.62729560525813,68.79281043306514,57.11510974618591,62.128327402009766,50.7571601950369
732,Prov. Jawa Barat,Kota Cirebon,P,Profesi,5817,3541.0,826.2909284478552,5991.177567897267,4695.501273285372,4679.1289725887655,4087.373170492566,5007.849141797121,5410.859475198234
733,Prov. Jawa Barat,Kota Cirebon,P,S1,3994,19275.0,4497.813511954931,3855.461368197613,3441.989716226617,3467.073932583604,3448.171402833527,3727.2802707996616,3775.2295750785265
734,Prov. Jawa Barat,Kota Cirebon,P,S2,114,398.0,92.87314022091115,161.86780473445785,151.72747749166254,152.76665207378957,140.1594082316333,101.50104520288089,136.76428524920357
735,Prov. Jawa Barat,Kota Cirebon,P,S3,4,39.0,9.100634343255113,6.839137322722711,6.627925474128945,8.652375925600596,6.58768606774986,6.043329936892049,4.969406116034413
736,Prov. Jawa Barat,Kota Depok,L,D1,10,12.0,2.8001951825400346,8.888172745366592,4.2075667042507225,4.563444611505952,3.3907764905257234,5.193528060700649,7.348268571671852
737,Prov. Jawa Barat,Kota Depok,L,D3,594,2063.0,481.40022179834097,604.5058130189991,609.1118483421999,672.577176183569,641.7699810561431,481.61475166932934,504.2309932039266
738,Prov. Jawa Barat,Kota Depok,L,D4,830,3633.0,847.7590915139955,664.9155095075673,681.6888339260063,791.573777596549,845.8005266782992,772.9545880399832,632.809267545292
739,Prov. Jawa Barat,Kota Depok,L,S1,1391,10984.0,2563.111990418312,1541.4405493683032,1477.7452617139495,1498.2311700692446,1660.2644631104617,1938.6198905347749,2005.370626903006
740,Prov. Jawa Barat,Kota Depok,L,S2,167,811.0,189.24652441999734,253.0032236610151,261.71855805529196,272.48114105597256,247.68751724795843,191.4387796498852,213.61590909582424
741,Prov. Jawa Barat,Kota Depok,L,S2 Terapan,16,36.0,8.400585547620103,15.161215415044659,15.01101506778729,13.934263422057786,14.336588547571221,13.615125249602603,8.295603532503737
742,Prov. Jawa Barat,Kota Depok,P,D1,3,3.0,0.7000487956350087,2.43161453818451,1.1473271085200143,1.2436341154019102,0.9657135674417884,2.330582758921048,2.4147662226054294
743,Prov. Jawa Barat,Kota Depok,P,D3,513,1566.0,365.42547132147456,498.0395506589616,499.09535065844346,549.2088014294694,574.1277008433117,419.51760725991693,461.31025728594307
744,Prov. Jawa Barat,Kota Depok,P,D4,908,3246.0,757.4527968770794,658.6245478669906,675.0979239789812,787.3177982952207,809.5578477770483,822.4732813618942,972.0799471620569
745,Prov. Jawa Barat,Kota Depok,P,Profesi,176,173.0,40.3694805482855,261.1986222408011,228.45572572562642,240.77444707704217,171.66913555112254,230.5815773988587,191.36437798459033
746,Prov. Jawa Barat,Kota Depok,P,S1,1686,8912.0,2079.6116222330656,1383.3897500925243,1327.1483063716505,1348.1083069724853,1461.3831289954974,1820.9715214366408,1934.1609327201306
747,Prov. Jawa Barat,Kota Depok,P,S2,114,455.0,106.17406733797631,147.90839016760478,150.7462320241338,153.97580209490272,154.92838468363007,116.64439100575619,142.71146355562507
748,Prov. Jawa Barat,Kota Depok,P,S2 Terapan,8,10.0,2.333495985450029,4.107628417685185,3.944770384685212,3.5038345982427073,4.72460604016137,4.706985821735376,4.350666341992239
749,Prov. Jawa Barat,Kota Sukabumi,L,D3,306,1441.0,336.25677150334917,313.3374107959324,290.7932471931208,285.5234003617548,272.42434392132606,290.85955389711506,318.17290167972146
750,Prov. Jawa Barat,Kota Sukabumi,L,D4,5,31.0,7.23383755489509,4.179441351610016,3.938863882388371,4.056740669188101,3.4700243069087646,5.822512470105499,4.184213019672878
751,Prov. Jawa Barat,Kota Sukabumi,L,Profesi,107,146.0,34.06904138757042,189.68135937886365,162.15513036845766,166.42129260820045,98.19817192327862,83.76229659074603,57.57283948899738
752,Prov. Jawa Barat,Kota Sukabumi,L,S1,1083,7056.0,1646.5147673335405,959.0695912437521,904.7399645103078,898.9982217594693,825.7657489949854,1058.2240916142994,893.9936623149362
753,Prov. Jawa Barat,Kota Sukabumi,L,S2,16,137.0,31.9688950006654,32.52669255919731,31.16947661451199,29.13970220711458,29.02881333437074,21.535604130570754,23.502159363726825
754,Prov. Jawa Barat,Kota Sukabumi,P,D3,549,1515.0,353.5246417956794,426.2082194249246,410.169901067483,428.8009401198373,361.9326004881742,361.6680157330879,390.7991630272864
755,Prov. Jawa Barat,Kota Sukabumi,P,D4,23,61.0,14.234325511245176,11.878395712081943,11.914786066435816,13.620768232958074,11.308035560512357,11.04853288764521,9.117157864421662
756,Prov. Jawa Barat,Kota Sukabumi,P,Profesi,319,336.0,78.40546511112098,536.7495650983435,470.13388214018585,503.9406468001752,456.9891572464201,249.00961309263758,243.00908005502095
757,Prov. Jawa Barat,Kota Sukabumi,P,S1,1753,8831.0,2060.7103047509204,1428.274494593489,1368.6018851097228,1404.169315760934,1173.034973195503,1520.804591617346,1485.4455024577655
758,Prov. Jawa Barat,Kota Sukabumi,P,S2,14,78.0,18.201268686510225,23.698380719728707,23.48840220277828,23.283355621145763,20.571370465908853,16.810522052936047,16.662178911369395
759,Prov. Jawa Barat,Kota Tasikmalaya,L,D3,312,1139.0,265.7851927427583,307.43643537221715,307.2491390314715,319.9491901648085,293.9975323149347,276.14851845091795,244.3828449400436
760,Prov. Jawa Barat,Kota Tasikmalaya,L,D4,58,202.0,47.13661890609058,37.15916056899445,38.56513787262874,43.65783400215486,42.98538021614682,39.40569410926836,32.20009754496633
761,Prov. Jawa Barat,Kota Tasikmalaya,L,Profesi,1982,2139.0,499.1347912877612,3047.905836120255,2724.9410508551573,2830.367906420793,3587.437025743812,2103.6003539739277,2207.3626235243323
762,Prov. Jawa Barat,Kota Tasikmalaya,L,S1,2128,15309.0,3572.3490041254495,2334.7134279973466,2321.538241081265,2348.4196889019813,2230.8084952913646,2395.7056554420637,2236.6427936487735
763,Prov. Jawa Barat,Kota Tasikmalaya,L,S2,115,438.0,102.20712416271127,129.51304623070686,133.75380347362344,132.78158205644175,136.70423089995364,111.8923914206592,133.81190153406004
764,Prov. Jawa Barat,Kota Tasikmalaya,P,D3,1205,3458.0,806.92291176862,1134.2104263199083,1158.1403695713507,1253.9904574273476,1143.3616722508714,927.6253445541956,954.701557069922
765,Prov. Jawa Barat,Kota Tasikmalaya,P,D4,340,951.0,221.91546821629774,197.07329025715566,205.26176283045777,234.7895287916771,257.8489295708494,175.48333733489108,149.09239272610358
766,Prov. Jawa Barat,Kota Tasikmalaya,P,Profesi,2797,2967.0,692.3482588830236,4796.123034159505,4310.406643487492,4535.865444548542,6304.538418153345,4012.8978162444173,4254.444055472492
767,Prov. Jawa Barat,Kota Tasikmalaya,P,S1,3442,19413.0,4530.015756554141,3606.013324865464,3665.3638068434284,3858.936344441438,4395.409761896913,3593.471696904874,3683.353568448158
768,Prov. Jawa Barat,Kota Tasikmalaya,P,S2,110,317.0,73.97182273876592,112.0815683639824,117.81576056909579,120.87344343904783,116.86265653133317,80.55168051817965,100.22034052332992
769,Prov. Jawa Tengah,Kab. Banjarnegara,L,D3,21,99.0,22.41667836318174,28.220701018363787,26.544378887910767,28.2684367741699,27.420932481182692,28.70687952692037,31.71723004007743
770,Prov. Jawa Tengah,Kab. Banjarnegara,L,S1,76,812.0,183.8620487970058,119.90458886251845,104.22950320360518,105.31055999561,131.3542093822498,125.9125687860078,131.51912797150698
771,Prov. Jawa Tengah,Kab. Banjarnegara,P,D3,73,263.0,59.55137787390705,82.01402381561859,74.41308563344315,78.86931975157933,79.64510756241853,56.27929240756868,73.43724337761975
772,Prov. Jawa Tengah,Kab. Banjarnegara,P,S1,136,1048.0,237.2997871173178,185.39250590961845,164.81227535690314,172.4029603807975,189.3819491551904,195.95959791045158,174.52970894693385
773,Prov. Jawa Tengah,Kab. Banyumas,L,D3,303,1474.0,333.75943340737257,387.26649968874597,367.7968559935482,376.90662175283524,371.2549499940337,350.999502794235,359.83511544198217
774,Prov. Jawa Tengah,Kab. Banyumas,L,D4,111,621.0,140.61370973268546,122.36317398414128,122.2528074796578,133.4934392424586,124.0896511404946,120.02773446563279,94.24803404909198
775,Prov. Jawa Tengah,Kab. Banyumas,L,Profesi,1754,1572.0,355.9496806759767,2163.5182334374294,2123.251853754224,2098.288552889163,1934.2767715547639,1715.935886362436,1754.7409934529453
776,Prov. Jawa Tengah,Kab. Banyumas,L,S1,3980,28152.0,6374.488174548407,4615.568356869108,4437.292998725336,4409.775391087103,4595.812922231275,5082.116829140517,4608.95716229773
777,Prov. Jawa Tengah,Kab. Banyumas,L,S2,413,1281.0,290.05823215389705,409.42919706546604,424.1722592911659,414.48386025267257,409.4435314384917,367.4693712621515,396.9096190586016
778,Prov. Jawa Tengah,Kab. Banyumas,L,S3,47,311.0,70.42007041363152,49.38801476670498,54.11553156437999,69.85251444595202,50.823400779291084,46.197015342504855,50.08788028548591
779,Prov. Jawa Tengah,Kab. Banyumas,L,Sp-1,4,33.0,7.47222612106058,6.856914381763184,8.338062574350772,11.886750336982777,10.037013307571188,9.800239758989644,7.421867223774704
780,Prov. Jawa Tengah,Kab. Banyumas,P,D3,595,2395.0,542.3024715133361,757.8165234830036,731.0178548567977,761.1791882600921,744.5429429057398,553.0036389192925,596.7995365884278
781,Prov. Jawa Tengah,Kab. Banyumas,P,D4,264,1434.0,324.70218962426884,313.0484839049596,303.9997076792477,331.8134762092911,329.928279190087,343.9629192578629,287.69854921971927
782,Prov. Jawa Tengah,Kab. Banyumas,P,Profesi,6852,5899.0,1335.717026913223,9133.216738822777,8792.096355183481,8730.807173686891,6001.425163023311,5621.582695354238,5887.286714607531
783,Prov. Jawa Tengah,Kab. Banyumas,P,S1,7577,41477.0,9391.682509794839,8242.730712475182,8131.908796069509,8338.716137078356,8991.17041391914,8036.134630554558,7505.768494946589
784,Prov. Jawa Tengah,Kab. Banyumas,P,S2,486,1351.0,305.9084087743286,514.0905577220389,540.4783920890205,541.1240670759643,499.76119124714944,400.16538049793076,427.4987468195924
785,Prov. Jawa Tengah,Kab. Banyumas,P,S3,14,148.0,33.511801997483815,26.704416226280426,28.873595630038555,37.5788894275682,26.020689053807104,25.63051541895644,24.216870915580646
786,Prov. Jawa Tengah,Kab. Banyumas,P,Sp-1,2,10.0,2.264310945775933,2.2864433221815434,2.6914013035142608,3.8263121817099464,3.146698253817154,4.599086564532268,3.581884826401492
787,Prov. Jawa Tengah,Kab. Blora,L,D3,11,45.0,10.1893992559917,12.397554486440365,11.446948823344279,12.02188213388769,10.724823040989822,11.520691266724178,12.478030924373833
788,Prov. Jawa Tengah,Kab. Blora,L,D4,187,822.0,186.12635974278172,152.83420685353286,142.22275375558706,160.03630077606633,141.22000847579199,146.99311588694823,141.41757294553153
789,Prov. Jawa Tengah,Kab. Blora,L,S1,343,2673.0,605.250315805907,386.3027500298951,329.4058930787466,324.1270544125134,327.4015994846533,339.6179704328877,366.1851983801067
790,Prov. Jawa Tengah,Kab. Blora,P,D3,1,3.0,0.67929328373278,1.0274904555107465,0.9879988115922929,1.0790506436158522,1.148306342471589,1.573071727959152,1.597094857312717
791,Prov. Jawa Tengah,Kab. Blora,P,D4,99,344.0,77.89229653469211,70.42215241158293,63.661803477566764,71.92239198707796,67.2026324875967,57.018460809115666,44.07806127122883
792,Prov. Jawa Tengah,Kab. Blora,P,S1,379,2656.0,601.4009871980879,448.3844558749068,383.6016341109751,384.2202570415601,413.8965399085644,389.87210723173257,375.59368822011027
793,Prov. Jawa Tengah,Kab. Boyolali,L,Profesi,8,10.0,2.264310945775933,14.371288069136714,13.348273185057824,13.682589182767607,16.183504278000306,5.546313466168808,6.348283602201484
794,Prov. Jawa Tengah,Kab. Boyolali,L,S1,169,1295.0,293.22826747798337,195.53324650930662,164.63016237336214,161.7616150636294,261.592225348096,177.73045083688686,161.27240950406747
795,Prov. Jawa Tengah,Kab. Boyolali,P,Profesi,342,405.0,91.70459330392531,577.7653278137863,488.37901635656857,481.8771478079137,694.9721528452072,436.5701712667317,346.7001152534731
796,Prov. Jawa Tengah,Kab. Boyolali,P,S1,605,1999.0,452.6357580606091,403.3020674849742,369.2856993045086,386.8918796417816,387.0670447940028,345.18237936458746,355.0859563020135
797,Prov. Jawa Tengah,Kab. Brebes,L,D3,25,88.0,19.925936322828214,23.87140055195874,22.856676625739908,24.08466246427022,24.75493410900303,15.61042821936514,21.209227975546845
798,Prov. Jawa Tengah,Kab. Brebes,L,S1,351,2272.0,514.4514468802921,346.94062851844694,320.13170470739175,324.00216689105656,353.09042225135676,330.20707017125136,283.9721796660489
799,Prov. Jawa Tengah,Kab. Brebes,P,D3,163,446.0,100.98826818160663,145.3789402449265,142.0424987920291,153.84327892432236,165.32180150490754,132.61715356176924,125.72995969650925
800,Prov. Jawa Tengah,Kab. Brebes,P,Profesi,32,34.0,7.698657215638173,51.825510562109415,49.60276892087656,51.3419624173315,32.289767304974795,21.47097270499822,23.412003699904364
801,Prov. Jawa Tengah,Kab. Brebes,P,S1,548,2950.0,667.9717290039004,542.8335418399199,511.8584988098599,532.7265508292013,537.8611392973237,502.26845754373176,553.2205633817061
802,Prov. Jawa Tengah,Kab. Cilacap,L,D3,374,1542.0,349.1567478386489,415.9201233710105,394.71276606578857,414.6086516460864,383.2403623554468,391.508984259453,397.88736780588323
803,Prov. Jawa Tengah,Kab. Cilacap,L,D4,46,573.0,129.74501719296097,114.30304650814678,114.887134097472,132.0069067245828,123.833477598912,108.38345192550872,90.6835462157705
804,Prov. Jawa Tengah,Kab. Cilacap,L,Profesi,84,94.0,21.284522890293772,128.83302770666802,125.87354212130082,130.0002275102987,106.10500012919992,62.09307690420134,79.8493120473035
805,Prov. Jawa Tengah,Kab. Cilacap,L,S1,475,2945.0,666.8395735310123,485.17839154139807,466.24484661372355,484.38838261239573,431.51204963190713,466.0522293460226,440.89144210055406
806,Prov. Jawa Tengah,Kab. Cilacap,P,D3,286,756.0,171.18190750066057,248.08643172442132,242.0248058952795,262.39456432660916,294.5402819771373,223.94586925716192,193.27425855414413
807,Prov. Jawa Tengah,Kab. Cilacap,P,D4,80,776.0,175.71052939221244,169.91669140944413,165.28021522040018,189.70353603511913,191.57072471678953,115.51615006105366,121.37127944570278
808,Prov. Jawa Tengah,Kab. Cilacap,P,Profesi,174,178.0,40.30473483481161,266.6249971655271,251.1388812433054,258.0533581214535,211.38218519550813,154.40880155928014,91.05693494721311
809,Prov. Jawa Tengah,Kab. Cilacap,P,S1,841,3835.0,868.3632477050704,724.5883661897267,691.1872958283285,726.86477902677,682.0309362889097,693.7015147966671,746.958919228966
810,Prov. Jawa Tengah,Kab. Demak,L,S1,77,845.0,191.33427491806637,156.74409718004813,148.0477053261207,157.65554168091194,145.73438613774587,162.76965171813322,128.61354459278536
811,Prov. Jawa Tengah,Kab. Demak,P,S1,74,542.0,122.72565326105558,105.89346348657841,94.31324534946347,98.66316550494491,92.0481434152835,70.12889371396615,83.10135555772385
812,Prov. Jawa Tengah,Kab. Grobogan,L,D3,17,33.0,7.47222612106058,9.002107469950275,8.046771096735753,8.377864974412997,10.732641966330988,7.111870364607984,6.27709106369004
813,Prov. Jawa Tengah,Kab. Grobogan,L,Profesi,27,31.0,7.019363931905393,30.176928371169552,22.472835204689343,20.37742268664166,37.27150372313832,12.732406943544927,15.112383307042428
814,Prov. Jawa Tengah,Kab. Grobogan,L,S1,61,550.0,124.53710201767633,93.18951585273231,85.12313856042378,87.99527212182355,124.78823593335515,88.43133435298348,105.01103123843015
815,Prov. Jawa Tengah,Kab. Grobogan,P,D3,45,104.0,23.548833836069708,34.18785652036321,31.23718733188734,33.46117461402157,34.64177979309035,27.866007014605437,30.944306324672652
816,Prov. Jawa Tengah,Kab. Grobogan,P,Profesi,192,167.0,37.81399279445809,249.94414039244634,220.1573806830394,223.31675151980656,169.9227814801372,73.3650719852648,90.7671064350854
817,Prov. Jawa Tengah,Kab. Grobogan,P,S1,260,1232.0,278.963108519595,238.64006985918252,215.89359083986085,225.50220183767408,310.5561115465755,242.2458008258027,225.21286533366973
818,Prov. Jawa Tengah,Kab. Jepara,L,D4,23,222.0,50.26770299622572,45.38287094322362,42.953419459711476,49.10519535024056,36.72443757954708,43.090311954468596,34.13344828387231
819,Prov. Jawa Tengah,Kab. Jepara,L,S1,524,4182.0,946.9348375234953,577.780468440111,465.1492849742009,451.77134620409754,585.3773657757024,648.8275076545651,542.61342767504
820,Prov. Jawa Tengah,Kab. Jepara,L,S2,42,135.0,30.5681977679751,40.47917348129526,37.40298555490337,36.964709622735974,33.95743522117086,35.80100671312706,36.16021000961369
821,Prov. Jawa Tengah,Kab. Jepara,P,D3,23,53.0,12.000848012612447,15.674109695828463,13.339877886589143,13.784933142154706,12.114662081875652,16.13156929843412,18.089146251798898
822,Prov. Jawa Tengah,Kab. Jepara,P,D4,31,227.0,51.39985846911369,50.822613799425966,46.43165553786444,52.84970105111272,49.253735917696666,39.87023912049723,43.91638921443565
823,Prov. Jawa Tengah,Kab. Jepara,P,S1,821,4329.0,980.2202084264015,772.2122322450424,662.8959007932527,679.6028418508895,827.9169986953336,832.3550873500366,843.2009578084296
824,Prov. Jawa Tengah,Kab. Jepara,P,S2,45,103.0,23.322402741492112,38.67437977864566,37.37774682153964,38.51061970578983,32.03671211628622,29.003235087300514,33.1934904314725
825,Prov. Jawa Tengah,Kab. Karanganyar,L,D3,80,300.0,67.929328373278,67.08914903074289,55.057662213063715,54.80451524025947,74.27233549415281,42.369706180996225,49.254033310864564
826,Prov. Jawa Tengah,Kab. Karanganyar,L,D4,19,173.0,39.172579361923646,33.58070067790032,32.10860893866936,36.8971516459473,24.471391433092162,33.002079315048235,21.89083033459136
827,Prov. Jawa Tengah,Kab. Karanganyar,L,Profesi,13,15.0,3.3964664186639,20.01266765371124,18.616101860188614,19.254214891097075,11.415494573074923,7.237389336480965,7.690067846838431
828,Prov. Jawa Tengah,Kab. Karanganyar,L,S1,79,783.0,177.2955470542556,130.84909977492697,122.58778984472723,129.10006773571155,133.5684788766854,165.4656061541049,195.43137595358596
829,Prov. Jawa Tengah,Kab. Karanganyar,L,S2,24,48.0,10.86869253972448,15.355438494265172,15.370463948039466,15.892593401941275,15.641123496989632,12.48746891962064,16.331385714599456
830,Prov. Jawa Tengah,Kab. Karanganyar,L,S3,12,26.0,5.887208459017427,3.5467528418060947,3.426235240354165,4.440338970242689,4.234821146162085,5.082445365080319,4.646202109323516
831,Prov. Jawa Tengah,Kab. Karanganyar,P,D3,181,497.0,112.53625400506388,133.75992547939688,112.11734839343792,114.77129554757988,124.75478536136912,121.7531524748271,121.63428334545573
832,Prov. Jawa Tengah,Kab. Karanganyar,P,D4,85,332.0,75.17512339976099,70.21310407646965,64.60259606884445,73.7811218876294,76.00299052239562,49.17330357876,42.23194241949843
833,Prov. Jawa Tengah,Kab. Karanganyar,P,Profesi,56,54.0,12.22727910719004,77.68227002678528,69.10297002665138,70.77903069882598,62.76366976357506,27.42142170170675,29.952252486479512
834,Prov. Jawa Tengah,Kab. Karanganyar,P,S1,177,1078.0,244.09271995464562,212.15376723600448,200.38624738326996,215.41465049221463,212.3673871008019,219.01128083838665,209.3849955937344
835,Prov. Jawa Tengah,Kab. Karanganyar,P,S2,9,29.0,6.566501742750207,9.837004484732512,9.322300137138399,9.490839090336975,8.784181371797239,5.941761613229601,6.4435585137887
836,Prov. Jawa Tengah,Kab. Karanganyar,P,S3,1,10.0,2.264310945775933,1.3911950362954764,1.243017775524854,1.5650961690041005,1.7825349214235544,3.005777739978092,1.9451097333846337
837,Prov. Jawa Tengah,Kab. Kebumen,L,D3,65,430.0,97.36537066836513,89.6787714395676,71.94652214225606,69.10825277471561,91.54456849013862,91.32342209222399,94.98037579389329
838,Prov. Jawa Tengah,Kab. Kebumen,L,D4,1,23.0,5.207915175284647,2.2567574079632786,1.4612574148874762,1.3123610718578034,4.0211453757114795,4.878124270142025,4.706404613060712
839,Prov. Jawa Tengah,Kab. Kebumen,L,Profesi,74,88.0,19.925936322828214,99.47547729431157,85.38582176059388,82.41703496998541,62.492688834032684,58.88903319976978,59.41366574139505
840,Prov. Jawa Tengah,Kab. Kebumen,L,S1,648,3488.0,789.7916578866456,523.4266228480666,469.4563611458924,472.59063691735986,476.13875111082825,496.9119364285018,489.0613484337104
841,Prov. Jawa Tengah,Kab. Kebumen,L,S2,45,199.0,45.059787820941075,55.11452083510069,51.56932822523941,50.1316955824277,56.76930488486202,59.29466371431694,62.70290489782485
842,Prov. Jawa Tengah,Kab. Kebumen,P,D3,131,507.0,114.80056495083981,140.13205261133456,121.64308071621528,124.18776012832487,113.6695125914843,135.71544077516728,116.5394431328605
843,Prov. Jawa Tengah,Kab. Kebumen,P,Profesi,208,219.0,49.58840971249294,297.86765644629537,261.1071986839794,259.1672462780485,207.1692397124817,199.4314278349379,182.39385238825608
844,Prov. Jawa Tengah,Kab. Kebumen,P,S1,853,4332.0,980.8995017101344,802.5123416012514,746.2796159121248,779.052414173176,786.3423861258792,759.4377257504686,782.4198405974057
845,Prov. Jawa Tengah,Kab. Kebumen,P,S2,50,151.0,34.19109528121659,51.03082796744656,49.17408281794845,49.394798196356156,42.22897876315674,44.799871541095285,38.8790890035616
846,Prov. Jawa Tengah,Kab. Kendal,L,D3,73,287.0,64.98572414376929,83.15007183993616,79.13917738646076,84.54468266360693,67.3700974618557,67.286753952401,62.05174740154458
847,Prov. Jawa Tengah,Kab. Kendal,L,Profesi,14,15.0,3.3964664186639,19.33585735695666,17.49822248767756,17.562007157876348,10.996995220647987,5.153494081636843,4.734827591820836
848,Prov. Jawa Tengah,Kab. Kendal,L,S1,342,3084.0,698.3134956772979,433.377169386042,363.459214399068,354.1297310640019,338.72557872206585,386.49542763297325,405.62100539610555
849,Prov. Jawa Tengah,Kab. Kendal,P,D3,73,274.0,62.042119914260574,87.75259790544249,81.06968077217034,86.50441265679157,70.26379585545091,87.34699093588564,91.61717059683768
850,Prov. Jawa Tengah,Kab. Kendal,P,Profesi,55,60.0,13.5858656746556,86.67965713442013,76.76986512080052,77.32229817930245,48.57477424721112,29.847624206356503,26.381594169449066
851,Prov. Jawa Tengah,Kab. Kendal,P,S1,389,2995.0,678.161128259892,518.8979791207985,450.9622190292229,455.6310064125016,414.21925494622934,422.9820940289005,438.3056580677692
852,Prov. Jawa Tengah,Kab. Klaten,L,D3,58,147.0,33.28537090290622,40.8602317556553,37.674994161441,39.353691973244075,30.520484755446446,32.798858381799946,27.33096600913577
853,Prov. Jawa Tengah,Kab. Klaten,L,Profesi,747,781.0,176.84268486510038,1084.3870044939242,1018.9354953503585,1040.4611282003693,1044.6456587262649,885.2058712953998,960.5303864339453
854,Prov. Jawa Tengah,Kab. Klaten,L,S1,270,1831.0,414.59533417157337,267.96378357854337,228.68422046204952,224.0881245886676,236.14317077905866,251.84130595490188,249.030343507178
855,Prov. Jawa Tengah,Kab. Klaten,L,S2,12,30.0,6.7929328373278,8.273192414552291,7.472726889417482,7.150532037537161,5.716856616687479,6.943992718268222,7.293973208236233
856,Prov. Jawa Tengah,Kab. Klaten,P,D3,192,454.0,102.79971693822738,151.01271672292336,141.73295262083775,151.95626096775214,112.00926829044843,100.48195102526503,108.33733370032094
857,Prov. Jawa Tengah,Kab. Klaten,P,Profesi,2449,2571.0,582.1543441589924,3952.5668762057685,3608.607470032002,3682.557016102888,3017.118146772889,2899.848143056626,3431.8717610991234
858,Prov. Jawa Tengah,Kab. Klaten,P,S1,471,2388.0,540.7174538512929,443.5105931580835,399.07088473539164,409.55185812944694,414.2186683183631,381.45297588179324,399.05239299808574
859,Prov. Jawa Tengah,Kab. Klaten,P,S2,20,57.0,12.90657239092282,18.718659036426303,17.15978860897773,16.825051976787012,14.139895145842992,15.776852647066525,18.321620010703427
860,Prov. Jawa Tengah,Kab. Kudus,L,D3,36,110.0,24.907420403535266,29.832917211608358,26.763194956020595,26.13871102741789,25.49517653102507,30.796361854601894,31.171906187817765
861,Prov. Jawa Tengah,Kab. Kudus,L,D4,5,35.0,7.9250883102157665,6.218256961560947,5.491125906542444,5.620890625964749,5.713883581850014,7.290229155288267,7.889803630852745
862,Prov. Jawa Tengah,Kab. Kudus,L,Profesi,583,679.0,153.74671321818587,882.2876180215961,786.7047657779201,740.4301428004316,642.8768518998439,688.7940357884456,706.0923010812456
863,Prov. Jawa Tengah,Kab. Kudus,L,S1,1092,9989.0,2261.82020373558,1710.235143320686,1583.7292923942732,1545.4797890622194,1501.536350755536,1504.362959367207,1431.1985054054232
864,Prov. Jawa Tengah,Kab. Kudus,L,S2,83,366.0,82.87378061539916,138.24173177840638,148.8574261495981,149.633859795813,114.74237236539228,111.47821426459997,109.70227377153289
865,Prov. Jawa Tengah,Kab. Kudus,P,D2,9,20.0,4.528621891551866,7.909308999068013,5.772554725468646,4.409588220217839,4.913187056224386,6.823159599657621,8.502558855580638
866,Prov. Jawa Tengah,Kab. Kudus,P,D3,169,496.0,112.30982291048629,165.7829519158903,154.07912006442012,156.0253458688993,139.82150994532867,134.364739829719,135.02209929517005
867,Prov. Jawa Tengah,Kab. Kudus,P,D4,16,98.0,22.190247268604146,20.908776144552558,18.833954803710245,19.811868702333978,19.68172391827278,13.900155297771569,10.794746931332492
868,Prov. Jawa Tengah,Kab. Kudus,P,Profesi,2217,2413.0,546.3782312157327,3586.5777328686004,3168.472571208104,3013.7616436101835,2389.72447449895,2449.281705873709,2985.1528862606647
869,Prov. Jawa Tengah,Kab. Kudus,P,S1,2143,17067.0,3864.4994911557856,3566.2323948807734,3401.595841183496,3430.5594169222145,3186.2884713476137,3298.6033151532015,3345.67074208342
870,Prov. Jawa Tengah,Kab. Kudus,P,S2,122,405.0,91.70459330392531,172.34900240874197,182.20580898897654,184.13907326797852,137.72872000843805,128.7941594309313,132.36013699930672
871,Prov. Jawa Tengah,Kab. Magelang,L,D3,74,240.0,54.3434626986224,68.85789095027248,65.73687581702997,65.62278281265951,130.42943612552497,58.706856611111206,51.21668448985591
872,Prov. Jawa Tengah,Kab. Magelang,L,D4,115,549.0,124.31067092309874,118.94549484727074,121.71328448777234,133.71632446909547,304.26269796337704,123.20554109419857,102.85232239399369
873,Prov. Jawa Tengah,Kab. Magelang,L,Profesi,26,30.0,6.7929328373278,43.15582406622556,42.080298568343366,41.11778383435589,99.35132562125723,27.747434788994656,35.45474752302079
874,Prov. Jawa Tengah,Kab. Magelang,L,S1,343,2244.0,508.1113762321194,378.88614461604743,357.9004326061905,348.2776308922313,382.6675290352059,284.0876434172488,338.6822857020587
875,Prov. Jawa Tengah,Kab. Magelang,L,S2,10,39.0,8.83081268852614,12.489327590410351,12.534261617283628,11.935583136908848,24.08009868122246,9.614430541718795,8.143283928424422
876,Prov. Jawa Tengah,Kab. Magelang,P,D3,136,369.0,83.55307389913195,129.0062195437837,126.73139768008161,130.6614439819643,283.98406377061116,113.2381936819465,118.03453622534373
877,Prov. Jawa Tengah,Kab. Magelang,P,D4,152,712.0,161.21893933924645,169.5627209750394,167.84941785403834,183.8266606732115,437.82273019710897,139.27598904917915,131.44571706261775
878,Prov. Jawa Tengah,Kab. Magelang,P,Profesi,97,101.0,22.869540552336925,162.26995082148457,154.5342924731933,151.35472611010073,356.2935705171287,275.120751228065,228.68332172587913
879,Prov. Jawa Tengah,Kab. Magelang,P,S1,567,2898.0,656.1973120858655,600.4933258053842,586.3228711805153,591.0213159386668,646.4561009213179,580.8375953571897,684.3090473723942
880,Prov. Jawa Tengah,Kab. Magelang,P,S2,8,27.0,6.11363955359502,11.443114868451778,12.416737193233322,12.562837433399757,23.852130894598666,9.377580610536134,7.017800922183422
881,Prov. Jawa Tengah,Kab. Pati,L,D3,8,44.0,9.962968161414107,12.461838907384134,11.97211132552275,12.811025607477003,12.706461059729234,10.917877302156098,12.589141258219746
882,Prov. Jawa Tengah,Kab. Pati,L,Profesi,21,23.0,5.207915175284647,27.08212221484067,23.75311603653804,23.329152384415046,17.947981834266795,15.997620341538394,18.685556608962848
883,Prov. Jawa Tengah,Kab. Pati,L,S1,252,2044.0,462.8251573166008,294.7359027451461,256.8585084262887,254.88798471056643,283.7655208353179,279.93668151031227,242.2216224134822
884,Prov. Jawa Tengah,Kab. Pati,L,S2,13,30.0,6.7929328373278,10.564900182520883,11.382680375161021,12.05754957792033,10.931391818370233,4.466288060163562,5.225511787665311
885,Prov. Jawa Tengah,Kab. Pati,P,D3,61,224.0,50.720565185380906,67.21591208529033,61.106432947379524,64.36560598553818,61.41800291616117,52.288759421793394,56.82707639305468
886,Prov. Jawa Tengah,Kab. Pati,P,Profesi,329,376.0,85.13809156117509,473.21701475136575,394.8341824953223,382.87757026054663,286.2537098630135,323.64292670491307,302.47407503710525
887,Prov. Jawa Tengah,Kab. Pati,P,S1,732,2471.0,559.5112347012331,420.72506771735357,370.2572166126629,375.41491541134,408.1063688978291,359.739416921275,385.3313517851712
888,Prov. Jawa Tengah,Kab. Pati,P,S2,6,18.0,4.07575970239668,6.807142258108515,6.996436573019486,7.329183942406393,6.6527313393872465,4.817071582723082,5.4313250483984845
889,Prov. Jawa Tengah,Kab. Pekalongan,L,D3,47,131.0,29.662473389664726,38.41650855352135,36.06860535840901,38.237574874258954,31.184741307364234,36.631049821231706,32.0012650314287
890,Prov. Jawa Tengah,Kab. Pekalongan,L,S1,142,882.0,199.7122254174373,150.76824973321396,139.25230446270004,143.4138599914777,138.64636881872545,148.15345603900406,128.2565006716638
891,Prov. Jawa Tengah,Kab. Pekalongan,P,D3,127,446.0,100.98826818160663,151.3539360953889,141.77069642795195,152.49710209721326,103.87088109737361,103.78940646927336,116.99329971197798
892,Prov. Jawa Tengah,Kab. Pekalongan,P,S1,113,724.0,163.93611247417758,133.8873718776572,118.49199410736065,120.98874505053885,123.05605313044103,136.20651472700237,121.9390413349319
893,Prov. Jawa Tengah,Kab. Pemalang,L,S1,157,847.0,191.78713710722155,130.95027222315093,111.36547274599391,111.03128055708663,136.09017755970774,124.3592042926961,110.52024352735178
894,Prov. Jawa Tengah,Kab. Pemalang,P,S1,308,1241.0,281.0009883707933,226.13670570240555,194.0224205229583,197.59194149921,229.2296291423606,219.93068596792892,207.7017810189204
895,Prov. Jawa Tengah,Kab. Purbalingga,L,S1,29,480.0,108.6869253972448,69.17834381768418,57.48194205855874,56.095397642392,66.22786743796354,67.09105875008561,59.03386581376181
896,Prov. Jawa Tengah,Kab. Purbalingga,P,S1,33,416.0,94.19533534427883,69.22881576275405,57.31510375209941,56.71116051231415,77.40229649852562,60.88562516946145,51.24793617925659
897,Prov. Jawa Tengah,Kab. Purworejo,L,D3,57,146.0,33.058939808328624,42.79953860518424,42.30771481225303,45.53261631193916,33.501718706230065,36.679069374374315,35.249837854500086
898,Prov. Jawa Tengah,Kab. Purworejo,L,D4,2,28.0,6.340070648172613,5.109620428276102,4.817520485210142,5.328980820057391,3.7135999054358533,5.6309481273126805,5.243984345297451
899,Prov. Jawa Tengah,Kab. Purworejo,L,Profesi,471,478.0,108.23406320808961,674.4092966305328,663.7738376425735,688.1057886808144,563.6392323907172,598.0142457102984,593.5340567319723
900,Prov. Jawa Tengah,Kab. Purworejo,L,S1,587,3344.0,757.1855802674721,539.5032161548806,506.3865013511685,518.0495103454472,423.15959432316015,512.6719895385496,507.5021584029709
901,Prov. Jawa Tengah,Kab. Purworejo,L,S2,2,15.0,3.3964664186639,5.689444134167912,6.453075831205704,6.9555885968888855,4.105213965973532,4.92791071952326,3.994774445139606
902,Prov. Jawa Tengah,Kab. Purworejo,P,D3,157,485.0,109.81908087013277,161.25856680286586,157.1122805048066,170.3438447576683,124.8383358002521,148.34977564141278,138.62042121766322
903,Prov. Jawa Tengah,Kab. Purworejo,P,Profesi,902,912.0,206.50515825476512,1415.9116121396355,1349.0073653518768,1394.6118537901878,1138.7374091354875,1057.1511165914462,1150.2593003587072
904,Prov. Jawa Tengah,Kab. Purworejo,P,S1,713,3805.0,861.5703148677426,745.1430789787428,718.0204412872533,757.6437243970327,700.3616013890257,754.7876396631935,768.763900021798
905,Prov. Jawa Tengah,Kab. Purworejo,P,S2,8,28.0,6.340070648172613,11.237005835738053,12.051078735736215,12.780486947384635,9.320992851355658,7.782992078626413,7.096300403034737
906,Prov. Jawa Tengah,Kab. Rembang,L,S1,203,1446.0,327.41936275919994,221.30385042282032,195.5397728178813,195.98807281357324,200.73966775741022,202.3511944652827,172.62879581142332
907,Prov. Jawa Tengah,Kab. Rembang,P,S1,280,1485.0,336.2501754477261,279.52709461806455,255.56537045204965,265.3950385413474,301.0785891006884,213.1562893453382,198.19728305050603
908,Prov. Jawa Tengah,Kab. Semarang,L,D3,12,35.0,7.9250883102157665,10.234463807881804,10.192627879596104,11.007538742276935,12.729037229229519,6.441448943168551,5.64282350711358
909,Prov. Jawa Tengah,Kab. Semarang,L,D4,4,98.0,22.190247268604146,13.76283751116631,11.258275450875608,11.571597426589719,14.741023283535363,16.367265536356484,16.32141647256972
910,Prov. Jawa Tengah,Kab. Semarang,L,Profesi,50,92.0,20.83166070113859,111.82257690668739,101.66031684309388,100.76111958926012,109.86223068143372,72.7699258713271,70.22296019379077
911,Prov. Jawa Tengah,Kab. Semarang,L,S1,336,3084.0,698.3134956772979,500.7084919340078,477.13681533625646,493.7079846155157,497.20872086851904,508.37831047907355,485.6922843804327
912,Prov. Jawa Tengah,Kab. Semarang,L,S2,59,227.0,51.39985846911369,72.10118146649853,74.26620932677669,75.79447747587835,90.32285646141392,77.86431643908567,78.92522210703169
913,Prov. Jawa Tengah,Kab. Semarang,P,D3,78,269.0,60.90996444137261,83.21954522336857,78.36137370018875,83.26210877206066,99.17410215877317,91.6506689639807,93.69233335649963
914,Prov. Jawa Tengah,Kab. Semarang,P,D4,16,292.0,66.11787961665725,52.18847542832011,44.95330132961488,48.14116968448598,63.321582979999526,50.92581156961322,38.289212409405444
915,Prov. Jawa Tengah,Kab. Semarang,P,Profesi,486,605.0,136.99081221944397,896.2926809858573,838.6032508244737,858.5267587230983,1091.306773264613,874.2219995803397,923.8329345938747
916,Prov. Jawa Tengah,Kab. Semarang,P,S1,1000,5018.0,1136.2312325903633,965.5071030778946,931.8306608645446,987.9652286657291,1012.621380469026,818.1867210128339,866.5796802897219
917,Prov. Jawa Tengah,Kab. Semarang,P,S2,20,85.0,19.246643039095435,30.233852514212202,30.46381840915894,31.19242217315726,36.23787198814322,16.519504814257974,17.539500814445375
918,Prov. Jawa Tengah,Kab. Sragen,L,D3,7,18.0,4.07575970239668,5.700795743229921,5.484224223591744,5.96803108383092,11.12538516536076,7.184256808972857,7.220471933135926
919,Prov. Jawa Tengah,Kab. Sragen,P,D3,35,111.0,25.13385149811286,37.926176369606054,34.9022007734073,37.62023392086416,38.184897649368395,38.404012414722565,40.444484128616615
920,Prov. Jawa Tengah,Kab. Sukoharjo,L,D3,347,1247.0,282.3595749382589,348.01875485679386,336.25302235392246,343.77602171070305,367.10232540828196,319.73068350376195,334.95651476005463
921,Prov. Jawa Tengah,Kab. Sukoharjo,L,D4,46,164.0,37.134699510725305,30.24890419744719,28.994872423668433,31.326012284863744,26.21036926144452,27.816617105933588,26.051447209177006
922,Prov. Jawa Tengah,Kab. Sukoharjo,L,Profesi,4264,3973.0,899.6107387567783,5607.953965185697,5559.669614041084,5573.374811193443,5799.118322142856,4949.631686163505,4895.107419221526
923,Prov. Jawa Tengah,Kab. Sukoharjo,L,S1,4162,25849.0,5853.01736373621,4311.397488387822,4161.637062099102,4172.989793916873,4182.614854947439,4132.658436972369,4092.7545387317027
924,Prov. Jawa Tengah,Kab. Sukoharjo,L,S2,322,1156.0,261.7543453316979,324.7000774111915,309.78602647269093,291.20097851099194,338.77444809758606,360.3685323168504,379.67714013077153
925,Prov. Jawa Tengah,Kab. Sukoharjo,L,S3,25,250.0,56.607773644398335,37.158788440880734,38.937835671951554,49.40789510730081,40.127960642482066,48.13395256020549,51.177599469180336
926,Prov. Jawa Tengah,Kab. Sukoharjo,P,D3,475,1426.0,322.8907408676481,478.32877081516096,471.58245954792426,495.43075483644253,463.23052579610686,378.4451392889933,415.38705581720103
927,Prov. Jawa Tengah,Kab. Sukoharjo,P,D4,157,418.0,94.64819753343401,87.65167129866224,83.26378528170521,91.4587782132339,82.44409055198173,72.83871523642249,60.621117103979245
928,Prov. Jawa Tengah,Kab. Sukoharjo,P,Profesi,13236,12541.0,2839.672357097598,19499.361180074742,18724.92608196628,18726.222547771456,18797.850022955583,9948.678533664734,12070.999711272465
929,Prov. Jawa Tengah,Kab. Sukoharjo,P,S1,8386,37724.0,8541.886611845131,7460.58117656951,7290.262593775365,7479.877975197883,7686.839655555907,7924.385819127815,6787.165804886369
930,Prov. Jawa Tengah,Kab. Sukoharjo,P,S2,381,1088.0,246.35703090042153,363.75611540376275,352.13276163062795,339.12282316686884,344.5329332419546,376.6960266360928,410.6704098754201
931,Prov. Jawa Tengah,Kab. Sukoharjo,P,S3,22,118.0,26.718869160156014,21.784730458257958,23.76058286988453,31.34384694609272,21.21101816954559,20.99875350117135,18.244113125428214
932,Prov. Jawa Tengah,Kab. Tegal,L,D3,202,796.0,180.2391512837643,193.82525736071634,173.1768210142043,176.76810607187969,193.556932478562,140.09893863665164,128.27520829957035
933,Prov. Jawa Tengah,Kab. Tegal,L,D4,6,70.0,15.850176620431533,11.953108360011942,10.950553948376806,11.992503501590209,11.403719759181342,13.155624529794833,13.639942422241335
934,Prov. Jawa Tengah,Kab. Tegal,L,Profesi,19,22.0,4.9814840807070535,23.1689453568006,19.35154151135405,18.377604600465954,19.616438789834483,12.752787042324371,15.437661097937253
935,Prov. Jawa Tengah,Kab. Tegal,L,S1,197,1335.0,302.2855112610871,228.74472883813348,225.06212960128533,238.0845632325399,267.5185084849943,234.21906365716382,197.1150078803101
936,Prov. Jawa Tengah,Kab. Tegal,P,D3,321,952.0,215.56240203786885,293.7461742827568,276.47240449020006,295.407135965529,309.8360657523988,271.0603610671221,278.9249266142583
937,Prov. Jawa Tengah,Kab. Tegal,P,D4,6,55.0,12.453710201767633,11.209678030847686,10.437066119269083,11.721434344537444,13.644700528111462,13.019521624466567,13.427941571549283
938,Prov. Jawa Tengah,Kab. Tegal,P,Profesi,86,92.0,20.83166070113859,130.45662662030836,119.03241674554866,120.82198686768118,135.039633234004,72.68632611935269,61.541808683050675
939,Prov. Jawa Tengah,Kab. Tegal,P,S1,445,2340.0,529.8487613115684,462.30020454351495,452.80774717429153,485.4184057991376,507.1866625128296,432.070672427563,398.7851654200029
940,Prov. Jawa Tengah,Kab. Temanggung,L,D3,5,62.0,14.038727863810786,18.636645723272153,17.91543255688268,19.340833338348258,18.185650846580284,18.992970078201527,21.136558046771544
941,Prov. Jawa Tengah,Kab. Temanggung,L,S1,70,314.0,71.09936369736431,42.90711449981453,34.96127820410698,33.665092489121236,39.01537862526974,32.91627066619036,20.973866919369993
942,Prov. Jawa Tengah,Kab. Temanggung,L,S2,6,53.0,12.000848012612447,19.752918891660745,21.258925098680024,22.69688552743262,13.708508663516774,17.616632190755684,19.863710355801306
943,Prov. Jawa Tengah,Kab. Temanggung,P,D3,32,159.0,36.00254403783734,53.74074697731501,50.660218756339525,54.94676959558585,40.76921851380055,39.61278672593072,46.09674658051237
944,Prov. Jawa Tengah,Kab. Temanggung,P,S1,148,547.0,123.85780873394356,93.98865956055208,80.30212344427436,80.72799870991354,88.671348451733,82.74394906045087,85.3268547912765
945,Prov. Jawa Tengah,Kab. Temanggung,P,S2,1,15.0,3.3964664186639,6.15165998861316,6.408906556425398,6.823588929269106,3.988729627711083,4.988350478787658,4.234825171146229
946,Prov. Jawa Tengah,Kab. Wonogiri,L,D3,7,15.0,3.3964664186639,4.716949133035397,4.723350709637131,5.179679257615265,6.1695348947340705,4.093834794103507,3.659779487761843
947,Prov. Jawa Tengah,Kab. Wonogiri,L,S1,79,582.0,131.7828970441593,100.04368840520333,94.83023576730396,98.82016820740986,94.05163868581276,124.07330153605557,89.02975217016628
948,Prov. Jawa Tengah,Kab. Wonogiri,P,D3,30,76.0,17.208763187897095,22.112168188728994,19.31937187089203,19.90619589792606,20.959517172012387,19.584054003569264,20.949685185233246
949,Prov. Jawa Tengah,Kab. Wonogiri,P,S1,106,664.0,150.35024679952198,133.39871293389967,126.90210650551234,134.63567273896146,113.43501946358721,159.29911188856613,132.72272905825162
950,Prov. Jawa Tengah,Kab. Wonosobo,L,D3,19,119.0,26.945300254733606,32.14432582148332,26.865815856229016,22.07682181134888,38.70900802476723,27.141783686991218,29.734759894150685
951,Prov. Jawa Tengah,Kab. Wonosobo,L,Profesi,23,32.0,7.245795026482987,37.80777606524733,29.7395729173576,22.824909971629932,94.16839406484415,17.20179274773779,26.25006393902068
952,Prov. Jawa Tengah,Kab. Wonosobo,L,S1,724,5474.0,1239.483811717746,1007.4614455369668,909.694884545612,766.5173747518843,990.6060959227324,697.4936873680542,834.7003451592134
953,Prov. Jawa Tengah,Kab. Wonosobo,L,S2,73,182.0,41.210459213121986,72.07564490463228,74.56508706006657,64.18682109828147,111.2836353341508,38.60914160696783,53.07513467874981
954,Prov. Jawa Tengah,Kab. Wonosobo,P,D3,59,179.0,40.5311659293892,66.2171731619272,61.07572577048628,53.95631173510203,62.98272414479348,39.47127233193614,49.158162949600545
955,Prov. Jawa Tengah,Kab. Wonosobo,P,Profesi,48,64.0,14.491590052965973,76.36599806079589,55.235171104103514,41.04856865084918,158.49391402194846,63.74028684947601,68.62603743001803
956,Prov. Jawa Tengah,Kab. Wonosobo,P,S1,883,4962.0,1123.551091294018,1143.6400845222017,1080.1402202072604,948.8367380821433,1082.8490620059176,757.1388889650783,902.8286751275899
957,Prov. Jawa Tengah,Kab. Wonosobo,P,S2,68,125.0,28.303886822199168,55.36789142713047,55.99266087651738,48.336903513315384,73.22139002625514,38.28861010225892,41.896732833351095
958,Prov. Jawa Tengah,Kota Magelang,L,D3,77,433.0,98.04466395209792,135.5459540043635,129.9748184225317,127.24996361956552,86.19119617916796,100.69077830828,116.77692050312503
959,Prov. Jawa Tengah,Kota Magelang,L,D4,450,1913.0,433.16268392693604,424.90793351364647,421.0454661971721,444.7545568749055,419.60490263034313,331.83516610800143,347.34039731592856
960,Prov. Jawa Tengah,Kota Magelang,L,Profesi,521,283.0,64.07999976545891,363.1856304182016,335.30597596076746,340.2295747572563,324.562109850935,224.27833026321596,331.60836498332077
961,Prov. Jawa Tengah,Kota Magelang,L,S1,710,5849.0,1324.3954721843434,1168.8581529924547,1167.3447425830666,1151.6010276024197,1194.9157991294803,759.4594685213236,896.8024851244202
962,Prov. Jawa Tengah,Kota Magelang,L,S2,3,10.0,2.264310945775933,2.9674275638036343,2.7123928698722968,2.394870879143495,3.021693046510181,2.6570275876282303,2.7725931466905265
963,Prov. Jawa Tengah,Kota Magelang,P,D3,93,494.0,111.8569607213311,182.44772025722153,176.57326601360046,176.5723648781429,112.96525065752515,130.36232635412787,126.80376670596654
964,Prov. Jawa Tengah,Kota Magelang,P,Profesi,2204,1195.0,270.585158020224,1696.65641099672,1518.3907341324616,1533.4475056674064,1360.0630938754177,1304.852706242898,1469.653510246609
965,Prov. Jawa Tengah,Kota Magelang,P,S1,1420,9056.0,2050.559992494685,2061.841397543268,2038.290345565257,2035.59105997508,1979.2138764524477,1622.4980796849823,1505.4934339723006
966,Prov. Jawa Tengah,Kota Magelang,P,S2,1,13.0,2.9436042295087135,4.580198957597771,4.241475213226108,3.8334482282440314,4.5144499779833565,3.0641343654501982,3.801201808685252
967,Prov. Jawa Tengah,Kota Pekalongan,L,D3,69,181.0,40.984028118544394,52.64457108514901,48.439164833675896,43.708455565773875,33.5455818803145,30.086170586054404,29.046380927114
968,Prov. Jawa Tengah,Kota Pekalongan,L,D4,10,111.0,25.13385149811286,21.00716713144528,18.989043578874433,17.9929612490709,17.540959260050524,23.83499594358011,17.717959098069798
969,Prov. Jawa Tengah,Kota Pekalongan,L,Profesi,649,216.0,48.90911642876016,345.49605891160104,341.6053610180492,308.5305531347157,424.1148545604734,573.7021888962748,365.84013016265214
970,Prov. Jawa Tengah,Kota Pekalongan,L,S1,1270,7510.0,1700.497520277726,1470.9398600227312,1446.0476337242217,1321.4235524070482,1265.290568785781,1389.5622854431192,1213.9571994568926
971,Prov. Jawa Tengah,Kota Pekalongan,L,S2,117,338.0,76.53370996722654,139.44822155149996,154.99795674853777,143.50187732517838,207.8430192838799,79.89220943570525,83.91989922107491
972,Prov. Jawa Tengah,Kota Pekalongan,P,D3,179,473.0,107.10190773520165,181.00063205481368,179.1579121378804,170.88918257193922,85.20501724374013,93.9683444568646,112.81601724664957
973,Prov. Jawa Tengah,Kota Pekalongan,P,D4,6,30.0,6.7929328373278,7.5430837080443665,7.438416205414573,7.601804278321382,6.242927845654852,11.016010699648643,8.782509911987477
974,Prov. Jawa Tengah,Kota Pekalongan,P,Profesi,1435,511.0,115.7062893291502,906.1240986633891,871.1379399675509,786.6369600815708,1033.3001417919825,764.3830168968761,644.6579469819344
975,Prov. Jawa Tengah,Kota Pekalongan,P,S1,2705,13058.0,2956.7372329942136,3087.8021640460656,3106.2800714011482,2922.316244824466,2485.307908485992,2639.052948325363,2604.0377971698485
976,Prov. Jawa Tengah,Kota Pekalongan,P,S2,82,215.0,48.682685334182565,100.1753993332744,109.47466598491029,101.98201484511286,139.37348422235084,60.05370490566746,66.0192773153877
977,Prov. Jawa Tengah,Kota Salatiga,L,D3,31,152.0,34.41752637579419,36.298651783523546,30.533908687672916,28.975293488139307,35.50031176012402,27.578421574360586,34.76611380142621
978,Prov. Jawa Tengah,Kota Salatiga,L,D4,33,229.0,51.85272065826887,43.61672759683532,40.72544990954027,43.53580526922146,36.16578827554017,41.89116985994272,36.709615166720425
979,Prov. Jawa Tengah,Kota Salatiga,L,Profesi,2344,1460.0,330.58939808328626,1998.4986044961563,1859.2715576093358,1806.0268313676293,2279.920225749212,1961.2451771998901,1759.6053003297272
980,Prov. Jawa Tengah,Kota Salatiga,L,S1,2211,11473.0,2597.843948088728,2049.1072558795595,1979.728933582269,2011.053666767854,1991.9677908995152,2226.143368791642,1921.6724224844058
981,Prov. Jawa Tengah,Kota Salatiga,L,S2,215,570.0,129.0657239092282,185.57476715010034,184.88157677397948,179.03534405547558,181.84264093379,150.02092216918783,153.5168411064912
982,Prov. Jawa Tengah,Kota Salatiga,L,S3,30,241.0,54.569893793199995,39.47466312124347,41.906415523227146,53.837381319802574,39.29441148069873,50.02615904785298,48.56753813171175
983,Prov. Jawa Tengah,Kota Salatiga,P,D3,45,105.0,23.7752649306473,32.78458744328092,29.58328398990973,29.667606356607905,29.265993267319423,27.2672927137755,31.001257054090704
984,Prov. Jawa Tengah,Kota Salatiga,P,D4,27,111.0,25.13385149811286,23.82580364760566,21.90660456726073,23.682841059596054,19.233892867968272,26.428640598314303,20.37632517291257
985,Prov. Jawa Tengah,Kota Salatiga,P,Profesi,7284,4193.0,949.4255795638488,6299.701969282901,5664.749279905085,5482.614366652875,6371.398851365717,5209.444018989777,5476.080329310036
986,Prov. Jawa Tengah,Kota Salatiga,P,S1,4261,16907.0,3828.2705160233704,3478.654568652643,3345.314978267694,3445.5296667191137,3190.062649002649,3125.416503332056,3439.587806566108
987,Prov. Jawa Tengah,Kota Salatiga,P,S2,244,609.0,137.89653659775433,233.2079305515577,234.06397881119557,231.27141808486562,216.6885480741677,174.4205471256895,191.01398159325169
988,Prov. Jawa Tengah,Kota Salatiga,P,S3,13,98.0,22.190247268604146,19.02033779339068,20.432390201796068,26.851398204254856,17.61976448837984,17.215192256505645,14.384178143282245
989,Prov. Jawa Tengah,Kota Semarang,L,D3,2213,8196.0,1855.829251157955,2243.6543138288107,2284.87508295569,2294.6430061748297,1931.5578077269442,1921.1371049314096,2075.1089248944886
990,Prov. Jawa Tengah,Kota Semarang,L,D4,1629,9526.0,2156.982606946154,1801.7813338269107,1868.4903907220892,2011.278409311523,1725.1700589012173,1729.0808071977308,1518.629240217783
991,Prov. Jawa Tengah,Kota Semarang,L,Profesi,11923,12329.0,2791.668965047148,9527.026179361932,7011.131118356526,5636.781354476894,15923.715673664594,12087.951064275418,12886.216255836423
992,Prov. Jawa Tengah,Kota Semarang,L,S1,18987,108937.0,24666.724149999285,17821.477785620948,18205.188586482716,18082.516749282742,19131.550750806447,17998.651179289558,17980.69268401893
993,Prov. Jawa Tengah,Kota Semarang,L,S2,3865,10425.0,2360.5441609714103,3345.756802020522,3682.1137589038176,3574.0418186545758,4301.280079096733,2696.597455677855,3532.8095614038316
994,Prov. Jawa Tengah,Kota Semarang,L,S2 Terapan,1,4.0,0.9057243783103733,1.8114473199624148,1.959875602847697,1.70598793529947,2.8196383283080944,3.7200633805771623,3.448817690397185
995,Prov. Jawa Tengah,Kota Semarang,L,S3,451,3262.0,738.6182305121094,520.3881888584324,605.8705996255553,776.9566324665157,656.992279722953,586.2790998275823,533.9739354559711
996,Prov. Jawa Tengah,Kota Semarang,L,Sp-1,112,465.0,105.2904589785809,94.99219074652181,121.16238519101061,170.3362682434616,142.8946562244481,116.68509808855235,121.09877884899294
997,Prov. Jawa Tengah,Kota Semarang,P,D3,4154,12064.0,2731.6647249840858,3934.809485869189,4064.239433811037,4174.7854712087865,3784.706996381751,3095.5619192509616,3133.255092396725
998,Prov. Jawa Tengah,Kota Semarang,P,D4,2511,11342.0,2568.1814746990635,2459.2923993180007,2534.0693870588757,2767.680191065043,2328.4173421532605,2453.6508465513843,2062.819014875472
999,Prov. Jawa Tengah,Kota Semarang,P,Profesi,25882,26292.0,5953.326338634084,23867.292976083118,17682.01652733948,14498.879610546634,33833.924218748194,22512.45585920967,28548.218776605027
1000,Prov. Jawa Tengah,Kota Semarang,P,S1,31158,141237.0,31980.44850485555,27341.09030601192,28282.992294346706,28814.590630681156,28204.640389739758,26601.380440268524,27095.542993374504
1001,Prov. Jawa Tengah,Kota Semarang,P,S2,3517,9426.0,2134.339497488395,3488.2307614116035,3821.692872406582,3759.1722458226927,4466.420347649591,2764.6897852438938,3361.0870430925047
1002,Prov. Jawa Tengah,Kota Semarang,P,S2 Terapan,61,99.0,22.41667836318174,47.719453638596235,48.99170881133444,42.04464572100399,59.89133799611686,28.231930388750104,25.22069869125031
1003,Prov. Jawa Tengah,Kota Semarang,P,S3,284,1807.0,409.16098790171117,340.9045020604343,401.15208762562514,525.8659185736406,418.57757743246964,448.2855876524475,361.5048233889654
1004,Prov. Jawa Tengah,Kota Semarang,P,Sp-1,126,555.0,125.6692574905643,122.83952793203753,150.26734656935292,209.5533294972048,205.52341568424617,139.11520886455443,138.7454934524034
1005,Prov. Jawa Tengah,Kota Surakarta,L,D1,11,20.0,4.528621891551866,15.840599817412517,6.302909514952744,5.766882805813621,9.850778883494254,13.643409166643112,17.583561646793264
1006,Prov. Jawa Tengah,Kota Surakarta,L,D2,35,78.0,17.66162537705228,33.913691680061405,31.648266006792205,28.110217881982436,25.677029083771444,21.251777666273426,28.92307269866564
1007,Prov. Jawa Tengah,Kota Surakarta,L,D3,1088,4549.0,1030.0350492334721,1106.9768171620367,1038.2058526377054,1083.5202483217406,969.1758272932392,1044.4779989746448,1097.5414109127364
1008,Prov. Jawa Tengah,Kota Surakarta,L,D4,717,3236.0,732.731022053092,565.4434139380039,548.1699616154724,611.1132133523312,489.6211301739984,602.2681241532028,537.5530862698681
1009,Prov. Jawa Tengah,Kota Surakarta,L,Profesi,7094,7799.0,1765.9361066106503,9810.940369570813,9474.517653036271,9578.026775540417,18453.569346903685,7402.6452684337055,7527.059810468763
1010,Prov. Jawa Tengah,Kota Surakarta,L,S1,5373,34808.0,7881.613540056869,5244.489097824462,4998.141546797142,5134.1167359116325,5198.156863527859,5390.094834492459,4919.54314374938
1011,Prov. Jawa Tengah,Kota Surakarta,L,S2,772,2767.0,626.5348386962007,741.9594992278828,718.5388744988094,697.4076476451712,877.6488683231693,686.5009785300035,771.2808830751958
1012,Prov. Jawa Tengah,Kota Surakarta,L,S3,160,1103.0,249.75349731908545,151.01817926047724,157.23018617581297,203.48736739473804,180.55077364704673,273.69708846142595,242.0153928391129
1013,Prov. Jawa Tengah,Kota Surakarta,L,Sp-1,89,498.0,112.76268509964147,79.82041544184929,86.27956037741149,118.69999524820568,122.27754899531547,113.59674120242076,110.13255963860372
1014,Prov. Jawa Tengah,Kota Surakarta,L,Sp-2,1,7.0,1.5850176620431533,2.3089751212368728,2.815662453110184,2.7801049267320033,2.042833068462336,3.268110632887561,3.7876520818753416
1015,Prov. Jawa Tengah,Kota Surakarta,P,D1,5,23.0,5.207915175284647,14.662437267087924,4.682714864894555,3.8375812259110744,8.156669937675298,14.650532301599869,19.875100904061505
1016,Prov. Jawa Tengah,Kota Surakarta,P,D2,65,170.0,38.49328607819087,84.39468755696235,77.94364881591277,69.92105987546742,53.14874487273214,35.25675457599082,49.14953797382521
1017,Prov. Jawa Tengah,Kota Surakarta,P,D3,3112,8952.0,2027.0111586586156,2632.7712731972515,2526.051697303267,2710.049376437316,2388.6895207628977,1922.6072173664877,2387.1552004684527
1018,Prov. Jawa Tengah,Kota Surakarta,P,D4,1478,6126.0,1387.1168853823367,1232.8215234723784,1189.1038172486496,1343.1866381752952,1170.131101753337,1175.6311583176318,1133.5766609365292
1019,Prov. Jawa Tengah,Kota Surakarta,P,Profesi,17286,18880.0,4275.019065624962,25966.07916395336,24179.700438522326,24322.659896047597,50150.37449951319,14296.205058018417,18766.717918225364
1020,Prov. Jawa Tengah,Kota Surakarta,P,S1,8981,46212.0,10463.833742619743,8389.195925398257,8181.795404622422,8668.603744775148,8667.830477407257,8990.904904892299,8755.923742915826
1021,Prov. Jawa Tengah,Kota Surakarta,P,S2,907,2820.0,638.5356867088132,876.60374161067,847.845099757804,835.4719034251802,969.6098364870344,767.373489048189,850.7727653250977
1022,Prov. Jawa Tengah,Kota Surakarta,P,S3,172,978.0,221.4496104968863,164.23114494555819,176.63246158065934,236.62390862205004,176.45369418999059,230.28483342247387,215.8031474917017
1023,Prov. Jawa Tengah,Kota Surakarta,P,Sp-1,75,463.0,104.83759678942572,84.30997325581406,89.9212287384547,124.73027162615107,127.05517127044864,81.34396745938955,100.0069301803962
1024,Prov. Jawa Tengah,Kota Surakarta,P,Sp-2,4,7.0,1.5850176620431533,2.5407673911682807,2.999216646030626,2.9531967822877583,2.0816441598895583,3.0191560219476723,3.4063783332279196
1025,Prov. Jawa Tengah,Kota Tegal,L,D3,82,1075.0,243.41342667091283,337.1892815974233,316.6674598487244,297.344066386044,193.3650774456565,255.1462078951133,248.17855681800955
1026,Prov. Jawa Tengah,Kota Tegal,L,D4,133,972.0,220.09102392942071,193.21620558971733,175.1078858263255,170.37986677925537,165.5036491262862,198.30288337778572,149.86163831160974
1027,Prov. Jawa Tengah,Kota Tegal,L,Profesi,642,628.0,142.19872739472862,933.2221567874452,865.2711788028334,779.9361618999285,1013.5795860171506,687.8986591629352,710.058098369657
1028,Prov. Jawa Tengah,Kota Tegal,L,S1,508,3437.0,778.2436720631883,575.7161510432551,511.1814661458982,464.4757529911358,595.7533417800307,418.08952959317133,573.0370019085426
1029,Prov. Jawa Tengah,Kota Tegal,L,S2,106,282.0,63.85356867088132,78.80024036643968,67.96745763926216,56.34112867779023,60.66849699772849,49.783683611970815,60.326194959578444
1030,Prov. Jawa Tengah,Kota Tegal,P,D3,81,1401.0,317.22996350320824,524.9751415040276,501.3381169653082,482.89006641169624,276.90658002252627,310.40675787050816,425.6243148497958
1031,Prov. Jawa Tengah,Kota Tegal,P,D4,85,538.0,121.81992888274522,126.83514030626874,116.37878486956988,115.86823850780071,108.8330877642748,137.07872643590966,104.36069756435121
1032,Prov. Jawa Tengah,Kota Tegal,P,Profesi,2081,2023.0,458.07010433047134,3362.2462491005845,3047.2586172621022,2754.518901766316,2813.074820767521,1594.4643386590592,1657.9144423756754
1033,Prov. Jawa Tengah,Kota Tegal,P,S1,571,3132.0,709.1821882170224,649.3396435554438,599.6531669770112,567.3200762743904,655.6642748134265,464.820112432515,660.9196411708007
1034,Prov. Jawa Tengah,Kota Tegal,P,S2,123,214.0,48.456254239604974,81.2060038917396,76.90750432035614,68.33950252373877,63.9072407014708,50.67199864207454,60.89883891268
1035,Prov. Jawa Timur,Kab. Bangkalan,L,D3,15,93.0,21.160481155856825,26.043686815018543,25.00314672922575,25.72182236071933,22.562415042644147,33.87806145729915,33.638813282077415
1036,Prov. Jawa Timur,Kab. Bangkalan,L,Profesi,485,523.0,118.99926499476473,707.8911213894422,626.5381464736149,710.4232329227931,687.8402597674723,666.4513817212427,740.8695864299806
1037,Prov. Jawa Timur,Kab. Bangkalan,L,S1,1729,9901.0,2252.7948809047143,1747.4766995310815,1764.052122120336,1870.4623063699846,1826.5918281976694,1428.4548735508333,1322.3830041451843
1038,Prov. Jawa Timur,Kab. Bangkalan,L,S2,38,105.0,23.890865821128674,36.577014087287715,38.92487984973304,40.086902333985016,34.61059700469342,27.073842599655045,36.13860530807672
1039,Prov. Jawa Timur,Kab. Bangkalan,P,D3,54,539.0,122.63977788179386,103.63910206584123,84.08406429799162,74.18534898962187,98.01202113743365,123.13050906210727,125.4389360099444
1040,Prov. Jawa Timur,Kab. Bangkalan,P,Profesi,1706,1849.0,420.706770507304,2785.789049522147,2428.9231825769107,2732.4243806723107,2410.163098126076,2095.934360028051,1947.6320306094858
1041,Prov. Jawa Timur,Kab. Bangkalan,P,S1,2728,14315.0,3257.1213736138757,2859.5521682404396,2876.450706487653,3076.4538979211234,2996.4291201196747,2913.7524305667976,2770.743106820533
1042,Prov. Jawa Timur,Kab. Bangkalan,P,S2,47,108.0,24.573461987446635,42.68157424248575,45.38743321423129,47.3635189556075,37.050388394936014,30.336078418975703,38.20321291348039
1043,Prov. Jawa Timur,Kab. Banyuwangi,L,D2,5,10.0,2.275320554393207,3.284843514870977,2.821959145622959,2.5492039067024104,2.4518135460095736,3.3719087559553085,4.143307602628968
1044,Prov. Jawa Timur,Kab. Banyuwangi,L,D3,176,619.0,140.84234231693952,165.29985146846076,159.96649468009713,169.53729784682358,132.8897844953815,124.5376618027406,135.27856176296783
1045,Prov. Jawa Timur,Kab. Banyuwangi,L,D4,365,1767.0,402.0491419612797,306.13402070026376,315.2562423994098,352.86606254523963,335.4553045219054,398.77561047307495,389.650268595982
1046,Prov. Jawa Timur,Kab. Banyuwangi,L,Profesi,74,129.0,29.35163515167237,122.33106858883713,90.57565417730578,81.69411883805391,99.07892633163651,96.53581677028784,100.97867297387297
1047,Prov. Jawa Timur,Kab. Banyuwangi,L,S1,680,6684.0,1520.8242585564196,781.7427629091799,695.4691941091168,657.1623683102855,789.3173367145877,812.8942466276145,782.4488276474208
1048,Prov. Jawa Timur,Kab. Banyuwangi,L,S2,87,391.0,88.9650336767744,86.96443532704664,81.0946585978746,74.43810384943498,82.04319235829523,85.70298922272737,110.55992655750495
1049,Prov. Jawa Timur,Kab. Banyuwangi,P,D1,2,2.0,0.4550641108786414,1.9089013728176585,0.8290655943084816,0.8186475289359226,1.2415276149965186,2.189537852428964,3.1375199620720013
1050,Prov. Jawa Timur,Kab. Banyuwangi,P,D2,9,28.0,6.370897552300979,11.326991331287436,9.956379011289922,9.300320539286174,8.56597728407137,6.723065403437615,9.645727293625605
1051,Prov. Jawa Timur,Kab. Banyuwangi,P,D3,185,623.0,141.7524705386968,188.54398572105015,181.71754681993235,193.99510339147798,168.26117393424593,139.3105455575009,172.47300800937825
1052,Prov. Jawa Timur,Kab. Banyuwangi,P,D4,406,1651.0,375.6554235303185,328.2954557168076,338.9574568763926,385.53808110200737,439.94060277719643,361.0152276148284,340.34651560866587
1053,Prov. Jawa Timur,Kab. Banyuwangi,P,Profesi,263,336.0,76.45077062761176,460.1513449398068,367.25578225595586,360.4459839660469,365.61201809848484,277.5034655811454,272.2319675467121
1054,Prov. Jawa Timur,Kab. Banyuwangi,P,S1,1092,7403.0,1684.419806417291,1058.758108376513,962.7310140190071,940.7785553752676,1008.6709259431268,886.0825454423739,1105.6079943016678
1055,Prov. Jawa Timur,Kab. Banyuwangi,P,S2,71,288.0,65.52923196652436,75.6436731099702,71.18816758092541,66.66796338306011,70.74604097964162,67.15984750110883,74.32285938553588
1056,Prov. Jawa Timur,Kab. Blitar,L,S1,21,285.0,64.8466358002064,44.17598363842312,37.01571252997787,37.43761997320614,39.28535587176882,46.0098548090485,37.59477169948082
1057,Prov. Jawa Timur,Kab. Blitar,P,S1,40,425.0,96.7011235617113,76.64732648820718,64.50163643129167,66.24213419046399,66.55663369887793,43.8572075121079,51.861434464324034
1058,Prov. Jawa Timur,Kab. Bojonegoro,L,D3,31,68.0,15.472179769873808,18.987429027389016,18.530220905480473,19.811960473982943,17.78582269030018,17.601011660226728,14.834823862662725
1059,Prov. Jawa Timur,Kab. Bojonegoro,L,Profesi,56,73.0,16.60984004707041,110.54964780697733,95.11545809114469,99.69541556055627,44.08112965644271,111.36839871888466,81.58967798016225
1060,Prov. Jawa Timur,Kab. Bojonegoro,L,S1,899,6486.0,1475.772911579434,851.6669086893361,792.6201414401936,792.552417574987,798.8519994150124,783.2382201941638,837.9115014497877
1061,Prov. Jawa Timur,Kab. Bojonegoro,L,S2,39,136.0,30.944359539747616,23.914576290795477,20.586772803261706,17.533452034495436,17.075249774720543,16.92965077517827,17.354342719155515
1062,Prov. Jawa Timur,Kab. Bojonegoro,P,D3,77,208.0,47.3266675313787,67.85349252390654,66.59547716827468,72.39433755424194,53.488231618828266,23.294976078529068,40.964858093980844
1063,Prov. Jawa Timur,Kab. Bojonegoro,P,Profesi,155,189.0,43.003558478031614,310.841693138788,262.6103395531904,273.39813291543385,145.38046124930005,186.1515172194342,198.0801561898291
1064,Prov. Jawa Timur,Kab. Bojonegoro,P,S1,1758,8561.0,1947.9019266160246,1456.832017739008,1413.718317295283,1491.9347606979113,1481.7638675988635,1446.5782849682128,1424.667684360677
1065,Prov. Jawa Timur,Kab. Bojonegoro,P,S2,15,59.0,13.424391270919921,11.652429104756381,9.958620314352604,8.51554165696842,10.782881955133874,14.33118029392549,21.513736133311202
1066,Prov. Jawa Timur,Kab. Bondowoso,L,D3,17,57.0,12.96932716004128,16.97827746699478,16.398757299468553,17.921844582414007,14.551481303880383,11.552520123318414,12.644032215303206
1067,Prov. Jawa Timur,Kab. Bondowoso,L,S1,435,2449.0,557.2260037708965,352.94347958287875,324.5313728710181,327.9001960028666,331.4922602678846,430.3853637940459,366.3454166034755
1068,Prov. Jawa Timur,Kab. Bondowoso,L,S2,24,67.0,15.244647714434487,22.109308218805328,22.662261204645464,23.640636188426093,20.885245421251774,16.753900429710743,14.917758483010546
1069,Prov. Jawa Timur,Kab. Bondowoso,P,D3,36,302.0,68.71468074267486,88.16359428497692,80.85243894060666,84.92779635293732,77.29185398962315,59.246485591753995,60.02912075431583
1070,Prov. Jawa Timur,Kab. Bondowoso,P,S1,506,2604.0,592.4934723639911,436.3075689639531,402.8568144549127,413.2832843809869,421.43334277877074,491.646194953486,500.84143549586923
1071,Prov. Jawa Timur,Kab. Bondowoso,P,S2,20,48.0,10.921538661087393,18.469104273200813,19.026313204945417,20.167507678671868,16.042908642104905,12.434038271429724,12.980867095111634
1072,Prov. Jawa Timur,Kab. Gresik,L,D3,30,211.0,48.00926369769667,59.74980389693652,58.95781942512632,63.380486416783334,55.090448804167025,35.22731004199573,53.320794975823965
1073,Prov. Jawa Timur,Kab. Gresik,L,Profesi,476,508.0,115.58628416317492,726.6287523326088,617.288700257894,635.3567155747851,682.388531102027,672.315168714642,640.144768275856
1074,Prov. Jawa Timur,Kab. Gresik,L,S1,1194,7810.0,1777.0253529810948,1060.9700084200276,995.3801141833279,989.3759026413452,1146.1276709399572,1108.654427559462,1040.5150823047536
1075,Prov. Jawa Timur,Kab. Gresik,L,S2,138,318.0,72.35519362970399,101.95831306642049,107.4818712163659,110.96585802679145,98.38667795122818,81.37185185229409,89.94557074050437
1076,Prov. Jawa Timur,Kab. Gresik,P,D3,74,259.0,58.930802358784064,66.29460413286728,60.78616251807,61.76576658976241,60.69589096364692,54.71665750267683,64.44858481872471
1077,Prov. Jawa Timur,Kab. Gresik,P,Profesi,1823,1952.0,444.142572217554,3157.292073790933,2668.7737607987165,2763.873385479172,2114.5243098061483,1780.3326475733295,1812.8823714701016
1078,Prov. Jawa Timur,Kab. Gresik,P,S1,1573,8054.0,1832.543174508289,1348.8648191258274,1294.6504683077283,1329.9466530090087,1367.6421234168422,1395.5735379114928,1414.5188112913045
1079,Prov. Jawa Timur,Kab. Gresik,P,S2,145,385.0,87.59984134413847,146.3890492797873,155.95782173716734,164.49621418692044,131.3545704159151,116.34420062801921,122.3094411715474
1080,Prov. Jawa Timur,Kab. Jember,L,D2,12,17.0,3.868044942468452,7.489144035685398,6.871577146642826,6.5649969538755375,5.621369994607652,6.66078558891192,6.537064482248321
1081,Prov. Jawa Timur,Kab. Jember,L,D3,610,2349.0,534.4727982269643,540.4898555421661,485.28449105189446,475.6857690989648,533.828792693327,473.2742620350696,438.0614261549564
1082,Prov. Jawa Timur,Kab. Jember,L,D4,746,4743.0,1079.184538948698,734.9086900152556,709.2013789709927,739.9125631295319,701.4728560992512,765.5924886584519,679.143012079879
1083,Prov. Jawa Timur,Kab. Jember,L,Profesi,3193,1143.0,260.0691393671436,1707.6109059227786,1423.4468143135405,1429.6706817990469,1214.7688278920507,957.1722458732011,1053.731409778454
1084,Prov. Jawa Timur,Kab. Jember,L,S1,5188,33013.0,7511.515746218294,4985.538985433779,4689.916855118387,4651.125486500851,4729.954130554177,4787.640386099677,4450.058837877374
1085,Prov. Jawa Timur,Kab. Jember,L,S2,617,2648.0,602.5048828033213,572.3123759691016,512.9464975697839,449.1551592291706,354.2654594175375,689.6241556236989,715.1627071440373
1086,Prov. Jawa Timur,Kab. Jember,L,S3,72,474.0,107.850194278238,55.07662657470593,52.8534681153173,62.48824172563954,64.20717080681919,64.17333461167622,67.4242189889802
1087,Prov. Jawa Timur,Kab. Jember,P,D2,16,21.0,4.778173164225735,10.177264920921116,9.20793988925012,8.773820788903219,8.058130549710734,7.851368979453778,8.792961251137012
1088,Prov. Jawa Timur,Kab. Jember,P,D3,1002,3397.0,772.9263923273725,963.4973539628492,883.2555082150423,891.4691387136523,861.2977010290298,810.715131978435,904.6230031321028
1089,Prov. Jawa Timur,Kab. Jember,P,D4,783,4278.0,973.3821331694139,765.2813996385089,739.1432515972341,779.7475188128927,812.814018043313,807.0477032034674,871.8757434967125
1090,Prov. Jawa Timur,Kab. Jember,P,Profesi,8975,3216.0,731.7430902928554,5276.05433759355,4334.2511655066755,4339.182368089343,3463.5188642481285,4832.892337228489,5864.263494715087
1091,Prov. Jawa Timur,Kab. Jember,P,S1,10413,49994.0,11375.2375796334,9230.753647387077,8869.660622052532,9086.345884460923,9486.11543545448,8627.723401224002,8518.526854561775
1092,Prov. Jawa Timur,Kab. Jember,P,S2,710,2043.0,464.84798926253217,632.8542806274016,609.9356168767332,579.822517047082,650.3379960517451,510.0967314341818,664.8508882277769
1093,Prov. Jawa Timur,Kab. Jember,P,S3,28,204.0,46.41653930962142,32.326519238768235,32.818299866016034,41.4541573270038,32.01979432538281,24.579048381452182,24.828072846393205
1094,Prov. Jawa Timur,Kab. Jombang,L,D3,22,147.0,33.447212149580146,38.7553758866296,37.82207817526217,39.06798542518165,33.169912334439736,34.32071341269103,39.75941719595134
1095,Prov. Jawa Timur,Kab. Jombang,L,Profesi,323,306.0,69.62480896443213,294.2705110252812,222.35710753903535,198.30914368474376,248.429522633464,209.8383316028859,227.83978702493928
1096,Prov. Jawa Timur,Kab. Jombang,L,S1,1661,9361.0,2129.927570967481,1283.7497495441978,1227.884056939076,1212.2240952652037,1366.0588622731575,1248.7061959486623,1290.698572914559
1097,Prov. Jawa Timur,Kab. Jombang,L,S2,86,292.0,66.43936018828164,77.09943747864355,77.25545156247362,73.74878810361814,79.68379194391841,77.57778262095202,77.2715132596905
1098,Prov. Jawa Timur,Kab. Jombang,P,D3,152,476.0,108.30525838911666,145.19914117849268,142.0554130248026,148.73001497655767,137.25007610983843,108.12550013209838,128.05574862246237
1099,Prov. Jawa Timur,Kab. Jombang,P,Profesi,1758,1338.0,304.4378901778111,1673.5116628504832,1317.1747698122383,1236.142244852653,1041.3542084933438,1463.5270403439215,1411.135868968809
1100,Prov. Jawa Timur,Kab. Jombang,P,S1,3079,11514.0,2619.8040863283386,2061.6149655013564,2053.808780646373,2130.907559685313,2099.8899935460263,2189.794976849537,2101.569315710316
1101,Prov. Jawa Timur,Kab. Jombang,P,S2,78,269.0,61.20612291317727,80.75747630717544,80.66026883901579,77.6110083860059,89.67343571782844,71.19430086057548,65.0420627590753
1102,Prov. Jawa Timur,Kab. Kediri,L,D3,43,111.0,25.2560581537646,26.774760574271802,24.197714072602697,24.143145191284706,23.623622577521697,32.33620975205989,35.929158984870845
1103,Prov. Jawa Timur,Kab. Kediri,L,Profesi,81,111.0,25.2560581537646,112.68399111186773,82.62998010859148,74.51890562697183,52.1182682274068,84.67569425954609,117.74047182843563
1104,Prov. Jawa Timur,Kab. Kediri,L,S1,562,6439.0,1465.078904973786,1117.145040781963,1093.9514870494427,1144.911715098702,1076.962040304417,1095.6390523716516,966.332604066887
1105,Prov. Jawa Timur,Kab. Kediri,P,D3,197,578.0,131.51352804392735,159.90199943011365,144.4828929040629,145.75870910270748,142.57656837949634,159.06153389985758,178.0944130567784
1106,Prov. Jawa Timur,Kab. Kediri,P,Profesi,391,476.0,108.30525838911666,674.4846051933633,527.2297916775577,511.7826958234692,294.0415282857483,376.7536242179499,450.90360768671405
1107,Prov. Jawa Timur,Kab. Kediri,P,S1,953,10819.0,2461.669307798011,2132.029916425099,2080.1265285962136,2193.182970444026,2135.496700351959,1999.9262389329795,1861.3818505864658
1108,Prov. Jawa Timur,Kab. Lamongan,L,D3,5,53.0,12.059198938283997,11.576986323198131,10.426799636856142,10.202944700957483,10.919078553878562,13.387924155022532,11.947419003072744
1109,Prov. Jawa Timur,Kab. Lamongan,L,Profesi,34,46.0,10.466474550208753,59.99051982618716,49.155978071891376,48.62836636972024,47.048220151587714,30.558925056362913,29.0949826483932
1110,Prov. Jawa Timur,Kab. Lamongan,L,S1,1358,7779.0,1769.9718592624758,1071.3805663312949,1004.2055629158604,993.3192091420558,1066.7361361676808,1040.990054975854,998.1938965338267
1111,Prov. Jawa Timur,Kab. Lamongan,L,S2,175,490.0,111.49070716526714,127.72452978747609,125.08519570296345,119.64647894280048,113.36877492638106,114.56703758489466,123.17113897482116
1112,Prov. Jawa Timur,Kab. Lamongan,P,D3,115,295.0,67.1219563545996,86.2072571184303,81.62461285388552,84.81117142935987,82.96413125792346,74.65922902741423,75.69483386019716
1113,Prov. Jawa Timur,Kab. Lamongan,P,Profesi,207,231.0,52.55990480648308,356.9878141348629,295.54472263901664,298.6232626144575,322.72619384037046,249.0422249719571,233.20776790521495
1114,Prov. Jawa Timur,Kab. Lamongan,P,S1,1971,8998.0,2047.3334348430076,1554.5587307592405,1498.2129477313663,1538.3079123104503,1607.54055617382,1446.0370255725304,1520.9743325033542
1115,Prov. Jawa Timur,Kab. Lamongan,P,S2,217,349.0,79.40868734832293,127.9539602609315,133.91398475786764,138.21055849059755,126.100293465385,104.47507798367212,111.26146617585349
1116,Prov. Jawa Timur,Kab. Lumajang,L,S1,470,3880.0,882.8243751045643,551.0749430796568,511.3360834516782,513.8458339410706,611.3852425371995,593.7225503673061,559.1440781977282
1117,Prov. Jawa Timur,Kab. Lumajang,L,S2,18,65.0,14.789583603555846,17.406639389594606,16.911295898086273,16.516424899256894,20.748901424704865,16.666458356828215,16.025617271215527
1118,Prov. Jawa Timur,Kab. Lumajang,P,S1,768,4269.0,971.33434467046,741.9242612976874,702.9768600550551,729.1315554285862,814.7997145021445,749.9181844500839,814.4919076620985
1119,Prov. Jawa Timur,Kab. Lumajang,P,S2,21,52.0,11.831666882844676,16.2789067156269,15.90864676282058,15.8005222842573,16.887043140490306,14.87043046953728,13.698719826293651
1120,Prov. Jawa Timur,Kab. Magetan,L,S1,312,1673.0,380.66112874998356,224.0617171982421,185.55215597668024,179.06226967708932,132.62104229167713,137.1263681843915,148.4218144612414
1121,Prov. Jawa Timur,Kab. Magetan,L,S2,5,24.0,5.460769330543696,8.939056137003153,8.806751387233197,9.362816349344108,8.285988970919425,6.888505854862598,5.454716536237219
1122,Prov. Jawa Timur,Kab. Magetan,P,S1,392,1880.0,427.7602642259229,326.79056060394646,281.69635089807986,285.8657162141449,237.8604271002057,274.2536594449975,277.1212856050127
1123,Prov. Jawa Timur,Kab. Magetan,P,S2,5,48.0,10.921538661087393,19.667546394242013,19.106511833218153,20.259109772009946,17.051622431159824,10.280686346238474,12.45849877176988
1124,Prov. Jawa Timur,Kab. Malang,L,D3,103,225.0,51.194712473847154,61.87560143440326,57.72034711658585,60.44585684643566,64.59262388038401,72.5676773762609,73.5617371453397
1125,Prov. Jawa Timur,Kab. Malang,L,D4,102,437.0,99.43150822698314,83.37233917547915,84.62362946945572,95.67854664541109,104.25770119037985,73.82012171426064,89.44679517236946
1126,Prov. Jawa Timur,Kab. Malang,L,Profesi,47,54.0,12.286730993723317,58.17778938374243,43.01402190869846,39.79195453988075,36.855986955560596,38.78726045939483,70.8005505377557
1127,Prov. Jawa Timur,Kab. Malang,L,S1,528,4026.0,916.0440551987051,673.1906434346811,644.3313798624413,671.3066297429862,793.9284683148119,734.9407538079649,660.0984716447833
1128,Prov. Jawa Timur,Kab. Malang,L,S2,134,537.0,122.18471377091522,159.06216057146682,156.0217754409589,154.55823063455256,184.3720827687384,150.2791601966524,142.96178936972552
1129,Prov. Jawa Timur,Kab. Malang,P,D3,111,339.0,77.13336679392972,108.4770758295433,101.63250901987934,108.07439420638768,117.84109764733945,98.95194656511593,104.37578807170308
1130,Prov. Jawa Timur,Kab. Malang,P,D4,99,433.0,98.52138000522586,91.38218449186176,91.62741676688843,103.50623405901524,108.39222770796488,79.36735581768983,63.363175807037024
1131,Prov. Jawa Timur,Kab. Malang,P,Profesi,233,197.0,44.82381492154618,252.001427500403,188.37027191092622,178.09798098553065,149.1342330041394,164.08240734962507,238.4250016217455
1132,Prov. Jawa Timur,Kab. Malang,P,S1,861,5170.0,1176.340726621288,981.6791582940987,935.747117973507,981.4200438014744,1164.786104928674,992.5482852245741,1024.5577969329477
1133,Prov. Jawa Timur,Kab. Malang,P,S2,57,243.0,55.29028947175493,81.58072528518484,79.68110370187378,79.48046443446127,85.1192359393631,81.77543584167468,72.27215399444935
1134,Prov. Jawa Timur,Kab. Mojokerto,L,D3,106,325.0,73.94791801777923,95.84158709984624,96.58298911143598,104.47053504842127,100.29439053680547,89.66456262669591,91.04970302438015
1135,Prov. Jawa Timur,Kab. Mojokerto,L,Profesi,105,163.0,37.08772503660927,203.12169646593432,166.30535103176402,162.8068768431274,177.46815885346464,116.11413785895516,121.75823480638299
1136,Prov. Jawa Timur,Kab. Mojokerto,L,S1,657,4341.0,987.7166526620912,650.0645807041818,632.6982823796317,640.8828518333884,629.7262283236378,759.9662823535938,632.7830158388504
1137,Prov. Jawa Timur,Kab. Mojokerto,L,S2,266,793.0,180.43291996338132,290.1636667758068,322.0408675932475,344.78486591679433,256.84315506664456,197.43815188225565,219.92284645101373
1138,Prov. Jawa Timur,Kab. Mojokerto,L,S3,18,151.0,34.35734037133743,27.456936465586413,31.79821794305046,44.822846851380326,27.03040469264818,23.733069794720432,19.24555444402489
1139,Prov. Jawa Timur,Kab. Mojokerto,P,D3,212,666.0,151.5363489225876,205.1250685600002,200.39628387291887,212.62231511856334,217.12584435952445,161.88315396510876,190.69542308063964
1140,Prov. Jawa Timur,Kab. Mojokerto,P,Profesi,499,634.0,144.25532314852933,897.9561756946687,732.7402768402853,722.9390488123732,665.3987506747214,607.6914565718837,595.7850645323973
1141,Prov. Jawa Timur,Kab. Mojokerto,P,S1,1285,6222.0,1415.7044489434534,1140.696570681055,1133.7580111830443,1185.2844106375242,1209.8259038966348,1194.479113494749,1096.9435758154807
1142,Prov. Jawa Timur,Kab. Mojokerto,P,S2,170,447.0,101.70682878137636,180.2427791874081,197.36908802140397,210.86539531715383,159.83829339426265,104.4636505269289,131.49978644363256
1143,Prov. Jawa Timur,Kab. Mojokerto,P,S3,2,21.0,4.778173164225735,4.200712404361623,4.797122453205314,6.744125465611037,4.231011784167579,4.7003211184799225,3.382499280866946
1144,Prov. Jawa Timur,Kab. Nganjuk,L,D3,4,23.0,5.2332372751043765,6.681720620385211,6.5075777379267645,7.014188489128385,6.554495163539933,4.484521729709821,4.120306829939412
1145,Prov. Jawa Timur,Kab. Nganjuk,L,Profesi,28,30.0,6.825961663179621,40.35648424319917,32.90438043486554,33.05278981803322,24.136537103818366,21.52057184356587,21.63891852823671
1146,Prov. Jawa Timur,Kab. Nganjuk,L,S1,422,2380.0,541.5262919455832,384.7558408339308,372.9252687597769,387.612267165584,386.92394821109764,464.1182627186727,391.640205536089
1147,Prov. Jawa Timur,Kab. Nganjuk,L,S2,44,179.0,40.7282379236384,52.6251993068524,52.804504364157246,52.775041744902325,56.84181419649938,51.258651906192725,56.077182789981514
1148,Prov. Jawa Timur,Kab. Nganjuk,P,D3,59,169.0,38.4529173692452,53.75746448890368,51.54781109494744,55.330454403301324,52.23960034506829,48.91088031132021,46.281969940815465
1149,Prov. Jawa Timur,Kab. Nganjuk,P,Profesi,63,64.0,14.562051548116525,104.93895046293754,87.24938979770236,90.32871182090395,51.71583705512853,53.28083893681973,46.19078150890662
1150,Prov. Jawa Timur,Kab. Nganjuk,P,S1,670,3260.0,741.7545007321855,623.0613219298587,609.7309831689853,646.882796541085,688.1267523994908,593.4459772742272,630.7705177681388
1151,Prov. Jawa Timur,Kab. Nganjuk,P,S2,30,121.0,27.531378708157806,39.127446397323496,38.71167321499357,38.58551746660441,41.887497249467145,40.58826148291345,43.631432124282654
1152,Prov. Jawa Timur,Kab. Ngawi,L,D3,28,61.0,13.879455381798563,17.709865459451795,16.95785716386044,18.123815332552596,16.323940319514996,13.607383431422557,11.65212801118899
1153,Prov. Jawa Timur,Kab. Ngawi,L,S1,195,2225.0,506.25882335248855,332.5344252606072,308.90526029268466,310.5203299608335,327.81372382966515,328.4071415651823,305.42728847346507
1154,Prov. Jawa Timur,Kab. Ngawi,P,D3,70,197.0,44.82381492154618,65.16611596418537,62.24060331894765,67.09360586410334,54.64927734319974,47.576495393201434,45.65031675314073
1155,Prov. Jawa Timur,Kab. Ngawi,P,S1,316,2414.0,549.2623818305202,389.50727970131413,354.6022069802856,353.3804147006704,401.5971965194687,453.27392209566597,468.9781794310115
1156,Prov. Jawa Timur,Kab. Pacitan,L,D2,48,146.0,33.21968009414082,47.24992706343091,38.67088727270307,33.921899414020665,35.27500932098033,33.84777163682795,33.083021731724564
1157,Prov. Jawa Timur,Kab. Pacitan,L,S1,175,1404.0,319.45500583680627,248.07446031208067,244.35643982831584,262.14448422829594,242.93006387864807,193.43545204078438,162.1167774461166
1158,Prov. Jawa Timur,Kab. Pacitan,P,D2,21,38.0,8.646218106694187,15.667658639227348,13.266600169873467,12.165083389099747,10.809862111846087,11.03412321579812,15.782546632637612
1159,Prov. Jawa Timur,Kab. Pacitan,P,S1,340,1687.0,383.846577526134,337.021432485663,330.60729748656433,357.4837435813079,313.98495559824966,252.72353896288334,248.79320565629362
1160,Prov. Jawa Timur,Kab. Pamekasan,L,D3,7,31.0,7.053493718618942,6.99584212832847,6.502834877849862,6.424721227422759,7.030415664852269,7.969121733377292,8.168062967065786
1161,Prov. Jawa Timur,Kab. Pamekasan,L,S1,1334,11155.0,2538.1200784256225,1587.518617051164,1530.0184416050524,1517.4437619778632,1567.4711152980683,1583.843750279168,1721.6420305703575
1162,Prov. Jawa Timur,Kab. Pamekasan,L,S2,20,310.0,70.53493718618942,107.02665718273956,117.34046519430116,122.70639549669218,101.01574585717599,79.35376010620907,83.4867466474954
1163,Prov. Jawa Timur,Kab. Pamekasan,P,D3,92,304.0,69.1697448535535,98.04471484681453,97.90241056354114,104.90176072052681,103.12009398597436,84.05221775614706,87.91886363560765
1164,Prov. Jawa Timur,Kab. Pamekasan,P,Profesi,1,167.0,37.997853258366554,281.38749679253925,244.70202974356886,253.9827163935768,176.68211727398904,169.64803122404433,185.80676837197697
1165,Prov. Jawa Timur,Kab. Pamekasan,P,S1,968,8364.0,1903.0781116944784,1539.9215543230425,1543.2037511600256,1607.7538907799067,1602.9402333685355,1304.0560583207173,1331.871859368089
1166,Prov. Jawa Timur,Kab. Pamekasan,P,S2,4,153.0,34.81240448221607,61.36975989864512,67.54241439484521,71.68601389248767,50.800606865095716,44.31434631985004,46.62127750341887
1167,Prov. Jawa Timur,Kab. Pasuruan,L,D3,70,125.0,28.44150692991509,31.62648295861897,30.2177143081842,31.44272408411683,29.807670024838504,42.256529161617316,42.0981480243611
1168,Prov. Jawa Timur,Kab. Pasuruan,L,D4,5,31.0,7.053493718618942,3.787108134961435,3.4966881883599883,3.4978446065479787,5.203302680484776,5.427547374956052,4.7400336798564595
1169,Prov. Jawa Timur,Kab. Pasuruan,L,S1,1859,8096.0,1842.0995208367403,1334.1399134489907,1356.6881045690725,1474.1363482924523,1488.0616235895934,1318.8412708946928,1226.3638363569762
1170,Prov. Jawa Timur,Kab. Pasuruan,L,S2,156,582.0,132.42365626568466,211.51613215813504,233.5003134623983,252.02812702457,165.25154780986142,150.46388588506719,152.61638562597216
1171,Prov. Jawa Timur,Kab. Pasuruan,L,S3,9,138.0,31.399423650626257,24.853657145128672,28.603517767829885,40.61173285647608,17.96951337996424,18.43634884208306,14.818751773142058
1172,Prov. Jawa Timur,Kab. Pasuruan,P,D3,150,341.0,77.58843090480836,95.19445354195135,89.77410160807763,93.25458323886414,92.71127039203479,75.72964445251937,90.16732195056457
1173,Prov. Jawa Timur,Kab. Pasuruan,P,D4,27,114.0,25.93865432008256,18.651463681288693,18.110667505565456,19.243441656869432,24.922186795645295,18.966523439392553,14.698735646753303
1174,Prov. Jawa Timur,Kab. Pasuruan,P,S1,1457,6778.0,1542.2122717677157,1267.4144217053165,1289.066242475236,1421.6456317005848,1381.1564139923764,1198.0059858794957,1212.9249698951546
1175,Prov. Jawa Timur,Kab. Pasuruan,P,S2,25,244.0,55.51782152719425,98.29178136019256,107.26090068677978,115.74464774164517,62.179048344694564,60.0621710560602,63.298829298746305
1176,Prov. Jawa Timur,Kab. Pasuruan,P,S3,4,21.0,4.778173164225735,4.1606294070126655,4.721666745633709,6.6861418510362025,3.1239436464609613,3.6424273480420144,3.2394155455684635
1177,Prov. Jawa Timur,Kab. Ponorogo,L,D3,21,111.0,25.2560581537646,30.582645192617388,26.089060407337616,25.68923116523496,21.167610980505398,31.445363706159654,35.29521183377362
1178,Prov. Jawa Timur,Kab. Ponorogo,L,D4,11,112.0,25.483590209203918,23.21858560712893,22.132054410817414,24.1485413057404,52.625356446502586,23.66995248186067,17.527647515760844
1179,Prov. Jawa Timur,Kab. Ponorogo,L,Profesi,64,84.0,19.11269265690294,107.7418596749016,77.07918433419108,70.8548340018418,82.02057841731293,130.15111026048967,307.13795780827235
1180,Prov. Jawa Timur,Kab. Ponorogo,L,S1,1066,10168.0,2313.545939707013,1710.5083921654975,1497.0614744388263,1464.6060932716869,1440.310191536793,1396.5041316195054,1343.1831590334111
1181,Prov. Jawa Timur,Kab. Ponorogo,L,S2,110,486.0,110.58057894350986,184.31017401399436,179.14479755408044,180.4970206237413,140.32535667222436,133.36920409636747,129.05930611349353
1182,Prov. Jawa Timur,Kab. Ponorogo,L,S3,4,34.0,7.736089884936904,6.064451369133753,6.04093314758527,7.873621058655534,5.284562945130939,4.753347816618349,4.249876620183454
1183,Prov. Jawa Timur,Kab. Ponorogo,P,D3,116,507.0,115.3587521077356,162.74035735915518,139.54513085838732,139.68831962397527,95.80974980382634,150.62056080105728,153.462244928291
1184,Prov. Jawa Timur,Kab. Ponorogo,P,Profesi,130,177.0,40.273173812759765,244.53869578095566,171.32045652684477,156.01159345143705,172.24739187247488,291.3716180267721,362.52088256751307
1185,Prov. Jawa Timur,Kab. Ponorogo,P,S1,1668,14610.0,3324.2433299684753,3014.9908418915898,2696.3874520551662,2724.1889288626353,2959.057026986232,2933.0901392046567,2887.682092072935
1186,Prov. Jawa Timur,Kab. Ponorogo,P,S2,111,497.0,113.0834315533424,213.31896211969692,206.36118448454792,209.2621482108351,154.82572450259997,156.41362595028454,166.0083652054891
1187,Prov. Jawa Timur,Kab. Ponorogo,P,S3,1,16.0,3.6405128870291312,3.494900835227593,3.555491392859089,4.783343638593989,8.395603511684541,2.324708012861031,1.7599840239488502
1188,Prov. Jawa Timur,Kab. Probolinggo,L,D3,43,162.0,36.86019298116995,44.26604328066809,43.25480288397604,46.180982023160624,39.476828362832016,38.82433627790431,29.705222170395523
1189,Prov. Jawa Timur,Kab. Probolinggo,L,Profesi,77,111.0,25.2560581537646,144.02249513454302,116.97682717699925,114.00836322890454,117.05539007484292,86.23039716122732,88.47718959768795
1190,Prov. Jawa Timur,Kab. Probolinggo,L,S1,966,6738.0,1533.110989550143,902.3380129634638,829.4245190852868,797.6013272962261,861.6719894248957,715.2703893931146,814.9374695582051
1191,Prov. Jawa Timur,Kab. Probolinggo,L,S2,58,176.0,40.045641757320446,55.815160021529564,57.87106459264603,58.16455140087841,59.28745300499261,54.9162736408925,59.44256401686779
1192,Prov. Jawa Timur,Kab. Probolinggo,P,D3,54,212.0,48.236795753135986,58.271909149575535,53.9747589680021,54.797743970678205,50.2689820782431,44.26059583175261,51.80233471971209
1193,Prov. Jawa Timur,Kab. Probolinggo,P,Profesi,227,265.0,60.295994691419985,413.0678182726731,340.49841462537165,340.44329073011875,342.9283963166318,296.5840807779266,240.00310663429772
1194,Prov. Jawa Timur,Kab. Probolinggo,P,S1,1531,7447.0,1694.4312168566212,1289.0135227212713,1231.755455977479,1244.131709647191,1401.3297201920914,1343.8231746804106,1378.0469569475238
1195,Prov. Jawa Timur,Kab. Probolinggo,P,S2,60,132.0,30.034231317990333,49.91500042784408,52.39629883188287,53.89512703953252,52.29419813633508,43.57341451474329,46.806765067175256
1196,Prov. Jawa Timur,Kab. Sampang,L,D3,132,439.0,99.8865723378618,125.18972585014178,120.82832553381687,129.74303975797767,105.99337312383464,129.42988061464757,116.62775655007972
1197,Prov. Jawa Timur,Kab. Sampang,L,Profesi,6,8.0,1.8202564435145656,12.126038344059555,10.25022370617886,10.720703186598788,5.032160564374864,7.27555258294827,6.527937281690478
1198,Prov. Jawa Timur,Kab. Sampang,L,S1,297,2216.0,504.21103485353467,343.1709779371764,326.9962557122371,335.9525542704927,316.6975201087088,390.4675722072324,334.7080217607198
1199,Prov. Jawa Timur,Kab. Sampang,P,D3,435,852.0,193.85731123430125,215.340713005562,190.9477131328789,190.82165915722626,210.3787674590404,160.70937474949594,160.76483697551498
1200,Prov. Jawa Timur,Kab. Sampang,P,Profesi,12,19.0,4.3231090533470935,31.681889445628602,26.407824992396243,27.5467738361617,11.734865442492845,14.638557690740303,13.616457780802575
1201,Prov. Jawa Timur,Kab. Sampang,P,S1,167,1501.0,341.5256152144204,270.2014660545247,258.50126256226525,269.59451885656534,256.43227288564196,275.89038517742085,247.90400450614092
1202,Prov. Jawa Timur,Kab. Sidoarjo,L,D3,192,576.0,131.05846393304873,157.63363580221437,152.57031466589058,158.63039732109843,149.15713442543242,151.54925782921808,140.95661514144908
1203,Prov. Jawa Timur,Kab. Sidoarjo,L,D4,16,128.0,29.12410309623305,19.35257763397525,18.916750554333827,19.741459987964134,20.31062185294098,17.509712920687114,17.472454279984486
1204,Prov. Jawa Timur,Kab. Sidoarjo,L,S1,1716,10356.0,2356.3219661296052,1511.4972901558015,1436.527306918503,1422.1725395748892,1487.5340735110203,1542.0844670586275,1499.7407990361967
1205,Prov. Jawa Timur,Kab. Sidoarjo,L,S2,298,951.0,216.382984722794,260.35582515274695,258.63747081591896,248.42766563328422,307.673552607752,284.7982729688643,284.73516047610605
1206,Prov. Jawa Timur,Kab. Sidoarjo,P,D3,294,968.0,220.25102966526245,288.7160622924969,274.707484407834,284.0110315528186,286.46121502816004,260.85869333285456,245.74853350497403
1207,Prov. Jawa Timur,Kab. Sidoarjo,P,D4,82,450.0,102.38942494769431,85.5306677653876,86.12045363220129,93.55002539943683,89.80787275974157,88.75053475088004,56.398531782524145
1208,Prov. Jawa Timur,Kab. Sidoarjo,P,Profesi,10,22.0,5.005705219665056,33.66718121200823,27.73323747083953,27.613985954015185,32.29598656804235,11.673491935690027,14.205922195765524
1209,Prov. Jawa Timur,Kab. Sidoarjo,P,S1,2241,10740.0,2443.694275418304,1975.4192694793571,1936.7695077613432,1999.862494686432,2088.4964352391808,2016.8331322821027,1884.6267297358338
1210,Prov. Jawa Timur,Kab. Sidoarjo,P,S2,222,522.0,118.7717329393254,177.61981181015102,181.08111794904,180.38593857394963,191.11295837875656,187.02813976053932,182.52799457885706
1211,Prov. Jawa Timur,Kab. Situbondo,L,D3,18,109.0,24.800994042885957,19.190877666291122,15.860924325446982,14.14930711903031,38.19353548911922,14.947656292702963,16.133357242982594
1212,Prov. Jawa Timur,Kab. Situbondo,L,S1,679,5007.0,1139.2530015846787,657.3786453711169,595.6365519278681,563.7515504061354,589.3640500456002,607.5377825642846,605.0119334947108
1213,Prov. Jawa Timur,Kab. Situbondo,L,S2,49,111.0,25.2560581537646,35.41674559705986,36.49352170618365,36.37864432912537,34.052123537823,32.73054460668367,37.923803531332254
1214,Prov. Jawa Timur,Kab. Situbondo,P,Profesi,18,24.0,5.460769330543696,41.170438549151356,34.73181749911135,35.44573239277062,30.985469336013782,15.17340313689734,14.872598702162902
1215,Prov. Jawa Timur,Kab. Situbondo,P,S1,1026,5874.0,1336.5232936505697,1008.3248439940718,954.2131812783125,953.6845339853733,929.9812132205316,935.7627954060181,848.7152622519195
1216,Prov. Jawa Timur,Kab. Situbondo,P,S2,61,111.0,25.2560581537646,44.92165907035215,47.81953125858989,49.759848281326086,47.330775836068106,32.92744038008765,36.480842829722796
1217,Prov. Jawa Timur,Kab. Sumenep,L,D3,4,18.0,4.095576997907773,5.47594978490186,5.436675155358453,5.993231025409385,3.7080102671682313,7.084720874237544,7.419756082165888
1218,Prov. Jawa Timur,Kab. Sumenep,L,Profesi,52,68.0,15.472179769873808,61.10196736788137,43.834844792031575,38.995608151188705,44.952568066664966,45.90740406660414,51.892333975982254
1219,Prov. Jawa Timur,Kab. Sumenep,L,S1,1417,9572.0,2177.9368346651777,1392.348148426084,1309.075493479597,1325.626898662314,1418.8891496309175,1246.5900359501675,1194.3893287112935
1220,Prov. Jawa Timur,Kab. Sumenep,L,S2,107,220.0,50.05705219665055,74.9049059191325,79.18473449498691,83.59268308139872,74.95677308047496,62.880131153903044,66.9822058329064
1221,Prov. Jawa Timur,Kab. Sumenep,P,D3,6,84.0,19.11269265690294,23.63141026564894,21.856879667179125,22.73100578085067,21.524221327205247,26.419376976621145,29.281755487582352
1222,Prov. Jawa Timur,Kab. Sumenep,P,Profesi,257,274.0,62.34378319037387,401.69127739756726,323.29009101220714,325.4212121482712,268.86143871473973,237.09061863105276,237.22189931261835
1223,Prov. Jawa Timur,Kab. Sumenep,P,S1,1855,9628.0,2190.6786297697795,1690.959441958565,1616.316228401799,1682.07222634113,1726.3721666574875,1253.0635485515572,1291.981427930298
1224,Prov. Jawa Timur,Kab. Sumenep,P,S2,58,139.0,31.626955706065576,54.793408679420914,58.08080290536092,62.16062653114088,43.21425155450426,36.11376627978497,43.32685203277849
1225,Prov. Jawa Timur,Kab. Trenggalek,L,S1,106,917.0,208.64689483785708,136.3724297296411,120.00201155673477,120.55456360214524,167.68900774024908,136.27252934691953,133.05685348555366
1226,Prov. Jawa Timur,Kab. Trenggalek,P,S1,185,1128.0,256.65615853555374,198.00781212238437,175.99244492821558,180.69087141100795,240.902946993366,263.75091287445923,253.33104657578141
1227,Prov. Jawa Timur,Kab. Tuban,L,D3,12,137.0,31.171891595186935,24.80835104273403,20.051833626596622,18.18306775644488,24.799837742213526,20.329630571230734,21.544230736232574
1228,Prov. Jawa Timur,Kab. Tuban,L,Profesi,398,395.0,89.87516189853167,594.4503821020814,487.1097027009266,496.4460870083112,412.6031869430761,446.6426306862239,500.64686494545305
1229,Prov. Jawa Timur,Kab. Tuban,L,S1,349,3434.0,781.3450783786272,537.4235682361676,499.30003447022096,502.7050912651815,501.78290583482743,615.8040325283681,588.3584798308874
1230,Prov. Jawa Timur,Kab. Tuban,L,S2,30,87.0,19.7952888232209,30.3639950830202,31.22073221619055,32.26592838388513,27.3599471859912,24.971417688127886,26.556484872650014
1231,Prov. Jawa Timur,Kab. Tuban,P,D3,2,34.0,7.736089884936904,9.140865148224949,8.036559954326053,8.000614240578386,9.57936647797448,11.239701923996007,14.730286260423377
1232,Prov. Jawa Timur,Kab. Tuban,P,Profesi,1665,1807.0,411.1504241788525,2883.588394163955,2302.096155753558,2312.6111506240645,1776.7672582793243,1770.9416057044684,1697.5494913805285
1233,Prov. Jawa Timur,Kab. Tuban,P,S1,863,4932.0,1122.1880974267297,952.7658579887403,906.3991480977598,944.3909278849479,993.1789747867552,995.6464223487591,968.9335333295244
1234,Prov. Jawa Timur,Kab. Tuban,P,S2,46,89.0,20.250352934099542,36.65472130044432,38.02731299315912,40.08687441514416,39.10410462812666,24.931278353414744,25.064340137543542
1235,Prov. Jawa Timur,Kab. Tulungagung,L,D3,13,57.0,12.96932716004128,16.716720619787846,15.782447013187394,16.470536285659836,14.22503043501519,15.467036592028371,15.390598557132181
1236,Prov. Jawa Timur,Kab. Tulungagung,L,Profesi,491,245.0,55.74535358263357,263.57457821782845,193.02774871166918,174.24242732611404,132.0975721374638,253.49970640383373,261.2366104077929
1237,Prov. Jawa Timur,Kab. Tulungagung,L,S1,1908,9395.0,2137.663660852418,1555.0701265321602,1469.1986950368005,1487.7623540535174,1542.5280678733288,1364.47865712335,1201.9507761897871
1238,Prov. Jawa Timur,Kab. Tulungagung,L,S2,220,497.0,113.0834315533424,151.4068937931397,148.53358432783006,144.93939966687034,167.37376608822413,143.42646077835138,129.41437616550647
1239,Prov. Jawa Timur,Kab. Tulungagung,L,S3,64,240.0,54.60769330543697,33.30501144179882,33.135948961319734,41.401684354490925,39.85635708774374,34.67558409555977,28.156586449116112
1240,Prov. Jawa Timur,Kab. Tulungagung,P,D3,87,194.0,44.141218755228216,64.0235218277259,60.04663244612659,62.95335336335356,60.605777943301554,54.810789019156616,51.31903322948289
1241,Prov. Jawa Timur,Kab. Tulungagung,P,D4,6,29.0,6.5984296077403,5.551506104550952,5.342898887985428,5.710881525700446,5.085357887030712,6.697838510966138,5.286509957700577
1242,Prov. Jawa Timur,Kab. Tulungagung,P,Profesi,1345,326.0,74.17545007321854,400.15771163158456,292.4435290438667,266.37833724530526,179.06200968192132,253.30192606908463,269.8941004876838
1243,Prov. Jawa Timur,Kab. Tulungagung,P,S1,4669,18949.0,4311.504918519688,3794.71153730289,3647.152217018199,3797.6180528772275,3835.571463437436,3521.6368495896972,3385.7845960393856
1244,Prov. Jawa Timur,Kab. Tulungagung,P,S2,299,585.0,133.1062524320026,217.5934258797961,217.79654066266485,219.15806243182678,201.82427191985798,203.46594482939452,209.35954220058406
1245,Prov. Jawa Timur,Kab. Tulungagung,P,S3,23,102.0,23.20826965481071,15.557468332884774,15.258395264409748,19.008653867072315,18.2192335140782,12.216951959394429,11.964257232790565
1246,Prov. Jawa Timur,Kota Batu,L,D4,60,379.0,86.23464901150254,72.16219696777807,69.8359490303089,78.80291698124341,97.74408970299181,52.2934597302935,45.19459119872453
1247,Prov. Jawa Timur,Kota Batu,L,S1,87,161.0,36.63266092573063,26.39245391008106,23.90872339926402,24.64874995658644,34.052215334762735,17.121769627511636,14.371137268249738
1248,Prov. Jawa Timur,Kota Batu,L,S2,20,111.0,25.2560581537646,24.188248101697717,20.47246194709577,18.35729172481686,29.426373584170367,19.442912841807203,22.064008115832642
1249,Prov. Jawa Timur,Kota Batu,L,S2 Terapan,208,208.0,47.3266675313787,78.20424207288924,72.8941342968732,71.69589728524137,95.77608504201808,20.168725819748616,29.6878352911618
1250,Prov. Jawa Timur,Kota Batu,P,S1,65,172.0,39.13551353556316,31.30362298597337,28.046739484191736,28.923090656934836,39.11093405830527,18.950356490165305,17.377836846053118
1251,Prov. Jawa Timur,Kota Batu,P,S2,10,49.0,11.149070716526714,13.846252708620476,12.195095257804056,11.495904919748982,15.62592339605252,13.028862109598473,15.48179639131697
1252,Prov. Jawa Timur,Kota Batu,P,S2 Terapan,2,2.0,0.4550641108786414,0.8272285125165234,0.7603173811881622,0.745838541970562,1.027253914421487,2.5817809585450484,2.4528720182588892
1253,Prov. Jawa Timur,Kota Blitar,L,D2,48,96.0,21.843077322174786,40.65471273462904,36.677714553380234,34.82910435997902,31.653480994643242,30.147833739304872,30.54769437993528
1254,Prov. Jawa Timur,Kota Blitar,L,Profesi,13,18.0,4.095576997907773,21.368121578786887,16.455597940216858,15.455657564703513,13.039094673694244,8.687648711565508,6.9747172465113
1255,Prov. Jawa Timur,Kota Blitar,L,S1,1081,4046.0,920.5946963074915,497.76318033214596,434.4027570250414,403.10111067686154,488.2117521622391,491.03370384655875,463.6889243254165
1256,Prov. Jawa Timur,Kota Blitar,P,D2,71,168.0,38.22538531380588,79.2639586686679,70.80665046493235,67.33220996291514,65.85324189659916,43.424909254221575,47.52966776434442
1257,Prov. Jawa Timur,Kota Blitar,P,Profesi,32,45.0,10.238942494769432,70.99743781122899,57.35532091639078,57.08043725337849,56.623384651873586,31.883021743719894,27.387429653662974
1258,Prov. Jawa Timur,Kota Blitar,P,S1,1087,4765.0,1084.190244168363,791.6676160189169,728.7096785385404,720.4396553801133,798.5995139735128,792.8962454819729,785.3554975619289
1259,Prov. Jawa Timur,Kota Kediri,L,D3,104,522.0,118.7717329393254,131.30281937998834,122.58753979733038,121.8136347130616,131.95897519978016,139.89456387618122,125.44951108413284
1260,Prov. Jawa Timur,Kota Kediri,L,D4,37,109.0,24.800994042885957,19.122420832493116,19.513230266155826,21.0786703328289,14.942450912771195,14.760085268025138,15.828156171080302
1261,Prov. Jawa Timur,Kota Kediri,L,Profesi,1495,1754.0,399.0912252405685,2328.645136010873,1899.7220069541659,1834.5777962760008,1652.8853449879484,1663.3782926761862,1642.293606037837
1262,Prov. Jawa Timur,Kota Kediri,L,S1,2109,14046.0,3195.9152507006984,2104.37692095609,2000.365190038235,1961.0441658772288,2121.667416531493,2144.2247722945913,1982.2663276415135
1263,Prov. Jawa Timur,Kota Kediri,L,S2,451,1075.0,244.59695959726974,322.21613548726543,326.95774137905624,317.43960769062033,342.3578161663334,308.1561661468906,355.73812971424354
1264,Prov. Jawa Timur,Kota Kediri,L,S3,6,59.0,13.424391270919921,10.468779907393762,11.738170692659704,15.86956973835507,10.318261602334477,7.237133298202018,6.253109991808341
1265,Prov. Jawa Timur,Kota Kediri,P,D3,405,1138.0,258.93147908994695,337.31053491794876,317.6011302652333,321.7657301669633,321.2572399108752,299.16197697653917,291.1190262549286
1266,Prov. Jawa Timur,Kota Kediri,P,D4,66,237.0,53.925097139119,49.24665733540993,50.66633326365999,55.68790497679841,53.422542194822825,37.98454191105821,41.69034725908121
1267,Prov. Jawa Timur,Kota Kediri,P,Profesi,4118,5221.0,1187.9448614486935,7590.015618205573,6096.457577297613,5863.097983462747,4915.344080851553,4089.0733585348694,4740.901769502886
1268,Prov. Jawa Timur,Kota Kediri,P,S1,3833,16472.0,3747.9080171964906,3072.0986393184376,2999.5363505900636,3053.2046014060666,3436.468362979881,2686.0087344750727,2861.644417568938
1269,Prov. Jawa Timur,Kota Kediri,P,S2,373,831.0,189.07913807007552,292.38856380999,298.84090418567524,295.4506991908998,293.3902146000268,244.33658286341503,252.90695798653394
1270,Prov. Jawa Timur,Kota Kediri,P,S3,3,53.0,12.059198938283997,10.040397191948191,10.992788503132887,14.681109015498372,9.591962160673756,6.852938296802021,5.494668074614004
1271,Prov. Jawa Timur,Kota Madiun,L,D3,412,1510.0,343.57340371337426,452.4616054758348,447.11279104241817,478.9618845806121,360.6115744804662,328.1639118806482,353.1351357692302
1272,Prov. Jawa Timur,Kota Madiun,L,D4,122,941.0,214.1076641684008,178.8011421144932,186.46769286074522,209.10527965849192,195.9764859019512,250.38688830251988,151.31593970396557
1273,Prov. Jawa Timur,Kota Madiun,L,Profesi,1104,1132.0,257.56628675731105,1549.3130054629955,1266.6642719231354,1241.9360429422825,1186.400170157349,1162.45356130192,1028.1932206889066
1274,Prov. Jawa Timur,Kota Madiun,L,S1,596,3875.0,881.6867148273677,566.601012372033,531.5214887913235,522.3302093908184,596.9187640321311,651.773591116608,622.1975099235226
1275,Prov. Jawa Timur,Kota Madiun,L,S2,90,238.0,54.15262919455833,90.74593812080492,98.85306292912963,104.22785737368005,62.49610079761916,60.647631901748,71.99175671002443
1276,Prov. Jawa Timur,Kota Madiun,P,D3,516,1633.0,371.5598465324107,517.582482285957,498.57039277300663,527.3397799226283,487.6237097755765,317.31128104824506,341.4720298049067
1277,Prov. Jawa Timur,Kota Madiun,P,D4,73,605.0,137.656893540789,127.60914495888532,131.6382803113936,147.7037022510471,150.19261531452517,102.85468870841706,96.03811437226169
1278,Prov. Jawa Timur,Kota Madiun,P,Profesi,3687,3782.0,860.5262336715109,5526.644010254775,4412.063920806982,4273.374680607624,3840.270821922418,3556.6743823869906,3836.2297863656536
1279,Prov. Jawa Timur,Kota Madiun,P,S1,1159,5229.0,1189.7651178922079,999.0240931250455,977.804976335471,1012.921251794642,1037.9980493351934,979.1850108762628,1017.319952891463
1280,Prov. Jawa Timur,Kota Madiun,P,S2,191,479.0,108.98785455543462,200.92231075402188,215.82552154225343,226.95988781961995,131.10006403171144,105.92738815382872,151.24085200655406
1281,Prov. Jawa Timur,Kota Malang,L,D2,6,16.0,3.6405128870291312,7.206915667580519,6.730893927151849,6.414194102429465,5.573685873673993,4.622997416219633,6.929978212513517
1282,Prov. Jawa Timur,Kota Malang,L,D3,1699,6280.0,1428.901308158934,1755.0138926964119,1700.729095171236,1764.4495815791463,1423.8179264883147,1564.760000683956,1686.8792992757378
1283,Prov. Jawa Timur,Kota Malang,L,D4,1598,9018.0,2051.884075951794,1690.2698437019073,1765.390174772088,1961.8300454227447,1477.0827299563887,1684.7967159988866,1521.3936344886588
1284,Prov. Jawa Timur,Kota Malang,L,Profesi,19473,14066.0,3200.465891809485,19989.364358895804,16564.756332039058,16215.456488347349,19039.213270535758,13699.78117176049,12981.445191460823
1285,Prov. Jawa Timur,Kota Malang,L,S1,19685,101552.0,23106.335293973894,16935.942596683664,16643.786218546684,16899.980832630252,16580.35565232254,16998.951101939045,17103.039527985537
1286,Prov. Jawa Timur,Kota Malang,L,S2,2425,7536.0,1714.681569790721,2451.0088591449116,2537.6005089423197,2508.322573635715,2316.9509932120377,2237.608781925782,2443.40703983742
1287,Prov. Jawa Timur,Kota Malang,L,S2 Terapan,23,57.0,12.96932716004128,19.7258816841691,19.19973039183629,17.831908596255555,15.240751910457647,13.297312187337882,16.3538500636941
1288,Prov. Jawa Timur,Kota Malang,L,S3,591,3495.0,795.2245337604259,554.5574024004366,595.5054014625031,770.4428625619672,454.485568696725,710.1904892060592,574.5922424463913
1289,Prov. Jawa Timur,Kota Malang,L,Sp-1,111,467.0,106.25746989016277,91.15399622060696,114.46929281364447,163.64762518712948,70.37229160729692,83.56319010426003,104.39676646293964
1290,Prov. Jawa Timur,Kota Malang,P,D3,3025,9349.0,2127.197186302209,3037.7617312014813,2948.0074953855556,3089.4973256596327,2685.4545468856722,2537.642414380222,3113.8370689763733
1291,Prov. Jawa Timur,Kota Malang,P,D4,1818,8433.0,1918.7778235197916,1802.5442844131962,1873.5705980387343,2090.4639663282946,1850.0784058940915,1832.8299494827552,1864.58649995172
1292,Prov. Jawa Timur,Kota Malang,P,Profesi,45652,32130.0,7310.604941265374,51644.511553454184,42585.71059747847,41948.536430351705,41743.96323949843,21863.622114946436,24396.870175464053
1293,Prov. Jawa Timur,Kota Malang,P,S1,26542,120553.0,27429.67187937643,24137.05091627475,24094.030355511724,25141.354788840352,24660.20518514873,22807.115242384196,22817.928072771734
1294,Prov. Jawa Timur,Kota Malang,P,S2,2820,7468.0,1699.209390020847,2866.402973788282,2994.4184761215306,3019.2452646528936,2778.4679672933844,2460.1990931471355,2659.529327479602
1295,Prov. Jawa Timur,Kota Malang,P,S2 Terapan,17,24.0,5.460769330543696,10.083936882917932,9.995746599650165,9.556090184501187,7.246920247743365,5.640644226540219,7.239314834218208
1296,Prov. Jawa Timur,Kota Malang,P,S3,450,2177.0,495.3372846914012,419.73501808180947,459.1543465232212,611.6332026163373,302.212316778541,387.6338298326048,384.3271040002862
1297,Prov. Jawa Timur,Kota Malang,P,Sp-1,110,436.0,99.20397617154383,92.03421709883342,113.32858671546798,160.70558510521377,80.27432784383058,108.78628347760203,97.21544519077437
1298,Prov. Jawa Timur,Kota Mojokerto,L,D3,15,54.0,12.286730993723317,11.956218964133361,10.00697990892996,9.696746679817032,11.228915767894803,9.319732396009043,9.540688061913121
1299,Prov. Jawa Timur,Kota Mojokerto,L,S1,274,1484.0,337.6575702719519,210.54932428402708,183.66436646843042,179.5499829669749,193.54682511945614,177.3252053575064,159.64023899557688
1300,Prov. Jawa Timur,Kota Mojokerto,L,S2,6,25.0,5.688301385983017,5.495454152988936,4.709085466569978,4.205290936486636,5.138610863476244,5.986409984673125,6.2892797689559305
1301,Prov. Jawa Timur,Kota Mojokerto,P,D3,14,71.0,16.15477593619177,13.777673428983535,10.555549451119584,9.485144827621404,12.684476967798878,12.568322032615386,11.585274974293963
1302,Prov. Jawa Timur,Kota Mojokerto,P,S1,324,1354.0,308.07840306484024,228.38818490298772,201.50465120211572,201.4126809007172,217.2437335623804,230.74462050490206,231.48813718597114
1303,Prov. Jawa Timur,Kota Mojokerto,P,S2,3,7.0,1.5927243880752449,2.429029530804416,2.3100035804809083,2.3096309228996494,2.0938669479635657,2.3719621018785877,2.8847920170180825
1304,Prov. Jawa Timur,Kota Pasuruan,L,S1,278,1759.0,400.2288855177651,246.19381409510538,220.8661920445845,211.1778354598884,269.63578430705167,224.69159340659638,221.6662347294817
1305,Prov. Jawa Timur,Kota Pasuruan,L,S2,2,11.0,2.502852609832528,2.7126522594125615,2.4879151428110085,2.25504121694425,2.958820563395539,3.2643413861053334,2.831877014542144
1306,Prov. Jawa Timur,Kota Pasuruan,P,S1,406,2059.0,468.4885021495613,356.43267508541436,328.10499644801945,325.711913965607,364.597855693218,333.8048939384558,341.3713675928549
1307,Prov. Jawa Timur,Kota Pasuruan,P,S2,5,28.0,6.370897552300979,8.35060727137005,7.789863808900428,7.25883867788193,8.760511185359029,7.097238463273619,7.461110619751233
1308,Prov. Jawa Timur,Kota Probolinggo,L,S1,51,308.0,70.07987307531077,58.98390246808111,54.08546367016798,57.65443708248004,73.09348650335316,32.624453992817166,37.45717289546594
1309,Prov. Jawa Timur,Kota Probolinggo,P,S1,54,204.0,46.41653930962142,42.97753243014012,38.85936357914589,41.31388575797034,49.842710339710024,31.356048863510985,33.045721858391644
1310,Prov. Jawa Timur,Kota Surabaya,L,D2,8,27.0,6.143365496861659,7.738890000524018,6.29978072110079,5.234085722098621,6.454787288936103,7.503124032823397,6.659859146466483
1311,Prov. Jawa Timur,Kota Surabaya,L,D3,1504,6029.0,1371.7907622436644,1779.4369152916654,1764.0676564709095,1856.8448724523516,1577.3559284659393,1515.0954341202396,1626.767234896588
1312,Prov. Jawa Timur,Kota Surabaya,L,D4,2405,14757.0,3357.6905421180554,2732.80176706184,2868.4355390874794,3189.7408264117694,2502.3121744149003,3144.9302674757064,2169.901967220236
1313,Prov. Jawa Timur,Kota Surabaya,L,Profesi,16693,15638.0,3558.1462829600973,14486.219369353628,10546.017462340747,9070.433509771558,14946.985012668669,13640.783106771378,13742.62521661068
1314,Prov. Jawa Timur,Kota Surabaya,L,S1,18337,117728.0,26786.893822760347,18614.701525477412,18287.4360305972,18621.07884783861,19012.573581447024,20210.768697972006,19451.117291114602
1315,Prov. Jawa Timur,Kota Surabaya,L,S2,4542,11969.0,2723.3311715532295,3998.8328047896075,4221.002996651738,4240.53456431872,3956.4247751531225,3906.42353113824,3939.847914351852
1316,Prov. Jawa Timur,Kota Surabaya,L,S2 Terapan,212,424.0,96.47359150627197,164.75390845430465,168.32382774944557,163.4801248482476,155.8580399615977,101.75338310864154,119.0653848336483
1317,Prov. Jawa Timur,Kota Surabaya,L,S3,555,3274.0,744.939949508336,540.449503387138,594.1561118884426,784.4460723687332,578.5001390861698,521.7298044350698,472.50619847798606
1318,Prov. Jawa Timur,Kota Surabaya,L,Sp-1,244,1028.0,233.90295299162167,194.99761656126248,245.16578962709374,349.9534560615724,233.04692160338567,207.89014619577554,195.75977597056914
1319,Prov. Jawa Timur,Kota Surabaya,L,Sp-2,28,92.0,20.932949100417506,27.840334176648472,31.697832451287184,29.35104567322971,22.715571462869452,29.31183490652529,36.14553020889956
1320,Prov. Jawa Timur,Kota Surabaya,P,D3,2229,7933.0,1805.011795800131,2635.3538158880597,2603.202876131696,2768.124159065388,2401.2138955256523,2216.8558293095884,2688.567520900895
1321,Prov. Jawa Timur,Kota Surabaya,P,D4,1862,11161.0,2539.485270758258,2376.4854908551592,2501.8145393759723,2827.5043334648403,2467.1760559604763,2575.0603934869146,2351.5171380689444
1322,Prov. Jawa Timur,Kota Surabaya,P,Profesi,40104,36594.0,8326.3080367465,38844.515611020455,28259.846124057796,24560.138053160907,34737.166726070296,21944.192910140682,25377.697526092543
1323,Prov. Jawa Timur,Kota Surabaya,P,S1,27313,146939.0,33433.33269419835,28385.823601062075,28502.598109731614,30020.517482404175,29325.925489287183,28175.068213889022,28425.300152259537
1324,Prov. Jawa Timur,Kota Surabaya,P,S2,4054,9853.0,2241.8733422436267,3829.2677785076557,4059.2461558699665,4140.661604786841,3533.994486141641,3311.1670968953144,3575.196820743131
1325,Prov. Jawa Timur,Kota Surabaya,P,S2 Terapan,12,31.0,7.053493718618942,13.675837787776265,13.920454388311084,13.620901036580452,22.43547115328924,10.09734719393828,9.507030483440342
1326,Prov. Jawa Timur,Kota Surabaya,P,S3,414,2288.0,520.5933428451658,454.24702971095024,507.017151968564,686.9661978549055,439.19267137307537,461.5753726975851,412.56153418425305
1327,Prov. Jawa Timur,Kota Surabaya,P,Sp-1,277,1111.0,252.7881135930853,233.15233469559936,289.58966062973064,413.01866935246676,251.240969515649,237.3920167531426,242.51292880590725
1328,Prov. Jawa Timur,Kota Surabaya,P,Sp-2,23,66.0,15.017115658995166,23.17300304668306,26.473635533255266,24.869097684269907,17.9653701493828,24.296366948150066,26.87014648788474
1329,Prov. Kalimantan Barat,Kab. Bengkayang,L,D3,14,167.0,38.016577125181854,29.732675626371346,23.41356227404288,21.001930987891033,53.700477984468264,18.960899766945722,22.17541746114938
1330,Prov. Kalimantan Barat,Kab. Bengkayang,L,S1,38,234.0,53.26873681013506,41.531694247746536,34.709702817455664,36.73592116511435,44.739021784985304,54.65569937798616,43.23226311227185
1331,Prov. Kalimantan Barat,Kab. Bengkayang,L,S2,2,10.0,2.2764417440228657,2.9996235987259063,2.681848355533157,2.691737488244837,3.72680498948453,2.9455668702478026,2.686003611802871
1332,Prov. Kalimantan Barat,Kab. Bengkayang,P,D3,39,231.0,52.585804286928195,61.78247932173617,50.938018592298235,51.125167072906116,78.65923695436692,60.90440470033874,54.88088298795052
1333,Prov. Kalimantan Barat,Kab. Bengkayang,P,S1,95,413.0,94.01704402814435,81.63355453199219,69.07373481943388,73.80665954701048,87.03127208408159,68.38843161070956,59.35061257026773
1334,Prov. Kalimantan Barat,Kab. Bengkayang,P,S2,1,2.0,0.45528834880457314,0.8351550823433019,0.7751242448132983,0.8480281267267474,1.1523966946737019,1.8798752920135458,1.5914895059336627
1335,Prov. Kalimantan Barat,Kab. Kapuas Hulu,L,S1,29,92.0,20.943264045010366,18.31332207007032,14.282492312874226,15.779979790075103,25.28099979377795,22.239725022158307,14.167970556042247
1336,Prov. Kalimantan Barat,Kab. Kapuas Hulu,P,S1,55,149.0,33.9189819859407,32.02386534560648,25.19859308896686,27.810022780797322,46.27452008501898,32.301747397905814,35.985332369483324
1337,Prov. Kalimantan Barat,Kab. Ketapang,L,D3,129,591.0,134.53770707175136,155.10481528312727,137.7527298000772,137.387511463864,166.2883823397486,125.36146388802842,149.95779166320563
1338,Prov. Kalimantan Barat,Kab. Ketapang,L,D4,36,181.0,41.20359556681387,36.08737027564059,35.10607212992546,39.58984866089714,36.69831884877032,28.650166855852913,23.630661799830754
1339,Prov. Kalimantan Barat,Kab. Ketapang,L,S1,18,188.0,42.79710478762988,26.604052300513683,23.33900505453706,22.198288523124404,29.5512158015104,25.404172818228794,22.483140157209107
1340,Prov. Kalimantan Barat,Kab. Ketapang,P,D3,148,570.0,129.75717940930335,164.91055653652737,148.55915556746908,149.33211182128937,171.2389058944193,143.27166535375815,163.55365763319182
1341,Prov. Kalimantan Barat,Kab. Ketapang,P,D4,68,277.0,63.05743630943338,59.50617994733115,58.4227374672264,65.78601999294145,57.98130953601648,36.53856128392653,31.48542342722134
1342,Prov. Kalimantan Barat,Kab. Ketapang,P,S1,23,281.0,63.96801300704253,44.05780210778494,39.109348024519,37.48821052982143,37.9236799181722,41.23037953395563,41.35521477109406
1343,Prov. Kalimantan Barat,Kab. Kuburaya,L,S1,171,1894.0,431.1580663179308,266.19150093419825,220.6387217471985,218.90747780232593,267.8821607684537,274.8378371316689,254.56505632137558
1344,Prov. Kalimantan Barat,Kab. Kuburaya,P,D3,48,179.0,40.748307218009295,58.41850242395766,50.141137052934006,54.73273436726547,64.27347374284498,54.007208743917566,51.24605741412819
1345,Prov. Kalimantan Barat,Kab. Kuburaya,P,S1,347,2645.0,602.118841294048,473.69420641574226,403.5678310498451,423.38779627103236,476.962181701068,465.0936099526366,472.8932343262117
1346,Prov. Kalimantan Barat,Kab. Kuburaya,P,S2,1,26.0,5.918748534459451,9.68986572226358,9.039873667323524,9.660314622900412,10.122224380177542,7.294523028936949,6.811995433283887
1347,Prov. Kalimantan Barat,Kab. Landak,L,D3,35,73.0,16.61802473136692,17.92897512690316,13.269064301889973,14.081414564760538,17.63583110115423,18.327013685214872,18.631472769385972
1348,Prov. Kalimantan Barat,Kab. Landak,L,S1,64,658.0,149.78986675670455,94.92958754051976,70.27090946949077,73.368439891539,97.87409194563168,66.57230034433005,65.88720818389754
1349,Prov. Kalimantan Barat,Kab. Landak,P,D3,230,582.0,132.48890950213078,170.8685580622711,129.0526978190192,141.671079474707,151.97881023321477,121.2363422949174,184.99457182519282
1350,Prov. Kalimantan Barat,Kab. Landak,P,S1,136,873.0,198.73336425319619,148.12549131552814,111.69448773333129,119.96253292621556,166.90509427103444,131.30211732639034,143.68496691092056
1351,Prov. Kalimantan Barat,Kab. Melawi,L,S1,56,356.0,81.04132608721402,59.707353884217866,45.679847925847284,47.5843896134502,67.6335531940648,76.78141163189427,72.94276149835841
1352,Prov. Kalimantan Barat,Kab. Melawi,P,S1,191,852.0,193.95283659074815,169.70558644663197,132.4024664081985,142.35491828474312,193.9487515514087,171.7543610373684,165.7560254436209
1353,Prov. Kalimantan Barat,Kab. Pontianak,L,S1,72,291.0,66.24445475106539,36.356377794624045,30.84837348610025,28.02785410877109,44.35109377101793,34.15384771252405,24.27312166160727
1354,Prov. Kalimantan Barat,Kab. Pontianak,P,S1,87,325.0,73.98435668074313,52.52014012100082,45.88140493301078,44.30669264968782,41.40810734326474,47.247121819379,42.88062042579383
1355,Prov. Kalimantan Barat,Kab. Sambas,L,D3,106,440.0,100.1634367370061,114.30031041874663,92.0476243503223,95.11762506464383,108.45690856795622,95.85693196882374,100.12994114738092
1356,Prov. Kalimantan Barat,Kab. Sambas,L,D4,151,707.0,160.9444313024166,114.56271722240882,98.56144331238706,107.43332269516307,140.77015233725322,106.46454563843103,86.28851027452598
1357,Prov. Kalimantan Barat,Kab. Sambas,L,S1,44,451.0,102.66752265543124,65.86814296287902,52.79533711277274,52.87256397065008,63.78401006760841,58.61579472156267,59.263175663676165
1358,Prov. Kalimantan Barat,Kab. Sambas,L,S2,16,100.0,22.764417440228655,29.31272358095388,25.62364520623787,25.815683317110853,34.89670754241154,29.66963891448456,33.397971295018245
1359,Prov. Kalimantan Barat,Kab. Sambas,P,D3,88,297.0,67.61031979747911,82.70795715305933,67.14741500064936,69.14027255979252,84.19229720958427,60.040589332344396,64.27594632588553
1360,Prov. Kalimantan Barat,Kab. Sambas,P,D4,203,1170.0,266.3436840506753,208.8273822839511,181.67228564130554,199.16906334577618,274.0734619908129,255.6718832631601,207.149716850839
1361,Prov. Kalimantan Barat,Kab. Sambas,P,S1,134,966.0,219.90427247260882,177.21481604416115,145.764671113436,153.59889839708183,209.11330134475347,161.18418197168663,153.7556758844246
1362,Prov. Kalimantan Barat,Kab. Sambas,P,S2,15,54.0,12.292785417723476,21.291240704570107,19.246424605577527,20.888501926252527,19.780850760627956,12.323742785354785,11.889116397642924
1363,Prov. Kalimantan Barat,Kab. Sintang,L,S1,297,2103.0,478.73569876800866,328.34008343029524,292.07372053160515,295.7316042943336,292.08645010580466,293.0711831266153,273.17600976888434
1364,Prov. Kalimantan Barat,Kab. Sintang,P,D3,76,309.0,70.34204989030655,87.07680407524839,77.96037836737167,79.63521487872202,87.4508507374443,68.2389043677091,69.80528455323768
1365,Prov. Kalimantan Barat,Kab. Sintang,P,S1,641,3132.0,712.9815542279615,600.4915100573592,546.7935048667284,578.0490773949542,587.0409888164922,570.6246851681515,563.7193502418036
1366,Prov. Kalimantan Barat,Kota Pontianak,L,D1,27,29.0,6.60168105766631,24.494434747984982,10.359525909064377,10.317818746448378,6.80842752010067,15.291669074496587,17.809255271672228
1367,Prov. Kalimantan Barat,Kota Pontianak,L,D2,5,12.0,2.731730092827439,4.575644990045707,3.9863022673946933,3.5933635797950223,2.542259396001973,5.1641379233925715,6.253203228872856
1368,Prov. Kalimantan Barat,Kota Pontianak,L,D3,960,3417.0,777.8601439326133,1021.1031660879485,1021.9781545670611,1082.6403509904185,906.9464073911847,747.8240258803831,693.2690195990397
1369,Prov. Kalimantan Barat,Kota Pontianak,L,D4,518,3094.0,704.3310756006747,556.5552231458472,589.1616345913337,647.9978971087279,472.1022608572101,594.1782452463334,519.0734785672973
1370,Prov. Kalimantan Barat,Kota Pontianak,L,Profesi,3707,3921.0,892.5928078313657,5420.949479068628,4990.9453846143215,5044.599013860694,5627.5363899878,4838.291271314715,4426.775700387608
1371,Prov. Kalimantan Barat,Kota Pontianak,L,S1,4528,30075.0,6846.398545148769,4630.945342785376,4659.3806557331345,4698.031300079903,4440.869169982867,4182.515461990608,3935.334520306859
1372,Prov. Kalimantan Barat,Kota Pontianak,L,S2,436,1159.0,263.83959813225016,377.32410963546033,405.4757466560564,412.0347356384372,300.35167887528644,285.61088677408327,280.4829767431751
1373,Prov. Kalimantan Barat,Kota Pontianak,L,S3,13,78.0,17.756245603378353,9.531663353675095,10.588245404436591,13.093739734509803,9.830570121574613,11.959176172667915,10.450609892688885
1374,Prov. Kalimantan Barat,Kota Pontianak,P,D3,1397,4550.0,1035.780993530404,1478.7781061399548,1496.8330719062512,1589.3985400628205,1251.7436061433998,1131.8094735082227,1290.9514511218222
1375,Prov. Kalimantan Barat,Kota Pontianak,P,D4,896,4260.0,969.7641829537408,861.8647684449874,924.78535242258,1030.406979800833,870.1673164328644,952.3942576223152,895.0072228429327
1376,Prov. Kalimantan Barat,Kota Pontianak,P,Profesi,7345,7953.0,1810.4541190213852,11364.009022562645,10504.525867568935,10447.676526050076,10728.076611304317,7270.040915912023,8286.013285616138
1377,Prov. Kalimantan Barat,Kota Pontianak,P,S1,7374,36731.0,8361.598169970388,6811.829111161507,7026.806111117256,7364.92653898455,7244.082263854129,6451.215981404568,6264.141300582048
1378,Prov. Kalimantan Barat,Kota Pontianak,P,S2,438,1027.0,233.7905671111483,386.3696770455233,422.10946613042654,438.58103268276744,317.4454823834554,283.4433402928136,335.50724799558566
1379,Prov. Kalimantan Barat,Kota Pontianak,P,S3,9,59.0,13.431006289734908,7.728882496510991,8.655421456772228,10.665455485217807,7.193046698000756,6.370669320749255,7.373946809549211
1380,Prov. Kalimantan Barat,Kota Singkawang,L,S1,86,658.0,149.78986675670455,106.30297847333117,89.0462936843126,91.87164504311538,104.83185031462895,105.06726821270288,81.5019779783665
1381,Prov. Kalimantan Barat,Kota Singkawang,P,D3,54,164.0,37.333644601974996,52.8188026159712,45.038921162649274,48.513548152039974,55.18877606861047,46.7535193940448,40.89136790743855
1382,Prov. Kalimantan Barat,Kota Singkawang,P,S1,254,1251.0,284.7828621772605,235.90043712396894,201.12152443711787,212.89953215935282,239.48719618083558,249.6618676085652,233.9274120892277
1383,Prov. Kalimantan Selatan,Kab. Banjar,L,D3,35,78.0,17.747500324267016,24.14869987395257,23.222027795495503,25.17579716384881,14.66892561537791,23.710887523864255,24.25275731874552
1384,Prov. Kalimantan Selatan,Kab. Banjar,L,Profesi,58,109.0,24.800994042885957,107.14951620770333,76.23719557231344,68.26133868932885,49.66817631224318,68.26934446994629,68.19626079315333
1385,Prov. Kalimantan Selatan,Kab. Banjar,L,S1,272,2784.0,633.4492423430688,367.2159778492993,322.0065255098852,309.04590614893465,333.34672609544225,308.2121663223478,349.16304228995347
1386,Prov. Kalimantan Selatan,Kab. Banjar,P,D3,111,257.0,58.47573824790542,87.11781245929161,82.47991659559852,89.04752032802946,60.06756334010517,60.64754681706427,77.58435572581159
1387,Prov. Kalimantan Selatan,Kab. Banjar,P,Profesi,143,221.0,50.28458425208988,268.3996168570334,195.59711714900362,181.28261836335832,135.90540013767796,181.1910524086912,180.4664603232205
1388,Prov. Kalimantan Selatan,Kab. Banjar,P,S1,376,3018.0,686.6917433158699,477.7921965875738,425.0844656220627,418.4061654675595,478.58966445792095,383.200661968227,383.479100206985
1389,Prov. Kalimantan Selatan,Kab. Barito Kuala,L,D3,55,255.0,58.02067413702678,69.34140395666229,58.017203925470234,60.56243869758017,53.19387706056467,55.75789479846384,48.63557797535563
1390,Prov. Kalimantan Selatan,Kab. Barito Kuala,P,D3,26,146.0,33.21968009414082,45.72302541039485,38.25794088537432,40.349942657930505,37.67751606026273,35.54218129879865,42.01613606487151
1391,Prov. Kalimantan Selatan,Kab. Hulu Sungai Selatan,L,S1,116,903.0,205.4614460617066,123.46621050066742,102.7512634678607,99.95025966522293,81.97495017678975,142.78063087262103,146.12669680373344
1392,Prov. Kalimantan Selatan,Kab. Hulu Sungai Selatan,P,S1,204,1389.0,316.04202500521643,236.1876154858388,201.7618366029229,203.582365376715,185.86964923521242,221.55523416042482,230.21546306563164
1393,Prov. Kalimantan Selatan,Kab. Hulu Sungai Utara,L,D3,9,57.0,12.96932716004128,11.534439010643084,9.147049811836967,8.60558452430278,12.817763820498715,11.453748280900069,12.063512953988045
1394,Prov. Kalimantan Selatan,Kab. Hulu Sungai Utara,L,S1,228,1099.0,250.05772892781346,173.93743676075175,154.21135086142962,157.46296961411187,148.53728594034965,180.42464961781093,170.52117824358942
1395,Prov. Kalimantan Selatan,Kab. Hulu Sungai Utara,P,D3,18,62.0,14.106987437237883,17.378511673925722,14.65415304857565,14.803066549647035,15.784047560141598,14.35354469524654,16.80813695258708
1396,Prov. Kalimantan Selatan,Kab. Hulu Sungai Utara,P,S1,398,1679.0,382.02632108261946,318.54366387576874,286.21672743520116,299.2015479964719,304.0369987515958,255.47532258096803,250.77709711948324
1397,Prov. Kalimantan Selatan,Kab. Kota Baru,L,D3,62,271.0,61.66118702405591,52.56661721711633,42.18914978047571,39.146927778232566,62.84770889143129,40.91262986449829,35.929949273138845
1398,Prov. Kalimantan Selatan,Kab. Kota Baru,L,S1,169,538.0,122.41224582635454,79.13213947533195,69.94180577854678,69.10056773150013,75.01916041588012,68.82113897788511,62.22105453052968
1399,Prov. Kalimantan Selatan,Kab. Kota Baru,P,D3,57,155.0,35.26746859309471,40.57230271540805,34.329806314031394,33.91783219992309,42.90110949903235,35.61169607968111,35.097815919489534
1400,Prov. Kalimantan Selatan,Kab. Kota Baru,P,S1,278,855.0,194.5399074006192,156.06019734973574,141.48536996150992,144.89719520001867,157.89240086549228,135.16730479126232,139.89386603425618
1401,Prov. Kalimantan Selatan,Kab. Tabalong,L,S1,62,361.0,82.13907201359477,55.00499240222127,48.3584847613623,48.019967027392674,46.0291955274878,56.363667052450104,55.66321214415769
1402,Prov. Kalimantan Selatan,Kab. Tabalong,P,S1,167,775.0,176.33734296547354,146.11496591447607,131.64039193557107,135.3752922670959,143.8088144505451,144.01004792899784,157.8543621479981
1403,Prov. Kalimantan Selatan,Kab. Tanah Bumbu,L,D3,39,297.0,67.57702046547824,85.85170539563873,76.05577899792638,80.55675337626496,80.5220931989573,58.40076356551568,63.60450515000314
1404,Prov. Kalimantan Selatan,Kab. Tanah Bumbu,L,Profesi,27,27.0,6.143365496861659,41.32926060606924,32.027561819711295,33.002619243404354,58.11721341736525,15.553750160854412,16.49554321539231
1405,Prov. Kalimantan Selatan,Kab. Tanah Bumbu,L,S1,36,54.0,12.286730993723317,8.546123199763212,7.4945474750178445,7.61501135600415,8.698482333195988,7.313174396265388,7.229426437233627
1406,Prov. Kalimantan Selatan,Kab. Tanah Bumbu,P,D3,44,139.0,31.626955706065576,45.97050356825443,40.6769692556553,43.513494046070186,40.42368486695569,28.548483275957647,39.28514779622804
1407,Prov. Kalimantan Selatan,Kab. Tanah Bumbu,P,Profesi,43,43.0,9.78387838389079,72.40871662660315,55.330455443483956,56.86394125437162,89.69733576811747,15.715532075255048,16.57686781147287
1408,Prov. Kalimantan Selatan,Kab. Tanah Bumbu,P,S1,66,133.0,30.261763373429652,25.3026816164865,22.524537186313154,23.48338665176568,25.990068187517945,10.271105395508679,9.406060491706713
1409,Prov. Kalimantan Selatan,Kab. Tanah Laut,L,D2,5,6.0,1.365192332635924,2.5633913416507284,2.1831178888129235,2.077651855600203,2.3507770175827916,1.9945765799229906,2.2642392416542068
1410,Prov. Kalimantan Selatan,Kab. Tanah Laut,L,D3,160,500.0,113.76602771966036,126.61619698736351,110.1683191731068,112.37495806430903,95.55273851396034,107.55046956324523,107.37513184745062
1411,Prov. Kalimantan Selatan,Kab. Tanah Laut,L,D4,31,339.0,77.13336679392972,61.00961015501661,58.24011598604318,64.68262084188765,61.002429861837534,43.30713791462399,29.96563742747333
1412,Prov. Kalimantan Selatan,Kab. Tanah Laut,P,D3,250,643.0,146.3031116474832,197.7127738968868,175.7117988848284,185.49875166396566,169.77672060040453,134.57533956309766,149.95030617612767
1413,Prov. Kalimantan Selatan,Kab. Tanah Laut,P,D4,29,270.0,61.43365496861659,54.59981304101265,51.650675798096685,57.38941160870598,63.9491489978245,45.780161980332075,45.62920806972858
1414,Prov. Kalimantan Selatan,Kab. Tapin,L,S1,3,31.0,7.053493718618942,5.899756525550557,5.528716042928988,5.933591118579217,7.373572991771533,9.61182234647872,6.862620776865942
1415,Prov. Kalimantan Selatan,Kab. Tapin,P,S1,8,89.0,20.250352934099542,18.38062121524131,16.90893320619894,18.020160330081946,15.348106604568486,17.67107555603514,17.73839478991546
1416,Prov. Kalimantan Selatan,Kota Banjarbaru,L,D3,107,342.0,77.81596296024767,89.92044588077873,83.79705917098018,85.69051643061603,78.57974821646626,73.9855124100662,84.5975184524653
1417,Prov. Kalimantan Selatan,Kota Banjarbaru,L,D4,161,329.0,74.8580462395365,61.08541001155767,62.30032024631114,69.17465140240525,68.8680209524448,42.25387195765877,30.41104656301992
1418,Prov. Kalimantan Selatan,Kota Banjarbaru,L,Profesi,31,33.0,7.508557829497583,42.45405463558618,33.72373045328806,32.71162538130053,39.64598765378131,27.939180214664862,25.917609854304633
1419,Prov. Kalimantan Selatan,Kota Banjarbaru,L,S1,185,952.0,216.61051677823332,144.29587410837533,135.47466210026363,135.29028161162014,133.58582272804313,160.77942600938573,139.87684476415785
1420,Prov. Kalimantan Selatan,Kota Banjarbaru,P,D3,469,1425.0,324.233179001032,439.77139596257723,412.7806003116529,429.8190870776932,412.2619269163382,322.8191050607529,347.7143681655178
1421,Prov. Kalimantan Selatan,Kota Banjarbaru,P,D4,738,1564.0,355.8601347070976,327.6333824939723,332.2328830514676,370.9059414758957,379.1124921125582,321.39157009137557,354.175546819848
1422,Prov. Kalimantan Selatan,Kota Banjarbaru,P,Profesi,121,123.0,27.986442819036448,185.87364566361117,148.75223316733747,146.95940278404214,160.5316472552205,129.29583438259814,130.2826853402382
1423,Prov. Kalimantan Selatan,Kota Banjarbaru,P,S1,333,1394.0,317.17968528241306,262.3976214493201,252.68829065000202,261.502387221114,251.43941565993504,247.3722463573366,217.9924538954317
1424,Prov. Kalimantan Selatan,Kota Banjarmasin,L,D2,15,24.0,5.460769330543696,9.954599773749688,9.142379443879886,8.639904344909827,6.731980223284185,7.242691347787884,10.0020819076924
1425,Prov. Kalimantan Selatan,Kota Banjarmasin,L,D3,769,2749.0,625.4856204026926,762.6172496411858,738.3897980123396,765.6734864137794,634.0359206524654,569.5897880039477,523.9894958129637
1426,Prov. Kalimantan Selatan,Kota Banjarmasin,L,D4,171,847.0,192.71965095710465,149.60059604463774,153.5567882484222,167.90286317704576,131.99732732396456,158.17088687704396,127.36243816219734
1427,Prov. Kalimantan Selatan,Kota Banjarmasin,L,Profesi,5316,3991.0,908.0804332583289,5973.5648732245645,5086.853779311614,5155.770639941923,7868.03845502257,4443.46657887591,4863.877614765231
1428,Prov. Kalimantan Selatan,Kota Banjarmasin,L,S1,4857,32279.0,7344.507217525833,5216.175995513276,5113.867233865411,5211.684756344179,4964.333597088069,5060.403269422957,4893.265554708222
1429,Prov. Kalimantan Selatan,Kota Banjarmasin,L,S2,935,3025.0,688.2844677039451,980.9074672079512,1024.9828912481507,1030.6453589322934,911.1146754385526,835.244219934781,933.5151558146022
1430,Prov. Kalimantan Selatan,Kota Banjarmasin,L,S3,52,376.0,85.55205284518459,65.04541553406051,72.58998392841053,98.31004236233314,53.97262249482365,69.7219578707613,58.498698419886956
1431,Prov. Kalimantan Selatan,Kota Banjarmasin,L,Sp-1,25,158.0,35.95006475941267,28.896753763631004,35.88771839712874,51.16399851832455,34.98006775263227,35.81663907558319,34.044427169515004
1432,Prov. Kalimantan Selatan,Kota Banjarmasin,P,D3,1018,3093.0,703.7566474738189,964.2908245576864,926.8629823589861,964.6709787573526,860.3483775525385,678.6019870098119,866.6340206261808
1433,Prov. Kalimantan Selatan,Kota Banjarmasin,P,D4,89,668.0,151.99141303346622,138.50728061277206,143.18216737898922,159.38365062514276,152.93598862267197,107.70541749796466,112.02842557134349
1434,Prov. Kalimantan Selatan,Kota Banjarmasin,P,Profesi,12442,9766.0,2222.078053420406,16221.804704513008,13660.507140954962,13847.690095527898,17282.00317688169,7436.255820513599,10144.45032812192
1435,Prov. Kalimantan Selatan,Kota Banjarmasin,P,S1,8089,41472.0,9436.209403179508,8049.735891843764,8012.991600035036,8384.86202843662,8284.869735511116,7509.553928580403,7846.874740581542
1436,Prov. Kalimantan Selatan,Kota Banjarmasin,P,S2,885,2701.0,614.5640817416053,1027.883149691608,1081.7666472959477,1107.5629020383624,911.812892100858,807.3439147217338,893.5196986240528
1437,Prov. Kalimantan Selatan,Kota Banjarmasin,P,S3,15,193.0,43.9136866997889,38.1099675924218,42.4473796346106,58.01646076140932,34.84863060798477,29.756399386643423,25.452214892907275
1438,Prov. Kalimantan Selatan,Kota Banjarmasin,P,Sp-1,18,102.0,23.20826965481071,20.334096773651442,24.826807729483388,35.19720772437072,21.811451610694494,36.9038740176506,39.78963423935582
1439,Prov. Kalimantan Tengah,Kab. Barito Selatan,L,S1,22,128.0,29.13845432349268,20.9103768796253,16.776549154908928,17.25728596434422,21.48509411812561,33.959964790733906,24.697355910712744
1440,Prov. Kalimantan Tengah,Kab. Barito Selatan,P,S1,40,266.0,60.55335039100823,51.760462030486764,42.362947748170455,45.02299550981989,57.871077832514125,54.64753558629206,48.24243705115325
1441,Prov. Kalimantan Tengah,Kab. Barito Utara,L,D3,14,69.0,15.707448033757773,18.075755265469255,13.142214655479219,14.204795362197503,16.674416576558567,17.828392132532443,17.67537613832872
1442,Prov. Kalimantan Tengah,Kab. Barito Utara,L,S1,19,175.0,39.83773052040015,26.35593095823084,19.120159288940773,20.18241659487581,25.669553704136572,28.89683725593867,19.402669351004498
1443,Prov. Kalimantan Tengah,Kab. Barito Utara,P,D3,24,93.0,21.170908219412652,29.941757349528867,22.28533467340762,25.15535877510903,23.318084441097003,23.967091190043316,25.8347243912997
1444,Prov. Kalimantan Tengah,Kab. Barito Utara,P,S1,54,319.0,72.61849163432942,56.02462606786514,41.3624471349905,44.78160099716246,52.42698477286625,45.69581058376331,43.100580995860085
1445,Prov. Kalimantan Tengah,Kab. Kapuas,L,S1,75,414.0,94.24468820254664,55.99810805057356,38.74884956269169,39.20670377525458,62.43254191549797,44.77189286984662,47.261731014923924
1446,Prov. Kalimantan Tengah,Kab. Kapuas,P,S1,144,740.0,168.45668905769207,113.00208404586853,79.28832948908267,81.37475340207197,117.92016618996539,93.09106634194852,100.8113610292427
1447,Prov. Kalimantan Tengah,Kab. Kotawaringin Barat,L,D3,1,7.0,1.593509220816006,1.8501301091976685,1.3628232155837923,1.467099251476866,1.67484374364694,2.8231793136223633,2.6533751172491047
1448,Prov. Kalimantan Tengah,Kab. Kotawaringin Barat,L,S1,149,886.0,201.6927385204259,109.69305620594115,78.7927708615866,77.20756499058093,112.79379826616615,128.3652007510673,130.925151500234
1449,Prov. Kalimantan Tengah,Kab. Kotawaringin Barat,P,D3,3,88.0,20.032687347401218,24.600113418137973,18.24046451231424,19.476043090929103,25.632177161558896,17.952824683299298,21.176727669190296
1450,Prov. Kalimantan Tengah,Kab. Kotawaringin Barat,P,S1,260,1076.0,244.94513165686035,179.16026036197846,133.07784518229764,140.46584260251035,194.00692784031037,137.07327634809798,163.04027983145792
1451,Prov. Kalimantan Tengah,Kab. Kotawaringin Timur,L,D3,15,239.0,54.40695768214649,52.20951835288656,42.63523744752586,41.78171222646192,51.68307639074829,43.417034828347475,31.918626747329792
1452,Prov. Kalimantan Tengah,Kab. Kotawaringin Timur,L,S1,141,1017.0,231.51412536712544,118.81772666232331,98.65096562597971,93.60277745107736,120.96121719363084,115.96746889800944,112.66761431593294
1453,Prov. Kalimantan Tengah,Kab. Kotawaringin Timur,P,D3,101,441.0,100.39108091140838,135.79888006354258,115.28192276135488,123.67636091981882,140.91361343703983,117.2815945522999,137.4370757180085
1454,Prov. Kalimantan Tengah,Kab. Kotawaringin Timur,P,S1,240,1219.0,277.4982485963873,196.2046641902596,167.20486768283982,171.26336045381754,197.2929800835177,225.73910611254172,220.95931062174887
1455,Prov. Kalimantan Tengah,Kab. Seruyan,L,D3,7,25.0,5.691104360057164,4.308597285625149,2.885538274480279,2.686377471437589,6.774969087514189,5.517106881678713,5.167171650844636
1456,Prov. Kalimantan Tengah,Kab. Seruyan,L,D4,9,137.0,31.18725189311326,16.052383547060153,11.596333897452576,11.729840630319268,20.73372359713682,14.10762084293734,11.848249486137945
1457,Prov. Kalimantan Tengah,Kab. Seruyan,P,D3,1,22.0,5.0081718368503045,3.167825607923325,2.079861199445596,1.7710654381780673,1.9428043490822107,4.824212079187905,4.235485846176079
1458,Prov. Kalimantan Tengah,Kab. Seruyan,P,D4,13,108.0,24.58557083544695,16.842267086631832,12.566988322442668,13.643915289686918,17.07631467486771,15.027127572748608,13.01485637096394
1459,Prov. Kalimantan Tengah,Kota Palangka Raya,L,D3,71,399.0,90.83002558651233,117.76509242107694,108.4805661372895,112.9378073934393,103.19468753470201,99.19492733217187,93.07157448510416
1460,Prov. Kalimantan Tengah,Kota Palangka Raya,L,D4,16,142.0,32.325472765124694,26.921211779062844,26.580056423183517,29.485041887491946,20.256192763580525,25.237472463209258,22.28712351909628
1461,Prov. Kalimantan Tengah,Kota Palangka Raya,L,Profesi,1159,1184.0,269.5307024923073,1838.219716198871,1591.287206474554,1658.890312450387,943.6580841334406,1204.355216653791,1330.4871125633076
1462,Prov. Kalimantan Tengah,Kota Palangka Raya,L,S1,2402,17778.0,4047.0581325238504,2768.1544776643605,2583.5487450833284,2588.945852197994,2439.3424338085347,2354.9965709591866,2240.2302617376754
1463,Prov. Kalimantan Tengah,Kota Palangka Raya,L,S2,441,1080.0,245.8557083544695,368.01798683852644,368.92511426901103,377.42888615654346,324.5659147983913,256.7105623431854,309.0238258599071
1464,Prov. Kalimantan Tengah,Kota Palangka Raya,L,S3,10,68.0,15.479803859355487,9.881571095840261,10.387557744636007,13.512171804903403,9.407955117204265,10.064511626212763,8.077679408594951
1465,Prov. Kalimantan Tengah,Kota Palangka Raya,P,D3,284,1687.0,384.03572221665746,564.9640928097818,528.0049282063436,558.5388739781321,479.45846386470686,472.5038766405319,510.9742843126619
1466,Prov. Kalimantan Tengah,Kota Palangka Raya,P,D4,113,1027.0,233.7905671111483,213.27108707899131,212.7939239074227,236.9594525021741,161.17477149289508,223.07295289248106,244.8987575612869
1467,Prov. Kalimantan Tengah,Kota Palangka Raya,P,Profesi,3769,3926.0,893.7310287033771,6734.627864881863,5897.289353426407,6189.893008361569,3845.601895235412,4429.509626022607,5573.198201581158
1468,Prov. Kalimantan Tengah,Kota Palangka Raya,P,S1,3566,21755.0,4952.399014121745,4030.4435726541697,3843.0088740709057,3981.18808547678,4094.2102634474504,3362.101555705932,3544.677555610422
1469,Prov. Kalimantan Tengah,Kota Palangka Raya,P,S2,553,1105.0,251.54681271452665,423.12763236155064,429.88443661480943,445.3836126974037,349.67073082732566,301.843186869828,369.4914198571732
1470,Prov. Kalimantan Tengah,Kota Palangka Raya,P,S3,5,41.0,9.333411150493749,5.5853810478994275,5.83080065095315,7.217419174879709,5.9076795366249275,5.311592223440284,4.983837663983189
1471,Prov. Kalimantan Timur,Kab. Berau,L,D3,30,162.0,36.86019298116995,49.80778120383595,47.13406899971147,50.898688005134744,34.50760451822697,41.77404139904589,34.73226224793694
1472,Prov. Kalimantan Timur,Kab. Berau,L,D4,8,66.0,15.017115658995166,12.401023145602895,12.249785269281896,13.713581025614367,10.600532065323527,9.887304020360903,9.150529252882222
1473,Prov. Kalimantan Timur,Kab. Berau,L,S1,157,1054.0,239.818786433044,147.6781016333858,130.27521613813852,127.25404925932116,127.94066152448498,124.54617574793785,130.33111342813024
1474,Prov. Kalimantan Timur,Kab. Berau,L,S2,45,76.0,17.292436213388374,28.015539799909916,28.87234787326357,30.523053063680873,20.342971524928203,20.951623482702143,21.60925761964881
1475,Prov. Kalimantan Timur,Kab. Berau,P,D3,23,80.0,18.202564435145657,26.446185559471715,24.493734925106043,26.187421255041006,23.050017657150953,24.214020785794215,27.412253848455936
1476,Prov. Kalimantan Timur,Kab. Berau,P,D4,9,92.0,20.932949100417506,19.11569530908818,18.651253986097952,20.859425462306433,17.947460644359982,14.029759573979165,11.694624602348096
1477,Prov. Kalimantan Timur,Kab. Berau,P,S1,250,1360.0,309.44359539747614,240.32525648811162,218.6158204463204,222.50819085650892,218.20533402612534,238.59854750609873,228.5081530962904
1478,Prov. Kalimantan Timur,Kab. Berau,P,S2,31,43.0,9.78387838389079,17.7185259763328,18.100527958447017,19.182676627507746,8.333913765571193,7.7919746428084355,6.273819541184136
1479,Prov. Kalimantan Timur,Kab. Kutai Barat,L,D3,13,35.0,7.963621940376225,7.087392198539367,5.375927108014041,5.091162947200128,8.277934526210293,7.937257088243472,8.535532569125042
1480,Prov. Kalimantan Timur,Kab. Kutai Barat,P,D3,8,28.0,6.370897552300979,5.152990517177769,3.620617001580291,3.2168775964855847,7.770296410979903,5.8452947984221275,7.431325341273279
1481,Prov. Kalimantan Timur,Kab. Kutai Kartanegara,L,S1,232,1794.0,408.19250745814134,291.7741918719756,249.16594439833966,243.90904891079614,274.9189873289629,294.29038578651733,292.5438530781032
1482,Prov. Kalimantan Timur,Kab. Kutai Kartanegara,L,S2,21,66.0,15.017115658995166,21.665008329687392,19.817813051701872,19.287185367511405,21.491931101255147,17.5639217933667,14.733328836529383
1483,Prov. Kalimantan Timur,Kab. Kutai Kartanegara,P,S1,343,1993.0,453.47138649056615,375.59151331662775,321.69764937881496,319.3432602948664,371.6203062133788,380.19398241752856,377.677955914784
1484,Prov. Kalimantan Timur,Kab. Kutai Kartanegara,P,S2,12,40.0,9.101282217572829,14.917604422530903,13.598291241587411,13.336048492473711,13.937575255275258,9.998541515106261,8.979972828712286
1485,Prov. Kalimantan Timur,Kab. Kutai Timur,L,S1,114,1221.0,277.81663969141056,123.82742044893611,97.63172950685679,85.16919537400292,141.85504296588138,118.27120121840426,103.65985911175359
1486,Prov. Kalimantan Timur,Kab. Kutai Timur,P,S1,259,1692.0,384.98423780333064,247.63570325720633,210.41737382822487,199.69559800971635,237.98320772035507,233.7351402948023,240.08091142334516
1487,Prov. Kalimantan Timur,Kab. Pasir,L,S1,54,215.0,48.91939191945395,28.560200913882333,22.75221991222152,21.902112746439226,27.855086449297787,31.07170918652016,25.096161062908614
1488,Prov. Kalimantan Timur,Kab. Pasir,P,S1,96,359.0,81.68400790271613,61.829065378117114,51.25267379537865,51.864810585362044,60.827909039349834,40.656528736643665,44.36499503345181
1489,Prov. Kalimantan Timur,Kota Balikpapan,L,D3,239,1185.0,269.62548569559505,291.95984086870266,272.94733062468055,278.94142437069735,323.5714342978093,283.01459873326445,289.59320335704336
1490,Prov. Kalimantan Timur,Kota Balikpapan,L,D4,175,1115.0,253.6982418148426,170.8559137627809,167.70884732985505,178.71502022689444,226.33517795224262,233.54988829348449,157.63041475996013
1491,Prov. Kalimantan Timur,Kota Balikpapan,L,S1,1381,9415.0,2142.2143019612045,1381.0568546252732,1316.7240019267765,1331.8184886279234,1573.9196634140478,1427.0942106825923,1310.113726272751
1492,Prov. Kalimantan Timur,Kota Balikpapan,L,S2,29,48.0,10.921538661087393,12.20676555991082,11.833389705693072,11.284659362525552,11.897330102961606,11.973376757227399,13.577400432281566
1493,Prov. Kalimantan Timur,Kota Balikpapan,P,D3,206,618.0,140.6148102615002,174.34009697149924,162.89136426192633,168.27717638083686,174.85593370125844,145.95442215910083,169.17790146832786
1494,Prov. Kalimantan Timur,Kota Balikpapan,P,D4,177,1070.0,243.45929932007314,207.66724160385593,210.4894409766905,234.03106730844127,306.78520331466757,256.3406109987132,212.78455448803496
1495,Prov. Kalimantan Timur,Kota Balikpapan,P,S1,1460,8138.0,1851.655867165192,1438.1558825544773,1392.4849682177262,1445.4170833029345,1625.058736897335,1435.1016025223578,1426.6931940967045
1496,Prov. Kalimantan Timur,Kota Balikpapan,P,S2,21,19.0,4.3231090533470935,6.837990989040476,7.098231984959669,7.318199826477129,7.524153211328956,4.0109217585221195,4.706308792566744
1497,Prov. Kalimantan Timur,Kota Bontang,L,S1,60,630.0,143.34519492677205,93.17484288914017,81.52627160330135,79.89839030735862,95.46143740925046,69.92096716732091,64.1423328445083
1498,Prov. Kalimantan Timur,Kota Bontang,P,S1,46,427.0,97.15618767258994,73.99963321150327,65.1792671197321,65.00946947171205,75.03495842643095,59.08153467935519,57.555136076119055
1499,Prov. Kalimantan Timur,Kota Samarinda,L,D3,752,2655.0,604.0976071913965,757.6590488216657,730.906962646088,765.9646143503298,730.4797466410222,639.2365731702548,529.1101901437646
1500,Prov. Kalimantan Timur,Kota Samarinda,L,D4,586,3070.0,698.5234101987146,535.098960478659,539.3369231281224,587.0637984550192,471.68474807912776,586.2010349580977,519.1927775818227
1501,Prov. Kalimantan Timur,Kota Samarinda,L,Profesi,1584,2639.0,600.4570943043674,4075.9852428817258,3464.238462677075,3556.686315715468,2018.3241900244557,4380.047931010534,4556.598827001917
1502,Prov. Kalimantan Timur,Kota Samarinda,L,S1,3997,26770.0,6091.033124110615,4401.990195746944,4280.590893175439,4385.771271038908,4072.1783033431284,4774.184164822727,4394.698063232154
1503,Prov. Kalimantan Timur,Kota Samarinda,L,S2,357,1300.0,295.7916720711169,462.01412259329607,491.461716876983,510.3801241067344,410.6085353665363,349.1723939725693,321.5711705356144
1504,Prov. Kalimantan Timur,Kota Samarinda,L,S2 Terapan,21,42.0,9.55634632845147,13.303679945007804,12.55449668707294,11.574623980025747,11.102543596379105,10.730115203540286,13.170422437313265
1505,Prov. Kalimantan Timur,Kota Samarinda,L,S3,22,160.0,36.405128870291314,28.11230976245352,31.151594646469583,42.5232373246936,25.143396716668946,21.527130092430117,23.63445776225525
1506,Prov. Kalimantan Timur,Kota Samarinda,L,Sp-1,6,11.0,2.502852609832528,2.083644774337257,2.5859713353006963,3.7392644525044108,2.5768077352362293,3.240336477778837,2.1433759708459537
1507,Prov. Kalimantan Timur,Kota Samarinda,P,D3,873,2933.0,667.3515186035277,933.7200355189824,892.2734646195432,936.775245912003,937.8404966042162,753.189037306105,815.0336899612857
1508,Prov. Kalimantan Timur,Kota Samarinda,P,D4,908,3316.0,754.4962958367875,682.5258940991333,693.8909013690101,769.8008428999725,701.2623099143508,839.1310700338363,977.6816431291724
1509,Prov. Kalimantan Timur,Kota Samarinda,P,Profesi,4278,6757.0,1537.43409860349,11442.175436129266,9578.791427778215,9797.762802883379,4957.626274678383,7545.992246975318,6797.72158986626
1510,Prov. Kalimantan Timur,Kota Samarinda,P,S1,7009,38053.0,8658.277305632471,7523.514825818964,7435.128609975103,7832.826096720652,7528.182433388461,7448.5214365040365,7130.58282139803
1511,Prov. Kalimantan Timur,Kota Samarinda,P,S2,449,1322.0,300.797377290782,531.0299729833688,561.9605877514734,587.1102109631884,486.40575774944233,370.7831083923628,408.129664333975
1512,Prov. Kalimantan Timur,Kota Samarinda,P,S2 Terapan,13,23.0,5.2332372751043765,7.944269331040237,7.3711732057570325,6.758769253974369,6.565824486828988,6.348370937738459,7.6443517780008605
1513,Prov. Kalimantan Timur,Kota Samarinda,P,S3,19,85.0,19.34022471234226,16.614046744019056,18.220251453495244,24.894422314792692,14.80029293790149,12.52082151080386,11.675543884909118
1514,Prov. Kalimantan Utara,Kab. Bulungan,L,S1,44,496.0,115.74140087832144,59.31648230540396,44.68942983063169,41.24007349068773,55.92175375973017,34.923110303623524,35.4707062320071
1515,Prov. Kalimantan Utara,Kab. Bulungan,P,S1,40,468.0,109.20761211906135,68.31726594479271,52.64464077693123,50.59995478522828,61.170705451619376,45.834438058650164,56.918033665013915
1516,Prov. Kalimantan Utara,Kab. Nunukan,L,D3,60,177.0,41.30287894246551,53.95242322124935,42.826375855160485,48.28552537559286,36.385961511612855,25.56800180834388,40.570642721193735
1517,Prov. Kalimantan Utara,Kab. Nunukan,L,S1,16,101.0,23.56830945304529,11.465464699763622,8.210988775710929,7.676208380689567,11.53161520790849,15.02796220296165,16.263501349640105
1518,Prov. Kalimantan Utara,Kab. Nunukan,P,D3,61,186.0,43.403025329370536,63.26514341774888,50.28542966646358,57.081326778352185,67.17802031244041,33.03046474400173,32.84918625020753
1519,Prov. Kalimantan Utara,Kab. Nunukan,P,S1,59,221.0,51.57026127844564,31.67538999897418,23.387764537241452,23.06570380432765,26.25186655140837,28.86065077204354,20.482346106814617
1520,Prov. Kalimantan Utara,Kota Tarakan,L,D3,30,113.0,26.368504635585328,23.719371160003657,20.72323416137372,19.36486847758333,26.783473868743236,21.4196411759831,20.377686654377122
1521,Prov. Kalimantan Utara,Kota Tarakan,L,D4,6,40.0,9.333983941800115,5.649592218449419,5.1103727417570415,5.166402050541388,6.5203036612395815,8.366250026994862,6.755961915750606
1522,Prov. Kalimantan Utara,Kota Tarakan,L,Profesi,507,516.0,120.4083928492215,762.3382853690476,637.7654164041462,662.7299906310152,871.1410505651598,636.7321909065683,567.584635124848
1523,Prov. Kalimantan Utara,Kota Tarakan,L,S1,416,4034.0,941.3322805305417,654.6227486359728,611.4322529430245,626.4509594512367,648.6372475707764,639.0839026426379,612.812681197472
1524,Prov. Kalimantan Utara,Kota Tarakan,L,S2,64,245.0,57.17065164352571,88.41812398375086,88.80563424226952,93.80770030009757,76.17158348402255,78.40438506451129,67.64066835076133
1525,Prov. Kalimantan Utara,Kota Tarakan,P,D3,170,772.0,180.14589007674223,194.631088855287,173.2609279579724,167.60418002169538,201.4041765102807,136.82110878247315,144.3593177463558
1526,Prov. Kalimantan Utara,Kota Tarakan,P,D4,15,103.0,24.0350086501353,17.86654148350998,16.553815886706595,17.471045319014184,21.814793636264977,13.89649080595744,10.301247034810345
1527,Prov. Kalimantan Utara,Kota Tarakan,P,Profesi,1679,1769.0,412.7954398261101,2935.6773167633482,2463.072477589689,2583.3518720016673,3294.50587716328,1846.0164295853397,1791.8584683574027
1528,Prov. Kalimantan Utara,Kota Tarakan,P,S1,901,6518.0,1520.9726833163288,1277.546888678479,1218.6891673083387,1293.8779767959634,1253.437812237466,1160.9555606262013,1213.4674180614488
1529,Prov. Kalimantan Utara,Kota Tarakan,P,S2,36,147.0,34.30239098611543,58.51065493951791,58.682989431455155,62.13541704348012,51.88015312710694,45.582676473972846,44.02524319425304
1530,Prov. Kepulauan Riau,Kab. Bintan,L,D3,14,49.0,11.434130328705141,15.47551637867625,12.990836186729085,14.316366104385134,22.02808568564078,11.014572727621326,13.246421962706455
1531,Prov. Kepulauan Riau,Kab. Bintan,L,D4,9,48.0,11.200780730160139,9.409542725697719,8.02328601134586,9.278430203922486,12.26554637971842,8.11142830769448,8.6863230821216
1532,Prov. Kepulauan Riau,Kab. Bintan,L,S1,82,791.0,184.5795324490973,127.58233647439653,104.11513056375048,107.20065788455344,123.6514423525046,135.58930595426966,122.96378806955138
1533,Prov. Kepulauan Riau,Kab. Bintan,P,D3,8,48.0,11.200780730160139,16.19643752150938,13.474823012489429,14.70705633264478,14.406748156662973,11.976686003626936,14.304750478114574
1534,Prov. Kepulauan Riau,Kab. Bintan,P,D4,5,36.0,8.400585547620103,7.722750742463599,6.563413621649852,7.585698954171558,11.372036041548924,9.386450541214883,7.138128980871798
1535,Prov. Kepulauan Riau,Kab. Bintan,P,S1,185,1110.0,259.0180543849532,204.47105580237806,168.00271063880112,175.69410729971392,221.10622027914482,228.71553689630915,219.46438556166623
1536,Prov. Kepulauan Riau,Kab. Karimun,L,S1,110,464.0,108.27421372488135,68.45675226967322,60.79763639267102,58.09937312109133,65.13906630465814,53.13732785419285,49.17624135427433
1537,Prov. Kepulauan Riau,Kab. Karimun,P,S1,170,577.0,134.64271836046666,102.81245936425755,93.1931668593952,92.34718571948154,100.06270033578153,103.73918549677214,84.78783910930008
1538,Prov. Kepulauan Riau,Kab. Natuna,L,S1,48,568.0,132.54257197356165,67.09901352779742,45.60452568962846,42.4813583712752,57.757591307204684,38.496596994708035,43.18864296844963
1539,Prov. Kepulauan Riau,Kab. Natuna,P,S1,82,700.0,163.34471898150204,105.6974419687394,74.2816950397563,73.33603537497171,90.19354533905668,72.53069121866399,76.42339920068841
1540,Prov. Kepulauan Riau,Kota Batam,L,D2,6,13.0,3.0335447810850376,4.781388919353867,4.070256784476091,3.8295536050937202,3.5810657790356144,4.543928925779354,6.23716573656074
1541,Prov. Kepulauan Riau,Kota Batam,L,D3,357,2263.0,528.0701415073415,590.4799836008522,598.2689422730598,642.1446889449031,682.0252053454495,458.5106678152912,528.6865982194921
1542,Prov. Kepulauan Riau,Kota Batam,L,D4,482,5058.0,1180.2822694406245,851.7279940035263,881.4717597591919,1011.5368385822434,971.9131427642859,783.216505288161,744.7834582049798
1543,Prov. Kepulauan Riau,Kota Batam,L,Profesi,408,319.0,74.43852193585592,380.1384977067974,335.0087438816698,337.2754374648281,241.4816751192082,271.7209868519988,270.56735494541323
1544,Prov. Kepulauan Riau,Kota Batam,L,S1,1567,13775.0,3214.390719957415,1931.7511636903469,1927.2876651262502,1968.775598116865,2219.6835316992133,2401.44272611841,2135.1900961779074
1545,Prov. Kepulauan Riau,Kota Batam,L,S2,341,827.0,192.98011799671738,227.06571124044527,236.94614225198188,237.1946363327186,261.1743552726974,189.52809007410707,220.06920303703478
1546,Prov. Kepulauan Riau,Kota Batam,L,S2 Terapan,1,33.0,7.700536751985095,9.324949035695143,8.734667171331637,7.035983573415845,9.055173068609228,6.852637255046609,7.6843950241125185
1547,Prov. Kepulauan Riau,Kota Batam,L,S3,16,45.0,10.500731934525131,4.5782903606500405,4.765524238290462,5.840882506679857,6.702160165179215,6.580386117933056,6.222628588381521
1548,Prov. Kepulauan Riau,Kota Batam,P,D2,4,12.0,2.8001951825400346,5.7654142058506785,5.101008453861325,5.12856981484502,3.5335547644261025,5.142715259602583,7.2185721301586945
1549,Prov. Kepulauan Riau,Kota Batam,P,D3,307,1549.0,361.45852814620946,461.51250856349753,466.8765471677982,513.5561706994247,548.7549466105154,362.6236869439771,414.9621256506611
1550,Prov. Kepulauan Riau,Kota Batam,P,D4,661,4198.0,979.6016146919221,789.5796685438586,809.9444378266887,946.7697453490212,917.1260699373562,879.294931189278,893.8793863960165
1551,Prov. Kepulauan Riau,Kota Batam,P,Profesi,1313,1002.0,233.8162977420929,1379.177412487836,1227.031785111053,1260.0754468586504,778.8164387787742,1250.1963063352198,1338.100268017561
1552,Prov. Kepulauan Riau,Kota Batam,P,S1,2187,15450.0,3605.251297520295,2580.209134686248,2623.642913035687,2758.6723497778444,3242.096304750508,2921.7822825178628,3053.168995763053
1553,Prov. Kepulauan Riau,Kota Batam,P,S2,253,559.0,130.4424255866566,185.4754990677534,197.491021189651,205.13265732134158,209.0470466395614,185.3744933039016,174.44068940214905
1554,Prov. Kepulauan Riau,Kota Batam,P,S3,9,28.0,6.533788759260081,3.446884194610426,3.662069843700834,4.659445566057607,4.199472333188185,4.540579591156711,4.41867636587585
1555,Prov. Kepulauan Riau,Kota Tanjungpinang,L,D3,53,180.0,42.002927738100524,52.65381553666208,48.282168915897074,50.338940483052454,46.547916816275794,54.71890607321523,59.537040403880255
1556,Prov. Kepulauan Riau,Kota Tanjungpinang,L,Profesi,228,133.0,31.035496606485385,207.85576465827785,170.98871317925423,178.62561085322238,140.4969325812076,179.36482790657954,242.9208348503512
1557,Prov. Kepulauan Riau,Kota Tanjungpinang,L,S1,758,5294.0,1235.3527746972454,837.8189919815295,755.0279652285659,753.9389069628578,750.6395310906346,753.1235337902283,741.1632248233761
1558,Prov. Kepulauan Riau,Kota Tanjungpinang,L,S2,9,63.0,14.701024708335183,18.561465668647873,17.242364330947023,16.60195795206683,19.087202900068004,17.326505071573468,15.937743389989045
1559,Prov. Kepulauan Riau,Kota Tanjungpinang,P,D3,391,1101.0,256.9179079980482,364.6713140164422,335.99729595080845,354.64783133633136,274.6349723232448,268.4509822282268,289.8778902492739
1560,Prov. Kepulauan Riau,Kota Tanjungpinang,P,Profesi,1146,640.0,149.34374306880184,1109.2771495285338,912.4156554559335,957.4323088200881,716.168856906047,834.2478349595112,711.2112458411677
1561,Prov. Kepulauan Riau,Kota Tanjungpinang,P,S1,1343,8177.0,1908.0996673024886,1547.2492960466755,1419.3577653907817,1464.5104610864391,1459.640732109883,1382.7189365718955,1341.3729256810586
1562,Prov. Kepulauan Riau,Kota Tanjungpinang,P,S2,3,38.0,8.86728474471011,14.714442037387135,14.226981780108728,14.672055037916707,14.977055275629896,10.909658799480269,9.147919316760785
1563,Prov. Lampung,Kab. Lampung Selatan,L,S1,2278,14535.0,4008.60984197047,2370.8866072053297,2173.8336869382865,2153.62291135497,2481.202532546892,2235.7936444075067,2050.3300910088597
1564,Prov. Lampung,Kab. Lampung Selatan,L,S2,895,2452.0,676.2374497771993,538.2630634680876,570.0351138362164,534.1196775205931,489.0697310713832,340.8697379390657,423.1323621831824
1565,Prov. Lampung,Kab. Lampung Selatan,L,S3,18,172.0,47.43590593869424,29.482667583370546,27.021472772912762,34.25586442585764,33.110672489784406,28.07455446590684,23.842563411182
1566,Prov. Lampung,Kab. Lampung Selatan,P,D3,16,55.0,15.168458294349904,16.49044936956192,14.694809047905933,15.008322338947284,16.61560386679575,19.388133316230594,19.727219091465926
1567,Prov. Lampung,Kab. Lampung Selatan,P,S1,2792,14991.0,4134.370150738171,2756.694079370365,2567.6064566535756,2618.324516396552,2871.5533213523217,2388.346718943885,2290.8176858403094
1568,Prov. Lampung,Kab. Lampung Selatan,P,S2,727,1703.0,469.6706268232343,441.2767198379632,466.1117219282301,451.47826515518676,491.6381991465937,342.14170555775723,514.3865085030054
1569,Prov. Lampung,Kab. Lampung Selatan,P,S3,7,60.0,16.547409048381713,10.945476252695334,10.430184834026154,13.528800521791302,11.524600695191323,6.597037367333164,5.2861974710792525
1570,Prov. Lampung,Kab. Lampung Tengah,L,S1,301,758.0,209.0489343112223,133.28195345060072,122.94138751191007,121.94575784414059,118.57455014211945,118.81558622075674,119.87751489428507
1571,Prov. Lampung,Kab. Lampung Tengah,P,D3,45,36.0,9.928445429029027,11.206997789673308,10.194591166608296,10.39664276923045,11.511663744172157,11.883930339878816,11.649340689374664
1572,Prov. Lampung,Kab. Lampung Tengah,P,S1,210,792.0,218.42579943863862,152.95794042684474,144.84987545019365,147.46506371182994,145.13328561998898,131.52955321565625,146.07077913563495
1573,Prov. Lampung,Kab. Lampung Timur,L,D3,19,41.0,11.307396183060836,8.237670163462665,8.343449929602533,8.019240119619734,6.879950610675317,12.223108161725202,10.300469380849867
1574,Prov. Lampung,Kab. Lampung Timur,L,S1,1063,4194.0,1156.6638924818817,476.67487674489684,521.567327396242,495.86450571146054,326.1133317580517,418.21899310597473,426.3536692073385
1575,Prov. Lampung,Kab. Lampung Timur,P,D3,15,37.0,10.20423557983539,8.462169069193369,8.673979359443084,8.587163969084845,6.511129443920626,10.837739143675039,8.837337184499399
1576,Prov. Lampung,Kab. Lampung Timur,P,S1,715,4765.0,1314.1400685923143,608.5382158003648,677.3711282604796,662.475525662642,443.3486907859849,597.6897822506728,643.7173441820038
1577,Prov. Lampung,Kab. Lampung Utara,L,D3,1,9.0,2.482111357257257,1.539498336790673,1.6877458959713878,1.5964662296423247,0.9735386264583772,2.8486402845889565,2.862023468048086
1578,Prov. Lampung,Kab. Lampung Utara,L,S1,288,1981.0,546.3402887474028,276.0605677598861,282.2547054877965,274.2565544146063,285.77613743877697,280.9959454976019,251.99958896141453
1579,Prov. Lampung,Kab. Lampung Utara,L,S2,19,109.0,30.061126437893446,28.177072345976814,29.262191406433132,27.749232888704057,26.536760337659278,25.921099052706804,27.337888259532267
1580,Prov. Lampung,Kab. Lampung Utara,P,D3,36,61.0,16.823199199188075,13.565524908764859,14.26949371175603,14.087651685027335,10.348501718092505,15.24201411871006,18.98657951560891
1581,Prov. Lampung,Kab. Lampung Utara,P,S1,459,2677.0,738.2902337086307,447.48747905130017,453.0415065347812,456.614015116725,468.08956108055355,472.5917221674383,461.0053608030493
1582,Prov. Lampung,Kab. Lampung Utara,P,S2,7,50.0,13.789507540318095,18.82433982097719,17.922287483052315,17.9396480380614,20.24721589504407,19.40170847848339,18.988726457324614
1583,Prov. Lampung,Kab. Mesuji,L,S1,104,190.0,52.40012865320875,35.41939838183894,31.134621088368366,30.594737396831107,33.37870960386727,33.89510602804636,27.939324693921403
1584,Prov. Lampung,Kab. Mesuji,P,S1,35,122.0,33.64639839837615,24.947685371073447,22.5256532743173,22.715753639459525,25.94722620574465,28.333005161019166,17.029366363199202
1585,Prov. Lampung,Kab. Pasawaran,L,S1,4,340.0,93.76865127416303,42.77048717783332,44.28605612609356,42.08899709377552,41.26519854101502,45.03244229387845,41.869864784081756
1586,Prov. Lampung,Kab. Pasawaran,P,S1,6,209.0,57.64014151852963,31.191880307940103,32.14775757686102,31.59958999264253,27.54417832521595,37.39160635707767,46.42877673327962
1587,Prov. Lampung,Kab. Pesisir Barat,L,S1,9,42.0,11.583186333867198,5.021619561990091,4.940198169030674,4.666509918623164,5.526327943309908,7.972679599665728,6.5279252424825
1588,Prov. Lampung,Kab. Pesisir Barat,P,S1,25,101.0,27.85480523144255,10.980832379870039,11.96356439961892,11.383128325050494,13.605282035633545,13.441133768312545,15.112217271997347
1589,Prov. Lampung,Kab. Pringsewu,L,D3,23,88.0,24.269533270959844,24.42418753080082,21.78644766542774,21.529675362076535,26.61541771093726,27.14724446864132,25.00696205402704
1590,Prov. Lampung,Kab. Pringsewu,L,Profesi,137,193.0,53.22749910562784,179.0430777368711,166.62191068386682,152.74709820620245,133.3943585284282,286.5472432013294,363.82945286582003
1591,Prov. Lampung,Kab. Pringsewu,L,S1,430,2864.0,789.8629919094204,457.8118939258712,437.9608032068883,428.9487447716155,437.7431511337268,336.66231484160426,374.67726964885605
1592,Prov. Lampung,Kab. Pringsewu,L,S2,78,219.0,60.39804302659325,60.821451972089505,60.6369331143847,57.66209228482065,58.93516765021069,67.59781632290169,73.72888769379865
1593,Prov. Lampung,Kab. Pringsewu,P,D3,70,354.0,97.6297133854521,103.99842528592823,96.57112694249787,97.798588928449,119.53107818686581,90.1093312221804,95.66570134707398
1594,Prov. Lampung,Kab. Pringsewu,P,Profesi,508,583.0,160.78565792010897,767.240531227779,661.5293737577349,638.4575022314293,640.5758685986771,595.3566466410238,562.4936244848116
1595,Prov. Lampung,Kab. Pringsewu,P,S1,1305,6283.0,1732.7895175163717,1147.9890128585498,1109.5283009447978,1119.9044154481544,1198.4358941173048,1082.88306581062,1141.987962912268
1596,Prov. Lampung,Kab. Pringsewu,P,S2,136,317.0,87.42547780561671,102.74667974672101,102.63523909281993,100.77900923719255,98.14914789807683,85.047813902706,89.22064652720096
1597,Prov. Lampung,Kab. Tenggamus,L,D3,17,18.0,4.964222714514514,5.380867706475459,4.403596811568428,4.364573162112302,5.149594701534628,5.918514350273819,5.900005627764184
1598,Prov. Lampung,Kab. Tenggamus,L,S1,73,385.0,106.17920806044933,69.99733390929575,60.11183112869117,59.358865046626065,65.75125893084291,58.42863661788642,55.39824931944969
1599,Prov. Lampung,Kab. Tenggamus,P,D3,2,2.0,0.5515803016127238,0.6558320758412417,0.5513058739182339,0.5607553926276893,0.6220342297013732,2.508965384734897,1.550214393161262
1600,Prov. Lampung,Kab. Tenggamus,P,S1,119,508.0,140.10139660963182,100.72210316896629,89.0569768487586,90.19606427322586,106.82536737483024,67.24932343927748,62.70142001838269
1601,Prov. Lampung,Kab. Tulang Bawang,L,S1,248,702.0,193.60468586606603,123.55631862298222,109.55245524599142,108.72571788224954,125.5502902307741,97.85951780490383,96.93752980685765
1602,Prov. Lampung,Kab. Tulang Bawang,P,S1,272,769.0,212.0826259700923,146.22128238060563,133.98949597924315,136.2602541434425,166.20918701197385,129.2935574351452,140.70422188465548
1603,Prov. Lampung,Kab. Tulang Bawang Barat,L,D3,56,151.0,41.644312771760646,45.51529048479226,34.43871136692499,34.392386943490585,38.998638444743705,24.749202728941587,39.56291980064581
1604,Prov. Lampung,Kab. Tulang Bawang Barat,P,D3,29,83.0,22.890582516928035,27.443614632590922,21.329251650073445,21.859370633560744,24.027945949951445,16.430761977704883,16.96278942222667
1605,Prov. Lampung,Kab. Way Kanan,L,S1,167,919.0,253.45114859104658,118.11845697562107,111.8187155954082,107.66605896703567,91.69090709360432,101.44897122100065,132.78022844048323
1606,Prov. Lampung,Kab. Way Kanan,P,S1,289,1575.0,434.36948752001996,254.70421097057744,234.41219266435348,234.80613871986526,185.09988514467466,193.6329168004525,225.40998991952725
1607,Prov. Lampung,Kota Bandar Lampung,L,D3,540,2251.0,620.8036294651206,574.0310526971795,559.5570650168382,548.8636948300882,541.9557130311779,464.377998606269,467.87171758302003
1608,Prov. Lampung,Kota Bandar Lampung,L,D4,308,2710.0,747.3913086852407,504.4041114899295,499.09287889883444,520.9774664624127,430.4413521157991,543.0019840994954,509.5535997739537
1609,Prov. Lampung,Kota Bandar Lampung,L,Profesi,3000,934.0,257.588000853142,932.5253331367767,890.3103896738724,822.4378741706398,954.6732910735179,1182.8258055200615,1064.885172395568
1610,Prov. Lampung,Kota Bandar Lampung,L,S1,5517,41846.0,11540.71465064302,6108.731835742269,6401.927029824045,6219.636794614791,5891.152405760077,7142.399867389708,5517.072000313147
1611,Prov. Lampung,Kota Bandar Lampung,L,S2,795,3010.0,830.1283539271493,875.3882843153345,905.2280554859959,865.0685237161591,903.2287293022624,835.5450149344435,908.7413326275664
1612,Prov. Lampung,Kota Bandar Lampung,L,S2 Terapan,4,28.0,7.722124222578133,11.48823129243914,10.527370454314834,8.314805095666467,12.226382995753363,7.700457567891855,8.429283395030996
1613,Prov. Lampung,Kota Bandar Lampung,L,S3,63,483.0,133.20664283947278,62.174476310742314,69.87220043294012,85.38720239141124,82.49555094655527,91.89462457224862,86.67498499050085
1614,Prov. Lampung,Kota Bandar Lampung,L,Sp-1,6,24.0,6.6189636193526855,4.856572504275225,5.307097497785149,6.697459749999643,10.459344376571897,8.020860121011241,5.939015201196372
1615,Prov. Lampung,Kota Bandar Lampung,P,D2,18,27.0,7.446334071771771,14.031552692961188,11.398621794976874,9.852348152595441,17.963270558563252,9.326993638932901,11.08970669666161
1616,Prov. Lampung,Kota Bandar Lampung,P,D3,1790,5100.0,1406.5297691124456,1585.6100780438537,1521.7704772115994,1547.9658167048133,1618.6499546575656,1246.343887159318,1294.286129574032
1617,Prov. Lampung,Kota Bandar Lampung,P,D4,814,3983.0,1098.4721706617393,844.3617973564458,845.9373965897818,908.1026986979914,811.7126119279718,946.3545514988475,835.0919404412541
1618,Prov. Lampung,Kota Bandar Lampung,P,Profesi,7039,1759.0,485.11487526839056,2086.6475454901374,1981.799322805591,1893.7125734417439,1766.991413539265,1627.1351489522676,1370.3829242783352
1619,Prov. Lampung,Kota Bandar Lampung,P,S1,10351,57688.0,15909.782219717405,10154.0653890266,10523.959211476968,10590.896758001858,9408.170350197124,8914.43946448031,9745.62759916432
1620,Prov. Lampung,Kota Bandar Lampung,P,S2,825,2662.0,734.1533814465353,917.5247794333054,944.8083323839085,933.7277352034434,916.967925506808,790.2218257153719,867.7821220586636
1621,Prov. Lampung,Kota Bandar Lampung,P,S2 Terapan,11,33.0,9.101074976609942,15.979175127837115,14.605752968299482,11.924998258788072,15.867516373161196,8.4318397853784,10.203830123602248
1622,Prov. Lampung,Kota Bandar Lampung,P,S3,34,296.0,81.63388463868311,46.4157620489106,51.3735103227439,65.10243220345568,54.47208922035895,48.525581867380566,54.240927435727265
1623,Prov. Lampung,Kota Bandar Lampung,P,Sp-1,1,13.0,3.5852719604827046,2.8856578489574445,3.239043326913971,4.194849781317513,6.673899510580088,4.654133583583538,3.1333458792072464
1624,Prov. Lampung,Kota Metro,L,D3,46,134.0,36.95588020805249,33.13888904301656,31.161410520081468,30.084004891006956,33.72726534150054,39.01331304294467,39.957190949560534
1625,Prov. Lampung,Kota Metro,L,Profesi,188,186.0,51.296968049983306,258.3531749477148,205.8151757555211,194.07951912022935,186.63813359737657,187.0234383124642,240.8465258769238
1626,Prov. Lampung,Kota Metro,L,S1,679,8090.0,2231.1423200234676,1179.616030924323,1178.495174382635,1130.1921067228711,1038.6485277589068,979.236460885075,1061.436304967217
1627,Prov. Lampung,Kota Metro,L,S2,113,553.0,152.5119533959181,195.7514130278441,178.2087501789715,171.55198833547578,185.01838156993801,161.31730778289855,161.7925864676173
1628,Prov. Lampung,Kota Metro,P,D3,203,521.0,143.68666857011453,164.36953413344295,149.43144666342658,150.28695740383796,149.2991490782972,142.90587379244144,135.29373052824732
1629,Prov. Lampung,Kota Metro,P,Profesi,584,577.0,159.1309170152708,879.1429957245616,719.3957101738395,696.1723442400308,554.483802569898,604.6246925104316,671.9383555993585
1630,Prov. Lampung,Kota Metro,P,S1,1016,9720.0,2680.6802658378374,1746.042273364282,1710.2351950908128,1702.7505134246765,1676.185592563559,1426.08008087201,1525.5264816410856
1631,Prov. Lampung,Kota Metro,P,S2,133,427.0,117.76239439431652,172.02111756308042,158.50228605126867,157.15840170180888,144.41130501604934,124.87622408693971,138.01030215104714
1632,Prov. Maluku,Kab. Buru,L,S1,139,772.0,174.80480501390204,104.00564148231962,79.61750576287693,74.86426219460184,141.3191967085997,138.55331186832055,135.3079109199195
1633,Prov. Maluku,Kab. Buru,P,S1,291,1291.0,292.322543099673,221.8945530319147,179.66416435288355,177.25284620372628,296.2310912741641,213.78914317400336,218.89924688182262
1634,Prov. Maluku,Kab. Maluku Tengah,L,S1,131,909.0,205.82586497103233,164.85917206652312,156.47821447546212,166.04622752186307,112.04361806254161,174.7240721230112,156.13474045252647
1635,Prov. Maluku,Kab. Maluku Tengah,P,S1,323,1950.0,441.540634426307,390.71997048925226,359.85540543563906,381.3321201669574,242.46053676067012,342.85688342529795,316.0700050721936
1636,Prov. Maluku,Kab. Maluku Tenggara,L,D3,43,287.0,64.98572414376929,57.91730943358953,43.56732153239941,40.51562691584549,32.11296821595861,39.4754450557939,41.94655064661886
1637,Prov. Maluku,Kab. Maluku Tenggara,L,D4,52,754.0,170.72904531150536,117.77523021268112,96.37511755867415,99.4741716699224,89.11775684988835,124.57767081549963,137.38562791451747
1638,Prov. Maluku,Kab. Maluku Tenggara,L,S1,31,286.0,64.7592930491917,29.95438049740582,20.676854456328886,17.949592681787465,18.199384692736427,29.218143786423983,31.704826222431205
1639,Prov. Maluku,Kab. Maluku Tenggara,P,D3,75,348.0,78.79802091300247,92.96312908051569,75.61814797537781,74.72348050601154,58.218164929260155,65.69026611841919,78.01711301707337
1640,Prov. Maluku,Kab. Maluku Tenggara,P,D4,93,815.0,184.54134208073856,153.86855743690128,128.932693979188,137.06071153551963,135.04476384968945,132.44626795634443,150.17409025536577
1641,Prov. Maluku,Kab. Maluku Tenggara,P,S1,46,353.0,79.93017638589045,42.900382973379514,29.59193969249466,26.08932999937408,22.72327986607909,32.06985203509473,30.78327498728421
1642,Prov. Maluku,Kab. Maluku Tenggara Barat,L,D3,4,25.0,5.660777364439833,3.710591625947958,2.2622179800198436,1.9021699728689503,3.6640573136908516,4.552703478062523,5.006137372217753
1643,Prov. Maluku,Kab. Maluku Tenggara Barat,L,S1,15,680.0,153.97314431276348,66.71745798497987,43.14602729264693,36.79995250862707,45.30755235473603,63.77515329803142,65.32891440099353
1644,Prov. Maluku,Kab. Maluku Tenggara Barat,P,D3,7,75.0,16.9823320933195,11.384596495154925,6.430496966738708,5.258285012397449,11.214883882578416,12.186864430075934,13.2291809330359
1645,Prov. Maluku,Kab. Maluku Tenggara Barat,P,S1,29,1085.0,245.67773761668877,124.2136797244116,80.53910884152646,69.89767717277003,108.22721306124599,118.16610291464379,120.33059352085063
1646,Prov. Maluku,Kab. Seram Bagian Timur,L,S1,79,506.0,114.57413385626222,74.19230957723072,61.89062143280166,61.17438031226474,58.670376901137224,57.84146218146562,54.41600927823205
1647,Prov. Maluku,Kab. Seram Bagian Timur,P,S1,135,870.0,196.9950522825062,157.09024086178863,135.6991129780264,139.0312191503867,122.38808289868629,135.07065647330967,154.94618291903382
1648,Prov. Maluku,Kota Ambon,L,D3,277,1301.0,294.58685404544894,322.9233461674738,291.9122393499385,302.990596921691,290.91178092029315,326.46567738967843,329.5112783322956
1649,Prov. Maluku,Kota Ambon,L,D4,152,1238.0,280.32169508706056,217.70213510262897,203.02424607030017,226.8858325253101,186.4966834450621,297.631542539026,239.93077750873343
1650,Prov. Maluku,Kota Ambon,L,Profesi,2736,2943.0,666.3867113418572,1441.141792513047,760.9747402044676,561.2101773856065,2933.580805345305,2743.150862637048,2170.309942209863
1651,Prov. Maluku,Kota Ambon,L,S1,2001,18365.0,4158.407051917501,2615.6610976245274,2305.4659880742083,2314.7094645548386,2717.8181714899292,2537.50379229933,2367.1075041685217
1652,Prov. Maluku,Kota Ambon,L,S2,144,634.0,143.55731396219417,189.27478906296375,188.10032453287056,191.07794874488945,177.32758004834605,152.56655886794363,149.45269687713758
1653,Prov. Maluku,Kota Ambon,L,S3,17,118.0,26.718869160156014,17.357261284448015,18.152513142292225,24.28867377022179,16.469259508413298,17.638446413926623,13.080718401383333
1654,Prov. Maluku,Kota Ambon,P,D3,888,4066.0,920.6688305524945,1011.0820723518875,836.3910429277598,838.2910717349332,943.214422767955,854.4063893575883,943.7652872634834
1655,Prov. Maluku,Kota Ambon,P,D4,173,1323.0,299.568338126156,256.428575547583,231.72019941637245,258.3891170301605,230.7276350896062,320.58224713444633,282.03698288627527
1656,Prov. Maluku,Kota Ambon,P,Profesi,6624,6779.0,1534.9763901415051,3734.951854147054,1934.7085115170144,1433.8100466375538,6597.399854451257,4438.270027464422,5267.1865896516765
1657,Prov. Maluku,Kota Ambon,P,S1,3568,30613.0,6931.735098303865,5179.944343217038,4628.105686125624,4759.27824047839,5085.6567086602545,4884.226158971497,4245.547152495194
1658,Prov. Maluku,Kota Ambon,P,S2,187,588.0,133.1414836116249,204.1360533424533,202.98866074260496,209.57396234772142,189.9358801406683,172.29436066770174,175.33781233252986
1659,Prov. Maluku,Kota Ambon,P,S3,12,77.0,17.435194282474686,13.328007127465549,14.046015975171576,19.17912748066357,12.67372992591497,11.064599878692949,9.98421893290441
1660,Prov. Maluku,Kota. Tual,L,S1,64,1145.0,259.26360329134434,153.9960654347176,123.86179958845887,119.1011396470258,122.04568239676667,101.81859866842626,109.90354241724349
1661,Prov. Maluku,Kota. Tual,P,S1,156,1752.0,396.7072776999435,289.30776355577575,240.53100471404315,239.4935303455565,228.0744964880202,219.11936390063016,239.26745313458656
1662,Prov. Maluku Utara,Kab. Halmahera Selatan,L,S1,23,252.0,69.4991180032032,28.62042583339611,27.76920555613607,26.557769900804498,19.539120871529537,34.51039384196004,33.53918287963152
1663,Prov. Maluku Utara,Kab. Halmahera Selatan,P,S1,31,370.0,102.0423557983539,56.107184616658884,51.67828145402613,51.72055418376619,44.854241279453525,46.55420488416888,39.463092611749495
1664,Prov. Maluku Utara,Kab. Kepulauan Morotai,L,S1,72,1027.0,283.23648487813364,191.29742536073445,163.49589538485048,160.07218502712433,139.17248376947944,170.0145968489972,154.62040340441527
1665,Prov. Maluku Utara,Kab. Kepulauan Morotai,P,S1,120,1032.0,284.6154356321655,209.9064674207849,184.61234504048224,185.40443191537636,197.63643371213,186.7637396435903,194.0233419611321
1666,Prov. Maluku Utara,Kab. Kepulauan Sula,L,S1,13,115.0,31.715867342731617,16.678420397509658,14.54760988187323,14.141263008649048,17.360156130070894,17.280153589835866,17.830837238405365
1667,Prov. Maluku Utara,Kab. Kepulauan Sula,P,S1,75,225.0,62.05278393143142,38.89792638698999,33.70733083669282,33.90427471466012,49.836133955653686,46.71609256671653,49.53208639917103
1668,Prov. Maluku Utara,Kab. halmahera Utara,L,D3,6,46.0,12.686346937092646,9.764265231702073,9.970440968233133,9.493274037486742,8.439703009307177,11.979408369100671,11.740529022157249
1669,Prov. Maluku Utara,Kab. halmahera Utara,L,D4,13,47.0,12.962137087899007,5.832731718139122,6.619830278512217,6.535542522873349,9.620905893929447,7.06805115092681,4.811088333129912
1670,Prov. Maluku Utara,Kab. halmahera Utara,L,Profesi,2,16.0,4.41264241290179,11.156273150857661,11.9682078450321,10.552878638065016,16.055521436974583,4.483559016063266,5.693027989737018
1671,Prov. Maluku Utara,Kab. halmahera Utara,L,S1,109,1085.0,299.23231362490264,134.31565355197782,146.31592919066858,138.32575346315627,148.89613455370392,112.59336931241914,118.17475200598803
1672,Prov. Maluku Utara,Kab. halmahera Utara,L,S2,9,31.0,8.549494674997218,8.70163552100924,8.880067433659299,8.364684045404296,9.309456298855721,7.685599306593316,9.925193863543418
1673,Prov. Maluku Utara,Kab. halmahera Utara,P,D3,47,253.0,69.77490815400955,57.162928178878914,60.68445262959327,59.11900724665448,48.637432731740844,41.00179221905295,46.73336869236418
1674,Prov. Maluku Utara,Kab. halmahera Utara,P,D4,13,48.0,13.237927238705371,7.728983271013487,8.423402926369464,8.677886878004635,9.77403683249932,7.54257251662398,5.774349559527292
1675,Prov. Maluku Utara,Kab. halmahera Utara,P,Profesi,21,52.0,14.341087841930818,44.18687695515434,46.677945930659696,42.681654985325295,49.59717928008691,41.17838605565363,44.174603701309266
1676,Prov. Maluku Utara,Kab. halmahera Utara,P,S1,317,2453.0,676.5132399280056,371.4591091657476,397.79502233508845,390.2887038208078,375.3498609201653,334.3980717373018,363.3479785456254
1677,Prov. Maluku Utara,Kab. halmahera Utara,P,S2,7,33.0,9.101074976609942,10.33258913697041,10.758495612120228,10.417272486547697,10.572881929859376,6.685414928703641,6.97559782927447
1678,Prov. Maluku Utara,Kota Ternate,L,D3,80,831.0,229.1816153200867,130.6526134520299,159.64132417092566,148.09342377850908,117.73648697251635,148.54494334352145,135.44710229149257
1679,Prov. Maluku Utara,Kota Ternate,L,Profesi,924,82.0,22.614792366121673,101.3021156647039,91.65007027053117,85.86065998514844,81.25657744146976,80.36087623525108,77.20974741117926
1680,Prov. Maluku Utara,Kota Ternate,L,S1,1337,12823.0,3536.457103789978,1514.6404950416745,1783.4310008878815,1684.9718454137374,1174.1465749126453,1915.467040482082,1481.300343896846
1681,Prov. Maluku Utara,Kota Ternate,L,S2,151,627.0,172.9204245555889,179.67962767590475,192.91323652784592,182.78021916257003,208.86450938283215,166.51292914602516,158.05067923794888
1682,Prov. Maluku Utara,Kota Ternate,L,S3,3,13.0,3.5852719604827046,1.9823660339496905,2.148313987755243,2.6509811223401547,2.026198951083117,2.791419810829937,2.1164131610338712
1683,Prov. Maluku Utara,Kota Ternate,P,D3,447,2576.0,710.4354284771882,650.4825880549105,700.61477321851,692.7359091407416,725.4443985601123,399.1361902364525,601.5411086362448
1684,Prov. Maluku Utara,Kota Ternate,P,Profesi,3871,172.0,47.43590593869424,243.0779057994813,222.12196920042695,214.442394352378,199.22492060413347,136.34585750623322,90.79610007776269
1685,Prov. Maluku Utara,Kota Ternate,P,S1,2416,17463.0,4816.123403531497,2649.7617124374046,3008.110293012419,2962.577052985185,2685.3335316582943,2618.0422590366047,2900.998459289979
1686,Prov. Maluku Utara,Kota Ternate,P,S2,105,335.0,92.38970052013123,117.47559566593767,123.99521426327398,121.88119395820198,136.72713418046416,103.16122583809795,108.90344765439306
1687,Prov. Maluku Utara,Kota Tidore Kepulauan,L,D3,6,18.0,4.964222714514514,5.378764405765726,4.960690095920679,4.822163385380847,6.151243093710923,5.479512445304528,5.493407992787764
1688,Prov. Maluku Utara,Kota Tidore Kepulauan,L,S1,90,934.0,257.588000853142,105.88028205133286,123.83093203555761,114.43406880768303,94.47408156048714,90.98724813126874,103.96165961093676
1689,Prov. Maluku Utara,Kota Tidore Kepulauan,P,D3,6,12.0,3.3094818096763428,3.933454325348865,3.7263051622498615,3.717276382429253,4.572364441887403,4.016235445137532,4.6306710180447155
1690,Prov. Maluku Utara,Kota Tidore Kepulauan,P,S1,157,1154.0,318.2618340305416,170.2509261250392,190.97168478188834,184.2115233966986,150.25418144522405,113.5731067507341,128.23174170731158
1691,Prov. Nusa Tenggara Barat,Kab. Bima,L,Profesi,40,53.0,12.367528722885153,69.59425110075829,55.49983447372792,55.58976365690272,42.84196269880668,35.632702892787506,40.03286204911699
1692,Prov. Nusa Tenggara Barat,Kab. Bima,L,S1,487,3508.0,818.5903916958702,519.0302492891491,466.3194744816153,463.46506684574604,562.0230060781379,507.1629932234276,547.1408766357049
1693,Prov. Nusa Tenggara Barat,Kab. Bima,P,D3,125,244.0,56.937302044980704,73.94542521005118,67.39266836257195,70.43626562883458,75.62277255514338,62.66512852486796,61.90726836259774
1694,Prov. Nusa Tenggara Barat,Kab. Bima,P,Profesi,133,155.0,36.169187774475446,249.7004913729382,203.91635123258501,213.14147533329862,225.80058569640357,111.92520633503655,112.57870679353289
1695,Prov. Nusa Tenggara Barat,Kab. Bima,P,S1,715,4114.0,960.0002484141419,689.3577988227273,622.3242485492042,626.2497283587447,774.622775662319,867.9443765508535,837.5014098657028
1696,Prov. Nusa Tenggara Barat,Kab. Dompu,L,S1,414,2164.0,504.96853125138625,347.0399981543818,317.944706754823,317.6780061943591,369.67078750358087,246.19285560785104,212.24416312078432
1697,Prov. Nusa Tenggara Barat,Kab. Dompu,P,S1,541,2674.0,623.9768265093378,486.13420412717335,447.6384854319256,453.00406447273485,513.8968051054771,319.04249977185293,309.04846321043954
1698,Prov. Nusa Tenggara Barat,Kab. Lombok Barat,L,S1,145,1512.0,352.8245930000444,279.80445926802355,245.45032858171948,273.54240253393533,259.04217696949496,250.55303630630885,189.6874083283019
1699,Prov. Nusa Tenggara Barat,Kab. Lombok Barat,P,S1,167,1282.0,299.1541853346937,259.46535086912314,226.83097358066368,252.5870450575924,212.92039713917575,227.62153346307122,234.99127686746704
1700,Prov. Nusa Tenggara Barat,Kab. Lombok Tengah,L,D3,152,559.0,130.4424255866566,160.66916065784778,156.1853809812979,163.39317167934482,160.0110688297915,136.4275189831638,131.6097182288041
1701,Prov. Nusa Tenggara Barat,Kab. Lombok Tengah,L,D4,37,169.0,39.43608215410549,30.524385212465717,29.948306340918304,33.36625245939518,28.92483943817484,40.456989709113095,36.9234322070443
1702,Prov. Nusa Tenggara Barat,Kab. Lombok Tengah,L,Profesi,37,27.0,6.3004391607150785,42.509367310862835,37.29116641913014,39.460188588168144,54.104189551930794,20.589213179458294,22.07172277862835
1703,Prov. Nusa Tenggara Barat,Kab. Lombok Tengah,L,S1,936,3061.0,714.2831211462538,557.4517551793668,554.3626894510754,587.8716023654923,539.9606347317643,517.6913707826525,471.6113154532334
1704,Prov. Nusa Tenggara Barat,Kab. Lombok Tengah,L,S2,36,111.0,25.901805438495323,42.22183147122116,44.351990089295505,47.50945552803107,36.90162028296546,35.854147012543685,43.57301840027736
1705,Prov. Nusa Tenggara Barat,Kab. Lombok Tengah,P,D3,154,539.0,125.77543361575655,179.38662510765002,176.1467100151238,188.14308435405366,194.46652386488134,141.56576985740767,137.84717092045955
1706,Prov. Nusa Tenggara Barat,Kab. Lombok Tengah,P,D4,39,192.0,44.803122920640554,39.68604498086627,39.25052930499642,44.41521239767161,38.140363957020185,51.83739646467779,53.18465824128528
1707,Prov. Nusa Tenggara Barat,Kab. Lombok Tengah,P,Profesi,199,197.0,45.96987091336557,339.41367734759643,296.7731909615306,313.8495087883692,384.1770670074699,479.29147216216074,332.89414517871813
1708,Prov. Nusa Tenggara Barat,Kab. Lombok Tengah,P,S1,1029,3769.0,879.494636916116,765.245922967458,761.8587799863996,813.1383720646891,807.3545677233888,763.1434477191033,712.8144435717425
1709,Prov. Nusa Tenggara Barat,Kab. Lombok Tengah,P,S2,25,52.0,12.13417912434015,21.645103593034317,22.66259893229146,24.261645510614272,18.45089776150296,14.76485303104937,12.407370902457064
1710,Prov. Nusa Tenggara Barat,Kab. Lombok Timur,L,Profesi,3259,2744.0,640.3112984074879,3498.3514813055563,2914.961708561889,2977.6210563988875,2113.8732764612846,2763.9705961417335,2714.602794562053
1711,Prov. Nusa Tenggara Barat,Kab. Lombok Timur,L,S1,1825,11046.0,2577.579665528102,1572.452077435071,1466.88831214764,1488.3902856494904,1781.587998664032,1714.5621700562024,1648.570964697507
1712,Prov. Nusa Tenggara Barat,Kab. Lombok Timur,L,S2,42,189.0,44.10307412500555,43.13225552172185,40.089449573821355,37.012358610035456,38.475063619294,33.061382766894944,38.180388715097514
1713,Prov. Nusa Tenggara Barat,Kab. Lombok Timur,P,D3,33,29.0,6.767138357805084,9.296554026689138,9.033916280100716,9.946362087860248,10.448584991849945,7.311833289491264,9.432521653247132
1714,Prov. Nusa Tenggara Barat,Kab. Lombok Timur,P,Profesi,6362,5731.0,1337.3265492614116,7844.928343310816,6486.022201485625,6574.077429405029,4535.211641700009,4050.7344750730304,4369.412657064917
1715,Prov. Nusa Tenggara Barat,Kab. Lombok Timur,P,S1,2118,12533.0,2924.570518564521,2188.1228679243045,2091.460916279711,2212.7109937056307,2578.8192072725474,2582.837400357837,2314.9467644248225
1716,Prov. Nusa Tenggara Barat,Kab. Lombok Timur,P,S2,47,119.0,27.768602226855343,33.942488545443766,32.448404845870165,31.482714148574498,31.617035463283685,28.044734175556215,31.90387422498615
1717,Prov. Nusa Tenggara Barat,Kab. Lombok Utara,L,S1,144,386.0,90.07294503837112,63.54638842688865,52.05795420537407,55.00382871435424,63.218009996408234,45.64295646358551,38.3813935507949
1718,Prov. Nusa Tenggara Barat,Kab. Lombok Utara,P,S1,248,802.0,187.14637803309233,150.7986414126368,124.38289082302208,133.48519856225585,163.0589171621412,135.67145625708937,168.13150310591757
1719,Prov. Nusa Tenggara Barat,Kab. Sumbawa,L,D1,765,803.0,187.37972763163734,337.26441056118097,136.57174638881838,114.9377860621102,162.6018804284645,96.66674560069804,96.08919103267561
1720,Prov. Nusa Tenggara Barat,Kab. Sumbawa,L,D2,29,45.0,10.500731934525131,20.475636744545955,17.245951114960885,16.757624236616422,25.75487564078315,12.174955359571506,13.825673975955022
1721,Prov. Nusa Tenggara Barat,Kab. Sumbawa,L,D3,7,20.0,4.666991970900058,4.930153082898459,4.665792568240996,4.639558017070805,5.494535090447332,3.777405921019403,3.660347247908863
1722,Prov. Nusa Tenggara Barat,Kab. Sumbawa,L,Profesi,9,9.0,2.100146386905026,14.002001795653182,12.36561310656888,13.121477289371192,17.01794004725599,6.506677938364044,7.420516831242806
1723,Prov. Nusa Tenggara Barat,Kab. Sumbawa,L,S1,719,3583.0,836.0916115867453,534.8435985500766,507.2289927751076,508.03839044984613,543.6842293646463,521.5627026269398,501.5366382256742
1724,Prov. Nusa Tenggara Barat,Kab. Sumbawa,L,S2,83,225.0,52.50365967262565,54.472678542450964,51.91374454748659,47.22148890032378,64.40781308324087,42.37802460059604,40.121094958368055
1725,Prov. Nusa Tenggara Barat,Kab. Sumbawa,P,D1,31,32.0,7.467187153440093,14.362116047857727,5.764217025393247,4.8048645648537756,5.520147343838392,11.31103656822415,14.438165229302774
1726,Prov. Nusa Tenggara Barat,Kab. Sumbawa,P,D2,1,3.0,0.7000487956350087,1.493786028182312,1.2540421335949121,1.2178141714088322,1.7969456025633217,2.276840436378266,2.0857616557701575
1727,Prov. Nusa Tenggara Barat,Kab. Sumbawa,P,D3,75,114.0,26.60185423413033,31.633986506949153,30.039726516654344,30.173924632620714,33.349670004825796,36.03413740384843,35.59020006237605
1728,Prov. Nusa Tenggara Barat,Kab. Sumbawa,P,Profesi,40,43.0,10.034032737435124,67.55954671487129,58.34989990183952,60.02991875456664,65.03165064961611,30.807157468778883,30.43107966047825
1729,Prov. Nusa Tenggara Barat,Kab. Sumbawa,P,S1,969,4229.0,986.8354522468172,768.8200912433489,744.6008508209355,776.9680271483697,879.6531071871281,774.3785531663975,735.286852286427
1730,Prov. Nusa Tenggara Barat,Kab. Sumbawa,P,S2,32,102.0,23.801659051590295,28.266647621234654,27.13760794389783,25.093304427081527,27.719191121438893,19.943478233688698,20.30350007382921
1731,Prov. Nusa Tenggara Barat,Kab. Sumbawa Barat,L,S1,63,660.0,154.0107350397019,63.531243501274744,41.73754270639978,35.81994399645481,39.158972247312526,41.27499575553583,38.63411707562137
1732,Prov. Nusa Tenggara Barat,Kab. Sumbawa Barat,P,S1,98,698.0,162.87801978441203,88.72163035820394,60.723884729650386,55.92792464401148,65.1291338209875,64.29510048132703,72.40545656206804
1733,Prov. Nusa Tenggara Barat,Kota Bima,L,S1,1079,5522.0,1288.556483165506,944.0914335443586,895.7581588048331,949.5359381650389,783.4499269897047,731.711809662633,688.9667561900154
1734,Prov. Nusa Tenggara Barat,Kota Bima,L,S2,26,90.0,21.001463869050262,33.67672229040679,34.126844055531336,37.19369730069371,26.703789671771027,30.852339897877737,36.93082767129761
1735,Prov. Nusa Tenggara Barat,Kota Bima,P,D3,100,534.0,124.60868562303155,147.09747612553946,133.76488058286336,136.17730369228644,149.3219434727521,161.3854602175648,154.42734353455188
1736,Prov. Nusa Tenggara Barat,Kota Bima,P,S1,862,4701.0,1096.9764627600587,908.5753611312992,865.8615960941877,928.6396783573355,793.0375409367463,913.7724669167235,910.53167022641
1737,Prov. Nusa Tenggara Barat,Kota Bima,P,S2,14,24.0,5.600390365080069,9.827448662036911,9.926156011223616,10.811797906508232,7.632413491900707,5.781279213728753,3.123442917383943
1738,Prov. Nusa Tenggara Barat,Kota Mataram,L,D3,388,2380.0,555.372044537107,576.0568680787652,539.1197123955358,536.6456376726705,583.4795734472301,613.3554403388167,599.8894328459329
1739,Prov. Nusa Tenggara Barat,Kota Mataram,L,D4,37,396.0,92.40644102382115,76.92022047019931,78.63147008268174,89.35240817017984,78.97195812884819,79.302258730043,82.34959234086485
1740,Prov. Nusa Tenggara Barat,Kota Mataram,L,Profesi,7419,2611.0,609.2758018010026,4006.2179021951756,3544.283649275155,3722.824135076922,3415.714300489351,2122.3349382471006,2372.7018396442722
1741,Prov. Nusa Tenggara Barat,Kota Mataram,L,S1,5222,39978.0,9328.850250632126,6077.476459493294,5848.804803127989,5835.915021324193,6063.491786658773,6871.692865412533,5343.830418128074
1742,Prov. Nusa Tenggara Barat,Kota Mataram,L,S2,515,1664.0,388.2937319788848,528.3378180934147,539.5785095111829,541.108263201274,503.3601178800727,598.3353984321224,562.6209219558493
1743,Prov. Nusa Tenggara Barat,Kota Mataram,L,S3,42,226.0,52.737009271170656,33.24521319349799,35.70452176108695,47.70263031459957,35.54506094344512,31.971867947465427,32.95062937156102
1744,Prov. Nusa Tenggara Barat,Kota Mataram,P,D3,715,3741.0,872.9608481568558,1143.5612619026217,1108.3869521856025,1158.4653486497011,1172.2090561541138,1072.565469595479,1160.1757379282535
1745,Prov. Nusa Tenggara Barat,Kota Mataram,P,D4,329,1937.0,451.9981723816706,408.7037444664362,415.6997426785713,470.7824168458494,436.32446294028813,445.17051711154664,422.11923577767135
1746,Prov. Nusa Tenggara Barat,Kota Mataram,P,Profesi,16790,4168.0,972.601126735572,7007.889971889969,6181.510489272878,6492.398461206159,4572.341269993758,4930.095712042898,5232.423249673714
1747,Prov. Nusa Tenggara Barat,Kota Mataram,P,S1,8128,46426.0,10833.488462050305,8682.036627350666,8541.754000357627,8925.622436543325,9511.264930143556,8444.334229209422,8720.693013596605
1748,Prov. Nusa Tenggara Barat,Kota Mataram,P,S2,386,1148.0,267.88533912966335,433.64007764049865,450.2224870344192,465.7130396304197,386.43965385338527,370.0525461505338,407.90896800556106
1749,Prov. Nusa Tenggara Barat,Kota Mataram,P,S3,2,56.0,13.067577518520162,10.127500004013777,11.143568743853,15.54882881533556,8.961430595258365,7.162153050327131,7.399567037927689
1750,Prov. Nusa Tenggara Timur,Kab. Alor,L,S1,180,1104.0,251.31916854012437,174.30725268591843,141.45712770358813,142.5335838060306,169.68172943903946,173.973796166971,159.89698166355396
1751,Prov. Nusa Tenggara Timur,Kab. Alor,P,S1,271,1721.0,391.7756241463352,314.189699948278,259.24032480577785,267.1413819545744,322.608125347411,308.6461446008753,311.27434710002683
1752,Prov. Nusa Tenggara Timur,Kab. Belu,L,S1,2,391.0,89.00887219129405,64.60030278302094,47.35391398895027,51.60066735743559,53.210159834516965,47.528594861113234,46.691449523439275
1753,Prov. Nusa Tenggara Timur,Kab. Belu,P,S1,40,667.0,151.83866432632513,113.96088976312899,83.8769489995066,89.95543980023774,122.45627603215242,96.828843414741,87.35655590871825
1754,Prov. Nusa Tenggara Timur,Kab. Ende,L,Profesi,395,397.0,90.37473723770776,653.9152511276588,570.6959753308521,601.7811773252271,1024.576488731595,629.15862419162,490.3024425544923
1755,Prov. Nusa Tenggara Timur,Kab. Ende,L,S1,426,2712.0,617.3710009790012,433.3541184323442,400.16397228606417,397.3779822230198,411.9040322505459,370.5631410780104,358.1838206223504
1756,Prov. Nusa Tenggara Timur,Kab. Ende,L,S2,12,19.0,4.325239313643445,7.552712160656451,7.714800969254292,8.247990220699563,9.475922170220677,6.851974861948987,5.417280541947185
1757,Prov. Nusa Tenggara Timur,Kab. Ende,P,Profesi,993,1000.0,227.64417440228658,1779.6125773558092,1567.1356232558383,1651.0542990659437,2375.8309705156285,1033.243255599719,1142.4755383169236
1758,Prov. Nusa Tenggara Timur,Kab. Ende,P,S1,830,4289.0,976.3658640114071,821.4363861299905,778.2957930886355,802.7084480844535,863.7061759159809,826.2301008145857,887.4480872865197
1759,Prov. Nusa Tenggara Timur,Kab. Ende,P,S2,4,8.0,1.8211533952182926,2.929349058639542,2.9656963422258817,2.9989833078617925,3.3329555264587483,2.716003336707062,2.4151926604137803
1760,Prov. Nusa Tenggara Timur,Kab. Flores Timur,L,S1,63,383.0,87.18771879607576,56.541913745617094,43.33789385606297,43.93201546676723,49.97180969826583,56.50830678359812,60.73215490241607
1761,Prov. Nusa Tenggara Timur,Kab. Flores Timur,P,S1,121,539.0,122.70021000283246,87.2664801869189,67.6036746438699,68.8232643832826,80.39001135418695,57.09776140407968,57.348851434995794
1762,Prov. Nusa Tenggara Timur,Kab. Kupang,L,D3,141,530.0,120.65141243321189,117.41391432663282,100.49949607113473,109.00261708471199,121.59256641548694,120.92157567018167,161.16621728835847
1763,Prov. Nusa Tenggara Timur,Kab. Kupang,L,Profesi,31,60.0,13.658650464137194,88.63556207583247,65.36103755582258,71.92145885710337,68.22725693624288,38.04652552449998,25.80864184971672
1764,Prov. Nusa Tenggara Timur,Kab. Kupang,L,S1,84,1211.0,275.67709520116904,153.86391657670052,117.27593800199735,115.91273712598708,113.55852835745954,104.20593384860128,108.23488396345611
1765,Prov. Nusa Tenggara Timur,Kab. Kupang,P,D3,123,772.0,175.74130263856523,198.45786111660075,161.08201397192371,171.4953973706154,182.6025510179999,141.51375010094736,215.48849685205846
1766,Prov. Nusa Tenggara Timur,Kab. Kupang,P,Profesi,66,92.0,20.943264045010366,144.86206587482184,107.6226714878408,117.77213746740695,98.89168740774444,133.1622902855964,90.95895171315294
1767,Prov. Nusa Tenggara Timur,Kab. Kupang,P,S1,183,1881.0,428.198692050701,283.74234114726687,220.7519991358712,225.30462974667532,251.5489690644777,246.49141550916264,237.17933090710258
1768,Prov. Nusa Tenggara Timur,Kab. Malaka,L,S1,12,139.0,31.642540241917832,21.601298592618274,16.0760600657246,16.4970407564986,20.820155677144996,24.066699130528963,16.486694730703395
1769,Prov. Nusa Tenggara Timur,Kab. Malaka,P,S1,27,355.0,80.81368191281173,63.113208231860725,47.805837436247316,50.05534455975205,70.73283372560009,63.459332841377424,65.39654777496659
1770,Prov. Nusa Tenggara Timur,Kab. Manggarai,L,Profesi,506,513.0,116.78146146837301,840.0275317793262,702.2423058365049,738.1088286135621,1827.1464838521354,814.0559470148556,619.4551174745561
1771,Prov. Nusa Tenggara Timur,Kab. Manggarai,L,S1,393,2721.0,619.4197985486218,460.98334540159254,408.4799789672451,412.02507010021435,482.7690859248249,397.61895131069645,348.3800657718545
1772,Prov. Nusa Tenggara Timur,Kab. Manggarai,P,D3,134,401.0,91.28531393531692,130.52012900241766,116.72320958107339,121.04279445052269,136.01435553851726,103.1511371729063,120.9447117106397
1773,Prov. Nusa Tenggara Timur,Kab. Manggarai,P,Profesi,1556,1564.0,356.0354887651762,2783.7460440450864,2349.71284600498,2472.692503069334,6261.362538735141,1541.2365995872635,1714.4075805497841
1774,Prov. Nusa Tenggara Timur,Kab. Manggarai,P,S1,889,5007.0,1139.814381232249,982.1891932219594,884.8253334052704,913.0751547315582,1182.971470085847,976.4340985687452,938.7717014343407
1775,Prov. Nusa Tenggara Timur,Kab. Manggarai Barat,L,D3,17,88.0,20.032687347401218,17.672380884960713,13.294541195756494,13.84749755571599,21.106927255872513,13.579768724668067,15.86203796048669
1776,Prov. Nusa Tenggara Timur,Kab. Manggarai Barat,L,D4,33,157.0,35.74013538115899,23.64469788060712,19.397200131687452,22.702880695817257,22.85929007251757,14.628495715528276,16.937907209912307
1777,Prov. Nusa Tenggara Timur,Kab. Manggarai Barat,P,D3,29,94.0,21.39855239381494,22.664224061916904,18.108275171802003,20.010330024952452,25.713099270813235,18.51933284712722,21.55889989179781
1778,Prov. Nusa Tenggara Timur,Kab. Manggarai Barat,P,D4,55,294.0,66.92738727427225,51.393644684198456,41.96989661001866,49.65399741123328,39.34311094395083,33.060121492640114,34.227596400846195
1779,Prov. Nusa Tenggara Timur,Kab. Nagakeo,L,D3,57,181.0,41.20359556681387,43.351092296282715,31.20389061904699,32.70402117427046,41.815770544353455,25.797730265972238,31.42441259213836
1780,Prov. Nusa Tenggara Timur,Kab. Nagakeo,L,S1,19,92.0,20.943264045010366,12.548159466944359,9.002594567044225,9.184574448499019,14.585454118277367,15.12131900976141,14.679325968494629
1781,Prov. Nusa Tenggara Timur,Kab. Nagakeo,P,D3,69,185.0,42.11417226442302,52.98230169484652,38.920132831208505,42.20072188043487,52.57385241737118,50.71309947673017,43.08792911202836
1782,Prov. Nusa Tenggara Timur,Kab. Nagakeo,P,S1,17,83.0,18.894466475389784,13.742084344820945,10.078796832445361,10.693054910372378,14.965218411473758,15.698759554276199,16.168153565238544
1783,Prov. Nusa Tenggara Timur,Kab. Ngada,L,S1,53,834.0,189.855241451507,151.5590687725186,138.07905603350557,145.53023335881062,166.02200416922216,159.13642059969368,131.2524192893334
1784,Prov. Nusa Tenggara Timur,Kab. Ngada,P,S1,189,1586.0,361.0436606020265,303.5223123944689,283.507392698079,299.3069973348905,340.47505047482605,291.4351251683784,298.13607453800716
1785,Prov. Nusa Tenggara Timur,Kab. Rote-Ndao,L,S1,46,1256.0,285.92108304927194,81.57604809236547,51.991772704434716,40.8858202742416,65.11755387116382,77.69566202473116,75.43994203596662
1786,Prov. Nusa Tenggara Timur,Kab. Rote-Ndao,P,S1,68,949.0,216.03432150776996,76.18117609991303,49.7353666837884,40.92550473043293,44.745849598582446,52.729837032243395,61.07416182060418
1787,Prov. Nusa Tenggara Timur,Kab. Sikka,L,D3,36,251.0,57.13868777497393,69.13634742793485,57.932848669806596,62.09982246778899,59.63129309097059,67.62127303519306,70.13821992185031
1788,Prov. Nusa Tenggara Timur,Kab. Sikka,L,Profesi,3,6.0,1.3658650464137194,4.969013166036031,3.6751469656645797,3.2550804767230495,4.381062220683447,4.669937669007555,4.5981833074187355
1789,Prov. Nusa Tenggara Timur,Kab. Sikka,L,S1,559,4210.0,958.3819742336265,638.2937239876321,532.318617467842,549.7573910992784,628.9881426089105,592.6591623582775,516.9957238588026
1790,Prov. Nusa Tenggara Timur,Kab. Sikka,L,S2,60,174.0,39.610086345997864,57.794895950475656,52.961589298589445,56.62805131581948,55.826127408514495,56.565920257132895,61.57749146096517
1791,Prov. Nusa Tenggara Timur,Kab. Sikka,P,D3,83,806.0,183.481204568243,242.49201941649628,205.27897368604926,220.67738343352252,217.15437599099326,211.0078819362021,246.20117300765142
1792,Prov. Nusa Tenggara Timur,Kab. Sikka,P,Profesi,35,40.0,9.105766976091463,63.35807920434185,50.40888935691008,54.27900787244851,53.08570899334157,35.62401403438146,34.90736603630615
1793,Prov. Nusa Tenggara Timur,Kab. Sikka,P,S1,785,4924.0,1120.919914756859,870.5694789281848,739.3502965964194,783.4852479559966,867.052731128291,838.1992371150535,840.7943809053942
1794,Prov. Nusa Tenggara Timur,Kab. Sumba Barat Daya,L,S1,84,2145.0,488.2967540929047,285.6096234071254,213.9345958392798,214.65571284522306,359.2856894005042,202.8672222236653,191.8266207200766
1795,Prov. Nusa Tenggara Timur,Kab. Sumba Barat Daya,P,D3,1,208.0,47.34998827567561,65.70996062773555,51.09077324603024,56.818101898071596,54.80981153708435,64.09887449250216,58.54902844851977
1796,Prov. Nusa Tenggara Timur,Kab. Sumba Barat Daya,P,S1,209,2628.0,598.2488903292091,405.5179926746814,308.90773969545023,317.22783725384033,474.17475851719263,308.1011300275741,344.0785919656209
1797,Prov. Nusa Tenggara Timur,Kab. Sumba Timur,L,S1,325,2019.0,459.61358811821657,335.9463606210305,283.2323710630911,294.3082604581328,287.8160618819772,306.8179563060358,278.279936663819
1798,Prov. Nusa Tenggara Timur,Kab. Sumba Timur,P,S1,565,2668.0,607.3546573053005,502.54588331469296,429.73935664808687,453.35621577008953,436.6551886256817,462.63115799184686,472.80939013049476
1799,Prov. Nusa Tenggara Timur,Kab. Timor Tengah Selatan,L,S1,28,336.0,76.48844259916828,52.74358476752616,43.36735532403173,44.67431325189211,53.39416569609795,57.847062507570065,62.3884613551137
1800,Prov. Nusa Tenggara Timur,Kab. Timor Tengah Selatan,P,S1,104,969.0,220.58720499581568,163.02212459901753,137.18742119291414,142.09729243368372,169.86533220241566,139.50125468036848,128.828286017274
1801,Prov. Nusa Tenggara Timur,Kab. Timor Tengah Utara,L,D3,3,36.0,8.195190278482317,9.408867060720738,8.354188295484006,8.388213095208087,7.341931842085316,12.486668362034731,13.590434253147825
1802,Prov. Nusa Tenggara Timur,Kab. Timor Tengah Utara,L,S1,427,3724.0,847.7469054741152,609.4982776607166,546.994179162355,553.4640262861303,610.8552687343578,604.5893551994772,551.0902075228452
1803,Prov. Nusa Tenggara Timur,Kab. Timor Tengah Utara,P,D3,48,369.0,84.00070035444375,120.64204612117597,109.8746390925118,115.91773002202838,111.57318569408433,120.65279403985589,128.52102011520427
1804,Prov. Nusa Tenggara Timur,Kab. Timor Tengah Utara,P,S1,1084,7367.0,1677.054632821645,1415.0474582226777,1291.1786247106147,1341.5990224190277,1379.8718202626083,1234.9872733886511,1262.772086211671
1805,Prov. Nusa Tenggara Timur,Kota Kupang,L,D3,812,4673.0,1063.781226981885,1268.0462757724,1262.2403216333737,1329.4329758761637,1115.7244693634177,932.5966000876148,962.277172259865
1806,Prov. Nusa Tenggara Timur,Kota Kupang,L,D4,624,4272.0,972.4959130465683,779.5666836889854,840.1076738635011,960.58755049998,851.2122676479463,792.9275212653546,715.4886832203226
1807,Prov. Nusa Tenggara Timur,Kota Kupang,L,Profesi,3611,3883.0,883.9423292040788,4756.825077417579,4267.459793551069,4207.263968205253,5231.762768319891,4653.697727246223,4309.665384064485
1808,Prov. Nusa Tenggara Timur,Kota Kupang,L,S1,4101,36070.0,8211.125370690477,4792.732727486486,4610.667576153417,4450.501590107733,4585.317597227953,4246.406883854286,4172.897213700287
1809,Prov. Nusa Tenggara Timur,Kota Kupang,L,S2,125,628.0,142.96054152463597,132.29902612874753,133.73657236134116,118.98866692445316,147.44098442546337,114.66905964184603,147.64724735959123
1810,Prov. Nusa Tenggara Timur,Kota Kupang,L,S2 Terapan,6,9.0,2.048797569620579,3.28024977365276,3.2598613675969,2.948478654865157,3.4834293362905666,3.676997474737509,3.8372361788608558
1811,Prov. Nusa Tenggara Timur,Kota Kupang,L,S3,5,111.0,25.26850335865381,10.630850818521505,11.349936233202614,13.125228903216938,20.062855940234673,16.700921834724667,15.211279044866561
1812,Prov. Nusa Tenggara Timur,Kota Kupang,P,D3,1364,6158.0,1401.8328259692807,1631.320744719173,1602.7399630335349,1618.3786448579897,1611.563457667918,1386.8728728966778,1371.6694969247383
1813,Prov. Nusa Tenggara Timur,Kota Kupang,P,D4,791,4866.0,1107.7165526415265,957.3780948974535,1052.170270987703,1209.0525445331389,1092.8307270566636,922.9339865982166,896.8860188063431
1814,Prov. Nusa Tenggara Timur,Kota Kupang,P,Profesi,7703,8061.0,1835.039689856832,10356.057634532304,9343.16711564654,9109.613919989462,11237.109843648368,6834.153175481229,8015.457101198341
1815,Prov. Nusa Tenggara Timur,Kota Kupang,P,S1,7084,48514.0,11043.929476952531,7697.450042009881,7582.432961457601,7584.2784412629735,8241.854206322723,7408.605257373116,7390.357998212252
1816,Prov. Nusa Tenggara Timur,Kota Kupang,P,S2,128,566.0,128.8466027116942,145.32590925669845,150.24529180307073,139.206133938599,154.13416480067153,140.78919744264203,183.87340492722535
1817,Prov. Nusa Tenggara Timur,Kota Kupang,P,S2 Terapan,5,6.0,1.3658650464137194,2.7191687596127916,2.7699177113499562,2.626962053966984,2.8080061158315064,2.457149390529384,2.451818818834448
1818,Prov. Nusa Tenggara Timur,Kota Kupang,P,S3,4,29.0,6.60168105766631,4.0559247994063705,4.519401972497813,5.7912617298749565,5.125051304948725,6.605108476189566,6.928269897725916
1819,Prov. Papua,Kab. Biak Numfor,L,D3,22,280.0,65.33788759260081,52.694374916792064,42.864535732665,39.12401429164148,49.91088786883557,38.770794957473754,42.69121988620179
1820,Prov. Papua,Kab. Biak Numfor,L,S1,145,1191.0,277.91937186709845,148.1082647337315,124.48149458941306,117.01454811589876,151.33397189656517,135.88984904586812,132.0195163114996
1821,Prov. Papua,Kab. Biak Numfor,L,S2,18,72.0,16.801171095240207,16.776618682099347,14.516633722922204,13.22965926210674,14.778120856853564,16.737596711907536,20.372049465502926
1822,Prov. Papua,Kab. Biak Numfor,P,D3,21,242.0,56.4706028478907,49.00235090815926,39.57194968541254,35.86731491851298,49.32217167184006,30.071657529214626,36.09526421754761
1823,Prov. Papua,Kab. Biak Numfor,P,S1,209,1402.0,327.15613716009403,220.12882120567832,190.75055717481328,189.15957078829226,215.31161375764063,209.22640437586938,232.04687267892143
1824,Prov. Papua,Kab. Biak Numfor,P,S2,4,21.0,4.900341569445061,6.946872964870372,6.3717590587067585,6.403625499527609,7.412151383487377,3.5925692546524095,3.615483919383293
1825,Prov. Papua,Kab. Jayapura,L,S1,243,3938.0,918.9307190702214,421.78597693066,351.34070164561206,322.4243842846592,637.7857334336691,593.9497048091503,501.6741381699985
1826,Prov. Papua,Kab. Jayapura,L,S2,32,114.0,26.60185423413033,25.305628982529914,22.22515930141947,20.542208039473486,32.94801480827904,23.01524014630805,22.99293421267837
1827,Prov. Papua,Kab. Jayapura,P,S1,279,3562.0,831.1912700173003,477.27543272199364,408.9990584907569,394.5808371148789,483.7896432333106,530.5944364171584,566.3604917052396
1828,Prov. Papua,Kab. Jayapura,P,S2,19,46.0,10.734081533070134,14.057583803711427,12.992366008322579,13.089545446758864,16.92930765330073,15.274787467481625,14.936777415207649
1829,Prov. Papua,Kab. Jayawijaya,L,S1,321,4438.0,1035.605518342723,498.7753113923098,391.9097618820748,367.0648784046222,550.9666869950435,568.138979911411,564.8149411901136
1830,Prov. Papua,Kab. Jayawijaya,L,S2,36,122.0,28.468651022490352,44.36631174837505,40.839309483623936,45.59131902058897,37.24421367596222,27.69711115554951,35.341423504671965
1831,Prov. Papua,Kab. Jayawijaya,P,S1,397,3069.0,716.1499179346139,483.0701560122813,401.0551335862231,412.11011632088963,554.3126290596657,441.0569350956504,436.29582872853825
1832,Prov. Papua,Kab. Jayawijaya,P,S2,11,59.0,13.767626314155171,23.464428722875624,21.525010288712057,24.009644374740397,21.10168529361182,16.719616582392568,22.75563826231884
1833,Prov. Papua,Kab. Merauke,L,D3,37,380.0,88.6728474471011,62.565122864385884,53.09395863036369,46.195457990705705,65.6628940029986,54.77010766136649,84.22716200742502
1834,Prov. Papua,Kab. Merauke,L,Profesi,1462,1253.0,292.38704697688866,1716.370807834989,1287.7751683356828,1510.8834350241104,1289.0961577627772,1618.562677161778,1504.7556110361663
1835,Prov. Papua,Kab. Merauke,L,S1,454,9891.0,2308.0608792086236,1019.1204455236921,881.00577435542,774.4697991796635,793.4221111237179,994.0795915007435,938.4440428772755
1836,Prov. Papua,Kab. Merauke,L,S2,21,65.0,15.167723905425188,18.88038143190854,18.53175244995569,18.405390878102835,19.184809816542217,16.16862788568983,13.31584410441076
1837,Prov. Papua,Kab. Merauke,P,D3,95,642.0,149.81044226589185,114.03080570585466,96.12624602924664,83.13701789833856,106.1316459973093,86.34197216208831,130.00505087217942
1838,Prov. Papua,Kab. Merauke,P,Profesi,2960,2604.0,607.6423546111876,3920.974280579671,2930.84650207992,3448.1579724516723,2738.363434760101,2389.575318473942,2926.244445332569
1839,Prov. Papua,Kab. Merauke,P,S1,502,8173.0,1907.1662689083087,1035.5980910758094,917.1283832601914,842.246365161638,892.7542913380718,816.9857230408905,785.4498272849763
1840,Prov. Papua,Kab. Merauke,P,S2,16,37.0,8.633935146165108,12.898884291392653,12.897838430577716,13.257229519494736,12.7631375681668,11.4448367023338,9.42008219673461
1841,Prov. Papua,Kab. Mimika,L,D3,50,142.0,33.13564299339041,31.65793246894212,26.642874566866123,26.645116407427764,32.408638037664694,27.416785504552273,34.40813826961228
1842,Prov. Papua,Kab. Mimika,L,S1,93,811.0,189.24652441999734,91.01408125467475,74.20880484986515,68.96186430685299,92.75220277653106,106.21031629866793,106.93214783832029
1843,Prov. Papua,Kab. Mimika,P,D3,27,157.0,36.635886971565455,36.957212020066926,30.73956385469334,30.31127420838461,36.60162277412061,30.120914464565885,34.384571629459806
1844,Prov. Papua,Kab. Mimika,P,S1,147,1061.0,247.58392405624807,147.82919068657543,123.77792532482272,120.57654775027369,132.78666955936015,117.13992269476752,102.72746607912946
1845,Prov. Papua,Kab. Nabire,L,S1,327,2893.0,675.0803885906934,504.73786739187966,447.16086841663815,498.5011797874682,399.8509314720875,415.58406096879605,423.409928027647
1846,Prov. Papua,Kab. Nabire,P,S1,206,1995.0,465.5324490972808,381.4228147396877,336.75526032030655,375.5895611838257,343.75740243009204,356.6508858467455,341.99627261485574
1847,Prov. Papua,Kab. Yapen Waropen,L,S1,15,518.0,120.8750920463115,55.2024520838624,45.97385792787904,38.663530118039375,43.156079110243134,45.23276944481197,40.03428644942875
1848,Prov. Papua,Kab. Yapen Waropen,P,S1,38,917.0,213.98158186576765,128.79142550365583,111.4927758045986,100.74921707378523,137.37966798653582,117.68164466886037,108.05928041845014
1849,Prov. Papua,Kota Jayapura,L,D3,272,3156.0,736.4513330080291,447.2606883455019,358.1194169689363,293.7952022068524,302.55081554854115,629.7390488120217,697.0206520417804
1850,Prov. Papua,Kota Jayapura,L,D4,13,273.0,63.70444040278579,25.167780393530037,20.700558383373668,18.137032835350546,17.69254222310753,32.732105039739416,32.362781595565465
1851,Prov. Papua,Kota Jayapura,L,Profesi,399,1008.0,235.21639533336293,1217.824176998567,977.1253173140086,958.2645928925822,876.9613688669473,969.4506744126257,1216.8895219714595
1852,Prov. Papua,Kota Jayapura,L,S1,1834,31667.0,7389.481737124606,3288.3529772179695,2781.0534689404913,2449.7206627990104,2512.3885969464736,3817.3015296208114,4150.936740670189
1853,Prov. Papua,Kota Jayapura,L,S2,337,2184.0,509.63552322228634,450.1396715229157,398.31942052746535,346.6963124582308,399.0362442387865,602.5428714853335,660.1944222428557
1854,Prov. Papua,Kota Jayapura,L,S3,23,179.0,41.76957813955552,15.399510742598816,13.980714907185925,15.585117983797437,11.857117099207468,15.944441398801983,20.988511639467582
1855,Prov. Papua,Kota Jayapura,P,D3,804,5140.0,1199.416936521315,1046.2473946882315,890.3902383652754,809.1251133039725,694.7626182288997,904.7582558537796,1052.8657494987392
1856,Prov. Papua,Kota Jayapura,P,D4,86,770.0,179.67919087965223,89.72170353710052,76.10401781160796,70.37109302659016,138.7948737804846,96.6536487207331,94.22144494523185
1857,Prov. Papua,Kota Jayapura,P,Profesi,751,1793.0,418.3958301911902,2228.8748158658086,1756.6982097369919,1682.1282258559202,1674.349371689967,1935.8505421939683,2262.683563027125
1858,Prov. Papua,Kota Jayapura,P,S1,2268,25708.0,5998.951479394935,3231.353806211869,2788.5007569508025,2551.3658546376573,2229.8168443723334,3264.470879600401,3972.2652144695085
1859,Prov. Papua,Kota Jayapura,P,S2,339,1414.0,329.9563323426341,344.71654439981864,309.67585270906085,277.4198113929622,284.71314666041985,342.14305897186625,451.81732711991344
1860,Prov. Papua,Kota Jayapura,P,S3,9,65.0,15.167723905425188,6.76569945202886,6.269314824211874,7.254849059394879,10.834433839358745,10.517178405398049,9.793255448939144
1861,Prov. Papua Barat,Kab. Fak-Fak,L,D3,149,543.0,149.7540518878545,117.5762480354315,109.94696035347172,107.23918212198949,100.5778351436653,119.54357522511958,118.00378271233865
1862,Prov. Papua Barat,Kab. Fak-Fak,L,D4,15,71.0,19.581100707251693,11.873360477526273,11.036608116062157,11.474948547231488,12.82318063703422,8.679463742894473,6.456913033655446
1863,Prov. Papua Barat,Kab. Fak-Fak,L,S1,72,1109.0,305.8512772442553,114.56608704369795,123.91957272515522,117.551044947386,74.36041147040166,88.23496844050669,99.73861186122551
1864,Prov. Papua Barat,Kab. Fak-Fak,P,D3,188,576.0,158.85512686446444,131.56479741543887,128.36953147426485,127.99450742462587,116.65819008906182,127.15110837207355,132.32440752281005
1865,Prov. Papua Barat,Kab. Fak-Fak,P,D4,14,57.0,15.720038595962627,9.463805823652956,9.404716552214925,9.935846616021337,12.399455313789236,9.1271299178906,7.517116064340117
1866,Prov. Papua Barat,Kab. Fak-Fak,P,S1,177,1776.0,489.8033078320987,239.36180692105916,248.069928467725,245.69075651266996,201.8020863694876,240.67001826795408,249.54102342504672
1867,Prov. Papua Barat,Kab. Manokwari,L,D3,34,832.0,229.4574054708931,138.53548903270828,153.84604005406615,141.92824487524422,114.3618360086592,134.366753533615,134.96479785604933
1868,Prov. Papua Barat,Kab. Manokwari,L,D4,50,242.0,66.74121649513957,46.39611801686292,43.487966493086276,44.838879339915,59.870251583087274,48.13676980021367,28.117644938470615
1869,Prov. Papua Barat,Kab. Manokwari,L,Profesi,2,425.0,117.2108140927038,237.29836988309586,274.5772465163646,235.0587790211846,573.9507157831619,458.97306830685733,442.95201645692003
1870,Prov. Papua Barat,Kab. Manokwari,L,S1,372,8075.0,2227.005467761372,1034.1389695134442,1096.7960464962546,1031.880203105296,1162.8501511169884,795.2100727350365,804.5227302060531
1871,Prov. Papua Barat,Kab. Manokwari,L,S2,74,223.0,61.5012036298187,59.47722571079617,61.12509869473529,56.859712513262274,66.6460844492763,76.20565099678882,83.05063722152022
1872,Prov. Papua Barat,Kab. Manokwari,L,S3,8,47.0,12.962137087899007,6.098487666006389,6.557816617149509,7.874414990907375,8.441334893419816,5.933603961568317,5.611969330711052
1873,Prov. Papua Barat,Kab. Manokwari,P,D3,43,476.0,131.27611178382824,97.2317001731356,106.04478270976604,101.51842777424882,72.45212898604737,87.47263269076458,90.18229087699642
1874,Prov. Papua Barat,Kab. Manokwari,P,D4,38,243.0,67.01700664594594,52.2415999639578,49.8722851280222,52.845577340494074,68.37634445435673,54.6544648795155,61.20303172080112
1875,Prov. Papua Barat,Kab. Manokwari,P,Profesi,12,1174.0,323.7776370466689,708.8171629949293,847.3151957844565,743.3362728172777,1552.884622964737,1478.3125503508472,1325.6839030456024
1876,Prov. Papua Barat,Kab. Manokwari,P,S1,580,8301.0,2289.33404184361,1264.3492054374824,1333.4323385118691,1297.8063952588163,1177.16837115884,1027.8927482073389,1093.8168306116938
1877,Prov. Papua Barat,Kab. Manokwari,P,S2,80,199.0,54.88224001046601,65.81637640054528,66.14314199379615,63.91563694726888,65.48987620479319,68.1653723847288,77.75711797869714
1878,Prov. Papua Barat,Kab. Manokwari,P,S3,1,15.0,4.136852262095428,1.73656368790429,2.083818363993742,2.515666390771073,2.2677358177670004,2.2171029254075747,1.833415084493797
1879,Prov. Papua Barat,Kab. Sorong,L,Profesi,244,246.0,67.84437709836502,335.15804043346105,256.4906601197833,240.02309989296455,263.2609562563449,389.74950878219477,371.3460647698089
1880,Prov. Papua Barat,Kab. Sorong,L,S1,156,2541.0,700.7827731989655,292.0277707440864,305.94936967578695,284.95291285379153,225.22776963162784,292.82539656684406,250.80183911000486
1881,Prov. Papua Barat,Kab. Sorong,P,Profesi,413,420.0,115.831863338672,626.4443681809934,492.82851045590064,473.19273063885754,566.7124670226626,476.53787676929073,480.94546832886846
1882,Prov. Papua Barat,Kab. Sorong,P,S1,402,4879.0,1345.5801457842397,673.1038923405501,698.5872952941897,673.8149059155926,629.5031909693101,610.8695917505302,666.2089219462564
1883,Prov. Papua Barat,Kota Sorong,L,D3,200,740.0,204.0847115967078,187.8222368279688,181.9142839130535,179.7122462263167,188.1567278951731,181.47010236510607,174.3914136984263
1884,Prov. Papua Barat,Kota Sorong,L,D4,80,968.0,266.9648659805583,117.54330133934627,137.1364726682993,137.70353116073736,133.42542415457268,180.30847007692876,156.20344738373376
1885,Prov. Papua Barat,Kota Sorong,L,Profesi,10,20.0,5.515803016127237,11.02544363553099,13.244221610686946,11.628604734450695,12.717883595558071,10.519946963381996,12.143049090054882
1886,Prov. Papua Barat,Kota Sorong,L,S1,470,7312.0,2016.577582696118,838.0356386744292,959.7859111886562,917.1875610639241,638.6790239428303,660.3052216700047,759.3059387428171
1887,Prov. Papua Barat,Kota Sorong,L,S2,36,172.0,47.43590593869424,48.02136893430789,50.04658792547428,48.02554339786265,54.24035643417709,53.40574487874092,53.783994230717596
1888,Prov. Papua Barat,Kota Sorong,P,D3,345,1283.0,353.83876348456226,370.5012032134266,363.2367526034896,369.5927432187451,398.41569041843877,397.4009684580747,412.42876131794964
1889,Prov. Papua Barat,Kota Sorong,P,D4,135,816.0,225.0447630579913,139.74641812137213,151.4068986724544,159.97446447619478,150.85876433193891,122.35488990766908,111.61696986173135
1890,Prov. Papua Barat,Kota Sorong,P,Profesi,38,69.0,19.02952040563897,53.558678582046824,59.786928338692675,55.22385482794839,43.367611944226674,45.705382125376026,50.040288789974205
1891,Prov. Papua Barat,Kota Sorong,P,S1,799,8454.0,2331.529934916983,1200.8104778392096,1345.136852329161,1335.2630450307995,1005.362151981486,912.4111457563725,1040.063770125953
1892,Prov. Papua Barat,Kota Sorong,P,S2,14,87.0,23.993743120153482,28.378088395713576,29.620066135978217,29.35284135709744,31.61240373827491,19.281521859881728,19.718139999464416
1893,Prov. Riau,Kab. Bengkalis,L,D2,12,24.0,5.43434626986224,11.13087519973899,9.765928282364518,8.62731360438397,6.087341534989041,8.555079464203773,9.765957986029019
1894,Prov. Riau,Kab. Bengkalis,L,D3,230,832.0,188.39067068855766,230.74864210778085,209.7038053040688,218.39494425112545,185.60867022013483,145.7914536781853,136.45898706466423
1895,Prov. Riau,Kab. Bengkalis,L,D4,288,1495.0,338.514486393502,286.44904608643384,264.78096705120765,294.88107233027665,260.25738177334983,283.2980157585876,308.82607678708393
1896,Prov. Riau,Kab. Bengkalis,L,S1,84,2079.0,470.75024562681654,300.3568904721183,250.85004504385742,243.80957941743836,257.3973274219693,282.60735558312456,272.4657994033839
1897,Prov. Riau,Kab. Bengkalis,P,D2,2,3.0,0.67929328373278,1.6027111045548486,1.399022829168448,1.2520317164560606,0.9865714953328144,1.7822549930384868,1.5398635812489654
1898,Prov. Riau,Kab. Bengkalis,P,D3,101,333.0,75.40155449433858,103.47894086299955,92.01856658997424,96.15185850330151,107.4754749597748,68.8415274344593,86.16031987108222
1899,Prov. Riau,Kab. Bengkalis,P,D4,321,1443.0,326.7400694754672,322.5251170626165,298.66858829683014,337.9766794863728,286.30091047876226,274.673385375978,347.7269406009964
1900,Prov. Riau,Kab. Bengkalis,P,S1,86,2832.0,641.2528598437443,530.5952983304552,473.325917545473,485.4039519335307,481.8964835439647,446.9177286588284,483.65312755814466
1901,Prov. Riau,Kab. Indragiri Hilir,L,S1,341,2586.0,585.5508105776563,380.90034834737247,320.95364390138195,316.00638449213966,413.5346334674825,345.97580828917836,343.5050340104588
1902,Prov. Riau,Kab. Indragiri Hilir,L,S2,2,54.0,12.22727910719004,17.679011505481267,17.389153605630433,17.65947835996004,19.562694802944396,20.505786002025886,19.699048671090264
1903,Prov. Riau,Kab. Indragiri Hilir,P,D3,50,121.0,27.398162443888793,38.70321484472598,34.86572018320042,36.90265988156275,44.23887255326109,39.0876620088121,36.800470494322454
1904,Prov. Riau,Kab. Indragiri Hilir,P,S1,523,2810.0,636.2713757630372,511.3314781399081,447.21151048386537,457.31180302658106,549.3502089421453,442.7442008530183,467.75680657694
1905,Prov. Riau,Kab. Indragiri Hulu,L,S1,232,1397.0,316.3242391248979,197.36173036426806,165.8428063354226,162.11882710947478,175.5185596149128,178.4390583682553,157.33845381818682
1906,Prov. Riau,Kab. Indragiri Hulu,P,D3,27,106.0,24.001696025224895,32.88242514396784,29.766073428701848,31.461474057660208,30.738881180787562,31.21888989781212,34.878155295225056
1907,Prov. Riau,Kab. Indragiri Hulu,P,Profesi,8,9.0,2.03787985119834,13.642809984384813,12.420885145299136,12.737323587354227,5.036531385627966,5.786622655546438,6.095954898005893
1908,Prov. Riau,Kab. Indragiri Hulu,P,S1,428,2104.0,476.4110229912564,372.9351949609975,328.15658197854304,334.64961827297924,362.2502509040803,348.64252649466954,363.6667999752984
1909,Prov. Riau,Kab. Kampar,L,D2,20,36.0,8.15151940479336,17.283742303398057,15.449883752418208,13.8449088470779,17.78933195109752,13.029794966085044,11.974734524835831
1910,Prov. Riau,Kab. Kampar,L,D3,94,420.0,95.1010597225892,121.96209720351497,113.61503315513538,120.31367392672328,131.16420281375414,98.37722776870429,116.58830829094636
1911,Prov. Riau,Kab. Kampar,L,Profesi,210,120.0,27.1717313493112,128.00139835206957,101.07976661678448,94.15469054464887,140.80028282500413,75.42110802428095,73.06023270930935
1912,Prov. Riau,Kab. Kampar,L,S1,240,1699.0,384.7064296873311,275.8914524765364,246.62190305278125,250.11956645686263,247.33342132645458,275.1001863217398,264.5625391162493
1913,Prov. Riau,Kab. Kampar,L,S2,67,128.0,28.983180105931947,37.68354638214667,34.83744409624771,34.047102141745384,42.60651034858476,31.7049637986478,34.78942936214419
1914,Prov. Riau,Kab. Kampar,P,D2,8,22.0,4.9814840807070535,11.622608682701392,10.057097127087351,8.987553321703803,10.853269830550936,9.482854737005406,10.594435959623224
1915,Prov. Riau,Kab. Kampar,P,D3,59,297.0,67.25003508954522,94.81483126966285,85.45319547078729,90.21392501777454,98.9745669023387,72.61822056527676,87.10933838983581
1916,Prov. Riau,Kab. Kampar,P,D4,2,44.0,9.962968161414107,9.030339256585819,7.921630046996066,8.708687313656828,10.587718707604534,9.329344908965991,9.427893269045612
1917,Prov. Riau,Kab. Kampar,P,Profesi,1297,889.0,201.29724307948047,1255.3421810165364,1071.9821891822505,1061.0654403850886,881.9067457312143,1091.7744063952707,1076.8833404397178
1918,Prov. Riau,Kab. Kampar,P,S1,611,2831.0,641.0264287491667,563.2843205486777,519.8496305857899,545.5519117941191,600.7082887451367,516.7872177876856,518.7149265573462
1919,Prov. Riau,Kab. Kampar,P,S2,160,217.0,49.135547523337756,76.94768154042741,72.69160986762249,73.08060164236547,75.86007471420696,63.28562694967708,61.38248325130876
1920,Prov. Riau,Kab. Kepulauan Meranti,L,D3,4,21.0,4.75505298612946,5.496983079435921,4.688492910800389,4.813671571633975,5.066066182004077,5.975847063341464,4.879779841613596
1921,Prov. Riau,Kab. Kepulauan Meranti,L,S1,55,585.0,132.4621903278921,77.6394230149207,59.92172583751913,56.97063671950659,85.36291242007229,61.88798799220148,50.89713312169973
1922,Prov. Riau,Kab. Kepulauan Meranti,P,D3,17,31.0,7.019363931905393,10.445736814099845,9.474196149500308,10.237357809710375,15.534559228408604,7.817319969057708,11.769965980937632
1923,Prov. Riau,Kab. Kepulauan Meranti,P,S1,135,756.0,171.18190750066057,132.93207980554124,110.99929570194803,112.172311380986,123.4496692374585,108.057408636406,110.36298816025916
1924,Prov. Riau,Kab. Kuantan Singingi,L,S1,119,1400.0,317.0035324086307,212.47120313613812,175.35526580669958,170.99837581225867,228.8659088508849,164.45356144487738,133.2419249613522
1925,Prov. Riau,Kab. Kuantan Singingi,P,S1,155,1294.0,293.00183638340576,239.93528264344,204.08806842097826,205.73208598921886,232.8487994650638,202.87991390244235,193.25380255658266
1926,Prov. Riau,Kab. Pelalawan,L,S1,25,426.0,96.45964629005476,71.13196709891577,62.99581128643884,64.80830930484842,66.51106159404446,37.14941910482837,24.887017915549578
1927,Prov. Riau,Kab. Pelalawan,P,S1,19,371.0,84.00593608828713,72.01320869550815,63.80003924256037,66.70078735502415,63.05700588470848,49.95915298957187,45.86630374096222
1928,Prov. Riau,Kab. Rokan Hilir,L,S1,99,948.0,214.65667765955848,155.80254564838413,143.06367703946344,147.64246326082014,167.27904211409427,155.81388231573231,167.0791579559092
1929,Prov. Riau,Kab. Rokan Hilir,P,S1,233,1690.0,382.66854983613274,312.62886630866456,281.67914680337134,292.157388600086,340.26740786693654,283.65622077570686,288.2351044003358
1930,Prov. Riau,Kab. Rokan Hulu,L,D3,1,1.0,0.22643109457759333,0.3154520099196622,0.3128769797654491,0.34246723042967187,0.404951907946487,1.5712171937483859,1.4822668140459747
1931,Prov. Riau,Kab. Rokan Hulu,L,S1,771,3782.0,856.362399692458,718.6466868183636,715.1268637165564,769.0523900638811,767.2790733360754,589.0424779519462,529.0597054432682
1932,Prov. Riau,Kab. Rokan Hulu,P,D3,18,72.0,16.30303880958672,24.99260059130391,23.99569622707302,26.192847669803403,31.208832259083437,27.58322789916946,25.427352856087605
1933,Prov. Riau,Kab. Rokan Hulu,P,Profesi,45,57.0,12.90657239092282,81.5457045045786,71.1064354935392,71.02739329140537,59.70159733842364,23.771528481854915,25.10010405859082
1934,Prov. Riau,Kab. Rokan Hulu,P,S1,1286,4556.0,1031.6200668955153,953.4293755656921,918.889122438696,985.7770319443432,981.8814482968274,868.6212337945558,861.0374754260743
1935,Prov. Riau,Kota Dumai,L,D3,68,262.0,59.32494677932945,73.02989808431944,68.8981550881725,72.4166414231501,57.96668083433576,66.73238464158835,59.667274420165334
1936,Prov. Riau,Kota Dumai,L,S1,124,1561.0,353.4589386356232,243.6665135609687,220.7797381525647,222.3521030699908,204.90196713262577,269.9175427424905,210.60224431270942
1937,Prov. Riau,Kota Dumai,P,D3,71,333.0,75.40155449433858,101.3572997276894,92.13954436583165,96.32424926182324,76.93050770843118,88.39048622008087,92.4461968588088
1938,Prov. Riau,Kota Dumai,P,S1,187,2001.0,453.08862024976423,371.2956918593075,341.0784824960764,351.7691633143665,328.09464826889683,379.62883428769806,375.5816791461969
1939,Prov. Riau,Kota Pekanbaru,L,D3,426,1769.0,400.5566063077626,464.8308916345407,463.8557942517107,475.45060317619556,426.7634267898897,425.7754450093546,438.10939000817683
1940,Prov. Riau,Kota Pekanbaru,L,D4,313,2198.0,497.6955458815502,413.6427968930917,430.0929363608447,479.7905151770366,381.1103835335698,423.7798863403784,408.79664085827335
1941,Prov. Riau,Kota Pekanbaru,L,Profesi,2468,2545.0,576.267135699975,3169.2619309311376,3119.434174175489,3062.5672907904072,5295.745861238282,3485.9431850156047,4067.930204513372
1942,Prov. Riau,Kota Pekanbaru,L,S1,8738,59477.0,13467.44221219152,9316.673704953775,9278.917719897963,9329.775324104976,9420.164842008373,8192.708328133276,7123.682707874863
1943,Prov. Riau,Kota Pekanbaru,L,S2,1110,3593.0,813.5669228172928,1027.3961728953527,1060.2864283057677,1025.231137245366,1258.5634813949496,809.2430954657791,936.2679295882567
1944,Prov. Riau,Kota Pekanbaru,L,S2 Terapan,11,44.0,9.962968161414107,13.780185511935839,12.012409444167027,9.54842492482071,13.125341200179253,11.70257669664658,13.455885668885609
1945,Prov. Riau,Kota Pekanbaru,L,S3,114,458.0,103.70544131653774,67.18172715548597,74.74541336892875,96.52566071446692,87.07242410159905,61.488477258699774,57.83802185230605
1946,Prov. Riau,Kota Pekanbaru,L,Sp-1,17,122.0,27.624593538466385,24.57041531647302,31.22558514610435,45.278234035869566,31.473201955074977,27.403068692086453,37.55124258234524
1947,Prov. Riau,Kota Pekanbaru,P,D3,1613,4190.0,948.7462862801161,1306.6602680728329,1319.8525958177022,1382.799174956531,1321.6548655827041,1123.505435444865,1243.509403245415
1948,Prov. Riau,Kota Pekanbaru,P,D4,231,1630.0,369.0826841614771,341.9020893116554,347.8570571927172,391.16847192511153,311.82091507332814,390.26198638532844,346.825231309623
1949,Prov. Riau,Kota Pekanbaru,P,Profesi,8880,8915.0,2018.6332081592445,12392.494060178924,11909.017264188009,11716.7643565318,18442.636536401744,8452.429046132094,9902.817019801576
1950,Prov. Riau,Kota Pekanbaru,P,S1,14941,75730.0,17147.626792361145,14472.367194546276,14858.64908661168,15471.161892131127,15079.668424824391,11347.743908616792,12157.042021826863
1951,Prov. Riau,Kota Pekanbaru,P,S2,1178,3237.0,732.9574531476696,1133.9693444303584,1208.1039059322973,1208.712061260752,1269.8839469895877,859.8801662389271,965.2090085382799
1952,Prov. Riau,Kota Pekanbaru,P,S2 Terapan,7,22.0,4.9814840807070535,7.9697991350790875,6.9293091075034114,5.587794581883079,8.050165875299346,7.9252385329499395,8.88016535832752
1953,Prov. Riau,Kota Pekanbaru,P,S3,29,204.0,46.19194329382904,37.62201183280803,43.88657138761807,59.1661262132998,37.27298460606305,29.056727156195482,23.519823616228855
1954,Prov. Riau,Kota Pekanbaru,P,Sp-1,9,62.0,14.038727863810786,13.381829208714212,16.20395708375643,23.22003962628856,16.406934659876864,18.377985251222587,22.258493387165352
1955,Prov. Sulawesi Barat,Kab. Majene,L,D3,16,239.0,54.38016124999765,49.83940728816722,43.280508050913106,41.600515567703624,60.21440003262365,46.834813552502695,38.77783276826067
1956,Prov. Sulawesi Barat,Kab. Majene,L,Profesi,18,23.0,5.2332372751043765,23.05841335945267,16.97040223209305,15.38553607700146,15.753430326953579,9.650490122325884,12.67318908244774
1957,Prov. Sulawesi Barat,Kab. Majene,L,S1,821,7681.0,1747.6737178294222,1041.8265696101105,947.9760405906192,924.4600965277046,1115.7355528651917,835.0233765233054,862.5760254346732
1958,Prov. Sulawesi Barat,Kab. Majene,L,S2,26,69.0,15.699711825313129,23.567915290324006,24.685253635107284,25.668731256485536,27.62961070010809,19.107791412418262,14.416515441531956
1959,Prov. Sulawesi Barat,Kab. Majene,P,D3,195,947.0,215.47285650103672,255.41060146610405,230.60688888379673,232.82670216045273,294.74979404034826,206.21642751399767,205.7085111980958
1960,Prov. Sulawesi Barat,Kab. Majene,P,Profesi,81,97.0,22.070609377614108,145.85538183310496,117.15425086052048,116.98584928703384,106.08897182123533,87.590664810994,82.97606102123912
1961,Prov. Sulawesi Barat,Kab. Majene,P,S1,1574,12882.0,2931.0679381693294,2182.458699815788,2042.3415445122494,2070.7984597957293,2531.6768699196446,2249.4304046020925,2258.9567919510196
1962,Prov. Sulawesi Barat,Kab. Majene,P,S2,11,39.0,8.873750162133508,15.512433391545898,16.322754290468833,17.239405551421505,20.322550829096443,11.345353694149463,7.431207724889087
1963,Prov. Sulawesi Barat,Kab. Mamasa,L,S1,32,254.0,57.79314208158746,30.457993481258224,24.451916047210073,22.691715768716524,36.18993389406688,33.56213313509264,27.952750959582193
1964,Prov. Sulawesi Barat,Kab. Mamasa,P,S1,65,487.0,110.80811099894918,68.04902756691925,54.89375925581158,51.75231616742356,68.4710645833252,45.0365795663207,44.92120548473585
1965,Prov. Sulawesi Barat,Kab. Mamuju,L,D3,19,78.0,17.747500324267016,18.162854089417998,16.249104958946013,16.465047544156064,23.00960454675842,24.620197229253197,27.602906169592767
1966,Prov. Sulawesi Barat,Kab. Mamuju,L,Profesi,10,30.0,6.825961663179621,27.770477463804237,19.78560367850253,17.79354684254878,24.302911997673778,20.92065440296387,20.04996365082651
1967,Prov. Sulawesi Barat,Kab. Mamuju,L,S1,333,3860.0,878.2737339957779,582.980751702576,545.7357759860319,560.0630574703142,689.6263259327669,631.2373217690434,590.7502672241682
1968,Prov. Sulawesi Barat,Kab. Mamuju,L,S2,1,35.0,7.963621940376225,12.843661933606151,13.684948655719008,14.817284732807481,8.61980206739713,11.867135582882412,10.32237859158563
1969,Prov. Sulawesi Barat,Kab. Mamuju,P,D3,212,932.0,212.05987566944688,231.42709080249907,202.08833648612398,202.20591213602995,312.93427012122163,211.411460590982,205.88894274219086
1970,Prov. Sulawesi Barat,Kab. Mamuju,P,Profesi,92,172.0,39.13551353556316,179.92045948710728,127.51781110383953,115.36295023211798,140.90176408476097,122.19553319135413,137.68782780552553
1971,Prov. Sulawesi Barat,Kab. Mamuju,P,S1,540,4207.0,957.2273572332222,707.1013749884213,655.1763358328909,673.0794399738359,911.0307519741932,720.8388715310729,768.4699907896002
1972,Prov. Sulawesi Barat,Kab. Mamuju,P,S2,2,23.0,5.2332372751043765,9.284898924502016,9.755255297738369,10.534459923574415,5.844563449036057,6.819227100039252,4.961755871980419
1973,Prov. Sulawesi Barat,Kab. Polewali Mamasa,L,Profesi,369,196.0,44.596282866106854,280.0720589688878,226.84680622810765,230.03698582860977,153.4203300518119,186.1080640140519,216.97772705570978
1974,Prov. Sulawesi Barat,Kab. Polewali Mamasa,L,S1,432,3166.0,720.3664875208893,455.2911105039723,413.644002850897,410.05345252985717,470.48251339652455,498.43284174515884,468.4285421898053
1975,Prov. Sulawesi Barat,Kab. Polewali Mamasa,P,Profesi,1002,483.0,109.8979827771919,788.6764498255495,637.7831056783484,652.9390879858665,443.99499921295114,596.7896884618533,547.0958414304018
1976,Prov. Sulawesi Barat,Kab. Polewali Mamasa,P,S1,520,3407.0,775.2017128817656,602.567629709645,559.8893554098235,573.6814525687713,555.7546927991914,587.6323821794027,562.4905909707968
1977,Prov. Sulawesi Selatan,Kab. Bantaeng,L,D2,66,152.0,34.60191450914756,64.70078792506136,44.14386064455903,42.132577639775135,46.02143534297134,34.32580155358641,32.775868280126694
1978,Prov. Sulawesi Selatan,Kab. Bantaeng,P,D2,60,150.0,34.14662616034298,69.43258003608447,47.834031008094684,45.716362344430614,52.442020310859775,37.392174323893634,37.80046970256923
1979,Prov. Sulawesi Selatan,Kab. Barru,L,D3,1,1.0,0.22764417440228657,0.3198274871124867,0.2662541722247832,0.3015667769954638,0.2159092253900774,1.6793038780623426,1.2809474575061868
1980,Prov. Sulawesi Selatan,Kab. Barru,L,S1,139,1198.0,272.7177209339393,139.9674085249145,110.50266306436585,104.59516067414445,137.92067345451957,133.32128851759688,118.0770491257113
1981,Prov. Sulawesi Selatan,Kab. Barru,P,D3,20,49.0,11.154564545712041,10.60996548541928,8.457420575216213,8.150844193403474,13.095645428179827,14.602261243553098,17.16583982437364
1982,Prov. Sulawesi Selatan,Kab. Barru,P,S1,290,1708.0,388.81624987910544,249.53317504140472,202.063195028638,200.93511364404577,209.9639094418684,241.495327326289,235.03252117963424
1983,Prov. Sulawesi Selatan,Kab. Bone,L,D3,176,431.0,98.1146391673855,140.25899359127774,122.91605730151637,134.01407401411615,116.0519886861573,109.4786285580965,104.26391353086002
1984,Prov. Sulawesi Selatan,Kab. Bone,L,S1,776,5847.0,1331.0354877301695,806.2933217784985,681.3353589010953,653.2790708691227,626.2244416401468,719.2815346759488,697.8241424868693
1985,Prov. Sulawesi Selatan,Kab. Bone,L,S2,61,304.0,69.20382901829512,64.9690430078328,58.16374995544104,51.33574455563403,47.90365918876994,44.4210688381411,60.45096975329613
1986,Prov. Sulawesi Selatan,Kab. Bone,P,D3,468,939.0,213.7578797637471,323.7742240424047,285.67244948539303,309.1153706436104,411.88793557394837,250.69681320432161,264.140519205112
1987,Prov. Sulawesi Selatan,Kab. Bone,P,S1,1780,8707.0,1982.097826520709,1410.6806151635371,1214.1580808780614,1197.132348341692,1374.8295478617379,1191.7185953239853,1165.0957190778079
1988,Prov. Sulawesi Selatan,Kab. Bone,P,S2,89,353.0,80.35839356400716,97.53333942798885,89.89483105148445,84.31508672639788,73.98494575626778,96.86022446695858,113.94422552114189
1989,Prov. Sulawesi Selatan,Kab. Bulukumba,L,D3,5,18.0,4.097595139241158,5.5860031412829985,5.010537673159242,5.36530089238271,4.592788714417486,7.048780322433128,5.742070053960732
1990,Prov. Sulawesi Selatan,Kab. Bulukumba,L,Profesi,8,11.0,2.5040859184251523,15.912963164970062,13.233298473957062,13.612293220490221,7.186117163530289,8.355477602326852,8.727123555106699
1991,Prov. Sulawesi Selatan,Kab. Bulukumba,L,S1,155,1299.0,295.7097825485703,140.37694087058364,118.77169276655832,104.5512745867493,183.65673661098347,157.8664769430111,140.8564862005719
1992,Prov. Sulawesi Selatan,Kab. Bulukumba,P,D3,62,189.0,43.02474896203216,53.71153936496714,47.71974919849526,48.234094678742544,45.106515950994996,51.6596873478416,37.06019090007604
1993,Prov. Sulawesi Selatan,Kab. Bulukumba,P,Profesi,105,116.0,26.40672423066524,166.9795673814405,138.8260706801788,138.69895657072453,66.23448994250386,102.49341730680953,110.62917782432423
1994,Prov. Sulawesi Selatan,Kab. Bulukumba,P,S1,457,2952.0,672.00560283555,439.2214129793851,385.30131973444446,368.3084264429956,319.302145985579,312.72597071834684,336.1929871844523
1995,Prov. Sulawesi Selatan,Kab. Enrekang,L,S1,80,688.0,156.61919198877317,90.45272391860746,69.74810946646177,65.69638336101384,90.3043565549664,87.97351897265659,85.18173751672302
1996,Prov. Sulawesi Selatan,Kab. Enrekang,P,S1,168,1177.0,267.9371932714913,186.59515505962372,147.91165859209235,145.10256822531218,173.4659420789693,205.62526398893877,225.2672424886763
1997,Prov. Sulawesi Selatan,Kab. Gowa,L,D3,28,87.0,19.805043172998932,29.03670931843907,22.707020768074326,23.655448533627286,18.91624442615851,23.586440103905996,21.497085995386254
1998,Prov. Sulawesi Selatan,Kab. Gowa,L,D4,76,300.0,68.29325232068597,63.18376202439435,52.854297958014214,58.312546851934336,148.75859557277022,29.93139812423015,39.81651394250875
1999,Prov. Sulawesi Selatan,Kab. Gowa,L,Profesi,1732,1047.0,238.34345059919403,1737.401368885769,1268.7760928967737,1298.1596049003242,2466.2115195010674,1437.9168366261672,1329.373729711358
2000,Prov. Sulawesi Selatan,Kab. Gowa,L,S1,1647,10480.0,2385.710947735963,1882.032905430563,1457.6649149117954,1449.6540412139257,1823.5415917322257,1692.814059982364,1415.7941329849727
2001,Prov. Sulawesi Selatan,Kab. Gowa,L,S2,273,1035.0,235.6117205063666,329.53405913256364,274.5096273149413,263.18795702919607,427.27359662748495,148.03672476581838,237.7072967150666
2002,Prov. Sulawesi Selatan,Kab. Gowa,L,S3,200,587.0,133.6271303741422,89.94835504538496,79.64460925392036,101.2104602366681,106.90763419813028,100.57126133723018,96.83359125213613
2003,Prov. Sulawesi Selatan,Kab. Gowa,P,D3,144,438.0,99.70814838820152,146.41475919539513,114.55291045729204,116.16903692650901,94.1592474505919,101.51858115721986,114.32381287913645
2004,Prov. Sulawesi Selatan,Kab. Gowa,P,D4,136,455.0,103.57809935304039,103.46746272378417,87.32614808534343,96.23844848123014,289.47649659555714,87.22467190650754,69.43634018562035
2005,Prov. Sulawesi Selatan,Kab. Gowa,P,Profesi,2698,1082.0,246.31099670327407,1766.1620601588468,1287.792440485361,1274.7089795326683,1878.4262079019525,1428.9764451573008,1254.0990954018248
2006,Prov. Sulawesi Selatan,Kab. Gowa,P,S1,3359,16604.0,3779.803871775566,3475.1471405667503,2738.9833470810504,2793.3201901572875,3182.164287536367,2573.700712439007,2686.9904380003823
2007,Prov. Sulawesi Selatan,Kab. Gowa,P,S2,320,982.0,223.5465792630454,382.00905098352104,325.5483055670441,325.3078021474918,410.2960206330983,180.03515612668977,238.89981779155517
2008,Prov. Sulawesi Selatan,Kab. Gowa,P,S3,82,306.0,69.6591173670997,55.34800844377055,49.94256596704598,65.36794208434559,53.14848733171389,52.29153396966148,47.84651306664303
2009,Prov. Sulawesi Selatan,Kab. Jeneponto,L,S1,362,1115.0,253.8232544585495,195.96334904566245,157.08942678460525,172.14647067883624,161.10558977207577,155.91623585509097,149.0433568239289
2010,Prov. Sulawesi Selatan,Kab. Jeneponto,P,S1,429,1942.0,442.0849866892405,393.6536758079954,320.74832004550433,359.1567291927418,319.41578202676425,335.6997106200906,305.8477366091718
2011,Prov. Sulawesi Selatan,Kab. Luwu,L,S1,2,48.0,10.926920371309755,9.095001984740032,7.087268602936507,7.880438905126737,7.878415507824944,11.214039200281967,13.197593438901812
2012,Prov. Sulawesi Selatan,Kab. Luwu,P,D3,14,13.0,2.9593742672297254,4.1052464109609454,3.191716912126964,3.48400040217095,4.215789003441975,5.5573992799390055,6.127794018152276
2013,Prov. Sulawesi Selatan,Kab. Luwu,P,S1,3,138.0,31.414896067515546,27.431724115304217,21.497807352166593,23.64259017018228,30.110208175868777,40.9308147281499,41.4351228103224
2014,Prov. Sulawesi Selatan,Kab. Luwu Timur,L,D3,71,205.0,46.66705575246875,70.13944311989064,62.38794235848945,66.82493367158115,63.34795044304016,45.38192797600522,47.90725675484052
2015,Prov. Sulawesi Selatan,Kab. Luwu Timur,L,S1,11,35.0,7.96754610408003,5.243206124569389,4.513553061810812,4.299678862475955,4.237084384842638,8.478623105262761,7.871068550373677
2016,Prov. Sulawesi Selatan,Kab. Luwu Timur,P,D3,45,155.0,35.28484703235442,48.90335696935658,43.118446132312066,43.70038716475426,38.026349177851245,43.44946581957757,42.65144614394161
2017,Prov. Sulawesi Selatan,Kab. Luwu Timur,P,S1,80,231.0,52.585804286928195,41.34307905876438,36.31759810128905,35.78151061060975,30.94183027782516,46.11635016414443,42.01478134203336
2018,Prov. Sulawesi Selatan,Kab. Maros,L,D3,3,16.0,3.642306790436585,4.604200167112309,4.1967564409081755,4.316216820971643,4.684325217664889,4.5869066207600575,4.920399362016532
2019,Prov. Sulawesi Selatan,Kab. Maros,L,S1,112,1159.0,263.83959813225016,143.20168278081408,127.15765489315493,116.14127185761286,172.33339315343287,142.73924533478626,122.24867597218362
2020,Prov. Sulawesi Selatan,Kab. Maros,L,S2,2,5.0,1.1382208720114328,0.9229126480255307,0.8571212032867634,0.7078561386169602,0.5444005517186461,1.642753747184425,1.3956134870103432
2021,Prov. Sulawesi Selatan,Kab. Maros,P,D3,44,232.0,52.81344846133048,80.42670686597938,74.87862940963971,79.87555313561559,114.8970098500159,71.23059098004087,61.08401003374224
2022,Prov. Sulawesi Selatan,Kab. Maros,P,S1,248,1739.0,395.87321928557634,268.81688538581784,245.100171513933,235.37900999522333,291.6597155202931,240.58810972344006,249.89864817538182
2023,Prov. Sulawesi Selatan,Kab. Maros,P,S2,5,8.0,1.8211533952182926,3.417238890992395,3.487673646343396,3.7386493808370806,3.9362257286725257,2.633047590386361,2.419096794564947
2024,Prov. Sulawesi Selatan,Kab. Pangkajene Kepulauan,L,D3,22,53.0,12.065141243321188,16.185185870263616,13.47810752840436,13.81533422987097,14.082158341321183,13.18853362526599,14.472829973894491
2025,Prov. Sulawesi Selatan,Kab. Pangkajene Kepulauan,L,D4,134,575.0,130.89540028131478,111.43894458634689,101.54197073033544,111.91747538259284,99.76208412098809,109.80494414297088,92.3904477531539
2026,Prov. Sulawesi Selatan,Kab. Pangkajene Kepulauan,L,S1,39,403.0,91.7406022841215,59.27754681596583,48.4565328787798,45.74197791105873,54.19396789343446,56.71202252163941,57.79170542176875
2027,Prov. Sulawesi Selatan,Kab. Pangkajene Kepulauan,L,S2 Terapan,3,12.0,2.731730092827439,4.3094976277207575,3.6181048737899277,3.0883146135922988,3.579362034907758,4.258456011978641,5.33234869223547
2028,Prov. Sulawesi Selatan,Kab. Pangkajene Kepulauan,P,D3,32,69.0,15.707448033757773,23.392165370594228,19.71516724716915,20.379943624569428,19.79417393681052,22.642961889289772,22.957017831380142
2029,Prov. Sulawesi Selatan,Kab. Pangkajene Kepulauan,P,D4,318,1018.0,231.74176954152773,222.83310737394106,204.89646135901185,228.43120406196164,172.80265047585982,155.02149073263925,225.72943320291483
2030,Prov. Sulawesi Selatan,Kab. Pangkajene Kepulauan,P,S1,152,1095.0,249.2703709705038,201.10191440174933,169.05937993233445,167.85837722073776,183.1523780984199,188.5025069438662,184.88493855497498
2031,Prov. Sulawesi Selatan,Kab. Pangkajene Kepulauan,P,S2 Terapan,3,13.0,2.9593742672297254,5.123555305822318,4.347950860733729,3.7280201485794695,3.950179863437932,4.333034222474835,5.729913686063673
2032,Prov. Sulawesi Selatan,Kab. Pinrang,L,Profesi,24,41.0,9.333411150493749,63.96923809412659,49.676221051612075,54.86657052421886,35.60322472046895,22.171840995108376,24.034128265691916
2033,Prov. Sulawesi Selatan,Kab. Pinrang,L,S1,163,1309.0,297.98622429259314,158.43292055682477,125.70720919058422,120.36602974191375,173.5551293640442,160.0834014027525,155.33469216570052
2034,Prov. Sulawesi Selatan,Kab. Pinrang,P,Profesi,82,160.0,36.42306790436585,269.53519420881946,211.18279349854126,232.9916741420656,132.74826844477215,72.45772820200676,133.1181053243334
2035,Prov. Sulawesi Selatan,Kab. Pinrang,P,S1,233,1287.0,292.97805245574284,204.4798277963581,167.3181545685766,171.14515775164435,191.22043244036925,219.4573927737877,202.72143357373733
2036,Prov. Sulawesi Selatan,Kab. Sidenreng Rappang,L,D3,4,15.0,3.4146626160342985,4.606532670279998,3.948303602263541,4.186808326228263,3.4908532637295346,4.222637115868845,5.330494937073452
2037,Prov. Sulawesi Selatan,Kab. Sidenreng Rappang,L,D4,18,52.0,11.837497068918902,6.929501841312459,6.092131740230092,6.0155193776940905,6.0465722988322845,11.063715223436061,7.452462740011617
2038,Prov. Sulawesi Selatan,Kab. Sidenreng Rappang,L,Profesi,281,306.0,69.6591173670997,460.85798743079437,368.3046477963051,381.77125510870013,194.3310370972997,315.7938641092041,342.1831611044315
2039,Prov. Sulawesi Selatan,Kab. Sidenreng Rappang,L,S1,351,2240.0,509.92295066112194,259.3841281586611,217.86536447238126,198.65224734367868,180.62861546521071,222.6081064842069,220.87636107447707
2040,Prov. Sulawesi Selatan,Kab. Sidenreng Rappang,L,S2,31,126.0,28.68316597468811,32.34226570404649,29.09480281163551,27.133073186435375,24.299844920945258,25.698957820875506,29.690818398492866
2041,Prov. Sulawesi Selatan,Kab. Sidenreng Rappang,P,D3,33,109.0,24.813215009849237,35.41951380374551,30.56054007893513,32.14706269518246,30.48645721288188,37.84699207228605,35.39339151382266
2042,Prov. Sulawesi Selatan,Kab. Sidenreng Rappang,P,D4,82,171.0,38.927153822791006,25.32797867321838,22.53956896780079,22.454339601025374,21.128828444700467,20.349730262526286,20.24381111713121
2043,Prov. Sulawesi Selatan,Kab. Sidenreng Rappang,P,Profesi,1523,1642.0,373.79173436855456,2775.3301924894768,2247.513088702002,2358.243788533372,2133.281569494836,1671.4740791158604,1942.3445274441756
2044,Prov. Sulawesi Selatan,Kab. Sidenreng Rappang,P,S1,1107,4431.0,1008.6913367765318,700.2371486933993,609.6898437250677,602.1469108974138,615.0704922672691,690.9444246115477,729.0589819936175
2045,Prov. Sulawesi Selatan,Kab. Sidenreng Rappang,P,S2,40,125.0,28.455521800285823,44.065052911069536,41.08811530985606,41.57363068787518,44.16792751280951,46.366693288350994,48.70986046641369
2046,Prov. Sulawesi Selatan,Kab. Sinjai,L,D4,8,81.0,18.43917812658521,15.894866748995533,13.478691713883585,15.760791635471877,23.07275430069821,13.506386725816894,11.11088371215005
2047,Prov. Sulawesi Selatan,Kab. Sinjai,L,S1,278,1636.0,372.42586932214084,286.2893774394638,225.90926923102725,241.81218118020647,282.91699917442685,275.71756143629796,267.57295383928727
2048,Prov. Sulawesi Selatan,Kab. Sinjai,L,S2,28,58.0,13.20336211533262,16.993019404535055,14.329728673067073,14.498996340226267,20.61978524552898,12.49381844856964,12.876052758890314
2049,Prov. Sulawesi Selatan,Kab. Sinjai,P,D3,32,36.0,8.195190278482317,11.35978692106053,9.022834178363626,9.741451158126893,6.892681012120338,14.677805095740723,19.651731273554827
2050,Prov. Sulawesi Selatan,Kab. Sinjai,P,D4,2,5.0,1.1382208720114328,1.0593758139401512,0.9063722054898024,1.058667239099836,1.6697701002849934,2.47114557960773,1.9505134964074555
2051,Prov. Sulawesi Selatan,Kab. Sinjai,P,S1,514,2522.0,574.1186078425667,489.4254145630723,390.8252219488422,421.73407357079253,508.516747295606,487.30685999209203,537.9518927879305
2052,Prov. Sulawesi Selatan,Kab. Sinjai,P,S2,21,46.0,10.471632022505183,13.587065438164641,11.471500827153307,11.32426751062297,17.896732806483893,12.241660620979273,14.75517764026712
2053,Prov. Sulawesi Selatan,Kab. Soppeng,L,D3,16,43.0,9.788699499298323,12.011022934595402,10.27422159487292,10.943320653203797,12.091843570258629,13.692439305819429,11.550727231119879
2054,Prov. Sulawesi Selatan,Kab. Soppeng,L,S1,191,1048.0,238.57109477359631,170.67866430323386,145.90645230191063,152.50720797730906,185.0590441230484,160.9481633140067,149.86486638387774
2055,Prov. Sulawesi Selatan,Kab. Soppeng,P,D3,60,197.0,44.84590235725045,49.52228209853099,41.97525590584409,42.01079583477466,53.20328807954161,46.64582765193908,42.46651741327919
2056,Prov. Sulawesi Selatan,Kab. Soppeng,P,S1,225,1542.0,351.0273169283259,277.86954784961284,240.32199186341643,253.0371962048588,312.04015549108806,302.40277919044604,251.51636682937175
2057,Prov. Sulawesi Selatan,Kab. Takalar,L,Profesi,2,6.0,1.3658650464137194,6.3156025978705035,4.73535163433659,4.427515517499867,6.4349931204363635,4.14241272181767,3.821273394588648
2058,Prov. Sulawesi Selatan,Kab. Takalar,L,S1,13,326.0,74.21200085514542,64.84894099030315,54.89404731914704,60.41985905862383,94.25945982009145,60.1719791293649,58.12371531642299
2059,Prov. Sulawesi Selatan,Kab. Takalar,P,Profesi,8,25.0,5.691104360057164,28.898094655825833,21.90267015037321,20.57573625136056,25.8869241923431,16.329242525502046,15.180905467930524
2060,Prov. Sulawesi Selatan,Kab. Takalar,P,S1,37,518.0,117.91968234038444,110.4402568884691,94.24476019471798,103.3561371674927,144.29818297431953,110.23201009991729,105.35031057001218
2061,Prov. Sulawesi Selatan,Kab. Tana Toraja,L,D3,11,44.0,10.016343673700609,10.663447317336859,8.94629735570016,8.785353938116607,8.578674446740491,11.877488500630248,11.659719017189586
2062,Prov. Sulawesi Selatan,Kab. Tana Toraja,L,Profesi,3,4.0,0.9105766976091463,4.726537556012287,3.6949580526620514,3.539822876591864,2.078556011522816,5.833716532355064,6.924819643336267
2063,Prov. Sulawesi Selatan,Kab. Tana Toraja,L,S1,958,5144.0,1171.001633125362,710.5914387090717,598.393025896035,574.5738492656105,575.1742791615324,605.3176072168046,627.2706958154628
2064,Prov. Sulawesi Selatan,Kab. Tana Toraja,L,S2,51,147.0,33.463693637136124,39.58836143554239,35.99039939109548,34.27756681281878,35.05797206472639,30.97368254174163,36.518309274951115
2065,Prov. Sulawesi Selatan,Kab. Tana Toraja,L,S3,3,10.0,2.2764417440228657,1.458749216081138,1.4284337278163852,1.8779394509616598,1.515887089149769,2.136315424397286,1.681652325829457
2066,Prov. Sulawesi Selatan,Kab. Tana Toraja,P,D3,172,596.0,135.6759279437628,171.29201188286672,146.5260990052414,148.4396929973181,145.8786367035588,173.9011319632125,187.89361126718208
2067,Prov. Sulawesi Selatan,Kab. Tana Toraja,P,Profesi,51,76.0,17.30095725457378,74.20516920051327,56.799441693924905,49.58212950029556,44.23329452330113,77.83345839669155,95.89710016035689
2068,Prov. Sulawesi Selatan,Kab. Tana Toraja,P,S1,1555,7415.0,1687.9815531929548,1258.1016989755417,1087.0074393494838,1091.328439109323,1129.2068989880704,1208.9848830519463,1213.8047912689044
2069,Prov. Sulawesi Selatan,Kab. Tana Toraja,P,S2,66,215.0,48.94349749649161,67.46566248286014,62.413189871280885,60.95226674451185,69.76301023421728,82.79674961129348,85.27012372407675
2070,Prov. Sulawesi Selatan,Kab. Tana Toraja,P,S3,2,4.0,0.9105766976091463,0.8122897967544568,0.8257093375582779,1.183284389105642,0.7052552958303263,1.4810962805587942,1.4340450930941537
2071,Prov. Sulawesi Selatan,Kab. Toraja Utara,L,Profesi,10,30.0,6.829325232068597,23.443094239605816,16.953799126215348,14.33247604873003,23.764216911636513,18.393124146500977,19.479077497248845
2072,Prov. Sulawesi Selatan,Kab. Toraja Utara,L,S1,15,106.0,24.130282486642376,11.155054469556653,8.768271168682467,7.767077497925896,16.523435001896782,15.318280833549636,16.645717750182357
2073,Prov. Sulawesi Selatan,Kab. Toraja Utara,P,D3,10,59.0,13.431006289734908,15.5156646314117,12.733308795972281,12.726488827466873,18.642824714562714,15.347063528160028,19.83937768851802
2074,Prov. Sulawesi Selatan,Kab. Toraja Utara,P,Profesi,35,111.0,25.26850335865381,94.62349327290502,69.12231633924408,58.57769682600216,80.50509734848995,92.39002118736875,85.9062252938839
2075,Prov. Sulawesi Selatan,Kab. Toraja Utara,P,S1,115,770.0,175.28601428976066,83.50979983612154,65.94721428326088,57.45995386493047,59.56968403148166,75.63232971595772,79.64072821707367
2076,Prov. Sulawesi Selatan,Kab. Wajo,L,S1,268,1754.0,399.28788190161066,193.21901113594205,146.87457012081242,132.71525112478156,258.24919848097596,210.19923692670685,202.00091258703216
2077,Prov. Sulawesi Selatan,Kab. Wajo,L,S2,38,84.0,19.12211064979207,20.25538413687548,16.956100415095296,15.88017632176316,21.865707008105208,15.378325823442701,16.951624038987056
2078,Prov. Sulawesi Selatan,Kab. Wajo,P,D3,34,141.0,32.09782859072241,34.883841230309606,27.355967695757155,26.885564006813308,37.12548704424679,33.202302865366015,35.0901486305995
2079,Prov. Sulawesi Selatan,Kab. Wajo,P,S1,388,2063.0,469.6299317919172,294.9647681150126,230.93711412463506,222.0531363836085,234.41943995379012,208.18214238544033,276.0075989239878
2080,Prov. Sulawesi Selatan,Kab. Wajo,P,S2,55,140.0,31.87018441632012,46.853902436217545,40.70246651579733,41.5086983607655,49.92208714521754,45.813787876587234,48.63113734630542
2081,Prov. Sulawesi Selatan,Kota Makassar,L,D3,1610,6834.0,1555.7202878652265,1770.9402685894847,1752.117647934031,1719.7039738469434,1577.3017417621263,1766.2716794943924,1781.8598036363
2082,Prov. Sulawesi Selatan,Kota Makassar,L,D4,1160,8067.0,1836.4055549032457,1330.331638871869,1455.6682419153478,1547.3952537034622,1367.693175578663,1807.7043744269913,1565.4221760090993
2083,Prov. Sulawesi Selatan,Kota Makassar,L,Profesi,12939,12134.0,2762.234412197345,17266.5909570454,18113.323137488253,19373.663158482384,17906.188858263766,10817.180497750787,12676.663251965978
2084,Prov. Sulawesi Selatan,Kota Makassar,L,S1,13286,90741.0,20656.660029437884,12720.458316397853,13070.850654943659,12621.25028065333,14302.184062244782,17944.978362894497,15536.157406980672
2085,Prov. Sulawesi Selatan,Kota Makassar,L,S2,2842,10755.0,2448.313095696592,2680.913369276418,2818.1173861749594,2547.441994086453,2416.9227430346687,2498.4912018558693,3268.9252695380937
2086,Prov. Sulawesi Selatan,Kota Makassar,L,S2 Terapan,74,157.0,35.74013538115899,48.66929300834647,48.468248600024616,39.76330841909427,45.55392538082082,26.84311849495202,34.75452330737148
2087,Prov. Sulawesi Selatan,Kota Makassar,L,S3,389,2570.0,585.0455282138765,335.39683230724586,378.3024464074595,466.5578746268426,383.624376831719,567.0375390340437,466.03610509739826
2088,Prov. Sulawesi Selatan,Kota Makassar,L,Sp-1,194,911.0,207.38384288048306,179.09212422942522,230.61398536972192,325.5342560310132,178.92616947712492,198.1240358954755,204.3055903839433
2089,Prov. Sulawesi Selatan,Kota Makassar,L,Sp-2,20,68.0,15.479803859355487,25.150956010565125,27.365427876317916,26.878533441891342,17.97707116975665,24.78001869821448,26.269982218300825
2090,Prov. Sulawesi Selatan,Kota Makassar,P,D3,3372,11547.0,2628.607281823203,3294.7418915463995,3296.170678100131,3253.5209224971345,3123.3138071218937,3142.7454852748438,3427.487329060733
2091,Prov. Sulawesi Selatan,Kota Makassar,P,D4,1935,9825.0,2236.6040135024655,1892.772713517897,2089.168375696458,2266.8433582562407,1934.9064278802502,2096.8114733733732,1864.9964132932917
2092,Prov. Sulawesi Selatan,Kota Makassar,P,Profesi,30259,27328.0,6221.059998065687,41281.16957701385,43350.3448946742,45881.37535972341,41099.40454353659,17377.571653420557,29571.55323250073
2093,Prov. Sulawesi Selatan,Kota Makassar,P,S1,21767,122562.0,27900.525303093047,21483.506840405847,22894.41080660271,23380.344670390892,24048.084088685515,21247.210479170208,23082.405895043354
2094,Prov. Sulawesi Selatan,Kota Makassar,P,S2,3730,11347.0,2583.078446942746,3553.575643598702,3833.3973835220354,3646.36687277219,3093.039076265876,2989.6194700709448,3659.8193299706277
2095,Prov. Sulawesi Selatan,Kota Makassar,P,S2 Terapan,55,131.0,29.82138684669954,48.41090703895747,49.18494751056496,41.70197866036439,44.027625453424584,39.96568812126843,44.28625146771731
2096,Prov. Sulawesi Selatan,Kota Makassar,P,S3,274,1661.0,378.11697368219797,264.7000486409413,305.4943831037385,392.66652606266666,300.81773993720094,349.34766792519093,305.0095076558972
2097,Prov. Sulawesi Selatan,Kota Makassar,P,Sp-1,264,1345.0,306.18141457107544,284.4763222615527,369.44352065839473,520.2975350478652,285.827295429929,302.06562351861584,323.62524318603
2098,Prov. Sulawesi Selatan,Kota Makassar,P,Sp-2,5,34.0,7.739901929677743,13.83399281717157,15.218456415906836,15.027426579185205,14.30519673008212,9.694930120853885,7.322217913682841
2099,Prov. Sulawesi Selatan,Kota Palopo,L,D3,96,836.0,190.31052980031157,222.45840732259148,199.14684123361366,202.42230608000403,202.10188423157322,173.5792995277246,171.9201067070364
2100,Prov. Sulawesi Selatan,Kota Palopo,L,Profesi,383,436.0,99.25286003939695,646.1113972397278,547.0475674489976,567.8116381149609,403.9394920304893,438.0599325631745,438.75391369196416
2101,Prov. Sulawesi Selatan,Kota Palopo,L,S1,993,9434.0,2147.5951413111716,1156.323263021678,1020.8630758705197,946.5421010315287,1145.5310874770068,959.006222695382,946.3498149204318
2102,Prov. Sulawesi Selatan,Kota Palopo,L,S2,111,461.0,104.9439643994541,110.72512831221441,104.93533648216064,96.31374711670965,115.99466000943536,104.48295677933802,120.48739223819068
2103,Prov. Sulawesi Selatan,Kota Palopo,P,D3,207,1062.0,241.75811321522835,310.16609014638806,281.09458586724037,287.2828281674672,312.81400894081713,240.04634415021386,264.5686675792772
2104,Prov. Sulawesi Selatan,Kota Palopo,P,Profesi,2870,4297.0,978.1870174066254,5901.621551615619,4956.362863366064,4876.448995980546,3330.35224663932,3131.1509797144145,4626.225127788229
2105,Prov. Sulawesi Selatan,Kota Palopo,P,S1,3057,20841.0,4744.332238718054,3388.2413078433115,3089.5452931740697,3071.7287137647404,3564.7352879042282,2906.50252998515,3084.9568244299994
2106,Prov. Sulawesi Selatan,Kota Palopo,P,S2,196,542.0,123.38314252603932,171.0476327223141,167.19220520358505,163.98342967756443,191.63299841226782,162.51887424794228,191.33500383842699
2107,Prov. Sulawesi Selatan,Kota Pare-Pare,L,D3,10,93.0,21.170908219412652,14.923383919743419,11.695593111457665,9.719492464138877,6.337108635398694,11.685788379077774,11.43615009028512
2108,Prov. Sulawesi Selatan,Kota Pare-Pare,L,Profesi,535,538.0,122.47256582843018,892.3693220714978,708.9267461607064,744.0488257529464,897.3288513996648,672.9777385612349,626.5372996488937
2109,Prov. Sulawesi Selatan,Kota Pare-Pare,L,S1,832,6065.0,1380.661917749868,799.0200070910859,651.6959747293673,598.5758934529675,649.8900915873869,716.9586820825251,681.6054762637524
2110,Prov. Sulawesi Selatan,Kota Pare-Pare,L,S2,132,611.0,139.0905905597971,164.5662861299733,146.3681567228214,135.9293715031754,112.71749303386935,159.43902535464704,158.74010957725721
2111,Prov. Sulawesi Selatan,Kota Pare-Pare,L,S3,11,95.0,21.626196568217225,8.18240051614187,7.38909504088391,7.903524096815773,6.647628669660271,11.71958183503463,11.2534090480913
2112,Prov. Sulawesi Selatan,Kota Pare-Pare,P,D3,50,244.0,55.54517855415792,69.80221600055431,58.385185299994966,57.580180301854455,55.63881481717458,66.25095487374274,73.58169205455383
2113,Prov. Sulawesi Selatan,Kota Pare-Pare,P,Profesi,2143,2150.0,489.43497496491614,3850.4278734481513,3086.2521061048983,3235.5944423084557,3613.826459150401,2448.5322496045383,2572.6841216387415
2114,Prov. Sulawesi Selatan,Kota Pare-Pare,P,S1,1487,8018.0,1825.2509903575337,1440.2059330011823,1218.9782139961424,1213.175453902779,1270.300342530585,1191.5278183659427,1113.1096909652927
2115,Prov. Sulawesi Selatan,Kota Pare-Pare,P,S2,147,575.0,130.89540028131478,189.60359886441103,172.55800791336603,167.13742305921787,168.92308489596763,178.12284283444987,204.1807681845331
2116,Prov. Sulawesi Selatan,Kota Pare-Pare,P,S3,2,15.0,3.4146626160342985,1.8721660619154843,1.7629701125913397,2.0840203543996587,1.962771642097907,1.7322542308500921,1.3096572665028219
2117,Prov. Sulawesi Tengah,Kab. Banggai,L,D3,143,369.0,101.76656564754754,70.12496707439054,75.43224311200068,72.10886870853336,85.50175700075684,64.49042574202097,47.917002488463474
2118,Prov. Sulawesi Tengah,Kab. Banggai,L,S1,308,4220.0,1163.8344364028471,499.2582888135639,560.5671268108409,530.2205536589462,567.5105843715177,551.0009730070666,532.5529989861033
2119,Prov. Sulawesi Tengah,Kab. Banggai,L,S2,33,55.0,15.168458294349904,20.127865389081606,18.686643612040587,18.17330779566697,17.482163589883484,15.628008060770034,9.877112626215963
2120,Prov. Sulawesi Tengah,Kab. Banggai,P,D3,250,576.0,158.85512686446444,108.78759313726874,124.89813563423247,121.6830169379289,110.05263037772895,126.55141259946772,97.62211469924299
2121,Prov. Sulawesi Tengah,Kab. Banggai,P,S1,623,4940.0,1362.4033449834276,748.0582151690012,810.922427836151,799.389720404934,878.5297916323811,867.9286925471446,845.5483647014235
2122,Prov. Sulawesi Tengah,Kab. Banggai,P,S2,38,61.0,16.823199199188075,24.487684051214835,23.3521046897548,23.30640655783553,19.3273781159038,17.20538408583974,15.61752652684336
2123,Prov. Sulawesi Tengah,Kab. Buol,L,S1,46,458.0,126.31188906931374,71.35502085840625,60.47617844046402,59.20670249197743,68.58785979250922,48.92385183515165,53.31755442524508
2124,Prov. Sulawesi Tengah,Kab. Buol,P,S1,36,431.0,118.86555499754196,73.13164514824167,63.84972473967395,64.10365815853942,87.45322302850083,53.816378521823644,53.70203735768027
2125,Prov. Sulawesi Tengah,Kab. Marowali,L,D3,76,299.0,82.4612550911022,90.20375643168705,86.74496160423705,82.15643938127266,84.88272903279844,66.51552747576626,70.0776901132167
2126,Prov. Sulawesi Tengah,Kab. Marowali,P,D3,14,201.0,55.43382031207874,66.5274873038928,65.71097280677243,63.86879014836973,59.441275196269736,54.53080149325159,44.12525917901609
2127,Prov. Sulawesi Tengah,Kab. Poso,L,Profesi,3,4.0,1.1031606032254475,5.377773080651143,4.13494863031632,3.930695800337579,6.219267805739987,2.2071573950831254,1.5951994118282313
2128,Prov. Sulawesi Tengah,Kab. Poso,L,S1,37,494.0,136.24033449834278,66.34683143270611,65.26439469033897,62.77746564154931,67.72507114753346,58.165591556582676,53.099717307761864
2129,Prov. Sulawesi Tengah,Kab. Poso,P,D3,41,163.0,44.95379458143699,40.9644109444616,38.86620934967437,38.64940980245018,45.19157628936973,38.571330332602315,34.28179923766331
2130,Prov. Sulawesi Tengah,Kab. Poso,P,Profesi,15,18.0,4.964222714514514,25.178708490090504,20.312260684262764,19.71163628023991,22.000241516699422,10.21469999031271,9.789091600809968
2131,Prov. Sulawesi Tengah,Kab. Poso,P,S1,74,1002.0,276.3417311079746,159.9793327493292,156.51506346389178,155.7397681097359,172.87128605924258,169.52455207297803,131.25147659641857
2132,Prov. Sulawesi Tengah,Kab. Sigi,L,S1,7,15.0,4.136852262095428,2.476629272197372,2.050724128072764,2.0192888880072353,1.8741254155495684,5.077519867297041,4.394995069929516
2133,Prov. Sulawesi Tengah,Kab. Sigi,L,S2,3,12.0,3.3094818096763428,3.56951946063939,3.035507483753555,2.9130641927299195,3.9158063542100456,4.622921223697748,3.169139265500959
2134,Prov. Sulawesi Tengah,Kab. Sigi,P,S1,6,22.0,6.067383317739961,4.5236583415181855,3.6565450350960575,3.741832787308512,3.1018939589095287,4.673878250674362,3.8194375431354723
2135,Prov. Sulawesi Tengah,Kab. Sigi,P,S2,3,12.0,3.3094818096763428,4.967436637676017,3.9440523378103935,3.9771761269648613,3.5913714409011828,4.821617878712966,2.724103784513247
2136,Prov. Sulawesi Tengah,Kab. Toli-Toli,L,S1,201,1827.0,503.86860552322315,218.9155473266598,255.19974367771258,238.65481301794617,211.90141428917806,212.96590165784062,243.59659478407062
2137,Prov. Sulawesi Tengah,Kab. Toli-Toli,P,S1,354,2803.0,773.0397927102323,420.0048494167831,477.1360245397016,463.9825259678438,410.3664973663221,322.6608884552608,374.6508200399626
2138,Prov. Sulawesi Tengah,Kota Palu,L,D3,180,919.0,253.45114859104658,182.40400992755062,198.06981155318354,189.30000161880022,155.97083553189097,180.246385146181,156.91861933390112
2139,Prov. Sulawesi Tengah,Kota Palu,L,D4,52,725.0,199.94785933461236,118.93898596239801,124.88309059793619,128.20897118154448,106.08345271605756,112.78520240741456,111.61394483101618
2140,Prov. Sulawesi Tengah,Kota Palu,L,Profesi,2011,802.0,221.18370094670223,979.3256332839788,868.5691312370005,818.2646862803799,764.6412847011037,607.0540727296396,819.4527945962466
2141,Prov. Sulawesi Tengah,Kota Palu,L,S1,3814,33610.0,9269.306968601823,4565.1914441833915,4957.4209186287035,4785.0414426937905,4089.878725693004,4725.743366019051,4389.804180592192
2142,Prov. Sulawesi Tengah,Kota Palu,L,S2,298,1527.0,421.1315602813146,417.87568975615415,445.9419343280055,423.43630575511037,368.07618117278327,343.387422609259,473.69771804885687
2143,Prov. Sulawesi Tengah,Kota Palu,L,S3,46,333.0,91.83812021851851,45.09180411018539,50.003895905673915,61.40529343685625,54.03006111210249,56.04595740029975,54.969961703274016
2144,Prov. Sulawesi Tengah,Kota Palu,P,D3,1143,3568.0,984.0192580770992,941.2055093526036,972.0152900811141,971.7032129532337,886.5505612162464,876.1019153649726,937.5888154275169
2145,Prov. Sulawesi Tengah,Kota Palu,P,D4,357,1088.0,300.0596840773217,212.96835452718966,222.1274126368415,235.85007215042998,211.01535993223348,219.63306965289635,210.43570075955364
2146,Prov. Sulawesi Tengah,Kota Palu,P,Profesi,5911,1792.0,494.2159502450005,2403.141204941751,2188.204586633857,2115.91449644213,1786.4076618553995,1698.359748086264,1531.999955806874
2147,Prov. Sulawesi Tengah,Kota Palu,P,S1,6656,41713.0,11504.034560585773,7040.684801883951,7470.487058712734,7491.241245857872,6294.80985124265,7427.1024280028105,7023.932366689537
2148,Prov. Sulawesi Tengah,Kota Palu,P,S2,387,1441.0,397.41360731196744,487.13154211065245,509.1221923784533,502.01003729418386,461.985259030958,377.52117104732497,463.11773204023615
2149,Prov. Sulawesi Tengah,Kota Palu,P,S3,16,199.0,54.88224001046601,31.206351628764907,34.78584484514978,44.06161473714832,35.747193457846045,30.57107210866366,28.11195763898973
2150,Prov. Sulawesi Tenggara,Kab. Kolaka,L,D3,1,18.0,4.200292773810052,3.651564842619318,2.8820873732941767,2.669132277380446,4.675520178102549,4.559113804283517,4.8768242200811756
2151,Prov. Sulawesi Tenggara,Kab. Kolaka,L,D4,9,44.0,10.267382335980127,8.667905996969413,7.725003744844723,8.891426000818857,11.826552841050589,11.296543035936192,7.976815963509755
2152,Prov. Sulawesi Tenggara,Kab. Kolaka,L,S1,460,4266.0,995.4693873929823,523.7211458953046,416.63237785859036,386.0591054173142,542.7354208466024,584.1649114693713,588.5574125626615
2153,Prov. Sulawesi Tenggara,Kab. Kolaka,L,S2,3,12.0,2.8001951825400346,4.613279480312456,4.283302682440594,4.6522518806906925,3.793264683202323,3.042110224199931,2.6764556151701715
2154,Prov. Sulawesi Tenggara,Kab. Kolaka,P,D3,55,311.0,72.5717251474959,88.4503212634566,73.78083756876013,74.99358713174297,90.57119788667534,73.250124276411,81.98520957348985
2155,Prov. Sulawesi Tenggara,Kab. Kolaka,P,D4,12,60.0,14.000975912700174,12.934659559807598,11.489827515130989,13.21690678529409,20.120302253327626,13.900306480991693,10.427884100588239
2156,Prov. Sulawesi Tenggara,Kab. Kolaka,P,S1,923,5543.0,1293.456824734951,916.6721635714982,763.1665557332462,764.8177724078627,913.6971397510986,680.9505958647302,780.4397091990621
2157,Prov. Sulawesi Tenggara,Kab. Kolaka,P,S2,10,31.0,7.23383755489509,13.041647254414551,12.069115669988145,13.100971524020961,9.795135938956431,6.5661762643705455,8.23194140118954
2158,Prov. Sulawesi Tenggara,Kab. Konawe,L,D3,1,181.0,42.23627733664552,51.89369622823442,47.35873637106998,49.81619230124441,48.36286425687123,52.51726335995484,53.65106971158972
2159,Prov. Sulawesi Tenggara,Kab. Konawe,L,S1,138,861.0,200.9140043472475,90.78727254181649,74.529100890073,64.6968035543809,80.20206817886505,98.26840387205132,93.88406727306226
2160,Prov. Sulawesi Tenggara,Kab. Konawe,P,D3,25,238.0,55.537204453710686,80.0599589760266,74.03388276819734,79.90689411883862,77.28878393246373,72.88299006105682,67.37304206784181
2161,Prov. Sulawesi Tenggara,Kab. Konawe,P,S1,156,804.0,187.61307723018234,115.41182921643357,99.4374292162783,93.69157583134047,113.24531366011863,116.8715237216642,114.01878134004474
2162,Prov. Sulawesi Tenggara,Kab. Muna,L,D3,6,23.0,5.367040766535067,4.5633070289050295,3.584252373160374,3.3618722286470955,5.499558654797239,5.31126615910125,5.084516960701916
2163,Prov. Sulawesi Tenggara,Kab. Muna,L,D4,2,46.0,10.734081533070134,7.275213318458766,6.158159148655074,6.662506576048474,8.466408709953143,10.934051762971984,9.02287805893979
2164,Prov. Sulawesi Tenggara,Kab. Muna,L,Profesi,2,6.0,1.4000975912700173,7.729205774689742,5.703301169745338,5.770059382072472,4.442793135026277,2.762096851384397,2.6205227885983104
2165,Prov. Sulawesi Tenggara,Kab. Muna,L,S1,27,574.0,133.94266956483168,82.79557560531474,68.72693648070637,68.8305898206868,85.77571548103214,116.36394094177673,102.07313542929279
2166,Prov. Sulawesi Tenggara,Kab. Muna,P,D3,46,198.0,46.20322051191057,55.67228441629227,46.33219803735789,47.8912260421275,53.98822880152367,44.97599125945855,35.699271486603614
2167,Prov. Sulawesi Tenggara,Kab. Muna,P,D4,9,160.0,37.33593576720046,30.150448888842295,25.954285948927797,28.980495206186458,33.02675063544736,31.89287163988326,34.48496378431962
2168,Prov. Sulawesi Tenggara,Kab. Muna,P,Profesi,6,12.0,2.8001951825400346,20.493278440992874,15.771608353812496,17.146140152942646,15.084386038598879,7.109451202898005,9.320497666572857
2169,Prov. Sulawesi Tenggara,Kab. Muna,P,S1,67,845.0,197.18041077052746,146.06184314268125,123.46893005566686,127.89891905028983,155.86026030655182,154.96733866076295,174.33000492370746
2170,Prov. Sulawesi Tenggara,Kab. Wakatobi,L,D1,22,22.0,5.133691167990063,16.791780812839992,6.088906522454418,6.668797380900134,9.563659861810953,8.101872742305726,10.89580383863979
2171,Prov. Sulawesi Tenggara,Kab. Wakatobi,L,S1,48,382.0,89.1395466441911,45.48876132100312,32.11408459093852,30.33452355161548,40.61398913325647,18.313684554126304,14.354741986898711
2172,Prov. Sulawesi Tenggara,Kab. Wakatobi,P,D1,19,21.0,4.900341569445061,17.54024303044512,6.339458414089676,6.939113179559404,10.18656128947424,6.934540997442234,8.037138968232913
2173,Prov. Sulawesi Tenggara,Kab. Wakatobi,P,S1,80,618.0,144.21005190081178,93.81821900212844,68.44384568932983,68.45260465034684,88.21002279745478,49.3796980203888,42.089832890881794
2174,Prov. Sulawesi Tenggara,Kota Baubau,L,D3,17,73.0,17.03452069378521,19.55968315007185,18.693517407995543,19.04101643081266,20.72203970838117,21.296200080536025,24.17360634153401
2175,Prov. Sulawesi Tenggara,Kota Baubau,L,D4,6,211.0,49.236765292995614,36.04264812760612,35.21152285655352,38.019134753115694,38.015076191549035,34.343617613311594,25.96346975661187
2176,Prov. Sulawesi Tenggara,Kota Baubau,L,Profesi,6,14.0,3.2668943796300405,8.210431771862034,5.700305591366259,4.151865168596626,20.615189022145547,5.6108578838378405,6.978552691638382
2177,Prov. Sulawesi Tenggara,Kota Baubau,L,S1,887,7370.0,1719.7865412766714,919.6851753610873,835.6638238737634,768.4286119539044,759.8183503723719,802.0834577082137,737.3648170439703
2178,Prov. Sulawesi Tenggara,Kota Baubau,L,S2,51,116.0,27.068553431220337,37.98208512165613,38.493868912594294,38.95644925188534,48.20344453752635,40.82498620922077,41.963963770489215
2179,Prov. Sulawesi Tenggara,Kota Baubau,P,D3,223,975.0,227.5158585813778,285.7334513177904,272.1517675342729,276.99307030558333,273.67427797881453,224.16130375379373,233.05930162739492
2180,Prov. Sulawesi Tenggara,Kota Baubau,P,D4,29,298.0,69.53818036641086,56.768079040358664,55.52493930968057,60.346684635097446,51.70905571611444,40.14062512531722,37.797918664830505
2181,Prov. Sulawesi Tenggara,Kota Baubau,P,Profesi,37,57.0,13.300927117065164,37.2195598880741,25.86156123716613,18.94893895641012,78.40292776273037,54.680013738291436,67.56801392203076
2182,Prov. Sulawesi Tenggara,Kota Baubau,P,S1,1690,10427.0,2433.1362640287452,1639.3971522002587,1534.4551533181634,1487.9758098140715,1389.6713421525014,1427.9558151966178,1539.6331699579353
2183,Prov. Sulawesi Tenggara,Kota Baubau,P,S2,20,48.0,11.200780730160139,17.704014304315976,18.006543758701326,18.412503056111795,21.105511121101248,12.740919139063065,14.08124078246429
2184,Prov. Sulawesi Tenggara,Kota Kendari,L,D3,249,2028.0,473.23298584926584,444.31171072107463,370.1431388200233,346.4394513821639,438.78483863169293,388.79314350550607,393.6794721434673
2185,Prov. Sulawesi Tenggara,Kota Kendari,L,D4,29,182.0,42.469626935190526,25.16748065839724,21.5806822619566,21.116408298086885,21.707298375185648,29.769269378985317,28.85121750852074
2186,Prov. Sulawesi Tenggara,Kota Kendari,L,Profesi,2338,2338.0,545.5713613982168,3799.334454437597,3097.17135643575,3255.155609537643,2464.6557751331434,2155.759808502134,2644.299369946314
2187,Prov. Sulawesi Tenggara,Kota Kendari,L,S1,4871,33714.0,7867.148365346227,4827.232224987349,4169.089505490462,3976.0401229035165,4436.449528320638,4035.8741432288425,4125.3382887667585
2188,Prov. Sulawesi Tenggara,Kota Kendari,L,S2,648,2280.0,532.0370846826066,599.389608256684,532.1481753448368,486.52394752649656,534.5424047535379,596.9692665995342,663.7460891287192
2189,Prov. Sulawesi Tenggara,Kota Kendari,L,S3,71,310.0,72.33837554895089,44.719266104698086,43.45592245750936,56.428061539462455,45.00487447128515,42.021480131860855,40.47946333764054
2190,Prov. Sulawesi Tenggara,Kota Kendari,P,D3,842,3702.0,863.8602138136007,1006.3887985500857,867.1763923812111,843.8844641219187,967.6286104207034,938.6273945238089,1014.9807994927577
2191,Prov. Sulawesi Tenggara,Kota Kendari,P,D4,286,1311.0,305.9213236924988,209.5579054374529,181.43844535956418,181.14309360605284,176.7407196177386,217.99331287228432,193.9501841188916
2192,Prov. Sulawesi Tenggara,Kota Kendari,P,Profesi,8047,7724.0,1802.3922991616023,13673.684321173574,11098.219441500958,11637.55408564685,8080.120512876729,5676.155989213474,6774.246027333002
2193,Prov. Sulawesi Tenggara,Kota Kendari,P,S1,7758,42156.0,9837.085676263143,7588.216832821644,6741.146577151328,6780.8401700133845,6766.17770942513,6705.950801281562,6766.698226046869
2194,Prov. Sulawesi Tenggara,Kota Kendari,P,S2,567,1594.0,371.9592600807346,530.3758550180155,485.7592839232865,468.94381149413385,532.587109808916,555.5468291696741,570.3685238263648
2195,Prov. Sulawesi Tenggara,Kota Kendari,P,S3,31,150.0,35.00243978175043,24.02748681142116,23.35265846666273,30.473588665518054,22.01918385704092,19.480857186325967,18.587042466852587
2196,Prov. Sulawesi Utara,Kab. Bolaang Mongondaw,L,S1,6,39.0,8.83081268852614,6.300242413207965,5.332823741871527,5.388982124170597,5.789045255721128,7.503134731524713,8.725309901548307
2197,Prov. Sulawesi Utara,Kab. Bolaang Mongondaw,P,S1,15,48.0,10.86869253972448,8.807159911731441,7.354590552918015,7.492670495474293,7.648708856180223,8.385564555713403,8.562910250414319
2198,Prov. Sulawesi Utara,Kab. Kep. Sangihe,L,D3,32,280.0,63.40070648172613,52.98634964884017,37.62281105858797,34.11147871006399,66.40990338031826,36.94116568253349,34.287263781995804
2199,Prov. Sulawesi Utara,Kab. Kep. Sangihe,L,D4,6,56.0,12.680141296345226,7.81162492628935,5.859782648973864,5.798695304405648,9.02732385915651,13.348040898745964,10.94599423976125
2200,Prov. Sulawesi Utara,Kab. Kep. Sangihe,P,D3,101,651.0,147.40664257001325,149.95998640678155,109.49877519599286,102.49920543435127,130.00984345577206,132.12222756275628,160.94309944629578
2201,Prov. Sulawesi Utara,Kab. Kep. Sangihe,P,D4,7,71.0,16.07660771500913,12.647529128255249,10.04052653866368,10.428286489489954,15.630794612739564,13.479580018475293,12.384300217431809
2202,Prov. Sulawesi Utara,Kab. Kepulauan Sitaro,L,S1,4,24.0,5.43434626986224,3.1835296733506726,2.394590242480977,2.2614280382195684,3.4589080596526287,6.635569798678776,6.08626377497749
2203,Prov. Sulawesi Utara,Kab. Kepulauan Sitaro,P,S1,22,161.0,36.45540622699253,25.446389736258197,19.43265936119648,18.808600848495598,28.33282496803804,23.127093794460453,36.23032634940175
2204,Prov. Sulawesi Utara,Kab. Minahasa,L,Profesi,1416,75.0,16.9823320933195,112.76376440036509,105.3433343920149,100.59321594750834,93.07159837740707,49.32468939208192,86.9118486726923
2205,Prov. Sulawesi Utara,Kab. Minahasa,L,S1,1003,8364.0,1893.8696750469906,1148.8849780670841,899.3229652375185,792.8294738321308,1123.6664170748115,1003.120275052587,992.3829641462544
2206,Prov. Sulawesi Utara,Kab. Minahasa,L,S2,135,202.0,45.73908110467385,63.58354067203791,58.92837562319813,53.69325730049374,55.15716119709307,42.99736325747113,56.88051239487731
2207,Prov. Sulawesi Utara,Kab. Minahasa,L,S3,12,97.0,21.963816174026555,12.78161795364951,11.306417603299835,12.830937350296361,15.502608486910667,13.340565498514193,11.58198844794926
2208,Prov. Sulawesi Utara,Kab. Minahasa,P,Profesi,5848,312.0,70.64650150820913,516.1887671686453,466.7965522305017,444.52196196145684,390.72688987803235,265.1294675272186,362.6524667385245
2209,Prov. Sulawesi Utara,Kab. Minahasa,P,S1,1896,12873.0,2914.847480497359,2106.402956179038,1682.4617369025784,1536.2027704375357,1908.772464731621,2094.9853372627713,2107.1937263381383
2210,Prov. Sulawesi Utara,Kab. Minahasa,P,S2,167,242.0,54.79632488777759,85.78710316167466,78.03952464958843,71.47787314509598,69.6707872932586,57.09535004453037,64.15792413374184
2211,Prov. Sulawesi Utara,Kab. Minahasa,P,S3,8,77.0,17.435194282474686,10.187619105967409,8.257787155986298,9.0560572257314,12.797068439620208,11.823861243012978,10.503911920116419
2212,Prov. Sulawesi Utara,Kab. Minahasa Selatan,L,D3,91,515.0,116.61201370746056,150.49760460077218,138.25311847564754,145.9956884334964,174.97621301489667,122.00603784652982,134.87421666717054
2213,Prov. Sulawesi Utara,Kab. Minahasa Selatan,P,D3,28,91.0,20.605229606560993,31.68739902874181,29.55478485425381,31.98692733493229,29.24066946125506,26.714370356816023,28.470344292866997
2214,Prov. Sulawesi Utara,Kab. Minahasa Utara,L,Profesi,6,23.0,5.207915175284647,23.45653204568727,18.050245134265875,16.536269852426255,32.38585769920468,12.132196406318432,15.099835116160165
2215,Prov. Sulawesi Utara,Kab. Minahasa Utara,L,S1,268,1711.0,387.4236028222622,286.39415562658104,261.4161788577756,268.50574640420473,274.74602192685114,295.04552613614436,282.56054263004825
2216,Prov. Sulawesi Utara,Kab. Minahasa Utara,L,S2,44,91.0,20.605229606560993,31.263315549191,31.73574703944971,32.665178566329786,32.33940115684448,24.55121445817292,24.702891580489624
2217,Prov. Sulawesi Utara,Kab. Minahasa Utara,P,D3,8,91.0,20.605229606560993,20.015639766334747,14.445967316392352,13.40284754298869,12.87862278760005,16.004454848372315,19.256106886659516
2218,Prov. Sulawesi Utara,Kab. Minahasa Utara,P,Profesi,100,166.0,37.587561699880496,150.27469355377139,98.42171041539915,83.52254419615579,149.0850647633119,53.37244900885501,93.97882230508607
2219,Prov. Sulawesi Utara,Kab. Minahasa Utara,P,S1,341,2107.0,477.09031627498916,408.9706628505435,373.03262166465214,389.3413021537806,464.17809491852506,360.5324920698299,395.40893308459744
2220,Prov. Sulawesi Utara,Kab. Minahasa Utara,P,S2,27,76.0,17.208763187897095,28.946344670453623,28.571333910890942,29.40247292976577,28.606772647038643,26.046002614513117,24.687429229074386
2221,Prov. Sulawesi Utara,Kota Bitung,L,D3,91,330.0,74.7222612106058,97.91199592110246,94.48791450598597,101.82108250856767,83.35448879908527,86.89831824099748,85.51640683605956
2222,Prov. Sulawesi Utara,Kota Bitung,L,S1,108,847.0,191.78713710722155,100.43769712200653,76.05504941294342,69.93973340843145,79.79981904918984,121.53180845096308,113.01281638573045
2223,Prov. Sulawesi Utara,Kota Bitung,P,D3,55,171.0,38.71971717276846,58.1174381419051,55.6132007274912,60.594620027606176,47.01433232448582,55.84354789645817,56.905748969546046
2224,Prov. Sulawesi Utara,Kota Bitung,P,S1,250,1658.0,375.42275480964975,230.55439934764362,175.56528481104,164.56145444450146,182.83754156105425,226.00476358436353,236.31745541410123
2225,Prov. Sulawesi Utara,Kota Manado,L,D3,207,1074.0,243.18699557633525,258.03994848321037,234.99285918974658,236.73050799386186,252.88019380331102,253.239465463651,236.99543858823483
2226,Prov. Sulawesi Utara,Kota Manado,L,D4,472,2757.0,624.2705277504248,443.0736304348966,402.97255749379923,430.2660079517443,403.13914325026417,546.6337695436415,439.84166816078556
2227,Prov. Sulawesi Utara,Kota Manado,L,Profesi,388,382.0,86.49667812864065,412.71094777670857,359.38754508772695,340.86966214500205,480.1885905706114,443.9624368880021,375.1643727324186
2228,Prov. Sulawesi Utara,Kota Manado,L,S1,2361,19278.0,4365.138641266844,2584.4848156206667,2256.609504353717,2177.563112113305,2358.3789912045168,2910.9078052449086,2825.5219799817482
2229,Prov. Sulawesi Utara,Kota Manado,L,S2,226,910.0,206.05229606560994,253.40783333966166,247.96033832349488,241.02321338793487,303.58907725137425,226.58614989747372,248.523643944516
2230,Prov. Sulawesi Utara,Kota Manado,L,S3,26,149.0,33.73823309206141,20.706545457113883,21.48580910524743,27.629914484609788,25.00091156629211,23.87678131289666,19.19970793176073
2231,Prov. Sulawesi Utara,Kota Manado,L,Sp-1,81,379.0,85.81738484490788,73.63328074671531,88.22335994383381,128.18199325971648,88.76997297994122,82.73866246701381,79.81399793169
2232,Prov. Sulawesi Utara,Kota Manado,P,D3,854,3287.0,744.2790078765493,861.8909903836307,755.8407323387756,756.7291808445094,906.4368213248833,865.9492568505417,949.4211296051087
2233,Prov. Sulawesi Utara,Kota Manado,P,D4,597,3218.0,728.6552623506954,598.5736021272363,544.6979790979135,593.52693634826,553.7618044946615,684.1902050757641,739.3992770006734
2234,Prov. Sulawesi Utara,Kota Manado,P,Profesi,1246,1000.0,226.43109457759334,1169.2975731664949,975.9069551933419,917.8330940499304,1340.7557182516082,1806.8092727722083,2002.6246692602138
2235,Prov. Sulawesi Utara,Kota Manado,P,S1,4455,27712.0,6274.858492934267,4546.1998509664145,4093.8300403917997,4083.7180808077946,4509.701964086877,5590.833230599526,5420.719402670685
2236,Prov. Sulawesi Utara,Kota Manado,P,S2,263,912.0,206.50515825476512,306.0601845044706,306.1305255828079,306.1607068544772,337.33752848917254,234.01522160224732,312.87778801447564
2237,Prov. Sulawesi Utara,Kota Manado,P,S3,21,110.0,24.907420403535266,16.750457025418243,16.782404397003916,21.49098836322309,19.306685290292773,18.6041794356115,14.447414492258693
2238,Prov. Sulawesi Utara,Kota Manado,P,Sp-1,36,273.0,61.81568881968298,58.712900739224814,68.34021672204497,99.22323386391905,66.0338582014243,44.014484913677514,36.59829510232327
2239,Prov. Sulawesi Utara,Kota Tomohon,L,D3,47,135.0,30.5681977679751,35.26079218278066,32.205986553953636,33.244158263464804,29.913594507303195,32.940506014897615,34.849615323640116
2240,Prov. Sulawesi Utara,Kota Tomohon,L,Profesi,5,15.0,3.3964664186639,10.88123090719906,7.125511922555006,5.877436174081073,4.967988488296738,4.086131386558047,5.032454975593038
2241,Prov. Sulawesi Utara,Kota Tomohon,L,S1,425,3666.0,830.0963927214572,431.0250152885213,331.7311788783468,304.3984635165004,315.26470694357766,471.793011819968,470.5193212339553
2242,Prov. Sulawesi Utara,Kota Tomohon,L,S3,3,42.0,9.51010597225892,3.540212362666187,2.5992497151050142,2.8071162864629087,4.867229799836867,7.101597164808923,7.6267396263564695
2243,Prov. Sulawesi Utara,Kota Tomohon,P,D3,147,373.0,84.45879827744231,108.6494822335456,96.83611023388588,100.14220849683485,105.06280422145464,96.56557657611253,93.49575246895479
2244,Prov. Sulawesi Utara,Kota Tomohon,P,Profesi,57,71.0,16.07660771500913,79.15378710133444,61.2922310365172,56.54703892411734,43.25696568558238,49.37178057713029,49.530162687427946
2245,Prov. Sulawesi Utara,Kota Tomohon,P,S1,615,4499.0,1018.7134945045924,656.6742787331915,525.8887462093825,501.58385366834625,480.44917840755335,655.7227214989244,707.6874528095037
2246,Prov. Sulawesi Utara,Kota. Kotamobagu,L,Profesi,18,20.0,4.528621891551866,13.250901013769283,8.164684859844012,6.578589394254466,11.708958355312076,10.023133976871991,10.267245033988788
2247,Prov. Sulawesi Utara,Kota. Kotamobagu,L,S1,68,2682.0,607.2881956571053,273.92150485702416,193.73800826545093,172.95892762046253,175.8194576904857,321.04673733806766,287.38615768242994
2248,Prov. Sulawesi Utara,Kota. Kotamobagu,P,D3,37,307.0,69.51434603532115,91.22233797710432,81.73942010853811,85.7677370421671,52.5386631725268,53.750046972405684,58.37623910724856
2249,Prov. Sulawesi Utara,Kota. Kotamobagu,P,Profesi,62,59.0,13.359434580078007,50.24636248791969,32.89369144763534,27.87983291207923,33.3782775196786,31.683096482701064,29.233195722382998
2250,Prov. Sulawesi Utara,Kota. Kotamobagu,P,S1,162,3371.0,763.2992198210671,428.4084239236836,315.49188337807215,292.54625315227594,252.76084340081664,414.96523457730825,430.98627373595355
2251,Prov. Sumatera Barat,Kab. Agam,L,Profesi,327,141.0,31.92678433544066,225.6287666936987,205.34321692035795,178.23950100073395,171.5506303262272,443.10276198028873,408.3556892559045
2252,Prov. Sumatera Barat,Kab. Agam,L,S1,565,3410.0,772.1300325095933,727.2817453953348,691.899324845416,624.7040054377484,599.9014459633985,453.9624347048394,549.7453957507566
2253,Prov. Sumatera Barat,Kab. Agam,L,S2,71,220.0,49.81484080707053,90.84670554366693,92.97128334142937,82.73717134347248,61.593766818212,61.90258571685798,71.04998228877238
2254,Prov. Sumatera Barat,Kab. Agam,L,S3,3,60.0,13.5858656746556,12.000283266920228,12.791800034974948,14.906427019683358,9.51023885251975,6.657095644455674,6.571472525407775
2255,Prov. Sumatera Barat,Kab. Agam,P,Profesi,1369,380.0,86.04381593948547,662.3401479004315,579.9606815637969,500.2727191473174,428.3284529634434,602.5848513779279,494.4507646588358
2256,Prov. Sumatera Barat,Kab. Agam,P,S1,1612,7630.0,1727.669251627037,1852.9511862981492,1741.7239404367504,1586.7678640337938,1348.0842835379945,1461.3545401574595,1396.2743106107037
2257,Prov. Sumatera Barat,Kab. Agam,P,S2,87,230.0,52.079151752846464,106.38690869905335,106.52196861029238,95.1150540934597,62.504171695264056,57.129593198198016,63.59834069666853
2258,Prov. Sumatera Barat,Kab. Agam,P,S3,3,33.0,7.47222612106058,7.20256298805856,7.395107761256824,8.56938256728564,5.513183176231484,5.863716086352272,4.410900636898149
2259,Prov. Sumatera Barat,Kab. Dharmas Raya,L,Profesi,9,11.0,2.4907420403535268,13.117256274263333,10.920995281055497,10.470101806778512,16.910732654690072,4.36741995951054,6.066310892130471
2260,Prov. Sumatera Barat,Kab. Dharmas Raya,L,S1,110,700.0,158.50176620431535,117.38570717075191,105.52206205696432,107.23703647356196,113.01250845133829,84.16740413361127,97.49913026132668
2261,Prov. Sumatera Barat,Kab. Dharmas Raya,L,S2,17,29.0,6.566501742750207,9.393254035999455,9.068226742688037,9.071590238678336,7.620375949463898,7.884768916637431,6.77642195086669
2262,Prov. Sumatera Barat,Kab. Dharmas Raya,P,D3,24,43.0,9.736537066836513,9.526663163207303,6.803241068047613,6.275596328068589,5.668528496049799,9.05437590508207,8.734290433715277
2263,Prov. Sumatera Barat,Kab. Dharmas Raya,P,Profesi,42,46.0,10.415830350569294,70.2629255327939,62.02251161176945,62.47416835472632,52.46769411630526,28.495011727030302,38.72465208380782
2264,Prov. Sumatera Barat,Kab. Dharmas Raya,P,S1,401,1906.0,431.5776662648929,383.2221445861454,351.23872140559996,366.98936299714836,336.3195723637734,321.33409608196325,324.18745981052297
2265,Prov. Sumatera Barat,Kab. Dharmas Raya,P,S2,12,30.0,6.7929328373278,12.456916575342031,12.756523339063026,13.41149288116968,8.733056326626361,8.689825376436346,7.703122432129052
2266,Prov. Sumatera Barat,Kab. Lima Puluh Koto,L,D3,103,351.0,79.47731419673526,111.82683212618979,105.90165588495361,114.04616661060327,92.63786314464511,86.84970582541835,97.16394522355631
2267,Prov. Sumatera Barat,Kab. Lima Puluh Koto,L,D4,158,726.0,164.38897466333276,151.62641472201287,141.45459397615596,159.81315801825875,144.9500827176187,107.80255536744129,131.4137960405813
2268,Prov. Sumatera Barat,Kab. Lima Puluh Koto,P,D2,2,2.0,0.45286218915518667,1.0927277247088885,0.927435792918226,0.8252586815882691,0.7445286558593723,2.4652846167911244,1.9664272762013792
2269,Prov. Sumatera Barat,Kab. Lima Puluh Koto,P,D3,133,337.0,76.30727887264895,121.1520873393719,112.86030213958092,122.50654910281767,89.10912288927322,61.37088282869478,94.6069068545676
2270,Prov. Sumatera Barat,Kab. Lima Puluh Koto,P,D4,160,684.0,154.87886869107385,159.24366868504544,144.94796942967187,164.08228750941484,166.2924372682264,105.36652447277815,123.89162982460346
2271,Prov. Sumatera Barat,Kab. Padang Pariaman,L,D3,104,384.0,86.94954031779584,120.75033350967047,115.81868538639579,125.53343794185929,109.70265619782148,86.05318145008499,99.57537299366307
2272,Prov. Sumatera Barat,Kab. Padang Pariaman,L,D4,47,165.0,37.3611306053029,33.191933652917186,30.89578594514955,34.81271498455866,47.80076907997903,28.867747618803495,25.783837898541655
2273,Prov. Sumatera Barat,Kab. Padang Pariaman,L,S1,37,208.0,47.097667672139416,37.783808251823416,35.4719795247764,37.261459187486665,36.081900005540874,26.947572417132097,40.38520408141122
2274,Prov. Sumatera Barat,Kab. Padang Pariaman,P,D3,10,42.0,9.51010597225892,14.742173448373615,13.80553760716531,14.995837643009914,22.764680488887517,13.286416666455057,12.635175800269563
2275,Prov. Sumatera Barat,Kab. Padang Pariaman,P,D4,24,82.0,18.567349755362653,18.3930312949834,16.704881155997015,18.856418077295867,27.215767804081043,11.348291959131394,9.863778608804024
2276,Prov. Sumatera Barat,Kab. Padang Pariaman,P,S1,200,937.0,212.16593561920496,190.3793415830368,174.6543662480854,183.85907125472914,195.0998003487378,194.28162723346875,159.64366070349715
2277,Prov. Sumatera Barat,Kab. Pasaman,L,S1,18,181.0,40.984028118544394,34.62090085780927,32.42579383299525,34.72468961202441,47.28216081876172,44.213506924246694,33.27663515772564
2278,Prov. Sumatera Barat,Kab. Pasaman,P,S1,39,325.0,73.59010573771783,67.94447048712344,61.352162445218184,65.36927244053128,60.8070781394184,47.94930236662082,62.26827448991494
2279,Prov. Sumatera Barat,Kab. Pasaman Barat,L,S1,89,925.0,209.44876248427383,108.98875449610325,81.66212636828651,74.30326866070274,111.17592663079827,123.59286419018646,112.81421183642054
2280,Prov. Sumatera Barat,Kab. Pasaman Barat,P,D3,19,100.0,22.643109457759333,32.23786945877796,29.686688823935928,31.497897289242935,29.881173363740555,30.142839326521703,31.501196865527987
2281,Prov. Sumatera Barat,Kab. Pasaman Barat,P,S1,154,1374.0,311.1163239496132,202.62093369402518,158.74507573905117,150.55481244360362,176.12642638729292,206.26732116054393,202.63210207119116
2282,Prov. Sumatera Barat,Kab. Pesisir Selatan,L,S1,69,426.0,96.45964629005476,74.82913487175983,70.97504332498305,74.37133528075599,83.89362919738966,86.01994860973669,76.21219904271024
2283,Prov. Sumatera Barat,Kab. Pesisir Selatan,P,S1,96,699.0,158.27533510973774,131.26646306104365,118.45784597241818,122.56434723186956,145.7627244446051,129.8878043996402,122.42757588456963
2284,Prov. Sumatera Barat,Kab. Sawahlunto/ Sijunjung,L,S1,7,42.0,9.51010597225892,5.427408533335375,4.018950714676615,3.7615298829308133,6.157423912044538,7.856303776076456,9.1133427614418
2285,Prov. Sumatera Barat,Kab. Sawahlunto/ Sijunjung,P,S1,11,77.0,17.435194282474686,12.01257865677598,9.102374110957346,8.770750892942557,13.058783656654796,21.801679430081126,20.57822211581978
2286,Prov. Sumatera Barat,Kab. Solok,L,S1,12,71.0,16.07660771500913,13.372155816440825,12.408802739034087,13.21815239868308,11.468413509911754,16.523627565060412,15.589426554703541
2287,Prov. Sumatera Barat,Kab. Solok,P,S1,5,55.0,12.453710201767633,11.576256268201652,10.49547213552187,11.208659759160618,14.349067686273662,17.022175188013286,15.431572404782653
2288,Prov. Sumatera Barat,Kab. Solok Selatan,L,S1,33,136.0,30.794628862552692,23.112950970122405,20.731513185232256,21.553025119703243,19.61390687262546,11.944253327910552,7.948678218033983
2289,Prov. Sumatera Barat,Kab. Solok Selatan,P,S1,66,267.0,60.45710225221742,51.1488618493997,44.97170112585735,46.83039887708035,42.546969670708336,38.965637328646785,43.80483309883535
2290,Prov. Sumatera Barat,Kab. Tanah Datar,L,D3,20,40.0,9.057243783103733,8.837349264949012,6.900467879983797,5.990956925797778,7.5430535826679295,13.29658579161547,13.746869449470957
2291,Prov. Sumatera Barat,Kab. Tanah Datar,L,Profesi,743,187.0,42.34261468600995,285.3456009878705,275.7007574671635,261.53666926623004,215.77600680554536,171.50893352584208,213.37679976358035
2292,Prov. Sumatera Barat,Kab. Tanah Datar,L,S1,430,2579.0,583.9657929156132,476.6813460904364,454.6448992817791,434.1227694785842,445.82154792131684,431.94999143842387,445.1680595705747
2293,Prov. Sumatera Barat,Kab. Tanah Datar,L,S2,72,226.0,51.1734273745361,70.62434004292734,66.80840849875945,60.01682458450909,71.23367890245078,60.7324684918333,69.20599946908423
2294,Prov. Sumatera Barat,Kab. Tanah Datar,P,D3,5,11.0,2.4907420403535268,3.398195069909705,2.9649593828349174,2.7872507859122537,2.2073475704846737,3.281613300271391,5.569221894947829
2295,Prov. Sumatera Barat,Kab. Tanah Datar,P,Profesi,1034,407.0,92.15745549308049,676.0561902032135,628.2368452453077,592.1234598343141,596.2703111960907,445.85217061938977,414.486064104224
2296,Prov. Sumatera Barat,Kab. Tanah Datar,P,S1,1459,5988.0,1355.869394330629,1290.036329192753,1232.82985063032,1197.3824534274595,1272.2672155073483,889.636084549077,1054.8287101770818
2297,Prov. Sumatera Barat,Kab. Tanah Datar,P,S2,109,283.0,64.07999976545891,103.59733933309425,98.48816984102542,90.14917189641852,95.48253331448234,66.8624250576848,80.06326519272416
2298,Prov. Sumatera Barat,Kota Bukittinggi,L,D3,58,259.0,58.645653495596676,66.20594204612563,60.72096910943221,60.10971494558829,64.17021708435894,62.18923217221028,56.76459096291177
2299,Prov. Sumatera Barat,Kota Bukittinggi,L,D4,1,16.0,3.6228975132414933,3.3586958455620275,3.4718861399892003,3.892969647526059,3.382292538697978,4.026425889414953,3.748816507130309
2300,Prov. Sumatera Barat,Kota Bukittinggi,L,Profesi,29,41.0,9.283674877681326,41.76348637881371,34.09251074729522,30.528627836014575,45.041680593654036,27.979424559708765,34.055527960797335
2301,Prov. Sumatera Barat,Kota Bukittinggi,L,S1,197,1634.0,369.9884085397875,226.49888913782794,195.76030343421908,183.76182419722147,190.39840212846312,303.28382073676374,291.9106925997849
2302,Prov. Sumatera Barat,Kota Bukittinggi,L,S2,64,182.0,41.210459213121986,51.27451656286074,49.062915673347895,46.1285687359636,56.09315905303482,35.668364469358,47.566665855355836
2303,Prov. Sumatera Barat,Kota Bukittinggi,P,D3,296,880.0,199.25936322828213,289.7700227179904,282.72883761007967,294.6333353981202,275.3629840013506,217.5981594083037,222.4533587287903
2304,Prov. Sumatera Barat,Kota Bukittinggi,P,D4,14,53.0,12.000848012612447,12.242559332566241,12.250353169816517,13.698345120938589,12.128624408181196,13.92679591460508,13.739849272708922
2305,Prov. Sumatera Barat,Kota Bukittinggi,P,Profesi,637,636.0,144.01017615134936,882.5462436557875,792.5532583773352,761.5990433430608,728.5951622153068,632.5151529512691,696.5988371621855
2306,Prov. Sumatera Barat,Kota Bukittinggi,P,S1,1215,5166.0,1169.7430345878472,961.4850597784193,906.5347608190385,909.1998687620493,1009.8683659699908,959.1279688516034,926.9217323944118
2307,Prov. Sumatera Barat,Kota Bukittinggi,P,S2,100,279.0,63.17427538714854,91.84208148118253,88.18362387777364,84.40331565795539,96.42943493960547,70.97073018414459,74.73432254483424
2308,Prov. Sumatera Barat,Kota Padang,L,D2,10,13.0,2.9436042295087135,4.649577552374717,3.911324741999903,3.2467180535735127,3.8964127871798993,4.662584086013646,6.077014933755006
2309,Prov. Sumatera Barat,Kota Padang,L,D3,1923,7491.0,1696.1953294807518,1927.531272003591,1877.289403754408,1959.6785649572394,1911.0930883066414,1993.0669776570433,1960.1381868749545
2310,Prov. Sumatera Barat,Kota Padang,L,D4,766,4223.0,956.2185124011767,738.1935605936668,723.6888025087285,802.6433323844658,753.2701698007576,789.8203030077225,760.3494182766423
2311,Prov. Sumatera Barat,Kota Padang,L,Profesi,8124,1780.0,403.04734834811615,2149.7861288909444,2052.973619663711,2045.3104823593646,2285.0323721511386,2692.163059329683,2521.548823769544
2312,Prov. Sumatera Barat,Kota Padang,L,S1,10220,64914.0,14698.548073409893,9346.45796324561,8759.362867550375,8802.504308554619,10511.61548514313,13372.688925072913,9039.644529239422
2313,Prov. Sumatera Barat,Kota Padang,L,S2,1114,3045.0,689.4826829887717,866.5538003596209,881.2255603388561,872.433374830656,999.9140726824111,718.9761235266438,880.3681811858416
2314,Prov. Sumatera Barat,Kota Padang,L,S2 Terapan,3,24.0,5.43434626986224,7.857663877741167,6.951305914846357,5.753712413077142,7.544367870626098,8.7502729837994,7.016304978417558
2315,Prov. Sumatera Barat,Kota Padang,L,S3,205,1107.0,250.65922169739582,148.11672819432388,154.1220767700297,197.7732944484488,188.7568892113551,251.45164499258064,237.29684893311378
2316,Prov. Sumatera Barat,Kota Padang,L,Sp-1,69,332.0,75.17512339976099,63.734304962797026,77.77643065675879,113.77201636817047,84.23230292695168,77.85044314509267,59.722593673533105
2317,Prov. Sumatera Barat,Kota Padang,P,D3,3449,10385.0,2351.486917188307,3121.520769633592,3047.7123703871266,3233.1413225782467,3124.215351078933,2583.356365116022,2944.6859230150567
2318,Prov. Sumatera Barat,Kota Padang,P,D4,1353,6479.0,1467.0470617682272,1274.866107685403,1227.1323198183766,1369.549818791919,1321.6669017412657,1328.8642214312904,1362.4283557599763
2319,Prov. Sumatera Barat,Kota Padang,P,Profesi,22625,5758.0,1303.7902425777825,7813.171795112289,7313.236035209723,7318.000884519885,7508.934291782534,7254.778937532111,7840.494012281503
2320,Prov. Sumatera Barat,Kota Padang,P,S1,19681,90515.0,20495.410525690862,16534.94843764007,16388.548845715195,17360.7192111198,18892.7543131105,19663.492353624064,18231.45013798517
2321,Prov. Sumatera Barat,Kota Padang,P,S2,1543,3722.0,842.7765340178024,1301.6305379198782,1368.9604882930741,1403.8193989192516,1400.9762601210916,915.6160337470927,1092.686570790925
2322,Prov. Sumatera Barat,Kota Padang,P,S2 Terapan,4,19.0,4.302190796974274,6.746936754824107,5.727988155510241,4.704708268812632,6.5294200329519505,8.321228228036421,9.140617200232905
2323,Prov. Sumatera Barat,Kota Padang,P,S3,196,1022.0,231.4125786583004,162.47316681955257,171.35242572417556,225.13543161810045,186.17551734055894,221.66189162161083,215.04892595507704
2324,Prov. Sumatera Barat,Kota Padang,P,Sp-1,54,291.0,65.89144852207966,61.939989425036224,73.50261808453774,107.5045094924255,72.12961189121849,61.43180394488169,45.678294320501806
2325,Prov. Sumatera Barat,Kota Padang,P,Sp-2,1,2.0,0.45286218915518667,0.727246322524835,0.8708385677208135,0.8574850597679922,0.7113133826503432,3.128916049379617,3.2212061809593626
2326,Prov. Sumatera Barat,Kota Padang Panjang,L,D3,4,11.0,2.4907420403535268,2.841969208784364,2.5010137124903453,2.5561229698657595,2.4499646377728848,3.1731581404405795,3.312981613641318
2327,Prov. Sumatera Barat,Kota Padang Panjang,L,S1,258,1793.0,405.99095257762485,298.31172870696753,274.7074193372505,283.4482872094348,267.21379320933744,301.9402475401811,317.3079213352929
2328,Prov. Sumatera Barat,Kota Padang Panjang,L,S2,24,82.0,18.567349755362653,23.367574167773924,21.464666325806885,20.840938741357103,24.898880152679634,21.744033794763197,23.85231525970992
2329,Prov. Sumatera Barat,Kota Padang Panjang,L,S2 Terapan,2,7.0,1.5850176620431533,2.6626054859549444,2.325733461658616,1.9868014171346964,2.4226625809222613,2.3469385647349714,2.7209215168249967
2330,Prov. Sumatera Barat,Kota Padang Panjang,P,D3,48,81.0,18.34091866078506,24.887231917789986,22.210338933220193,23.249082434286787,24.16128851566485,22.818556190846447,23.724909765583764
2331,Prov. Sumatera Barat,Kota Padang Panjang,P,D4,28,343.0,77.66586544011452,69.56697482958693,61.471861506512745,67.79602142508571,77.2921791378852,61.61309096586598,52.16957350460935
2332,Prov. Sumatera Barat,Kota Padang Panjang,P,S1,271,1841.0,416.8596451173493,355.2150641343055,326.7497470399659,342.3084290757992,346.5540838043349,326.2731741252037,344.15096358883375
2333,Prov. Sumatera Barat,Kota Padang Panjang,P,S2,9,56.0,12.680141296345226,17.678332649959778,15.782486247137681,15.316911982410454,17.938025108626213,15.396972441816953,19.938252280221423
2334,Prov. Sumatera Barat,Kota Padang Panjang,P,S2 Terapan,1,5.0,1.1321554728879666,1.965503355432764,1.600602052920349,1.334512030113542,1.7409759703527434,2.2442562559612025,2.3972980282390126
2335,Prov. Sumatera Barat,Kota Pariaman,L,D3,3,19.0,4.302190796974274,3.9518496573457873,3.115643420159511,2.9757542532857233,4.864366341543787,3.8816271402843623,3.355457221633172
2336,Prov. Sumatera Barat,Kota Pariaman,L,Profesi,38,66.0,14.94445224212116,42.6013503485994,25.736057118441927,20.4051764342064,61.05714716049466,40.16742439588941,44.837230326467626
2337,Prov. Sumatera Barat,Kota Pariaman,L,S1,135,1024.0,231.86544084745557,151.42753104175307,132.43245203305648,131.85309894189456,163.40194477263358,164.17870072264827,162.38194373369691
2338,Prov. Sumatera Barat,Kota Pariaman,P,D3,35,180.0,40.7575970239668,52.044834213448226,45.68988526619263,47.156142357483596,55.7924657363563,49.303363529019535,53.52191503492938
2339,Prov. Sumatera Barat,Kota Pariaman,P,Profesi,252,461.0,104.38473460027053,377.1140068258809,240.0070724643253,199.20309960182615,331.5973683455042,165.94914394982365,316.98719443714106
2340,Prov. Sumatera Barat,Kota Pariaman,P,S1,611,2357.0,533.6980899193875,424.70349016396966,382.23490860371123,393.1310466551885,446.4050610750958,374.4637447049843,397.0293948601524
2341,Prov. Sumatera Barat,Kota Payakumbuh,L,D3,6,87.0,19.69950522825062,10.941958732596001,6.363121652610527,5.060645445150394,6.999379984958874,12.227149287455687,12.994329247432345
2342,Prov. Sumatera Barat,Kota Payakumbuh,L,S1,130,849.0,192.23999929637674,116.54293739764063,97.08101778552917,93.03734273900876,98.30077121870765,118.44893339621888,113.27393124990184
2343,Prov. Sumatera Barat,Kota Payakumbuh,P,D3,4,34.0,7.698657215638173,7.232562933110881,5.267336173470678,4.842289420513182,5.182687652857289,6.65899518260163,6.929576011459099
2344,Prov. Sumatera Barat,Kota Payakumbuh,P,S1,160,639.0,144.68946943508215,115.01943368757217,103.01927088966394,104.56785670782462,100.13877954157279,104.24976043656507,114.13055285234269
2345,Prov. Sumatera Barat,Kota Solok,L,D3,22,132.0,29.88890448424232,28.994713319889442,23.26822580091132,22.41623754966634,22.285895748787034,28.434142631543473,25.098893314507098
2346,Prov. Sumatera Barat,Kota Solok,L,S1,102,874.0,197.90077666081658,99.78091153417968,73.74422695467254,66.72581764039435,89.25046706750783,103.83593970059327,104.08149811617514
2347,Prov. Sumatera Barat,Kota Solok,P,D3,54,223.0,50.494134090803314,72.48780095192782,67.19510686626028,71.35824102210444,56.86131365430464,55.53891988449697,39.873147585452514
2348,Prov. Sumatera Barat,Kota Solok,P,S1,190,1312.0,297.07759608580244,204.56109371795029,166.27299772356523,161.0084119176655,162.9187039085686,192.17162964886236,183.2215911878602
2349,Prov. Sumatera Selatan,Kab. Banyuasin,L,S1,2,136.0,30.959607718710974,25.361032547077954,18.8443483283357,21.406341453705384,19.370850570798623,34.90430076941346,28.90858792143917
2350,Prov. Sumatera Selatan,Kab. Banyuasin,P,S1,12,128.0,29.13845432349268,25.99860305834779,19.50995530054466,22.204812892327404,25.864618338609482,39.06308247728096,36.597983346044956
2351,Prov. Sumatera Selatan,Kab. Lahat,L,S1,56,294.0,66.92738727427225,50.88136698845332,41.35798829245989,43.56694610289623,48.69144217547573,47.125515813734,51.82302929486922
2352,Prov. Sumatera Selatan,Kab. Lahat,L,S2,44,49.0,11.154564545712041,17.560131256961736,15.518956461467269,16.55808321846486,17.183982064838222,8.814597122364434,7.327221384631629
2353,Prov. Sumatera Selatan,Kab. Lahat,P,S1,103,377.0,85.82185374966204,75.36178519452648,62.28554428204474,67.08464510079286,67.37624090219508,65.38220107275929,54.981939589290974
2354,Prov. Sumatera Selatan,Kab. Lahat,P,S2,40,63.0,14.341582987344054,24.802076125536217,22.157973499799237,23.756345748699257,22.08500804810771,14.671711131126884,17.06439648686763
2355,Prov. Sumatera Selatan,Kab. Muara Enim,L,D1,34,34.0,7.739901929677743,30.407632737987587,10.56926823916128,11.246253277371798,8.76590268083945,13.392761521524452,19.667209490853192
2356,Prov. Sumatera Selatan,Kab. Muara Enim,L,S1,56,404.0,91.96824645852378,59.23141775689168,47.12187842604679,48.159507480432765,49.68052997780775,59.782357286977465,64.59563215455931
2357,Prov. Sumatera Selatan,Kab. Muara Enim,L,S2,11,22.0,5.0081718368503045,6.56453991362644,5.704504476935248,5.8933893577417855,6.795605511385049,4.796069477710257,4.1021393051473565
2358,Prov. Sumatera Selatan,Kab. Muara Enim,P,D1,9,9.0,2.048797569620579,8.690692431739784,3.047771235669481,3.2394248794622884,2.2127721190831484,4.527656608702878,6.765385854697427
2359,Prov. Sumatera Selatan,Kab. Muara Enim,P,S1,114,434.0,98.79757169059238,81.54414429543672,66.72237560730075,72.24768176767243,83.85857197688092,71.1128602173322,68.03165201335862
2360,Prov. Sumatera Selatan,Kab. Muara Enim,P,S2,3,5.0,1.1382208720114328,1.5740802384109787,1.3765168553354905,1.4093026667484494,1.5393614703065102,1.8994555862510225,1.7609405590613558
2361,Prov. Sumatera Selatan,Kab. Musi Banyu Asin,L,D3,23,83.0,18.894466475389784,25.066116549202242,20.491630804771013,22.32411195500719,23.837701178072457,26.905322149647628,27.93556258599145
2362,Prov. Sumatera Selatan,Kab. Musi Banyu Asin,L,S1,113,588.0,133.8547745485445,95.00610637603388,76.87436736248809,79.79310271174495,99.47892692183291,98.72306904333234,75.62415173521336
2363,Prov. Sumatera Selatan,Kab. Musi Banyu Asin,P,D3,24,85.0,19.34975482419436,29.47717065088128,24.481580625189743,27.211363649521413,33.972854794791964,26.864700989875786,27.164940515300835
2364,Prov. Sumatera Selatan,Kab. Musi Banyu Asin,P,S1,118,748.0,170.27784245291036,134.71777786452864,110.37535773219318,115.7001575331549,146.2286625561233,138.71701154555709,139.07227118260877
2365,Prov. Sumatera Selatan,Kab. Ogan Ilir,L,D3,91,572.0,130.21246775810792,169.8668980158337,125.76699810256558,125.59802213215224,107.23587296548052,153.7444902377394,165.3412074058108
2366,Prov. Sumatera Selatan,Kab. Ogan Ilir,L,Profesi,2805,499.0,113.594443026741,627.4714289792536,408.72902067523006,369.97404268916114,667.0138100510908,573.6571787777658,547.2356822756299
2367,Prov. Sumatera Selatan,Kab. Ogan Ilir,L,S1,2481,13029.0,2965.975948287392,2501.8546067878347,1815.4623571548655,1809.35435045776,2114.180192788442,2337.1644095528195,2010.6566172237037
2368,Prov. Sumatera Selatan,Kab. Ogan Ilir,L,S2,296,937.0,213.30259141494253,315.21313487220914,243.10890019576235,231.15447752060345,337.99692057254805,156.0408099691718,213.13869416266613
2369,Prov. Sumatera Selatan,Kab. Ogan Ilir,L,S3,58,450.0,102.43987848102896,76.01618242059368,62.61448585078862,80.07007246807872,79.35880742676167,88.76149516796376,79.3760370976331
2370,Prov. Sumatera Selatan,Kab. Ogan Ilir,L,Sp-1,67,330.0,75.12257755275456,66.29948324930407,60.71606130022621,81.93747256944609,53.083083088155085,73.06864091024563,64.10444333695229
2371,Prov. Sumatera Selatan,Kab. Ogan Ilir,L,Sp-2,7,26.0,5.918748534459451,10.446992652431438,8.139499283545483,7.805225934654189,14.66686165919957,8.655288582249076,6.870190315165961
2372,Prov. Sumatera Selatan,Kab. Ogan Ilir,P,D3,122,807.0,183.70884874264527,290.42635670695466,217.8950813691919,224.99045020598703,153.06770509080982,169.81059136173732,192.53668677558952
2373,Prov. Sumatera Selatan,Kab. Ogan Ilir,P,Profesi,5712,1363.0,310.2790097103166,1930.9438744557417,1275.1095264057155,1169.9101058145638,1805.328540855757,1325.6135472405367,1115.0359758084383
2374,Prov. Sumatera Selatan,Kab. Ogan Ilir,P,S1,4424,21704.0,4940.789161227228,4782.845755502534,3536.543734875744,3601.9824709605314,3965.2226282219035,3742.822801585518,3552.3187436193025
2375,Prov. Sumatera Selatan,Kab. Ogan Ilir,P,S2,441,1231.0,280.22997868921476,501.31650304956526,395.13293791167195,390.3341327541205,411.57727533580425,266.18802808881037,258.4483552793338
2376,Prov. Sumatera Selatan,Kab. Ogan Ilir,P,S3,61,354.0,80.58603773840944,73.35597325076284,61.84198360361366,82.53649699593477,57.91354548733665,72.07567752030607,74.8040874857937
2377,Prov. Sumatera Selatan,Kab. Ogan Ilir,P,Sp-1,72,379.0,86.27714209846661,81.45290812181082,75.18188170407882,101.02474323973016,57.95313212895716,83.19799906762944,98.07268646799915
2378,Prov. Sumatera Selatan,Kab. Ogan Ilir,P,Sp-2,12,23.0,5.2358160112525916,9.978240193567933,7.843791316930047,7.513398570078251,13.018969036861465,9.147889489179345,7.137460824034713
2379,Prov. Sumatera Selatan,Kab. Ogan Komering Ilir,L,S1,136,1188.0,270.44127918991643,184.25460141540776,155.7816783996857,159.058618445683,166.8995157315143,205.76677956214039,170.3874637520731
2380,Prov. Sumatera Selatan,Kab. Ogan Komering Ilir,P,D3,15,48.0,10.926920371309755,16.453129721749967,14.325019228998531,15.82088889583049,16.79079466155159,13.406216209027058,13.569158452091989
2381,Prov. Sumatera Selatan,Kab. Ogan Komering Ilir,P,S1,179,1492.0,339.6451082082116,284.3312460260264,246.08319534406377,262.3830181722016,286.10931703953776,263.2245165077688,256.1944579101622
2382,Prov. Sumatera Selatan,Kab. Ogan Komering Ulu,L,D3,6,19.0,4.325239313643445,6.407077187786548,5.813274781728845,6.32245205142565,10.623740943161733,8.241207840999413,6.946162955249333
2383,Prov. Sumatera Selatan,Kab. Ogan Komering Ulu,L,S1,336,2037.0,463.7111832574577,335.68031915858063,299.74282729644125,301.88954466874003,383.6552185413293,325.94350369764544,280.575369117577
2384,Prov. Sumatera Selatan,Kab. Ogan Komering Ulu,L,S2,27,83.0,18.894466475389784,25.696728717259315,24.72966093287149,24.428887458065898,32.645103725341684,17.24957265759799,22.357308613022834
2385,Prov. Sumatera Selatan,Kab. Ogan Komering Ulu,P,D3,44,114.0,25.951435881860668,40.59181671175239,37.0663549728149,39.96143306616353,53.9176422033542,44.69306111974157,45.23476275621231
2386,Prov. Sumatera Selatan,Kab. Ogan Komering Ulu,P,Profesi,14,17.0,3.8699509648388717,30.178776149851366,25.74239168289584,27.283009847247456,49.254033739960896,11.030798432317807,10.01410639777027
2387,Prov. Sumatera Selatan,Kab. Ogan Komering Ulu,P,S1,477,2594.0,590.5089883995314,515.3222931103506,470.9882701346306,492.7267008566742,666.344195262497,464.418930111937,448.52746182236035
2388,Prov. Sumatera Selatan,Kab. Ogan Komering Ulu,P,S2,31,106.0,24.130282486642376,41.62427109472929,41.1520779963447,42.916784953604676,55.454038603369334,41.50562417243505,47.569653837834814
2389,Prov. Sumatera Selatan,Kab. Ogan Komering Ulu Timur,L,S1,499,2581.0,587.5496141323016,350.08094293180807,279.61531075736104,283.49282346050796,336.30661657824,320.3367985987692,328.50187441324357
2390,Prov. Sumatera Selatan,Kab. Ogan Komering Ulu Timur,L,S2,36,67.0,15.2521596849532,11.826899953311665,9.776525968395466,8.573062895342142,14.60952433875368,16.07040277991563,16.097985422462394
2391,Prov. Sumatera Selatan,Kab. Ogan Komering Ulu Timur,P,S1,602,3169.0,721.4043886808462,523.4360088227037,428.3184572909396,452.5828021660049,456.9322219933023,446.91606733391296,447.0609869408895
2392,Prov. Sumatera Selatan,Kab. Ogan Komering Ulu Timur,P,S2,44,59.0,13.431006289734908,14.356446551892613,12.30604536626459,11.723109226147528,14.159742178231594,16.037107537213995,15.638674422545792
2393,Prov. Sumatera Selatan,Kab. Penukal Abab Lematang Ilir,L,S1,4,30.0,6.829325232068597,2.786210838963302,1.9949759361038177,1.6962371800199232,1.6055656972060952,6.62307808624793,5.833790720532503
2394,Prov. Sumatera Selatan,Kab. Penukal Abab Lematang Ilir,P,S1,7,45.0,10.243987848102895,4.911349170510274,3.581903315694176,3.132020990706832,4.413509773127453,12.314002925929033,11.69730073976138
2395,Prov. Sumatera Selatan,Kota Lubuk Linggau,L,D3,4,6.0,1.3658650464137194,1.0523512913927113,0.9191310460847405,0.8123643400043268,1.3577508247734447,1.6215175460757867,1.493447970603577
2396,Prov. Sumatera Selatan,Kota Lubuk Linggau,L,Profesi,450,234.0,53.26873681013506,377.71914847810274,330.0912776631598,354.0447471472528,232.65888216518977,354.5201860301351,281.189190284703
2397,Prov. Sumatera Selatan,Kota Lubuk Linggau,L,S1,580,3634.0,827.2589297779094,585.7078548376214,540.623102661908,549.853280870793,551.1004403747022,590.3373757889556,568.5707954789466
2398,Prov. Sumatera Selatan,Kota Lubuk Linggau,L,S2,68,207.0,47.12234410127332,69.37034067596517,69.76697406987054,72.04514212227869,70.31336908338763,74.01167829904436,74.08124899205124
2399,Prov. Sumatera Selatan,Kota Lubuk Linggau,P,D3,30,86.0,19.577398998596646,27.7208635620879,25.92877786146155,27.481535542742105,26.662630734430678,23.56349908306989,22.64328273772053
2400,Prov. Sumatera Selatan,Kota Lubuk Linggau,P,Profesi,2046,1096.0,249.49801514490608,1907.956189328611,1682.0646521569286,1801.4259541183853,1116.2221771641484,1203.2020266807824,1164.506817313184
2401,Prov. Sumatera Selatan,Kota Lubuk Linggau,P,S1,1024,5289.0,1204.0100384136936,1022.8257259405848,966.6832508724845,1020.1554145118688,1004.229605335991,995.8521002665753,1003.1639197253025
2402,Prov. Sumatera Selatan,Kota Lubuk Linggau,P,S2,67,168.0,38.24422129958414,65.80179212501429,67.36548036162138,71.40680910182668,59.55730960009039,59.50476041470129,61.41835184796842
2403,Prov. Sumatera Selatan,Kota Pagar Alam,L,S1,154,639.0,145.46462744306112,93.88660054322206,79.45894383309123,78.318855273185,105.069754814809,62.57818818900306,56.59871904748546
2404,Prov. Sumatera Selatan,Kota Pagar Alam,P,S1,425,1063.0,241.98575738963063,200.3406228726409,174.0660973363594,181.61756641215032,217.76417104818782,170.5119743576065,154.36583534280518
2405,Prov. Sumatera Selatan,Kota Palembang,L,D3,1628,5327.0,1212.6605170409805,1575.2596456776819,1623.2324068474857,1741.6234062027258,1367.3171360938204,1270.537509890168,1284.9873058620674
2406,Prov. Sumatera Selatan,Kota Palembang,L,D4,595,3142.0,715.2579959719844,581.3904383888356,671.9165641007454,783.7479416904191,567.5732373499858,625.2417305759694,579.2227286321669
2407,Prov. Sumatera Selatan,Kota Palembang,L,Profesi,1793,619.0,140.9117439550154,907.3549379461463,872.7723821126066,918.7110672610122,725.324782794181,613.9986728063988,630.2672709137894
2408,Prov. Sumatera Selatan,Kota Palembang,L,S1,5234,35673.0,8120.750633452769,4834.377224783183,4917.697946058339,4809.186809740851,4918.497796807109,5694.767307206213,5312.917022643031
2409,Prov. Sumatera Selatan,Kota Palembang,L,S2,818,2085.0,474.6381036287675,550.1902446295521,599.3846683271074,578.4110528410538,664.7017108320924,503.5874388856588,560.1279396717339
2410,Prov. Sumatera Selatan,Kota Palembang,L,S2 Terapan,2,8.0,1.8211533952182926,2.848189209786673,2.966569348707262,2.6719248839459455,2.836244310642816,3.198295056479033,2.882649298565729
2411,Prov. Sumatera Selatan,Kota Palembang,L,S3,39,198.0,45.07354653165274,24.00976836317221,27.65895841692591,34.819987658691055,31.844076926745032,23.95818565850993,27.501234340002284
2412,Prov. Sumatera Selatan,Kota Palembang,P,D3,2764,8943.0,2035.8218516796487,2931.9206996407042,3057.310627776217,3306.639789057445,2862.9495361664476,2628.1758919809777,2803.006656890465
2413,Prov. Sumatera Selatan,Kota Palembang,P,D4,1106,4583.0,1043.2932512856794,927.0601266665585,1070.5221916308417,1244.28619711023,902.246966365077,1034.7119177896336,967.805395574697
2414,Prov. Sumatera Selatan,Kota Palembang,P,Profesi,7488,2774.0,631.4849397919429,4340.819618147277,4207.90917988154,4407.659727283832,2721.739735279417,3505.619028521005,3810.371397015016
2415,Prov. Sumatera Selatan,Kota Palembang,P,S1,9090,45052.0,10255.825345171814,7656.651191244596,8024.908703832756,8273.913013022087,8880.120995022431,9355.06709559707,8403.54817696726
2416,Prov. Sumatera Selatan,Kota Palembang,P,S2,910,1941.0,441.85734251483825,626.9873297134214,698.9215177838707,703.4174639350322,713.6303292902303,527.1075097872562,652.5026652603586
2417,Prov. Sumatera Selatan,Kota Palembang,P,S2 Terapan,3,3.0,0.6829325232068597,1.3517135044568738,1.4459987273628971,1.373911975495338,1.081366179131484,1.7180734750752242,1.2928137463468263
2418,Prov. Sumatera Selatan,Kota Palembang,P,S3,13,79.0,17.98388977778064,11.306344394654849,13.27302159555619,17.209541203397087,13.45458362512489,13.712557868273812,12.541944224514555
2419,Prov. Sumatera Selatan,Kota Prabumulih,L,D3,62,246.0,56.00046690296249,64.93986347647528,55.58578410394965,55.78566693684144,49.499274443139285,58.10618755373176,59.1302395526297
2420,Prov. Sumatera Selatan,Kota Prabumulih,L,S1,48,473.0,107.67569449228155,64.35189479016881,54.291732560758085,51.250557869423055,48.36569634580998,49.210349513774226,36.050510849108576
2421,Prov. Sumatera Selatan,Kota Prabumulih,P,D3,26,166.0,37.78893295077957,53.772148726295455,47.10901041893338,49.34876129926275,46.4244775595095,47.42009192411813,41.453488276433376
2422,Prov. Sumatera Selatan,Kota Prabumulih,P,S1,132,777.0,176.87952351057666,139.7409623309067,121.67862477352614,122.99861271012199,125.91340897554988,133.89184544131857,128.00695236465802
2423,Prov. Sumatera Utara,Kab. Asahan,L,D3,1,22.0,5.0081718368503045,7.374057106932083,6.881498154904472,7.50415562690409,9.920265590907157,8.001265793025524,6.29650051185175
2424,Prov. Sumatera Utara,Kab. Asahan,L,Profesi,456,211.0,48.032920798882465,344.8295231730206,299.8483343609507,318.98962695972637,475.9063870870111,465.1278084132156,375.18351364935705
2425,Prov. Sumatera Utara,Kab. Asahan,L,S1,647,5495.0,1250.9047383405648,674.7912466571335,599.168042458291,547.5632916061019,881.620990034473,599.4804057065353,643.2561329562992
2426,Prov. Sumatera Utara,Kab. Asahan,L,S2,9,49.0,11.154564545712041,13.056439516624838,12.716550082513157,11.987228359520339,14.871174372107763,12.081089314562869,12.87920037302286
2427,Prov. Sumatera Utara,Kab. Asahan,P,D3,50,132.0,30.049031021101825,42.152263813732496,39.135534670237135,40.835798166621714,48.060144577192496,51.92943943293028,47.354931589478895
2428,Prov. Sumatera Utara,Kab. Asahan,P,Profesi,2219,1249.0,284.3275738284559,2067.088455601184,1800.5365185340074,1871.7011836302347,4323.878435972164,1202.3405661134796,1223.5255126623713
2429,Prov. Sumatera Utara,Kab. Asahan,P,S1,1466,7414.0,1687.7539090185526,1265.9653899049852,1166.4963604336217,1161.3889328049306,1378.1574807715995,1252.470145436955,1289.3909580817763
2430,Prov. Sumatera Utara,Kab. Asahan,P,S2,5,14.0,3.187018441632012,4.9562873881346015,4.985004186246569,5.040701129010436,4.723165482409106,3.1100623373393543,2.1827884009291347
2431,Prov. Sumatera Utara,Kab. Batubara,P,S1,15,2.0,0.45528834880457314,0.41316760003290676,0.29988904677277817,0.3414542396536304,0.4710151519116115,2.2623886118490124,3.1362588765305697
2432,Prov. Sumatera Utara,Kab. Dairi,L,S1,57,800.0,182.11533952182924,68.37675209221415,50.725642930016804,41.907997722221396,39.23718871972827,59.571841748413945,67.7770914616656
2433,Prov. Sumatera Utara,Kab. Dairi,P,S1,147,1235.0,281.1405553868239,110.59004383542036,82.49637515531825,67.38041413393192,55.16264257605905,97.0148727732351,86.73353821431962
2434,Prov. Sumatera Utara,Kab. Deli Serdang,L,D3,79,806.0,183.481204568243,148.5371377422305,132.84281816969,122.57381416908856,196.42353753673962,167.43576084531207,153.07135339976796
2435,Prov. Sumatera Utara,Kab. Deli Serdang,L,D4,100,769.0,175.05837011535837,113.46731198410932,112.06012070701244,119.20227868590086,130.89101586335266,108.88606192438269,97.89615273239612
2436,Prov. Sumatera Utara,Kab. Deli Serdang,L,Profesi,256,329.0,74.89493337835228,324.44394551072827,273.2075334901293,253.91641891553357,438.08546342493014,470.9417751034372,411.9734485921898
2437,Prov. Sumatera Utara,Kab. Deli Serdang,L,S1,1860,11075.0,2521.159231505324,1543.6620427061632,1425.11619059396,1413.8232645302285,1847.447987469522,1661.3101768623608,1722.0560220158518
2438,Prov. Sumatera Utara,Kab. Deli Serdang,L,S2,196,687.0,156.39154781437088,167.12238963236743,165.11736577907863,156.76527676564123,203.58123576635413,170.23814016266587,186.07247022018356
2439,Prov. Sumatera Utara,Kab. Deli Serdang,L,S3,10,47.0,10.69927619690747,8.535265582681433,9.415676658548453,13.777510153850328,6.547340541913606,6.402723431493877,5.509351121320445
2440,Prov. Sumatera Utara,Kab. Deli Serdang,P,D3,201,957.0,217.85547490298825,235.53392440042904,217.656824787182,215.813233789596,348.70356202374586,260.577908217906,264.6994391875149
2441,Prov. Sumatera Utara,Kab. Deli Serdang,P,D4,420,1634.0,371.97058097333627,290.6869301055764,291.8953999771804,321.2424543886087,415.9976805489759,416.8658022611257,415.3553334184007
2442,Prov. Sumatera Utara,Kab. Deli Serdang,P,Profesi,2032,2428.0,552.7200554487517,2844.4508582086496,2442.692551457561,2343.4041405340868,3954.9489649203574,2517.599546244145,2747.1938407062494
2443,Prov. Sumatera Utara,Kab. Deli Serdang,P,S1,4025,19848.0,4518.281573536584,3389.0197803468445,3198.073620629342,3307.489890469272,4305.534052413435,3602.359048076117,3490.8569346706017
2444,Prov. Sumatera Utara,Kab. Deli Serdang,P,S2,338,1234.0,280.91291121242165,318.3952039841998,316.75485827301185,298.5695733619709,380.81307814837487,308.98913905003207,339.1832230620382
2445,Prov. Sumatera Utara,Kab. Deli Serdang,P,S3,2,26.0,5.918748534459451,4.854865547473385,5.374008271769588,7.724106423854633,4.809992079451584,5.6464954627458255,5.232129489808153
2446,Prov. Sumatera Utara,Kab. Humbang Hasudutan,L,D3,9,23.0,5.2358160112525916,7.294457486004459,5.230876644259298,6.0050620240425205,8.997022867007173,7.019282328141435,5.540101229769845
2447,Prov. Sumatera Utara,Kab. Humbang Hasudutan,L,S1,2,21.0,4.7805276624480175,4.017976384786664,2.890520470403091,3.294771856668864,4.43480198437979,5.948327577883851,5.296586266002074
2448,Prov. Sumatera Utara,Kab. Humbang Hasudutan,P,D3,34,123.0,28.000233451481247,40.41414331941136,29.105092280181623,32.90554620386909,29.099632431556095,34.83802950046898,37.20183992989271
2449,Prov. Sumatera Utara,Kab. Humbang Hasudutan,P,S1,7,44.0,10.016343673700609,8.579591719394974,6.187131734790669,6.90627038570054,6.441789793440861,8.762906950941609,9.025599686121307
2450,Prov. Sumatera Utara,Kab. Karo,L,D3,26,87.0,19.805043172998932,23.06206652186619,18.491341633722325,19.316355878578833,23.005721782470342,20.134031106903524,24.131390408522375
2451,Prov. Sumatera Utara,Kab. Karo,L,Profesi,1,5.0,1.1382208720114328,7.928377323438873,6.060785826669788,6.625984374593129,10.431855316640341,4.482174563188158,3.377396217234371
2452,Prov. Sumatera Utara,Kab. Karo,L,S1,111,876.0,199.41629677640304,115.84161378852708,91.21568071491086,88.62847657480987,99.76371111813657,116.09334984665648,126.27241942546131
2453,Prov. Sumatera Utara,Kab. Karo,P,D3,76,261.0,59.41512951899679,81.54241714130882,66.61704167407451,71.63740471400037,89.34633179384586,67.37625094725439,70.77499678791786
2454,Prov. Sumatera Utara,Kab. Karo,P,Profesi,1,5.0,1.1382208720114328,8.560369034143072,6.602414575533263,7.210192640817695,10.454703240347174,4.506394231987937,4.198186098648953
2455,Prov. Sumatera Utara,Kab. Karo,P,S1,209,1197.0,272.49007675953703,176.9392140186146,141.11818104081092,138.60664644569374,161.28506601496574,165.41568857800726,139.13943179277734
2456,Prov. Sumatera Utara,Kab. Labuhan Batu,L,D3,9,105.0,23.90263831224009,12.43805535611215,9.869412436827469,7.7327342666525,10.092275985717242,11.64905608778963,11.224751821849596
2457,Prov. Sumatera Utara,Kab. Labuhan Batu,L,Profesi,241,248.0,56.45575525176707,128.88937752069901,94.17565648558029,69.42060488958391,103.49244788942465,62.75565187267316,75.1376942114437
2458,Prov. Sumatera Utara,Kab. Labuhan Batu,L,S1,589,4640.0,1056.2689692266097,683.208730473119,592.3146182765338,592.2424721833115,672.4891953571187,699.9584895252269,561.4687621590213
2459,Prov. Sumatera Utara,Kab. Labuhan Batu,L,S2,32,146.0,33.23604946273384,56.05720127575097,54.34477646795471,59.65393761149529,48.839241990614966,37.551401739055606,43.349556763736864
2460,Prov. Sumatera Utara,Kab. Labuhan Batu,P,D3,52,229.0,52.13051593812362,54.88829998568495,47.14772886979963,45.787139005912536,55.803488933767035,55.40876619866741,41.04892346107232
2461,Prov. Sumatera Utara,Kab. Labuhan Batu,P,Profesi,956,975.0,221.9530700422294,552.1195321070925,407.4399783285679,300.9503036258496,381.2586998128611,265.70444500158357,182.58267088152996
2462,Prov. Sumatera Utara,Kab. Labuhan Batu,P,S1,887,5327.0,1212.6605170409805,966.8571587535765,858.5855927806731,897.6061754274052,916.8765640587156,919.0890831330765,889.3812744188589
2463,Prov. Sumatera Utara,Kab. Labuhan Batu,P,S2,13,65.0,14.796871336148627,26.946358832456415,26.35676844151925,28.89988252702806,21.312933949033116,26.992524234767966,24.106368963834388
2464,Prov. Sumatera Utara,Kab. Labuhan Batu Utara,L,S1,8,26.0,5.918748534459451,4.511432203357051,3.210147623341546,3.538266310639973,3.1309428518634945,6.3843272843794825,5.157722287711934
2465,Prov. Sumatera Utara,Kab. Labuhan Batu Utara,P,S1,41,67.0,15.2521596849532,11.024001118351803,7.80000773246599,8.213167165858776,11.749825185419146,14.568176628945281,13.151368369327349
2466,Prov. Sumatera Utara,Kab. Langkat,L,D3,1,21.0,4.7805276624480175,6.399528448026472,5.4246701239105946,5.960244636941194,6.393034385839212,5.763945818514273,5.4850522312783285
2467,Prov. Sumatera Utara,Kab. Langkat,L,Profesi,1,16.0,3.642306790436585,21.547017972402024,16.832429699529808,17.443075198306623,15.028827457454573,10.511895836940313,13.014579603618595
2468,Prov. Sumatera Utara,Kab. Langkat,L,S1,140,1400.0,318.7018441632012,254.05640326169922,215.72943846669847,234.29629009464136,274.1786877187528,194.7659656908378,189.28646620234545
2469,Prov. Sumatera Utara,Kab. Langkat,P,D3,58,467.0,106.30982944586783,160.59824718700213,138.0329002977855,153.81128294346394,152.21610226022946,131.36799590961246,149.93204609983667
2470,Prov. Sumatera Utara,Kab. Langkat,P,Profesi,5,42.0,9.561055324896035,65.37112520727264,51.91883628129256,55.01490477874687,46.315856038846825,38.001767811397364,36.57171824563602
2471,Prov. Sumatera Utara,Kab. Langkat,P,S1,454,3097.0,705.0140081238815,629.9385882169094,541.9563821799081,595.5591902753148,853.9885894655827,505.5680423475975,527.3318791088983
2472,Prov. Sumatera Utara,Kab. Mandailing Natal,L,S1,130,1170.0,266.3436840506753,160.69345497083197,136.27668116430084,130.611446833817,144.5241114524643,141.3905421773143,125.45732209259036
2473,Prov. Sumatera Utara,Kab. Mandailing Natal,P,D3,65,214.0,48.71585332208932,73.27957304718453,64.8669213346135,70.09136832713328,68.44449298140965,64.20074551722531,48.256264947427454
2474,Prov. Sumatera Utara,Kab. Mandailing Natal,P,S1,349,2249.0,511.9717482307425,376.1281610450877,326.19639250915225,325.4655572027396,409.03101142150655,295.14876170956205,334.8261612487924
2475,Prov. Sumatera Utara,Kab. Nias Barat,L,S1,12,44.0,10.016343673700609,8.693425736664645,7.891268124097939,7.951132615798197,7.859663888864024,10.174877031070276,11.466271312924471
2476,Prov. Sumatera Utara,Kab. Nias Barat,P,S1,14,65.0,14.796871336148627,14.541341757506917,13.388754447190731,13.697395764623762,14.925684786065096,16.85777102313523,15.538736425704455
2477,Prov. Sumatera Utara,Kab. Nias Selatan,L,D3,2,44.0,10.016343673700609,4.5503763395329635,3.414204427745086,2.4762054341277966,2.9942336154314173,11.253527230798216,12.789194778959097
2478,Prov. Sumatera Utara,Kab. Nias Selatan,L,S1,212,2793.0,635.8101791055864,246.4058245485608,192.81750870369393,156.40306054491742,117.49039503787652,229.20102485459503,237.71071035227382
2479,Prov. Sumatera Utara,Kab. Nias Selatan,P,D3,9,40.0,9.105766976091463,6.189818270531586,4.860392549674188,3.938955383319936,2.6249185920871243,12.522355436344679,15.09934656576866
2480,Prov. Sumatera Utara,Kab. Nias Selatan,P,S1,369,2704.0,615.5498475837829,314.55317837820314,253.97151795648108,220.40860680397003,257.80290792826725,244.5095250242504,253.28383091365907
2481,Prov. Sumatera Utara,Kab. Padang Lawas,L,S1,40,313.0,71.2526265879157,22.778507548574165,15.275878124557764,12.214986392746715,17.86893682343969,21.36190561926254,30.60942502952863
2482,Prov. Sumatera Utara,Kab. Padang Lawas,P,S1,171,844.0,192.13168319552986,64.76368024975659,43.704236024683915,34.62534390982736,44.020411338665966,54.07816158796512,64.00006922012003
2483,Prov. Sumatera Utara,Kab. Padang Lawas utara,L,S1,174,485.0,110.40742458510898,69.25071575957882,55.2800873092842,55.77761803261628,65.79538237140505,52.37435389057881,56.79689647017081
2484,Prov. Sumatera Utara,Kab. Padang Lawas utara,P,D3,101,255.0,58.049264472583076,85.50224050324206,70.76593404348247,78.86119601244285,99.12585957469499,68.55659352231434,68.95967851946034
2485,Prov. Sumatera Utara,Kab. Padang Lawas utara,P,Profesi,9,29.0,6.60168105766631,39.43496071855257,29.790798223354482,30.401426087748124,28.33312778489745,24.826662143392475,23.943810366843074
2486,Prov. Sumatera Utara,Kab. Padang Lawas utara,P,S1,209,772.0,175.74130263856523,124.67801657903182,100.93976866121712,103.37372668510666,117.56171584261274,107.68390845105152,118.68304405122058
2487,Prov. Sumatera Utara,Kab. Simalungun,L,D3,31,233.0,53.041092635732774,35.320884983248746,27.33129351251097,23.526487586227297,19.950149691606438,17.089451460695777,18.799271326078767
2488,Prov. Sumatera Utara,Kab. Simalungun,L,S1,167,747.0,170.05019827850808,139.28948689242458,117.11600893696404,127.856169995902,162.59319183745012,169.8183870022824,185.38036153922167
2489,Prov. Sumatera Utara,Kab. Simalungun,L,S2,5,43.0,9.788699499298323,15.927152195477388,14.588070750369539,15.965044497304916,14.06937349632723,12.662108570250261,8.849070116557279
2490,Prov. Sumatera Utara,Kab. Simalungun,P,D3,35,339.0,77.17137512237515,68.8796081919973,55.09491075183139,51.02644031686833,67.01472817088323,42.19348572007287,79.12273689366268
2491,Prov. Sumatera Utara,Kab. Simalungun,P,S1,410,1824.0,415.2229741097707,378.19298092631556,321.89182455056965,354.5927241257224,385.6209400751183,325.2672608994929,321.7073355484114
2492,Prov. Sumatera Utara,Kab. Simalungun,P,S2,17,62.0,14.113938812941768,24.51331240372868,22.624061399403306,24.635349104643822,25.921036145792037,14.757098155253592,16.178652818868375
2493,Prov. Sumatera Utara,Kab. Tapanuli Selatan,L,S1,35,501.0,114.04973137554558,76.99673028560977,58.33320701760312,58.968393474757924,73.1220244208217,75.26837197170335,76.49373998196745
2494,Prov. Sumatera Utara,Kab. Tapanuli Selatan,P,S1,58,419.0,95.38290907455807,73.94322214460999,56.912180160151095,58.697426347723706,84.98247729601972,62.260339565393224,54.5665186212883
2495,Prov. Sumatera Utara,Kab. Tapanuli Tengah,L,S1,36,398.0,90.60238141211005,55.76707308108326,42.83385222222575,43.86820001407809,53.64469971220855,55.092308524831175,55.20481623616516
2496,Prov. Sumatera Utara,Kab. Tapanuli Tengah,P,S1,57,585.0,133.17184202533764,104.6381113406366,82.62617490875792,89.53474758331555,81.93927080966981,98.78000151299764,86.80817114629896
2497,Prov. Sumatera Utara,Kab. Tapanuli Utara,L,D3,31,100.0,22.764417440228655,32.07404757467776,28.905008608232777,31.28613956891499,27.68545214814073,30.062169665038063,26.18937121673476
2498,Prov. Sumatera Utara,Kab. Tapanuli Utara,L,S1,288,1873.0,426.37753865548274,278.20901929151904,244.1767793506988,239.62497672677293,234.7161312133104,247.4747357058264,235.91670364117076
2499,Prov. Sumatera Utara,Kab. Tapanuli Utara,L,S2,22,135.0,30.731963544308687,33.267603206182415,31.170851228398394,28.825012492346527,34.938570505566545,22.985934703789646,22.5258175520098
2500,Prov. Sumatera Utara,Kab. Tapanuli Utara,L,S3,5,60.0,13.658650464137194,6.65094331033006,6.5739468764730695,7.872693293345492,12.0130244518757,5.633432970943522,6.463118375935807
2501,Prov. Sumatera Utara,Kab. Tapanuli Utara,P,D3,102,284.0,64.65094553024939,95.1144876421874,86.15937440690132,92.08960575167946,77.56363146582737,77.50410403883639,74.34369730445921
2502,Prov. Sumatera Utara,Kab. Tapanuli Utara,P,S1,475,2608.0,593.6960068411634,433.1987459030356,385.1182755476168,382.1024960192466,371.3661807228108,357.31398074462237,354.7725387188725
2503,Prov. Sumatera Utara,Kab. Tapanuli Utara,P,S2,21,137.0,31.18725189311326,35.69085346560497,33.66069032538451,30.86877967431189,34.95518978405268,21.159767049750258,25.147762821679507
2504,Prov. Sumatera Utara,Kab. Tapanuli Utara,P,S3,9,38.0,8.65047862728689,4.091094593847157,4.03174943479505,4.650655631294025,11.639651095106707,5.214235472502711,4.654744709580263
2505,Prov. Sumatera Utara,Kab. Toba Samosir,L,D3,76,261.0,59.41512951899679,83.39281563030416,76.94004969564963,86.17572258751902,57.183458275124465,65.69348288544641,72.16251865159
2506,Prov. Sumatera Utara,Kab. Toba Samosir,L,D4,24,150.0,34.14662616034298,29.076697125710062,29.33142264431957,34.87266853912863,29.979046350792142,20.81055645513067,22.308378471896482
2507,Prov. Sumatera Utara,Kab. Toba Samosir,L,S1,86,509.0,115.87088477076387,98.53703355120179,90.14707053181114,99.66853730306136,68.73509491371045,99.32575045125328,109.33550345631828
2508,Prov. Sumatera Utara,Kab. Toba Samosir,P,D3,189,570.0,129.75717940930335,196.7690490561938,181.34427761997512,201.70696577902626,134.709479164704,180.06042119177746,183.21737122396226
2509,Prov. Sumatera Utara,Kab. Toba Samosir,P,D4,33,127.0,28.910810149090395,26.304725265036065,27.474272778574473,33.046290204472015,29.098680552655882,20.419806021454676,18.121447445170134
2510,Prov. Sumatera Utara,Kab. Toba Samosir,P,S1,249,936.0,213.07494724054024,181.45494281297744,166.9575001917734,180.25105451396013,127.12828883024086,196.59778510589413,168.34695375813658
2511,Prov. Sumatera Utara,Kota Binjai,L,D3,33,76.0,17.30095725457378,18.207259529166063,15.267484535851619,15.702362622872133,18.80430960123459,17.715977161076825,19.53097952045884
2512,Prov. Sumatera Utara,Kota Binjai,L,S1,292,2591.0,589.8260558763245,290.13701717595154,237.46066118231275,222.29138867537122,248.77193009053528,287.84998358596744,257.62005456754173
2513,Prov. Sumatera Utara,Kota Binjai,P,D3,92,374.0,85.13892122645518,113.26851671201075,97.73782679191777,106.13325962669617,128.81604684803602,114.0338696735599,131.62022620427888
2514,Prov. Sumatera Utara,Kota Binjai,P,S1,742,5329.0,1213.1158053897852,764.9564217718554,643.3177645322139,637.731088826787,711.6833993195536,609.7523010573043,686.7756788301842
2515,Prov. Sumatera Utara,Kota Gunung Sitoli,L,D3,5,34.0,7.739901929677743,5.82484870083264,4.398987886431355,3.9807593576837963,9.096693419241157,7.120638096331581,9.349662461071214
2516,Prov. Sumatera Utara,Kota Gunung Sitoli,L,S1,452,3201.0,728.6890022617193,414.42312885997444,322.0071499286205,312.6057132275474,328.37253603396846,325.34849462667773,372.2162287425982
2517,Prov. Sumatera Utara,Kota Gunung Sitoli,P,D3,8,216.0,49.1711416708939,68.64331663245726,55.57478995260744,60.501279088631975,68.884352459394,71.79613236461822,67.4556781130014
2518,Prov. Sumatera Utara,Kota Gunung Sitoli,P,S1,606,2919.0,664.4933450802745,527.0549105144916,425.20957170252,450.24340871547025,521.1951421958763,417.94856916481996,421.9516082030277
2519,Prov. Sumatera Utara,Kota Medan,L,D1,3,6.0,1.3658650464137194,2.8946252302753295,1.243992375607844,1.0267957958825218,1.0681685049354026,2.6936716226818134,4.5791918655923665
2520,Prov. Sumatera Utara,Kota Medan,L,D3,2519,10799.0,2458.3294393702927,2854.8391234794835,3055.4435269636415,3121.3271250771872,2692.685946326725,2664.3677450393466,2749.80250052261
2521,Prov. Sumatera Utara,Kota Medan,L,D4,786,4952.0,1127.2939516401232,893.6415198728359,1022.9231281540771,1130.820806945877,701.9306012126386,1048.4749746060697,838.9988106791671
2522,Prov. Sumatera Utara,Kota Medan,L,Profesi,10412,10078.0,2294.197989626244,14554.191704813324,15073.374718526367,15858.04322563006,12002.282626400109,9654.041338172508,10660.26146691987
2523,Prov. Sumatera Utara,Kota Medan,L,S1,15039,106770.0,24305.56850093214,14280.302991815122,15094.958333944824,14448.303343173851,13213.578867162314,17795.272803052627,17777.614348993753
2524,Prov. Sumatera Utara,Kota Medan,L,S2,2543,7944.0,1808.4053214517646,2149.406807308471,2447.966086382961,2345.1403127249127,2361.5792232198182,1859.301627389441,2395.8977771131176
2525,Prov. Sumatera Utara,Kota Medan,L,S2 Terapan,16,65.0,14.796871336148627,18.86324357939775,20.0170517021767,16.540548657916702,18.860098763911626,15.949753656381276,17.86909211035366
2526,Prov. Sumatera Utara,Kota Medan,L,S3,338,1335.0,303.9049728270526,192.70136716412347,235.97472739375132,310.414315586051,208.44211796406904,242.6393314343338,201.95874168551697
2527,Prov. Sumatera Utara,Kota Medan,L,Sp-1,125,547.0,124.52136339805075,94.91177898258931,129.37313830542314,180.25757358383225,118.04504061895261,108.79383043193343,113.13978316442345
2528,Prov. Sumatera Utara,Kota Medan,P,D1,3,5.0,1.1382208720114328,3.8129627753637054,1.7254811072600742,1.6217202606755265,1.3724472827735714,2.2726179313325816,3.7952974436284403
2529,Prov. Sumatera Utara,Kota Medan,P,D3,4243,15064.0,3429.231843196045,4679.497184173954,5104.8049460008015,5365.077905803221,4746.340049326316,3511.2843736048594,3520.757095651366
2530,Prov. Sumatera Utara,Kota Medan,P,D4,1149,6484.0,1476.044826824426,1316.5070145897578,1527.642260030807,1711.0796927205433,1176.306302587468,1686.3774450520161,1411.108072566797
2531,Prov. Sumatera Utara,Kota Medan,P,Profesi,34802,33078.0,7530.014000878835,51089.969945576595,54028.64946693923,57040.192450386385,39088.135662699126,16879.45659244787,29446.017514895302
2532,Prov. Sumatera Utara,Kota Medan,P,S1,27103,130216.0,29642.91381396815,22570.778172485196,24636.515394613103,25121.275529071183,25394.202832691764,21633.346902114878,24001.674409658266
2533,Prov. Sumatera Utara,Kota Medan,P,S2,2541,6944.0,1580.761147049478,2259.4865839086106,2627.7485462856303,2609.3835830228954,2351.509158798162,2139.029559083088,2314.674315920903
2534,Prov. Sumatera Utara,Kota Medan,P,S2 Terapan,13,38.0,8.65047862728689,14.124247951966346,15.414480831789087,13.492255476142782,15.201431309014446,12.648673841230933,13.379396137848195
2535,Prov. Sumatera Utara,Kota Medan,P,S3,209,1033.0,235.15643215756202,173.7231698344308,216.4753157809537,291.98528515153436,180.69601209807607,206.70109331946423,193.68721824564378
2536,Prov. Sumatera Utara,Kota Medan,P,Sp-1,133,531.0,120.87905660761417,95.1874681095904,130.26333432122667,178.5717505862364,134.60915613596612,117.11179648448125,108.84199014046662
2537,Prov. Sumatera Utara,Kota Medan,P,Sp-2,1,16.0,3.642306790436585,5.856567408043524,6.8345383216109825,6.705116205663125,5.104663703740865,5.487029382979792,3.660586879341303
2538,Prov. Sumatera Utara,Kota Padang Sidempuan,L,D3,1,14.0,3.187018441632012,4.192303309044541,3.914734565933396,4.1900676184650605,4.010689002474264,3.8358925120941767,4.868789056687592
2539,Prov. Sumatera Utara,Kota Padang Sidempuan,L,Profesi,1055,640.0,145.6922716174634,991.2029818820856,868.1700025363516,925.0856168676792,1321.7868722074934,730.2281129747765,689.7829042686797
2540,Prov. Sumatera Utara,Kota Padang Sidempuan,L,S1,882,7948.0,1809.3158981493737,1299.5761953649896,1205.5998152314385,1239.1472288597026,1384.7028030161644,1270.9238645030011,1305.5433608726444
2541,Prov. Sumatera Utara,Kota Padang Sidempuan,L,S2,89,288.0,65.56152222785853,105.98360938511266,108.45814022795908,116.54889062821168,102.44873665157374,72.94634301978233,75.17820449816331
2542,Prov. Sumatera Utara,Kota Padang Sidempuan,P,D3,148,591.0,134.53770707175136,199.14092042237755,188.48935101621373,204.40521122361525,196.295826450046,195.39992972975557,195.3598487923549
2543,Prov. Sumatera Utara,Kota Padang Sidempuan,P,Profesi,4854,3055.0,695.4529527989855,5090.3087142086915,4496.528416281411,4780.153541465207,8579.364330375467,3910.59639316676,4123.013499736479
2544,Prov. Sumatera Utara,Kota Padang Sidempuan,P,S1,2982,14785.0,3365.719118537807,2853.5808742005847,2696.26555476729,2853.4207442029206,3154.905305691729,2642.0594700498964,2655.2910334897924
2545,Prov. Sumatera Utara,Kota Padang Sidempuan,P,S2,148,402.0,91.51295810971921,155.22771923794187,159.75967530916228,169.81325329834522,148.778289177072,127.044005797234,137.99288730562907
2546,Prov. Sumatera Utara,Kota Pematang Siantar,L,D3,83,438.0,99.70814838820152,79.93349534585076,68.0644750730302,59.2605681790004,55.114482739826755,56.82059769374759,67.71134231660132
2547,Prov. Sumatera Utara,Kota Pematang Siantar,L,Profesi,119,214.0,48.71585332208932,351.1353174824049,298.38582059677395,312.7455514698698,339.2786004374721,513.5685742184697,427.56207661485314
2548,Prov. Sumatera Utara,Kota Pematang Siantar,L,S1,768,6432.0,1464.2073297555073,879.2646814252972,779.9628942653632,732.215717455722,693.8011941055508,823.1566331485593,780.5112114968379
2549,Prov. Sumatera Utara,Kota Pematang Siantar,L,S2,75,227.0,51.67522758931905,62.64494425532233,59.834202967773095,56.16591100998076,44.501168282364134,67.99828210426264,70.3517744481409
2550,Prov. Sumatera Utara,Kota Pematang Siantar,P,D3,143,506.0,115.187952247557,119.78354841712878,105.04773867023627,97.30431358010799,71.82060716308514,109.48685101635454,108.39803655242503
2551,Prov. Sumatera Utara,Kota Pematang Siantar,P,Profesi,552,1099.0,250.18094766811294,1949.5606652448319,1671.744908594597,1751.0617618184178,1860.3932815891121,1277.903450905708,1322.1739541078116
2552,Prov. Sumatera Utara,Kota Pematang Siantar,P,S1,1130,7159.0,1629.7046445459696,1226.315699821654,1128.7993475674723,1121.7684171866858,1085.3663958622733,1163.974955920917,1191.15705853285
2553,Prov. Sumatera Utara,Kota Pematang Siantar,P,S2,74,164.0,37.333644601974996,52.379470253182845,50.8709451260481,48.851079284703715,34.91194103195274,45.68527382534795,47.285717788970196
2554,Prov. Sumatera Utara,Kota Sibolga,L,D3,9,13.0,2.9593742672297254,3.099563698500647,2.44031054092375,2.5029183705363334,2.7446542237543645,4.006124355052502,4.718415186236436
2555,Prov. Sumatera Utara,Kota Sibolga,L,S1,99,771.0,175.51365846416294,87.46161439790622,67.26517789724431,63.13491367160053,72.01890371076051,101.28141326623044,89.40777588518122
2556,Prov. Sumatera Utara,Kota Sibolga,P,D3,50,85.0,19.34975482419436,23.44481999469838,18.767903789168194,19.689487078796517,21.040848867697253,17.31382373648735,19.51656620352414
2557,Prov. Sumatera Utara,Kota Sibolga,P,S1,244,1346.0,306.40905874547775,194.49948863009834,153.74663215416507,152.57276786250924,153.49839138554913,181.31855457445027,175.04668371162936
2558,Prov. Sumatera Utara,Kota Tanjung Balai,L,S1,19,319.0,72.61849163432942,28.80111283820117,21.501104037003174,18.70412653990187,16.435773106024005,25.489593798962975,28.680667427940325
2559,Prov. Sumatera Utara,Kota Tanjung Balai,P,D3,8,68.0,15.479803859355487,13.122503860362048,10.05054621676707,9.349185190808411,16.748227027962916,14.265969698948842,15.891337058324227
2560,Prov. Sumatera Utara,Kota Tanjung Balai,P,S1,87,919.0,209.20499627570135,95.51752733128919,72.46379202948646,64.37033598296955,77.85926401958862,75.68180971453515,85.80396383168537
2561,Prov. Sumatera Utara,Kota Tebing Tinggi,L,D3,4,36.0,8.195190278482317,5.179127393917651,3.848953884776599,3.2734255651577384,3.142831819283582,12.230540135821084,13.514052799160746
2562,Prov. Sumatera Utara,Kota Tebing Tinggi,L,S1,143,1440.0,327.80761113929265,198.79423896197278,156.12464516975297,154.6287452298152,216.29958667516064,206.6720171322076,193.9886082232
2563,Prov. Sumatera Utara,Kota Tebing Tinggi,L,S2,12,26.0,5.918748534459451,9.879612964129747,8.766940343867029,9.736489641627376,8.994966353409803,4.716388016703753,5.222223009102254
2564,Prov. Sumatera Utara,Kota Tebing Tinggi,P,D3,14,46.0,10.471632022505183,11.371952011468982,9.3537050987574,9.552031143249069,12.298331545714126,11.7657779321629,15.37843981456056
2565,Prov. Sumatera Utara,Kota Tebing Tinggi,P,S1,360,2500.0,569.1104360057165,445.93617051025575,360.87817782120544,379.96543791761746,480.3671811642157,474.8501777084756,451.40078377544694
2566,Prov. Sumatera Utara,Kota Tebing Tinggi,P,S2,9,27.0,6.146392708861738,10.082393362897383,8.932140790450283,9.593760596685991,11.222420673645976,6.3834773624219086,6.087684842945525
