repeat,model,provinsi_pt,jumlah_lulusan,pred
1,ExposureRateBaseline,Prov. Aceh,62922,55685.60215010397
1,ExposureRateBaseline,Prov. Bali,57531,41191.48742641726
1,ExposureRateBaseline,Prov. Bangka Belitung,4086,5426.896881282203
1,ExposureRateBaseline,Prov. Banten,153271,539779.2760295322
1,ExposureRateBaseline,Prov. Bengkulu,25023,22355.957275533598
1,ExposureRateBaseline,Prov. D.I. Yogyakarta,148425,133705.53629656692
1,ExposureRateBaseline,Prov. D.K.I. Jakarta,205158,196677.9932592395
1,ExposureRateBaseline,Prov. Gorontalo,23637,16441.656123336208
1,ExposureRateBaseline,Prov. Jambi,29648,27883.744282521715
1,ExposureRateBaseline,Prov. Jawa Barat,289638,304109.37991203164
1,ExposureRateBaseline,Prov. Jawa Tengah,277371,206702.22454595804
1,ExposureRateBaseline,Prov. Jawa Timur,384772,287927.9197042443
1,ExposureRateBaseline,Prov. Kalimantan Barat,31951,33029.327667292404
1,ExposureRateBaseline,Prov. Kalimantan Selatan,40426,28145.127375739357
1,ExposureRateBaseline,Prov. Kalimantan Tengah,13721,13555.722624831618
1,ExposureRateBaseline,Prov. Kalimantan Timur,26373,28723.010754826533
1,ExposureRateBaseline,Prov. Kalimantan Utara,4104,3764.408427823954
1,ExposureRateBaseline,Prov. Kepulauan Riau,12556,14646.644339955328
1,ExposureRateBaseline,Prov. Lampung,48131,47111.259308614826
1,ExposureRateBaseline,Prov. Maluku,18492,18422.529125252644
1,ExposureRateBaseline,Prov. Maluku Utara,10471,10373.497872404141
1,ExposureRateBaseline,Prov. Nusa Tenggara Barat,64464,41393.58941406311
1,ExposureRateBaseline,Prov. Nusa Tenggara Timur,38936,41589.62159785308
1,ExposureRateBaseline,Prov. Papua,15342,33892.76234286103
1,ExposureRateBaseline,Prov. Papua Barat,5251,12399.165217032865
1,ExposureRateBaseline,Prov. Riau,49020,47049.2086879077
1,ExposureRateBaseline,Prov. Sulawesi Barat,6371,8837.042565706148
1,ExposureRateBaseline,Prov. Sulawesi Selatan,134479,113624.65430474226
1,ExposureRateBaseline,Prov. Sulawesi Tengah,23182,23761.933250476875
1,ExposureRateBaseline,Prov. Sulawesi Tenggara,30830,31115.556655052187
1,ExposureRateBaseline,Prov. Sulawesi Utara,24974,25590.687998277637
1,ExposureRateBaseline,Prov. Sumatera Barat,86458,57534.9963272552
1,ExposureRateBaseline,Prov. Sumatera Selatan,56467,50329.86805382102
1,ExposureRateBaseline,Prov. Sumatera Utara,141250,113116.25815928016
1,NB2_Offset,Prov. Aceh,62922,70331.11314342883
1,NB2_Offset,Prov. Bali,57531,70750.40696127081
1,NB2_Offset,Prov. Bangka Belitung,4086,4636.997083643282
1,NB2_Offset,Prov. Banten,153271,251131.67876728918
1,NB2_Offset,Prov. Bengkulu,25023,21283.04653333938
1,NB2_Offset,Prov. D.I. Yogyakarta,148425,181567.30565863033
1,NB2_Offset,Prov. D.K.I. Jakarta,205158,195758.92048339258
1,NB2_Offset,Prov. Gorontalo,23637,29866.107779626265
1,NB2_Offset,Prov. Jambi,29648,35963.82671663421
1,NB2_Offset,Prov. Jawa Barat,289638,317869.36720976955
1,NB2_Offset,Prov. Jawa Tengah,277371,308861.5886978712
1,NB2_Offset,Prov. Jawa Timur,384772,385633.001874509
1,NB2_Offset,Prov. Kalimantan Barat,31951,36651.80337914732
1,NB2_Offset,Prov. Kalimantan Selatan,40426,45014.96454220936
1,NB2_Offset,Prov. Kalimantan Tengah,13721,17445.043464422833
1,NB2_Offset,Prov. Kalimantan Timur,26373,36122.63546510072
1,NB2_Offset,Prov. Kalimantan Utara,4104,5915.913384487118
1,NB2_Offset,Prov. Kepulauan Riau,12556,14391.497482628594
1,NB2_Offset,Prov. Lampung,48131,40898.69036749853
1,NB2_Offset,Prov. Maluku,18492,17884.477540911437
1,NB2_Offset,Prov. Maluku Utara,10471,6956.790826778605
1,NB2_Offset,Prov. Nusa Tenggara Barat,64464,53310.6209155582
1,NB2_Offset,Prov. Nusa Tenggara Timur,38936,49262.93235471755
1,NB2_Offset,Prov. Papua,15342,23941.789762052464
1,NB2_Offset,Prov. Papua Barat,5251,9387.14033461419
1,NB2_Offset,Prov. Riau,49020,54725.59987655876
1,NB2_Offset,Prov. Sulawesi Barat,6371,7610.8567331918875
1,NB2_Offset,Prov. Sulawesi Selatan,134479,148303.2533477053
1,NB2_Offset,Prov. Sulawesi Tengah,23182,19994.654739784983
1,NB2_Offset,Prov. Sulawesi Tenggara,30830,36852.534445775746
1,NB2_Offset,Prov. Sulawesi Utara,24974,20295.913127928525
1,NB2_Offset,Prov. Sumatera Barat,86458,61898.56680586461
1,NB2_Offset,Prov. Sumatera Selatan,56467,44325.79219404906
1,NB2_Offset,Prov. Sumatera Utara,141250,158242.09285184997
1,PoissonRate,Prov. Aceh,62922,64256.24665725909
1,PoissonRate,Prov. Bali,57531,59503.87203922019
1,PoissonRate,Prov. Bangka Belitung,4086,4398.832552460067
1,PoissonRate,Prov. Banten,153271,283553.19228881976
1,PoissonRate,Prov. Bengkulu,25023,21691.619060083052
1,PoissonRate,Prov. D.I. Yogyakarta,148425,167648.60386744922
1,PoissonRate,Prov. D.K.I. Jakarta,205158,186587.87166427405
1,PoissonRate,Prov. Gorontalo,23637,25760.89328462869
1,PoissonRate,Prov. Jambi,29648,32023.949558714554
1,PoissonRate,Prov. Jawa Barat,289638,296696.9978884698
1,PoissonRate,Prov. Jawa Tengah,277371,275565.3680637485
1,PoissonRate,Prov. Jawa Timur,384772,350218.560719956
1,PoissonRate,Prov. Kalimantan Barat,31951,34776.21517198979
1,PoissonRate,Prov. Kalimantan Selatan,40426,40322.13541901947
1,PoissonRate,Prov. Kalimantan Tengah,13721,16422.053436372404
1,PoissonRate,Prov. Kalimantan Timur,26373,33942.30623742996
1,PoissonRate,Prov. Kalimantan Utara,4104,5455.433800892177
1,PoissonRate,Prov. Kepulauan Riau,12556,13791.113936981019
1,PoissonRate,Prov. Lampung,48131,36712.907537359984
1,PoissonRate,Prov. Maluku,18492,14262.231780252234
1,PoissonRate,Prov. Maluku Utara,10471,6302.1426108968135
1,PoissonRate,Prov. Nusa Tenggara Barat,64464,48684.49516455923
1,PoissonRate,Prov. Nusa Tenggara Timur,38936,44296.140523666945
1,PoissonRate,Prov. Papua,15342,22885.11285544117
1,PoissonRate,Prov. Papua Barat,5251,7393.923097543575
1,PoissonRate,Prov. Riau,49020,52854.9323676241
1,PoissonRate,Prov. Sulawesi Barat,6371,6668.66680498199
1,PoissonRate,Prov. Sulawesi Selatan,134479,139564.20518407802
1,PoissonRate,Prov. Sulawesi Tengah,23182,18037.257147134296
1,PoissonRate,Prov. Sulawesi Tenggara,30830,33441.55269027692
1,PoissonRate,Prov. Sulawesi Utara,24974,17700.49945978335
1,PoissonRate,Prov. Sumatera Barat,86458,56926.579069110114
1,PoissonRate,Prov. Sumatera Selatan,56467,41851.751445109934
1,PoissonRate,Prov. Sumatera Utara,141250,151991.19351423212
1,TweedieRate,Prov. Aceh,62922,64852.92584046838
1,TweedieRate,Prov. Bali,57531,59879.26896559418
1,TweedieRate,Prov. Bangka Belitung,4086,4623.041229934456
1,TweedieRate,Prov. Banten,153271,279010.13274956023
1,TweedieRate,Prov. Bengkulu,25023,21238.05891532471
1,TweedieRate,Prov. D.I. Yogyakarta,148425,163990.0290632285
1,TweedieRate,Prov. D.K.I. Jakarta,205158,187519.88366462497
1,TweedieRate,Prov. Gorontalo,23637,24751.31473167292
1,TweedieRate,Prov. Jambi,29648,29000.283448566795
1,TweedieRate,Prov. Jawa Barat,289638,296199.6625905431
1,TweedieRate,Prov. Jawa Tengah,277371,277224.1263206489
1,TweedieRate,Prov. Jawa Timur,384772,352704.90456672537
1,TweedieRate,Prov. Kalimantan Barat,31951,34292.4156486317
1,TweedieRate,Prov. Kalimantan Selatan,40426,41603.678918647885
1,TweedieRate,Prov. Kalimantan Tengah,13721,16880.74456249151
1,TweedieRate,Prov. Kalimantan Timur,26373,35231.54490823789
1,TweedieRate,Prov. Kalimantan Utara,4104,5652.109559863177
1,TweedieRate,Prov. Kepulauan Riau,12556,14263.040538557818
1,TweedieRate,Prov. Lampung,48131,36817.27931714655
1,TweedieRate,Prov. Maluku,18492,13192.638609640273
1,TweedieRate,Prov. Maluku Utara,10471,6062.0941484926225
1,TweedieRate,Prov. Nusa Tenggara Barat,64464,49714.875483895725
1,TweedieRate,Prov. Nusa Tenggara Timur,38936,44207.77823761191
1,TweedieRate,Prov. Papua,15342,22864.96639726095
1,TweedieRate,Prov. Papua Barat,5251,6875.3633118910975
1,TweedieRate,Prov. Riau,49020,53974.249953930965
1,TweedieRate,Prov. Sulawesi Barat,6371,6765.091025155141
1,TweedieRate,Prov. Sulawesi Selatan,134479,141867.3360947313
1,TweedieRate,Prov. Sulawesi Tengah,23182,17609.393851681038
1,TweedieRate,Prov. Sulawesi Tenggara,30830,33387.22228670425
1,TweedieRate,Prov. Sulawesi Utara,24974,17007.36785271919
1,TweedieRate,Prov. Sumatera Barat,86458,57709.19365081159
1,TweedieRate,Prov. Sumatera Selatan,56467,42140.68720405813
1,TweedieRate,Prov. Sumatera Utara,141250,155814.17119362534
1,HistGBPoissonRate,Prov. Aceh,62922,79978.09013809753
1,HistGBPoissonRate,Prov. Bali,57531,59884.5995369934
1,HistGBPoissonRate,Prov. Bangka Belitung,4086,4389.445229180722
1,HistGBPoissonRate,Prov. Banten,153271,225614.76899220407
1,HistGBPoissonRate,Prov. Bengkulu,25023,25093.344324766804
1,HistGBPoissonRate,Prov. D.I. Yogyakarta,148425,197027.4148938564
1,HistGBPoissonRate,Prov. D.K.I. Jakarta,205158,226275.75327843754
1,HistGBPoissonRate,Prov. Gorontalo,23637,35557.05159827526
1,HistGBPoissonRate,Prov. Jambi,29648,43436.72171412054
1,HistGBPoissonRate,Prov. Jawa Barat,289638,288244.097348438
1,HistGBPoissonRate,Prov. Jawa Tengah,277371,336267.82762767514
1,HistGBPoissonRate,Prov. Jawa Timur,384772,372845.99863854796
1,HistGBPoissonRate,Prov. Kalimantan Barat,31951,38816.32299386824
1,HistGBPoissonRate,Prov. Kalimantan Selatan,40426,45499.7853632408
1,HistGBPoissonRate,Prov. Kalimantan Tengah,13721,13533.968752727531
1,HistGBPoissonRate,Prov. Kalimantan Timur,26373,32474.849221707038
1,HistGBPoissonRate,Prov. Kalimantan Utara,4104,6600.009179843089
1,HistGBPoissonRate,Prov. Kepulauan Riau,12556,14170.708278769449
1,HistGBPoissonRate,Prov. Lampung,48131,39007.494222511385
1,HistGBPoissonRate,Prov. Maluku,18492,20004.65614143788
1,HistGBPoissonRate,Prov. Maluku Utara,10471,6434.75753080754
1,HistGBPoissonRate,Prov. Nusa Tenggara Barat,64464,44843.19286999646
1,HistGBPoissonRate,Prov. Nusa Tenggara Timur,38936,58244.45088147542
1,HistGBPoissonRate,Prov. Papua,15342,20961.04150902214
1,HistGBPoissonRate,Prov. Papua Barat,5251,10842.942026312792
1,HistGBPoissonRate,Prov. Riau,49020,50949.78306944228
1,HistGBPoissonRate,Prov. Sulawesi Barat,6371,8175.40548328587
1,HistGBPoissonRate,Prov. Sulawesi Selatan,134479,141975.38628339957
1,HistGBPoissonRate,Prov. Sulawesi Tengah,23182,19314.26903799994
1,HistGBPoissonRate,Prov. Sulawesi Tenggara,30830,32122.34678620772
1,HistGBPoissonRate,Prov. Sulawesi Utara,24974,20622.018329062375
1,HistGBPoissonRate,Prov. Sumatera Barat,86458,61194.007643530786
1,HistGBPoissonRate,Prov. Sumatera Selatan,56467,39635.01606741023
1,HistGBPoissonRate,Prov. Sumatera Utara,141250,171348.76163382822
1,RandomForestLogCount,Prov. Aceh,62922,60672.85397016954
1,RandomForestLogCount,Prov. Bali,57531,55835.36648110052
1,RandomForestLogCount,Prov. Bangka Belitung,4086,4075.366433375013
1,RandomForestLogCount,Prov. Banten,153271,74779.5345876924
1,RandomForestLogCount,Prov. Bengkulu,25023,20435.462976083243
1,RandomForestLogCount,Prov. D.I. Yogyakarta,148425,151040.35027934267
1,RandomForestLogCount,Prov. D.K.I. Jakarta,205158,224742.44494399944
1,RandomForestLogCount,Prov. Gorontalo,23637,23418.518116016898
1,RandomForestLogCount,Prov. Jambi,29648,30049.051900165694
1,RandomForestLogCount,Prov. Jawa Barat,289638,269661.0838225424
1,RandomForestLogCount,Prov. Jawa Tengah,277371,254953.0571953782
1,RandomForestLogCount,Prov. Jawa Timur,384772,313983.7773587471
1,RandomForestLogCount,Prov. Kalimantan Barat,31951,30832.19945589144
1,RandomForestLogCount,Prov. Kalimantan Selatan,40426,33041.56267423143
1,RandomForestLogCount,Prov. Kalimantan Tengah,13721,14079.2447042549
1,RandomForestLogCount,Prov. Kalimantan Timur,26373,35402.78291736284
1,RandomForestLogCount,Prov. Kalimantan Utara,4104,4760.828757274302
1,RandomForestLogCount,Prov. Kepulauan Riau,12556,13774.709057336693
1,RandomForestLogCount,Prov. Lampung,48131,38804.792466171006
1,RandomForestLogCount,Prov. Maluku,18492,16786.965016706003
1,RandomForestLogCount,Prov. Maluku Utara,10471,6238.173529808641
1,RandomForestLogCount,Prov. Nusa Tenggara Barat,64464,45468.175870098756
1,RandomForestLogCount,Prov. Nusa Tenggara Timur,38936,42403.54612487725
1,RandomForestLogCount,Prov. Papua,15342,22242.193359145494
1,RandomForestLogCount,Prov. Papua Barat,5251,9910.94200292593
1,RandomForestLogCount,Prov. Riau,49020,47315.0076215015
1,RandomForestLogCount,Prov. Sulawesi Barat,6371,7277.429617449831
1,RandomForestLogCount,Prov. Sulawesi Selatan,134479,126097.32461126777
1,RandomForestLogCount,Prov. Sulawesi Tengah,23182,19640.021586923598
1,RandomForestLogCount,Prov. Sulawesi Tenggara,30830,28292.07757813958
1,RandomForestLogCount,Prov. Sulawesi Utara,24974,21628.673019713573
1,RandomForestLogCount,Prov. Sumatera Barat,86458,61082.81604349934
1,RandomForestLogCount,Prov. Sumatera Selatan,56467,47438.64364385819
1,RandomForestLogCount,Prov. Sumatera Utara,141250,119344.53557603143
1,ExtraTreesLogCount,Prov. Aceh,62922,63134.30679550709
1,ExtraTreesLogCount,Prov. Bali,57531,55754.902163824525
1,ExtraTreesLogCount,Prov. Bangka Belitung,4086,4125.636608159206
1,ExtraTreesLogCount,Prov. Banten,153271,85906.348708493
1,ExtraTreesLogCount,Prov. Bengkulu,25023,20749.812896037747
1,ExtraTreesLogCount,Prov. D.I. Yogyakarta,148425,151900.1456530044
1,ExtraTreesLogCount,Prov. D.K.I. Jakarta,205158,215804.8964309874
1,ExtraTreesLogCount,Prov. Gorontalo,23637,22777.06303382909
1,ExtraTreesLogCount,Prov. Jambi,29648,29855.65613678948
1,ExtraTreesLogCount,Prov. Jawa Barat,289638,270852.68613163463
1,ExtraTreesLogCount,Prov. Jawa Tengah,277371,265293.8550127067
1,ExtraTreesLogCount,Prov. Jawa Timur,384772,315725.5299268657
1,ExtraTreesLogCount,Prov. Kalimantan Barat,31951,31613.4985753313
1,ExtraTreesLogCount,Prov. Kalimantan Selatan,40426,34575.705385666486
1,ExtraTreesLogCount,Prov. Kalimantan Tengah,13721,15394.714131706474
1,ExtraTreesLogCount,Prov. Kalimantan Timur,26373,33657.586567475235
1,ExtraTreesLogCount,Prov. Kalimantan Utara,4104,4737.005216299309
1,ExtraTreesLogCount,Prov. Kepulauan Riau,12556,13749.67096463318
1,ExtraTreesLogCount,Prov. Lampung,48131,37907.08658666371
1,ExtraTreesLogCount,Prov. Maluku,18492,17846.421241360884
1,ExtraTreesLogCount,Prov. Maluku Utara,10471,6826.834031035623
1,ExtraTreesLogCount,Prov. Nusa Tenggara Barat,64464,44038.678152149696
1,ExtraTreesLogCount,Prov. Nusa Tenggara Timur,38936,42768.27542987166
1,ExtraTreesLogCount,Prov. Papua,15342,24201.458222223133
1,ExtraTreesLogCount,Prov. Papua Barat,5251,9305.78799877193
1,ExtraTreesLogCount,Prov. Riau,49020,48534.155535808924
1,ExtraTreesLogCount,Prov. Sulawesi Barat,6371,7118.1976470347745
1,ExtraTreesLogCount,Prov. Sulawesi Selatan,134479,137315.97505801157
1,ExtraTreesLogCount,Prov. Sulawesi Tengah,23182,20306.05311181112
1,ExtraTreesLogCount,Prov. Sulawesi Tenggara,30830,29622.73040143912
1,ExtraTreesLogCount,Prov. Sulawesi Utara,24974,21797.67341353026
1,ExtraTreesLogCount,Prov. Sumatera Barat,86458,58107.66919193166
1,ExtraTreesLogCount,Prov. Sumatera Selatan,56467,40810.26857033513
1,ExtraTreesLogCount,Prov. Sumatera Utara,141250,125098.94074034388
2,ExposureRateBaseline,Prov. Aceh,62922,64891.216163530495
2,ExposureRateBaseline,Prov. Bali,57531,50533.02933224969
2,ExposureRateBaseline,Prov. Bangka Belitung,4086,5252.349967761279
2,ExposureRateBaseline,Prov. Banten,153271,542233.2218215945
2,ExposureRateBaseline,Prov. Bengkulu,25023,18527.935274423886
2,ExposureRateBaseline,Prov. D.I. Yogyakarta,148425,110865.67230818079
2,ExposureRateBaseline,Prov. D.K.I. Jakarta,205158,189431.1215681417
2,ExposureRateBaseline,Prov. Gorontalo,23637,16211.263310118442
2,ExposureRateBaseline,Prov. Jambi,29648,26677.88513203747
2,ExposureRateBaseline,Prov. Jawa Barat,289638,258480.65025950407
2,ExposureRateBaseline,Prov. Jawa Tengah,277371,208195.0135135977
2,ExposureRateBaseline,Prov. Jawa Timur,384772,291399.8483370271
2,ExposureRateBaseline,Prov. Kalimantan Barat,31951,27387.18768981589
2,ExposureRateBaseline,Prov. Kalimantan Selatan,40426,28484.51048839312
2,ExposureRateBaseline,Prov. Kalimantan Tengah,13721,13126.190740210246
2,ExposureRateBaseline,Prov. Kalimantan Timur,26373,27799.183937409885
2,ExposureRateBaseline,Prov. Kalimantan Utara,4104,3711.658714456816
2,ExposureRateBaseline,Prov. Kepulauan Riau,12556,15202.259646009848
2,ExposureRateBaseline,Prov. Lampung,48131,57791.82610147313
2,ExposureRateBaseline,Prov. Maluku,18492,18555.575338444618
2,ExposureRateBaseline,Prov. Maluku Utara,10471,12169.240404330718
2,ExposureRateBaseline,Prov. Nusa Tenggara Barat,64464,42966.428230492835
2,ExposureRateBaseline,Prov. Nusa Tenggara Timur,38936,42114.39990859742
2,ExposureRateBaseline,Prov. Papua,15342,28807.474639577697
2,ExposureRateBaseline,Prov. Papua Barat,5251,14448.921790896105
2,ExposureRateBaseline,Prov. Riau,49020,47386.14088663127
2,ExposureRateBaseline,Prov. Sulawesi Barat,6371,8943.602503153379
2,ExposureRateBaseline,Prov. Sulawesi Selatan,134479,110024.29943958993
2,ExposureRateBaseline,Prov. Sulawesi Tengah,23182,29150.743150081642
2,ExposureRateBaseline,Prov. Sulawesi Tenggara,30830,30884.752765825313
2,ExposureRateBaseline,Prov. Sulawesi Utara,24974,24483.994256675167
2,ExposureRateBaseline,Prov. Sumatera Barat,86458,57950.51003524346
2,ExposureRateBaseline,Prov. Sumatera Selatan,56467,41732.41298395038
2,ExposureRateBaseline,Prov. Sumatera Utara,141250,114536.66226459206
2,NB2_Offset,Prov. Aceh,62922,70594.3175986264
2,NB2_Offset,Prov. Bali,57531,68036.72194241143
2,NB2_Offset,Prov. Bangka Belitung,4086,4705.000523684692
2,NB2_Offset,Prov. Banten,153271,266384.134262576
2,NB2_Offset,Prov. Bengkulu,25023,21129.721560184516
2,NB2_Offset,Prov. D.I. Yogyakarta,148425,179981.4600288322
2,NB2_Offset,Prov. D.K.I. Jakarta,205158,194120.6518639446
2,NB2_Offset,Prov. Gorontalo,23637,32917.42307940051
2,NB2_Offset,Prov. Jambi,29648,37689.01205557283
2,NB2_Offset,Prov. Jawa Barat,289638,321810.94207912235
2,NB2_Offset,Prov. Jawa Tengah,277371,297452.67016810545
2,NB2_Offset,Prov. Jawa Timur,384772,386806.892077684
2,NB2_Offset,Prov. Kalimantan Barat,31951,37494.33382987637
2,NB2_Offset,Prov. Kalimantan Selatan,40426,44804.43919225308
2,NB2_Offset,Prov. Kalimantan Tengah,13721,18331.75421037115
2,NB2_Offset,Prov. Kalimantan Timur,26373,36983.575948435464
2,NB2_Offset,Prov. Kalimantan Utara,4104,6306.972781675299
2,NB2_Offset,Prov. Kepulauan Riau,12556,14282.740046557066
2,NB2_Offset,Prov. Lampung,48131,41605.33290643523
2,NB2_Offset,Prov. Maluku,18492,17461.40235945306
2,NB2_Offset,Prov. Maluku Utara,10471,7076.6473426310085
2,NB2_Offset,Prov. Nusa Tenggara Barat,64464,53615.25683378275
2,NB2_Offset,Prov. Nusa Tenggara Timur,38936,50079.65468266365
2,NB2_Offset,Prov. Papua,15342,24151.634698559057
2,NB2_Offset,Prov. Papua Barat,5251,9258.720301460118
2,NB2_Offset,Prov. Riau,49020,54006.6688745257
2,NB2_Offset,Prov. Sulawesi Barat,6371,7732.135261502764
2,NB2_Offset,Prov. Sulawesi Selatan,134479,154043.36469569273
2,NB2_Offset,Prov. Sulawesi Tengah,23182,20149.532552198034
2,NB2_Offset,Prov. Sulawesi Tenggara,30830,38268.99383087056
2,NB2_Offset,Prov. Sulawesi Utara,24974,19728.027926618513
2,NB2_Offset,Prov. Sumatera Barat,86458,59605.71589858142
2,NB2_Offset,Prov. Sumatera Selatan,56467,44164.38496109584
2,NB2_Offset,Prov. Sumatera Utara,141250,158216.71162859272
2,PoissonRate,Prov. Aceh,62922,67103.02532598912
2,PoissonRate,Prov. Bali,57531,61544.29491370593
2,PoissonRate,Prov. Bangka Belitung,4086,4506.594985431272
2,PoissonRate,Prov. Banten,153271,297148.92826545326
2,PoissonRate,Prov. Bengkulu,25023,17561.764152660213
2,PoissonRate,Prov. D.I. Yogyakarta,148425,173658.67277788007
2,PoissonRate,Prov. D.K.I. Jakarta,205158,187153.18551006346
2,PoissonRate,Prov. Gorontalo,23637,25676.12828609847
2,PoissonRate,Prov. Jambi,29648,34828.60660022218
2,PoissonRate,Prov. Jawa Barat,289638,296847.089093639
2,PoissonRate,Prov. Jawa Tengah,277371,281129.65006833203
2,PoissonRate,Prov. Jawa Timur,384772,348444.14498973516
2,PoissonRate,Prov. Kalimantan Barat,31951,35936.33306988086
2,PoissonRate,Prov. Kalimantan Selatan,40426,40701.69638696733
2,PoissonRate,Prov. Kalimantan Tengah,13721,16563.48401369982
2,PoissonRate,Prov. Kalimantan Timur,26373,33923.069545895574
2,PoissonRate,Prov. Kalimantan Utara,4104,5516.140918108872
2,PoissonRate,Prov. Kepulauan Riau,12556,13590.889618363206
2,PoissonRate,Prov. Lampung,48131,41298.00453979503
2,PoissonRate,Prov. Maluku,18492,13480.327923094212
2,PoissonRate,Prov. Maluku Utara,10471,7792.0202709191835
2,PoissonRate,Prov. Nusa Tenggara Barat,64464,48923.37132238872
2,PoissonRate,Prov. Nusa Tenggara Timur,38936,45906.24365295801
2,PoissonRate,Prov. Papua,15342,19840.538272727117
2,PoissonRate,Prov. Papua Barat,5251,9717.19990598406
2,PoissonRate,Prov. Riau,49020,52986.1414413887
2,PoissonRate,Prov. Sulawesi Barat,6371,6946.839760525759
2,PoissonRate,Prov. Sulawesi Selatan,134479,151805.99214962407
2,PoissonRate,Prov. Sulawesi Tengah,23182,20962.387160845454
2,PoissonRate,Prov. Sulawesi Tenggara,30830,32466.518807570566
2,PoissonRate,Prov. Sulawesi Utara,24974,16966.0639400921
2,PoissonRate,Prov. Sumatera Barat,86458,56971.93663903867
2,PoissonRate,Prov. Sumatera Selatan,56467,40903.097822845106
2,PoissonRate,Prov. Sumatera Utara,141250,161571.29708401396
2,TweedieRate,Prov. Aceh,62922,65590.02363525625
2,TweedieRate,Prov. Bali,57531,60082.229885517765
2,TweedieRate,Prov. Bangka Belitung,4086,4709.059194460043
2,TweedieRate,Prov. Banten,153271,287220.705760929
2,TweedieRate,Prov. Bengkulu,25023,16608.892942333292
2,TweedieRate,Prov. D.I. Yogyakarta,148425,176714.2599768806
2,TweedieRate,Prov. D.K.I. Jakarta,205158,185548.18808155766
2,TweedieRate,Prov. Gorontalo,23637,25082.40953483021
2,TweedieRate,Prov. Jambi,29648,30340.845619190914
2,TweedieRate,Prov. Jawa Barat,289638,307080.95338140515
2,TweedieRate,Prov. Jawa Tengah,277371,278857.6578626144
2,TweedieRate,Prov. Jawa Timur,384772,350049.9935140157
2,TweedieRate,Prov. Kalimantan Barat,31951,36824.32692853229
2,TweedieRate,Prov. Kalimantan Selatan,40426,41716.43592214885
2,TweedieRate,Prov. Kalimantan Tengah,13721,17186.338394278828
2,TweedieRate,Prov. Kalimantan Timur,26373,35094.285005437414
2,TweedieRate,Prov. Kalimantan Utara,4104,5759.909204707173
2,TweedieRate,Prov. Kepulauan Riau,12556,14293.442346412117
2,TweedieRate,Prov. Lampung,48131,40901.54172119234
2,TweedieRate,Prov. Maluku,18492,13007.650983129486
2,TweedieRate,Prov. Maluku Utara,10471,7559.435848745709
2,TweedieRate,Prov. Nusa Tenggara Barat,64464,50560.02162926729
2,TweedieRate,Prov. Nusa Tenggara Timur,38936,46415.19165862172
2,TweedieRate,Prov. Papua,15342,19476.826493274697
2,TweedieRate,Prov. Papua Barat,5251,9315.912581339893
2,TweedieRate,Prov. Riau,49020,53865.667843891584
2,TweedieRate,Prov. Sulawesi Barat,6371,6996.442005928162
2,TweedieRate,Prov. Sulawesi Selatan,134479,155969.8858206535
2,TweedieRate,Prov. Sulawesi Tengah,23182,20596.752521260598
2,TweedieRate,Prov. Sulawesi Tenggara,30830,32791.26636551317
2,TweedieRate,Prov. Sulawesi Utara,24974,16567.549010367442
2,TweedieRate,Prov. Sumatera Barat,86458,58243.75398517767
2,TweedieRate,Prov. Sumatera Selatan,56467,42260.19542856526
2,TweedieRate,Prov. Sumatera Utara,141250,166583.87983071
2,HistGBPoissonRate,Prov. Aceh,62922,63950.89376262726
2,HistGBPoissonRate,Prov. Bali,57531,63301.36164336191
2,HistGBPoissonRate,Prov. Bangka Belitung,4086,4361.927592964146
2,HistGBPoissonRate,Prov. Banten,153271,183755.13436106825
2,HistGBPoissonRate,Prov. Bengkulu,25023,24328.845185150316
2,HistGBPoissonRate,Prov. D.I. Yogyakarta,148425,182438.46372555394
2,HistGBPoissonRate,Prov. D.K.I. Jakarta,205158,233366.1703767856
2,HistGBPoissonRate,Prov. Gorontalo,23637,28269.8928552966
2,HistGBPoissonRate,Prov. Jambi,29648,34381.74218938386
2,HistGBPoissonRate,Prov. Jawa Barat,289638,291358.80406888993
2,HistGBPoissonRate,Prov. Jawa Tengah,277371,342086.2442359701
2,HistGBPoissonRate,Prov. Jawa Timur,384772,358942.86393511127
2,HistGBPoissonRate,Prov. Kalimantan Barat,31951,36928.07120970585
2,HistGBPoissonRate,Prov. Kalimantan Selatan,40426,46837.29926695282
2,HistGBPoissonRate,Prov. Kalimantan Tengah,13721,14045.73343793625
2,HistGBPoissonRate,Prov. Kalimantan Timur,26373,28422.692462726587
2,HistGBPoissonRate,Prov. Kalimantan Utara,4104,6710.73639461906
2,HistGBPoissonRate,Prov. Kepulauan Riau,12556,14239.36632521292
2,HistGBPoissonRate,Prov. Lampung,48131,39347.84505255074
2,HistGBPoissonRate,Prov. Maluku,18492,21229.275618299453
2,HistGBPoissonRate,Prov. Maluku Utara,10471,6740.8638858102995
2,HistGBPoissonRate,Prov. Nusa Tenggara Barat,64464,47079.81208531178
2,HistGBPoissonRate,Prov. Nusa Tenggara Timur,38936,57286.89880571717
2,HistGBPoissonRate,Prov. Papua,15342,19112.97650159891
2,HistGBPoissonRate,Prov. Papua Barat,5251,9784.921034761197
2,HistGBPoissonRate,Prov. Riau,49020,62682.851084336704
2,HistGBPoissonRate,Prov. Sulawesi Barat,6371,8016.754708646881
2,HistGBPoissonRate,Prov. Sulawesi Selatan,134479,153182.79265118143
2,HistGBPoissonRate,Prov. Sulawesi Tengah,23182,18142.724371444183
2,HistGBPoissonRate,Prov. Sulawesi Tenggara,30830,29615.38767950724
2,HistGBPoissonRate,Prov. Sulawesi Utara,24974,18682.38517699333
2,HistGBPoissonRate,Prov. Sumatera Barat,86458,61739.49029900383
2,HistGBPoissonRate,Prov. Sumatera Selatan,56467,41072.73860251889
2,HistGBPoissonRate,Prov. Sumatera Utara,141250,153718.9194964564
2,RandomForestLogCount,Prov. Aceh,62922,62824.657391385634
2,RandomForestLogCount,Prov. Bali,57531,58097.71560791955
2,RandomForestLogCount,Prov. Bangka Belitung,4086,4013.391886495709
2,RandomForestLogCount,Prov. Banten,153271,74061.69783296836
2,RandomForestLogCount,Prov. Bengkulu,25023,21037.272247331508
2,RandomForestLogCount,Prov. D.I. Yogyakarta,148425,132635.38918479168
2,RandomForestLogCount,Prov. D.K.I. Jakarta,205158,215494.34325816284
2,RandomForestLogCount,Prov. Gorontalo,23637,21466.82541569934
2,RandomForestLogCount,Prov. Jambi,29648,28291.541809618167
2,RandomForestLogCount,Prov. Jawa Barat,289638,275478.4742876226
2,RandomForestLogCount,Prov. Jawa Tengah,277371,254258.3481282779
2,RandomForestLogCount,Prov. Jawa Timur,384772,312611.8615789128
2,RandomForestLogCount,Prov. Kalimantan Barat,31951,31020.694703392244
2,RandomForestLogCount,Prov. Kalimantan Selatan,40426,32031.36886250366
2,RandomForestLogCount,Prov. Kalimantan Tengah,13721,13915.856395347515
2,RandomForestLogCount,Prov. Kalimantan Timur,26373,33288.22531511435
2,RandomForestLogCount,Prov. Kalimantan Utara,4104,4770.523263980264
2,RandomForestLogCount,Prov. Kepulauan Riau,12556,13904.90989098351
2,RandomForestLogCount,Prov. Lampung,48131,38450.626602192606
2,RandomForestLogCount,Prov. Maluku,18492,18761.732625324155
2,RandomForestLogCount,Prov. Maluku Utara,10471,6860.874250395251
2,RandomForestLogCount,Prov. Nusa Tenggara Barat,64464,45285.46407989699
2,RandomForestLogCount,Prov. Nusa Tenggara Timur,38936,41865.8471102793
2,RandomForestLogCount,Prov. Papua,15342,22476.806072456166
2,RandomForestLogCount,Prov. Papua Barat,5251,9184.092822669518
2,RandomForestLogCount,Prov. Riau,49020,44241.91251151656
2,RandomForestLogCount,Prov. Sulawesi Barat,6371,7162.671412731257
2,RandomForestLogCount,Prov. Sulawesi Selatan,134479,118141.50438309507
2,RandomForestLogCount,Prov. Sulawesi Tengah,23182,19354.649324624123
2,RandomForestLogCount,Prov. Sulawesi Tenggara,30830,26202.09695926972
2,RandomForestLogCount,Prov. Sulawesi Utara,24974,21087.45296469233
2,RandomForestLogCount,Prov. Sumatera Barat,86458,63600.925870654435
2,RandomForestLogCount,Prov. Sumatera Selatan,56467,41556.142184126445
2,RandomForestLogCount,Prov. Sumatera Utara,141250,116033.26754755687
2,ExtraTreesLogCount,Prov. Aceh,62922,62490.71364928286
2,ExtraTreesLogCount,Prov. Bali,57531,57369.1599899528
2,ExtraTreesLogCount,Prov. Bangka Belitung,4086,4126.5886499504995
2,ExtraTreesLogCount,Prov. Banten,153271,87237.48278996449
2,ExtraTreesLogCount,Prov. Bengkulu,25023,21162.883535907236
2,ExtraTreesLogCount,Prov. D.I. Yogyakarta,148425,154868.9144153085
2,ExtraTreesLogCount,Prov. D.K.I. Jakarta,205158,200226.83948906465
2,ExtraTreesLogCount,Prov. Gorontalo,23637,21837.260020880538
2,ExtraTreesLogCount,Prov. Jambi,29648,28583.72948867103
2,ExtraTreesLogCount,Prov. Jawa Barat,289638,274088.992684164
2,ExtraTreesLogCount,Prov. Jawa Tengah,277371,268835.37408922537
2,ExtraTreesLogCount,Prov. Jawa Timur,384772,318902.3578257655
2,ExtraTreesLogCount,Prov. Kalimantan Barat,31951,31118.71762918407
2,ExtraTreesLogCount,Prov. Kalimantan Selatan,40426,35703.62172839053
2,ExtraTreesLogCount,Prov. Kalimantan Tengah,13721,15433.47179491817
2,ExtraTreesLogCount,Prov. Kalimantan Timur,26373,31807.378670442482
2,ExtraTreesLogCount,Prov. Kalimantan Utara,4104,4681.737743962357
2,ExtraTreesLogCount,Prov. Kepulauan Riau,12556,13856.17835898296
2,ExtraTreesLogCount,Prov. Lampung,48131,37870.74191101686
2,ExtraTreesLogCount,Prov. Maluku,18492,18252.102361405945
2,ExtraTreesLogCount,Prov. Maluku Utara,10471,6905.040316023123
2,ExtraTreesLogCount,Prov. Nusa Tenggara Barat,64464,44184.503534839285
2,ExtraTreesLogCount,Prov. Nusa Tenggara Timur,38936,42494.66543143726
2,ExtraTreesLogCount,Prov. Papua,15342,24837.865921377237
2,ExtraTreesLogCount,Prov. Papua Barat,5251,9322.276307343187
2,ExtraTreesLogCount,Prov. Riau,49020,46305.99612646363
2,ExtraTreesLogCount,Prov. Sulawesi Barat,6371,7117.116825558659
2,ExtraTreesLogCount,Prov. Sulawesi Selatan,134479,134672.19709318754
2,ExtraTreesLogCount,Prov. Sulawesi Tengah,23182,18834.37378321324
2,ExtraTreesLogCount,Prov. Sulawesi Tenggara,30830,28225.92128048674
2,ExtraTreesLogCount,Prov. Sulawesi Utara,24974,21367.36175597604
2,ExtraTreesLogCount,Prov. Sumatera Barat,86458,59283.90337113316
2,ExtraTreesLogCount,Prov. Sumatera Selatan,56467,39844.35443059539
2,ExtraTreesLogCount,Prov. Sumatera Utara,141250,132485.11890082175
3,ExposureRateBaseline,Prov. Aceh,62922,53942.666410001664
3,ExposureRateBaseline,Prov. Bali,57531,49742.01445183898
3,ExposureRateBaseline,Prov. Bangka Belitung,4086,5278.75685217099
3,ExposureRateBaseline,Prov. Banten,153271,533745.415870088
3,ExposureRateBaseline,Prov. Bengkulu,25023,18668.511151107712
3,ExposureRateBaseline,Prov. D.I. Yogyakarta,148425,132210.9244350459
3,ExposureRateBaseline,Prov. D.K.I. Jakarta,205158,187698.93508770532
3,ExposureRateBaseline,Prov. Gorontalo,23637,15927.039256904764
3,ExposureRateBaseline,Prov. Jambi,29648,31984.688100754334
3,ExposureRateBaseline,Prov. Jawa Barat,289638,248523.53564131501
3,ExposureRateBaseline,Prov. Jawa Tengah,277371,210794.61216420177
3,ExposureRateBaseline,Prov. Jawa Timur,384772,292864.89963011973
3,ExposureRateBaseline,Prov. Kalimantan Barat,31951,28564.06702359351
3,ExposureRateBaseline,Prov. Kalimantan Selatan,40426,28627.720133704475
3,ExposureRateBaseline,Prov. Kalimantan Tengah,13721,12936.855104431866
3,ExposureRateBaseline,Prov. Kalimantan Timur,26373,28010.102995319747
3,ExposureRateBaseline,Prov. Kalimantan Utara,4104,3646.5840399056765
3,ExposureRateBaseline,Prov. Kepulauan Riau,12556,14897.784240393159
3,ExposureRateBaseline,Prov. Lampung,48131,49752.71800305901
3,ExposureRateBaseline,Prov. Maluku,18492,18787.26700001197
3,ExposureRateBaseline,Prov. Maluku Utara,10471,10090.328630308653
3,ExposureRateBaseline,Prov. Nusa Tenggara Barat,64464,41311.28828018826
3,ExposureRateBaseline,Prov. Nusa Tenggara Timur,38936,43924.13544874216
3,ExposureRateBaseline,Prov. Papua,15342,29310.77328997204
3,ExposureRateBaseline,Prov. Papua Barat,5251,11980.564470719562
3,ExposureRateBaseline,Prov. Riau,49020,56812.259632124384
3,ExposureRateBaseline,Prov. Sulawesi Barat,6371,10670.792785343201
3,ExposureRateBaseline,Prov. Sulawesi Selatan,134479,114752.25200231196
3,ExposureRateBaseline,Prov. Sulawesi Tengah,23182,25095.74106516504
3,ExposureRateBaseline,Prov. Sulawesi Tenggara,30830,30266.183694863943
3,ExposureRateBaseline,Prov. Sulawesi Utara,24974,24260.10895479124
3,ExposureRateBaseline,Prov. Sumatera Barat,86458,57420.601912510145
3,ExposureRateBaseline,Prov. Sumatera Selatan,56467,49767.261449295846
3,ExposureRateBaseline,Prov. Sumatera Utara,141250,112884.55525205503
3,NB2_Offset,Prov. Aceh,62922,74302.79666151553
3,NB2_Offset,Prov. Bali,57531,71472.2284825809
3,NB2_Offset,Prov. Bangka Belitung,4086,4609.618810292358
3,NB2_Offset,Prov. Banten,153271,256514.04233265348
3,NB2_Offset,Prov. Bengkulu,25023,21421.257509388794
3,NB2_Offset,Prov. D.I. Yogyakarta,148425,178508.70393043678
3,NB2_Offset,Prov. D.K.I. Jakarta,205158,191390.85044519737
3,NB2_Offset,Prov. Gorontalo,23637,32126.479992093202
3,NB2_Offset,Prov. Jambi,29648,44102.999544135964
3,NB2_Offset,Prov. Jawa Barat,289638,303998.8888722198
3,NB2_Offset,Prov. Jawa Tengah,277371,313484.246675379
3,NB2_Offset,Prov. Jawa Timur,384772,379497.3279628973
3,NB2_Offset,Prov. Kalimantan Barat,31951,37047.59741347447
3,NB2_Offset,Prov. Kalimantan Selatan,40426,43038.073118526074
3,NB2_Offset,Prov. Kalimantan Tengah,13721,17370.80074074048
3,NB2_Offset,Prov. Kalimantan Timur,26373,37103.118713753196
3,NB2_Offset,Prov. Kalimantan Utara,4104,6417.832027439146
3,NB2_Offset,Prov. Kepulauan Riau,12556,13985.752741416196
3,NB2_Offset,Prov. Lampung,48131,41862.46110990096
3,NB2_Offset,Prov. Maluku,18492,17989.138209309793
3,NB2_Offset,Prov. Maluku Utara,10471,6967.791318879599
3,NB2_Offset,Prov. Nusa Tenggara Barat,64464,51666.967440674576
3,NB2_Offset,Prov. Nusa Tenggara Timur,38936,49946.20723779342
3,NB2_Offset,Prov. Papua,15342,23911.978325044496
3,NB2_Offset,Prov. Papua Barat,5251,9152.769946654478
3,NB2_Offset,Prov. Riau,49020,53736.0652288312
3,NB2_Offset,Prov. Sulawesi Barat,6371,7638.52944098423
3,NB2_Offset,Prov. Sulawesi Selatan,134479,151472.78845729015
3,NB2_Offset,Prov. Sulawesi Tengah,23182,20391.82399586722
3,NB2_Offset,Prov. Sulawesi Tenggara,30830,36675.43354114269
3,NB2_Offset,Prov. Sulawesi Utara,24974,19409.4451540826
3,NB2_Offset,Prov. Sumatera Barat,86458,60490.01524071598
3,NB2_Offset,Prov. Sumatera Selatan,56467,46387.98195827031
3,NB2_Offset,Prov. Sumatera Utara,141250,151354.6812386771
3,PoissonRate,Prov. Aceh,62922,67091.707312597
3,PoissonRate,Prov. Bali,57531,64047.49772691012
3,PoissonRate,Prov. Bangka Belitung,4086,4435.511837852504
3,PoissonRate,Prov. Banten,153271,290995.137599491
3,PoissonRate,Prov. Bengkulu,25023,17279.550077229334
3,PoissonRate,Prov. D.I. Yogyakarta,148425,169316.56636308425
3,PoissonRate,Prov. D.K.I. Jakarta,205158,191509.2204009869
3,PoissonRate,Prov. Gorontalo,23637,26169.790713330898
3,PoissonRate,Prov. Jambi,29648,36264.40642105492
3,PoissonRate,Prov. Jawa Barat,289638,293403.17509152263
3,PoissonRate,Prov. Jawa Tengah,277371,285441.92705063644
3,PoissonRate,Prov. Jawa Timur,384772,347704.89617273724
3,PoissonRate,Prov. Kalimantan Barat,31951,34884.1756978228
3,PoissonRate,Prov. Kalimantan Selatan,40426,40070.703097186044
3,PoissonRate,Prov. Kalimantan Tengah,13721,15527.826130683274
3,PoissonRate,Prov. Kalimantan Timur,26373,35545.31194448318
3,PoissonRate,Prov. Kalimantan Utara,4104,5869.765644601936
3,PoissonRate,Prov. Kepulauan Riau,12556,13705.593505577783
3,PoissonRate,Prov. Lampung,48131,37534.72205064389
3,PoissonRate,Prov. Maluku,18492,14301.516798007922
3,PoissonRate,Prov. Maluku Utara,10471,6381.6413065784955
3,PoissonRate,Prov. Nusa Tenggara Barat,64464,48243.620956365005
3,PoissonRate,Prov. Nusa Tenggara Timur,38936,45259.45334118288
3,PoissonRate,Prov. Papua,15342,21073.81162621829
3,PoissonRate,Prov. Papua Barat,5251,7395.578785029432
3,PoissonRate,Prov. Riau,49020,51289.94361945973
3,PoissonRate,Prov. Sulawesi Barat,6371,7119.970864469289
3,PoissonRate,Prov. Sulawesi Selatan,134479,140021.41571903636
3,PoissonRate,Prov. Sulawesi Tengah,23182,18565.03209190783
3,PoissonRate,Prov. Sulawesi Tenggara,30830,32289.375481205436
3,PoissonRate,Prov. Sulawesi Utara,24974,16704.552650182635
3,PoissonRate,Prov. Sumatera Barat,86458,56428.89372182291
3,PoissonRate,Prov. Sumatera Selatan,56467,43271.82301659444
3,PoissonRate,Prov. Sumatera Utara,141250,154072.65613337117
3,TweedieRate,Prov. Aceh,62922,66581.22269992897
3,TweedieRate,Prov. Bali,57531,61905.673383298454
3,TweedieRate,Prov. Bangka Belitung,4086,4647.669793952819
3,TweedieRate,Prov. Banten,153271,280204.35951287055
3,TweedieRate,Prov. Bengkulu,25023,16345.822349508595
3,TweedieRate,Prov. D.I. Yogyakarta,148425,165670.91225794234
3,TweedieRate,Prov. D.K.I. Jakarta,205158,188072.6645690755
3,TweedieRate,Prov. Gorontalo,23637,24907.995565593053
3,TweedieRate,Prov. Jambi,29648,34923.28956039417
3,TweedieRate,Prov. Jawa Barat,289638,301311.5069054401
3,TweedieRate,Prov. Jawa Tengah,277371,284607.4019727439
3,TweedieRate,Prov. Jawa Timur,384772,349814.592677851
3,TweedieRate,Prov. Kalimantan Barat,31951,35545.037178577986
3,TweedieRate,Prov. Kalimantan Selatan,40426,41291.406432478354
3,TweedieRate,Prov. Kalimantan Tengah,13721,16394.320420170927
3,TweedieRate,Prov. Kalimantan Timur,26373,36759.32348405057
3,TweedieRate,Prov. Kalimantan Utara,4104,5926.076656219445
3,TweedieRate,Prov. Kepulauan Riau,12556,14209.35926534063
3,TweedieRate,Prov. Lampung,48131,37291.35418291536
3,TweedieRate,Prov. Maluku,18492,13290.895245892132
3,TweedieRate,Prov. Maluku Utara,10471,6063.0825117090935
3,TweedieRate,Prov. Nusa Tenggara Barat,64464,49635.67684870775
3,TweedieRate,Prov. Nusa Tenggara Timur,38936,45224.62667088634
3,TweedieRate,Prov. Papua,15342,20737.74004054449
3,TweedieRate,Prov. Papua Barat,5251,6816.182009479871
3,TweedieRate,Prov. Riau,49020,51635.76555318633
3,TweedieRate,Prov. Sulawesi Barat,6371,7171.52793446214
3,TweedieRate,Prov. Sulawesi Selatan,134479,144144.6508222415
3,TweedieRate,Prov. Sulawesi Tengah,23182,18047.526554091128
3,TweedieRate,Prov. Sulawesi Tenggara,30830,32266.50520555471
3,TweedieRate,Prov. Sulawesi Utara,24974,16465.214602522396
3,TweedieRate,Prov. Sumatera Barat,86458,58002.12954118053
3,TweedieRate,Prov. Sumatera Selatan,56467,43208.606536221385
3,TweedieRate,Prov. Sumatera Utara,141250,155390.88011371618
3,HistGBPoissonRate,Prov. Aceh,62922,78469.72785956707
3,HistGBPoissonRate,Prov. Bali,57531,63624.692406720606
3,HistGBPoissonRate,Prov. Bangka Belitung,4086,4411.941566464408
3,HistGBPoissonRate,Prov. Banten,153271,190102.78192486282
3,HistGBPoissonRate,Prov. Bengkulu,25023,22324.57073239799
3,HistGBPoissonRate,Prov. D.I. Yogyakarta,148425,192834.9850140742
3,HistGBPoissonRate,Prov. D.K.I. Jakarta,205158,211314.56725331914
3,HistGBPoissonRate,Prov. Gorontalo,23637,31472.28845981219
3,HistGBPoissonRate,Prov. Jambi,29648,39746.574087131805
3,HistGBPoissonRate,Prov. Jawa Barat,289638,294606.0795186603
3,HistGBPoissonRate,Prov. Jawa Tengah,277371,363983.1206389086
3,HistGBPoissonRate,Prov. Jawa Timur,384772,370556.46446036315
3,HistGBPoissonRate,Prov. Kalimantan Barat,31951,33805.911871958415
3,HistGBPoissonRate,Prov. Kalimantan Selatan,40426,40696.96844584567
3,HistGBPoissonRate,Prov. Kalimantan Tengah,13721,14494.357446854678
3,HistGBPoissonRate,Prov. Kalimantan Timur,26373,28437.25929749463
3,HistGBPoissonRate,Prov. Kalimantan Utara,4104,6261.1384896879445
3,HistGBPoissonRate,Prov. Kepulauan Riau,12556,13853.839312712204
3,HistGBPoissonRate,Prov. Lampung,48131,38580.2721984821
3,HistGBPoissonRate,Prov. Maluku,18492,20651.21848263894
3,HistGBPoissonRate,Prov. Maluku Utara,10471,6873.587700690337
3,HistGBPoissonRate,Prov. Nusa Tenggara Barat,64464,48610.6166506738
3,HistGBPoissonRate,Prov. Nusa Tenggara Timur,38936,54586.29333940246
3,HistGBPoissonRate,Prov. Papua,15342,19248.68988367357
3,HistGBPoissonRate,Prov. Papua Barat,5251,9524.848105859059
3,HistGBPoissonRate,Prov. Riau,49020,47625.008347591254
3,HistGBPoissonRate,Prov. Sulawesi Barat,6371,8090.88807607621
3,HistGBPoissonRate,Prov. Sulawesi Selatan,134479,139892.8932441774
3,HistGBPoissonRate,Prov. Sulawesi Tengah,23182,17787.72755467617
3,HistGBPoissonRate,Prov. Sulawesi Tenggara,30830,31390.365410335005
3,HistGBPoissonRate,Prov. Sulawesi Utara,24974,19147.562699081667
3,HistGBPoissonRate,Prov. Sumatera Barat,86458,61998.426128618914
3,HistGBPoissonRate,Prov. Sumatera Selatan,56467,42210.14180314619
3,HistGBPoissonRate,Prov. Sumatera Utara,141250,162514.32304619486
3,RandomForestLogCount,Prov. Aceh,62922,60805.342653802334
3,RandomForestLogCount,Prov. Bali,57531,57247.09578598785
3,RandomForestLogCount,Prov. Bangka Belitung,4086,4289.379990706045
3,RandomForestLogCount,Prov. Banten,153271,73454.3018628765
3,RandomForestLogCount,Prov. Bengkulu,25023,21321.471026399813
3,RandomForestLogCount,Prov. D.I. Yogyakarta,148425,140184.9421427859
3,RandomForestLogCount,Prov. D.K.I. Jakarta,205158,215705.1540174497
3,RandomForestLogCount,Prov. Gorontalo,23637,21369.072276862687
3,RandomForestLogCount,Prov. Jambi,29648,28787.982667064345
3,RandomForestLogCount,Prov. Jawa Barat,289638,271298.71743226075
3,RandomForestLogCount,Prov. Jawa Tengah,277371,255278.00652079523
3,RandomForestLogCount,Prov. Jawa Timur,384772,315578.04626800684
3,RandomForestLogCount,Prov. Kalimantan Barat,31951,32289.467296851064
3,RandomForestLogCount,Prov. Kalimantan Selatan,40426,31986.997333104246
3,RandomForestLogCount,Prov. Kalimantan Tengah,13721,13257.324667724892
3,RandomForestLogCount,Prov. Kalimantan Timur,26373,32830.93718814241
3,RandomForestLogCount,Prov. Kalimantan Utara,4104,4823.012575708103
3,RandomForestLogCount,Prov. Kepulauan Riau,12556,13747.789419697514
3,RandomForestLogCount,Prov. Lampung,48131,39676.25607349763
3,RandomForestLogCount,Prov. Maluku,18492,18616.855885929603
3,RandomForestLogCount,Prov. Maluku Utara,10471,6923.793987717787
3,RandomForestLogCount,Prov. Nusa Tenggara Barat,64464,44203.94235307119
3,RandomForestLogCount,Prov. Nusa Tenggara Timur,38936,43483.53905612571
3,RandomForestLogCount,Prov. Papua,15342,24022.0432352138
3,RandomForestLogCount,Prov. Papua Barat,5251,8923.104442827798
3,RandomForestLogCount,Prov. Riau,49020,42474.12023400092
3,RandomForestLogCount,Prov. Sulawesi Barat,6371,7213.624594647304
3,RandomForestLogCount,Prov. Sulawesi Selatan,134479,125416.3909990738
3,RandomForestLogCount,Prov. Sulawesi Tengah,23182,20033.49425907214
3,RandomForestLogCount,Prov. Sulawesi Tenggara,30830,26237.990320285153
3,RandomForestLogCount,Prov. Sulawesi Utara,24974,21917.6071411221
3,RandomForestLogCount,Prov. Sumatera Barat,86458,61477.2275529526
3,RandomForestLogCount,Prov. Sumatera Selatan,56467,41873.622199427075
3,RandomForestLogCount,Prov. Sumatera Utara,141250,122370.45917284673
3,ExtraTreesLogCount,Prov. Aceh,62922,61178.44433297452
3,ExtraTreesLogCount,Prov. Bali,57531,58313.926243710455
3,ExtraTreesLogCount,Prov. Bangka Belitung,4086,4155.412586391091
3,ExtraTreesLogCount,Prov. Banten,153271,83016.79783256674
3,ExtraTreesLogCount,Prov. Bengkulu,25023,19961.810490475047
3,ExtraTreesLogCount,Prov. D.I. Yogyakarta,148425,151411.87568648328
3,ExtraTreesLogCount,Prov. D.K.I. Jakarta,205158,198811.7235043261
3,ExtraTreesLogCount,Prov. Gorontalo,23637,22207.834102457742
3,ExtraTreesLogCount,Prov. Jambi,29648,27977.193516070114
3,ExtraTreesLogCount,Prov. Jawa Barat,289638,269045.26271252194
3,ExtraTreesLogCount,Prov. Jawa Tengah,277371,268993.98465451814
3,ExtraTreesLogCount,Prov. Jawa Timur,384772,320095.0525047406
3,ExtraTreesLogCount,Prov. Kalimantan Barat,31951,32543.597786351882
3,ExtraTreesLogCount,Prov. Kalimantan Selatan,40426,34311.97023403897
3,ExtraTreesLogCount,Prov. Kalimantan Tengah,13721,14398.928998628497
3,ExtraTreesLogCount,Prov. Kalimantan Timur,26373,32931.81220424088
3,ExtraTreesLogCount,Prov. Kalimantan Utara,4104,4812.542763106675
3,ExtraTreesLogCount,Prov. Kepulauan Riau,12556,13555.433508544764
3,ExtraTreesLogCount,Prov. Lampung,48131,39510.6073182091
3,ExtraTreesLogCount,Prov. Maluku,18492,17135.975745584856
3,ExtraTreesLogCount,Prov. Maluku Utara,10471,7239.727691409184
3,ExtraTreesLogCount,Prov. Nusa Tenggara Barat,64464,43509.47519729459
3,ExtraTreesLogCount,Prov. Nusa Tenggara Timur,38936,44537.08184964596
3,ExtraTreesLogCount,Prov. Papua,15342,25740.88935227031
3,ExtraTreesLogCount,Prov. Papua Barat,5251,9126.341336643796
3,ExtraTreesLogCount,Prov. Riau,49020,48564.09526311692
3,ExtraTreesLogCount,Prov. Sulawesi Barat,6371,7175.7322078800025
3,ExtraTreesLogCount,Prov. Sulawesi Selatan,134479,134268.81987774622
3,ExtraTreesLogCount,Prov. Sulawesi Tengah,23182,20290.302531970432
3,ExtraTreesLogCount,Prov. Sulawesi Tenggara,30830,27936.1926263907
3,ExtraTreesLogCount,Prov. Sulawesi Utara,24974,22507.086090456472
3,ExtraTreesLogCount,Prov. Sumatera Barat,86458,60179.70777180429
3,ExtraTreesLogCount,Prov. Sumatera Selatan,56467,40625.10918319055
3,ExtraTreesLogCount,Prov. Sumatera Utara,141250,130067.64839392673
4,ExposureRateBaseline,Prov. Aceh,62922,55215.26979364298
4,ExposureRateBaseline,Prov. Bali,57531,41346.24896370319
4,ExposureRateBaseline,Prov. Bangka Belitung,4086,5208.954925929839
4,ExposureRateBaseline,Prov. Banten,153271,543164.0503535373
4,ExposureRateBaseline,Prov. Bengkulu,25023,19108.93451242009
4,ExposureRateBaseline,Prov. D.I. Yogyakarta,148425,107252.05640000032
4,ExposureRateBaseline,Prov. D.K.I. Jakarta,205158,184238.4784881682
4,ExposureRateBaseline,Prov. Gorontalo,23637,19192.583981226333
4,ExposureRateBaseline,Prov. Jambi,29648,32549.099667263145
4,ExposureRateBaseline,Prov. Jawa Barat,289638,306016.34756812046
4,ExposureRateBaseline,Prov. Jawa Tengah,277371,202488.01886954452
4,ExposureRateBaseline,Prov. Jawa Timur,384772,288992.29577752965
4,ExposureRateBaseline,Prov. Kalimantan Barat,31951,28342.959783928032
4,ExposureRateBaseline,Prov. Kalimantan Selatan,40426,29493.103413684712
4,ExposureRateBaseline,Prov. Kalimantan Tengah,13721,13531.134384387264
4,ExposureRateBaseline,Prov. Kalimantan Timur,26373,28783.5104983166
4,ExposureRateBaseline,Prov. Kalimantan Utara,4104,4394.248629741278
4,ExposureRateBaseline,Prov. Kepulauan Riau,12556,15348.127241169204
4,ExposureRateBaseline,Prov. Lampung,48131,47285.41434450693
4,ExposureRateBaseline,Prov. Maluku,18492,18491.744856614907
4,ExposureRateBaseline,Prov. Maluku Utara,10471,12190.130817762723
4,ExposureRateBaseline,Prov. Nusa Tenggara Barat,64464,43209.00163130787
4,ExposureRateBaseline,Prov. Nusa Tenggara Timur,38936,43584.12979283391
4,ExposureRateBaseline,Prov. Papua,15342,27187.119987952763
4,ExposureRateBaseline,Prov. Papua Barat,5251,12342.72325001682
4,ExposureRateBaseline,Prov. Riau,49020,57814.78610212977
4,ExposureRateBaseline,Prov. Sulawesi Barat,6371,9224.056108064553
4,ExposureRateBaseline,Prov. Sulawesi Selatan,134479,106438.10769543925
4,ExposureRateBaseline,Prov. Sulawesi Tengah,23182,24804.068144765948
4,ExposureRateBaseline,Prov. Sulawesi Tenggara,30830,29147.555964143958
4,ExposureRateBaseline,Prov. Sulawesi Utara,24974,25374.5436427359
4,ExposureRateBaseline,Prov. Sumatera Barat,86458,56361.98375495538
4,ExposureRateBaseline,Prov. Sumatera Selatan,56467,41367.234616454516
4,ExposureRateBaseline,Prov. Sumatera Utara,141250,118533.8213298126
4,NB2_Offset,Prov. Aceh,62922,69970.07435898947
4,NB2_Offset,Prov. Bali,57531,70794.4406265279
4,NB2_Offset,Prov. Bangka Belitung,4086,4700.284080858096
4,NB2_Offset,Prov. Banten,153271,263106.3531842168
4,NB2_Offset,Prov. Bengkulu,25023,20810.68921321996
4,NB2_Offset,Prov. D.I. Yogyakarta,148425,178023.73784792158
4,NB2_Offset,Prov. D.K.I. Jakarta,205158,195462.5264137246
4,NB2_Offset,Prov. Gorontalo,23637,31547.735559269113
4,NB2_Offset,Prov. Jambi,29648,45493.102354284674
4,NB2_Offset,Prov. Jawa Barat,289638,310603.4156244952
4,NB2_Offset,Prov. Jawa Tengah,277371,314834.99873200094
4,NB2_Offset,Prov. Jawa Timur,384772,379389.33087502193
4,NB2_Offset,Prov. Kalimantan Barat,31951,37212.37000849824
4,NB2_Offset,Prov. Kalimantan Selatan,40426,44743.09756793651
4,NB2_Offset,Prov. Kalimantan Tengah,13721,17100.152710041155
4,NB2_Offset,Prov. Kalimantan Timur,26373,36830.46553772799
4,NB2_Offset,Prov. Kalimantan Utara,4104,5756.345687496333
4,NB2_Offset,Prov. Kepulauan Riau,12556,14442.441182601504
4,NB2_Offset,Prov. Lampung,48131,41146.82477731037
4,NB2_Offset,Prov. Maluku,18492,17476.62050112254
4,NB2_Offset,Prov. Maluku Utara,10471,6881.869882560827
4,NB2_Offset,Prov. Nusa Tenggara Barat,64464,51702.08243241995
4,NB2_Offset,Prov. Nusa Tenggara Timur,38936,50116.655884557214
4,NB2_Offset,Prov. Papua,15342,23771.346716530483
4,NB2_Offset,Prov. Papua Barat,5251,9194.149844887555
4,NB2_Offset,Prov. Riau,49020,52193.658166234614
4,NB2_Offset,Prov. Sulawesi Barat,6371,7795.406078345237
4,NB2_Offset,Prov. Sulawesi Selatan,134479,151276.61502276716
4,NB2_Offset,Prov. Sulawesi Tengah,23182,20173.34394679398
4,NB2_Offset,Prov. Sulawesi Tenggara,30830,38093.13531882475
4,NB2_Offset,Prov. Sulawesi Utara,24974,19780.179342730935
4,NB2_Offset,Prov. Sumatera Barat,86458,62870.31579286721
4,NB2_Offset,Prov. Sumatera Selatan,56467,43890.87380162683
4,NB2_Offset,Prov. Sumatera Utara,141250,157121.28705070968
4,PoissonRate,Prov. Aceh,62922,63448.52604398725
4,PoissonRate,Prov. Bali,57531,59507.20039745977
4,PoissonRate,Prov. Bangka Belitung,4086,4488.945580458172
4,PoissonRate,Prov. Banten,153271,284660.58944588335
4,PoissonRate,Prov. Bengkulu,25023,17837.372260855736
4,PoissonRate,Prov. D.I. Yogyakarta,148425,163862.9489633765
4,PoissonRate,Prov. D.K.I. Jakarta,205158,182799.4634829521
4,PoissonRate,Prov. Gorontalo,23637,28022.330813566805
4,PoissonRate,Prov. Jambi,29648,38279.08179816044
4,PoissonRate,Prov. Jawa Barat,289638,295168.77694427007
4,PoissonRate,Prov. Jawa Tengah,277371,280895.7613654299
4,PoissonRate,Prov. Jawa Timur,384772,343823.76479714847
4,PoissonRate,Prov. Kalimantan Barat,31951,35626.2852641718
4,PoissonRate,Prov. Kalimantan Selatan,40426,41573.60247334231
4,PoissonRate,Prov. Kalimantan Tengah,13721,15751.670543219323
4,PoissonRate,Prov. Kalimantan Timur,26373,34282.86189192746
4,PoissonRate,Prov. Kalimantan Utara,4104,5398.555915288711
4,PoissonRate,Prov. Kepulauan Riau,12556,14059.742792674097
4,PoissonRate,Prov. Lampung,48131,37155.97307172138
4,PoissonRate,Prov. Maluku,18492,14090.13329782155
4,PoissonRate,Prov. Maluku Utara,10471,7352.715995952201
4,PoissonRate,Prov. Nusa Tenggara Barat,64464,47953.00694390525
4,PoissonRate,Prov. Nusa Tenggara Timur,38936,46082.75343195035
4,PoissonRate,Prov. Papua,15342,21099.164979707315
4,PoissonRate,Prov. Papua Barat,5251,7409.657516910958
4,PoissonRate,Prov. Riau,49020,52774.80671536532
4,PoissonRate,Prov. Sulawesi Barat,6371,6709.55032876257
4,PoissonRate,Prov. Sulawesi Selatan,134479,141570.2858899462
4,PoissonRate,Prov. Sulawesi Tengah,23182,18323.423513955167
4,PoissonRate,Prov. Sulawesi Tenggara,30830,33807.21358238705
4,PoissonRate,Prov. Sulawesi Utara,24974,17478.27587500559
4,PoissonRate,Prov. Sumatera Barat,86458,58299.21161174887
4,PoissonRate,Prov. Sumatera Selatan,56467,41158.77718828145
4,PoissonRate,Prov. Sumatera Utara,141250,156961.92659075678
4,TweedieRate,Prov. Aceh,62922,63968.05089526633
4,TweedieRate,Prov. Bali,57531,59414.72346685812
4,TweedieRate,Prov. Bangka Belitung,4086,4675.775189298367
4,TweedieRate,Prov. Banten,153271,276913.8924660329
4,TweedieRate,Prov. Bengkulu,25023,16627.970012732592
4,TweedieRate,Prov. D.I. Yogyakarta,148425,168187.09592256075
4,TweedieRate,Prov. D.K.I. Jakarta,205158,185220.78467451784
4,TweedieRate,Prov. Gorontalo,23637,26731.350543218872
4,TweedieRate,Prov. Jambi,29648,35147.22271185216
4,TweedieRate,Prov. Jawa Barat,289638,294938.77438902017
4,TweedieRate,Prov. Jawa Tengah,277371,283592.4885294647
4,TweedieRate,Prov. Jawa Timur,384772,345442.18050644203
4,TweedieRate,Prov. Kalimantan Barat,31951,36296.839240523615
4,TweedieRate,Prov. Kalimantan Selatan,40426,43082.054819685814
4,TweedieRate,Prov. Kalimantan Tengah,13721,16321.005163197473
4,TweedieRate,Prov. Kalimantan Timur,26373,35846.677673019134
4,TweedieRate,Prov. Kalimantan Utara,4104,5261.666433873967
4,TweedieRate,Prov. Kepulauan Riau,12556,14570.35720503613
4,TweedieRate,Prov. Lampung,48131,36998.558258348145
4,TweedieRate,Prov. Maluku,18492,13077.564745192984
4,TweedieRate,Prov. Maluku Utara,10471,7226.402329864008
4,TweedieRate,Prov. Nusa Tenggara Barat,64464,49312.02298773863
4,TweedieRate,Prov. Nusa Tenggara Timur,38936,46106.93070251439
4,TweedieRate,Prov. Papua,15342,21885.57939433501
4,TweedieRate,Prov. Papua Barat,5251,6904.760446938907
4,TweedieRate,Prov. Riau,49020,52657.6606343154
4,TweedieRate,Prov. Sulawesi Barat,6371,6919.2171579303085
4,TweedieRate,Prov. Sulawesi Selatan,134479,147188.85284579278
4,TweedieRate,Prov. Sulawesi Tengah,23182,17851.404836997484
4,TweedieRate,Prov. Sulawesi Tenggara,30830,33314.06140562316
4,TweedieRate,Prov. Sulawesi Utara,24974,16807.93759151876
4,TweedieRate,Prov. Sumatera Barat,86458,58564.8913660296
4,TweedieRate,Prov. Sumatera Selatan,56467,41873.144912867465
4,TweedieRate,Prov. Sumatera Utara,141250,160731.97896055848
4,HistGBPoissonRate,Prov. Aceh,62922,71931.21229682026
4,HistGBPoissonRate,Prov. Bali,57531,61462.93375589395
4,HistGBPoissonRate,Prov. Bangka Belitung,4086,4227.077887687788
4,HistGBPoissonRate,Prov. Banten,153271,194481.42534100285
4,HistGBPoissonRate,Prov. Bengkulu,25023,25192.67370869211
4,HistGBPoissonRate,Prov. D.I. Yogyakarta,148425,172726.3166579647
4,HistGBPoissonRate,Prov. D.K.I. Jakarta,205158,217662.22308157376
4,HistGBPoissonRate,Prov. Gorontalo,23637,30917.479760718445
4,HistGBPoissonRate,Prov. Jambi,29648,39672.295190538185
4,HistGBPoissonRate,Prov. Jawa Barat,289638,281752.4594335791
4,HistGBPoissonRate,Prov. Jawa Tengah,277371,386301.77831030195
4,HistGBPoissonRate,Prov. Jawa Timur,384772,364487.903707468
4,HistGBPoissonRate,Prov. Kalimantan Barat,31951,35195.515544506954
4,HistGBPoissonRate,Prov. Kalimantan Selatan,40426,60753.08526945509
4,HistGBPoissonRate,Prov. Kalimantan Tengah,13721,13357.331386898224
4,HistGBPoissonRate,Prov. Kalimantan Timur,26373,33740.443918845696
4,HistGBPoissonRate,Prov. Kalimantan Utara,4104,5619.101265535313
4,HistGBPoissonRate,Prov. Kepulauan Riau,12556,14569.4402625634
4,HistGBPoissonRate,Prov. Lampung,48131,39818.89522531326
4,HistGBPoissonRate,Prov. Maluku,18492,20888.61940681049
4,HistGBPoissonRate,Prov. Maluku Utara,10471,6698.719533819068
4,HistGBPoissonRate,Prov. Nusa Tenggara Barat,64464,47001.6516415053
4,HistGBPoissonRate,Prov. Nusa Tenggara Timur,38936,62631.17905640513
4,HistGBPoissonRate,Prov. Papua,15342,20786.25043811383
4,HistGBPoissonRate,Prov. Papua Barat,5251,9716.918157827442
4,HistGBPoissonRate,Prov. Riau,49020,53383.224565701625
4,HistGBPoissonRate,Prov. Sulawesi Barat,6371,8162.867160552017
4,HistGBPoissonRate,Prov. Sulawesi Selatan,134479,169285.47331942755
4,HistGBPoissonRate,Prov. Sulawesi Tengah,23182,18543.364064625785
4,HistGBPoissonRate,Prov. Sulawesi Tenggara,30830,31905.617919775825
4,HistGBPoissonRate,Prov. Sulawesi Utara,24974,19964.644836453303
4,HistGBPoissonRate,Prov. Sumatera Barat,86458,64176.476171895825
4,HistGBPoissonRate,Prov. Sumatera Selatan,56467,43818.86420594602
4,HistGBPoissonRate,Prov. Sumatera Utara,141250,188798.300346107
4,RandomForestLogCount,Prov. Aceh,62922,59531.76556812224
4,RandomForestLogCount,Prov. Bali,57531,55552.48841431903
4,RandomForestLogCount,Prov. Bangka Belitung,4086,4056.7935692060523
4,RandomForestLogCount,Prov. Banten,153271,73082.45504215533
4,RandomForestLogCount,Prov. Bengkulu,25023,21419.99917562176
4,RandomForestLogCount,Prov. D.I. Yogyakarta,148425,123323.2580538219
4,RandomForestLogCount,Prov. D.K.I. Jakarta,205158,222672.53657302793
4,RandomForestLogCount,Prov. Gorontalo,23637,20749.632445855048
4,RandomForestLogCount,Prov. Jambi,29648,30674.98040850333
4,RandomForestLogCount,Prov. Jawa Barat,289638,272190.1422527091
4,RandomForestLogCount,Prov. Jawa Tengah,277371,256424.1057275953
4,RandomForestLogCount,Prov. Jawa Timur,384772,312886.8050377769
4,RandomForestLogCount,Prov. Kalimantan Barat,31951,32023.813964395915
4,RandomForestLogCount,Prov. Kalimantan Selatan,40426,35082.08123880856
4,RandomForestLogCount,Prov. Kalimantan Tengah,13721,13700.032985466143
4,RandomForestLogCount,Prov. Kalimantan Timur,26373,33542.32248293507
4,RandomForestLogCount,Prov. Kalimantan Utara,4104,4766.731685272147
4,RandomForestLogCount,Prov. Kepulauan Riau,12556,13807.65409559418
4,RandomForestLogCount,Prov. Lampung,48131,38975.123110283035
4,RandomForestLogCount,Prov. Maluku,18492,18661.617048185497
4,RandomForestLogCount,Prov. Maluku Utara,10471,6983.945003393883
4,RandomForestLogCount,Prov. Nusa Tenggara Barat,64464,46638.67331911171
4,RandomForestLogCount,Prov. Nusa Tenggara Timur,38936,44274.32475345585
4,RandomForestLogCount,Prov. Papua,15342,23776.07210504114
4,RandomForestLogCount,Prov. Papua Barat,5251,9774.95074612773
4,RandomForestLogCount,Prov. Riau,49020,44700.73757388956
4,RandomForestLogCount,Prov. Sulawesi Barat,6371,7177.689133719161
4,RandomForestLogCount,Prov. Sulawesi Selatan,134479,118396.13610827512
4,RandomForestLogCount,Prov. Sulawesi Tengah,23182,20104.77470398899
4,RandomForestLogCount,Prov. Sulawesi Tenggara,30830,28552.231434879384
4,RandomForestLogCount,Prov. Sulawesi Utara,24974,20950.05600925189
4,RandomForestLogCount,Prov. Sumatera Barat,86458,66001.53485184927
4,RandomForestLogCount,Prov. Sumatera Selatan,56467,40036.15782906526
4,RandomForestLogCount,Prov. Sumatera Utara,141250,123778.49822408227
4,ExtraTreesLogCount,Prov. Aceh,62922,61188.39225269686
4,ExtraTreesLogCount,Prov. Bali,57531,55827.978311958366
4,ExtraTreesLogCount,Prov. Bangka Belitung,4086,4085.6935428737374
4,ExtraTreesLogCount,Prov. Banten,153271,80135.57105563178
4,ExtraTreesLogCount,Prov. Bengkulu,25023,21333.266291789707
4,ExtraTreesLogCount,Prov. D.I. Yogyakarta,148425,150721.1974735333
4,ExtraTreesLogCount,Prov. D.K.I. Jakarta,205158,205851.17633140553
4,ExtraTreesLogCount,Prov. Gorontalo,23637,21959.729150094205
4,ExtraTreesLogCount,Prov. Jambi,29648,29993.023760664735
4,ExtraTreesLogCount,Prov. Jawa Barat,289638,275195.3664541549
4,ExtraTreesLogCount,Prov. Jawa Tengah,277371,269251.1090698993
4,ExtraTreesLogCount,Prov. Jawa Timur,384772,315987.3190237963
4,ExtraTreesLogCount,Prov. Kalimantan Barat,31951,31997.33424913253
4,ExtraTreesLogCount,Prov. Kalimantan Selatan,40426,36222.369386362225
4,ExtraTreesLogCount,Prov. Kalimantan Tengah,13721,14026.773734910566
4,ExtraTreesLogCount,Prov. Kalimantan Timur,26373,32458.777827255173
4,ExtraTreesLogCount,Prov. Kalimantan Utara,4104,4687.366986311107
4,ExtraTreesLogCount,Prov. Kepulauan Riau,12556,13869.981472629002
4,ExtraTreesLogCount,Prov. Lampung,48131,37829.45600712487
4,ExtraTreesLogCount,Prov. Maluku,18492,17616.54597700841
4,ExtraTreesLogCount,Prov. Maluku Utara,10471,6457.427990632042
4,ExtraTreesLogCount,Prov. Nusa Tenggara Barat,64464,45052.18960595085
4,ExtraTreesLogCount,Prov. Nusa Tenggara Timur,38936,43709.723227866736
4,ExtraTreesLogCount,Prov. Papua,15342,26448.061338419764
4,ExtraTreesLogCount,Prov. Papua Barat,5251,9375.371844118383
4,ExtraTreesLogCount,Prov. Riau,49020,47089.33737837926
4,ExtraTreesLogCount,Prov. Sulawesi Barat,6371,7027.879138757257
4,ExtraTreesLogCount,Prov. Sulawesi Selatan,134479,140992.4605845086
4,ExtraTreesLogCount,Prov. Sulawesi Tengah,23182,19926.866615161973
4,ExtraTreesLogCount,Prov. Sulawesi Tenggara,30830,30282.16153624088
4,ExtraTreesLogCount,Prov. Sulawesi Utara,24974,21551.975321355054
4,ExtraTreesLogCount,Prov. Sumatera Barat,86458,62748.5060350205
4,ExtraTreesLogCount,Prov. Sumatera Selatan,56467,39189.33290974461
4,ExtraTreesLogCount,Prov. Sumatera Utara,141250,133591.8509417788
5,ExposureRateBaseline,Prov. Aceh,62922,64097.229196452754
5,ExposureRateBaseline,Prov. Bali,57531,42983.98605883467
5,ExposureRateBaseline,Prov. Bangka Belitung,4086,5415.2831642315095
5,ExposureRateBaseline,Prov. Banten,153271,535598.6395669183
5,ExposureRateBaseline,Prov. Bengkulu,25023,18071.438407113706
5,ExposureRateBaseline,Prov. D.I. Yogyakarta,148425,132669.97553105096
5,ExposureRateBaseline,Prov. D.K.I. Jakarta,205158,197538.6319197461
5,ExposureRateBaseline,Prov. Gorontalo,23637,16297.459365165978
5,ExposureRateBaseline,Prov. Jambi,29648,27639.19802142576
5,ExposureRateBaseline,Prov. Jawa Barat,289638,245826.82192367222
5,ExposureRateBaseline,Prov. Jawa Tengah,277371,204052.7934682548
5,ExposureRateBaseline,Prov. Jawa Timur,384772,286110.79598601686
5,ExposureRateBaseline,Prov. Kalimantan Barat,31951,26876.85272616162
5,ExposureRateBaseline,Prov. Kalimantan Selatan,40426,29559.899104585966
5,ExposureRateBaseline,Prov. Kalimantan Tengah,13721,15707.760283803367
5,ExposureRateBaseline,Prov. Kalimantan Timur,26373,28661.542677019286
5,ExposureRateBaseline,Prov. Kalimantan Utara,4104,4333.043739688461
5,ExposureRateBaseline,Prov. Kepulauan Riau,12556,15283.090780772587
5,ExposureRateBaseline,Prov. Lampung,48131,49479.402003099225
5,ExposureRateBaseline,Prov. Maluku,18492,18307.366381037613
5,ExposureRateBaseline,Prov. Maluku Utara,10471,10418.891020695555
5,ExposureRateBaseline,Prov. Nusa Tenggara Barat,64464,41134.83018956015
5,ExposureRateBaseline,Prov. Nusa Tenggara Timur,38936,41056.54152958913
5,ExposureRateBaseline,Prov. Papua,15342,27397.21496051825
5,ExposureRateBaseline,Prov. Papua Barat,5251,11704.266511311338
5,ExposureRateBaseline,Prov. Riau,49020,49414.23228249386
5,ExposureRateBaseline,Prov. Sulawesi Barat,6371,10707.842969692843
5,ExposureRateBaseline,Prov. Sulawesi Selatan,134479,107260.63363147457
5,ExposureRateBaseline,Prov. Sulawesi Tengah,23182,24957.87789227194
5,ExposureRateBaseline,Prov. Sulawesi Tenggara,30830,31251.71449638843
5,ExposureRateBaseline,Prov. Sulawesi Utara,24974,24156.483706516294
5,ExposureRateBaseline,Prov. Sumatera Barat,86458,57175.33408867766
5,ExposureRateBaseline,Prov. Sumatera Selatan,56467,43005.802959470326
5,ExposureRateBaseline,Prov. Sumatera Utara,141250,111659.65183245465
5,NB2_Offset,Prov. Aceh,62922,73811.44315939216
5,NB2_Offset,Prov. Bali,57531,71679.10106869538
5,NB2_Offset,Prov. Bangka Belitung,4086,4630.16257509517
5,NB2_Offset,Prov. Banten,153271,257780.40413387312
5,NB2_Offset,Prov. Bengkulu,25023,21442.552393111153
5,NB2_Offset,Prov. D.I. Yogyakarta,148425,177475.17509002154
5,NB2_Offset,Prov. D.K.I. Jakarta,205158,192261.51661103923
5,NB2_Offset,Prov. Gorontalo,23637,31862.09221683528
5,NB2_Offset,Prov. Jambi,29648,44323.165997325785
5,NB2_Offset,Prov. Jawa Barat,289638,333433.3651150497
5,NB2_Offset,Prov. Jawa Tengah,277371,328396.76155888796
5,NB2_Offset,Prov. Jawa Timur,384772,367510.5674560475
5,NB2_Offset,Prov. Kalimantan Barat,31951,35809.888563254004
5,NB2_Offset,Prov. Kalimantan Selatan,40426,42255.65821529025
5,NB2_Offset,Prov. Kalimantan Tengah,13721,17832.054529685745
5,NB2_Offset,Prov. Kalimantan Timur,26373,36197.108578317064
5,NB2_Offset,Prov. Kalimantan Utara,4104,6252.8753524296735
5,NB2_Offset,Prov. Kepulauan Riau,12556,14025.15304206307
5,NB2_Offset,Prov. Lampung,48131,41001.49192448606
5,NB2_Offset,Prov. Maluku,18492,18339.289237768116
5,NB2_Offset,Prov. Maluku Utara,10471,6902.511987502487
5,NB2_Offset,Prov. Nusa Tenggara Barat,64464,51575.833327320644
5,NB2_Offset,Prov. Nusa Tenggara Timur,38936,52692.536165226746
5,NB2_Offset,Prov. Papua,15342,24390.42085537322
5,NB2_Offset,Prov. Papua Barat,5251,9220.010948027295
5,NB2_Offset,Prov. Riau,49020,52123.4252312536
5,NB2_Offset,Prov. Sulawesi Barat,6371,7807.475622085885
5,NB2_Offset,Prov. Sulawesi Selatan,134479,158311.5500226157
5,NB2_Offset,Prov. Sulawesi Tengah,23182,19742.92742588011
5,NB2_Offset,Prov. Sulawesi Tenggara,30830,35652.85589921417
5,NB2_Offset,Prov. Sulawesi Utara,24974,19728.5855808698
5,NB2_Offset,Prov. Sumatera Barat,86458,60084.45012085427
5,NB2_Offset,Prov. Sumatera Selatan,56467,46299.065282910015
5,NB2_Offset,Prov. Sumatera Utara,141250,166755.46558900498
5,PoissonRate,Prov. Aceh,62922,68479.61688343619
5,PoissonRate,Prov. Bali,57531,61426.123087125
5,PoissonRate,Prov. Bangka Belitung,4086,4327.282391422968
5,PoissonRate,Prov. Banten,153271,292269.5332532681
5,PoissonRate,Prov. Bengkulu,25023,17243.66976591561
5,PoissonRate,Prov. D.I. Yogyakarta,148425,168116.9692927338
5,PoissonRate,Prov. D.K.I. Jakarta,205158,185609.97928050032
5,PoissonRate,Prov. Gorontalo,23637,25849.088370588408
5,PoissonRate,Prov. Jambi,29648,31842.12050820717
5,PoissonRate,Prov. Jawa Barat,289638,314455.6941880149
5,PoissonRate,Prov. Jawa Tengah,277371,293820.4910574539
5,PoissonRate,Prov. Jawa Timur,384772,337035.8503917987
5,PoissonRate,Prov. Kalimantan Barat,31951,33017.22148786962
5,PoissonRate,Prov. Kalimantan Selatan,40426,40224.999043050986
5,PoissonRate,Prov. Kalimantan Tengah,13721,16235.96920068368
5,PoissonRate,Prov. Kalimantan Timur,26373,33671.35589862132
5,PoissonRate,Prov. Kalimantan Utara,4104,5467.932705472115
5,PoissonRate,Prov. Kepulauan Riau,12556,13626.102687511786
5,PoissonRate,Prov. Lampung,48131,37123.92691784792
5,PoissonRate,Prov. Maluku,18492,13963.453426103782
5,PoissonRate,Prov. Maluku Utara,10471,6291.266209409216
5,PoissonRate,Prov. Nusa Tenggara Barat,64464,47247.66352660693
5,PoissonRate,Prov. Nusa Tenggara Timur,38936,47139.1682076566
5,PoissonRate,Prov. Papua,15342,19571.39443834545
5,PoissonRate,Prov. Papua Barat,5251,7224.071653121568
5,PoissonRate,Prov. Riau,49020,51968.74648507203
5,PoissonRate,Prov. Sulawesi Barat,6371,7245.428850435917
5,PoissonRate,Prov. Sulawesi Selatan,134479,141748.94807267198
5,PoissonRate,Prov. Sulawesi Tengah,23182,18194.173903001814
5,PoissonRate,Prov. Sulawesi Tenggara,30830,32396.711008676884
5,PoissonRate,Prov. Sulawesi Utara,24974,17023.922644455222
5,PoissonRate,Prov. Sumatera Barat,86458,55071.07824372088
5,PoissonRate,Prov. Sumatera Selatan,56467,42016.10657114369
5,PoissonRate,Prov. Sumatera Utara,141250,166731.90501584424
5,TweedieRate,Prov. Aceh,62922,66668.66644110293
5,TweedieRate,Prov. Bali,57531,60748.28148208756
5,TweedieRate,Prov. Bangka Belitung,4086,4560.88336447026
5,TweedieRate,Prov. Banten,153271,280180.4221673904
5,TweedieRate,Prov. Bengkulu,25023,16577.566516604737
5,TweedieRate,Prov. D.I. Yogyakarta,148425,165063.13625710385
5,TweedieRate,Prov. D.K.I. Jakarta,205158,185973.35117586874
5,TweedieRate,Prov. Gorontalo,23637,24656.305730369862
5,TweedieRate,Prov. Jambi,29648,28676.969132766866
5,TweedieRate,Prov. Jawa Barat,289638,321687.4466954597
5,TweedieRate,Prov. Jawa Tengah,277371,295859.5799477289
5,TweedieRate,Prov. Jawa Timur,384772,340018.23322877125
5,TweedieRate,Prov. Kalimantan Barat,31951,33592.37628144194
5,TweedieRate,Prov. Kalimantan Selatan,40426,41547.5988211198
5,TweedieRate,Prov. Kalimantan Tengah,13721,15943.75182198423
5,TweedieRate,Prov. Kalimantan Timur,26373,35049.97540081478
5,TweedieRate,Prov. Kalimantan Utara,4104,5315.128790521542
5,TweedieRate,Prov. Kepulauan Riau,12556,14269.199380604881
5,TweedieRate,Prov. Lampung,48131,37107.40003132091
5,TweedieRate,Prov. Maluku,18492,12923.530906126665
5,TweedieRate,Prov. Maluku Utara,10471,6061.2333323455105
5,TweedieRate,Prov. Nusa Tenggara Barat,64464,48060.82681751268
5,TweedieRate,Prov. Nusa Tenggara Timur,38936,47317.18407462455
5,TweedieRate,Prov. Papua,15342,19698.336705205285
5,TweedieRate,Prov. Papua Barat,5251,6631.45175652756
5,TweedieRate,Prov. Riau,49020,53439.21779718735
5,TweedieRate,Prov. Sulawesi Barat,6371,7285.63165471078
5,TweedieRate,Prov. Sulawesi Selatan,134479,146038.4537278801
5,TweedieRate,Prov. Sulawesi Tengah,23182,17843.468919701252
5,TweedieRate,Prov. Sulawesi Tenggara,30830,32613.936422707207
5,TweedieRate,Prov. Sulawesi Utara,24974,16435.62854354017
5,TweedieRate,Prov. Sumatera Barat,86458,56278.427292405126
5,TweedieRate,Prov. Sumatera Selatan,56467,42244.550762037274
5,TweedieRate,Prov. Sumatera Utara,141250,168154.01994702517
5,HistGBPoissonRate,Prov. Aceh,62922,74301.32387548615
5,HistGBPoissonRate,Prov. Bali,57531,67806.96471672527
5,HistGBPoissonRate,Prov. Bangka Belitung,4086,4641.521855265703
5,HistGBPoissonRate,Prov. Banten,153271,189440.16049831777
5,HistGBPoissonRate,Prov. Bengkulu,25023,21887.384193581835
5,HistGBPoissonRate,Prov. D.I. Yogyakarta,148425,172293.86834407703
5,HistGBPoissonRate,Prov. D.K.I. Jakarta,205158,212433.39330017858
5,HistGBPoissonRate,Prov. Gorontalo,23637,27304.9782328293
5,HistGBPoissonRate,Prov. Jambi,29648,44241.19454070598
5,HistGBPoissonRate,Prov. Jawa Barat,289638,316478.6978853648
5,HistGBPoissonRate,Prov. Jawa Tengah,277371,352958.34219797805
5,HistGBPoissonRate,Prov. Jawa Timur,384772,338851.48836506624
5,HistGBPoissonRate,Prov. Kalimantan Barat,31951,38364.019785117736
5,HistGBPoissonRate,Prov. Kalimantan Selatan,40426,50342.54387656437
5,HistGBPoissonRate,Prov. Kalimantan Tengah,13721,15656.721003548855
5,HistGBPoissonRate,Prov. Kalimantan Timur,26373,32675.219628460647
5,HistGBPoissonRate,Prov. Kalimantan Utara,4104,6201.459835734081
5,HistGBPoissonRate,Prov. Kepulauan Riau,12556,14632.76367669869
5,HistGBPoissonRate,Prov. Lampung,48131,38623.05856788895
5,HistGBPoissonRate,Prov. Maluku,18492,25726.57485501726
5,HistGBPoissonRate,Prov. Maluku Utara,10471,6823.471987316004
5,HistGBPoissonRate,Prov. Nusa Tenggara Barat,64464,49936.427923810406
5,HistGBPoissonRate,Prov. Nusa Tenggara Timur,38936,55503.52401833883
5,HistGBPoissonRate,Prov. Papua,15342,21642.522811167397
5,HistGBPoissonRate,Prov. Papua Barat,5251,9278.09124457041
5,HistGBPoissonRate,Prov. Riau,49020,51445.699911333875
5,HistGBPoissonRate,Prov. Sulawesi Barat,6371,8034.533388756632
5,HistGBPoissonRate,Prov. Sulawesi Selatan,134479,210868.42281657955
5,HistGBPoissonRate,Prov. Sulawesi Tengah,23182,17343.87796593785
5,HistGBPoissonRate,Prov. Sulawesi Tenggara,30830,31738.134297314075
5,HistGBPoissonRate,Prov. Sulawesi Utara,24974,19526.46096725269
5,HistGBPoissonRate,Prov. Sumatera Barat,86458,55916.67158800605
5,HistGBPoissonRate,Prov. Sumatera Selatan,56467,44880.76863134428
5,HistGBPoissonRate,Prov. Sumatera Utara,141250,177734.38348899595
5,RandomForestLogCount,Prov. Aceh,62922,61439.34018298513
5,RandomForestLogCount,Prov. Bali,57531,56428.551420996446
5,RandomForestLogCount,Prov. Bangka Belitung,4086,4132.353386762786
5,RandomForestLogCount,Prov. Banten,153271,76372.49858516704
5,RandomForestLogCount,Prov. Bengkulu,25023,20424.404202622358
5,RandomForestLogCount,Prov. D.I. Yogyakarta,148425,123889.38700486533
5,RandomForestLogCount,Prov. D.K.I. Jakarta,205158,220876.0772193835
5,RandomForestLogCount,Prov. Gorontalo,23637,20505.886063813512
5,RandomForestLogCount,Prov. Jambi,29648,28439.69401039507
5,RandomForestLogCount,Prov. Jawa Barat,289638,264698.04135625233
5,RandomForestLogCount,Prov. Jawa Tengah,277371,247693.99420463954
5,RandomForestLogCount,Prov. Jawa Timur,384772,316697.63284908014
5,RandomForestLogCount,Prov. Kalimantan Barat,31951,30245.287486863122
5,RandomForestLogCount,Prov. Kalimantan Selatan,40426,33922.903284153654
5,RandomForestLogCount,Prov. Kalimantan Tengah,13721,14152.473234081564
5,RandomForestLogCount,Prov. Kalimantan Timur,26373,34823.93897505048
5,RandomForestLogCount,Prov. Kalimantan Utara,4104,4820.8110912769325
5,RandomForestLogCount,Prov. Kepulauan Riau,12556,13489.67965377071
5,RandomForestLogCount,Prov. Lampung,48131,38607.89661331751
5,RandomForestLogCount,Prov. Maluku,18492,20059.087827609495
5,RandomForestLogCount,Prov. Maluku Utara,10471,6496.361946760591
5,RandomForestLogCount,Prov. Nusa Tenggara Barat,64464,44381.51897028719
5,RandomForestLogCount,Prov. Nusa Tenggara Timur,38936,43710.22631570508
5,RandomForestLogCount,Prov. Papua,15342,23325.94888560483
5,RandomForestLogCount,Prov. Papua Barat,5251,9025.239829941509
5,RandomForestLogCount,Prov. Riau,49020,43569.11325496142
5,RandomForestLogCount,Prov. Sulawesi Barat,6371,7153.015591612914
5,RandomForestLogCount,Prov. Sulawesi Selatan,134479,116093.63122488852
5,RandomForestLogCount,Prov. Sulawesi Tengah,23182,19614.51922030545
5,RandomForestLogCount,Prov. Sulawesi Tenggara,30830,26577.51233127097
5,RandomForestLogCount,Prov. Sulawesi Utara,24974,21384.24686201378
5,RandomForestLogCount,Prov. Sumatera Barat,86458,57129.76374807848
5,RandomForestLogCount,Prov. Sumatera Selatan,56467,42743.77255637148
5,RandomForestLogCount,Prov. Sumatera Utara,141250,113383.79400187952
5,ExtraTreesLogCount,Prov. Aceh,62922,62071.632836468714
5,ExtraTreesLogCount,Prov. Bali,57531,54778.59163716325
5,ExtraTreesLogCount,Prov. Bangka Belitung,4086,4136.39261056268
5,ExtraTreesLogCount,Prov. Banten,153271,82128.88945456537
5,ExtraTreesLogCount,Prov. Bengkulu,25023,20258.406313155137
5,ExtraTreesLogCount,Prov. D.I. Yogyakarta,148425,149617.84462946188
5,ExtraTreesLogCount,Prov. D.K.I. Jakarta,205158,215480.53356676913
5,ExtraTreesLogCount,Prov. Gorontalo,23637,20681.546063234935
5,ExtraTreesLogCount,Prov. Jambi,29648,27747.328831342675
5,ExtraTreesLogCount,Prov. Jawa Barat,289638,269266.1855370659
5,ExtraTreesLogCount,Prov. Jawa Tengah,277371,264452.65554008045
5,ExtraTreesLogCount,Prov. Jawa Timur,384772,318995.56573637185
5,ExtraTreesLogCount,Prov. Kalimantan Barat,31951,31413.42489160213
5,ExtraTreesLogCount,Prov. Kalimantan Selatan,40426,34807.23317229148
5,ExtraTreesLogCount,Prov. Kalimantan Tengah,13721,14973.12690001809
5,ExtraTreesLogCount,Prov. Kalimantan Timur,26373,33281.897814422424
5,ExtraTreesLogCount,Prov. Kalimantan Utara,4104,4766.176731390603
5,ExtraTreesLogCount,Prov. Kepulauan Riau,12556,13453.935458223374
5,ExtraTreesLogCount,Prov. Lampung,48131,36790.160863712874
5,ExtraTreesLogCount,Prov. Maluku,18492,20696.293622977733
5,ExtraTreesLogCount,Prov. Maluku Utara,10471,6906.045697604432
5,ExtraTreesLogCount,Prov. Nusa Tenggara Barat,64464,43408.51011479179
5,ExtraTreesLogCount,Prov. Nusa Tenggara Timur,38936,43928.71043183872
5,ExtraTreesLogCount,Prov. Papua,15342,26413.042440933565
5,ExtraTreesLogCount,Prov. Papua Barat,5251,9549.843740494207
5,ExtraTreesLogCount,Prov. Riau,49020,49647.302310663785
5,ExtraTreesLogCount,Prov. Sulawesi Barat,6371,7096.069878143568
5,ExtraTreesLogCount,Prov. Sulawesi Selatan,134479,126641.62742067076
5,ExtraTreesLogCount,Prov. Sulawesi Tengah,23182,19016.573634545617
5,ExtraTreesLogCount,Prov. Sulawesi Tenggara,30830,28249.583436813737
5,ExtraTreesLogCount,Prov. Sulawesi Utara,24974,22387.337689203036
5,ExtraTreesLogCount,Prov. Sumatera Barat,86458,59033.05655947177
5,ExtraTreesLogCount,Prov. Sumatera Selatan,56467,39470.5109793782
5,ExtraTreesLogCount,Prov. Sumatera Utara,141250,128215.68405529701
6,ExposureRateBaseline,Prov. Aceh,62922,54797.08682007618
6,ExposureRateBaseline,Prov. Bali,57531,43584.42881418032
6,ExposureRateBaseline,Prov. Bangka Belitung,4086,5102.527201818722
6,ExposureRateBaseline,Prov. Banten,153271,534366.3718108436
6,ExposureRateBaseline,Prov. Bengkulu,25023,19369.535765642653
6,ExposureRateBaseline,Prov. D.I. Yogyakarta,148425,132364.7377634974
6,ExposureRateBaseline,Prov. D.K.I. Jakarta,205158,194989.83154114347
6,ExposureRateBaseline,Prov. Gorontalo,23637,16192.223927738416
6,ExposureRateBaseline,Prov. Jambi,29648,27460.727069066852
6,ExposureRateBaseline,Prov. Jawa Barat,289638,301059.7723806403
6,ExposureRateBaseline,Prov. Jawa Tengah,277371,203239.68846672357
6,ExposureRateBaseline,Prov. Jawa Timur,384772,283087.69634009845
6,ExposureRateBaseline,Prov. Kalimantan Barat,31951,28040.61901304735
6,ExposureRateBaseline,Prov. Kalimantan Selatan,40426,29178.49380023095
6,ExposureRateBaseline,Prov. Kalimantan Tengah,13721,13715.66746632348
6,ExposureRateBaseline,Prov. Kalimantan Timur,26373,33206.35499613116
6,ExposureRateBaseline,Prov. Kalimantan Utara,4104,3515.889692953066
6,ExposureRateBaseline,Prov. Kepulauan Riau,12556,14400.426362159335
6,ExposureRateBaseline,Prov. Lampung,48131,49845.09664362542
6,ExposureRateBaseline,Prov. Maluku,18492,19084.846364226592
6,ExposureRateBaseline,Prov. Maluku Utara,10471,10276.258674055478
6,ExposureRateBaseline,Prov. Nusa Tenggara Barat,64464,42881.75033190167
6,ExposureRateBaseline,Prov. Nusa Tenggara Timur,38936,43084.83016337535
6,ExposureRateBaseline,Prov. Papua,15342,29365.1962340675
6,ExposureRateBaseline,Prov. Papua Barat,5251,12462.106696521972
6,ExposureRateBaseline,Prov. Riau,49020,49779.445263650996
6,ExposureRateBaseline,Prov. Sulawesi Barat,6371,10683.207116175117
6,ExposureRateBaseline,Prov. Sulawesi Selatan,134479,131360.2059116292
6,ExposureRateBaseline,Prov. Sulawesi Tengah,23182,24635.85152202359
6,ExposureRateBaseline,Prov. Sulawesi Tenggara,30830,29255.75659632278
6,ExposureRateBaseline,Prov. Sulawesi Utara,24974,23901.241826921607
6,ExposureRateBaseline,Prov. Sumatera Barat,86458,69558.93854129539
6,ExposureRateBaseline,Prov. Sumatera Selatan,56467,42728.10725335084
6,ExposureRateBaseline,Prov. Sumatera Utara,141250,117175.89831174162
6,NB2_Offset,Prov. Aceh,62922,71005.56604368427
6,NB2_Offset,Prov. Bali,57531,70213.77997349565
6,NB2_Offset,Prov. Bangka Belitung,4086,4788.877337869051
6,NB2_Offset,Prov. Banten,153271,249721.76100690023
6,NB2_Offset,Prov. Bengkulu,25023,21639.900451513266
6,NB2_Offset,Prov. D.I. Yogyakarta,148425,183987.49346223395
6,NB2_Offset,Prov. D.K.I. Jakarta,205158,196782.0344365514
6,NB2_Offset,Prov. Gorontalo,23637,31511.31038672543
6,NB2_Offset,Prov. Jambi,29648,42037.289594243404
6,NB2_Offset,Prov. Jawa Barat,289638,320781.94722443406
6,NB2_Offset,Prov. Jawa Tengah,277371,304404.78351927624
6,NB2_Offset,Prov. Jawa Timur,384772,376823.67994276923
6,NB2_Offset,Prov. Kalimantan Barat,31951,35374.34076494171
6,NB2_Offset,Prov. Kalimantan Selatan,40426,43247.58301595942
6,NB2_Offset,Prov. Kalimantan Tengah,13721,17738.79146016004
6,NB2_Offset,Prov. Kalimantan Timur,26373,37062.74979220178
6,NB2_Offset,Prov. Kalimantan Utara,4104,6410.73182007325
6,NB2_Offset,Prov. Kepulauan Riau,12556,14694.498564978565
6,NB2_Offset,Prov. Lampung,48131,41795.085320834936
6,NB2_Offset,Prov. Maluku,18492,18174.218250247224
6,NB2_Offset,Prov. Maluku Utara,10471,7009.750749198308
6,NB2_Offset,Prov. Nusa Tenggara Barat,64464,51292.24711846941
6,NB2_Offset,Prov. Nusa Tenggara Timur,38936,47641.303720364245
6,NB2_Offset,Prov. Papua,15342,23992.959235145267
6,NB2_Offset,Prov. Papua Barat,5251,9121.342684489447
6,NB2_Offset,Prov. Riau,49020,54207.164308247215
6,NB2_Offset,Prov. Sulawesi Barat,6371,7750.50222551588
6,NB2_Offset,Prov. Sulawesi Selatan,134479,156448.33759757478
6,NB2_Offset,Prov. Sulawesi Tengah,23182,19746.15620922802
6,NB2_Offset,Prov. Sulawesi Tenggara,30830,36881.20915048847
6,NB2_Offset,Prov. Sulawesi Utara,24974,19631.843664833043
6,NB2_Offset,Prov. Sumatera Barat,86458,63790.61715768093
6,NB2_Offset,Prov. Sumatera Selatan,56467,45523.38101262494
6,NB2_Offset,Prov. Sumatera Utara,141250,148545.81199905387
6,PoissonRate,Prov. Aceh,62922,63766.62316499569
6,PoissonRate,Prov. Bali,57531,61200.810060409385
6,PoissonRate,Prov. Bangka Belitung,4086,4618.343190536772
6,PoissonRate,Prov. Banten,153271,282502.32104767946
6,PoissonRate,Prov. Bengkulu,25023,18088.53695603774
6,PoissonRate,Prov. D.I. Yogyakarta,148425,164631.1550525375
6,PoissonRate,Prov. D.K.I. Jakarta,205158,185673.88571805292
6,PoissonRate,Prov. Gorontalo,23637,25602.683261278264
6,PoissonRate,Prov. Jambi,29648,30626.46990680373
6,PoissonRate,Prov. Jawa Barat,289638,295744.46467581927
6,PoissonRate,Prov. Jawa Tengah,277371,277331.874869113
6,PoissonRate,Prov. Jawa Timur,384772,346340.87313019467
6,PoissonRate,Prov. Kalimantan Barat,31951,34002.98425480294
6,PoissonRate,Prov. Kalimantan Selatan,40426,40097.198555058625
6,PoissonRate,Prov. Kalimantan Tengah,13721,16227.751300245953
6,PoissonRate,Prov. Kalimantan Timur,26373,32887.73811356704
6,PoissonRate,Prov. Kalimantan Utara,4104,5860.702835737278
6,PoissonRate,Prov. Kepulauan Riau,12556,14046.642151011247
6,PoissonRate,Prov. Lampung,48131,37672.76984982561
6,PoissonRate,Prov. Maluku,18492,14440.039636581454
6,PoissonRate,Prov. Maluku Utara,10471,6209.031245616779
6,PoissonRate,Prov. Nusa Tenggara Barat,64464,48470.02652721851
6,PoissonRate,Prov. Nusa Tenggara Timur,38936,44193.35933272431
6,PoissonRate,Prov. Papua,15342,20150.28147435757
6,PoissonRate,Prov. Papua Barat,5251,7326.558834336681
6,PoissonRate,Prov. Riau,49020,53018.53933608236
6,PoissonRate,Prov. Sulawesi Barat,6371,7294.646032336736
6,PoissonRate,Prov. Sulawesi Selatan,134479,142321.23818206484
6,PoissonRate,Prov. Sulawesi Tengah,23182,18202.399632262604
6,PoissonRate,Prov. Sulawesi Tenggara,30830,33247.189596750555
6,PoissonRate,Prov. Sulawesi Utara,24974,17420.97137410085
6,PoissonRate,Prov. Sumatera Barat,86458,59927.89794828284
6,PoissonRate,Prov. Sumatera Selatan,56467,41340.222229447
6,PoissonRate,Prov. Sumatera Utara,141250,152473.12537641785
6,TweedieRate,Prov. Aceh,62922,64578.91838461643
6,TweedieRate,Prov. Bali,57531,61276.73495666627
6,TweedieRate,Prov. Bangka Belitung,4086,4810.35098329683
6,TweedieRate,Prov. Banten,153271,272604.96301363443
6,TweedieRate,Prov. Bengkulu,25023,16926.63340648499
6,TweedieRate,Prov. D.I. Yogyakarta,148425,163413.54575306544
6,TweedieRate,Prov. D.K.I. Jakarta,205158,185870.34603746282
6,TweedieRate,Prov. Gorontalo,23637,24532.52749743689
6,TweedieRate,Prov. Jambi,29648,27798.74253603878
6,TweedieRate,Prov. Jawa Barat,289638,296213.0904665278
6,TweedieRate,Prov. Jawa Tengah,277371,278242.1098078897
6,TweedieRate,Prov. Jawa Timur,384772,348197.35722970724
6,TweedieRate,Prov. Kalimantan Barat,31951,35003.87942315299
6,TweedieRate,Prov. Kalimantan Selatan,40426,41457.45259087644
6,TweedieRate,Prov. Kalimantan Tengah,13721,16694.358155684014
6,TweedieRate,Prov. Kalimantan Timur,26373,32911.833010046554
6,TweedieRate,Prov. Kalimantan Utara,4104,5860.495576740767
6,TweedieRate,Prov. Kepulauan Riau,12556,14477.741571082055
6,TweedieRate,Prov. Lampung,48131,37581.69023207426
6,TweedieRate,Prov. Maluku,18492,13295.726752382523
6,TweedieRate,Prov. Maluku Utara,10471,5931.93071553389
6,TweedieRate,Prov. Nusa Tenggara Barat,64464,49989.01096041846
6,TweedieRate,Prov. Nusa Tenggara Timur,38936,44482.666852742375
6,TweedieRate,Prov. Papua,15342,19657.016047530382
6,TweedieRate,Prov. Papua Barat,5251,6803.881092289521
6,TweedieRate,Prov. Riau,49020,54314.05124671927
6,TweedieRate,Prov. Sulawesi Barat,6371,7236.8521940547125
6,TweedieRate,Prov. Sulawesi Selatan,134479,141563.1779537635
6,TweedieRate,Prov. Sulawesi Tengah,23182,17957.129333099467
6,TweedieRate,Prov. Sulawesi Tenggara,30830,32819.640533889724
6,TweedieRate,Prov. Sulawesi Utara,24974,16817.15038827484
6,TweedieRate,Prov. Sumatera Barat,86458,59705.433081707604
6,TweedieRate,Prov. Sumatera Selatan,56467,41553.548321441456
6,TweedieRate,Prov. Sumatera Utara,141250,156633.1205506255
6,HistGBPoissonRate,Prov. Aceh,62922,77793.42147605857
6,HistGBPoissonRate,Prov. Bali,57531,66764.24422130409
6,HistGBPoissonRate,Prov. Bangka Belitung,4086,4442.079014902084
6,HistGBPoissonRate,Prov. Banten,153271,204624.00235365581
6,HistGBPoissonRate,Prov. Bengkulu,25023,25817.29870424153
6,HistGBPoissonRate,Prov. D.I. Yogyakarta,148425,165725.41467112632
6,HistGBPoissonRate,Prov. D.K.I. Jakarta,205158,219888.08629545875
6,HistGBPoissonRate,Prov. Gorontalo,23637,30093.12179768032
6,HistGBPoissonRate,Prov. Jambi,29648,36806.2445832335
6,HistGBPoissonRate,Prov. Jawa Barat,289638,292837.35942587716
6,HistGBPoissonRate,Prov. Jawa Tengah,277371,336326.4842459166
6,HistGBPoissonRate,Prov. Jawa Timur,384772,367563.58447653207
6,HistGBPoissonRate,Prov. Kalimantan Barat,31951,30713.584336503824
6,HistGBPoissonRate,Prov. Kalimantan Selatan,40426,47758.26361624362
6,HistGBPoissonRate,Prov. Kalimantan Tengah,13721,14480.334876683057
6,HistGBPoissonRate,Prov. Kalimantan Timur,26373,33868.56351310462
6,HistGBPoissonRate,Prov. Kalimantan Utara,4104,7212.044259936315
6,HistGBPoissonRate,Prov. Kepulauan Riau,12556,14082.556033480354
6,HistGBPoissonRate,Prov. Lampung,48131,38153.20554300646
6,HistGBPoissonRate,Prov. Maluku,18492,20560.96526360853
6,HistGBPoissonRate,Prov. Maluku Utara,10471,6219.293972945723
6,HistGBPoissonRate,Prov. Nusa Tenggara Barat,64464,45998.46351816137
6,HistGBPoissonRate,Prov. Nusa Tenggara Timur,38936,54681.7109366524
6,HistGBPoissonRate,Prov. Papua,15342,20402.939506593157
6,HistGBPoissonRate,Prov. Papua Barat,5251,9747.956362840752
6,HistGBPoissonRate,Prov. Riau,49020,49245.15921097188
6,HistGBPoissonRate,Prov. Sulawesi Barat,6371,7799.890605889453
6,HistGBPoissonRate,Prov. Sulawesi Selatan,134479,146921.13772693276
6,HistGBPoissonRate,Prov. Sulawesi Tengah,23182,18268.388143056025
6,HistGBPoissonRate,Prov. Sulawesi Tenggara,30830,35041.15232474029
6,HistGBPoissonRate,Prov. Sulawesi Utara,24974,19388.22911720859
6,HistGBPoissonRate,Prov. Sumatera Barat,86458,64415.695908235924
6,HistGBPoissonRate,Prov. Sumatera Selatan,56467,43418.833829768104
6,HistGBPoissonRate,Prov. Sumatera Utara,141250,162681.94356234907
6,RandomForestLogCount,Prov. Aceh,62922,57653.54193571174
6,RandomForestLogCount,Prov. Bali,57531,57855.88822359263
6,RandomForestLogCount,Prov. Bangka Belitung,4086,4162.7686737853855
6,RandomForestLogCount,Prov. Banten,153271,75288.63037032321
6,RandomForestLogCount,Prov. Bengkulu,25023,22403.151113710246
6,RandomForestLogCount,Prov. D.I. Yogyakarta,148425,128096.63242531219
6,RandomForestLogCount,Prov. D.K.I. Jakarta,205158,225894.09381232085
6,RandomForestLogCount,Prov. Gorontalo,23637,21850.81912074663
6,RandomForestLogCount,Prov. Jambi,29648,29314.895165209982
6,RandomForestLogCount,Prov. Jawa Barat,289638,271209.82842683385
6,RandomForestLogCount,Prov. Jawa Tengah,277371,244697.4111999336
6,RandomForestLogCount,Prov. Jawa Timur,384772,302633.2039830743
6,RandomForestLogCount,Prov. Kalimantan Barat,31951,31043.9415135544
6,RandomForestLogCount,Prov. Kalimantan Selatan,40426,33761.78995258752
6,RandomForestLogCount,Prov. Kalimantan Tengah,13721,14311.03168324918
6,RandomForestLogCount,Prov. Kalimantan Timur,26373,31852.612341429292
6,RandomForestLogCount,Prov. Kalimantan Utara,4104,5231.723857199086
6,RandomForestLogCount,Prov. Kepulauan Riau,12556,13932.551456828047
6,RandomForestLogCount,Prov. Lampung,48131,39373.089783703945
6,RandomForestLogCount,Prov. Maluku,18492,16534.881980367165
6,RandomForestLogCount,Prov. Maluku Utara,10471,6664.82351700948
6,RandomForestLogCount,Prov. Nusa Tenggara Barat,64464,45847.44164118526
6,RandomForestLogCount,Prov. Nusa Tenggara Timur,38936,42611.10631116409
6,RandomForestLogCount,Prov. Papua,15342,24558.39057983125
6,RandomForestLogCount,Prov. Papua Barat,5251,9988.607783352414
6,RandomForestLogCount,Prov. Riau,49020,47638.29547393058
6,RandomForestLogCount,Prov. Sulawesi Barat,6371,6739.484235076527
6,RandomForestLogCount,Prov. Sulawesi Selatan,134479,123839.44928583883
6,RandomForestLogCount,Prov. Sulawesi Tengah,23182,18921.995841978543
6,RandomForestLogCount,Prov. Sulawesi Tenggara,30830,26612.8270705959
6,RandomForestLogCount,Prov. Sulawesi Utara,24974,20352.91275081332
6,RandomForestLogCount,Prov. Sumatera Barat,86458,64971.34186979135
6,RandomForestLogCount,Prov. Sumatera Selatan,56467,42774.231700740354
6,RandomForestLogCount,Prov. Sumatera Utara,141250,120584.88867314026
6,ExtraTreesLogCount,Prov. Aceh,62922,62454.05305942898
6,ExtraTreesLogCount,Prov. Bali,57531,58007.19038066438
6,ExtraTreesLogCount,Prov. Bangka Belitung,4086,4312.9008003783065
6,ExtraTreesLogCount,Prov. Banten,153271,84214.14262477096
6,ExtraTreesLogCount,Prov. Bengkulu,25023,22477.25491243419
6,ExtraTreesLogCount,Prov. D.I. Yogyakarta,148425,152877.09557094282
6,ExtraTreesLogCount,Prov. D.K.I. Jakarta,205158,218251.64133926047
6,ExtraTreesLogCount,Prov. Gorontalo,23637,23052.632039712847
6,ExtraTreesLogCount,Prov. Jambi,29648,28767.18992196611
6,ExtraTreesLogCount,Prov. Jawa Barat,289638,273275.0768390344
6,ExtraTreesLogCount,Prov. Jawa Tengah,277371,257025.31529416205
6,ExtraTreesLogCount,Prov. Jawa Timur,384772,312716.8225878092
6,ExtraTreesLogCount,Prov. Kalimantan Barat,31951,31489.818927277058
6,ExtraTreesLogCount,Prov. Kalimantan Selatan,40426,34994.11554909429
6,ExtraTreesLogCount,Prov. Kalimantan Tengah,13721,15678.815635718227
6,ExtraTreesLogCount,Prov. Kalimantan Timur,26373,30795.832640571793
6,ExtraTreesLogCount,Prov. Kalimantan Utara,4104,5033.595183173535
6,ExtraTreesLogCount,Prov. Kepulauan Riau,12556,13508.16716724798
6,ExtraTreesLogCount,Prov. Lampung,48131,39284.19770671284
6,ExtraTreesLogCount,Prov. Maluku,18492,17818.723829674786
6,ExtraTreesLogCount,Prov. Maluku Utara,10471,6840.926773197889
6,ExtraTreesLogCount,Prov. Nusa Tenggara Barat,64464,44159.99162597385
6,ExtraTreesLogCount,Prov. Nusa Tenggara Timur,38936,43177.427794190735
6,ExtraTreesLogCount,Prov. Papua,15342,26463.807545400756
6,ExtraTreesLogCount,Prov. Papua Barat,5251,10029.38986616082
6,ExtraTreesLogCount,Prov. Riau,49020,48513.00309563333
6,ExtraTreesLogCount,Prov. Sulawesi Barat,6371,6880.532289940435
6,ExtraTreesLogCount,Prov. Sulawesi Selatan,134479,136287.38709493348
6,ExtraTreesLogCount,Prov. Sulawesi Tengah,23182,20105.753428073924
6,ExtraTreesLogCount,Prov. Sulawesi Tenggara,30830,28873.49771162705
6,ExtraTreesLogCount,Prov. Sulawesi Utara,24974,21080.234573941932
6,ExtraTreesLogCount,Prov. Sumatera Barat,86458,62004.708792646736
6,ExtraTreesLogCount,Prov. Sumatera Selatan,56467,39961.67406869148
6,ExtraTreesLogCount,Prov. Sumatera Utara,141250,132105.84668731593
7,ExposureRateBaseline,Prov. Aceh,62922,55593.21463533131
7,ExposureRateBaseline,Prov. Bali,57531,42272.127721126664
7,ExposureRateBaseline,Prov. Bangka Belitung,4086,6320.46331457735
7,ExposureRateBaseline,Prov. Banten,153271,538325.8311599828
7,ExposureRateBaseline,Prov. Bengkulu,25023,18786.330624522972
7,ExposureRateBaseline,Prov. D.I. Yogyakarta,148425,133345.51205260176
7,ExposureRateBaseline,Prov. D.K.I. Jakarta,205158,229062.0345979396
7,ExposureRateBaseline,Prov. Gorontalo,23637,16128.432548097631
7,ExposureRateBaseline,Prov. Jambi,29648,27837.482596603793
7,ExposureRateBaseline,Prov. Jawa Barat,289638,257159.9543446295
7,ExposureRateBaseline,Prov. Jawa Tengah,277371,212124.96518501494
7,ExposureRateBaseline,Prov. Jawa Timur,384772,286784.9367733275
7,ExposureRateBaseline,Prov. Kalimantan Barat,31951,26940.180579956177
7,ExposureRateBaseline,Prov. Kalimantan Selatan,40426,29578.816734026193
7,ExposureRateBaseline,Prov. Kalimantan Tengah,13721,13302.69691932481
7,ExposureRateBaseline,Prov. Kalimantan Timur,26373,28186.878505616398
7,ExposureRateBaseline,Prov. Kalimantan Utara,4104,3669.5981200253273
7,ExposureRateBaseline,Prov. Kepulauan Riau,12556,14588.50178645453
7,ExposureRateBaseline,Prov. Lampung,48131,57375.37201393535
7,ExposureRateBaseline,Prov. Maluku,18492,19024.827131096048
7,ExposureRateBaseline,Prov. Maluku Utara,10471,10243.941245175149
7,ExposureRateBaseline,Prov. Nusa Tenggara Barat,64464,50415.031608465295
7,ExposureRateBaseline,Prov. Nusa Tenggara Timur,38936,43710.79467534352
7,ExposureRateBaseline,Prov. Papua,15342,28481.02773251394
7,ExposureRateBaseline,Prov. Papua Barat,5251,12162.953558662239
7,ExposureRateBaseline,Prov. Riau,49020,46862.438184725324
7,ExposureRateBaseline,Prov. Sulawesi Barat,6371,8801.96229692651
7,ExposureRateBaseline,Prov. Sulawesi Selatan,134479,132333.5369871591
7,ExposureRateBaseline,Prov. Sulawesi Tengah,23182,24973.85033804755
7,ExposureRateBaseline,Prov. Sulawesi Tenggara,30830,31271.714847273342
7,ExposureRateBaseline,Prov. Sulawesi Utara,24974,25103.16978676009
7,ExposureRateBaseline,Prov. Sumatera Barat,86458,57310.05191575041
7,ExposureRateBaseline,Prov. Sumatera Selatan,56467,41051.266546911706
7,ExposureRateBaseline,Prov. Sumatera Utara,141250,116807.39612818537
7,NB2_Offset,Prov. Aceh,62922,72546.55841612478
7,NB2_Offset,Prov. Bali,57531,71948.38456251723
7,NB2_Offset,Prov. Bangka Belitung,4086,4646.24967213001
7,NB2_Offset,Prov. Banten,153271,243685.1145668997
7,NB2_Offset,Prov. Bengkulu,25023,21630.303325478137
7,NB2_Offset,Prov. D.I. Yogyakarta,148425,180581.85963831062
7,NB2_Offset,Prov. D.K.I. Jakarta,205158,195432.61689268288
7,NB2_Offset,Prov. Gorontalo,23637,29340.825853659993
7,NB2_Offset,Prov. Jambi,29648,42368.059431926486
7,NB2_Offset,Prov. Jawa Barat,289638,303731.97328114934
7,NB2_Offset,Prov. Jawa Tengah,277371,316773.42063897365
7,NB2_Offset,Prov. Jawa Timur,384772,374628.16401426133
7,NB2_Offset,Prov. Kalimantan Barat,31951,36236.78111141967
7,NB2_Offset,Prov. Kalimantan Selatan,40426,43643.29982001324
7,NB2_Offset,Prov. Kalimantan Tengah,13721,18095.02361993331
7,NB2_Offset,Prov. Kalimantan Timur,26373,37245.5721038028
7,NB2_Offset,Prov. Kalimantan Utara,4104,6432.11842222832
7,NB2_Offset,Prov. Kepulauan Riau,12556,14360.519644121921
7,NB2_Offset,Prov. Lampung,48131,41350.87434593297
7,NB2_Offset,Prov. Maluku,18492,18558.53983540302
7,NB2_Offset,Prov. Maluku Utara,10471,7138.173857845836
7,NB2_Offset,Prov. Nusa Tenggara Barat,64464,53205.426499295645
7,NB2_Offset,Prov. Nusa Tenggara Timur,38936,48992.428996306626
7,NB2_Offset,Prov. Papua,15342,23335.354107086998
7,NB2_Offset,Prov. Papua Barat,5251,9215.980125194346
7,NB2_Offset,Prov. Riau,49020,53518.68727784738
7,NB2_Offset,Prov. Sulawesi Barat,6371,7801.7578823247795
7,NB2_Offset,Prov. Sulawesi Selatan,134479,151749.77212015708
7,NB2_Offset,Prov. Sulawesi Tengah,23182,20126.424218617616
7,NB2_Offset,Prov. Sulawesi Tenggara,30830,35772.147777380254
7,NB2_Offset,Prov. Sulawesi Utara,24974,20070.780868230657
7,NB2_Offset,Prov. Sumatera Barat,86458,61604.747072562444
7,NB2_Offset,Prov. Sumatera Selatan,56467,43579.93331618963
7,NB2_Offset,Prov. Sumatera Utara,141250,149847.75208702878
7,PoissonRate,Prov. Aceh,62922,64318.539896081216
7,PoissonRate,Prov. Bali,57531,63220.100160187496
7,PoissonRate,Prov. Bangka Belitung,4086,4291.534094879961
7,PoissonRate,Prov. Banten,153271,282969.08911946253
7,PoissonRate,Prov. Bengkulu,25023,17707.845781203177
7,PoissonRate,Prov. D.I. Yogyakarta,148425,169334.997640503
7,PoissonRate,Prov. D.K.I. Jakarta,205158,197084.54655342214
7,PoissonRate,Prov. Gorontalo,23637,24642.664735481023
7,PoissonRate,Prov. Jambi,29648,33800.33198595535
7,PoissonRate,Prov. Jawa Barat,289638,304580.4825656857
7,PoissonRate,Prov. Jawa Tengah,277371,286510.69630709104
7,PoissonRate,Prov. Jawa Timur,384772,339380.3116609749
7,PoissonRate,Prov. Kalimantan Barat,31951,33874.94911152614
7,PoissonRate,Prov. Kalimantan Selatan,40426,40423.10258637267
7,PoissonRate,Prov. Kalimantan Tengah,13721,17026.955325108393
7,PoissonRate,Prov. Kalimantan Timur,26373,35211.420958378665
7,PoissonRate,Prov. Kalimantan Utara,4104,5943.417925210256
7,PoissonRate,Prov. Kepulauan Riau,12556,13950.901353960739
7,PoissonRate,Prov. Lampung,48131,40835.21855240004
7,PoissonRate,Prov. Maluku,18492,13733.091575899896
7,PoissonRate,Prov. Maluku Utara,10471,6045.363891283798
7,PoissonRate,Prov. Nusa Tenggara Barat,64464,47935.188856315675
7,PoissonRate,Prov. Nusa Tenggara Timur,38936,44407.78086171785
7,PoissonRate,Prov. Papua,15342,19855.275171239213
7,PoissonRate,Prov. Papua Barat,5251,6787.809618684156
7,PoissonRate,Prov. Riau,49020,51742.497015400055
7,PoissonRate,Prov. Sulawesi Barat,6371,7010.307844879285
7,PoissonRate,Prov. Sulawesi Selatan,134479,144284.96874115313
7,PoissonRate,Prov. Sulawesi Tengah,23182,18227.79338943751
7,PoissonRate,Prov. Sulawesi Tenggara,30830,31825.13283295228
7,PoissonRate,Prov. Sulawesi Utara,24974,16769.51944977823
7,PoissonRate,Prov. Sumatera Barat,86458,55606.66419606436
7,PoissonRate,Prov. Sumatera Selatan,56467,40923.871160276496
7,PoissonRate,Prov. Sumatera Utara,141250,161446.90124096686
7,TweedieRate,Prov. Aceh,62922,65069.39994834089
7,TweedieRate,Prov. Bali,57531,62820.75173336636
7,TweedieRate,Prov. Bangka Belitung,4086,4305.402284545244
7,TweedieRate,Prov. Banten,153271,269389.46214933123
7,TweedieRate,Prov. Bengkulu,25023,16733.092985975854
7,TweedieRate,Prov. D.I. Yogyakarta,148425,166568.43589241436
7,TweedieRate,Prov. D.K.I. Jakarta,205158,198986.2331765538
7,TweedieRate,Prov. Gorontalo,23637,24614.759042768084
7,TweedieRate,Prov. Jambi,29648,30063.237588889202
7,TweedieRate,Prov. Jawa Barat,289638,312509.10509488324
7,TweedieRate,Prov. Jawa Tengah,277371,286348.7107824147
7,TweedieRate,Prov. Jawa Timur,384772,342766.6258166773
7,TweedieRate,Prov. Kalimantan Barat,31951,34491.53416623725
7,TweedieRate,Prov. Kalimantan Selatan,40426,42005.990914896385
7,TweedieRate,Prov. Kalimantan Tengah,13721,17321.0660679308
7,TweedieRate,Prov. Kalimantan Timur,26373,36366.102858328835
7,TweedieRate,Prov. Kalimantan Utara,4104,6019.659964404437
7,TweedieRate,Prov. Kepulauan Riau,12556,14350.736637466665
7,TweedieRate,Prov. Lampung,48131,40330.15300451566
7,TweedieRate,Prov. Maluku,18492,12971.604233241298
7,TweedieRate,Prov. Maluku Utara,10471,5855.0036055904475
7,TweedieRate,Prov. Nusa Tenggara Barat,64464,47787.49954258456
7,TweedieRate,Prov. Nusa Tenggara Timur,38936,44892.20176399946
7,TweedieRate,Prov. Papua,15342,19431.705462315043
7,TweedieRate,Prov. Papua Barat,5251,6511.962616809954
7,TweedieRate,Prov. Riau,49020,52939.73320390507
7,TweedieRate,Prov. Sulawesi Barat,6371,6970.342173630205
7,TweedieRate,Prov. Sulawesi Selatan,134479,142772.84500012267
7,TweedieRate,Prov. Sulawesi Tengah,23182,17965.27551995181
7,TweedieRate,Prov. Sulawesi Tenggara,30830,32623.204627609757
7,TweedieRate,Prov. Sulawesi Utara,24974,16438.03209842966
7,TweedieRate,Prov. Sumatera Barat,86458,56839.07649865619
7,TweedieRate,Prov. Sumatera Selatan,56467,41584.29086086709
7,TweedieRate,Prov. Sumatera Utara,141250,162941.5764476171
7,HistGBPoissonRate,Prov. Aceh,62922,80117.50519065367
7,HistGBPoissonRate,Prov. Bali,57531,68880.86257969314
7,HistGBPoissonRate,Prov. Bangka Belitung,4086,4036.8424579242514
7,HistGBPoissonRate,Prov. Banten,153271,177234.6983871075
7,HistGBPoissonRate,Prov. Bengkulu,25023,24250.312179604494
7,HistGBPoissonRate,Prov. D.I. Yogyakarta,148425,162820.32972278903
7,HistGBPoissonRate,Prov. D.K.I. Jakarta,205158,202092.90655021195
7,HistGBPoissonRate,Prov. Gorontalo,23637,32096.197097382323
7,HistGBPoissonRate,Prov. Jambi,29648,45196.06057773866
7,HistGBPoissonRate,Prov. Jawa Barat,289638,289067.5934816516
7,HistGBPoissonRate,Prov. Jawa Tengah,277371,327017.2531782546
7,HistGBPoissonRate,Prov. Jawa Timur,384772,334322.42232148367
7,HistGBPoissonRate,Prov. Kalimantan Barat,31951,37661.37240764324
7,HistGBPoissonRate,Prov. Kalimantan Selatan,40426,45193.35253077293
7,HistGBPoissonRate,Prov. Kalimantan Tengah,13721,13630.053509654806
7,HistGBPoissonRate,Prov. Kalimantan Timur,26373,30385.736068534534
7,HistGBPoissonRate,Prov. Kalimantan Utara,4104,7036.202144764902
7,HistGBPoissonRate,Prov. Kepulauan Riau,12556,13981.516008991004
7,HistGBPoissonRate,Prov. Lampung,48131,39040.27323096853
7,HistGBPoissonRate,Prov. Maluku,18492,22228.93383660438
7,HistGBPoissonRate,Prov. Maluku Utara,10471,6444.528873542081
7,HistGBPoissonRate,Prov. Nusa Tenggara Barat,64464,47002.2049754906
7,HistGBPoissonRate,Prov. Nusa Tenggara Timur,38936,50797.05278088539
7,HistGBPoissonRate,Prov. Papua,15342,21225.284241844
7,HistGBPoissonRate,Prov. Papua Barat,5251,9485.211393841699
7,HistGBPoissonRate,Prov. Riau,49020,48011.74090251829
7,HistGBPoissonRate,Prov. Sulawesi Barat,6371,7947.417363541184
7,HistGBPoissonRate,Prov. Sulawesi Selatan,134479,152060.95066538456
7,HistGBPoissonRate,Prov. Sulawesi Tengah,23182,17717.03150287605
7,HistGBPoissonRate,Prov. Sulawesi Tenggara,30830,34136.82217447965
7,HistGBPoissonRate,Prov. Sulawesi Utara,24974,21212.96688795622
7,HistGBPoissonRate,Prov. Sumatera Barat,86458,55158.934449202585
7,HistGBPoissonRate,Prov. Sumatera Selatan,56467,39960.96880539882
7,HistGBPoissonRate,Prov. Sumatera Utara,141250,153557.43707075986
7,RandomForestLogCount,Prov. Aceh,62922,59191.478659860535
7,RandomForestLogCount,Prov. Bali,57531,59149.61993791104
7,RandomForestLogCount,Prov. Bangka Belitung,4086,3985.3279171032727
7,RandomForestLogCount,Prov. Banten,153271,70917.52766731636
7,RandomForestLogCount,Prov. Bengkulu,25023,21510.37185387079
7,RandomForestLogCount,Prov. D.I. Yogyakarta,148425,117042.90194561912
7,RandomForestLogCount,Prov. D.K.I. Jakarta,205158,222960.38056549916
7,RandomForestLogCount,Prov. Gorontalo,23637,20748.88543050807
7,RandomForestLogCount,Prov. Jambi,29648,30782.528675805595
7,RandomForestLogCount,Prov. Jawa Barat,289638,275843.6673390466
7,RandomForestLogCount,Prov. Jawa Tengah,277371,263673.34534534824
7,RandomForestLogCount,Prov. Jawa Timur,384772,313599.5785704202
7,RandomForestLogCount,Prov. Kalimantan Barat,31951,31046.527244037796
7,RandomForestLogCount,Prov. Kalimantan Selatan,40426,33529.749080795715
7,RandomForestLogCount,Prov. Kalimantan Tengah,13721,14495.628230361492
7,RandomForestLogCount,Prov. Kalimantan Timur,26373,33749.00089750679
7,RandomForestLogCount,Prov. Kalimantan Utara,4104,5198.506220064833
7,RandomForestLogCount,Prov. Kepulauan Riau,12556,13530.286308907458
7,RandomForestLogCount,Prov. Lampung,48131,38647.370848909675
7,RandomForestLogCount,Prov. Maluku,18492,20667.92898935611
7,RandomForestLogCount,Prov. Maluku Utara,10471,7010.749542493822
7,RandomForestLogCount,Prov. Nusa Tenggara Barat,64464,45633.015189942045
7,RandomForestLogCount,Prov. Nusa Tenggara Timur,38936,42121.41469785141
7,RandomForestLogCount,Prov. Papua,15342,25244.103976386104
7,RandomForestLogCount,Prov. Papua Barat,5251,10133.899977465033
7,RandomForestLogCount,Prov. Riau,49020,47195.752910149546
7,RandomForestLogCount,Prov. Sulawesi Barat,6371,7152.550863187344
7,RandomForestLogCount,Prov. Sulawesi Selatan,134479,123805.48970495744
7,RandomForestLogCount,Prov. Sulawesi Tengah,23182,17995.63752154754
7,RandomForestLogCount,Prov. Sulawesi Tenggara,30830,25194.130835442385
7,RandomForestLogCount,Prov. Sulawesi Utara,24974,22988.68036985303
7,RandomForestLogCount,Prov. Sumatera Barat,86458,58755.26888281039
7,RandomForestLogCount,Prov. Sumatera Selatan,56467,40009.55793710871
7,RandomForestLogCount,Prov. Sumatera Utara,141250,122422.67788800062
7,ExtraTreesLogCount,Prov. Aceh,62922,61243.720595913896
7,ExtraTreesLogCount,Prov. Bali,57531,57107.43322819363
7,ExtraTreesLogCount,Prov. Bangka Belitung,4086,4064.5683672425534
7,ExtraTreesLogCount,Prov. Banten,153271,82927.44811136696
7,ExtraTreesLogCount,Prov. Bengkulu,25023,20672.206221284287
7,ExtraTreesLogCount,Prov. D.I. Yogyakarta,148425,150830.8211279494
7,ExtraTreesLogCount,Prov. D.K.I. Jakarta,205158,214662.2157361163
7,ExtraTreesLogCount,Prov. Gorontalo,23637,22047.204557744393
7,ExtraTreesLogCount,Prov. Jambi,29648,29194.844617301602
7,ExtraTreesLogCount,Prov. Jawa Barat,289638,271714.92613858957
7,ExtraTreesLogCount,Prov. Jawa Tengah,277371,268058.12394529773
7,ExtraTreesLogCount,Prov. Jawa Timur,384772,316719.0963893562
7,ExtraTreesLogCount,Prov. Kalimantan Barat,31951,31624.51169048946
7,ExtraTreesLogCount,Prov. Kalimantan Selatan,40426,34931.32939098705
7,ExtraTreesLogCount,Prov. Kalimantan Tengah,13721,15102.247514365767
7,ExtraTreesLogCount,Prov. Kalimantan Timur,26373,33087.47009147566
7,ExtraTreesLogCount,Prov. Kalimantan Utara,4104,4981.930455758781
7,ExtraTreesLogCount,Prov. Kepulauan Riau,12556,13642.226091603845
7,ExtraTreesLogCount,Prov. Lampung,48131,37768.88026381976
7,ExtraTreesLogCount,Prov. Maluku,18492,21190.584797981755
7,ExtraTreesLogCount,Prov. Maluku Utara,10471,7173.86653462831
7,ExtraTreesLogCount,Prov. Nusa Tenggara Barat,64464,43828.79522377479
7,ExtraTreesLogCount,Prov. Nusa Tenggara Timur,38936,42870.68649126675
7,ExtraTreesLogCount,Prov. Papua,15342,26389.79145879306
7,ExtraTreesLogCount,Prov. Papua Barat,5251,9752.260277085947
7,ExtraTreesLogCount,Prov. Riau,49020,47065.89085075526
7,ExtraTreesLogCount,Prov. Sulawesi Barat,6371,7097.217117960825
7,ExtraTreesLogCount,Prov. Sulawesi Selatan,134479,139894.90308888536
7,ExtraTreesLogCount,Prov. Sulawesi Tengah,23182,19191.592119045046
7,ExtraTreesLogCount,Prov. Sulawesi Tenggara,30830,26309.320851344273
7,ExtraTreesLogCount,Prov. Sulawesi Utara,24974,23181.26923307942
7,ExtraTreesLogCount,Prov. Sumatera Barat,86458,58673.9684071581
7,ExtraTreesLogCount,Prov. Sumatera Selatan,56467,38594.4854436065
7,ExtraTreesLogCount,Prov. Sumatera Utara,141250,130838.24418702124
8,ExposureRateBaseline,Prov. Aceh,62922,55280.44799915182
8,ExposureRateBaseline,Prov. Bali,57531,41050.68202724718
8,ExposureRateBaseline,Prov. Bangka Belitung,4086,5423.447722882293
8,ExposureRateBaseline,Prov. Banten,153271,547488.8941997135
8,ExposureRateBaseline,Prov. Bengkulu,25023,18875.317948708707
8,ExposureRateBaseline,Prov. D.I. Yogyakarta,148425,112888.6800952287
8,ExposureRateBaseline,Prov. D.K.I. Jakarta,205158,187429.98051948292
8,ExposureRateBaseline,Prov. Gorontalo,23637,16322.030852715243
8,ExposureRateBaseline,Prov. Jambi,29648,32808.26588657186
8,ExposureRateBaseline,Prov. Jawa Barat,289638,308452.9464497067
8,ExposureRateBaseline,Prov. Jawa Tengah,277371,205995.6516335686
8,ExposureRateBaseline,Prov. Jawa Timur,384772,289235.54855470045
8,ExposureRateBaseline,Prov. Kalimantan Barat,31951,27170.38766357904
8,ExposureRateBaseline,Prov. Kalimantan Selatan,40426,28047.229341860217
8,ExposureRateBaseline,Prov. Kalimantan Tengah,13721,16056.47153078553
8,ExposureRateBaseline,Prov. Kalimantan Timur,26373,27592.71242382485
8,ExposureRateBaseline,Prov. Kalimantan Utara,4104,3592.244725384958
8,ExposureRateBaseline,Prov. Kepulauan Riau,12556,15101.18155130142
8,ExposureRateBaseline,Prov. Lampung,48131,58351.98156945089
8,ExposureRateBaseline,Prov. Maluku,18492,22819.509356494207
8,ExposureRateBaseline,Prov. Maluku Utara,10471,9965.283446976693
8,ExposureRateBaseline,Prov. Nusa Tenggara Barat,64464,41584.08330443902
8,ExposureRateBaseline,Prov. Nusa Tenggara Timur,38936,41447.45525144767
8,ExposureRateBaseline,Prov. Papua,15342,29004.30897094372
8,ExposureRateBaseline,Prov. Papua Barat,5251,12308.952072843796
8,ExposureRateBaseline,Prov. Riau,49020,47262.88335597961
8,ExposureRateBaseline,Prov. Sulawesi Barat,6371,9111.287272625483
8,ExposureRateBaseline,Prov. Sulawesi Selatan,134479,113552.43818576941
8,ExposureRateBaseline,Prov. Sulawesi Tengah,23182,23680.70752386618
8,ExposureRateBaseline,Prov. Sulawesi Tenggara,30830,36855.72974775998
8,ExposureRateBaseline,Prov. Sulawesi Utara,24974,25064.326781209285
8,ExposureRateBaseline,Prov. Sumatera Barat,86458,57338.3236982665
8,ExposureRateBaseline,Prov. Sumatera Selatan,56467,43070.642302111875
8,ExposureRateBaseline,Prov. Sumatera Utara,141250,116626.65599159215
8,NB2_Offset,Prov. Aceh,62922,74796.77719927947
8,NB2_Offset,Prov. Bali,57531,71848.85601884856
8,NB2_Offset,Prov. Bangka Belitung,4086,4724.283768193925
8,NB2_Offset,Prov. Banten,153271,249871.46648369308
8,NB2_Offset,Prov. Bengkulu,25023,20521.585407847626
8,NB2_Offset,Prov. D.I. Yogyakarta,148425,169705.6030074879
8,NB2_Offset,Prov. D.K.I. Jakarta,205158,192898.8550151616
8,NB2_Offset,Prov. Gorontalo,23637,31995.48849829415
8,NB2_Offset,Prov. Jambi,29648,42519.54446860181
8,NB2_Offset,Prov. Jawa Barat,289638,313306.3516723547
8,NB2_Offset,Prov. Jawa Tengah,277371,312417.50990015
8,NB2_Offset,Prov. Jawa Timur,384772,378123.906255869
8,NB2_Offset,Prov. Kalimantan Barat,31951,35329.22957251522
8,NB2_Offset,Prov. Kalimantan Selatan,40426,44820.18498564447
8,NB2_Offset,Prov. Kalimantan Tengah,13721,17377.562322484675
8,NB2_Offset,Prov. Kalimantan Timur,26373,35828.93742664737
8,NB2_Offset,Prov. Kalimantan Utara,4104,5965.9157615483455
8,NB2_Offset,Prov. Kepulauan Riau,12556,14578.59714056071
8,NB2_Offset,Prov. Lampung,48131,40935.02119051155
8,NB2_Offset,Prov. Maluku,18492,17608.90638942484
8,NB2_Offset,Prov. Maluku Utara,10471,6914.3728188968
8,NB2_Offset,Prov. Nusa Tenggara Barat,64464,51681.08399637601
8,NB2_Offset,Prov. Nusa Tenggara Timur,38936,49593.34403956739
8,NB2_Offset,Prov. Papua,15342,24717.24846743983
8,NB2_Offset,Prov. Papua Barat,5251,9414.672068323367
8,NB2_Offset,Prov. Riau,49020,52700.93464094582
8,NB2_Offset,Prov. Sulawesi Barat,6371,7707.6865677546275
8,NB2_Offset,Prov. Sulawesi Selatan,134479,155106.39762443714
8,NB2_Offset,Prov. Sulawesi Tengah,23182,20071.37948839483
8,NB2_Offset,Prov. Sulawesi Tenggara,30830,35921.76828282627
8,NB2_Offset,Prov. Sulawesi Utara,24974,19512.37300006764
8,NB2_Offset,Prov. Sumatera Barat,86458,62462.38620369991
8,NB2_Offset,Prov. Sumatera Selatan,56467,44080.671119439525
8,NB2_Offset,Prov. Sumatera Utara,141250,155555.8138057851
8,PoissonRate,Prov. Aceh,62922,65298.568634086645
8,PoissonRate,Prov. Bali,57531,62025.81863886525
8,PoissonRate,Prov. Bangka Belitung,4086,4365.92362953077
8,PoissonRate,Prov. Banten,153271,271661.43931443355
8,PoissonRate,Prov. Bengkulu,25023,17827.359995712166
8,PoissonRate,Prov. D.I. Yogyakarta,148425,166655.19876225578
8,PoissonRate,Prov. D.K.I. Jakarta,205158,181459.75594098782
8,PoissonRate,Prov. Gorontalo,23637,25382.246924816718
8,PoissonRate,Prov. Jambi,29648,37599.87890993738
8,PoissonRate,Prov. Jawa Barat,289638,295457.5836971094
8,PoissonRate,Prov. Jawa Tengah,277371,279242.57198444597
8,PoissonRate,Prov. Jawa Timur,384772,346574.84706549376
8,PoissonRate,Prov. Kalimantan Barat,31951,33833.42442201568
8,PoissonRate,Prov. Kalimantan Selatan,40426,41053.254645579065
8,PoissonRate,Prov. Kalimantan Tengah,13721,15632.375361588498
8,PoissonRate,Prov. Kalimantan Timur,26373,33051.47219587693
8,PoissonRate,Prov. Kalimantan Utara,4104,5444.933621855717
8,PoissonRate,Prov. Kepulauan Riau,12556,13731.039903310828
8,PoissonRate,Prov. Lampung,48131,39249.55471136119
8,PoissonRate,Prov. Maluku,18492,17598.35362961471
8,PoissonRate,Prov. Maluku Utara,10471,6333.429663172003
8,PoissonRate,Prov. Nusa Tenggara Barat,64464,47978.83862585829
8,PoissonRate,Prov. Nusa Tenggara Timur,38936,45026.398739963865
8,PoissonRate,Prov. Papua,15342,21446.02508463322
8,PoissonRate,Prov. Papua Barat,5251,7547.495006243537
8,PoissonRate,Prov. Riau,49020,51525.637997642036
8,PoissonRate,Prov. Sulawesi Barat,6371,6688.649795114162
8,PoissonRate,Prov. Sulawesi Selatan,134479,142761.30709992655
8,PoissonRate,Prov. Sulawesi Tengah,23182,18266.038881203163
8,PoissonRate,Prov. Sulawesi Tenggara,30830,32382.321296173322
8,PoissonRate,Prov. Sulawesi Utara,24974,17360.985286083614
8,PoissonRate,Prov. Sumatera Barat,86458,58232.2269060705
8,PoissonRate,Prov. Sumatera Selatan,56467,40596.31056086135
8,PoissonRate,Prov. Sumatera Utara,141250,156102.68074345848
8,TweedieRate,Prov. Aceh,62922,65264.51859057014
8,TweedieRate,Prov. Bali,57531,62139.20740929055
8,TweedieRate,Prov. Bangka Belitung,4086,4593.629303175555
8,TweedieRate,Prov. Banten,153271,265103.2419922562
8,TweedieRate,Prov. Bengkulu,25023,16766.010289247417
8,TweedieRate,Prov. D.I. Yogyakarta,148425,167970.49293626146
8,TweedieRate,Prov. D.K.I. Jakarta,205158,182906.82482388607
8,TweedieRate,Prov. Gorontalo,23637,24573.62007165625
8,TweedieRate,Prov. Jambi,29648,34594.90652532873
8,TweedieRate,Prov. Jawa Barat,289638,295341.55586053256
8,TweedieRate,Prov. Jawa Tengah,277371,280274.45569441066
8,TweedieRate,Prov. Jawa Timur,384772,349507.64438971016
8,TweedieRate,Prov. Kalimantan Barat,31951,34626.80090590481
8,TweedieRate,Prov. Kalimantan Selatan,40426,42125.126044574994
8,TweedieRate,Prov. Kalimantan Tengah,13721,15564.00738606252
8,TweedieRate,Prov. Kalimantan Timur,26373,34483.41341992326
8,TweedieRate,Prov. Kalimantan Utara,4104,5595.460113653903
8,TweedieRate,Prov. Kepulauan Riau,12556,14382.151710571452
8,TweedieRate,Prov. Lampung,48131,39457.35880980262
8,TweedieRate,Prov. Maluku,18492,17231.963791763912
8,TweedieRate,Prov. Maluku Utara,10471,6042.246298311067
8,TweedieRate,Prov. Nusa Tenggara Barat,64464,49129.465574815906
8,TweedieRate,Prov. Nusa Tenggara Timur,38936,44926.61168351462
8,TweedieRate,Prov. Papua,15342,21063.509160018235
8,TweedieRate,Prov. Papua Barat,5251,6911.942902614317
8,TweedieRate,Prov. Riau,49020,53143.005158943226
8,TweedieRate,Prov. Sulawesi Barat,6371,6935.444084824821
8,TweedieRate,Prov. Sulawesi Selatan,134479,146277.17897520965
8,TweedieRate,Prov. Sulawesi Tengah,23182,17921.00933340399
8,TweedieRate,Prov. Sulawesi Tenggara,30830,32431.141324545515
8,TweedieRate,Prov. Sulawesi Utara,24974,16795.39525033096
8,TweedieRate,Prov. Sumatera Barat,86458,59086.393454232384
8,TweedieRate,Prov. Sumatera Selatan,56467,41575.960962997815
8,TweedieRate,Prov. Sumatera Utara,141250,159565.81560148348
8,HistGBPoissonRate,Prov. Aceh,62922,79295.33591402757
8,HistGBPoissonRate,Prov. Bali,57531,59510.61181959422
8,HistGBPoissonRate,Prov. Bangka Belitung,4086,4648.418484668755
8,HistGBPoissonRate,Prov. Banten,153271,196723.57238871552
8,HistGBPoissonRate,Prov. Bengkulu,25023,24695.425174622887
8,HistGBPoissonRate,Prov. D.I. Yogyakarta,148425,173104.51873164013
8,HistGBPoissonRate,Prov. D.K.I. Jakarta,205158,214607.83076564662
8,HistGBPoissonRate,Prov. Gorontalo,23637,32301.32598989734
8,HistGBPoissonRate,Prov. Jambi,29648,41585.809935395344
8,HistGBPoissonRate,Prov. Jawa Barat,289638,286034.79893617565
8,HistGBPoissonRate,Prov. Jawa Tengah,277371,321308.191761078
8,HistGBPoissonRate,Prov. Jawa Timur,384772,388112.24561429553
8,HistGBPoissonRate,Prov. Kalimantan Barat,31951,34232.5268081148
8,HistGBPoissonRate,Prov. Kalimantan Selatan,40426,47218.84062073821
8,HistGBPoissonRate,Prov. Kalimantan Tengah,13721,15400.989254259188
8,HistGBPoissonRate,Prov. Kalimantan Timur,26373,30069.60397629023
8,HistGBPoissonRate,Prov. Kalimantan Utara,4104,5938.911248031601
8,HistGBPoissonRate,Prov. Kepulauan Riau,12556,14494.692718269836
8,HistGBPoissonRate,Prov. Lampung,48131,37730.56597196909
8,HistGBPoissonRate,Prov. Maluku,18492,16976.98803870048
8,HistGBPoissonRate,Prov. Maluku Utara,10471,6411.033202392098
8,HistGBPoissonRate,Prov. Nusa Tenggara Barat,64464,47883.57083146233
8,HistGBPoissonRate,Prov. Nusa Tenggara Timur,38936,59155.12555675791
8,HistGBPoissonRate,Prov. Papua,15342,21075.35255708494
8,HistGBPoissonRate,Prov. Papua Barat,5251,10569.921282410382
8,HistGBPoissonRate,Prov. Riau,49020,52106.45152250112
8,HistGBPoissonRate,Prov. Sulawesi Barat,6371,8286.209482022045
8,HistGBPoissonRate,Prov. Sulawesi Selatan,134479,167168.19676048376
8,HistGBPoissonRate,Prov. Sulawesi Tengah,23182,17961.458647084364
8,HistGBPoissonRate,Prov. Sulawesi Tenggara,30830,35969.70776045924
8,HistGBPoissonRate,Prov. Sulawesi Utara,24974,20141.574292782137
8,HistGBPoissonRate,Prov. Sumatera Barat,86458,63281.94049875167
8,HistGBPoissonRate,Prov. Sumatera Selatan,56467,40169.66722390357
8,HistGBPoissonRate,Prov. Sumatera Utara,141250,173385.16943634322
8,RandomForestLogCount,Prov. Aceh,62922,60916.68848461328
8,RandomForestLogCount,Prov. Bali,57531,58438.78724704137
8,RandomForestLogCount,Prov. Bangka Belitung,4086,4201.6312997109535
8,RandomForestLogCount,Prov. Banten,153271,75451.41648469694
8,RandomForestLogCount,Prov. Bengkulu,25023,19902.739167566382
8,RandomForestLogCount,Prov. D.I. Yogyakarta,148425,124110.35212740237
8,RandomForestLogCount,Prov. D.K.I. Jakarta,205158,225175.21428926795
8,RandomForestLogCount,Prov. Gorontalo,23637,22507.793209287844
8,RandomForestLogCount,Prov. Jambi,29648,31115.510624313025
8,RandomForestLogCount,Prov. Jawa Barat,289638,275475.86744812474
8,RandomForestLogCount,Prov. Jawa Tengah,277371,261539.3225951736
8,RandomForestLogCount,Prov. Jawa Timur,384772,314922.3047292859
8,RandomForestLogCount,Prov. Kalimantan Barat,31951,30854.622052637744
8,RandomForestLogCount,Prov. Kalimantan Selatan,40426,34031.214790361395
8,RandomForestLogCount,Prov. Kalimantan Tengah,13721,13750.944547771067
8,RandomForestLogCount,Prov. Kalimantan Timur,26373,30708.11027621206
8,RandomForestLogCount,Prov. Kalimantan Utara,4104,5167.309908589499
8,RandomForestLogCount,Prov. Kepulauan Riau,12556,13534.501029356345
8,RandomForestLogCount,Prov. Lampung,48131,37486.94791325693
8,RandomForestLogCount,Prov. Maluku,18492,16385.334723337124
8,RandomForestLogCount,Prov. Maluku Utara,10471,6859.961669376886
8,RandomForestLogCount,Prov. Nusa Tenggara Barat,64464,46013.12764110316
8,RandomForestLogCount,Prov. Nusa Tenggara Timur,38936,42771.79313929413
8,RandomForestLogCount,Prov. Papua,15342,25759.790666219957
8,RandomForestLogCount,Prov. Papua Barat,5251,10229.435261052933
8,RandomForestLogCount,Prov. Riau,49020,47368.63752420923
8,RandomForestLogCount,Prov. Sulawesi Barat,6371,7329.527305767972
8,RandomForestLogCount,Prov. Sulawesi Selatan,134479,124774.32974900487
8,RandomForestLogCount,Prov. Sulawesi Tengah,23182,19401.193642077043
8,RandomForestLogCount,Prov. Sulawesi Tenggara,30830,25609.53271214879
8,RandomForestLogCount,Prov. Sulawesi Utara,24974,21374.31550628626
8,RandomForestLogCount,Prov. Sumatera Barat,86458,65106.440076563485
8,RandomForestLogCount,Prov. Sumatera Selatan,56467,39985.58879480434
8,RandomForestLogCount,Prov. Sumatera Utara,141250,119359.44625347487
8,ExtraTreesLogCount,Prov. Aceh,62922,62414.036506092576
8,ExtraTreesLogCount,Prov. Bali,57531,59163.21018472929
8,ExtraTreesLogCount,Prov. Bangka Belitung,4086,4225.359562074295
8,ExtraTreesLogCount,Prov. Banten,153271,82390.37042519051
8,ExtraTreesLogCount,Prov. Bengkulu,25023,21098.067716217196
8,ExtraTreesLogCount,Prov. D.I. Yogyakarta,148425,153134.1688452116
8,ExtraTreesLogCount,Prov. D.K.I. Jakarta,205158,206104.70023011538
8,ExtraTreesLogCount,Prov. Gorontalo,23637,23569.423375999777
8,ExtraTreesLogCount,Prov. Jambi,29648,30806.854052615174
8,ExtraTreesLogCount,Prov. Jawa Barat,289638,274792.9548638492
8,ExtraTreesLogCount,Prov. Jawa Tengah,277371,268839.5602536869
8,ExtraTreesLogCount,Prov. Jawa Timur,384772,317015.3452036026
8,ExtraTreesLogCount,Prov. Kalimantan Barat,31951,31198.540391591774
8,ExtraTreesLogCount,Prov. Kalimantan Selatan,40426,34746.79085827036
8,ExtraTreesLogCount,Prov. Kalimantan Tengah,13721,14502.307560884357
8,ExtraTreesLogCount,Prov. Kalimantan Timur,26373,30314.99084646896
8,ExtraTreesLogCount,Prov. Kalimantan Utara,4104,4900.909511976109
8,ExtraTreesLogCount,Prov. Kepulauan Riau,12556,13519.920846398138
8,ExtraTreesLogCount,Prov. Lampung,48131,37644.66345779236
8,ExtraTreesLogCount,Prov. Maluku,18492,16438.74407620152
8,ExtraTreesLogCount,Prov. Maluku Utara,10471,6891.508322261046
8,ExtraTreesLogCount,Prov. Nusa Tenggara Barat,64464,46270.15163446007
8,ExtraTreesLogCount,Prov. Nusa Tenggara Timur,38936,42253.91119698728
8,ExtraTreesLogCount,Prov. Papua,15342,26908.15243140668
8,ExtraTreesLogCount,Prov. Papua Barat,5251,9937.615454402174
8,ExtraTreesLogCount,Prov. Riau,49020,48739.19382343724
8,ExtraTreesLogCount,Prov. Sulawesi Barat,6371,7274.062661787497
8,ExtraTreesLogCount,Prov. Sulawesi Selatan,134479,134462.97696894806
8,ExtraTreesLogCount,Prov. Sulawesi Tengah,23182,19976.60003533134
8,ExtraTreesLogCount,Prov. Sulawesi Tenggara,30830,27000.152993874235
8,ExtraTreesLogCount,Prov. Sulawesi Utara,24974,21413.84664250886
8,ExtraTreesLogCount,Prov. Sumatera Barat,86458,62189.61124700316
8,ExtraTreesLogCount,Prov. Sumatera Selatan,56467,39251.333194951076
8,ExtraTreesLogCount,Prov. Sumatera Utara,141250,131042.11968352427
9,ExposureRateBaseline,Prov. Aceh,62922,54100.94153276656
9,ExposureRateBaseline,Prov. Bali,57531,43091.545579190104
9,ExposureRateBaseline,Prov. Bangka Belitung,4086,6211.526544772233
9,ExposureRateBaseline,Prov. Banten,153271,529047.4801546112
9,ExposureRateBaseline,Prov. Bengkulu,25023,21911.48009620529
9,ExposureRateBaseline,Prov. D.I. Yogyakarta,148425,108657.82990724688
9,ExposureRateBaseline,Prov. D.K.I. Jakarta,205158,186653.32796301783
9,ExposureRateBaseline,Prov. Gorontalo,23637,18693.7780332012
9,ExposureRateBaseline,Prov. Jambi,29648,26286.684055337166
9,ExposureRateBaseline,Prov. Jawa Barat,289638,254693.95743595585
9,ExposureRateBaseline,Prov. Jawa Tengah,277371,205142.06861009242
9,ExposureRateBaseline,Prov. Jawa Timur,384772,344614.86842993886
9,ExposureRateBaseline,Prov. Kalimantan Barat,31951,28257.219277974764
9,ExposureRateBaseline,Prov. Kalimantan Selatan,40426,29403.883599378114
9,ExposureRateBaseline,Prov. Kalimantan Tengah,13721,13560.561096117888
9,ExposureRateBaseline,Prov. Kalimantan Timur,26373,28092.288448603525
9,ExposureRateBaseline,Prov. Kalimantan Utara,4104,3735.9366440478657
9,ExposureRateBaseline,Prov. Kepulauan Riau,12556,15301.697503233392
9,ExposureRateBaseline,Prov. Lampung,48131,49218.25246826545
9,ExposureRateBaseline,Prov. Maluku,18492,19272.313360931454
9,ExposureRateBaseline,Prov. Maluku Utara,10471,10145.708503193158
9,ExposureRateBaseline,Prov. Nusa Tenggara Barat,64464,43247.47128956931
9,ExposureRateBaseline,Prov. Nusa Tenggara Timur,38936,43452.28310609199
9,ExposureRateBaseline,Prov. Papua,15342,29033.11403614133
9,ExposureRateBaseline,Prov. Papua Barat,5251,11688.994681190381
9,ExposureRateBaseline,Prov. Riau,49020,48118.59493024918
9,ExposureRateBaseline,Prov. Sulawesi Barat,6371,8769.813783542028
9,ExposureRateBaseline,Prov. Sulawesi Selatan,134479,111129.5953912251
9,ExposureRateBaseline,Prov. Sulawesi Tengah,23182,24858.01056690943
9,ExposureRateBaseline,Prov. Sulawesi Tenggara,30830,35614.29493618022
9,ExposureRateBaseline,Prov. Sulawesi Utara,24974,29096.013051733735
9,ExposureRateBaseline,Prov. Sumatera Barat,86458,60188.93882051041
9,ExposureRateBaseline,Prov. Sumatera Selatan,56467,42151.65370948169
9,ExposureRateBaseline,Prov. Sumatera Utara,141250,112255.71367027634
9,NB2_Offset,Prov. Aceh,62922,73029.62747374871
9,NB2_Offset,Prov. Bali,57531,69092.60450108227
9,NB2_Offset,Prov. Bangka Belitung,4086,4749.781060693995
9,NB2_Offset,Prov. Banten,153271,245685.6540939609
9,NB2_Offset,Prov. Bengkulu,25023,20536.078209014577
9,NB2_Offset,Prov. D.I. Yogyakarta,148425,181056.86607800666
9,NB2_Offset,Prov. D.K.I. Jakarta,205158,203428.1382933679
9,NB2_Offset,Prov. Gorontalo,23637,29705.28943787935
9,NB2_Offset,Prov. Jambi,29648,47169.570725522266
9,NB2_Offset,Prov. Jawa Barat,289638,313846.7566169062
9,NB2_Offset,Prov. Jawa Tengah,277371,325751.85581495607
9,NB2_Offset,Prov. Jawa Timur,384772,373090.5922681423
9,NB2_Offset,Prov. Kalimantan Barat,31951,36337.614164175866
9,NB2_Offset,Prov. Kalimantan Selatan,40426,43918.87299601243
9,NB2_Offset,Prov. Kalimantan Tengah,13721,17533.835041550745
9,NB2_Offset,Prov. Kalimantan Timur,26373,35828.482770458075
9,NB2_Offset,Prov. Kalimantan Utara,4104,6235.300355586966
9,NB2_Offset,Prov. Kepulauan Riau,12556,14251.170341169483
9,NB2_Offset,Prov. Lampung,48131,41210.40661076485
9,NB2_Offset,Prov. Maluku,18492,18286.090169858035
9,NB2_Offset,Prov. Maluku Utara,10471,7011.524177332334
9,NB2_Offset,Prov. Nusa Tenggara Barat,64464,52789.969634039495
9,NB2_Offset,Prov. Nusa Tenggara Timur,38936,48911.49527570977
9,NB2_Offset,Prov. Papua,15342,23459.423079126336
9,NB2_Offset,Prov. Papua Barat,5251,9055.363417519224
9,NB2_Offset,Prov. Riau,49020,52389.47016211142
9,NB2_Offset,Prov. Sulawesi Barat,6371,7773.0143243551365
9,NB2_Offset,Prov. Sulawesi Selatan,134479,154035.89300329005
9,NB2_Offset,Prov. Sulawesi Tengah,23182,20188.75325049411
9,NB2_Offset,Prov. Sulawesi Tenggara,30830,35859.007055995615
9,NB2_Offset,Prov. Sulawesi Utara,24974,19507.444073098388
9,NB2_Offset,Prov. Sumatera Barat,86458,62140.292868991855
9,NB2_Offset,Prov. Sumatera Selatan,56467,43628.27153218025
9,NB2_Offset,Prov. Sumatera Utara,141250,157183.44302036075
9,PoissonRate,Prov. Aceh,62922,64622.935694857486
9,PoissonRate,Prov. Bali,57531,59211.040552990795
9,PoissonRate,Prov. Bangka Belitung,4086,4456.815187142125
9,PoissonRate,Prov. Banten,153271,279849.3937970464
9,PoissonRate,Prov. Bengkulu,25023,21637.59975280723
9,PoissonRate,Prov. D.I. Yogyakarta,148425,170301.27113581327
9,PoissonRate,Prov. D.K.I. Jakarta,205158,186304.95323159333
9,PoissonRate,Prov. Gorontalo,23637,26662.120541178163
9,PoissonRate,Prov. Jambi,29648,34187.59679714967
9,PoissonRate,Prov. Jawa Barat,289638,300201.329799932
9,PoissonRate,Prov. Jawa Tengah,277371,292579.7072049642
9,PoissonRate,Prov. Jawa Timur,384772,360415.6364760914
9,PoissonRate,Prov. Kalimantan Barat,31951,34418.13930657142
9,PoissonRate,Prov. Kalimantan Selatan,40426,39965.357650825375
9,PoissonRate,Prov. Kalimantan Tengah,13721,15784.937081460093
9,PoissonRate,Prov. Kalimantan Timur,26373,33812.30327020984
9,PoissonRate,Prov. Kalimantan Utara,4104,5480.725853135949
9,PoissonRate,Prov. Kepulauan Riau,12556,13650.718469275178
9,PoissonRate,Prov. Lampung,48131,37307.86902683154
9,PoissonRate,Prov. Maluku,18492,14448.492059294605
9,PoissonRate,Prov. Maluku Utara,10471,6171.313277278417
9,PoissonRate,Prov. Nusa Tenggara Barat,64464,48383.48347554822
9,PoissonRate,Prov. Nusa Tenggara Timur,38936,44590.829433354476
9,PoissonRate,Prov. Papua,15342,20669.998256541345
9,PoissonRate,Prov. Papua Barat,5251,7151.829863688161
9,PoissonRate,Prov. Riau,49020,53384.626337064175
9,PoissonRate,Prov. Sulawesi Barat,6371,6713.727096535867
9,PoissonRate,Prov. Sulawesi Selatan,134479,139779.451962544
9,PoissonRate,Prov. Sulawesi Tengah,23182,18142.191356059964
9,PoissonRate,Prov. Sulawesi Tenggara,30830,33539.11253871631
9,PoissonRate,Prov. Sulawesi Utara,24974,20145.60777822147
9,PoissonRate,Prov. Sumatera Barat,86458,56736.91661495524
9,PoissonRate,Prov. Sumatera Selatan,56467,41039.707950345866
9,PoissonRate,Prov. Sumatera Utara,141250,149117.0806454377
9,TweedieRate,Prov. Aceh,62922,65701.11610765255
9,TweedieRate,Prov. Bali,57531,59746.554704080525
9,TweedieRate,Prov. Bangka Belitung,4086,4399.537433150727
9,TweedieRate,Prov. Banten,153271,266726.71854151355
9,TweedieRate,Prov. Bengkulu,25023,20664.227552308104
9,TweedieRate,Prov. D.I. Yogyakarta,148425,170247.36058133465
9,TweedieRate,Prov. D.K.I. Jakarta,205158,185210.00575967756
9,TweedieRate,Prov. Gorontalo,23637,25447.949283219878
9,TweedieRate,Prov. Jambi,29648,29951.449644613836
9,TweedieRate,Prov. Jawa Barat,289638,310067.79094662383
9,TweedieRate,Prov. Jawa Tengah,277371,290177.6139937626
9,TweedieRate,Prov. Jawa Timur,384772,358063.84636812645
9,TweedieRate,Prov. Kalimantan Barat,31951,35199.10149862912
9,TweedieRate,Prov. Kalimantan Selatan,40426,41530.604782050985
9,TweedieRate,Prov. Kalimantan Tengah,13721,16272.854729058272
9,TweedieRate,Prov. Kalimantan Timur,26373,35590.025742677164
9,TweedieRate,Prov. Kalimantan Utara,4104,5658.584710193753
9,TweedieRate,Prov. Kepulauan Riau,12556,14234.4986083918
9,TweedieRate,Prov. Lampung,48131,37302.88647029612
9,TweedieRate,Prov. Maluku,18492,13316.434979982421
9,TweedieRate,Prov. Maluku Utara,10471,5997.850842772168
9,TweedieRate,Prov. Nusa Tenggara Barat,64464,49688.5671014639
9,TweedieRate,Prov. Nusa Tenggara Timur,38936,44757.00316405454
9,TweedieRate,Prov. Papua,15342,19861.52701342311
9,TweedieRate,Prov. Papua Barat,5251,6851.652927372798
9,TweedieRate,Prov. Riau,49020,55363.22574662367
9,TweedieRate,Prov. Sulawesi Barat,6371,6954.95322808229
9,TweedieRate,Prov. Sulawesi Selatan,134479,143180.18792125257
9,TweedieRate,Prov. Sulawesi Tengah,23182,17720.597440752135
9,TweedieRate,Prov. Sulawesi Tenggara,30830,32675.003752327484
9,TweedieRate,Prov. Sulawesi Utara,24974,19673.22502458252
9,TweedieRate,Prov. Sumatera Barat,86458,57643.829453257684
9,TweedieRate,Prov. Sumatera Selatan,56467,42317.43679844658
9,TweedieRate,Prov. Sumatera Utara,141250,153826.95944747893
9,HistGBPoissonRate,Prov. Aceh,62922,67031.21002711172
9,HistGBPoissonRate,Prov. Bali,57531,59557.012840345364
9,HistGBPoissonRate,Prov. Bangka Belitung,4086,4599.144962536846
9,HistGBPoissonRate,Prov. Banten,153271,184522.2080981021
9,HistGBPoissonRate,Prov. Bengkulu,25023,22774.303498163317
9,HistGBPoissonRate,Prov. D.I. Yogyakarta,148425,186825.90216932376
9,HistGBPoissonRate,Prov. D.K.I. Jakarta,205158,226333.55796165275
9,HistGBPoissonRate,Prov. Gorontalo,23637,31138.56437307329
9,HistGBPoissonRate,Prov. Jambi,29648,55516.11098631246
9,HistGBPoissonRate,Prov. Jawa Barat,289638,286529.6959347882
9,HistGBPoissonRate,Prov. Jawa Tengah,277371,380271.267041865
9,HistGBPoissonRate,Prov. Jawa Timur,384772,363331.7512369004
9,HistGBPoissonRate,Prov. Kalimantan Barat,31951,35463.33693018177
9,HistGBPoissonRate,Prov. Kalimantan Selatan,40426,40291.98947827481
9,HistGBPoissonRate,Prov. Kalimantan Tengah,13721,15500.44319014972
9,HistGBPoissonRate,Prov. Kalimantan Timur,26373,32183.649915541482
9,HistGBPoissonRate,Prov. Kalimantan Utara,4104,6369.394260329323
9,HistGBPoissonRate,Prov. Kepulauan Riau,12556,14694.18502673331
9,HistGBPoissonRate,Prov. Lampung,48131,39706.826786470956
9,HistGBPoissonRate,Prov. Maluku,18492,20117.927012441713
9,HistGBPoissonRate,Prov. Maluku Utara,10471,6657.521600221277
9,HistGBPoissonRate,Prov. Nusa Tenggara Barat,64464,46019.49182706665
9,HistGBPoissonRate,Prov. Nusa Tenggara Timur,38936,56530.53094779056
9,HistGBPoissonRate,Prov. Papua,15342,20884.622293931974
9,HistGBPoissonRate,Prov. Papua Barat,5251,9686.89848714114
9,HistGBPoissonRate,Prov. Riau,49020,46842.16208946864
9,HistGBPoissonRate,Prov. Sulawesi Barat,6371,7810.297700884973
9,HistGBPoissonRate,Prov. Sulawesi Selatan,134479,161003.46706245907
9,HistGBPoissonRate,Prov. Sulawesi Tengah,23182,18776.866236369555
9,HistGBPoissonRate,Prov. Sulawesi Tenggara,30830,34054.31693428129
9,HistGBPoissonRate,Prov. Sulawesi Utara,24974,19648.390672228936
9,HistGBPoissonRate,Prov. Sumatera Barat,86458,61583.800988453586
9,HistGBPoissonRate,Prov. Sumatera Selatan,56467,39941.022825725624
9,HistGBPoissonRate,Prov. Sumatera Utara,141250,165621.92388323162
9,RandomForestLogCount,Prov. Aceh,62922,61072.3848310206
9,RandomForestLogCount,Prov. Bali,57531,56982.93168217439
9,RandomForestLogCount,Prov. Bangka Belitung,4086,4041.8239386078462
9,RandomForestLogCount,Prov. Banten,153271,75052.68827306526
9,RandomForestLogCount,Prov. Bengkulu,25023,21122.965839629825
9,RandomForestLogCount,Prov. D.I. Yogyakarta,148425,125143.21533784427
9,RandomForestLogCount,Prov. D.K.I. Jakarta,205158,218124.8151519967
9,RandomForestLogCount,Prov. Gorontalo,23637,20231.359669856618
9,RandomForestLogCount,Prov. Jambi,29648,28581.928179186394
9,RandomForestLogCount,Prov. Jawa Barat,289638,268781.9315907001
9,RandomForestLogCount,Prov. Jawa Tengah,277371,252428.6844809206
9,RandomForestLogCount,Prov. Jawa Timur,384772,311048.2947204936
9,RandomForestLogCount,Prov. Kalimantan Barat,31951,31398.8457792712
9,RandomForestLogCount,Prov. Kalimantan Selatan,40426,32629.319547781502
9,RandomForestLogCount,Prov. Kalimantan Tengah,13721,14419.667501889107
9,RandomForestLogCount,Prov. Kalimantan Timur,26373,33733.054337064226
9,RandomForestLogCount,Prov. Kalimantan Utara,4104,4894.492029109135
9,RandomForestLogCount,Prov. Kepulauan Riau,12556,13791.28332146403
9,RandomForestLogCount,Prov. Lampung,48131,39482.39606832086
9,RandomForestLogCount,Prov. Maluku,18492,18681.761968792693
9,RandomForestLogCount,Prov. Maluku Utara,10471,6415.380555500474
9,RandomForestLogCount,Prov. Nusa Tenggara Barat,64464,46019.06727291677
9,RandomForestLogCount,Prov. Nusa Tenggara Timur,38936,42972.45584162759
9,RandomForestLogCount,Prov. Papua,15342,24108.01201252086
9,RandomForestLogCount,Prov. Papua Barat,5251,9322.912034447494
9,RandomForestLogCount,Prov. Riau,49020,46387.158016935115
9,RandomForestLogCount,Prov. Sulawesi Barat,6371,7109.237154249387
9,RandomForestLogCount,Prov. Sulawesi Selatan,134479,122877.25376812345
9,RandomForestLogCount,Prov. Sulawesi Tengah,23182,19454.794795086724
9,RandomForestLogCount,Prov. Sulawesi Tenggara,30830,26974.822856661056
9,RandomForestLogCount,Prov. Sulawesi Utara,24974,20404.544291348564
9,RandomForestLogCount,Prov. Sumatera Barat,86458,63346.7722028677
9,RandomForestLogCount,Prov. Sumatera Selatan,56467,42321.345129091496
9,RandomForestLogCount,Prov. Sumatera Utara,141250,115845.80787058941
9,ExtraTreesLogCount,Prov. Aceh,62922,59851.26400473189
9,ExtraTreesLogCount,Prov. Bali,57531,58214.63863992448
9,ExtraTreesLogCount,Prov. Bangka Belitung,4086,4194.986157549557
9,ExtraTreesLogCount,Prov. Banten,153271,83733.61761102037
9,ExtraTreesLogCount,Prov. Bengkulu,25023,21547.811278309506
9,ExtraTreesLogCount,Prov. D.I. Yogyakarta,148425,150349.2780691092
9,ExtraTreesLogCount,Prov. D.K.I. Jakarta,205158,210613.6452794008
9,ExtraTreesLogCount,Prov. Gorontalo,23637,22787.01685722106
9,ExtraTreesLogCount,Prov. Jambi,29648,28975.47301788734
9,ExtraTreesLogCount,Prov. Jawa Barat,289638,272023.80017544975
9,ExtraTreesLogCount,Prov. Jawa Tengah,277371,266653.2438770274
9,ExtraTreesLogCount,Prov. Jawa Timur,384772,312662.75538650475
9,ExtraTreesLogCount,Prov. Kalimantan Barat,31951,31102.15247963418
9,ExtraTreesLogCount,Prov. Kalimantan Selatan,40426,34153.6554854693
9,ExtraTreesLogCount,Prov. Kalimantan Tengah,13721,15318.385009141728
9,ExtraTreesLogCount,Prov. Kalimantan Timur,26373,32681.765481783663
9,ExtraTreesLogCount,Prov. Kalimantan Utara,4104,5046.123766835871
9,ExtraTreesLogCount,Prov. Kepulauan Riau,12556,13785.415460331458
9,ExtraTreesLogCount,Prov. Lampung,48131,39170.75788094177
9,ExtraTreesLogCount,Prov. Maluku,18492,19565.096131275157
9,ExtraTreesLogCount,Prov. Maluku Utara,10471,6719.507789429196
9,ExtraTreesLogCount,Prov. Nusa Tenggara Barat,64464,44371.627119086595
9,ExtraTreesLogCount,Prov. Nusa Tenggara Timur,38936,42508.04914831832
9,ExtraTreesLogCount,Prov. Papua,15342,27192.418702216903
9,ExtraTreesLogCount,Prov. Papua Barat,5251,9254.087228783834
9,ExtraTreesLogCount,Prov. Riau,49020,49229.89126034965
9,ExtraTreesLogCount,Prov. Sulawesi Barat,6371,7142.922950113182
9,ExtraTreesLogCount,Prov. Sulawesi Selatan,134479,132014.8285306073
9,ExtraTreesLogCount,Prov. Sulawesi Tengah,23182,20811.64592115766
9,ExtraTreesLogCount,Prov. Sulawesi Tenggara,30830,28423.857936174103
9,ExtraTreesLogCount,Prov. Sulawesi Utara,24974,21346.093888037674
9,ExtraTreesLogCount,Prov. Sumatera Barat,86458,61281.95746890737
9,ExtraTreesLogCount,Prov. Sumatera Selatan,56467,39727.88351308086
9,ExtraTreesLogCount,Prov. Sumatera Utara,141250,131198.18660222876
10,ExposureRateBaseline,Prov. Aceh,62922,54967.073375361004
10,ExposureRateBaseline,Prov. Bali,57531,42804.756874723316
10,ExposureRateBaseline,Prov. Bangka Belitung,4086,5203.930919296264
10,ExposureRateBaseline,Prov. Banten,153271,528723.287286987
10,ExposureRateBaseline,Prov. Bengkulu,25023,18357.134584920062
10,ExposureRateBaseline,Prov. D.I. Yogyakarta,148425,112346.75091145663
10,ExposureRateBaseline,Prov. D.K.I. Jakarta,205158,192990.18728200288
10,ExposureRateBaseline,Prov. Gorontalo,23637,16026.170716840652
10,ExposureRateBaseline,Prov. Jambi,29648,26560.472057726845
10,ExposureRateBaseline,Prov. Jawa Barat,289638,249713.1635553506
10,ExposureRateBaseline,Prov. Jawa Tengah,277371,207278.71836981893
10,ExposureRateBaseline,Prov. Jawa Timur,384772,344403.6932772104
10,ExposureRateBaseline,Prov. Kalimantan Barat,31951,27753.059080362564
10,ExposureRateBaseline,Prov. Kalimantan Selatan,40426,29755.62116855404
10,ExposureRateBaseline,Prov. Kalimantan Tengah,13721,13705.188732236815
10,ExposureRateBaseline,Prov. Kalimantan Timur,26373,28184.440633225473
10,ExposureRateBaseline,Prov. Kalimantan Utara,4104,3669.2807378809794
10,ExposureRateBaseline,Prov. Kepulauan Riau,12556,15219.365283384132
10,ExposureRateBaseline,Prov. Lampung,48131,48953.42904054069
10,ExposureRateBaseline,Prov. Maluku,18492,22037.352956497813
10,ExposureRateBaseline,Prov. Maluku Utara,10471,11866.039429949067
10,ExposureRateBaseline,Prov. Nusa Tenggara Barat,64464,41509.03639919865
10,ExposureRateBaseline,Prov. Nusa Tenggara Timur,38936,43218.4840177956
10,ExposureRateBaseline,Prov. Papua,15342,27830.344821043247
10,ExposureRateBaseline,Prov. Papua Barat,5251,12452.585679586186
10,ExposureRateBaseline,Prov. Riau,49020,56277.70052494416
10,ExposureRateBaseline,Prov. Sulawesi Barat,6371,9342.707436534789
10,ExposureRateBaseline,Prov. Sulawesi Selatan,134479,129972.9989612395
10,ExposureRateBaseline,Prov. Sulawesi Tengah,23182,25123.129044045356
10,ExposureRateBaseline,Prov. Sulawesi Tenggara,30830,30919.504401010363
10,ExposureRateBaseline,Prov. Sulawesi Utara,24974,25700.942710268064
10,ExposureRateBaseline,Prov. Sumatera Barat,86458,59788.36122331462
10,ExposureRateBaseline,Prov. Sumatera Selatan,56467,42289.92535587544
10,ExposureRateBaseline,Prov. Sumatera Utara,141250,135303.50623785026
10,NB2_Offset,Prov. Aceh,62922,72720.25294295067
10,NB2_Offset,Prov. Bali,57531,69400.69318159054
10,NB2_Offset,Prov. Bangka Belitung,4086,4679.536078978808
10,NB2_Offset,Prov. Banten,153271,244546.41697148338
10,NB2_Offset,Prov. Bengkulu,25023,22922.69764754732
10,NB2_Offset,Prov. D.I. Yogyakarta,148425,179769.73797255696
10,NB2_Offset,Prov. D.K.I. Jakarta,205158,195697.857624771
10,NB2_Offset,Prov. Gorontalo,23637,31591.4604275466
10,NB2_Offset,Prov. Jambi,29648,49456.75151398077
10,NB2_Offset,Prov. Jawa Barat,289638,323410.7868807481
10,NB2_Offset,Prov. Jawa Tengah,277371,325394.73532370117
10,NB2_Offset,Prov. Jawa Timur,384772,379925.17003596324
10,NB2_Offset,Prov. Kalimantan Barat,31951,36571.08162889917
10,NB2_Offset,Prov. Kalimantan Selatan,40426,42555.568835246166
10,NB2_Offset,Prov. Kalimantan Tengah,13721,17319.450572689977
10,NB2_Offset,Prov. Kalimantan Timur,26373,36502.877062741
10,NB2_Offset,Prov. Kalimantan Utara,4104,6245.916798877727
10,NB2_Offset,Prov. Kepulauan Riau,12556,14244.376954227831
10,NB2_Offset,Prov. Lampung,48131,41526.37575444029
10,NB2_Offset,Prov. Maluku,18492,17631.181270727546
10,NB2_Offset,Prov. Maluku Utara,10471,6900.338116445465
10,NB2_Offset,Prov. Nusa Tenggara Barat,64464,54102.6773783539
10,NB2_Offset,Prov. Nusa Tenggara Timur,38936,48734.00218977355
10,NB2_Offset,Prov. Papua,15342,22818.841646841072
10,NB2_Offset,Prov. Papua Barat,5251,9313.841010391749
10,NB2_Offset,Prov. Riau,49020,53473.97648645342
10,NB2_Offset,Prov. Sulawesi Barat,6371,7778.428162623624
10,NB2_Offset,Prov. Sulawesi Selatan,134479,151701.9817878016
10,NB2_Offset,Prov. Sulawesi Tengah,23182,20350.784129085212
10,NB2_Offset,Prov. Sulawesi Tenggara,30830,36566.25607903313
10,NB2_Offset,Prov. Sulawesi Utara,24974,19985.250876898994
10,NB2_Offset,Prov. Sumatera Barat,86458,61877.37026832075
10,NB2_Offset,Prov. Sumatera Selatan,56467,44160.5783204093
10,NB2_Offset,Prov. Sumatera Utara,141250,153271.26364847342
10,PoissonRate,Prov. Aceh,62922,63282.91459933636
10,PoissonRate,Prov. Bali,57531,59262.23464980191
10,PoissonRate,Prov. Bangka Belitung,4086,4254.662225884807
10,PoissonRate,Prov. Banten,153271,276207.04900703783
10,PoissonRate,Prov. Bengkulu,25023,18054.59025619107
10,PoissonRate,Prov. D.I. Yogyakarta,148425,166447.90845684343
10,PoissonRate,Prov. D.K.I. Jakarta,205158,184845.4815098316
10,PoissonRate,Prov. Gorontalo,23637,26330.009034251423
10,PoissonRate,Prov. Jambi,29648,34126.45099096653
10,PoissonRate,Prov. Jawa Barat,289638,301735.0408880139
10,PoissonRate,Prov. Jawa Tengah,277371,288980.7367674358
10,PoissonRate,Prov. Jawa Timur,384772,365264.57434679096
10,PoissonRate,Prov. Kalimantan Barat,31951,34528.29036519717
10,PoissonRate,Prov. Kalimantan Selatan,40426,40180.9855464524
10,PoissonRate,Prov. Kalimantan Tengah,13721,16013.460241039915
10,PoissonRate,Prov. Kalimantan Timur,26373,33667.55633401245
10,PoissonRate,Prov. Kalimantan Utara,4104,5651.305340960998
10,PoissonRate,Prov. Kepulauan Riau,12556,13851.206999893271
10,PoissonRate,Prov. Lampung,48131,37215.13576565094
10,PoissonRate,Prov. Maluku,18492,18692.90150021023
10,PoissonRate,Prov. Maluku Utara,10471,7415.355674957049
10,PoissonRate,Prov. Nusa Tenggara Barat,64464,49573.40795858622
10,PoissonRate,Prov. Nusa Tenggara Timur,38936,44653.695384284554
10,PoissonRate,Prov. Papua,15342,18595.375391172296
10,PoissonRate,Prov. Papua Barat,5251,7442.038069146734
10,PoissonRate,Prov. Riau,49020,52367.11720420282
10,PoissonRate,Prov. Sulawesi Barat,6371,6786.105602378627
10,PoissonRate,Prov. Sulawesi Selatan,134479,144537.50860528197
10,PoissonRate,Prov. Sulawesi Tengah,23182,18577.919491061442
10,PoissonRate,Prov. Sulawesi Tenggara,30830,31469.049485039333
10,PoissonRate,Prov. Sulawesi Utara,24974,17689.82033725677
10,PoissonRate,Prov. Sumatera Barat,86458,56770.67528352172
10,PoissonRate,Prov. Sumatera Selatan,56467,40765.09030421449
10,PoissonRate,Prov. Sumatera Utara,141250,151118.66457067485
10,TweedieRate,Prov. Aceh,62922,63737.94989889136
10,TweedieRate,Prov. Bali,57531,59831.44161397678
10,TweedieRate,Prov. Bangka Belitung,4086,4599.130679542435
10,TweedieRate,Prov. Banten,153271,262607.40650146484
10,TweedieRate,Prov. Bengkulu,25023,16616.46446798256
10,TweedieRate,Prov. D.I. Yogyakarta,148425,167365.68292256497
10,TweedieRate,Prov. D.K.I. Jakarta,205158,186519.15024543408
10,TweedieRate,Prov. Gorontalo,23637,25403.431785340817
10,TweedieRate,Prov. Jambi,29648,29471.98383500117
10,TweedieRate,Prov. Jawa Barat,289638,309435.349023724
10,TweedieRate,Prov. Jawa Tengah,277371,285945.64864687255
10,TweedieRate,Prov. Jawa Timur,384772,363043.88860647485
10,TweedieRate,Prov. Kalimantan Barat,31951,35470.74258434621
10,TweedieRate,Prov. Kalimantan Selatan,40426,41640.89653336187
10,TweedieRate,Prov. Kalimantan Tengah,13721,16514.65543787562
10,TweedieRate,Prov. Kalimantan Timur,26373,35099.40037411842
10,TweedieRate,Prov. Kalimantan Utara,4104,5858.964799486174
10,TweedieRate,Prov. Kepulauan Riau,12556,14328.902276644625
10,TweedieRate,Prov. Lampung,48131,37089.35051429608
10,TweedieRate,Prov. Maluku,18492,17493.42627210807
10,TweedieRate,Prov. Maluku Utara,10471,7100.550314116692
10,TweedieRate,Prov. Nusa Tenggara Barat,64464,51174.60349828515
10,TweedieRate,Prov. Nusa Tenggara Timur,38936,44656.62714216554
10,TweedieRate,Prov. Papua,15342,18612.8316388655
10,TweedieRate,Prov. Papua Barat,5251,6893.388159869726
10,TweedieRate,Prov. Riau,49020,52216.69359103266
10,TweedieRate,Prov. Sulawesi Barat,6371,6928.799296954491
10,TweedieRate,Prov. Sulawesi Selatan,134479,143940.67019821188
10,TweedieRate,Prov. Sulawesi Tengah,23182,18082.45151099973
10,TweedieRate,Prov. Sulawesi Tenggara,30830,31805.177722344088
10,TweedieRate,Prov. Sulawesi Utara,24974,17026.997325490676
10,TweedieRate,Prov. Sumatera Barat,86458,57624.69277171296
10,TweedieRate,Prov. Sumatera Selatan,56467,41791.605073051105
10,TweedieRate,Prov. Sumatera Utara,141250,151144.3683943703
10,HistGBPoissonRate,Prov. Aceh,62922,63570.73226713054
10,HistGBPoissonRate,Prov. Bali,57531,56323.39979095422
10,HistGBPoissonRate,Prov. Bangka Belitung,4086,4639.253413399705
10,HistGBPoissonRate,Prov. Banten,153271,179606.81508247872
10,HistGBPoissonRate,Prov. Bengkulu,25023,22745.513002770098
10,HistGBPoissonRate,Prov. D.I. Yogyakarta,148425,179429.77680306256
10,HistGBPoissonRate,Prov. D.K.I. Jakarta,205158,208674.12060478225
10,HistGBPoissonRate,Prov. Gorontalo,23637,29891.461004528825
10,HistGBPoissonRate,Prov. Jambi,29648,45783.07007067954
10,HistGBPoissonRate,Prov. Jawa Barat,289638,287795.82128938707
10,HistGBPoissonRate,Prov. Jawa Tengah,277371,321201.8499684468
10,HistGBPoissonRate,Prov. Jawa Timur,384772,353628.78493101214
10,HistGBPoissonRate,Prov. Kalimantan Barat,31951,31715.369219311826
10,HistGBPoissonRate,Prov. Kalimantan Selatan,40426,42194.45725426426
10,HistGBPoissonRate,Prov. Kalimantan Tengah,13721,13605.96147456981
10,HistGBPoissonRate,Prov. Kalimantan Timur,26373,32424.78300247178
10,HistGBPoissonRate,Prov. Kalimantan Utara,4104,5633.464940490567
10,HistGBPoissonRate,Prov. Kepulauan Riau,12556,14767.479146036243
10,HistGBPoissonRate,Prov. Lampung,48131,38685.04414307516
10,HistGBPoissonRate,Prov. Maluku,18492,20725.718227346184
10,HistGBPoissonRate,Prov. Maluku Utara,10471,6439.956272993488
10,HistGBPoissonRate,Prov. Nusa Tenggara Barat,64464,47006.81829888265
10,HistGBPoissonRate,Prov. Nusa Tenggara Timur,38936,47119.10547553485
10,HistGBPoissonRate,Prov. Papua,15342,21026.962810109762
10,HistGBPoissonRate,Prov. Papua Barat,5251,9555.370077808364
10,HistGBPoissonRate,Prov. Riau,49020,50692.54261919526
10,HistGBPoissonRate,Prov. Sulawesi Barat,6371,8304.299380850738
10,HistGBPoissonRate,Prov. Sulawesi Selatan,134479,148304.45423714674
10,HistGBPoissonRate,Prov. Sulawesi Tengah,23182,18597.111769239546
10,HistGBPoissonRate,Prov. Sulawesi Tenggara,30830,31504.542030850815
10,HistGBPoissonRate,Prov. Sulawesi Utara,24974,19878.805285290422
10,HistGBPoissonRate,Prov. Sumatera Barat,86458,61105.08369043767
10,HistGBPoissonRate,Prov. Sumatera Selatan,56467,40931.856927597415
10,HistGBPoissonRate,Prov. Sumatera Utara,141250,157150.89409142072
10,RandomForestLogCount,Prov. Aceh,62922,60547.16962802685
10,RandomForestLogCount,Prov. Bali,57531,59362.644939646525
10,RandomForestLogCount,Prov. Bangka Belitung,4086,4039.848190924785
10,RandomForestLogCount,Prov. Banten,153271,76375.79881716437
10,RandomForestLogCount,Prov. Bengkulu,25023,20743.43055003164
10,RandomForestLogCount,Prov. D.I. Yogyakarta,148425,144541.5544134254
10,RandomForestLogCount,Prov. D.K.I. Jakarta,205158,227197.19359344678
10,RandomForestLogCount,Prov. Gorontalo,23637,19771.246743249805
10,RandomForestLogCount,Prov. Jambi,29648,29166.153173812232
10,RandomForestLogCount,Prov. Jawa Barat,289638,263641.9736593221
10,RandomForestLogCount,Prov. Jawa Tengah,277371,252105.53743135062
10,RandomForestLogCount,Prov. Jawa Timur,384772,301717.5787340118
10,RandomForestLogCount,Prov. Kalimantan Barat,31951,30860.879442078683
10,RandomForestLogCount,Prov. Kalimantan Selatan,40426,32511.037496973237
10,RandomForestLogCount,Prov. Kalimantan Tengah,13721,14151.23627636804
10,RandomForestLogCount,Prov. Kalimantan Timur,26373,33881.297362937956
10,RandomForestLogCount,Prov. Kalimantan Utara,4104,4846.1721930694775
10,RandomForestLogCount,Prov. Kepulauan Riau,12556,13894.296905380972
10,RandomForestLogCount,Prov. Lampung,48131,37211.20354797125
10,RandomForestLogCount,Prov. Maluku,18492,17755.466674092706
10,RandomForestLogCount,Prov. Maluku Utara,10471,6740.687597277434
10,RandomForestLogCount,Prov. Nusa Tenggara Barat,64464,43851.34896885539
10,RandomForestLogCount,Prov. Nusa Tenggara Timur,38936,41473.57014895648
10,RandomForestLogCount,Prov. Papua,15342,22486.25909156028
10,RandomForestLogCount,Prov. Papua Barat,5251,9580.601726200619
10,RandomForestLogCount,Prov. Riau,49020,44732.131800680545
10,RandomForestLogCount,Prov. Sulawesi Barat,6371,7281.294422878619
10,RandomForestLogCount,Prov. Sulawesi Selatan,134479,117917.38771134765
10,RandomForestLogCount,Prov. Sulawesi Tengah,23182,19333.841702013524
10,RandomForestLogCount,Prov. Sulawesi Tenggara,30830,25214.044383140354
10,RandomForestLogCount,Prov. Sulawesi Utara,24974,20806.019805906577
10,RandomForestLogCount,Prov. Sumatera Barat,86458,62221.47461889157
10,RandomForestLogCount,Prov. Sumatera Selatan,56467,43735.03112781562
10,RandomForestLogCount,Prov. Sumatera Utara,141250,111336.48310295281
10,ExtraTreesLogCount,Prov. Aceh,62922,60709.51262898665
10,ExtraTreesLogCount,Prov. Bali,57531,57147.68614409201
10,ExtraTreesLogCount,Prov. Bangka Belitung,4086,3888.6118904889768
10,ExtraTreesLogCount,Prov. Banten,153271,83456.97415420324
10,ExtraTreesLogCount,Prov. Bengkulu,25023,20509.63217604695
10,ExtraTreesLogCount,Prov. D.I. Yogyakarta,148425,153076.68220886175
10,ExtraTreesLogCount,Prov. D.K.I. Jakarta,205158,216028.8434343821
10,ExtraTreesLogCount,Prov. Gorontalo,23637,22823.759899787776
10,ExtraTreesLogCount,Prov. Jambi,29648,28954.743861897085
10,ExtraTreesLogCount,Prov. Jawa Barat,289638,267852.47705989255
10,ExtraTreesLogCount,Prov. Jawa Tengah,277371,262459.4230691646
10,ExtraTreesLogCount,Prov. Jawa Timur,384772,312972.9926123244
10,ExtraTreesLogCount,Prov. Kalimantan Barat,31951,31055.15844159649
10,ExtraTreesLogCount,Prov. Kalimantan Selatan,40426,35157.771907725786
10,ExtraTreesLogCount,Prov. Kalimantan Tengah,13721,15127.139415851852
10,ExtraTreesLogCount,Prov. Kalimantan Timur,26373,32159.074905627374
10,ExtraTreesLogCount,Prov. Kalimantan Utara,4104,4848.707549833716
10,ExtraTreesLogCount,Prov. Kepulauan Riau,12556,13754.011112534907
10,ExtraTreesLogCount,Prov. Lampung,48131,37068.15398451902
10,ExtraTreesLogCount,Prov. Maluku,18492,18332.279464675423
10,ExtraTreesLogCount,Prov. Maluku Utara,10471,6891.984490245508
10,ExtraTreesLogCount,Prov. Nusa Tenggara Barat,64464,44123.78073635528
10,ExtraTreesLogCount,Prov. Nusa Tenggara Timur,38936,42181.55773090045
10,ExtraTreesLogCount,Prov. Papua,15342,24816.420722135972
10,ExtraTreesLogCount,Prov. Papua Barat,5251,9205.120665917675
10,ExtraTreesLogCount,Prov. Riau,49020,48513.24245814156
10,ExtraTreesLogCount,Prov. Sulawesi Barat,6371,7201.60468795763
10,ExtraTreesLogCount,Prov. Sulawesi Selatan,134479,125572.13505235112
10,ExtraTreesLogCount,Prov. Sulawesi Tengah,23182,20202.114439552784
10,ExtraTreesLogCount,Prov. Sulawesi Tenggara,30830,26885.675536135775
10,ExtraTreesLogCount,Prov. Sulawesi Utara,24974,21846.701532133884
10,ExtraTreesLogCount,Prov. Sumatera Barat,86458,61723.971733283026
10,ExtraTreesLogCount,Prov. Sumatera Selatan,56467,41142.46552289121
10,ExtraTreesLogCount,Prov. Sumatera Utara,141250,120581.73100313082
11,ExposureRateBaseline,Prov. Aceh,62922,53697.61305041641
11,ExposureRateBaseline,Prov. Bali,57531,41285.18402491744
11,ExposureRateBaseline,Prov. Bangka Belitung,4086,6410.391275015396
11,ExposureRateBaseline,Prov. Banten,153271,545985.1658697786
11,ExposureRateBaseline,Prov. Bengkulu,25023,18661.756714919527
11,ExposureRateBaseline,Prov. D.I. Yogyakarta,148425,113714.04717246947
11,ExposureRateBaseline,Prov. D.K.I. Jakarta,205158,232321.1440270969
11,ExposureRateBaseline,Prov. Gorontalo,23637,19292.267486478493
11,ExposureRateBaseline,Prov. Jambi,29648,26546.84875092369
11,ExposureRateBaseline,Prov. Jawa Barat,289638,252795.1859098784
11,ExposureRateBaseline,Prov. Jawa Tengah,277371,207172.40167605013
11,ExposureRateBaseline,Prov. Jawa Timur,384772,293504.5376554588
11,ExposureRateBaseline,Prov. Kalimantan Barat,31951,27456.091721165394
11,ExposureRateBaseline,Prov. Kalimantan Selatan,40426,28207.449123480812
11,ExposureRateBaseline,Prov. Kalimantan Tengah,13721,13159.215213862182
11,ExposureRateBaseline,Prov. Kalimantan Timur,26373,27528.788564167102
11,ExposureRateBaseline,Prov. Kalimantan Utara,4104,3713.937070109626
11,ExposureRateBaseline,Prov. Kepulauan Riau,12556,14867.875214663178
11,ExposureRateBaseline,Prov. Lampung,48131,48023.71508794532
11,ExposureRateBaseline,Prov. Maluku,18492,19134.271031141936
11,ExposureRateBaseline,Prov. Maluku Utara,10471,10302.871445906403
11,ExposureRateBaseline,Prov. Nusa Tenggara Barat,64464,42021.35131394235
11,ExposureRateBaseline,Prov. Nusa Tenggara Timur,38936,51374.49299381057
11,ExposureRateBaseline,Prov. Papua,15342,28825.15775048243
11,ExposureRateBaseline,Prov. Papua Barat,5251,12006.730886053654
11,ExposureRateBaseline,Prov. Riau,49020,47153.389737655256
11,ExposureRateBaseline,Prov. Sulawesi Barat,6371,9008.199326947586
11,ExposureRateBaseline,Prov. Sulawesi Selatan,134479,112851.05764580498
11,ExposureRateBaseline,Prov. Sulawesi Tengah,23182,29352.449635152152
11,ExposureRateBaseline,Prov. Sulawesi Tenggara,30830,30332.28721904039
11,ExposureRateBaseline,Prov. Sulawesi Utara,24974,24780.74117136496
11,ExposureRateBaseline,Prov. Sumatera Barat,86458,58407.5536269532
11,ExposureRateBaseline,Prov. Sumatera Selatan,56467,50908.514976158694
11,ExposureRateBaseline,Prov. Sumatera Utara,141250,113366.73145834709
11,NB2_Offset,Prov. Aceh,62922,73687.71091826612
11,NB2_Offset,Prov. Bali,57531,74655.62771885195
11,NB2_Offset,Prov. Bangka Belitung,4086,4710.705979382205
11,NB2_Offset,Prov. Banten,153271,247866.46501464775
11,NB2_Offset,Prov. Bengkulu,25023,20660.364335631115
11,NB2_Offset,Prov. D.I. Yogyakarta,148425,176480.3155558377
11,NB2_Offset,Prov. D.K.I. Jakarta,205158,193048.8389964939
11,NB2_Offset,Prov. Gorontalo,23637,31647.39996492991
11,NB2_Offset,Prov. Jambi,29648,50599.626358932444
11,NB2_Offset,Prov. Jawa Barat,289638,313814.30749402405
11,NB2_Offset,Prov. Jawa Tengah,277371,327779.9925357771
11,NB2_Offset,Prov. Jawa Timur,384772,371204.2219193835
11,NB2_Offset,Prov. Kalimantan Barat,31951,35800.58197090987
11,NB2_Offset,Prov. Kalimantan Selatan,40426,45251.46356215308
11,NB2_Offset,Prov. Kalimantan Tengah,13721,17715.83762899994
11,NB2_Offset,Prov. Kalimantan Timur,26373,37339.58110599518
11,NB2_Offset,Prov. Kalimantan Utara,4104,5983.981664795806
11,NB2_Offset,Prov. Kepulauan Riau,12556,14029.665930073266
11,NB2_Offset,Prov. Lampung,48131,40854.77399836752
11,NB2_Offset,Prov. Maluku,18492,18358.48231291034
11,NB2_Offset,Prov. Maluku Utara,10471,7101.123947462904
11,NB2_Offset,Prov. Nusa Tenggara Barat,64464,52375.90148332532
11,NB2_Offset,Prov. Nusa Tenggara Timur,38936,48863.637337334556
11,NB2_Offset,Prov. Papua,15342,24137.488854256862
11,NB2_Offset,Prov. Papua Barat,5251,8947.909977166319
11,NB2_Offset,Prov. Riau,49020,56106.959305759585
11,NB2_Offset,Prov. Sulawesi Barat,6371,7698.333631504732
11,NB2_Offset,Prov. Sulawesi Selatan,134479,150903.61432379985
11,NB2_Offset,Prov. Sulawesi Tengah,23182,20147.358711928275
11,NB2_Offset,Prov. Sulawesi Tenggara,30830,35641.82481265669
11,NB2_Offset,Prov. Sulawesi Utara,24974,19541.825865295395
11,NB2_Offset,Prov. Sumatera Barat,86458,62636.04483998198
11,NB2_Offset,Prov. Sumatera Selatan,56467,44116.58642771032
11,NB2_Offset,Prov. Sumatera Utara,141250,157074.12167133266
11,PoissonRate,Prov. Aceh,62922,62481.12211554437
11,PoissonRate,Prov. Bali,57531,64430.44241061631
11,PoissonRate,Prov. Bangka Belitung,4086,4458.48433920479
11,PoissonRate,Prov. Banten,153271,282738.8922624051
11,PoissonRate,Prov. Bengkulu,25023,17368.82172387092
11,PoissonRate,Prov. D.I. Yogyakarta,148425,170104.26765737915
11,PoissonRate,Prov. D.K.I. Jakarta,205158,196108.431364484
11,PoissonRate,Prov. Gorontalo,23637,27152.4886002421
11,PoissonRate,Prov. Jambi,29648,34943.75052630143
11,PoissonRate,Prov. Jawa Barat,289638,291665.8305967099
11,PoissonRate,Prov. Jawa Tengah,277371,294538.9470766628
11,PoissonRate,Prov. Jawa Timur,384772,344618.3630212316
11,PoissonRate,Prov. Kalimantan Barat,31951,34025.03938750954
11,PoissonRate,Prov. Kalimantan Selatan,40426,42531.296109257804
11,PoissonRate,Prov. Kalimantan Tengah,13721,15477.958306581217
11,PoissonRate,Prov. Kalimantan Timur,26373,35115.63308844545
11,PoissonRate,Prov. Kalimantan Utara,4104,5491.055747255142
11,PoissonRate,Prov. Kepulauan Riau,12556,13592.315467782435
11,PoissonRate,Prov. Lampung,48131,37141.16557557186
11,PoissonRate,Prov. Maluku,18492,14907.240399932627
11,PoissonRate,Prov. Maluku Utara,10471,6266.879666401747
11,PoissonRate,Prov. Nusa Tenggara Barat,64464,48118.68457241121
11,PoissonRate,Prov. Nusa Tenggara Timur,38936,47280.11320934168
11,PoissonRate,Prov. Papua,15342,21718.35796670641
11,PoissonRate,Prov. Papua Barat,5251,7090.958755021082
11,PoissonRate,Prov. Riau,49020,54449.87014020674
11,PoissonRate,Prov. Sulawesi Barat,6371,6777.11628984297
11,PoissonRate,Prov. Sulawesi Selatan,134479,146626.4338758087
11,PoissonRate,Prov. Sulawesi Tengah,23182,20770.338930914913
11,PoissonRate,Prov. Sulawesi Tenggara,30830,31936.802071439255
11,PoissonRate,Prov. Sulawesi Utara,24974,17157.16278985531
11,PoissonRate,Prov. Sumatera Barat,86458,56273.03275288951
11,PoissonRate,Prov. Sumatera Selatan,56467,41901.67635065393
11,PoissonRate,Prov. Sumatera Utara,141250,155356.29254253444
11,TweedieRate,Prov. Aceh,62922,63803.2387609402
11,TweedieRate,Prov. Bali,57531,64172.81658980407
11,TweedieRate,Prov. Bangka Belitung,4086,4439.034540790747
11,TweedieRate,Prov. Banten,153271,272010.1244958187
11,TweedieRate,Prov. Bengkulu,25023,16460.61913696709
11,TweedieRate,Prov. D.I. Yogyakarta,148425,171257.06843320822
11,TweedieRate,Prov. D.K.I. Jakarta,205158,198063.13271233783
11,TweedieRate,Prov. Gorontalo,23637,26072.778468716744
11,TweedieRate,Prov. Jambi,29648,30899.727897924695
11,TweedieRate,Prov. Jawa Barat,289638,302625.88036276423
11,TweedieRate,Prov. Jawa Tengah,277371,293323.53218559275
11,TweedieRate,Prov. Jawa Timur,384772,345822.27862909966
11,TweedieRate,Prov. Kalimantan Barat,31951,35140.86349560334
11,TweedieRate,Prov. Kalimantan Selatan,40426,43940.58278409526
11,TweedieRate,Prov. Kalimantan Tengah,13721,16256.19358968221
11,TweedieRate,Prov. Kalimantan Timur,26373,36538.478063966366
11,TweedieRate,Prov. Kalimantan Utara,4104,5735.9383902410345
11,TweedieRate,Prov. Kepulauan Riau,12556,14262.140582983755
11,TweedieRate,Prov. Lampung,48131,37019.23521115946
11,TweedieRate,Prov. Maluku,18492,13480.933335854232
11,TweedieRate,Prov. Maluku Utara,10471,6003.990781181722
11,TweedieRate,Prov. Nusa Tenggara Barat,64464,49838.826909706746
11,TweedieRate,Prov. Nusa Tenggara Timur,38936,46342.534975208575
11,TweedieRate,Prov. Papua,15342,21684.71733835153
11,TweedieRate,Prov. Papua Barat,5251,6595.942446726316
11,TweedieRate,Prov. Riau,49020,55753.25122639868
11,TweedieRate,Prov. Sulawesi Barat,6371,6846.802831620623
11,TweedieRate,Prov. Sulawesi Selatan,134479,149448.5617918911
11,TweedieRate,Prov. Sulawesi Tengah,23182,20321.21559063508
11,TweedieRate,Prov. Sulawesi Tenggara,30830,31889.098067983734
11,TweedieRate,Prov. Sulawesi Utara,24974,16569.42233544733
11,TweedieRate,Prov. Sumatera Barat,86458,57339.843948418275
11,TweedieRate,Prov. Sumatera Selatan,56467,42056.26226129009
11,TweedieRate,Prov. Sumatera Utara,141250,160279.5303495773
11,HistGBPoissonRate,Prov. Aceh,62922,73798.89166584524
11,HistGBPoissonRate,Prov. Bali,57531,69698.57754451116
11,HistGBPoissonRate,Prov. Bangka Belitung,4086,4389.944632207418
11,HistGBPoissonRate,Prov. Banten,153271,191076.16679750077
11,HistGBPoissonRate,Prov. Bengkulu,25023,27395.70540053249
11,HistGBPoissonRate,Prov. D.I. Yogyakarta,148425,159931.01718228386
11,HistGBPoissonRate,Prov. D.K.I. Jakarta,205158,213959.174881103
11,HistGBPoissonRate,Prov. Gorontalo,23637,30445.999333686552
11,HistGBPoissonRate,Prov. Jambi,29648,46890.28167610728
11,HistGBPoissonRate,Prov. Jawa Barat,289638,279660.0904055047
11,HistGBPoissonRate,Prov. Jawa Tengah,277371,305318.0499007838
11,HistGBPoissonRate,Prov. Jawa Timur,384772,363050.1181934534
11,HistGBPoissonRate,Prov. Kalimantan Barat,31951,34260.416440400004
11,HistGBPoissonRate,Prov. Kalimantan Selatan,40426,60770.167833651554
11,HistGBPoissonRate,Prov. Kalimantan Tengah,13721,13920.5818691098
11,HistGBPoissonRate,Prov. Kalimantan Timur,26373,41670.93471994327
11,HistGBPoissonRate,Prov. Kalimantan Utara,4104,6553.332266348839
11,HistGBPoissonRate,Prov. Kepulauan Riau,12556,14152.954430177693
11,HistGBPoissonRate,Prov. Lampung,48131,38495.422875029646
11,HistGBPoissonRate,Prov. Maluku,18492,24103.121814585986
11,HistGBPoissonRate,Prov. Maluku Utara,10471,6805.279211492687
11,HistGBPoissonRate,Prov. Nusa Tenggara Barat,64464,47261.76544688728
11,HistGBPoissonRate,Prov. Nusa Tenggara Timur,38936,49304.15339239458
11,HistGBPoissonRate,Prov. Papua,15342,20447.250320334333
11,HistGBPoissonRate,Prov. Papua Barat,5251,9103.454197697094
11,HistGBPoissonRate,Prov. Riau,49020,52809.55133994828
11,HistGBPoissonRate,Prov. Sulawesi Barat,6371,8309.138716748304
11,HistGBPoissonRate,Prov. Sulawesi Selatan,134479,151570.70971985723
11,HistGBPoissonRate,Prov. Sulawesi Tengah,23182,18461.28169132703
11,HistGBPoissonRate,Prov. Sulawesi Tenggara,30830,32981.91759855831
11,HistGBPoissonRate,Prov. Sulawesi Utara,24974,18233.414854721188
11,HistGBPoissonRate,Prov. Sumatera Barat,86458,57294.36775977996
11,HistGBPoissonRate,Prov. Sumatera Selatan,56467,41674.24233216459
11,HistGBPoissonRate,Prov. Sumatera Utara,141250,196219.42686917481
11,RandomForestLogCount,Prov. Aceh,62922,60124.38182551771
11,RandomForestLogCount,Prov. Bali,57531,59969.03946208173
11,RandomForestLogCount,Prov. Bangka Belitung,4086,4030.8977157967634
11,RandomForestLogCount,Prov. Banten,153271,69256.65963025067
11,RandomForestLogCount,Prov. Bengkulu,25023,21364.656027756908
11,RandomForestLogCount,Prov. D.I. Yogyakarta,148425,126367.98907716092
11,RandomForestLogCount,Prov. D.K.I. Jakarta,205158,217635.7331949646
11,RandomForestLogCount,Prov. Gorontalo,23637,21937.056988342152
11,RandomForestLogCount,Prov. Jambi,29648,28779.141057485824
11,RandomForestLogCount,Prov. Jawa Barat,289638,269901.68246111023
11,RandomForestLogCount,Prov. Jawa Tengah,277371,259115.49509763706
11,RandomForestLogCount,Prov. Jawa Timur,384772,315603.54886346334
11,RandomForestLogCount,Prov. Kalimantan Barat,31951,30813.71423762565
11,RandomForestLogCount,Prov. Kalimantan Selatan,40426,32826.27024172577
11,RandomForestLogCount,Prov. Kalimantan Tengah,13721,13407.689171509892
11,RandomForestLogCount,Prov. Kalimantan Timur,26373,32636.225118724764
11,RandomForestLogCount,Prov. Kalimantan Utara,4104,4915.479353548852
11,RandomForestLogCount,Prov. Kepulauan Riau,12556,13496.763825494161
11,RandomForestLogCount,Prov. Lampung,48131,39054.48193353664
11,RandomForestLogCount,Prov. Maluku,18492,19363.287635083587
11,RandomForestLogCount,Prov. Maluku Utara,10471,6773.231351343735
11,RandomForestLogCount,Prov. Nusa Tenggara Barat,64464,44445.7572186688
11,RandomForestLogCount,Prov. Nusa Tenggara Timur,38936,41877.53069127347
11,RandomForestLogCount,Prov. Papua,15342,23934.346996507204
11,RandomForestLogCount,Prov. Papua Barat,5251,8805.60190906757
11,RandomForestLogCount,Prov. Riau,49020,43862.0118590644
11,RandomForestLogCount,Prov. Sulawesi Barat,6371,7239.050396898122
11,RandomForestLogCount,Prov. Sulawesi Selatan,134479,126672.28629770505
11,RandomForestLogCount,Prov. Sulawesi Tengah,23182,19249.893295396738
11,RandomForestLogCount,Prov. Sulawesi Tenggara,30830,27437.31799507464
11,RandomForestLogCount,Prov. Sulawesi Utara,24974,20107.615840871054
11,RandomForestLogCount,Prov. Sumatera Barat,86458,61327.64501028208
11,RandomForestLogCount,Prov. Sumatera Selatan,56467,42504.69314086285
11,RandomForestLogCount,Prov. Sumatera Utara,141250,116722.57772368907
11,ExtraTreesLogCount,Prov. Aceh,62922,60151.356205846016
11,ExtraTreesLogCount,Prov. Bali,57531,57391.71036905037
11,ExtraTreesLogCount,Prov. Bangka Belitung,4086,4158.668265952934
11,ExtraTreesLogCount,Prov. Banten,153271,78340.57329069215
11,ExtraTreesLogCount,Prov. Bengkulu,25023,21901.3417687758
11,ExtraTreesLogCount,Prov. D.I. Yogyakarta,148425,151905.60686827527
11,ExtraTreesLogCount,Prov. D.K.I. Jakarta,205158,215612.85703574016
11,ExtraTreesLogCount,Prov. Gorontalo,23637,22973.83456434357
11,ExtraTreesLogCount,Prov. Jambi,29648,28601.944020490024
11,ExtraTreesLogCount,Prov. Jawa Barat,289638,272698.99587016786
11,ExtraTreesLogCount,Prov. Jawa Tengah,277371,266795.5567052129
11,ExtraTreesLogCount,Prov. Jawa Timur,384772,316581.3657978463
11,ExtraTreesLogCount,Prov. Kalimantan Barat,31951,31139.11530240071
11,ExtraTreesLogCount,Prov. Kalimantan Selatan,40426,35346.797163031464
11,ExtraTreesLogCount,Prov. Kalimantan Tengah,13721,13615.497625786236
11,ExtraTreesLogCount,Prov. Kalimantan Timur,26373,32487.36935935469
11,ExtraTreesLogCount,Prov. Kalimantan Utara,4104,5037.684942904688
11,ExtraTreesLogCount,Prov. Kepulauan Riau,12556,13523.439682317316
11,ExtraTreesLogCount,Prov. Lampung,48131,39180.99054133092
11,ExtraTreesLogCount,Prov. Maluku,18492,17759.16628613415
11,ExtraTreesLogCount,Prov. Maluku Utara,10471,7056.285749451357
11,ExtraTreesLogCount,Prov. Nusa Tenggara Barat,64464,43495.31072142342
11,ExtraTreesLogCount,Prov. Nusa Tenggara Timur,38936,43692.25637718791
11,ExtraTreesLogCount,Prov. Papua,15342,26899.72355926299
11,ExtraTreesLogCount,Prov. Papua Barat,5251,9049.361146478896
11,ExtraTreesLogCount,Prov. Riau,49020,48771.768533349394
11,ExtraTreesLogCount,Prov. Sulawesi Barat,6371,7180.763235479496
11,ExtraTreesLogCount,Prov. Sulawesi Selatan,134479,137892.1547578221
11,ExtraTreesLogCount,Prov. Sulawesi Tengah,23182,20443.754662880645
11,ExtraTreesLogCount,Prov. Sulawesi Tenggara,30830,27609.242649501226
11,ExtraTreesLogCount,Prov. Sulawesi Utara,24974,21231.50709938014
11,ExtraTreesLogCount,Prov. Sumatera Barat,86458,60869.042474152586
11,ExtraTreesLogCount,Prov. Sumatera Selatan,56467,41954.567962909816
11,ExtraTreesLogCount,Prov. Sumatera Utara,141250,131648.41439587646
12,ExposureRateBaseline,Prov. Aceh,62922,54474.670108503255
12,ExposureRateBaseline,Prov. Bali,57531,49263.20928718672
12,ExposureRateBaseline,Prov. Bangka Belitung,4086,6206.363167523977
12,ExposureRateBaseline,Prov. Banten,153271,528607.7055351859
12,ExposureRateBaseline,Prov. Bengkulu,25023,18852.6273181214
12,ExposureRateBaseline,Prov. D.I. Yogyakarta,148425,111994.81336431768
12,ExposureRateBaseline,Prov. D.K.I. Jakarta,205158,224926.8928320361
12,ExposureRateBaseline,Prov. Gorontalo,23637,16302.986584944729
12,ExposureRateBaseline,Prov. Jambi,29648,27726.186780312833
12,ExposureRateBaseline,Prov. Jawa Barat,289638,256453.3798649284
12,ExposureRateBaseline,Prov. Jawa Tengah,277371,247206.77946201258
12,ExposureRateBaseline,Prov. Jawa Timur,384772,344328.404779138
12,ExposureRateBaseline,Prov. Kalimantan Barat,31951,27666.119819021194
12,ExposureRateBaseline,Prov. Kalimantan Selatan,40426,29460.55896621583
12,ExposureRateBaseline,Prov. Kalimantan Tengah,13721,13259.877936317762
12,ExposureRateBaseline,Prov. Kalimantan Timur,26373,28751.7490579472
12,ExposureRateBaseline,Prov. Kalimantan Utara,4104,3743.137583307072
12,ExposureRateBaseline,Prov. Kepulauan Riau,12556,14981.6085013307
12,ExposureRateBaseline,Prov. Lampung,48131,49313.119614107694
12,ExposureRateBaseline,Prov. Maluku,18492,18972.55438370886
12,ExposureRateBaseline,Prov. Maluku Utara,10471,10383.876893211653
12,ExposureRateBaseline,Prov. Nusa Tenggara Barat,64464,42342.79781024008
12,ExposureRateBaseline,Prov. Nusa Tenggara Timur,38936,42543.32526485358
12,ExposureRateBaseline,Prov. Papua,15342,33191.29898445547
12,ExposureRateBaseline,Prov. Papua Barat,5251,12129.53454284291
12,ExposureRateBaseline,Prov. Riau,49020,49110.30652029196
12,ExposureRateBaseline,Prov. Sulawesi Barat,6371,9224.169358798114
12,ExposureRateBaseline,Prov. Sulawesi Selatan,134479,111144.8713089834
12,ExposureRateBaseline,Prov. Sulawesi Tengah,23182,24471.372404496055
12,ExposureRateBaseline,Prov. Sulawesi Tenggara,30830,31059.49859603545
12,ExposureRateBaseline,Prov. Sulawesi Utara,24974,25374.85518525555
12,ExposureRateBaseline,Prov. Sumatera Barat,86458,60059.06489931058
12,ExposureRateBaseline,Prov. Sumatera Selatan,56467,43141.15498457201
12,ExposureRateBaseline,Prov. Sumatera Utara,141250,116486.45531391726
12,NB2_Offset,Prov. Aceh,62922,75083.24801466925
12,NB2_Offset,Prov. Bali,57531,74979.90568725346
12,NB2_Offset,Prov. Bangka Belitung,4086,4680.747910414881
12,NB2_Offset,Prov. Banten,153271,252440.92456938466
12,NB2_Offset,Prov. Bengkulu,25023,21690.41681450744
12,NB2_Offset,Prov. D.I. Yogyakarta,148425,180614.81127033423
12,NB2_Offset,Prov. D.K.I. Jakarta,205158,199851.7993105546
12,NB2_Offset,Prov. Gorontalo,23637,29107.453232926364
12,NB2_Offset,Prov. Jambi,29648,43286.063671361495
12,NB2_Offset,Prov. Jawa Barat,289638,318117.20247583283
12,NB2_Offset,Prov. Jawa Tengah,277371,325466.09460899816
12,NB2_Offset,Prov. Jawa Timur,384772,398471.8640662653
12,NB2_Offset,Prov. Kalimantan Barat,31951,36974.28654558793
12,NB2_Offset,Prov. Kalimantan Selatan,40426,41201.21876511385
12,NB2_Offset,Prov. Kalimantan Tengah,13721,18146.52008322801
12,NB2_Offset,Prov. Kalimantan Timur,26373,34513.85692530463
12,NB2_Offset,Prov. Kalimantan Utara,4104,5657.117185303555
12,NB2_Offset,Prov. Kepulauan Riau,12556,14453.04374321606
12,NB2_Offset,Prov. Lampung,48131,40174.93492026798
12,NB2_Offset,Prov. Maluku,18492,18750.826845806736
12,NB2_Offset,Prov. Maluku Utara,10471,6815.248028574368
12,NB2_Offset,Prov. Nusa Tenggara Barat,64464,53874.648141682905
12,NB2_Offset,Prov. Nusa Tenggara Timur,38936,49846.51491519862
12,NB2_Offset,Prov. Papua,15342,23146.016690923672
12,NB2_Offset,Prov. Papua Barat,5251,9262.921878452438
12,NB2_Offset,Prov. Riau,49020,53397.88728672038
12,NB2_Offset,Prov. Sulawesi Barat,6371,7816.912708802347
12,NB2_Offset,Prov. Sulawesi Selatan,134479,154646.21045440636
12,NB2_Offset,Prov. Sulawesi Tengah,23182,20565.265724859728
12,NB2_Offset,Prov. Sulawesi Tenggara,30830,35376.850221512
12,NB2_Offset,Prov. Sulawesi Utara,24974,19634.283627455967
12,NB2_Offset,Prov. Sumatera Barat,86458,59893.21657731029
12,NB2_Offset,Prov. Sumatera Selatan,56467,45224.96600629543
12,NB2_Offset,Prov. Sumatera Utara,141250,155151.47740811025
12,PoissonRate,Prov. Aceh,62922,64186.117965083904
12,PoissonRate,Prov. Bali,57531,63176.16753855251
12,PoissonRate,Prov. Bangka Belitung,4086,4543.480845485135
12,PoissonRate,Prov. Banten,153271,278514.5638688937
12,PoissonRate,Prov. Bengkulu,25023,17298.086196977532
12,PoissonRate,Prov. D.I. Yogyakarta,148425,169391.9143927203
12,PoissonRate,Prov. D.K.I. Jakarta,205158,190788.78655479712
12,PoissonRate,Prov. Gorontalo,23637,24789.554944641855
12,PoissonRate,Prov. Jambi,29648,31151.27784742736
12,PoissonRate,Prov. Jawa Barat,289638,306914.12015433295
12,PoissonRate,Prov. Jawa Tengah,277371,288479.26753740315
12,PoissonRate,Prov. Jawa Timur,384772,361150.51118271076
12,PoissonRate,Prov. Kalimantan Barat,31951,34568.88633584288
12,PoissonRate,Prov. Kalimantan Selatan,40426,40029.81770387754
12,PoissonRate,Prov. Kalimantan Tengah,13721,16194.919162873384
12,PoissonRate,Prov. Kalimantan Timur,26373,33227.62251707472
12,PoissonRate,Prov. Kalimantan Utara,4104,5368.993687057399
12,PoissonRate,Prov. Kepulauan Riau,12556,13558.64069698146
12,PoissonRate,Prov. Lampung,48131,37041.708793132806
12,PoissonRate,Prov. Maluku,18492,13460.177335639437
12,PoissonRate,Prov. Maluku Utara,10471,6237.564129757488
12,PoissonRate,Prov. Nusa Tenggara Barat,64464,48540.21651990941
12,PoissonRate,Prov. Nusa Tenggara Timur,38936,44810.76356993653
12,PoissonRate,Prov. Papua,15342,23814.473320047244
12,PoissonRate,Prov. Papua Barat,5251,6662.568477817725
12,PoissonRate,Prov. Riau,49020,52471.2669384057
12,PoissonRate,Prov. Sulawesi Barat,6371,6939.145371479178
12,PoissonRate,Prov. Sulawesi Selatan,134479,145340.4005479283
12,PoissonRate,Prov. Sulawesi Tengah,23182,17838.13345021326
12,PoissonRate,Prov. Sulawesi Tenggara,30830,31545.53461117476
12,PoissonRate,Prov. Sulawesi Utara,24974,17391.372266765677
12,PoissonRate,Prov. Sumatera Barat,86458,56550.71413174568
12,PoissonRate,Prov. Sumatera Selatan,56467,41661.43558145634
12,PoissonRate,Prov. Sumatera Utara,141250,161300.0791760507
12,TweedieRate,Prov. Aceh,62922,65555.41480061419
12,TweedieRate,Prov. Bali,57531,61209.23690865297
12,TweedieRate,Prov. Bangka Belitung,4086,4460.360534652493
12,TweedieRate,Prov. Banten,153271,270805.9804632652
12,TweedieRate,Prov. Bengkulu,25023,16413.60109433396
12,TweedieRate,Prov. D.I. Yogyakarta,148425,171638.27133621977
12,TweedieRate,Prov. D.K.I. Jakarta,205158,195766.00488510652
12,TweedieRate,Prov. Gorontalo,23637,24135.416424533385
12,TweedieRate,Prov. Jambi,29648,28305.380947301583
12,TweedieRate,Prov. Jawa Barat,289638,314235.32825899136
12,TweedieRate,Prov. Jawa Tengah,277371,284584.0434904187
12,TweedieRate,Prov. Jawa Timur,384772,360316.49909759563
12,TweedieRate,Prov. Kalimantan Barat,31951,35735.4996594569
12,TweedieRate,Prov. Kalimantan Selatan,40426,41409.71288946191
12,TweedieRate,Prov. Kalimantan Tengah,13721,16809.966762211337
12,TweedieRate,Prov. Kalimantan Timur,26373,34538.049429688195
12,TweedieRate,Prov. Kalimantan Utara,4104,5594.609993975523
12,TweedieRate,Prov. Kepulauan Riau,12556,14346.126261270298
12,TweedieRate,Prov. Lampung,48131,37136.447648125846
12,TweedieRate,Prov. Maluku,18492,12879.370802731779
12,TweedieRate,Prov. Maluku Utara,10471,6052.96290199433
12,TweedieRate,Prov. Nusa Tenggara Barat,64464,50302.86440859055
12,TweedieRate,Prov. Nusa Tenggara Timur,38936,45476.09382120746
12,TweedieRate,Prov. Papua,15342,23187.66593850267
12,TweedieRate,Prov. Papua Barat,5251,6456.45888694687
12,TweedieRate,Prov. Riau,49020,53733.7762491488
12,TweedieRate,Prov. Sulawesi Barat,6371,6979.810718893713
12,TweedieRate,Prov. Sulawesi Selatan,134479,149791.02442275808
12,TweedieRate,Prov. Sulawesi Tengah,23182,17632.67990155688
12,TweedieRate,Prov. Sulawesi Tenggara,30830,31831.494608507204
12,TweedieRate,Prov. Sulawesi Utara,24974,16754.63921375468
12,TweedieRate,Prov. Sumatera Barat,86458,57366.6966939567
12,TweedieRate,Prov. Sumatera Selatan,56467,41926.5823179498
12,TweedieRate,Prov. Sumatera Utara,141250,162246.79951368473
12,HistGBPoissonRate,Prov. Aceh,62922,73003.79816352899
12,HistGBPoissonRate,Prov. Bali,57531,70147.9742949675
12,HistGBPoissonRate,Prov. Bangka Belitung,4086,4290.363765934049
12,HistGBPoissonRate,Prov. Banten,153271,206100.8959588342
12,HistGBPoissonRate,Prov. Bengkulu,25023,22930.551351469367
12,HistGBPoissonRate,Prov. D.I. Yogyakarta,148425,170428.06749300996
12,HistGBPoissonRate,Prov. D.K.I. Jakarta,205158,214196.5696563612
12,HistGBPoissonRate,Prov. Gorontalo,23637,38922.69466428292
12,HistGBPoissonRate,Prov. Jambi,29648,46343.55520172481
12,HistGBPoissonRate,Prov. Jawa Barat,289638,291589.2709722175
12,HistGBPoissonRate,Prov. Jawa Tengah,277371,331920.93832319364
12,HistGBPoissonRate,Prov. Jawa Timur,384772,362864.9512254489
12,HistGBPoissonRate,Prov. Kalimantan Barat,31951,37155.13427922619
12,HistGBPoissonRate,Prov. Kalimantan Selatan,40426,50520.661614694145
12,HistGBPoissonRate,Prov. Kalimantan Tengah,13721,14070.049386237075
12,HistGBPoissonRate,Prov. Kalimantan Timur,26373,34577.83486862279
12,HistGBPoissonRate,Prov. Kalimantan Utara,4104,5194.361987443631
12,HistGBPoissonRate,Prov. Kepulauan Riau,12556,14191.062722487708
12,HistGBPoissonRate,Prov. Lampung,48131,38715.28811470668
12,HistGBPoissonRate,Prov. Maluku,18492,20767.947253148734
12,HistGBPoissonRate,Prov. Maluku Utara,10471,6760.809590510597
12,HistGBPoissonRate,Prov. Nusa Tenggara Barat,64464,47782.636329797664
12,HistGBPoissonRate,Prov. Nusa Tenggara Timur,38936,60736.12424637678
12,HistGBPoissonRate,Prov. Papua,15342,22681.20434195138
12,HistGBPoissonRate,Prov. Papua Barat,5251,9287.415709419574
12,HistGBPoissonRate,Prov. Riau,49020,49164.97199945026
12,HistGBPoissonRate,Prov. Sulawesi Barat,6371,8216.694316201572
12,HistGBPoissonRate,Prov. Sulawesi Selatan,134479,138893.94243248625
12,HistGBPoissonRate,Prov. Sulawesi Tengah,23182,18790.235509668964
12,HistGBPoissonRate,Prov. Sulawesi Tenggara,30830,32075.385169354977
12,HistGBPoissonRate,Prov. Sulawesi Utara,24974,19063.617403571465
12,HistGBPoissonRate,Prov. Sumatera Barat,86458,62706.542163897095
12,HistGBPoissonRate,Prov. Sumatera Selatan,56467,44133.83498938206
12,HistGBPoissonRate,Prov. Sumatera Utara,141250,155175.3570372194
12,RandomForestLogCount,Prov. Aceh,62922,60932.45007271316
12,RandomForestLogCount,Prov. Bali,57531,56450.54260439482
12,RandomForestLogCount,Prov. Bangka Belitung,4086,3946.4476127158537
12,RandomForestLogCount,Prov. Banten,153271,71302.16044636317
12,RandomForestLogCount,Prov. Bengkulu,25023,22342.467559375527
12,RandomForestLogCount,Prov. D.I. Yogyakarta,148425,123635.31688366938
12,RandomForestLogCount,Prov. D.K.I. Jakarta,205158,213654.40404691882
12,RandomForestLogCount,Prov. Gorontalo,23637,22734.67701007871
12,RandomForestLogCount,Prov. Jambi,29648,29165.640132061562
12,RandomForestLogCount,Prov. Jawa Barat,289638,271536.9309852089
12,RandomForestLogCount,Prov. Jawa Tengah,277371,242781.5358388132
12,RandomForestLogCount,Prov. Jawa Timur,384772,300424.9292367609
12,RandomForestLogCount,Prov. Kalimantan Barat,31951,31345.785526807438
12,RandomForestLogCount,Prov. Kalimantan Selatan,40426,33234.61835074981
12,RandomForestLogCount,Prov. Kalimantan Tengah,13721,13157.443502095626
12,RandomForestLogCount,Prov. Kalimantan Timur,26373,33739.86928694513
12,RandomForestLogCount,Prov. Kalimantan Utara,4104,4702.6402059116635
12,RandomForestLogCount,Prov. Kepulauan Riau,12556,13713.028601808464
12,RandomForestLogCount,Prov. Lampung,48131,37950.92011140569
12,RandomForestLogCount,Prov. Maluku,18492,21001.083630905378
12,RandomForestLogCount,Prov. Maluku Utara,10471,6752.66687709039
12,RandomForestLogCount,Prov. Nusa Tenggara Barat,64464,45760.210917713885
12,RandomForestLogCount,Prov. Nusa Tenggara Timur,38936,42866.6336459314
12,RandomForestLogCount,Prov. Papua,15342,23384.01160953964
12,RandomForestLogCount,Prov. Papua Barat,5251,9914.125270842465
12,RandomForestLogCount,Prov. Riau,49020,47188.7566495645
12,RandomForestLogCount,Prov. Sulawesi Barat,6371,7358.920586466128
12,RandomForestLogCount,Prov. Sulawesi Selatan,134479,121909.56541606094
12,RandomForestLogCount,Prov. Sulawesi Tengah,23182,19446.662819309528
12,RandomForestLogCount,Prov. Sulawesi Tenggara,30830,26199.793403163225
12,RandomForestLogCount,Prov. Sulawesi Utara,24974,20747.18709759829
12,RandomForestLogCount,Prov. Sumatera Barat,86458,61488.76627862606
12,RandomForestLogCount,Prov. Sumatera Selatan,56467,42359.93103368109
12,RandomForestLogCount,Prov. Sumatera Utara,141250,121025.72203999771
12,ExtraTreesLogCount,Prov. Aceh,62922,61736.703375411664
12,ExtraTreesLogCount,Prov. Bali,57531,57863.277964168854
12,ExtraTreesLogCount,Prov. Bangka Belitung,4086,4062.584335821516
12,ExtraTreesLogCount,Prov. Banten,153271,78955.69421375652
12,ExtraTreesLogCount,Prov. Bengkulu,25023,22410.21420829239
12,ExtraTreesLogCount,Prov. D.I. Yogyakarta,148425,155378.01740198766
12,ExtraTreesLogCount,Prov. D.K.I. Jakarta,205158,206811.1059709533
12,ExtraTreesLogCount,Prov. Gorontalo,23637,22618.85070196576
12,ExtraTreesLogCount,Prov. Jambi,29648,28947.452680914095
12,ExtraTreesLogCount,Prov. Jawa Barat,289638,270455.738605074
12,ExtraTreesLogCount,Prov. Jawa Tengah,277371,260271.89643301562
12,ExtraTreesLogCount,Prov. Jawa Timur,384772,316155.93696916645
12,ExtraTreesLogCount,Prov. Kalimantan Barat,31951,31833.149067486822
12,ExtraTreesLogCount,Prov. Kalimantan Selatan,40426,35691.93986287173
12,ExtraTreesLogCount,Prov. Kalimantan Tengah,13721,14325.733787699857
12,ExtraTreesLogCount,Prov. Kalimantan Timur,26373,32876.686741730126
12,ExtraTreesLogCount,Prov. Kalimantan Utara,4104,4643.923421822574
12,ExtraTreesLogCount,Prov. Kepulauan Riau,12556,13198.657328322888
12,ExtraTreesLogCount,Prov. Lampung,48131,38291.915134390765
12,ExtraTreesLogCount,Prov. Maluku,18492,20707.945651477323
12,ExtraTreesLogCount,Prov. Maluku Utara,10471,6759.631069774799
12,ExtraTreesLogCount,Prov. Nusa Tenggara Barat,64464,44732.60781275382
12,ExtraTreesLogCount,Prov. Nusa Tenggara Timur,38936,42891.7707228279
12,ExtraTreesLogCount,Prov. Papua,15342,26137.078201320124
12,ExtraTreesLogCount,Prov. Papua Barat,5251,9266.168861843664
12,ExtraTreesLogCount,Prov. Riau,49020,48105.733703872094
12,ExtraTreesLogCount,Prov. Sulawesi Barat,6371,7200.413994566351
12,ExtraTreesLogCount,Prov. Sulawesi Selatan,134479,136122.5146143154
12,ExtraTreesLogCount,Prov. Sulawesi Tengah,23182,20452.08465217146
12,ExtraTreesLogCount,Prov. Sulawesi Tenggara,30830,27323.451925022622
12,ExtraTreesLogCount,Prov. Sulawesi Utara,24974,21681.33094987046
12,ExtraTreesLogCount,Prov. Sumatera Barat,86458,59161.28352162341
12,ExtraTreesLogCount,Prov. Sumatera Selatan,56467,39458.9739644518
12,ExtraTreesLogCount,Prov. Sumatera Utara,141250,133908.58270778952
13,ExposureRateBaseline,Prov. Aceh,62922,54841.6814409915
13,ExposureRateBaseline,Prov. Bali,57531,42707.10984832834
13,ExposureRateBaseline,Prov. Bangka Belitung,4086,5380.401264742736
13,ExposureRateBaseline,Prov. Banten,153271,521444.076489723
13,ExposureRateBaseline,Prov. Bengkulu,25023,18979.642825680166
13,ExposureRateBaseline,Prov. D.I. Yogyakarta,148425,129163.83231414013
13,ExposureRateBaseline,Prov. D.K.I. Jakarta,205158,194193.68835643586
13,ExposureRateBaseline,Prov. Gorontalo,23637,15900.958206528932
13,ExposureRateBaseline,Prov. Jambi,29648,27461.163429679622
13,ExposureRateBaseline,Prov. Jawa Barat,289638,253532.9874265528
13,ExposureRateBaseline,Prov. Jawa Tengah,277371,210449.429057026
13,ExposureRateBaseline,Prov. Jawa Timur,384772,339662.1070013627
13,ExposureRateBaseline,Prov. Kalimantan Barat,31951,27926.129208395618
13,ExposureRateBaseline,Prov. Kalimantan Selatan,40426,33202.17530861577
13,ExposureRateBaseline,Prov. Kalimantan Tengah,13721,13197.621360356181
13,ExposureRateBaseline,Prov. Kalimantan Timur,26373,28360.200888511485
13,ExposureRateBaseline,Prov. Kalimantan Utara,4104,3743.2786844894126
13,ExposureRateBaseline,Prov. Kepulauan Riau,12556,17278.31771965348
13,ExposureRateBaseline,Prov. Lampung,48131,49314.978519725664
13,ExposureRateBaseline,Prov. Maluku,18492,19285.439559696868
13,ExposureRateBaseline,Prov. Maluku Utara,10471,10384.268323468837
13,ExposureRateBaseline,Prov. Nusa Tenggara Barat,64464,42916.648088538175
13,ExposureRateBaseline,Prov. Nusa Tenggara Timur,38936,43119.893189164395
13,ExposureRateBaseline,Prov. Papua,15342,28256.061327044128
13,ExposureRateBaseline,Prov. Papua Barat,5251,11991.40806941296
13,ExposureRateBaseline,Prov. Riau,49020,48577.49560672101
13,ExposureRateBaseline,Prov. Sulawesi Barat,6371,9124.093866478313
13,ExposureRateBaseline,Prov. Sulawesi Selatan,134479,112189.42364628945
13,ExposureRateBaseline,Prov. Sulawesi Tengah,23182,24874.941133650595
13,ExposureRateBaseline,Prov. Sulawesi Tenggara,30830,30293.577591935315
13,ExposureRateBaseline,Prov. Sulawesi Utara,24974,28677.848821546802
13,ExposureRateBaseline,Prov. Sumatera Barat,86458,60229.932963747975
13,ExposureRateBaseline,Prov. Sumatera Selatan,56467,48620.26523178049
13,ExposureRateBaseline,Prov. Sumatera Utara,141250,116790.58345551766
13,NB2_Offset,Prov. Aceh,62922,72031.2616340997
13,NB2_Offset,Prov. Bali,57531,70864.48431327933
13,NB2_Offset,Prov. Bangka Belitung,4086,4687.429722989126
13,NB2_Offset,Prov. Banten,153271,245525.2193665167
13,NB2_Offset,Prov. Bengkulu,25023,22442.161027489194
13,NB2_Offset,Prov. D.I. Yogyakarta,148425,171523.6763017326
13,NB2_Offset,Prov. D.K.I. Jakarta,205158,198258.52880726196
13,NB2_Offset,Prov. Gorontalo,23637,34366.75789634916
13,NB2_Offset,Prov. Jambi,29648,44812.97395920718
13,NB2_Offset,Prov. Jawa Barat,289638,326510.2212628172
13,NB2_Offset,Prov. Jawa Tengah,277371,324127.7048522695
13,NB2_Offset,Prov. Jawa Timur,384772,371150.7891667797
13,NB2_Offset,Prov. Kalimantan Barat,31951,37635.74174379251
13,NB2_Offset,Prov. Kalimantan Selatan,40426,42638.739997610406
13,NB2_Offset,Prov. Kalimantan Tengah,13721,18640.557102630042
13,NB2_Offset,Prov. Kalimantan Timur,26373,37404.942756210854
13,NB2_Offset,Prov. Kalimantan Utara,4104,5786.02305668987
13,NB2_Offset,Prov. Kepulauan Riau,12556,14404.41442265661
13,NB2_Offset,Prov. Lampung,48131,40666.93844092149
13,NB2_Offset,Prov. Maluku,18492,17340.119354118724
13,NB2_Offset,Prov. Maluku Utara,10471,6912.743822983092
13,NB2_Offset,Prov. Nusa Tenggara Barat,64464,52430.09830700416
13,NB2_Offset,Prov. Nusa Tenggara Timur,38936,48331.97996334667
13,NB2_Offset,Prov. Papua,15342,24288.93061179158
13,NB2_Offset,Prov. Papua Barat,5251,9504.1227924658
13,NB2_Offset,Prov. Riau,49020,55419.89838351133
13,NB2_Offset,Prov. Sulawesi Barat,6371,7758.152235571945
13,NB2_Offset,Prov. Sulawesi Selatan,134479,153847.63562880075
13,NB2_Offset,Prov. Sulawesi Tengah,23182,19550.939593421368
13,NB2_Offset,Prov. Sulawesi Tenggara,30830,39196.43468650134
13,NB2_Offset,Prov. Sulawesi Utara,24974,19544.4817545842
13,NB2_Offset,Prov. Sumatera Barat,86458,60039.707506719606
13,NB2_Offset,Prov. Sumatera Selatan,56467,42712.6633811047
13,NB2_Offset,Prov. Sumatera Utara,141250,159158.54813918637
13,PoissonRate,Prov. Aceh,62922,63780.72311427531
13,PoissonRate,Prov. Bali,57531,61759.38713854555
13,PoissonRate,Prov. Bangka Belitung,4086,4305.00922739754
13,PoissonRate,Prov. Banten,153271,286197.30303519656
13,PoissonRate,Prov. Bengkulu,25023,18613.542798242433
13,PoissonRate,Prov. D.I. Yogyakarta,148425,163910.03775294917
13,PoissonRate,Prov. D.K.I. Jakarta,205158,191072.65845311846
13,PoissonRate,Prov. Gorontalo,23637,27173.112077857986
13,PoissonRate,Prov. Jambi,29648,34102.428795336724
13,PoissonRate,Prov. Jawa Barat,289638,304878.9494448755
13,PoissonRate,Prov. Jawa Tengah,277371,291292.4872088417
13,PoissonRate,Prov. Jawa Timur,384772,362081.85290012445
13,PoissonRate,Prov. Kalimantan Barat,31951,35378.06718174489
13,PoissonRate,Prov. Kalimantan Selatan,40426,38361.24166140324
13,PoissonRate,Prov. Kalimantan Tengah,13721,17025.284543421196
13,PoissonRate,Prov. Kalimantan Timur,26373,34210.912652237246
13,PoissonRate,Prov. Kalimantan Utara,4104,5304.71253482503
13,PoissonRate,Prov. Kepulauan Riau,12556,13635.073765674833
13,PoissonRate,Prov. Lampung,48131,36927.996744890756
13,PoissonRate,Prov. Maluku,18492,14016.019858907892
13,PoissonRate,Prov. Maluku Utara,10471,6166.636867021959
13,PoissonRate,Prov. Nusa Tenggara Barat,64464,48005.895564744314
13,PoissonRate,Prov. Nusa Tenggara Timur,38936,43673.8895903526
13,PoissonRate,Prov. Papua,15342,19339.89862261435
13,PoissonRate,Prov. Papua Barat,5251,7354.655188626991
13,PoissonRate,Prov. Riau,49020,53490.03189053562
13,PoissonRate,Prov. Sulawesi Barat,6371,6765.762486778602
13,PoissonRate,Prov. Sulawesi Selatan,134479,141863.5605058759
13,PoissonRate,Prov. Sulawesi Tengah,23182,17850.260824343808
13,PoissonRate,Prov. Sulawesi Tenggara,30830,34220.97109065165
13,PoissonRate,Prov. Sulawesi Utara,24974,20328.213503616298
13,PoissonRate,Prov. Sumatera Barat,86458,56207.47443008064
13,PoissonRate,Prov. Sumatera Selatan,56467,41174.51200864785
13,PoissonRate,Prov. Sumatera Utara,141250,156082.92087293832
13,TweedieRate,Prov. Aceh,62922,64617.87482110506
13,TweedieRate,Prov. Bali,57531,60953.38383170364
13,TweedieRate,Prov. Bangka Belitung,4086,4595.925776388296
13,TweedieRate,Prov. Banten,153271,273853.7710680508
13,TweedieRate,Prov. Bengkulu,25023,16959.289847191812
13,TweedieRate,Prov. D.I. Yogyakarta,148425,162163.56366416017
13,TweedieRate,Prov. D.K.I. Jakarta,205158,190182.20610355382
13,TweedieRate,Prov. Gorontalo,23637,26341.700581695302
13,TweedieRate,Prov. Jambi,29648,29577.451091436953
13,TweedieRate,Prov. Jawa Barat,289638,313235.50260157115
13,TweedieRate,Prov. Jawa Tengah,277371,292107.31690988556
13,TweedieRate,Prov. Jawa Timur,384772,359548.2702278565
13,TweedieRate,Prov. Kalimantan Barat,31951,36147.44212433691
13,TweedieRate,Prov. Kalimantan Selatan,40426,38139.25088545344
13,TweedieRate,Prov. Kalimantan Tengah,13721,17449.332107055234
13,TweedieRate,Prov. Kalimantan Timur,26373,35686.85179950314
13,TweedieRate,Prov. Kalimantan Utara,4104,5479.131163062978
13,TweedieRate,Prov. Kepulauan Riau,12556,13718.614394252338
13,TweedieRate,Prov. Lampung,48131,36867.1249390895
13,TweedieRate,Prov. Maluku,18492,13028.990959298528
13,TweedieRate,Prov. Maluku Utara,10471,5907.182449026418
13,TweedieRate,Prov. Nusa Tenggara Barat,64464,49653.13987491326
13,TweedieRate,Prov. Nusa Tenggara Timur,38936,44334.80143727346
13,TweedieRate,Prov. Papua,15342,19073.29068088389
13,TweedieRate,Prov. Papua Barat,5251,6896.097286620496
13,TweedieRate,Prov. Riau,49020,54821.91871252338
13,TweedieRate,Prov. Sulawesi Barat,6371,6881.869841567492
13,TweedieRate,Prov. Sulawesi Selatan,134479,144968.00081203767
13,TweedieRate,Prov. Sulawesi Tengah,23182,17484.91146831908
13,TweedieRate,Prov. Sulawesi Tenggara,30830,34229.45821580933
13,TweedieRate,Prov. Sulawesi Utara,24974,19884.825690851678
13,TweedieRate,Prov. Sumatera Barat,86458,57238.03893559381
13,TweedieRate,Prov. Sumatera Selatan,56467,41551.23649525299
13,TweedieRate,Prov. Sumatera Utara,141250,159248.5062871776
13,HistGBPoissonRate,Prov. Aceh,62922,80969.80472730097
13,HistGBPoissonRate,Prov. Bali,57531,63486.17861885034
13,HistGBPoissonRate,Prov. Bangka Belitung,4086,4760.789244614917
13,HistGBPoissonRate,Prov. Banten,153271,196736.25652989928
13,HistGBPoissonRate,Prov. Bengkulu,25023,22043.181885284954
13,HistGBPoissonRate,Prov. D.I. Yogyakarta,148425,195348.0313220025
13,HistGBPoissonRate,Prov. D.K.I. Jakarta,205158,220181.81210103352
13,HistGBPoissonRate,Prov. Gorontalo,23637,32967.86131637662
13,HistGBPoissonRate,Prov. Jambi,29648,48220.03659081759
13,HistGBPoissonRate,Prov. Jawa Barat,289638,294589.28919192724
13,HistGBPoissonRate,Prov. Jawa Tengah,277371,343747.8171498726
13,HistGBPoissonRate,Prov. Jawa Timur,384772,349516.7415281165
13,HistGBPoissonRate,Prov. Kalimantan Barat,31951,32025.411913502405
13,HistGBPoissonRate,Prov. Kalimantan Selatan,40426,38836.26674927859
13,HistGBPoissonRate,Prov. Kalimantan Tengah,13721,13812.507298227692
13,HistGBPoissonRate,Prov. Kalimantan Timur,26373,31829.393014764068
13,HistGBPoissonRate,Prov. Kalimantan Utara,4104,5556.865488625171
13,HistGBPoissonRate,Prov. Kepulauan Riau,12556,14219.450068542605
13,HistGBPoissonRate,Prov. Lampung,48131,39207.72805925081
13,HistGBPoissonRate,Prov. Maluku,18492,18099.02045659714
13,HistGBPoissonRate,Prov. Maluku Utara,10471,6911.437881509887
13,HistGBPoissonRate,Prov. Nusa Tenggara Barat,64464,46663.7042225108
13,HistGBPoissonRate,Prov. Nusa Tenggara Timur,38936,49379.01658195195
13,HistGBPoissonRate,Prov. Papua,15342,21396.59671312102
13,HistGBPoissonRate,Prov. Papua Barat,5251,9063.505222148948
13,HistGBPoissonRate,Prov. Riau,49020,51200.79485688939
13,HistGBPoissonRate,Prov. Sulawesi Barat,6371,8157.786176596115
13,HistGBPoissonRate,Prov. Sulawesi Selatan,134479,153520.36431426276
13,HistGBPoissonRate,Prov. Sulawesi Tengah,23182,18526.225977421258
13,HistGBPoissonRate,Prov. Sulawesi Tenggara,30830,35105.27462694143
13,HistGBPoissonRate,Prov. Sulawesi Utara,24974,20459.12031900667
13,HistGBPoissonRate,Prov. Sumatera Barat,86458,59373.865546037196
13,HistGBPoissonRate,Prov. Sumatera Selatan,56467,41647.98437221975
13,HistGBPoissonRate,Prov. Sumatera Utara,141250,176274.3938012532
13,RandomForestLogCount,Prov. Aceh,62922,59616.285831967165
13,RandomForestLogCount,Prov. Bali,57531,57830.04599590538
13,RandomForestLogCount,Prov. Bangka Belitung,4086,4240.738483032487
13,RandomForestLogCount,Prov. Banten,153271,73660.5355948914
13,RandomForestLogCount,Prov. Bengkulu,25023,20278.23808533882
13,RandomForestLogCount,Prov. D.I. Yogyakarta,148425,129001.2591309368
13,RandomForestLogCount,Prov. D.K.I. Jakarta,205158,220941.0593119593
13,RandomForestLogCount,Prov. Gorontalo,23637,21018.137599557158
13,RandomForestLogCount,Prov. Jambi,29648,29200.544261051764
13,RandomForestLogCount,Prov. Jawa Barat,289638,272286.3313308281
13,RandomForestLogCount,Prov. Jawa Tengah,277371,252939.15398101334
13,RandomForestLogCount,Prov. Jawa Timur,384772,302738.1525797764
13,RandomForestLogCount,Prov. Kalimantan Barat,31951,30691.235995207382
13,RandomForestLogCount,Prov. Kalimantan Selatan,40426,30409.53568564601
13,RandomForestLogCount,Prov. Kalimantan Tengah,13721,14193.273038720292
13,RandomForestLogCount,Prov. Kalimantan Timur,26373,34304.232653871164
13,RandomForestLogCount,Prov. Kalimantan Utara,4104,4655.005498789234
13,RandomForestLogCount,Prov. Kepulauan Riau,12556,13614.906693898478
13,RandomForestLogCount,Prov. Lampung,48131,37556.047738485344
13,RandomForestLogCount,Prov. Maluku,18492,17078.7700556503
13,RandomForestLogCount,Prov. Maluku Utara,10471,6644.947841661462
13,RandomForestLogCount,Prov. Nusa Tenggara Barat,64464,45889.3583431025
13,RandomForestLogCount,Prov. Nusa Tenggara Timur,38936,42003.0900191657
13,RandomForestLogCount,Prov. Papua,15342,23268.434678873968
13,RandomForestLogCount,Prov. Papua Barat,5251,10258.461605824501
13,RandomForestLogCount,Prov. Riau,49020,44266.78696358566
13,RandomForestLogCount,Prov. Sulawesi Barat,6371,7152.818992641589
13,RandomForestLogCount,Prov. Sulawesi Selatan,134479,124265.52085142187
13,RandomForestLogCount,Prov. Sulawesi Tengah,23182,19085.74727721447
13,RandomForestLogCount,Prov. Sulawesi Tenggara,30830,27392.80234447554
13,RandomForestLogCount,Prov. Sulawesi Utara,24974,20448.5000654384
13,RandomForestLogCount,Prov. Sumatera Barat,86458,60942.751715462466
13,RandomForestLogCount,Prov. Sumatera Selatan,56467,41140.6342862771
13,RandomForestLogCount,Prov. Sumatera Utara,141250,121632.40995909668
13,ExtraTreesLogCount,Prov. Aceh,62922,61429.35775330486
13,ExtraTreesLogCount,Prov. Bali,57531,58168.38994525095
13,ExtraTreesLogCount,Prov. Bangka Belitung,4086,4162.424228794353
13,ExtraTreesLogCount,Prov. Banten,153271,81555.29316859336
13,ExtraTreesLogCount,Prov. Bengkulu,25023,21835.686580357506
13,ExtraTreesLogCount,Prov. D.I. Yogyakarta,148425,134806.1990905024
13,ExtraTreesLogCount,Prov. D.K.I. Jakarta,205158,217896.64742874668
13,ExtraTreesLogCount,Prov. Gorontalo,23637,21559.662638120368
13,ExtraTreesLogCount,Prov. Jambi,29648,29659.54333542089
13,ExtraTreesLogCount,Prov. Jawa Barat,289638,274405.6704325261
13,ExtraTreesLogCount,Prov. Jawa Tengah,277371,265282.16212087125
13,ExtraTreesLogCount,Prov. Jawa Timur,384772,309531.6049595995
13,ExtraTreesLogCount,Prov. Kalimantan Barat,31951,31659.22785395522
13,ExtraTreesLogCount,Prov. Kalimantan Selatan,40426,34470.16980187412
13,ExtraTreesLogCount,Prov. Kalimantan Tengah,13721,15240.934182760235
13,ExtraTreesLogCount,Prov. Kalimantan Timur,26373,33400.219604724014
13,ExtraTreesLogCount,Prov. Kalimantan Utara,4104,4602.518376714033
13,ExtraTreesLogCount,Prov. Kepulauan Riau,12556,13536.331173571938
13,ExtraTreesLogCount,Prov. Lampung,48131,36925.75602192057
13,ExtraTreesLogCount,Prov. Maluku,18492,18492.716341167976
13,ExtraTreesLogCount,Prov. Maluku Utara,10471,6650.000842781885
13,ExtraTreesLogCount,Prov. Nusa Tenggara Barat,64464,44961.338951985155
13,ExtraTreesLogCount,Prov. Nusa Tenggara Timur,38936,42966.74640170284
13,ExtraTreesLogCount,Prov. Papua,15342,26229.376632185194
13,ExtraTreesLogCount,Prov. Papua Barat,5251,10047.541403120202
13,ExtraTreesLogCount,Prov. Riau,49020,48410.554057716276
13,ExtraTreesLogCount,Prov. Sulawesi Barat,6371,7090.557358819796
13,ExtraTreesLogCount,Prov. Sulawesi Selatan,134479,129502.24354986266
13,ExtraTreesLogCount,Prov. Sulawesi Tengah,23182,19033.613261971597
13,ExtraTreesLogCount,Prov. Sulawesi Tenggara,30830,30539.09800435628
13,ExtraTreesLogCount,Prov. Sulawesi Utara,24974,21027.547318142635
13,ExtraTreesLogCount,Prov. Sumatera Barat,86458,61684.73505685754
13,ExtraTreesLogCount,Prov. Sumatera Selatan,56467,39881.90255710347
13,ExtraTreesLogCount,Prov. Sumatera Utara,141250,127481.93294610467
14,ExposureRateBaseline,Prov. Aceh,62922,55457.84903362724
14,ExposureRateBaseline,Prov. Bali,57531,42989.799921917875
14,ExposureRateBaseline,Prov. Bangka Belitung,4086,5440.852162811532
14,ExposureRateBaseline,Prov. Banten,153271,518935.8493405745
14,ExposureRateBaseline,Prov. Bengkulu,25023,21492.68820014108
14,ExposureRateBaseline,Prov. D.I. Yogyakarta,148425,113842.95161021789
14,ExposureRateBaseline,Prov. D.K.I. Jakarta,205158,196283.64168355011
14,ExposureRateBaseline,Prov. Gorontalo,23637,16374.410043963038
14,ExposureRateBaseline,Prov. Jambi,29648,27769.700267297347
14,ExposureRateBaseline,Prov. Jawa Barat,289638,253899.25603176648
14,ExposureRateBaseline,Prov. Jawa Tengah,277371,242683.6739600432
14,ExposureRateBaseline,Prov. Jawa Timur,384772,338028.27941230853
14,ExposureRateBaseline,Prov. Kalimantan Barat,31951,31753.90936134561
14,ExposureRateBaseline,Prov. Kalimantan Selatan,40426,29506.79437750013
14,ExposureRateBaseline,Prov. Kalimantan Tengah,13721,13216.687417269964
14,ExposureRateBaseline,Prov. Kalimantan Timur,26373,28559.792652109063
14,ExposureRateBaseline,Prov. Kalimantan Utara,4104,3718.1471301836414
14,ExposureRateBaseline,Prov. Kepulauan Riau,12556,15285.157917988898
14,ExposureRateBaseline,Prov. Lampung,48131,48983.88854080108
14,ExposureRateBaseline,Prov. Maluku,18492,18783.59897453112
14,ExposureRateBaseline,Prov. Maluku Utara,10471,10400.173353147587
14,ExposureRateBaseline,Prov. Nusa Tenggara Barat,64464,43041.53859760994
14,ExposureRateBaseline,Prov. Nusa Tenggara Timur,38936,48829.28662304188
14,ExposureRateBaseline,Prov. Papua,15342,28857.833491476857
14,ExposureRateBaseline,Prov. Papua Barat,5251,12348.452853138928
14,ExposureRateBaseline,Prov. Riau,49020,48919.371464985
14,ExposureRateBaseline,Prov. Sulawesi Barat,6371,9222.289284128286
14,ExposureRateBaseline,Prov. Sulawesi Selatan,134479,127567.0094906986
14,ExposureRateBaseline,Prov. Sulawesi Tengah,23182,24227.652023343646
14,ExposureRateBaseline,Prov. Sulawesi Tenggara,30830,31053.168033976526
14,ExposureRateBaseline,Prov. Sulawesi Utara,24974,25369.683269972054
14,ExposureRateBaseline,Prov. Sumatera Barat,86458,58662.64564787121
14,ExposureRateBaseline,Prov. Sumatera Selatan,56467,43011.61977343094
14,ExposureRateBaseline,Prov. Sumatera Utara,141250,115326.3191834653
14,NB2_Offset,Prov. Aceh,62922,69888.67413714754
14,NB2_Offset,Prov. Bali,57531,65460.48674318193
14,NB2_Offset,Prov. Bangka Belitung,4086,4530.892873561948
14,NB2_Offset,Prov. Banten,153271,242133.2745630187
14,NB2_Offset,Prov. Bengkulu,25023,21238.37653306983
14,NB2_Offset,Prov. D.I. Yogyakarta,148425,179678.88878590343
14,NB2_Offset,Prov. D.K.I. Jakarta,205158,194278.76294212605
14,NB2_Offset,Prov. Gorontalo,23637,30971.16592690669
14,NB2_Offset,Prov. Jambi,29648,44559.80585088071
14,NB2_Offset,Prov. Jawa Barat,289638,312689.8108605601
14,NB2_Offset,Prov. Jawa Tengah,277371,322485.6353018667
14,NB2_Offset,Prov. Jawa Timur,384772,394613.90773604903
14,NB2_Offset,Prov. Kalimantan Barat,31951,38664.240004532316
14,NB2_Offset,Prov. Kalimantan Selatan,40426,41753.375613097574
14,NB2_Offset,Prov. Kalimantan Tengah,13721,17871.64541379383
14,NB2_Offset,Prov. Kalimantan Timur,26373,36460.90655960072
14,NB2_Offset,Prov. Kalimantan Utara,4104,6273.66763255064
14,NB2_Offset,Prov. Kepulauan Riau,12556,14369.150186228266
14,NB2_Offset,Prov. Lampung,48131,41650.71612080391
14,NB2_Offset,Prov. Maluku,18492,17860.12109956526
14,NB2_Offset,Prov. Maluku Utara,10471,7021.0120311780365
14,NB2_Offset,Prov. Nusa Tenggara Barat,64464,53242.53337446781
14,NB2_Offset,Prov. Nusa Tenggara Timur,38936,51929.27999098786
14,NB2_Offset,Prov. Papua,15342,23870.66450708347
14,NB2_Offset,Prov. Papua Barat,5251,9232.552197154519
14,NB2_Offset,Prov. Riau,49020,54478.99266003577
14,NB2_Offset,Prov. Sulawesi Barat,6371,7699.80426706752
14,NB2_Offset,Prov. Sulawesi Selatan,134479,156457.56680426534
14,NB2_Offset,Prov. Sulawesi Tengah,23182,19960.999600864852
14,NB2_Offset,Prov. Sulawesi Tenggara,30830,36037.95297535867
14,NB2_Offset,Prov. Sulawesi Utara,24974,19703.176617727837
14,NB2_Offset,Prov. Sumatera Barat,86458,62340.46107739428
14,NB2_Offset,Prov. Sumatera Selatan,56467,42954.952904078644
14,NB2_Offset,Prov. Sumatera Utara,141250,151505.04144688888
14,PoissonRate,Prov. Aceh,62922,64085.57394121287
14,PoissonRate,Prov. Bali,57531,60595.73933987795
14,PoissonRate,Prov. Bangka Belitung,4086,4266.298925017259
14,PoissonRate,Prov. Banten,153271,272935.5319010279
14,PoissonRate,Prov. Bengkulu,25023,21519.796993459906
14,PoissonRate,Prov. D.I. Yogyakarta,148425,165368.45301751318
14,PoissonRate,Prov. D.K.I. Jakarta,205158,184486.53773396142
14,PoissonRate,Prov. Gorontalo,23637,26137.251777576028
14,PoissonRate,Prov. Jambi,29648,34401.5244872308
14,PoissonRate,Prov. Jawa Barat,289638,301277.0879262938
14,PoissonRate,Prov. Jawa Tengah,277371,289296.71800901624
14,PoissonRate,Prov. Jawa Timur,384772,364227.77699724265
14,PoissonRate,Prov. Kalimantan Barat,31951,35865.400747935506
14,PoissonRate,Prov. Kalimantan Selatan,40426,40202.0306480465
14,PoissonRate,Prov. Kalimantan Tengah,13721,15687.06722086691
14,PoissonRate,Prov. Kalimantan Timur,26373,33324.687043438214
14,PoissonRate,Prov. Kalimantan Utara,4104,5454.756848885978
14,PoissonRate,Prov. Kepulauan Riau,12556,13603.189556350702
14,PoissonRate,Prov. Lampung,48131,37566.88238294772
14,PoissonRate,Prov. Maluku,18492,13454.376104022353
14,PoissonRate,Prov. Maluku Utara,10471,6260.498918294686
14,PoissonRate,Prov. Nusa Tenggara Barat,64464,48430.25071989824
14,PoissonRate,Prov. Nusa Tenggara Timur,38936,48420.03091022465
14,PoissonRate,Prov. Papua,15342,20568.360553236198
14,PoissonRate,Prov. Papua Barat,5251,7355.855485278624
14,PoissonRate,Prov. Riau,49020,51992.68652756576
14,PoissonRate,Prov. Sulawesi Barat,6371,6683.353631961719
14,PoissonRate,Prov. Sulawesi Selatan,134479,141826.19410534366
14,PoissonRate,Prov. Sulawesi Tengah,23182,17651.057471191427
14,PoissonRate,Prov. Sulawesi Tenggara,30830,33149.030302350446
14,PoissonRate,Prov. Sulawesi Utara,24974,17560.246420640426
14,PoissonRate,Prov. Sumatera Barat,86458,56013.82367812693
14,PoissonRate,Prov. Sumatera Selatan,56467,40625.16321550534
14,PoissonRate,Prov. Sumatera Utara,141250,159298.40355918652
14,TweedieRate,Prov. Aceh,62922,64879.81654671136
14,TweedieRate,Prov. Bali,57531,60817.8023229959
14,TweedieRate,Prov. Bangka Belitung,4086,4531.827658900576
14,TweedieRate,Prov. Banten,153271,259075.43409635272
14,TweedieRate,Prov. Bengkulu,25023,20454.913121754227
14,TweedieRate,Prov. D.I. Yogyakarta,148425,167781.14397815743
14,TweedieRate,Prov. D.K.I. Jakarta,205158,185947.16823252226
14,TweedieRate,Prov. Gorontalo,23637,24980.60554721381
14,TweedieRate,Prov. Jambi,29648,29927.47056854717
14,TweedieRate,Prov. Jawa Barat,289638,308871.6453439301
14,TweedieRate,Prov. Jawa Tengah,277371,284618.52732898586
14,TweedieRate,Prov. Jawa Timur,384772,362181.7594923
14,TweedieRate,Prov. Kalimantan Barat,31951,34730.89359562341
14,TweedieRate,Prov. Kalimantan Selatan,40426,41771.02866821173
14,TweedieRate,Prov. Kalimantan Tengah,13721,16427.812974619275
14,TweedieRate,Prov. Kalimantan Timur,26373,34882.47251988308
14,TweedieRate,Prov. Kalimantan Utara,4104,5711.000961504064
14,TweedieRate,Prov. Kepulauan Riau,12556,14185.10448575546
14,TweedieRate,Prov. Lampung,48131,37401.39879928315
14,TweedieRate,Prov. Maluku,18492,12806.571452949524
14,TweedieRate,Prov. Maluku Utara,10471,6055.860742868101
14,TweedieRate,Prov. Nusa Tenggara Barat,64464,49971.41701305092
14,TweedieRate,Prov. Nusa Tenggara Timur,38936,46533.323055571855
14,TweedieRate,Prov. Papua,15342,20638.19661409576
14,TweedieRate,Prov. Papua Barat,5251,6857.57775005899
14,TweedieRate,Prov. Riau,49020,53951.17175295994
14,TweedieRate,Prov. Sulawesi Barat,6371,6854.5458924745335
14,TweedieRate,Prov. Sulawesi Selatan,134479,142169.64230140517
14,TweedieRate,Prov. Sulawesi Tengah,23182,17475.340468355298
14,TweedieRate,Prov. Sulawesi Tenggara,30830,33054.30356945005
14,TweedieRate,Prov. Sulawesi Utara,24974,16950.43955742143
14,TweedieRate,Prov. Sumatera Barat,86458,57453.679657489985
14,TweedieRate,Prov. Sumatera Selatan,56467,41661.01754657408
14,TweedieRate,Prov. Sumatera Utara,141250,160797.15925629876
14,HistGBPoissonRate,Prov. Aceh,62922,72030.39890324954
14,HistGBPoissonRate,Prov. Bali,57531,60550.95271337847
14,HistGBPoissonRate,Prov. Bangka Belitung,4086,4499.624988878492
14,HistGBPoissonRate,Prov. Banten,153271,170106.53872743974
14,HistGBPoissonRate,Prov. Bengkulu,25023,23732.04997160848
14,HistGBPoissonRate,Prov. D.I. Yogyakarta,148425,163859.28911218836
14,HistGBPoissonRate,Prov. D.K.I. Jakarta,205158,212986.8986647683
14,HistGBPoissonRate,Prov. Gorontalo,23637,34514.38191676824
14,HistGBPoissonRate,Prov. Jambi,29648,45130.86503699937
14,HistGBPoissonRate,Prov. Jawa Barat,289638,301872.42693851155
14,HistGBPoissonRate,Prov. Jawa Tengah,277371,368711.81663908536
14,HistGBPoissonRate,Prov. Jawa Timur,384772,343141.18865573447
14,HistGBPoissonRate,Prov. Kalimantan Barat,31951,31657.257383179058
14,HistGBPoissonRate,Prov. Kalimantan Selatan,40426,46217.517902180065
14,HistGBPoissonRate,Prov. Kalimantan Tengah,13721,14240.093171114453
14,HistGBPoissonRate,Prov. Kalimantan Timur,26373,32283.151589041692
14,HistGBPoissonRate,Prov. Kalimantan Utara,4104,5880.741122833002
14,HistGBPoissonRate,Prov. Kepulauan Riau,12556,14758.486598590222
14,HistGBPoissonRate,Prov. Lampung,48131,39385.00134712216
14,HistGBPoissonRate,Prov. Maluku,18492,15079.80022763112
14,HistGBPoissonRate,Prov. Maluku Utara,10471,7007.504197049767
14,HistGBPoissonRate,Prov. Nusa Tenggara Barat,64464,47568.940120871055
14,HistGBPoissonRate,Prov. Nusa Tenggara Timur,38936,50610.52314268345
14,HistGBPoissonRate,Prov. Papua,15342,19702.75744821579
14,HistGBPoissonRate,Prov. Papua Barat,5251,9988.332167612296
14,HistGBPoissonRate,Prov. Riau,49020,51026.79059001013
14,HistGBPoissonRate,Prov. Sulawesi Barat,6371,7908.163608035551
14,HistGBPoissonRate,Prov. Sulawesi Selatan,134479,201596.53678939916
14,HistGBPoissonRate,Prov. Sulawesi Tengah,23182,18683.385953345725
14,HistGBPoissonRate,Prov. Sulawesi Tenggara,30830,31818.947966385196
14,HistGBPoissonRate,Prov. Sulawesi Utara,24974,19816.16445868097
14,HistGBPoissonRate,Prov. Sumatera Barat,86458,63539.385810919404
14,HistGBPoissonRate,Prov. Sumatera Selatan,56467,41754.85724429472
14,HistGBPoissonRate,Prov. Sumatera Utara,141250,167935.40218687817
14,RandomForestLogCount,Prov. Aceh,62922,60673.7035599232
14,RandomForestLogCount,Prov. Bali,57531,58816.14669709064
14,RandomForestLogCount,Prov. Bangka Belitung,4086,4261.32832530733
14,RandomForestLogCount,Prov. Banten,153271,68944.83997561
14,RandomForestLogCount,Prov. Bengkulu,25023,19223.73678827476
14,RandomForestLogCount,Prov. D.I. Yogyakarta,148425,122755.45904378145
14,RandomForestLogCount,Prov. D.K.I. Jakarta,205158,224849.05180790776
14,RandomForestLogCount,Prov. Gorontalo,23637,22000.873864456786
14,RandomForestLogCount,Prov. Jambi,29648,30194.23370689542
14,RandomForestLogCount,Prov. Jawa Barat,289638,271143.1245186841
14,RandomForestLogCount,Prov. Jawa Tengah,277371,237980.89260674466
14,RandomForestLogCount,Prov. Jawa Timur,384772,291522.025338861
14,RandomForestLogCount,Prov. Kalimantan Barat,31951,32403.49993073752
14,RandomForestLogCount,Prov. Kalimantan Selatan,40426,33856.62376437706
14,RandomForestLogCount,Prov. Kalimantan Tengah,13721,14575.073400403555
14,RandomForestLogCount,Prov. Kalimantan Timur,26373,32906.5776277477
14,RandomForestLogCount,Prov. Kalimantan Utara,4104,4841.645222395495
14,RandomForestLogCount,Prov. Kepulauan Riau,12556,13656.980735225075
14,RandomForestLogCount,Prov. Lampung,48131,41080.137879607864
14,RandomForestLogCount,Prov. Maluku,18492,17575.77647530783
14,RandomForestLogCount,Prov. Maluku Utara,10471,6976.343871595571
14,RandomForestLogCount,Prov. Nusa Tenggara Barat,64464,47744.669614545026
14,RandomForestLogCount,Prov. Nusa Tenggara Timur,38936,43195.319079771776
14,RandomForestLogCount,Prov. Papua,15342,24732.55131824374
14,RandomForestLogCount,Prov. Papua Barat,5251,9652.014537616173
14,RandomForestLogCount,Prov. Riau,49020,45794.49752415879
14,RandomForestLogCount,Prov. Sulawesi Barat,6371,7403.763462945942
14,RandomForestLogCount,Prov. Sulawesi Selatan,134479,116557.77256224187
14,RandomForestLogCount,Prov. Sulawesi Tengah,23182,18942.32912549274
14,RandomForestLogCount,Prov. Sulawesi Tenggara,30830,27903.87641612823
14,RandomForestLogCount,Prov. Sulawesi Utara,24974,20156.13708542602
14,RandomForestLogCount,Prov. Sumatera Barat,86458,60114.90482598264
14,RandomForestLogCount,Prov. Sumatera Selatan,56467,42418.76179846385
14,RandomForestLogCount,Prov. Sumatera Utara,141250,123391.52232239641
14,ExtraTreesLogCount,Prov. Aceh,62922,62033.64890026249
14,ExtraTreesLogCount,Prov. Bali,57531,60489.03658095977
14,ExtraTreesLogCount,Prov. Bangka Belitung,4086,4183.605386494447
14,ExtraTreesLogCount,Prov. Banten,153271,81551.73052656502
14,ExtraTreesLogCount,Prov. Bengkulu,25023,20841.079869469555
14,ExtraTreesLogCount,Prov. D.I. Yogyakarta,148425,151100.7296985014
14,ExtraTreesLogCount,Prov. D.K.I. Jakarta,205158,215979.23701303103
14,ExtraTreesLogCount,Prov. Gorontalo,23637,23157.80449816997
14,ExtraTreesLogCount,Prov. Jambi,29648,29790.343538262146
14,ExtraTreesLogCount,Prov. Jawa Barat,289638,268562.7852320041
14,ExtraTreesLogCount,Prov. Jawa Tengah,277371,253044.56361593385
14,ExtraTreesLogCount,Prov. Jawa Timur,384772,315016.60867462476
14,ExtraTreesLogCount,Prov. Kalimantan Barat,31951,33167.363813173324
14,ExtraTreesLogCount,Prov. Kalimantan Selatan,40426,35294.78757031596
14,ExtraTreesLogCount,Prov. Kalimantan Tengah,13721,15046.838546532708
14,ExtraTreesLogCount,Prov. Kalimantan Timur,26373,32161.003059979517
14,ExtraTreesLogCount,Prov. Kalimantan Utara,4104,4824.4623670982
14,ExtraTreesLogCount,Prov. Kepulauan Riau,12556,13575.317005855595
14,ExtraTreesLogCount,Prov. Lampung,48131,39741.96253662076
14,ExtraTreesLogCount,Prov. Maluku,18492,16770.299586977537
14,ExtraTreesLogCount,Prov. Maluku Utara,10471,7080.434543970081
14,ExtraTreesLogCount,Prov. Nusa Tenggara Barat,64464,46588.20301760616
14,ExtraTreesLogCount,Prov. Nusa Tenggara Timur,38936,43802.058123816445
14,ExtraTreesLogCount,Prov. Papua,15342,25479.338318376376
14,ExtraTreesLogCount,Prov. Papua Barat,5251,9289.289184062647
14,ExtraTreesLogCount,Prov. Riau,49020,48428.515768276695
14,ExtraTreesLogCount,Prov. Sulawesi Barat,6371,7216.317523992471
14,ExtraTreesLogCount,Prov. Sulawesi Selatan,134479,129792.39094029382
14,ExtraTreesLogCount,Prov. Sulawesi Tengah,23182,19962.5559309538
14,ExtraTreesLogCount,Prov. Sulawesi Tenggara,30830,29243.496473935687
14,ExtraTreesLogCount,Prov. Sulawesi Utara,24974,21157.909326930072
14,ExtraTreesLogCount,Prov. Sumatera Barat,86458,60603.92825620506
14,ExtraTreesLogCount,Prov. Sumatera Selatan,56467,40719.94670114242
14,ExtraTreesLogCount,Prov. Sumatera Utara,141250,133762.38975192225
15,ExposureRateBaseline,Prov. Aceh,62922,54567.852831737786
15,ExposureRateBaseline,Prov. Bali,57531,41815.21188033033
15,ExposureRateBaseline,Prov. Bangka Belitung,4086,5190.378566458059
15,ExposureRateBaseline,Prov. Banten,153271,542262.5302779711
15,ExposureRateBaseline,Prov. Bengkulu,25023,19161.880789167135
15,ExposureRateBaseline,Prov. D.I. Yogyakarta,148425,134320.6485392794
15,ExposureRateBaseline,Prov. D.K.I. Jakarta,205158,230737.1322012317
15,ExposureRateBaseline,Prov. Gorontalo,23637,16111.630960366216
15,ExposureRateBaseline,Prov. Jambi,29648,32495.07608677666
15,ExposureRateBaseline,Prov. Jawa Barat,289638,260660.17271912156
15,ExposureRateBaseline,Prov. Jawa Tengah,277371,209832.12443990703
15,ExposureRateBaseline,Prov. Jawa Timur,384772,287961.6812210061
15,ExposureRateBaseline,Prov. Kalimantan Barat,31951,27455.453231932002
15,ExposureRateBaseline,Prov. Kalimantan Selatan,40426,28148.42758431459
15,ExposureRateBaseline,Prov. Kalimantan Tengah,13721,13568.625914087757
15,ExposureRateBaseline,Prov. Kalimantan Timur,26373,28334.735373167077
15,ExposureRateBaseline,Prov. Kalimantan Utara,4104,3629.9337453939543
15,ExposureRateBaseline,Prov. Kepulauan Riau,12556,15330.445900192319
15,ExposureRateBaseline,Prov. Lampung,48131,48597.88501475041
15,ExposureRateBaseline,Prov. Maluku,18492,18701.4843812111
15,ExposureRateBaseline,Prov. Maluku Utara,10471,9921.393789852793
15,ExposureRateBaseline,Prov. Nusa Tenggara Barat,64464,42702.3620609925
15,ExposureRateBaseline,Prov. Nusa Tenggara Timur,38936,42219.374627915684
15,ExposureRateBaseline,Prov. Papua,15342,34048.68597649574
15,ExposureRateBaseline,Prov. Papua Barat,5251,12328.504192868173
15,ExposureRateBaseline,Prov. Riau,49020,49245.774779223415
15,ExposureRateBaseline,Prov. Sulawesi Barat,6371,10841.069400885512
15,ExposureRateBaseline,Prov. Sulawesi Selatan,134479,108672.59563354748
15,ExposureRateBaseline,Prov. Sulawesi Tengah,23182,24872.79427157285
15,ExposureRateBaseline,Prov. Sulawesi Tenggara,30830,29759.45957308049
15,ExposureRateBaseline,Prov. Sulawesi Utara,24974,25077.018881627115
15,ExposureRateBaseline,Prov. Sumatera Barat,86458,70586.78840330294
15,ExposureRateBaseline,Prov. Sumatera Selatan,56467,41836.43555933961
15,ExposureRateBaseline,Prov. Sumatera Utara,141250,116685.7135215295
15,NB2_Offset,Prov. Aceh,62922,70481.47365442936
15,NB2_Offset,Prov. Bali,57531,71640.81685840437
15,NB2_Offset,Prov. Bangka Belitung,4086,4625.220543017932
15,NB2_Offset,Prov. Banten,153271,261024.943737038
15,NB2_Offset,Prov. Bengkulu,25023,21470.085914081847
15,NB2_Offset,Prov. D.I. Yogyakarta,148425,174522.93653965057
15,NB2_Offset,Prov. D.K.I. Jakarta,205158,199367.3984767557
15,NB2_Offset,Prov. Gorontalo,23637,29334.81577823091
15,NB2_Offset,Prov. Jambi,29648,42411.781146358946
15,NB2_Offset,Prov. Jawa Barat,289638,317611.73490659596
15,NB2_Offset,Prov. Jawa Tengah,277371,312456.8594711749
15,NB2_Offset,Prov. Jawa Timur,384772,381564.72529798606
15,NB2_Offset,Prov. Kalimantan Barat,31951,36964.38235249798
15,NB2_Offset,Prov. Kalimantan Selatan,40426,43681.777712123636
15,NB2_Offset,Prov. Kalimantan Tengah,13721,18023.250310143758
15,NB2_Offset,Prov. Kalimantan Timur,26373,35115.08889483815
15,NB2_Offset,Prov. Kalimantan Utara,4104,6459.875412179237
15,NB2_Offset,Prov. Kepulauan Riau,12556,14284.054546521376
15,NB2_Offset,Prov. Lampung,48131,40706.7558158583
15,NB2_Offset,Prov. Maluku,18492,18002.190082574736
15,NB2_Offset,Prov. Maluku Utara,10471,6880.390415739932
15,NB2_Offset,Prov. Nusa Tenggara Barat,64464,51807.17524246495
15,NB2_Offset,Prov. Nusa Tenggara Timur,38936,49809.819193983465
15,NB2_Offset,Prov. Papua,15342,23593.05435283772
15,NB2_Offset,Prov. Papua Barat,5251,9196.087674921768
15,NB2_Offset,Prov. Riau,49020,54085.25337849459
15,NB2_Offset,Prov. Sulawesi Barat,6371,7756.027895781512
15,NB2_Offset,Prov. Sulawesi Selatan,134479,151944.83948416615
15,NB2_Offset,Prov. Sulawesi Tengah,23182,20435.451732943853
15,NB2_Offset,Prov. Sulawesi Tenggara,30830,36866.725554634395
15,NB2_Offset,Prov. Sulawesi Utara,24974,19547.09015107223
15,NB2_Offset,Prov. Sumatera Barat,86458,61882.76805536057
15,NB2_Offset,Prov. Sumatera Selatan,56467,44959.57073546597
15,NB2_Offset,Prov. Sumatera Utara,141250,154410.06551029728
15,PoissonRate,Prov. Aceh,62922,63331.299981233555
15,PoissonRate,Prov. Bali,57531,62100.90995001079
15,PoissonRate,Prov. Bangka Belitung,4086,4400.777577129706
15,PoissonRate,Prov. Banten,153271,298632.2274094378
15,PoissonRate,Prov. Bengkulu,25023,17880.460454912343
15,PoissonRate,Prov. D.I. Yogyakarta,148425,162193.61363842286
15,PoissonRate,Prov. D.K.I. Jakarta,205158,203418.96690201742
15,PoissonRate,Prov. Gorontalo,23637,24660.550029597667
15,PoissonRate,Prov. Jambi,29648,39389.65555611564
15,PoissonRate,Prov. Jawa Barat,289638,300253.6593933973
15,PoissonRate,Prov. Jawa Tengah,277371,283452.50460790854
15,PoissonRate,Prov. Jawa Timur,384772,348638.399818272
15,PoissonRate,Prov. Kalimantan Barat,31951,35751.808801466235
15,PoissonRate,Prov. Kalimantan Selatan,40426,40079.07083857589
15,PoissonRate,Prov. Kalimantan Tengah,13721,16168.485060470905
15,PoissonRate,Prov. Kalimantan Timur,26373,33127.48052788625
15,PoissonRate,Prov. Kalimantan Utara,4104,5918.397196148473
15,PoissonRate,Prov. Kepulauan Riau,12556,13802.035989819964
15,PoissonRate,Prov. Lampung,48131,36868.80221805005
15,PoissonRate,Prov. Maluku,18492,14808.48567211311
15,PoissonRate,Prov. Maluku Utara,10471,6296.66708539703
15,PoissonRate,Prov. Nusa Tenggara Barat,64464,48214.550635977925
15,PoissonRate,Prov. Nusa Tenggara Timur,38936,45982.81760108966
15,PoissonRate,Prov. Papua,15342,24248.915076182813
15,PoissonRate,Prov. Papua Barat,5251,7057.737430095911
15,PoissonRate,Prov. Riau,49020,54219.933186817594
15,PoissonRate,Prov. Sulawesi Barat,6371,7469.036702689126
15,PoissonRate,Prov. Sulawesi Selatan,134479,139540.9795276822
15,PoissonRate,Prov. Sulawesi Tengah,23182,18247.006733932158
15,PoissonRate,Prov. Sulawesi Tenggara,30830,32379.874626200726
15,PoissonRate,Prov. Sulawesi Utara,24974,17278.43286446764
15,PoissonRate,Prov. Sumatera Barat,86458,59155.797955439106
15,PoissonRate,Prov. Sumatera Selatan,56467,41842.21356235175
15,PoissonRate,Prov. Sumatera Utara,141250,153431.67281231162
15,TweedieRate,Prov. Aceh,62922,64170.32149414478
15,TweedieRate,Prov. Bali,57531,61849.39144843011
15,TweedieRate,Prov. Bangka Belitung,4086,4592.737980086584
15,TweedieRate,Prov. Banten,153271,289236.90407765954
15,TweedieRate,Prov. Bengkulu,25023,16820.693315349923
15,TweedieRate,Prov. D.I. Yogyakarta,148425,160894.95903186614
15,TweedieRate,Prov. D.K.I. Jakarta,205158,203416.4207448549
15,TweedieRate,Prov. Gorontalo,23637,24252.588947381166
15,TweedieRate,Prov. Jambi,29648,35267.31015321603
15,TweedieRate,Prov. Jawa Barat,289638,308811.9953251723
15,TweedieRate,Prov. Jawa Tengah,277371,283755.8596248688
15,TweedieRate,Prov. Jawa Timur,384772,351601.14667799143
15,TweedieRate,Prov. Kalimantan Barat,31951,36047.8649368779
15,TweedieRate,Prov. Kalimantan Selatan,40426,41323.142655667805
15,TweedieRate,Prov. Kalimantan Tengah,13721,16836.58730995532
15,TweedieRate,Prov. Kalimantan Timur,26373,34848.338699290005
15,TweedieRate,Prov. Kalimantan Utara,4104,5971.4810907709
15,TweedieRate,Prov. Kepulauan Riau,12556,14442.352088053569
15,TweedieRate,Prov. Lampung,48131,36951.0819030997
15,TweedieRate,Prov. Maluku,18492,13601.072386968894
15,TweedieRate,Prov. Maluku Utara,10471,5965.065699062659
15,TweedieRate,Prov. Nusa Tenggara Barat,64464,49586.39494806967
15,TweedieRate,Prov. Nusa Tenggara Timur,38936,45646.706337193646
15,TweedieRate,Prov. Papua,15342,23878.047602546307
15,TweedieRate,Prov. Papua Barat,5251,6716.757373696758
15,TweedieRate,Prov. Riau,49020,55584.894774618166
15,TweedieRate,Prov. Sulawesi Barat,6371,7390.624443644014
15,TweedieRate,Prov. Sulawesi Selatan,134479,143461.07851733276
15,TweedieRate,Prov. Sulawesi Tengah,23182,17963.99577073872
15,TweedieRate,Prov. Sulawesi Tenggara,30830,32255.3241572296
15,TweedieRate,Prov. Sulawesi Utara,24974,16690.252882772187
15,TweedieRate,Prov. Sumatera Barat,86458,59389.520894250214
15,TweedieRate,Prov. Sumatera Selatan,56467,42739.206632223475
15,TweedieRate,Prov. Sumatera Utara,141250,157652.15498458373
15,HistGBPoissonRate,Prov. Aceh,62922,70284.38128229456
15,HistGBPoissonRate,Prov. Bali,57531,62148.29325811063
15,HistGBPoissonRate,Prov. Bangka Belitung,4086,4120.962213748576
15,HistGBPoissonRate,Prov. Banten,153271,209823.80383268162
15,HistGBPoissonRate,Prov. Bengkulu,25023,24083.366388350398
15,HistGBPoissonRate,Prov. D.I. Yogyakarta,148425,163620.0730116782
15,HistGBPoissonRate,Prov. D.K.I. Jakarta,205158,203167.12454640097
15,HistGBPoissonRate,Prov. Gorontalo,23637,33965.81911158343
15,HistGBPoissonRate,Prov. Jambi,29648,38477.87976333673
15,HistGBPoissonRate,Prov. Jawa Barat,289638,289368.19352191093
15,HistGBPoissonRate,Prov. Jawa Tengah,277371,353650.02089707635
15,HistGBPoissonRate,Prov. Jawa Timur,384772,360260.84504144994
15,HistGBPoissonRate,Prov. Kalimantan Barat,31951,31730.98737824271
15,HistGBPoissonRate,Prov. Kalimantan Selatan,40426,39191.0276245377
15,HistGBPoissonRate,Prov. Kalimantan Tengah,13721,13292.353398810103
15,HistGBPoissonRate,Prov. Kalimantan Timur,26373,29709.463871567605
15,HistGBPoissonRate,Prov. Kalimantan Utara,4104,6569.135029505739
15,HistGBPoissonRate,Prov. Kepulauan Riau,12556,14424.821993277747
15,HistGBPoissonRate,Prov. Lampung,48131,39014.95210679414
15,HistGBPoissonRate,Prov. Maluku,18492,20368.775012618753
15,HistGBPoissonRate,Prov. Maluku Utara,10471,6258.762285930392
15,HistGBPoissonRate,Prov. Nusa Tenggara Barat,64464,49519.43668527908
15,HistGBPoissonRate,Prov. Nusa Tenggara Timur,38936,57220.057537385896
15,HistGBPoissonRate,Prov. Papua,15342,21989.99448719409
15,HistGBPoissonRate,Prov. Papua Barat,5251,9114.355788729756
15,HistGBPoissonRate,Prov. Riau,49020,50801.636888194036
15,HistGBPoissonRate,Prov. Sulawesi Barat,6371,7735.235856702348
15,HistGBPoissonRate,Prov. Sulawesi Selatan,134479,152941.93188326037
15,HistGBPoissonRate,Prov. Sulawesi Tengah,23182,18191.49353846971
15,HistGBPoissonRate,Prov. Sulawesi Tenggara,30830,32367.534696931787
15,HistGBPoissonRate,Prov. Sulawesi Utara,24974,18504.59580287384
15,HistGBPoissonRate,Prov. Sumatera Barat,86458,59743.171249483246
15,HistGBPoissonRate,Prov. Sumatera Selatan,56467,41438.954083365825
15,HistGBPoissonRate,Prov. Sumatera Utara,141250,146142.99272915654
15,RandomForestLogCount,Prov. Aceh,62922,58242.07534202929
15,RandomForestLogCount,Prov. Bali,57531,57202.86081310546
15,RandomForestLogCount,Prov. Bangka Belitung,4086,4089.9486763541563
15,RandomForestLogCount,Prov. Banten,153271,73753.64766763832
15,RandomForestLogCount,Prov. Bengkulu,25023,21288.173148938764
15,RandomForestLogCount,Prov. D.I. Yogyakarta,148425,114992.21457677259
15,RandomForestLogCount,Prov. D.K.I. Jakarta,205158,224807.63873255235
15,RandomForestLogCount,Prov. Gorontalo,23637,22776.64834627388
15,RandomForestLogCount,Prov. Jambi,29648,29350.012597229168
15,RandomForestLogCount,Prov. Jawa Barat,289638,273045.0230107875
15,RandomForestLogCount,Prov. Jawa Tengah,277371,256895.1590147626
15,RandomForestLogCount,Prov. Jawa Timur,384772,312019.70846198616
15,RandomForestLogCount,Prov. Kalimantan Barat,31951,31409.84212069401
15,RandomForestLogCount,Prov. Kalimantan Selatan,40426,33081.62706530313
15,RandomForestLogCount,Prov. Kalimantan Tengah,13721,14394.10773791328
15,RandomForestLogCount,Prov. Kalimantan Timur,26373,32303.46458830739
15,RandomForestLogCount,Prov. Kalimantan Utara,4104,5168.9748978879825
15,RandomForestLogCount,Prov. Kepulauan Riau,12556,13480.549056306805
15,RandomForestLogCount,Prov. Lampung,48131,38998.77139274742
15,RandomForestLogCount,Prov. Maluku,18492,16739.836332088595
15,RandomForestLogCount,Prov. Maluku Utara,10471,6691.548090345011
15,RandomForestLogCount,Prov. Nusa Tenggara Barat,64464,46832.074145417195
15,RandomForestLogCount,Prov. Nusa Tenggara Timur,38936,41661.25423522346
15,RandomForestLogCount,Prov. Papua,15342,24095.659265612405
15,RandomForestLogCount,Prov. Papua Barat,5251,9486.666376045048
15,RandomForestLogCount,Prov. Riau,49020,45321.648909551914
15,RandomForestLogCount,Prov. Sulawesi Barat,6371,7187.726220632991
15,RandomForestLogCount,Prov. Sulawesi Selatan,134479,123200.31823872372
15,RandomForestLogCount,Prov. Sulawesi Tengah,23182,19244.97424475866
15,RandomForestLogCount,Prov. Sulawesi Tenggara,30830,26833.394611307453
15,RandomForestLogCount,Prov. Sulawesi Utara,24974,19972.381180074033
15,RandomForestLogCount,Prov. Sumatera Barat,86458,67054.3231883798
15,RandomForestLogCount,Prov. Sumatera Selatan,56467,40557.54436569989
15,RandomForestLogCount,Prov. Sumatera Utara,141250,122037.92963246787
15,ExtraTreesLogCount,Prov. Aceh,62922,61087.20484436887
15,ExtraTreesLogCount,Prov. Bali,57531,57504.156747412555
15,ExtraTreesLogCount,Prov. Bangka Belitung,4086,4052.301624905489
15,ExtraTreesLogCount,Prov. Banten,153271,85524.62238937619
15,ExtraTreesLogCount,Prov. Bengkulu,25023,22817.098902012563
15,ExtraTreesLogCount,Prov. D.I. Yogyakarta,148425,153578.5144366503
15,ExtraTreesLogCount,Prov. D.K.I. Jakarta,205158,207834.3065826204
15,ExtraTreesLogCount,Prov. Gorontalo,23637,23186.156652685957
15,ExtraTreesLogCount,Prov. Jambi,29648,29531.641008495517
15,ExtraTreesLogCount,Prov. Jawa Barat,289638,275450.46773879393
15,ExtraTreesLogCount,Prov. Jawa Tengah,277371,267155.97757679306
15,ExtraTreesLogCount,Prov. Jawa Timur,384772,323210.3628297824
15,ExtraTreesLogCount,Prov. Kalimantan Barat,31951,31959.918835281842
15,ExtraTreesLogCount,Prov. Kalimantan Selatan,40426,34626.340055500776
15,ExtraTreesLogCount,Prov. Kalimantan Tengah,13721,15116.94749216963
15,ExtraTreesLogCount,Prov. Kalimantan Timur,26373,30704.031495562394
15,ExtraTreesLogCount,Prov. Kalimantan Utara,4104,5207.720215458622
15,ExtraTreesLogCount,Prov. Kepulauan Riau,12556,13441.687145759128
15,ExtraTreesLogCount,Prov. Lampung,48131,38981.70548227051
15,ExtraTreesLogCount,Prov. Maluku,18492,18457.348622721747
15,ExtraTreesLogCount,Prov. Maluku Utara,10471,6722.955179481241
15,ExtraTreesLogCount,Prov. Nusa Tenggara Barat,64464,46026.034101281955
15,ExtraTreesLogCount,Prov. Nusa Tenggara Timur,38936,42971.05054707438
15,ExtraTreesLogCount,Prov. Papua,15342,26074.84351195363
15,ExtraTreesLogCount,Prov. Papua Barat,5251,8917.19372078947
15,ExtraTreesLogCount,Prov. Riau,49020,46687.55952538027
15,ExtraTreesLogCount,Prov. Sulawesi Barat,6371,7346.6742514819625
15,ExtraTreesLogCount,Prov. Sulawesi Selatan,134479,131461.36854507367
15,ExtraTreesLogCount,Prov. Sulawesi Tengah,23182,20355.129829619545
15,ExtraTreesLogCount,Prov. Sulawesi Tenggara,30830,27356.34060650969
15,ExtraTreesLogCount,Prov. Sulawesi Utara,24974,21001.427927802466
15,ExtraTreesLogCount,Prov. Sumatera Barat,86458,62824.17591192202
15,ExtraTreesLogCount,Prov. Sumatera Selatan,56467,39733.11651866556
15,ExtraTreesLogCount,Prov. Sumatera Utara,141250,132196.93707943682
16,ExposureRateBaseline,Prov. Aceh,62922,54861.80385708135
16,ExposureRateBaseline,Prov. Bali,57531,41548.526757224485
16,ExposureRateBaseline,Prov. Bangka Belitung,4086,5234.438638125689
16,ExposureRateBaseline,Prov. Banten,153271,527039.8010653142
16,ExposureRateBaseline,Prov. Bengkulu,25023,18872.75903519498
16,ExposureRateBaseline,Prov. D.I. Yogyakarta,148425,113554.27163630196
16,ExposureRateBaseline,Prov. D.K.I. Jakarta,205158,193894.82801239032
16,ExposureRateBaseline,Prov. Gorontalo,23637,16101.293327926633
16,ExposureRateBaseline,Prov. Jambi,29648,26716.181160341817
16,ExposureRateBaseline,Prov. Jawa Barat,289638,259301.0646286228
16,ExposureRateBaseline,Prov. Jawa Tengah,277371,246473.53889354857
16,ExposureRateBaseline,Prov. Jawa Timur,384772,290406.1295689782
16,ExposureRateBaseline,Prov. Kalimantan Barat,31951,28051.353367874326
16,ExposureRateBaseline,Prov. Kalimantan Selatan,40426,29189.66374999642
16,ExposureRateBaseline,Prov. Kalimantan Tengah,13721,13074.98554466147
16,ExposureRateBaseline,Prov. Kalimantan Timur,26373,28600.44414052872
16,ExposureRateBaseline,Prov. Kalimantan Utara,4104,4263.801925298553
16,ExposureRateBaseline,Prov. Kepulauan Riau,12556,15099.134294791633
16,ExposureRateBaseline,Prov. Lampung,48131,47516.74825070344
16,ExposureRateBaseline,Prov. Maluku,18492,19107.386152015806
16,ExposureRateBaseline,Prov. Maluku Utara,10471,10226.703824487025
16,ExposureRateBaseline,Prov. Nusa Tenggara Barat,64464,49358.077750741686
16,ExposureRateBaseline,Prov. Nusa Tenggara Timur,38936,43135.71466672861
16,ExposureRateBaseline,Prov. Papua,15342,28898.909205796117
16,ExposureRateBaseline,Prov. Papua Barat,5251,12215.735196591253
16,ExposureRateBaseline,Prov. Riau,49020,47454.163557230786
16,ExposureRateBaseline,Prov. Sulawesi Barat,6371,9201.385349384602
16,ExposureRateBaseline,Prov. Sulawesi Selatan,134479,129559.15724440594
16,ExposureRateBaseline,Prov. Sulawesi Tengah,23182,24743.10504603768
16,ExposureRateBaseline,Prov. Sulawesi Tenggara,30830,35479.14246328208
16,ExposureRateBaseline,Prov. Sulawesi Utara,24974,25312.178437147504
16,ExposureRateBaseline,Prov. Sumatera Barat,86458,59910.7169834381
16,ExposureRateBaseline,Prov. Sumatera Selatan,56467,42488.15921170391
16,ExposureRateBaseline,Prov. Sumatera Utara,141250,116610.84499826805
16,NB2_Offset,Prov. Aceh,62922,74810.60065660148
16,NB2_Offset,Prov. Bali,57531,72404.59022353822
16,NB2_Offset,Prov. Bangka Belitung,4086,4653.857258368006
16,NB2_Offset,Prov. Banten,153271,245155.17679801912
16,NB2_Offset,Prov. Bengkulu,25023,20219.38854694949
16,NB2_Offset,Prov. D.I. Yogyakarta,148425,179704.50163354224
16,NB2_Offset,Prov. D.K.I. Jakarta,205158,193400.2313667407
16,NB2_Offset,Prov. Gorontalo,23637,29496.474913231534
16,NB2_Offset,Prov. Jambi,29648,43966.60050129049
16,NB2_Offset,Prov. Jawa Barat,289638,305400.50304659375
16,NB2_Offset,Prov. Jawa Tengah,277371,316004.703158652
16,NB2_Offset,Prov. Jawa Timur,384772,386071.43371785263
16,NB2_Offset,Prov. Kalimantan Barat,31951,36900.72549496196
16,NB2_Offset,Prov. Kalimantan Selatan,40426,44283.604895570024
16,NB2_Offset,Prov. Kalimantan Tengah,13721,17421.597092906886
16,NB2_Offset,Prov. Kalimantan Timur,26373,35290.44954016058
16,NB2_Offset,Prov. Kalimantan Utara,4104,6574.311632644659
16,NB2_Offset,Prov. Kepulauan Riau,12556,13952.79649605374
16,NB2_Offset,Prov. Lampung,48131,40899.52935012415
16,NB2_Offset,Prov. Maluku,18492,19358.61747715727
16,NB2_Offset,Prov. Maluku Utara,10471,6776.548787908494
16,NB2_Offset,Prov. Nusa Tenggara Barat,64464,54589.27807821354
16,NB2_Offset,Prov. Nusa Tenggara Timur,38936,50233.94637392215
16,NB2_Offset,Prov. Papua,15342,24520.62663673515
16,NB2_Offset,Prov. Papua Barat,5251,9591.822642297266
16,NB2_Offset,Prov. Riau,49020,54120.54238462976
16,NB2_Offset,Prov. Sulawesi Barat,6371,7842.091167413492
16,NB2_Offset,Prov. Sulawesi Selatan,134479,151210.48536813643
16,NB2_Offset,Prov. Sulawesi Tengah,23182,20366.100679443156
16,NB2_Offset,Prov. Sulawesi Tenggara,30830,37801.285295557784
16,NB2_Offset,Prov. Sulawesi Utara,24974,19900.05231081038
16,NB2_Offset,Prov. Sumatera Barat,86458,60582.19650380682
16,NB2_Offset,Prov. Sumatera Selatan,56467,43568.88108644711
16,NB2_Offset,Prov. Sumatera Utara,141250,148115.30636735857
16,PoissonRate,Prov. Aceh,62922,66161.30157446131
16,PoissonRate,Prov. Bali,57531,61791.05774950791
16,PoissonRate,Prov. Bangka Belitung,4086,4382.261643610842
16,PoissonRate,Prov. Banten,153271,288117.9384271077
16,PoissonRate,Prov. Bengkulu,25023,17132.68004672057
16,PoissonRate,Prov. D.I. Yogyakarta,148425,166847.35864868754
16,PoissonRate,Prov. D.K.I. Jakarta,205158,187586.37418582113
16,PoissonRate,Prov. Gorontalo,23637,24769.66681265066
16,PoissonRate,Prov. Jambi,29648,34562.485057171536
16,PoissonRate,Prov. Jawa Barat,289638,295277.59577435604
16,PoissonRate,Prov. Jawa Tengah,277371,289134.5174022248
16,PoissonRate,Prov. Jawa Timur,384772,349207.4281046642
16,PoissonRate,Prov. Kalimantan Barat,31951,34883.9740476765
16,PoissonRate,Prov. Kalimantan Selatan,40426,41129.18175706569
16,PoissonRate,Prov. Kalimantan Tengah,13721,15689.474958976718
16,PoissonRate,Prov. Kalimantan Timur,26373,33729.52613485726
16,PoissonRate,Prov. Kalimantan Utara,4104,5543.957728351792
16,PoissonRate,Prov. Kepulauan Riau,12556,13650.252814903108
16,PoissonRate,Prov. Lampung,48131,36627.75207603952
16,PoissonRate,Prov. Maluku,18492,15045.581463208018
16,PoissonRate,Prov. Maluku Utara,10471,6166.995615095162
16,PoissonRate,Prov. Nusa Tenggara Barat,64464,49286.4700258374
16,PoissonRate,Prov. Nusa Tenggara Timur,38936,45113.1867352781
16,PoissonRate,Prov. Papua,15342,20250.940419882903
16,PoissonRate,Prov. Papua Barat,5251,7391.6312264299195
16,PoissonRate,Prov. Riau,49020,51989.614027462216
16,PoissonRate,Prov. Sulawesi Barat,6371,6961.118807436898
16,PoissonRate,Prov. Sulawesi Selatan,134479,142949.14217314345
16,PoissonRate,Prov. Sulawesi Tengah,23182,17982.16898011429
16,PoissonRate,Prov. Sulawesi Tenggara,30830,34631.168549434
16,PoissonRate,Prov. Sulawesi Utara,24974,17024.153095269816
16,PoissonRate,Prov. Sumatera Barat,86458,55740.944659770204
16,PoissonRate,Prov. Sumatera Selatan,56467,40905.149366104124
16,PoissonRate,Prov. Sumatera Utara,141250,151210.30632617904
16,TweedieRate,Prov. Aceh,62922,66326.97643245899
16,TweedieRate,Prov. Bali,57531,61190.88933372932
16,TweedieRate,Prov. Bangka Belitung,4086,4608.069496867119
16,TweedieRate,Prov. Banten,153271,273741.5399519716
16,TweedieRate,Prov. Bengkulu,25023,16284.857200678483
16,TweedieRate,Prov. D.I. Yogyakarta,148425,167724.51439546866
16,TweedieRate,Prov. D.K.I. Jakarta,205158,187176.8657856941
16,TweedieRate,Prov. Gorontalo,23637,24169.193454297074
16,TweedieRate,Prov. Jambi,29648,30309.53112259117
16,TweedieRate,Prov. Jawa Barat,289638,304009.48997772264
16,TweedieRate,Prov. Jawa Tengah,277371,285162.0724481972
16,TweedieRate,Prov. Jawa Timur,384772,350425.20853957714
16,TweedieRate,Prov. Kalimantan Barat,31951,35704.99461092661
16,TweedieRate,Prov. Kalimantan Selatan,40426,42746.43460937119
16,TweedieRate,Prov. Kalimantan Tengah,13721,16279.418511918468
16,TweedieRate,Prov. Kalimantan Timur,26373,35261.2605692089
16,TweedieRate,Prov. Kalimantan Utara,4104,5311.836879673989
16,TweedieRate,Prov. Kepulauan Riau,12556,14195.11451191229
16,TweedieRate,Prov. Lampung,48131,36833.98466639879
16,TweedieRate,Prov. Maluku,18492,13685.232305463487
16,TweedieRate,Prov. Maluku Utara,10471,5962.499710375408
16,TweedieRate,Prov. Nusa Tenggara Barat,64464,48549.775535512046
16,TweedieRate,Prov. Nusa Tenggara Timur,38936,45396.568334692834
16,TweedieRate,Prov. Papua,15342,19754.04129630446
16,TweedieRate,Prov. Papua Barat,5251,6861.31197719548
16,TweedieRate,Prov. Riau,49020,53346.24033828429
16,TweedieRate,Prov. Sulawesi Barat,6371,7068.733969065084
16,TweedieRate,Prov. Sulawesi Selatan,134479,141822.74040182467
16,TweedieRate,Prov. Sulawesi Tengah,23182,17714.835684210597
16,TweedieRate,Prov. Sulawesi Tenggara,30830,33535.94799459296
16,TweedieRate,Prov. Sulawesi Utara,24974,16593.52766205142
16,TweedieRate,Prov. Sumatera Barat,86458,56921.42194234244
16,TweedieRate,Prov. Sumatera Selatan,56467,41701.45976292086
16,TweedieRate,Prov. Sumatera Utara,141250,153917.9168347264
16,HistGBPoissonRate,Prov. Aceh,62922,78418.62980685828
16,HistGBPoissonRate,Prov. Bali,57531,68109.7898881303
16,HistGBPoissonRate,Prov. Bangka Belitung,4086,4167.599038434653
16,HistGBPoissonRate,Prov. Banten,153271,191837.16906311878
16,HistGBPoissonRate,Prov. Bengkulu,25023,23528.09502895586
16,HistGBPoissonRate,Prov. D.I. Yogyakarta,148425,178820.80554048545
16,HistGBPoissonRate,Prov. D.K.I. Jakarta,205158,211620.555463122
16,HistGBPoissonRate,Prov. Gorontalo,23637,38246.65073457647
16,HistGBPoissonRate,Prov. Jambi,29648,46778.12535518362
16,HistGBPoissonRate,Prov. Jawa Barat,289638,293617.67119291256
16,HistGBPoissonRate,Prov. Jawa Tengah,277371,342832.2094172876
16,HistGBPoissonRate,Prov. Jawa Timur,384772,379044.80651351454
16,HistGBPoissonRate,Prov. Kalimantan Barat,31951,38542.772009319466
16,HistGBPoissonRate,Prov. Kalimantan Selatan,40426,52178.24543623706
16,HistGBPoissonRate,Prov. Kalimantan Tengah,13721,15004.42945151898
16,HistGBPoissonRate,Prov. Kalimantan Timur,26373,34170.245030750964
16,HistGBPoissonRate,Prov. Kalimantan Utara,4104,7364.253920466032
16,HistGBPoissonRate,Prov. Kepulauan Riau,12556,14309.490273196454
16,HistGBPoissonRate,Prov. Lampung,48131,38758.69227713728
16,HistGBPoissonRate,Prov. Maluku,18492,25003.377433653495
16,HistGBPoissonRate,Prov. Maluku Utara,10471,6703.219088092222
16,HistGBPoissonRate,Prov. Nusa Tenggara Barat,64464,51273.45230937567
16,HistGBPoissonRate,Prov. Nusa Tenggara Timur,38936,57818.87945492369
16,HistGBPoissonRate,Prov. Papua,15342,18596.969368147093
16,HistGBPoissonRate,Prov. Papua Barat,5251,10537.666433717184
16,HistGBPoissonRate,Prov. Riau,49020,50598.231040162034
16,HistGBPoissonRate,Prov. Sulawesi Barat,6371,7901.753031101402
16,HistGBPoissonRate,Prov. Sulawesi Selatan,134479,181150.72732997462
16,HistGBPoissonRate,Prov. Sulawesi Tengah,23182,19171.129548998815
16,HistGBPoissonRate,Prov. Sulawesi Tenggara,30830,36173.29619064944
16,HistGBPoissonRate,Prov. Sulawesi Utara,24974,19648.060769938937
16,HistGBPoissonRate,Prov. Sumatera Barat,86458,62700.69371887647
16,HistGBPoissonRate,Prov. Sumatera Selatan,56467,40885.349688082904
16,HistGBPoissonRate,Prov. Sumatera Utara,141250,156161.46518762087
16,RandomForestLogCount,Prov. Aceh,62922,61507.2640859029
16,RandomForestLogCount,Prov. Bali,57531,56304.27289644797
16,RandomForestLogCount,Prov. Bangka Belitung,4086,3925.1219275396074
16,RandomForestLogCount,Prov. Banten,153271,72337.23351207709
16,RandomForestLogCount,Prov. Bengkulu,25023,21153.25010779594
16,RandomForestLogCount,Prov. D.I. Yogyakarta,148425,124456.45099749851
16,RandomForestLogCount,Prov. D.K.I. Jakarta,205158,224800.3258689119
16,RandomForestLogCount,Prov. Gorontalo,23637,20330.334068428958
16,RandomForestLogCount,Prov. Jambi,29648,28945.698454502737
16,RandomForestLogCount,Prov. Jawa Barat,289638,278108.99125607125
16,RandomForestLogCount,Prov. Jawa Tengah,277371,249289.9836593185
16,RandomForestLogCount,Prov. Jawa Timur,384772,315799.7994278104
16,RandomForestLogCount,Prov. Kalimantan Barat,31951,30757.8991913369
16,RandomForestLogCount,Prov. Kalimantan Selatan,40426,34396.925107429175
16,RandomForestLogCount,Prov. Kalimantan Tengah,13721,14511.386429097605
16,RandomForestLogCount,Prov. Kalimantan Timur,26373,34324.330274078005
16,RandomForestLogCount,Prov. Kalimantan Utara,4104,4999.3076350333085
16,RandomForestLogCount,Prov. Kepulauan Riau,12556,13448.260909890796
16,RandomForestLogCount,Prov. Lampung,48131,40276.77699909779
16,RandomForestLogCount,Prov. Maluku,18492,20730.741149312355
16,RandomForestLogCount,Prov. Maluku Utara,10471,6694.885725009324
16,RandomForestLogCount,Prov. Nusa Tenggara Barat,64464,44914.32887343884
16,RandomForestLogCount,Prov. Nusa Tenggara Timur,38936,43078.98692171655
16,RandomForestLogCount,Prov. Papua,15342,24548.81031442726
16,RandomForestLogCount,Prov. Papua Barat,5251,9531.527658414094
16,RandomForestLogCount,Prov. Riau,49020,47719.398047084556
16,RandomForestLogCount,Prov. Sulawesi Barat,6371,7293.238359861642
16,RandomForestLogCount,Prov. Sulawesi Selatan,134479,125222.61460842783
16,RandomForestLogCount,Prov. Sulawesi Tengah,23182,19124.465360995637
16,RandomForestLogCount,Prov. Sulawesi Tenggara,30830,27884.195416981896
16,RandomForestLogCount,Prov. Sulawesi Utara,24974,22581.784208579953
16,RandomForestLogCount,Prov. Sumatera Barat,86458,60566.654870408805
16,RandomForestLogCount,Prov. Sumatera Selatan,56467,41129.97859477267
16,RandomForestLogCount,Prov. Sumatera Utara,141250,120469.7216589358
16,ExtraTreesLogCount,Prov. Aceh,62922,62415.135717283316
16,ExtraTreesLogCount,Prov. Bali,57531,57053.90460058031
16,ExtraTreesLogCount,Prov. Bangka Belitung,4086,4076.7623451364952
16,ExtraTreesLogCount,Prov. Banten,153271,79916.14335581736
16,ExtraTreesLogCount,Prov. Bengkulu,25023,20860.80038834555
16,ExtraTreesLogCount,Prov. D.I. Yogyakarta,148425,153807.80831740706
16,ExtraTreesLogCount,Prov. D.K.I. Jakarta,205158,208463.96836059523
16,ExtraTreesLogCount,Prov. Gorontalo,23637,22831.97299083816
16,ExtraTreesLogCount,Prov. Jambi,29648,28831.437348982243
16,ExtraTreesLogCount,Prov. Jawa Barat,289638,276876.5106523612
16,ExtraTreesLogCount,Prov. Jawa Tengah,277371,265066.8694038548
16,ExtraTreesLogCount,Prov. Jawa Timur,384772,314038.866020803
16,ExtraTreesLogCount,Prov. Kalimantan Barat,31951,30864.48751943931
16,ExtraTreesLogCount,Prov. Kalimantan Selatan,40426,35445.0221972341
16,ExtraTreesLogCount,Prov. Kalimantan Tengah,13721,15186.812583263421
16,ExtraTreesLogCount,Prov. Kalimantan Timur,26373,33011.424866315
16,ExtraTreesLogCount,Prov. Kalimantan Utara,4104,4970.940005391554
16,ExtraTreesLogCount,Prov. Kepulauan Riau,12556,13397.009832684831
16,ExtraTreesLogCount,Prov. Lampung,48131,38130.139574065644
16,ExtraTreesLogCount,Prov. Maluku,18492,21609.29113355194
16,ExtraTreesLogCount,Prov. Maluku Utara,10471,6831.025345099126
16,ExtraTreesLogCount,Prov. Nusa Tenggara Barat,64464,43712.40927133245
16,ExtraTreesLogCount,Prov. Nusa Tenggara Timur,38936,42702.05058961734
16,ExtraTreesLogCount,Prov. Papua,15342,26888.326982961524
16,ExtraTreesLogCount,Prov. Papua Barat,5251,9466.123985047745
16,ExtraTreesLogCount,Prov. Riau,49020,49721.50811617177
16,ExtraTreesLogCount,Prov. Sulawesi Barat,6371,7297.530743076884
16,ExtraTreesLogCount,Prov. Sulawesi Selatan,134479,136706.28602301938
16,ExtraTreesLogCount,Prov. Sulawesi Tengah,23182,21094.734765518024
16,ExtraTreesLogCount,Prov. Sulawesi Tenggara,30830,27476.881703466814
16,ExtraTreesLogCount,Prov. Sulawesi Utara,24974,22556.60521554067
16,ExtraTreesLogCount,Prov. Sumatera Barat,86458,59343.70044264495
16,ExtraTreesLogCount,Prov. Sumatera Selatan,56467,39866.65719788438
16,ExtraTreesLogCount,Prov. Sumatera Utara,141250,127124.27307498462
17,ExposureRateBaseline,Prov. Aceh,62922,54209.231022608095
17,ExposureRateBaseline,Prov. Bali,57531,41216.85992341606
17,ExposureRateBaseline,Prov. Bangka Belitung,4086,5318.35289311105
17,ExposureRateBaseline,Prov. Banten,153271,529700.4371361083
17,ExposureRateBaseline,Prov. Bengkulu,25023,18317.354710275446
17,ExposureRateBaseline,Prov. D.I. Yogyakarta,148425,131208.966644237
17,ExposureRateBaseline,Prov. D.K.I. Jakarta,205158,192744.214114202
17,ExposureRateBaseline,Prov. Gorontalo,23637,15627.450158814388
17,ExposureRateBaseline,Prov. Jambi,29648,26502.91556686654
17,ExposureRateBaseline,Prov. Jawa Barat,289638,255203.75778203222
17,ExposureRateBaseline,Prov. Jawa Tengah,277371,206829.54579361403
17,ExposureRateBaseline,Prov. Jawa Timur,384772,345040.19638765504
17,ExposureRateBaseline,Prov. Kalimantan Barat,31951,28479.081847537273
17,ExposureRateBaseline,Prov. Kalimantan Selatan,40426,29328.099305949876
17,ExposureRateBaseline,Prov. Kalimantan Tengah,13721,12970.612672837928
17,ExposureRateBaseline,Prov. Kalimantan Timur,26373,32916.406579892006
17,ExposureRateBaseline,Prov. Kalimantan Utara,4104,3726.307803085245
17,ExposureRateBaseline,Prov. Kepulauan Riau,12556,15421.839329410244
17,ExposureRateBaseline,Prov. Lampung,48131,56456.06782632058
17,ExposureRateBaseline,Prov. Maluku,18492,22078.08086963168
17,ExposureRateBaseline,Prov. Maluku Utara,10471,10445.273230340563
17,ExposureRateBaseline,Prov. Nusa Tenggara Barat,64464,42421.72066607367
17,ExposureRateBaseline,Prov. Nusa Tenggara Timur,38936,43793.4502637107
17,ExposureRateBaseline,Prov. Papua,15342,28921.171313119557
17,ExposureRateBaseline,Prov. Papua Barat,5251,12402.001355484928
17,ExposureRateBaseline,Prov. Riau,49020,48214.91003954782
17,ExposureRateBaseline,Prov. Sulawesi Barat,6371,10589.924400139265
17,ExposureRateBaseline,Prov. Sulawesi Selatan,134479,114410.83562308238
17,ExposureRateBaseline,Prov. Sulawesi Tengah,23182,24352.130586074552
17,ExposureRateBaseline,Prov. Sulawesi Tenggara,30830,31330.848569484304
17,ExposureRateBaseline,Prov. Sulawesi Utara,24974,25331.677527197757
17,ExposureRateBaseline,Prov. Sumatera Barat,86458,57570.435846749286
17,ExposureRateBaseline,Prov. Sumatera Selatan,56467,42947.18504872353
17,ExposureRateBaseline,Prov. Sumatera Utara,141250,117870.66400958801
17,NB2_Offset,Prov. Aceh,62922,75756.44432111885
17,NB2_Offset,Prov. Bali,57531,71993.56134752741
17,NB2_Offset,Prov. Bangka Belitung,4086,4633.165970417516
17,NB2_Offset,Prov. Banten,153271,243233.21295715953
17,NB2_Offset,Prov. Bengkulu,25023,22874.178633345342
17,NB2_Offset,Prov. D.I. Yogyakarta,148425,180924.55102371285
17,NB2_Offset,Prov. D.K.I. Jakarta,205158,196721.6769804594
17,NB2_Offset,Prov. Gorontalo,23637,32348.599715687214
17,NB2_Offset,Prov. Jambi,29648,54098.8373970669
17,NB2_Offset,Prov. Jawa Barat,289638,319712.88014998706
17,NB2_Offset,Prov. Jawa Tengah,277371,318349.1956325459
17,NB2_Offset,Prov. Jawa Timur,384772,384800.1320186261
17,NB2_Offset,Prov. Kalimantan Barat,31951,35668.15505701165
17,NB2_Offset,Prov. Kalimantan Selatan,40426,42592.41569787664
17,NB2_Offset,Prov. Kalimantan Tengah,13721,16878.857390195637
17,NB2_Offset,Prov. Kalimantan Timur,26373,36731.301147747596
17,NB2_Offset,Prov. Kalimantan Utara,4104,6075.780014710989
17,NB2_Offset,Prov. Kepulauan Riau,12556,14200.663987929569
17,NB2_Offset,Prov. Lampung,48131,41368.24805396444
17,NB2_Offset,Prov. Maluku,18492,17785.59522482037
17,NB2_Offset,Prov. Maluku Utara,10471,7103.367177929717
17,NB2_Offset,Prov. Nusa Tenggara Barat,64464,53498.595101054154
17,NB2_Offset,Prov. Nusa Tenggara Timur,38936,48643.5693455291
17,NB2_Offset,Prov. Papua,15342,24423.82040237386
17,NB2_Offset,Prov. Papua Barat,5251,9330.395904954732
17,NB2_Offset,Prov. Riau,49020,53829.86665723989
17,NB2_Offset,Prov. Sulawesi Barat,6371,7653.955691729689
17,NB2_Offset,Prov. Sulawesi Selatan,134479,150888.91874936165
17,NB2_Offset,Prov. Sulawesi Tengah,23182,20476.572649719485
17,NB2_Offset,Prov. Sulawesi Tenggara,30830,36808.79806264646
17,NB2_Offset,Prov. Sulawesi Utara,24974,19644.65279445657
17,NB2_Offset,Prov. Sumatera Barat,86458,61342.73129177357
17,NB2_Offset,Prov. Sumatera Selatan,56467,43023.07235040098
17,NB2_Offset,Prov. Sumatera Utara,141250,155426.12257296947
17,PoissonRate,Prov. Aceh,62922,64521.31832868892
17,PoissonRate,Prov. Bali,57531,62248.748424737954
17,PoissonRate,Prov. Bangka Belitung,4086,4172.120084431604
17,PoissonRate,Prov. Banten,153271,276190.06878653023
17,PoissonRate,Prov. Bengkulu,25023,18408.234230663667
17,PoissonRate,Prov. D.I. Yogyakarta,148425,165658.8862188406
17,PoissonRate,Prov. D.K.I. Jakarta,205158,185534.16839316735
17,PoissonRate,Prov. Gorontalo,23637,26277.697721028206
17,PoissonRate,Prov. Jambi,29648,36399.140899075974
17,PoissonRate,Prov. Jawa Barat,289638,292562.6254927706
17,PoissonRate,Prov. Jawa Tengah,277371,284585.4409757532
17,PoissonRate,Prov. Jawa Timur,384772,365601.8145711074
17,PoissonRate,Prov. Kalimantan Barat,31951,34882.505138109664
17,PoissonRate,Prov. Kalimantan Selatan,40426,40445.9048248108
17,PoissonRate,Prov. Kalimantan Tengah,13721,15943.91640941506
17,PoissonRate,Prov. Kalimantan Timur,26373,32816.28741131945
17,PoissonRate,Prov. Kalimantan Utara,4104,5472.049693999545
17,PoissonRate,Prov. Kepulauan Riau,12556,13828.051087483047
17,PoissonRate,Prov. Lampung,48131,40749.881909593045
17,PoissonRate,Prov. Maluku,18492,18721.861074934524
17,PoissonRate,Prov. Maluku Utara,10471,6458.576647049865
17,PoissonRate,Prov. Nusa Tenggara Barat,64464,48156.92991090762
17,PoissonRate,Prov. Nusa Tenggara Timur,38936,45394.996188460645
17,PoissonRate,Prov. Papua,15342,20728.833915956297
17,PoissonRate,Prov. Papua Barat,5251,7529.424718601222
17,PoissonRate,Prov. Riau,49020,52155.94083604509
17,PoissonRate,Prov. Sulawesi Barat,6371,7208.248077443525
17,PoissonRate,Prov. Sulawesi Selatan,134479,141036.4703487637
17,PoissonRate,Prov. Sulawesi Tengah,23182,18110.966336810525
17,PoissonRate,Prov. Sulawesi Tenggara,30830,33062.02002057967
17,PoissonRate,Prov. Sulawesi Utara,24974,17408.89287419676
17,PoissonRate,Prov. Sumatera Barat,86458,57142.15239866036
17,PoissonRate,Prov. Sumatera Selatan,56467,41039.71977400185
17,PoissonRate,Prov. Sumatera Utara,141250,156280.08842194016
17,TweedieRate,Prov. Aceh,62922,65851.6734706592
17,TweedieRate,Prov. Bali,57531,60826.83356361981
17,TweedieRate,Prov. Bangka Belitung,4086,4514.191462427735
17,TweedieRate,Prov. Banten,153271,262960.35665331286
17,TweedieRate,Prov. Bengkulu,25023,16749.477714868437
17,TweedieRate,Prov. D.I. Yogyakarta,148425,164382.3495384884
17,TweedieRate,Prov. D.K.I. Jakarta,205158,186057.95500758078
17,TweedieRate,Prov. Gorontalo,23637,24602.003113370945
17,TweedieRate,Prov. Jambi,29648,29970.610841768896
17,TweedieRate,Prov. Jawa Barat,289638,302749.03506939183
17,TweedieRate,Prov. Jawa Tengah,277371,280357.251852431
17,TweedieRate,Prov. Jawa Timur,384772,362939.253968058
17,TweedieRate,Prov. Kalimantan Barat,31951,35677.505049848
17,TweedieRate,Prov. Kalimantan Selatan,40426,41910.538721166624
17,TweedieRate,Prov. Kalimantan Tengah,13721,16552.33201063232
17,TweedieRate,Prov. Kalimantan Timur,26373,32925.17804707336
17,TweedieRate,Prov. Kalimantan Utara,4104,5681.370368460793
17,TweedieRate,Prov. Kepulauan Riau,12556,14394.563893982626
17,TweedieRate,Prov. Lampung,48131,40263.43964109009
17,TweedieRate,Prov. Maluku,18492,17514.231278609182
17,TweedieRate,Prov. Maluku Utara,10471,6118.694684384362
17,TweedieRate,Prov. Nusa Tenggara Barat,64464,50059.066887051
17,TweedieRate,Prov. Nusa Tenggara Timur,38936,45487.15610086824
17,TweedieRate,Prov. Papua,15342,20358.459601793093
17,TweedieRate,Prov. Papua Barat,5251,6912.907017458146
17,TweedieRate,Prov. Riau,49020,54031.09752392917
17,TweedieRate,Prov. Sulawesi Barat,6371,7159.659728706889
17,TweedieRate,Prov. Sulawesi Selatan,134479,144378.91451138683
17,TweedieRate,Prov. Sulawesi Tengah,23182,17900.156166531506
17,TweedieRate,Prov. Sulawesi Tenggara,30830,33038.15726491928
17,TweedieRate,Prov. Sulawesi Utara,24974,16851.710545625065
17,TweedieRate,Prov. Sumatera Barat,86458,58171.25841840832
17,TweedieRate,Prov. Sumatera Selatan,56467,41934.84747988719
17,TweedieRate,Prov. Sumatera Utara,141250,159099.8689994035
17,HistGBPoissonRate,Prov. Aceh,62922,71559.94520330586
17,HistGBPoissonRate,Prov. Bali,57531,61977.69715291078
17,HistGBPoissonRate,Prov. Bangka Belitung,4086,4624.10671400053
17,HistGBPoissonRate,Prov. Banten,153271,177999.1508084484
17,HistGBPoissonRate,Prov. Bengkulu,25023,22427.379836867884
17,HistGBPoissonRate,Prov. D.I. Yogyakarta,148425,167877.13954459445
17,HistGBPoissonRate,Prov. D.K.I. Jakarta,205158,212456.14283907347
17,HistGBPoissonRate,Prov. Gorontalo,23637,30052.773571528316
17,HistGBPoissonRate,Prov. Jambi,29648,51963.13654852907
17,HistGBPoissonRate,Prov. Jawa Barat,289638,288033.7417425339
17,HistGBPoissonRate,Prov. Jawa Tengah,277371,358790.5967802825
17,HistGBPoissonRate,Prov. Jawa Timur,384772,366955.38557104976
17,HistGBPoissonRate,Prov. Kalimantan Barat,31951,33716.58805828155
17,HistGBPoissonRate,Prov. Kalimantan Selatan,40426,51484.4948090944
17,HistGBPoissonRate,Prov. Kalimantan Tengah,13721,15019.433500943378
17,HistGBPoissonRate,Prov. Kalimantan Timur,26373,30216.77064293258
17,HistGBPoissonRate,Prov. Kalimantan Utara,4104,5774.591409239726
17,HistGBPoissonRate,Prov. Kepulauan Riau,12556,14616.216989586414
17,HistGBPoissonRate,Prov. Lampung,48131,40023.42517055036
17,HistGBPoissonRate,Prov. Maluku,18492,18571.738882863207
17,HistGBPoissonRate,Prov. Maluku Utara,10471,7026.060961938669
17,HistGBPoissonRate,Prov. Nusa Tenggara Barat,64464,47370.848639893054
17,HistGBPoissonRate,Prov. Nusa Tenggara Timur,38936,55528.41318675493
17,HistGBPoissonRate,Prov. Papua,15342,21054.087229685207
17,HistGBPoissonRate,Prov. Papua Barat,5251,10916.71375176173
17,HistGBPoissonRate,Prov. Riau,49020,52312.80663868543
17,HistGBPoissonRate,Prov. Sulawesi Barat,6371,8175.007510200209
17,HistGBPoissonRate,Prov. Sulawesi Selatan,134479,149986.6382201784
17,HistGBPoissonRate,Prov. Sulawesi Tengah,23182,18324.765360949514
17,HistGBPoissonRate,Prov. Sulawesi Tenggara,30830,36750.053297794664
17,HistGBPoissonRate,Prov. Sulawesi Utara,24974,20325.30037005354
17,HistGBPoissonRate,Prov. Sumatera Barat,86458,60362.771033665034
17,HistGBPoissonRate,Prov. Sumatera Selatan,56467,40902.41421432024
17,HistGBPoissonRate,Prov. Sumatera Utara,141250,170319.894972653
17,RandomForestLogCount,Prov. Aceh,62922,59240.18625977134
17,RandomForestLogCount,Prov. Bali,57531,56590.03980246556
17,RandomForestLogCount,Prov. Bangka Belitung,4086,4211.01936557426
17,RandomForestLogCount,Prov. Banten,153271,75223.48460507116
17,RandomForestLogCount,Prov. Bengkulu,25023,20504.866514834226
17,RandomForestLogCount,Prov. D.I. Yogyakarta,148425,118243.04062273615
17,RandomForestLogCount,Prov. D.K.I. Jakarta,205158,216295.8608850306
17,RandomForestLogCount,Prov. Gorontalo,23637,19837.970513883854
17,RandomForestLogCount,Prov. Jambi,29648,27573.007080145584
17,RandomForestLogCount,Prov. Jawa Barat,289638,266198.439699461
17,RandomForestLogCount,Prov. Jawa Tengah,277371,257455.52464889956
17,RandomForestLogCount,Prov. Jawa Timur,384772,300530.34659370576
17,RandomForestLogCount,Prov. Kalimantan Barat,31951,31620.23087682838
17,RandomForestLogCount,Prov. Kalimantan Selatan,40426,32060.271805782148
17,RandomForestLogCount,Prov. Kalimantan Tengah,13721,13938.311363986924
17,RandomForestLogCount,Prov. Kalimantan Timur,26373,32423.438099039864
17,RandomForestLogCount,Prov. Kalimantan Utara,4104,4876.703727481002
17,RandomForestLogCount,Prov. Kepulauan Riau,12556,13524.849691420844
17,RandomForestLogCount,Prov. Lampung,48131,38977.06624791812
17,RandomForestLogCount,Prov. Maluku,18492,18262.524157338663
17,RandomForestLogCount,Prov. Maluku Utara,10471,6689.776574704883
17,RandomForestLogCount,Prov. Nusa Tenggara Barat,64464,44395.37388646001
17,RandomForestLogCount,Prov. Nusa Tenggara Timur,38936,43893.63056521668
17,RandomForestLogCount,Prov. Papua,15342,25041.888183100993
17,RandomForestLogCount,Prov. Papua Barat,5251,9496.47358716665
17,RandomForestLogCount,Prov. Riau,49020,45117.333982429285
17,RandomForestLogCount,Prov. Sulawesi Barat,6371,7139.790441806832
17,RandomForestLogCount,Prov. Sulawesi Selatan,134479,123295.11672260826
17,RandomForestLogCount,Prov. Sulawesi Tengah,23182,19438.34819557455
17,RandomForestLogCount,Prov. Sulawesi Tenggara,30830,27272.39362126448
17,RandomForestLogCount,Prov. Sulawesi Utara,24974,21513.865148096782
17,RandomForestLogCount,Prov. Sumatera Barat,86458,60049.093833958694
17,RandomForestLogCount,Prov. Sumatera Selatan,56467,40949.15876410348
17,RandomForestLogCount,Prov. Sumatera Utara,141250,119192.96344410034
17,ExtraTreesLogCount,Prov. Aceh,62922,61140.234882136385
17,ExtraTreesLogCount,Prov. Bali,57531,56383.64080612909
17,ExtraTreesLogCount,Prov. Bangka Belitung,4086,4097.098259999042
17,ExtraTreesLogCount,Prov. Banten,153271,86660.02010980861
17,ExtraTreesLogCount,Prov. Bengkulu,25023,20878.575821479426
17,ExtraTreesLogCount,Prov. D.I. Yogyakarta,148425,136524.22496833085
17,ExtraTreesLogCount,Prov. D.K.I. Jakarta,205158,218651.0482803162
17,ExtraTreesLogCount,Prov. Gorontalo,23637,20918.22166454733
17,ExtraTreesLogCount,Prov. Jambi,29648,27704.256897141946
17,ExtraTreesLogCount,Prov. Jawa Barat,289638,271319.66835526936
17,ExtraTreesLogCount,Prov. Jawa Tengah,277371,264020.3395413116
17,ExtraTreesLogCount,Prov. Jawa Timur,384772,313122.00455531507
17,ExtraTreesLogCount,Prov. Kalimantan Barat,31951,31990.651358411593
17,ExtraTreesLogCount,Prov. Kalimantan Selatan,40426,35089.028354222115
17,ExtraTreesLogCount,Prov. Kalimantan Tengah,13721,14438.93844417597
17,ExtraTreesLogCount,Prov. Kalimantan Timur,26373,31971.901876754044
17,ExtraTreesLogCount,Prov. Kalimantan Utara,4104,4729.081893833145
17,ExtraTreesLogCount,Prov. Kepulauan Riau,12556,13463.919218118142
17,ExtraTreesLogCount,Prov. Lampung,48131,39453.124849295506
17,ExtraTreesLogCount,Prov. Maluku,18492,18302.508779341544
17,ExtraTreesLogCount,Prov. Maluku Utara,10471,7151.04819371537
17,ExtraTreesLogCount,Prov. Nusa Tenggara Barat,64464,43812.023326513336
17,ExtraTreesLogCount,Prov. Nusa Tenggara Timur,38936,43727.01340923336
17,ExtraTreesLogCount,Prov. Papua,15342,26549.91526254649
17,ExtraTreesLogCount,Prov. Papua Barat,5251,9143.978410565414
17,ExtraTreesLogCount,Prov. Riau,49020,47483.52541915813
17,ExtraTreesLogCount,Prov. Sulawesi Barat,6371,7129.142080290219
17,ExtraTreesLogCount,Prov. Sulawesi Selatan,134479,134742.9580533384
17,ExtraTreesLogCount,Prov. Sulawesi Tengah,23182,20096.806059424634
17,ExtraTreesLogCount,Prov. Sulawesi Tenggara,30830,28108.463195782613
17,ExtraTreesLogCount,Prov. Sulawesi Utara,24974,21423.17913339924
17,ExtraTreesLogCount,Prov. Sumatera Barat,86458,60667.866273096544
17,ExtraTreesLogCount,Prov. Sumatera Selatan,56467,40143.51882802275
17,ExtraTreesLogCount,Prov. Sumatera Utara,141250,131671.47778951318
18,ExposureRateBaseline,Prov. Aceh,62922,53463.850892851086
18,ExposureRateBaseline,Prov. Bali,57531,40684.36741126468
18,ExposureRateBaseline,Prov. Bangka Belitung,4086,5397.88832314216
18,ExposureRateBaseline,Prov. Banten,153271,544649.1698020758
18,ExposureRateBaseline,Prov. Bengkulu,25023,18502.802382592115
18,ExposureRateBaseline,Prov. D.I. Yogyakarta,148425,113881.55371332666
18,ExposureRateBaseline,Prov. D.K.I. Jakarta,205158,195626.68435709216
18,ExposureRateBaseline,Prov. Gorontalo,23637,19245.060355021094
18,ExposureRateBaseline,Prov. Jambi,29648,27550.416060660464
18,ExposureRateBaseline,Prov. Jawa Barat,289638,306853.05763582163
18,ExposureRateBaseline,Prov. Jawa Tengah,277371,208923.5194290224
18,ExposureRateBaseline,Prov. Jawa Timur,384772,284366.0316262176
18,ExposureRateBaseline,Prov. Kalimantan Barat,31951,28154.33645244263
18,ExposureRateBaseline,Prov. Kalimantan Selatan,40426,29296.825838437002
18,ExposureRateBaseline,Prov. Kalimantan Tengah,13721,15973.189560267032
18,ExposureRateBaseline,Prov. Kalimantan Timur,26373,33845.34400903115
18,ExposureRateBaseline,Prov. Kalimantan Utara,4104,3531.7663485432295
18,ExposureRateBaseline,Prov. Kepulauan Riau,12556,18047.230423896162
18,ExposureRateBaseline,Prov. Lampung,48131,46528.45708143052
18,ExposureRateBaseline,Prov. Maluku,18492,22701.14875019099
18,ExposureRateBaseline,Prov. Maluku Utara,10471,9797.509752890106
18,ExposureRateBaseline,Prov. Nusa Tenggara Barat,64464,43090.009863530875
18,ExposureRateBaseline,Prov. Nusa Tenggara Timur,38936,43260.038887091614
18,ExposureRateBaseline,Prov. Papua,15342,28890.331765624174
18,ExposureRateBaseline,Prov. Papua Barat,5251,12260.582019998186
18,ExposureRateBaseline,Prov. Riau,49020,48935.959146476016
18,ExposureRateBaseline,Prov. Sulawesi Barat,6371,8931.47062817817
18,ExposureRateBaseline,Prov. Sulawesi Selatan,134479,113106.21519267552
18,ExposureRateBaseline,Prov. Sulawesi Tengah,23182,24716.31423790518
18,ExposureRateBaseline,Prov. Sulawesi Tenggara,30830,30073.927379904173
18,ExposureRateBaseline,Prov. Sulawesi Utara,24974,24569.66746444413
18,ExposureRateBaseline,Prov. Sumatera Barat,86458,56826.66676616804
18,ExposureRateBaseline,Prov. Sumatera Selatan,56467,40705.017120205615
18,ExposureRateBaseline,Prov. Sumatera Utara,141250,114324.95994074683
18,NB2_Offset,Prov. Aceh,62922,71691.0348130461
18,NB2_Offset,Prov. Bali,57531,66876.63161461163
18,NB2_Offset,Prov. Bangka Belitung,4086,4713.693891240827
18,NB2_Offset,Prov. Banten,153271,250532.8182229439
18,NB2_Offset,Prov. Bengkulu,25023,20801.50245475754
18,NB2_Offset,Prov. D.I. Yogyakarta,148425,176117.61892888142
18,NB2_Offset,Prov. D.K.I. Jakarta,205158,198490.02550998394
18,NB2_Offset,Prov. Gorontalo,23637,32807.20786320555
18,NB2_Offset,Prov. Jambi,29648,43058.63740673192
18,NB2_Offset,Prov. Jawa Barat,289638,320253.5151216517
18,NB2_Offset,Prov. Jawa Tengah,277371,300388.37890583643
18,NB2_Offset,Prov. Jawa Timur,384772,362934.58804813673
18,NB2_Offset,Prov. Kalimantan Barat,31951,37088.56650491641
18,NB2_Offset,Prov. Kalimantan Selatan,40426,44561.767254198014
18,NB2_Offset,Prov. Kalimantan Tengah,13721,18061.112528782418
18,NB2_Offset,Prov. Kalimantan Timur,26373,36965.0066345926
18,NB2_Offset,Prov. Kalimantan Utara,4104,5764.709180610715
18,NB2_Offset,Prov. Kepulauan Riau,12556,14217.236264946458
18,NB2_Offset,Prov. Lampung,48131,40337.07482091402
18,NB2_Offset,Prov. Maluku,18492,18415.695275936167
18,NB2_Offset,Prov. Maluku Utara,10471,6767.785918658087
18,NB2_Offset,Prov. Nusa Tenggara Barat,64464,53719.80702738902
18,NB2_Offset,Prov. Nusa Tenggara Timur,38936,48977.648565996744
18,NB2_Offset,Prov. Papua,15342,24849.013132305292
18,NB2_Offset,Prov. Papua Barat,5251,9313.84714003882
18,NB2_Offset,Prov. Riau,49020,54630.18617623513
18,NB2_Offset,Prov. Sulawesi Barat,6371,7878.23425394647
18,NB2_Offset,Prov. Sulawesi Selatan,134479,156369.29535268268
18,NB2_Offset,Prov. Sulawesi Tengah,23182,20173.40161974712
18,NB2_Offset,Prov. Sulawesi Tenggara,30830,35898.25092721599
18,NB2_Offset,Prov. Sulawesi Utara,24974,19646.986964176976
18,NB2_Offset,Prov. Sumatera Barat,86458,60808.86074963256
18,NB2_Offset,Prov. Sumatera Selatan,56467,42721.01021338313
18,NB2_Offset,Prov. Sumatera Utara,141250,156053.46992506727
18,PoissonRate,Prov. Aceh,62922,66111.72747338373
18,PoissonRate,Prov. Bali,57531,56690.37237048158
18,PoissonRate,Prov. Bangka Belitung,4086,4282.08550597091
18,PoissonRate,Prov. Banten,153271,274441.36522219924
18,PoissonRate,Prov. Bengkulu,25023,17202.039133585833
18,PoissonRate,Prov. D.I. Yogyakarta,148425,167149.88810080086
18,PoissonRate,Prov. D.K.I. Jakarta,205158,188187.6993376
18,PoissonRate,Prov. Gorontalo,23637,27562.176252531717
18,PoissonRate,Prov. Jambi,29648,35043.31605240863
18,PoissonRate,Prov. Jawa Barat,289638,298133.59924543096
18,PoissonRate,Prov. Jawa Tengah,277371,282869.7970560383
18,PoissonRate,Prov. Jawa Timur,384772,336161.5615831255
18,PoissonRate,Prov. Kalimantan Barat,31951,34333.65524670042
18,PoissonRate,Prov. Kalimantan Selatan,40426,40036.191765631054
18,PoissonRate,Prov. Kalimantan Tengah,13721,16281.896215020364
18,PoissonRate,Prov. Kalimantan Timur,26373,33306.386139225324
18,PoissonRate,Prov. Kalimantan Utara,4104,5292.089804957788
18,PoissonRate,Prov. Kepulauan Riau,12556,14026.482433758965
18,PoissonRate,Prov. Lampung,48131,36780.28978681894
18,PoissonRate,Prov. Maluku,18492,18523.738841377635
18,PoissonRate,Prov. Maluku Utara,10471,6245.449802024011
18,PoissonRate,Prov. Nusa Tenggara Barat,64464,48420.888450436636
18,PoissonRate,Prov. Nusa Tenggara Timur,38936,43862.056980759415
18,PoissonRate,Prov. Papua,15342,21392.13492706494
18,PoissonRate,Prov. Papua Barat,5251,7528.336789421259
18,PoissonRate,Prov. Riau,49020,51805.879498817754
18,PoissonRate,Prov. Sulawesi Barat,6371,6922.310333490557
18,PoissonRate,Prov. Sulawesi Selatan,134479,141299.68043414384
18,PoissonRate,Prov. Sulawesi Tengah,23182,18135.500008126408
18,PoissonRate,Prov. Sulawesi Tenggara,30830,33738.08313536538
18,PoissonRate,Prov. Sulawesi Utara,24974,17226.603621335977
18,PoissonRate,Prov. Sumatera Barat,86458,55238.815676584716
18,PoissonRate,Prov. Sumatera Selatan,56467,40718.447040556406
18,PoissonRate,Prov. Sumatera Utara,141250,155966.9746358553
18,TweedieRate,Prov. Aceh,62922,66351.41829666085
18,TweedieRate,Prov. Bali,57531,57487.04200314247
18,TweedieRate,Prov. Bangka Belitung,4086,4638.05326157536
18,TweedieRate,Prov. Banten,153271,266077.2538273917
18,TweedieRate,Prov. Bengkulu,25023,16354.922143408023
18,TweedieRate,Prov. D.I. Yogyakarta,148425,167482.7598645484
18,TweedieRate,Prov. D.K.I. Jakarta,205158,187633.9292750994
18,TweedieRate,Prov. Gorontalo,23637,26470.137685208534
18,TweedieRate,Prov. Jambi,29648,30322.393478802518
18,TweedieRate,Prov. Jawa Barat,289638,298357.4834261464
18,TweedieRate,Prov. Jawa Tengah,277371,284028.8798603363
18,TweedieRate,Prov. Jawa Timur,384772,339451.59283939924
18,TweedieRate,Prov. Kalimantan Barat,31951,35216.66978004911
18,TweedieRate,Prov. Kalimantan Selatan,40426,41654.531076997526
18,TweedieRate,Prov. Kalimantan Tengah,13721,15993.633491815655
18,TweedieRate,Prov. Kalimantan Timur,26373,33366.618147867586
18,TweedieRate,Prov. Kalimantan Utara,4104,5395.846391086422
18,TweedieRate,Prov. Kepulauan Riau,12556,14083.718113583998
18,TweedieRate,Prov. Lampung,48131,36546.169223769226
18,TweedieRate,Prov. Maluku,18492,17714.082043858703
18,TweedieRate,Prov. Maluku Utara,10471,5979.882178680281
18,TweedieRate,Prov. Nusa Tenggara Barat,64464,49784.367964626836
18,TweedieRate,Prov. Nusa Tenggara Timur,38936,44900.83820099527
18,TweedieRate,Prov. Papua,15342,20910.836225331266
18,TweedieRate,Prov. Papua Barat,5251,6897.03208967022
18,TweedieRate,Prov. Riau,49020,53749.597073031175
18,TweedieRate,Prov. Sulawesi Barat,6371,7102.302251060014
18,TweedieRate,Prov. Sulawesi Selatan,134479,144965.90906216993
18,TweedieRate,Prov. Sulawesi Tengah,23182,18035.11836458194
18,TweedieRate,Prov. Sulawesi Tenggara,30830,33831.191370649954
18,TweedieRate,Prov. Sulawesi Utara,24974,16702.69314495312
18,TweedieRate,Prov. Sumatera Barat,86458,56669.770071244966
18,TweedieRate,Prov. Sumatera Selatan,56467,41266.84547493518
18,TweedieRate,Prov. Sumatera Utara,141250,158383.0295071737
18,HistGBPoissonRate,Prov. Aceh,62922,87949.25593751874
18,HistGBPoissonRate,Prov. Bali,57531,56993.05153716522
18,HistGBPoissonRate,Prov. Bangka Belitung,4086,4307.972802919173
18,HistGBPoissonRate,Prov. Banten,153271,194879.8202478286
18,HistGBPoissonRate,Prov. Bengkulu,25023,24420.30356360185
18,HistGBPoissonRate,Prov. D.I. Yogyakarta,148425,192037.2852447482
18,HistGBPoissonRate,Prov. D.K.I. Jakarta,205158,228560.8458503461
18,HistGBPoissonRate,Prov. Gorontalo,23637,29155.7486055218
18,HistGBPoissonRate,Prov. Jambi,29648,47008.70993715956
18,HistGBPoissonRate,Prov. Jawa Barat,289638,294459.22753499
18,HistGBPoissonRate,Prov. Jawa Tengah,277371,340821.4609932659
18,HistGBPoissonRate,Prov. Jawa Timur,384772,329716.67801617907
18,HistGBPoissonRate,Prov. Kalimantan Barat,31951,31590.881916669186
18,HistGBPoissonRate,Prov. Kalimantan Selatan,40426,42392.39282814605
18,HistGBPoissonRate,Prov. Kalimantan Tengah,13721,14543.014800192486
18,HistGBPoissonRate,Prov. Kalimantan Timur,26373,31576.960996558213
18,HistGBPoissonRate,Prov. Kalimantan Utara,4104,5792.482444360128
18,HistGBPoissonRate,Prov. Kepulauan Riau,12556,14113.940707321603
18,HistGBPoissonRate,Prov. Lampung,48131,39548.3949621948
18,HistGBPoissonRate,Prov. Maluku,18492,17802.583573737105
18,HistGBPoissonRate,Prov. Maluku Utara,10471,6430.818861975778
18,HistGBPoissonRate,Prov. Nusa Tenggara Barat,64464,47027.60633845069
18,HistGBPoissonRate,Prov. Nusa Tenggara Timur,38936,56556.90704029827
18,HistGBPoissonRate,Prov. Papua,15342,20203.7067245751
18,HistGBPoissonRate,Prov. Papua Barat,5251,10587.59914635078
18,HistGBPoissonRate,Prov. Riau,49020,51175.04625318911
18,HistGBPoissonRate,Prov. Sulawesi Barat,6371,7988.946154915147
18,HistGBPoissonRate,Prov. Sulawesi Selatan,134479,148872.24984497318
18,HistGBPoissonRate,Prov. Sulawesi Tengah,23182,18337.20293174379
18,HistGBPoissonRate,Prov. Sulawesi Tenggara,30830,36259.6325967531
18,HistGBPoissonRate,Prov. Sulawesi Utara,24974,20588.35156918394
18,HistGBPoissonRate,Prov. Sumatera Barat,86458,54609.901792819954
18,HistGBPoissonRate,Prov. Sumatera Selatan,56467,42711.25169163891
18,HistGBPoissonRate,Prov. Sumatera Utara,141250,161368.86674224256
18,RandomForestLogCount,Prov. Aceh,62922,57025.50575603915
18,RandomForestLogCount,Prov. Bali,57531,55337.25478678635
18,RandomForestLogCount,Prov. Bangka Belitung,4086,4076.2940468280613
18,RandomForestLogCount,Prov. Banten,153271,74509.7326149798
18,RandomForestLogCount,Prov. Bengkulu,25023,21749.540429230772
18,RandomForestLogCount,Prov. D.I. Yogyakarta,148425,121464.90054609714
18,RandomForestLogCount,Prov. D.K.I. Jakarta,205158,220814.53757939633
18,RandomForestLogCount,Prov. Gorontalo,23637,20871.137437316498
18,RandomForestLogCount,Prov. Jambi,29648,29527.671697174264
18,RandomForestLogCount,Prov. Jawa Barat,289638,283832.26433787216
18,RandomForestLogCount,Prov. Jawa Tengah,277371,256403.44420213575
18,RandomForestLogCount,Prov. Jawa Timur,384772,309415.9632549519
18,RandomForestLogCount,Prov. Kalimantan Barat,31951,29844.56110534938
18,RandomForestLogCount,Prov. Kalimantan Selatan,40426,32008.076344217698
18,RandomForestLogCount,Prov. Kalimantan Tengah,13721,15003.483956536616
18,RandomForestLogCount,Prov. Kalimantan Timur,26373,34106.6602864937
18,RandomForestLogCount,Prov. Kalimantan Utara,4104,4893.477885401001
18,RandomForestLogCount,Prov. Kepulauan Riau,12556,14364.839229428017
18,RandomForestLogCount,Prov. Lampung,48131,38470.956135142624
18,RandomForestLogCount,Prov. Maluku,18492,17376.20951788926
18,RandomForestLogCount,Prov. Maluku Utara,10471,6653.426056564846
18,RandomForestLogCount,Prov. Nusa Tenggara Barat,64464,44852.87239990267
18,RandomForestLogCount,Prov. Nusa Tenggara Timur,38936,43829.698484422915
18,RandomForestLogCount,Prov. Papua,15342,24710.922580359435
18,RandomForestLogCount,Prov. Papua Barat,5251,10025.823034993657
18,RandomForestLogCount,Prov. Riau,49020,43895.022668631515
18,RandomForestLogCount,Prov. Sulawesi Barat,6371,6992.431560004191
18,RandomForestLogCount,Prov. Sulawesi Selatan,134479,126123.95283721575
18,RandomForestLogCount,Prov. Sulawesi Tengah,23182,19100.362538475456
18,RandomForestLogCount,Prov. Sulawesi Tenggara,30830,26836.683104392945
18,RandomForestLogCount,Prov. Sulawesi Utara,24974,21661.707076006747
18,RandomForestLogCount,Prov. Sumatera Barat,86458,58669.419699182974
18,RandomForestLogCount,Prov. Sumatera Selatan,56467,39791.260765243365
18,RandomForestLogCount,Prov. Sumatera Utara,141250,122497.87741269155
18,ExtraTreesLogCount,Prov. Aceh,62922,61270.39743527375
18,ExtraTreesLogCount,Prov. Bali,57531,55166.417027468204
18,ExtraTreesLogCount,Prov. Bangka Belitung,4086,4099.950941071206
18,ExtraTreesLogCount,Prov. Banten,153271,82601.56317459745
18,ExtraTreesLogCount,Prov. Bengkulu,25023,20381.096609397566
18,ExtraTreesLogCount,Prov. D.I. Yogyakarta,148425,152787.4344856475
18,ExtraTreesLogCount,Prov. D.K.I. Jakarta,205158,223867.91363628735
18,ExtraTreesLogCount,Prov. Gorontalo,23637,22079.144013177076
18,ExtraTreesLogCount,Prov. Jambi,29648,30336.15636273809
18,ExtraTreesLogCount,Prov. Jawa Barat,289638,277781.1254230028
18,ExtraTreesLogCount,Prov. Jawa Tengah,277371,265871.54017864895
18,ExtraTreesLogCount,Prov. Jawa Timur,384772,316508.33171665407
18,ExtraTreesLogCount,Prov. Kalimantan Barat,31951,31919.144920561077
18,ExtraTreesLogCount,Prov. Kalimantan Selatan,40426,34274.35346791114
18,ExtraTreesLogCount,Prov. Kalimantan Tengah,13721,15368.644511724673
18,ExtraTreesLogCount,Prov. Kalimantan Timur,26373,33197.61338305987
18,ExtraTreesLogCount,Prov. Kalimantan Utara,4104,4800.283939289789
18,ExtraTreesLogCount,Prov. Kepulauan Riau,12556,13475.316575576222
18,ExtraTreesLogCount,Prov. Lampung,48131,37043.01958137755
18,ExtraTreesLogCount,Prov. Maluku,18492,18766.675457618592
18,ExtraTreesLogCount,Prov. Maluku Utara,10471,6854.475203623368
18,ExtraTreesLogCount,Prov. Nusa Tenggara Barat,64464,43530.63796423284
18,ExtraTreesLogCount,Prov. Nusa Tenggara Timur,38936,43711.6167789281
18,ExtraTreesLogCount,Prov. Papua,15342,27393.993992224056
18,ExtraTreesLogCount,Prov. Papua Barat,5251,9812.75517520709
18,ExtraTreesLogCount,Prov. Riau,49020,50798.329700137896
18,ExtraTreesLogCount,Prov. Sulawesi Barat,6371,7086.099477324032
18,ExtraTreesLogCount,Prov. Sulawesi Selatan,134479,135312.95174408436
18,ExtraTreesLogCount,Prov. Sulawesi Tengah,23182,21019.17121618918
18,ExtraTreesLogCount,Prov. Sulawesi Tenggara,30830,28460.831328791628
18,ExtraTreesLogCount,Prov. Sulawesi Utara,24974,21736.735018858126
18,ExtraTreesLogCount,Prov. Sumatera Barat,86458,58149.32478111686
18,ExtraTreesLogCount,Prov. Sumatera Selatan,56467,38463.61620696242
18,ExtraTreesLogCount,Prov. Sumatera Utara,141250,129017.92885539115
19,ExposureRateBaseline,Prov. Aceh,62922,54611.38194242538
19,ExposureRateBaseline,Prov. Bali,57531,40710.32195877796
19,ExposureRateBaseline,Prov. Bangka Belitung,4086,5357.807068489144
19,ExposureRateBaseline,Prov. Banten,153271,543578.1857539689
19,ExposureRateBaseline,Prov. Bengkulu,25023,18525.28631255443
19,ExposureRateBaseline,Prov. D.I. Yogyakarta,148425,110795.2261198093
19,ExposureRateBaseline,Prov. D.K.I. Jakarta,205158,190324.96503317542
19,ExposureRateBaseline,Prov. Gorontalo,23637,19207.217365831242
19,ExposureRateBaseline,Prov. Jambi,29648,27345.84435116628
19,ExposureRateBaseline,Prov. Jawa Barat,289638,257096.98563265547
19,ExposureRateBaseline,Prov. Jawa Tengah,277371,212576.04965765117
19,ExposureRateBaseline,Prov. Jawa Timur,384772,284547.4426238226
19,ExposureRateBaseline,Prov. Kalimantan Barat,31951,27923.310301019035
19,ExposureRateBaseline,Prov. Kalimantan Selatan,40426,29056.424757281555
19,ExposureRateBaseline,Prov. Kalimantan Tengah,13721,12811.20926957974
19,ExposureRateBaseline,Prov. Kalimantan Timur,26373,33778.79139948704
19,ExposureRateBaseline,Prov. Kalimantan Utara,4104,3691.789951108487
19,ExposureRateBaseline,Prov. Kepulauan Riau,12556,15061.948640779083
19,ExposureRateBaseline,Prov. Lampung,48131,57935.17386875197
19,ExposureRateBaseline,Prov. Maluku,18492,22656.5097981221
19,ExposureRateBaseline,Prov. Maluku Utara,10471,9803.76006347802
19,ExposureRateBaseline,Prov. Nusa Tenggara Barat,64464,41889.26002019324
19,ExposureRateBaseline,Prov. Nusa Tenggara Timur,38936,42087.63960590547
19,ExposureRateBaseline,Prov. Papua,15342,28541.592736560742
19,ExposureRateBaseline,Prov. Papua Barat,5251,12112.582907212147
19,ExposureRateBaseline,Prov. Riau,49020,46496.817756924625
19,ExposureRateBaseline,Prov. Sulawesi Barat,6371,10867.372365826932
19,ExposureRateBaseline,Prov. Sulawesi Selatan,134479,107384.1111070823
19,ExposureRateBaseline,Prov. Sulawesi Tengah,23182,29223.049118364183
19,ExposureRateBaseline,Prov. Sulawesi Tenggara,30830,30599.698385240907
19,ExposureRateBaseline,Prov. Sulawesi Utara,24974,24599.523627367194
19,ExposureRateBaseline,Prov. Sumatera Barat,86458,58223.95340749178
19,ExposureRateBaseline,Prov. Sumatera Selatan,56467,40730.98484117804
19,ExposureRateBaseline,Prov. Sumatera Utara,141250,116323.65962382493
19,NB2_Offset,Prov. Aceh,62922,73766.54866333504
19,NB2_Offset,Prov. Bali,57531,69519.27610070065
19,NB2_Offset,Prov. Bangka Belitung,4086,4601.834555323933
19,NB2_Offset,Prov. Banten,153271,246443.61759763112
19,NB2_Offset,Prov. Bengkulu,25023,20371.640816428786
19,NB2_Offset,Prov. D.I. Yogyakarta,148425,165175.3538450726
19,NB2_Offset,Prov. D.K.I. Jakarta,205158,192669.10752564645
19,NB2_Offset,Prov. Gorontalo,23637,31274.911919002676
19,NB2_Offset,Prov. Jambi,29648,43136.75845704397
19,NB2_Offset,Prov. Jawa Barat,289638,318407.73699945735
19,NB2_Offset,Prov. Jawa Tengah,277371,317433.7801171041
19,NB2_Offset,Prov. Jawa Timur,384772,378330.9531981265
19,NB2_Offset,Prov. Kalimantan Barat,31951,36064.345674487486
19,NB2_Offset,Prov. Kalimantan Selatan,40426,44142.01451536553
19,NB2_Offset,Prov. Kalimantan Tengah,13721,17428.114127840392
19,NB2_Offset,Prov. Kalimantan Timur,26373,36264.28598865446
19,NB2_Offset,Prov. Kalimantan Utara,4104,6158.811641131421
19,NB2_Offset,Prov. Kepulauan Riau,12556,14700.631908363546
19,NB2_Offset,Prov. Lampung,48131,41258.29196580164
19,NB2_Offset,Prov. Maluku,18492,17672.010746107444
19,NB2_Offset,Prov. Maluku Utara,10471,6863.001126800976
19,NB2_Offset,Prov. Nusa Tenggara Barat,64464,51637.00538228511
19,NB2_Offset,Prov. Nusa Tenggara Timur,38936,48381.819869363964
19,NB2_Offset,Prov. Papua,15342,23978.55209211164
19,NB2_Offset,Prov. Papua Barat,5251,9335.209247363584
19,NB2_Offset,Prov. Riau,49020,52470.17242979344
19,NB2_Offset,Prov. Sulawesi Barat,6371,7656.827002352869
19,NB2_Offset,Prov. Sulawesi Selatan,134479,152450.32342615415
19,NB2_Offset,Prov. Sulawesi Tengah,23182,19988.434277759854
19,NB2_Offset,Prov. Sulawesi Tenggara,30830,37855.78404603568
19,NB2_Offset,Prov. Sulawesi Utara,24974,19508.149642049815
19,NB2_Offset,Prov. Sumatera Barat,86458,59948.380323214624
19,NB2_Offset,Prov. Sumatera Selatan,56467,43635.950743707035
19,NB2_Offset,Prov. Sumatera Utara,141250,157912.42091857694
19,PoissonRate,Prov. Aceh,62922,64455.73530407489
19,PoissonRate,Prov. Bali,57531,59485.89762394831
19,PoissonRate,Prov. Bangka Belitung,4086,4144.680188594281
19,PoissonRate,Prov. Banten,153271,280486.84345438355
19,PoissonRate,Prov. Bengkulu,25023,17607.870265901845
19,PoissonRate,Prov. D.I. Yogyakarta,148425,158931.2797615007
19,PoissonRate,Prov. D.K.I. Jakarta,205158,186204.7436212985
19,PoissonRate,Prov. Gorontalo,23637,27192.630137534998
19,PoissonRate,Prov. Jambi,29648,35034.34417372552
19,PoissonRate,Prov. Jawa Barat,289638,299157.4851439269
19,PoissonRate,Prov. Jawa Tengah,277371,286095.77883762313
19,PoissonRate,Prov. Jawa Timur,384772,346799.3453572916
19,PoissonRate,Prov. Kalimantan Barat,31951,34660.38097696147
19,PoissonRate,Prov. Kalimantan Selatan,40426,41033.004346921385
19,PoissonRate,Prov. Kalimantan Tengah,13721,16085.828710760677
19,PoissonRate,Prov. Kalimantan Timur,26373,32896.35335901513
19,PoissonRate,Prov. Kalimantan Utara,4104,5548.094501075568
19,PoissonRate,Prov. Kepulauan Riau,12556,14092.308204790084
19,PoissonRate,Prov. Lampung,48131,40895.62092934669
19,PoissonRate,Prov. Maluku,18492,18801.73517246957
19,PoissonRate,Prov. Maluku Utara,10471,6365.052717985197
19,PoissonRate,Prov. Nusa Tenggara Barat,64464,47622.67088988344
19,PoissonRate,Prov. Nusa Tenggara Timur,38936,43435.49886712018
19,PoissonRate,Prov. Papua,15342,20530.760833580287
19,PoissonRate,Prov. Papua Barat,5251,7466.727358603092
19,PoissonRate,Prov. Riau,49020,51519.76669132879
19,PoissonRate,Prov. Sulawesi Barat,6371,7339.999307957274
19,PoissonRate,Prov. Sulawesi Selatan,134479,139886.16572798832
19,PoissonRate,Prov. Sulawesi Tengah,23182,20531.991458306908
19,PoissonRate,Prov. Sulawesi Tenggara,30830,33849.481757116526
19,PoissonRate,Prov. Sulawesi Utara,24974,17285.344440806857
19,PoissonRate,Prov. Sumatera Barat,86458,57607.42280762245
19,PoissonRate,Prov. Sumatera Selatan,56467,40437.4760403963
19,PoissonRate,Prov. Sumatera Utara,141250,154989.35278250673
19,TweedieRate,Prov. Aceh,62922,65963.0523522581
19,TweedieRate,Prov. Bali,57531,59824.093691625654
19,TweedieRate,Prov. Bangka Belitung,4086,4478.146792368965
19,TweedieRate,Prov. Banten,153271,269622.536670564
19,TweedieRate,Prov. Bengkulu,25023,16564.173011753992
19,TweedieRate,Prov. D.I. Yogyakarta,148425,160990.99254605596
19,TweedieRate,Prov. D.K.I. Jakarta,205158,186352.54412362646
19,TweedieRate,Prov. Gorontalo,23637,26041.9137434269
19,TweedieRate,Prov. Jambi,29648,30475.722324235998
19,TweedieRate,Prov. Jawa Barat,289638,308880.6075357561
19,TweedieRate,Prov. Jawa Tengah,277371,287766.75419417396
19,TweedieRate,Prov. Jawa Timur,384772,350154.8212664814
19,TweedieRate,Prov. Kalimantan Barat,31951,35967.50446378501
19,TweedieRate,Prov. Kalimantan Selatan,40426,42933.95164143314
19,TweedieRate,Prov. Kalimantan Tengah,13721,16437.048255566522
19,TweedieRate,Prov. Kalimantan Timur,26373,32884.21525357043
19,TweedieRate,Prov. Kalimantan Utara,4104,5857.000667061165
19,TweedieRate,Prov. Kepulauan Riau,12556,14604.330744388417
19,TweedieRate,Prov. Lampung,48131,40517.25131362343
19,TweedieRate,Prov. Maluku,18492,17855.93652952828
19,TweedieRate,Prov. Maluku Utara,10471,6041.099871343241
19,TweedieRate,Prov. Nusa Tenggara Barat,64464,48912.168555322045
19,TweedieRate,Prov. Nusa Tenggara Timur,38936,43720.176739361494
19,TweedieRate,Prov. Papua,15342,20265.620542581968
19,TweedieRate,Prov. Papua Barat,5251,6940.6145674583595
19,TweedieRate,Prov. Riau,49020,53134.27671788185
19,TweedieRate,Prov. Sulawesi Barat,6371,7275.089959044971
19,TweedieRate,Prov. Sulawesi Selatan,134479,143816.74528234766
19,TweedieRate,Prov. Sulawesi Tengah,23182,20149.770689624766
19,TweedieRate,Prov. Sulawesi Tenggara,30830,33833.01480615941
19,TweedieRate,Prov. Sulawesi Utara,24974,16720.128049393195
19,TweedieRate,Prov. Sumatera Barat,86458,58306.68248186106
19,TweedieRate,Prov. Sumatera Selatan,56467,41468.273947570015
19,TweedieRate,Prov. Sumatera Utara,141250,158919.4341811261
19,HistGBPoissonRate,Prov. Aceh,62922,84257.03546713122
19,HistGBPoissonRate,Prov. Bali,57531,68238.5728307589
19,HistGBPoissonRate,Prov. Bangka Belitung,4086,4964.901079118273
19,HistGBPoissonRate,Prov. Banten,153271,184909.69599840662
19,HistGBPoissonRate,Prov. Bengkulu,25023,23370.95808676573
19,HistGBPoissonRate,Prov. D.I. Yogyakarta,148425,167093.53838634337
19,HistGBPoissonRate,Prov. D.K.I. Jakarta,205158,207227.37726558934
19,HistGBPoissonRate,Prov. Gorontalo,23637,34950.86760244851
19,HistGBPoissonRate,Prov. Jambi,29648,39539.34694194574
19,HistGBPoissonRate,Prov. Jawa Barat,289638,285961.7327776534
19,HistGBPoissonRate,Prov. Jawa Tengah,277371,334558.54058989027
19,HistGBPoissonRate,Prov. Jawa Timur,384772,369885.94240960147
19,HistGBPoissonRate,Prov. Kalimantan Barat,31951,40742.81357564596
19,HistGBPoissonRate,Prov. Kalimantan Selatan,40426,50782.66643822785
19,HistGBPoissonRate,Prov. Kalimantan Tengah,13721,13332.39985029353
19,HistGBPoissonRate,Prov. Kalimantan Timur,26373,30731.36173761794
19,HistGBPoissonRate,Prov. Kalimantan Utara,4104,6584.821815779672
19,HistGBPoissonRate,Prov. Kepulauan Riau,12556,14225.170977369196
19,HistGBPoissonRate,Prov. Lampung,48131,39316.194726298076
19,HistGBPoissonRate,Prov. Maluku,18492,17613.070109777207
19,HistGBPoissonRate,Prov. Maluku Utara,10471,6557.510301599779
19,HistGBPoissonRate,Prov. Nusa Tenggara Barat,64464,45474.39953708426
19,HistGBPoissonRate,Prov. Nusa Tenggara Timur,38936,55526.1264495701
19,HistGBPoissonRate,Prov. Papua,15342,23138.259310115664
19,HistGBPoissonRate,Prov. Papua Barat,5251,10135.27671908416
19,HistGBPoissonRate,Prov. Riau,49020,47801.84862825452
19,HistGBPoissonRate,Prov. Sulawesi Barat,6371,8023.042251763682
19,HistGBPoissonRate,Prov. Sulawesi Selatan,134479,142466.63376668454
19,HistGBPoissonRate,Prov. Sulawesi Tengah,23182,18387.598671281765
19,HistGBPoissonRate,Prov. Sulawesi Tenggara,30830,31077.044871976646
19,HistGBPoissonRate,Prov. Sulawesi Utara,24974,19333.012890096386
19,HistGBPoissonRate,Prov. Sumatera Barat,86458,61559.71694125837
19,HistGBPoissonRate,Prov. Sumatera Selatan,56467,42357.49490091449
19,HistGBPoissonRate,Prov. Sumatera Utara,141250,168933.14406633363
19,RandomForestLogCount,Prov. Aceh,62922,60321.297532787015
19,RandomForestLogCount,Prov. Bali,57531,55154.04976090675
19,RandomForestLogCount,Prov. Bangka Belitung,4086,4262.697390086628
19,RandomForestLogCount,Prov. Banten,153271,72298.44910085574
19,RandomForestLogCount,Prov. Bengkulu,25023,20544.51546921752
19,RandomForestLogCount,Prov. D.I. Yogyakarta,148425,122409.34123400756
19,RandomForestLogCount,Prov. D.K.I. Jakarta,205158,224375.81547693335
19,RandomForestLogCount,Prov. Gorontalo,23637,21488.346179165666
19,RandomForestLogCount,Prov. Jambi,29648,29892.839416853505
19,RandomForestLogCount,Prov. Jawa Barat,289638,269904.3032072314
19,RandomForestLogCount,Prov. Jawa Tengah,277371,257607.3459530447
19,RandomForestLogCount,Prov. Jawa Timur,384772,314016.61156226974
19,RandomForestLogCount,Prov. Kalimantan Barat,31951,30682.701297114243
19,RandomForestLogCount,Prov. Kalimantan Selatan,40426,33092.73714015754
19,RandomForestLogCount,Prov. Kalimantan Tengah,13721,14170.874450419002
19,RandomForestLogCount,Prov. Kalimantan Timur,26373,34274.128590328466
19,RandomForestLogCount,Prov. Kalimantan Utara,4104,4628.263629795224
19,RandomForestLogCount,Prov. Kepulauan Riau,12556,13882.304924415339
19,RandomForestLogCount,Prov. Lampung,48131,37390.97168911988
19,RandomForestLogCount,Prov. Maluku,18492,18668.23520238711
19,RandomForestLogCount,Prov. Maluku Utara,10471,6543.47077034273
19,RandomForestLogCount,Prov. Nusa Tenggara Barat,64464,45630.71263718129
19,RandomForestLogCount,Prov. Nusa Tenggara Timur,38936,42130.70643770482
19,RandomForestLogCount,Prov. Papua,15342,24468.82841642521
19,RandomForestLogCount,Prov. Papua Barat,5251,10600.156232971973
19,RandomForestLogCount,Prov. Riau,49020,46392.747600024995
19,RandomForestLogCount,Prov. Sulawesi Barat,6371,7373.950074552878
19,RandomForestLogCount,Prov. Sulawesi Selatan,134479,121331.20564717746
19,RandomForestLogCount,Prov. Sulawesi Tengah,23182,18717.53645171458
19,RandomForestLogCount,Prov. Sulawesi Tenggara,30830,28637.276686841044
19,RandomForestLogCount,Prov. Sulawesi Utara,24974,19895.223379163566
19,RandomForestLogCount,Prov. Sumatera Barat,86458,63083.83709306035
19,RandomForestLogCount,Prov. Sumatera Selatan,56467,38888.04472708261
19,RandomForestLogCount,Prov. Sumatera Utara,141250,119692.18348309812
19,ExtraTreesLogCount,Prov. Aceh,62922,61526.096446585645
19,ExtraTreesLogCount,Prov. Bali,57531,55405.894378848425
19,ExtraTreesLogCount,Prov. Bangka Belitung,4086,4199.145360636995
19,ExtraTreesLogCount,Prov. Banten,153271,82122.49319832711
19,ExtraTreesLogCount,Prov. Bengkulu,25023,20906.796556846733
19,ExtraTreesLogCount,Prov. D.I. Yogyakarta,148425,153047.9475441231
19,ExtraTreesLogCount,Prov. D.K.I. Jakarta,205158,203117.6398032594
19,ExtraTreesLogCount,Prov. Gorontalo,23637,23172.669947665465
19,ExtraTreesLogCount,Prov. Jambi,29648,30195.099091972523
19,ExtraTreesLogCount,Prov. Jawa Barat,289638,274105.3869998036
19,ExtraTreesLogCount,Prov. Jawa Tengah,277371,265883.0851209176
19,ExtraTreesLogCount,Prov. Jawa Timur,384772,322205.630598117
19,ExtraTreesLogCount,Prov. Kalimantan Barat,31951,31207.767795989483
19,ExtraTreesLogCount,Prov. Kalimantan Selatan,40426,34787.94786884038
19,ExtraTreesLogCount,Prov. Kalimantan Tengah,13721,15873.177692987465
19,ExtraTreesLogCount,Prov. Kalimantan Timur,26373,34017.91816933775
19,ExtraTreesLogCount,Prov. Kalimantan Utara,4104,4614.193589209918
19,ExtraTreesLogCount,Prov. Kepulauan Riau,12556,13950.88947296895
19,ExtraTreesLogCount,Prov. Lampung,48131,37660.28699794651
19,ExtraTreesLogCount,Prov. Maluku,18492,18779.77037035206
19,ExtraTreesLogCount,Prov. Maluku Utara,10471,6937.8583432540545
19,ExtraTreesLogCount,Prov. Nusa Tenggara Barat,64464,44232.174265845984
19,ExtraTreesLogCount,Prov. Nusa Tenggara Timur,38936,42022.079328842796
19,ExtraTreesLogCount,Prov. Papua,15342,27092.956994869328
19,ExtraTreesLogCount,Prov. Papua Barat,5251,10293.781957150173
19,ExtraTreesLogCount,Prov. Riau,49020,46898.09449606142
19,ExtraTreesLogCount,Prov. Sulawesi Barat,6371,7344.968476929114
19,ExtraTreesLogCount,Prov. Sulawesi Selatan,134479,130988.71885869818
19,ExtraTreesLogCount,Prov. Sulawesi Tengah,23182,19252.96267101158
19,ExtraTreesLogCount,Prov. Sulawesi Tenggara,30830,29960.721668013706
19,ExtraTreesLogCount,Prov. Sulawesi Utara,24974,20506.147717937234
19,ExtraTreesLogCount,Prov. Sumatera Barat,86458,62391.599240779986
19,ExtraTreesLogCount,Prov. Sumatera Selatan,56467,38178.419251243016
19,ExtraTreesLogCount,Prov. Sumatera Utara,141250,132142.47414548285
20,ExposureRateBaseline,Prov. Aceh,62922,53534.97341644376
20,ExposureRateBaseline,Prov. Bali,57531,42943.42262096343
20,ExposureRateBaseline,Prov. Bangka Belitung,4086,5410.172830771816
20,ExposureRateBaseline,Prov. Banten,153271,542199.8291412579
20,ExposureRateBaseline,Prov. Bengkulu,25023,18527.4165092779
20,ExposureRateBaseline,Prov. D.I. Yogyakarta,148425,110807.9663076625
20,ExposureRateBaseline,Prov. D.K.I. Jakarta,205158,190346.85023430362
20,ExposureRateBaseline,Prov. Gorontalo,23637,15629.5359349484
20,ExposureRateBaseline,Prov. Jambi,29648,26506.452877701602
20,ExposureRateBaseline,Prov. Jawa Barat,289638,305473.1093817247
20,ExposureRateBaseline,Prov. Jawa Tengah,277371,253563.22313001545
20,ExposureRateBaseline,Prov. Jawa Timur,384772,288126.37339959334
20,ExposureRateBaseline,Prov. Kalimantan Barat,31951,33177.44236048951
20,ExposureRateBaseline,Prov. Kalimantan Selatan,40426,28164.526343854435
20,ExposureRateBaseline,Prov. Kalimantan Tengah,13721,13632.520834049998
20,ExposureRateBaseline,Prov. Kalimantan Timur,26373,33693.13818213011
20,ExposureRateBaseline,Prov. Kalimantan Utara,4104,3727.8725111010444
20,ExposureRateBaseline,Prov. Kepulauan Riau,12556,15402.63726429804
20,ExposureRateBaseline,Prov. Lampung,48131,49112.01337238927
20,ExposureRateBaseline,Prov. Maluku,18492,19206.06667545004
20,ExposureRateBaseline,Prov. Maluku Utara,10471,10341.529897669658
20,ExposureRateBaseline,Prov. Nusa Tenggara Barat,64464,43154.12030658394
20,ExposureRateBaseline,Prov. Nusa Tenggara Timur,38936,51018.31160392097
20,ExposureRateBaseline,Prov. Papua,15342,27773.74295027133
20,ExposureRateBaseline,Prov. Papua Barat,5251,12386.559355833466
20,ExposureRateBaseline,Prov. Riau,49020,57712.15367808259
20,ExposureRateBaseline,Prov. Sulawesi Barat,6371,8843.133478164107
20,ExposureRateBaseline,Prov. Sulawesi Selatan,134479,109967.03137682262
20,ExposureRateBaseline,Prov. Sulawesi Tengah,23182,24049.2373525011
20,ExposureRateBaseline,Prov. Sulawesi Tenggara,30830,31291.83785348595
20,ExposureRateBaseline,Prov. Sulawesi Utara,24974,25564.670709592727
20,ExposureRateBaseline,Prov. Sumatera Barat,86458,57578.119700474206
20,ExposureRateBaseline,Prov. Sumatera Selatan,56467,41710.691105616505
20,ExposureRateBaseline,Prov. Sumatera Utara,141250,118954.80307180039
20,NB2_Offset,Prov. Aceh,62922,73699.02634109608
20,NB2_Offset,Prov. Bali,57531,68236.63114662902
20,NB2_Offset,Prov. Bangka Belitung,4086,4584.327512719971
20,NB2_Offset,Prov. Banten,153271,253153.8869727009
20,NB2_Offset,Prov. Bengkulu,25023,20670.599308076504
20,NB2_Offset,Prov. D.I. Yogyakarta,148425,176608.09306637142
20,NB2_Offset,Prov. D.K.I. Jakarta,205158,195072.67493136978
20,NB2_Offset,Prov. Gorontalo,23637,32071.49304403217
20,NB2_Offset,Prov. Jambi,29648,42074.44535435733
20,NB2_Offset,Prov. Jawa Barat,289638,327648.1322057106
20,NB2_Offset,Prov. Jawa Tengah,277371,324852.47029069153
20,NB2_Offset,Prov. Jawa Timur,384772,384347.40890164237
20,NB2_Offset,Prov. Kalimantan Barat,31951,38278.09782240294
20,NB2_Offset,Prov. Kalimantan Selatan,40426,43791.734004476224
20,NB2_Offset,Prov. Kalimantan Tengah,13721,17511.11043711748
20,NB2_Offset,Prov. Kalimantan Timur,26373,38386.29498243938
20,NB2_Offset,Prov. Kalimantan Utara,4104,5775.1736060532
20,NB2_Offset,Prov. Kepulauan Riau,12556,14495.279141029863
20,NB2_Offset,Prov. Lampung,48131,41045.31552542818
20,NB2_Offset,Prov. Maluku,18492,17547.202179342166
20,NB2_Offset,Prov. Maluku Utara,10471,6825.920026342574
20,NB2_Offset,Prov. Nusa Tenggara Barat,64464,50519.09112664499
20,NB2_Offset,Prov. Nusa Tenggara Timur,38936,51608.40582016134
20,NB2_Offset,Prov. Papua,15342,24432.070792204402
20,NB2_Offset,Prov. Papua Barat,5251,9218.494491396154
20,NB2_Offset,Prov. Riau,49020,56269.63447420688
20,NB2_Offset,Prov. Sulawesi Barat,6371,7745.690008015795
20,NB2_Offset,Prov. Sulawesi Selatan,134479,149933.5417959268
20,NB2_Offset,Prov. Sulawesi Tengah,23182,20296.011838410366
20,NB2_Offset,Prov. Sulawesi Tenggara,30830,36221.38391726212
20,NB2_Offset,Prov. Sulawesi Utara,24974,19897.21269026883
20,NB2_Offset,Prov. Sumatera Barat,86458,61391.399568308174
20,NB2_Offset,Prov. Sumatera Selatan,56467,43916.82227827165
20,NB2_Offset,Prov. Sumatera Utara,141250,154057.736958091
20,PoissonRate,Prov. Aceh,62922,65779.77836951203
20,PoissonRate,Prov. Bali,57531,60315.89027984402
20,PoissonRate,Prov. Bangka Belitung,4086,4313.932523485724
20,PoissonRate,Prov. Banten,153271,275333.29208633787
20,PoissonRate,Prov. Bengkulu,25023,17248.222454441508
20,PoissonRate,Prov. D.I. Yogyakarta,148425,169056.49758348646
20,PoissonRate,Prov. D.K.I. Jakarta,205158,185441.54092893586
20,PoissonRate,Prov. Gorontalo,23637,25356.73835535898
20,PoissonRate,Prov. Jambi,29648,36070.93434583427
20,PoissonRate,Prov. Jawa Barat,289638,302386.60562299297
20,PoissonRate,Prov. Jawa Tengah,277371,301256.590178945
20,PoissonRate,Prov. Jawa Timur,384772,343167.9936054139
20,PoissonRate,Prov. Kalimantan Barat,31951,37434.65434535959
20,PoissonRate,Prov. Kalimantan Selatan,40426,39461.67722438262
20,PoissonRate,Prov. Kalimantan Tengah,13721,16154.3746513054
20,PoissonRate,Prov. Kalimantan Timur,26373,33857.44365243871
20,PoissonRate,Prov. Kalimantan Utara,4104,5348.1140160102195
20,PoissonRate,Prov. Kepulauan Riau,12556,13885.338858652254
20,PoissonRate,Prov. Lampung,48131,37243.712681811565
20,PoissonRate,Prov. Maluku,18492,14415.221124575643
20,PoissonRate,Prov. Maluku Utara,10471,6240.889525815659
20,PoissonRate,Prov. Nusa Tenggara Barat,64464,47911.03691667074
20,PoissonRate,Prov. Nusa Tenggara Timur,38936,49994.09480660743
20,PoissonRate,Prov. Papua,15342,21325.863548234487
20,PoissonRate,Prov. Papua Barat,5251,7335.309427187929
20,PoissonRate,Prov. Riau,49020,56122.6425722267
20,PoissonRate,Prov. Sulawesi Barat,6371,7097.686262177391
20,PoissonRate,Prov. Sulawesi Selatan,134479,143318.5621900393
20,PoissonRate,Prov. Sulawesi Tengah,23182,18353.205598547036
20,PoissonRate,Prov. Sulawesi Tenggara,30830,32662.129970725182
20,PoissonRate,Prov. Sulawesi Utara,24974,17513.824422845788
20,PoissonRate,Prov. Sumatera Barat,86458,54579.47375491542
20,PoissonRate,Prov. Sumatera Selatan,56467,39989.95743217709
20,PoissonRate,Prov. Sumatera Utara,141250,155475.31794967334
20,TweedieRate,Prov. Aceh,62922,65819.41341315534
20,TweedieRate,Prov. Bali,57531,60459.97541798935
20,TweedieRate,Prov. Bangka Belitung,4086,4561.223912375771
20,TweedieRate,Prov. Banten,153271,268478.1696488178
20,TweedieRate,Prov. Bengkulu,25023,16355.872922797293
20,TweedieRate,Prov. D.I. Yogyakarta,148425,168405.02446584392
20,TweedieRate,Prov. D.K.I. Jakarta,205158,186736.9215847657
20,TweedieRate,Prov. Gorontalo,23637,23986.58154994304
20,TweedieRate,Prov. Jambi,29648,30409.86384011435
20,TweedieRate,Prov. Jawa Barat,289638,302064.2672878715
20,TweedieRate,Prov. Jawa Tengah,277371,295419.3481816389
20,TweedieRate,Prov. Jawa Timur,384772,345081.68449050316
20,TweedieRate,Prov. Kalimantan Barat,31951,36176.713447082744
20,TweedieRate,Prov. Kalimantan Selatan,40426,40533.86033889227
20,TweedieRate,Prov. Kalimantan Tengah,13721,16692.23491252304
20,TweedieRate,Prov. Kalimantan Timur,26373,33905.97018379713
20,TweedieRate,Prov. Kalimantan Utara,4104,5542.051904969781
20,TweedieRate,Prov. Kepulauan Riau,12556,14391.531796709089
20,TweedieRate,Prov. Lampung,48131,37199.91111044709
20,TweedieRate,Prov. Maluku,18492,13259.27476426
20,TweedieRate,Prov. Maluku Utara,10471,5952.983880973976
20,TweedieRate,Prov. Nusa Tenggara Barat,64464,49218.54343169014
20,TweedieRate,Prov. Nusa Tenggara Timur,38936,48369.77752156101
20,TweedieRate,Prov. Papua,15342,20862.867141241342
20,TweedieRate,Prov. Papua Barat,5251,6825.340762332869
20,TweedieRate,Prov. Riau,49020,55001.10266351496
20,TweedieRate,Prov. Sulawesi Barat,6371,6995.582580143005
20,TweedieRate,Prov. Sulawesi Selatan,134479,145047.52140495097
20,TweedieRate,Prov. Sulawesi Tengah,23182,17931.751040558225
20,TweedieRate,Prov. Sulawesi Tenggara,30830,32924.2322367547
20,TweedieRate,Prov. Sulawesi Utara,24974,16915.79471048355
20,TweedieRate,Prov. Sumatera Barat,86458,56361.26472714628
20,TweedieRate,Prov. Sumatera Selatan,56467,41169.78650896314
20,TweedieRate,Prov. Sumatera Utara,141250,158904.32563898325
20,HistGBPoissonRate,Prov. Aceh,62922,71004.81637533534
20,HistGBPoissonRate,Prov. Bali,57531,59839.32540250682
20,HistGBPoissonRate,Prov. Bangka Belitung,4086,4329.6598408992795
20,HistGBPoissonRate,Prov. Banten,153271,183891.52641248712
20,HistGBPoissonRate,Prov. Bengkulu,25023,22670.293994012318
20,HistGBPoissonRate,Prov. D.I. Yogyakarta,148425,175248.15844100306
20,HistGBPoissonRate,Prov. D.K.I. Jakarta,205158,214987.8755233759
20,HistGBPoissonRate,Prov. Gorontalo,23637,28971.415158154305
20,HistGBPoissonRate,Prov. Jambi,29648,34908.34477069383
20,HistGBPoissonRate,Prov. Jawa Barat,289638,302050.7404453184
20,HistGBPoissonRate,Prov. Jawa Tengah,277371,325309.4510716685
20,HistGBPoissonRate,Prov. Jawa Timur,384772,338521.742591987
20,HistGBPoissonRate,Prov. Kalimantan Barat,31951,40036.46351388585
20,HistGBPoissonRate,Prov. Kalimantan Selatan,40426,36745.90484816953
20,HistGBPoissonRate,Prov. Kalimantan Tengah,13721,15666.406830465256
20,HistGBPoissonRate,Prov. Kalimantan Timur,26373,33780.368861737
20,HistGBPoissonRate,Prov. Kalimantan Utara,4104,5830.393687158374
20,HistGBPoissonRate,Prov. Kepulauan Riau,12556,14977.366521968153
20,HistGBPoissonRate,Prov. Lampung,48131,40381.181071474
20,HistGBPoissonRate,Prov. Maluku,18492,22917.243706802095
20,HistGBPoissonRate,Prov. Maluku Utara,10471,6771.025539464538
20,HistGBPoissonRate,Prov. Nusa Tenggara Barat,64464,45887.99118702598
20,HistGBPoissonRate,Prov. Nusa Tenggara Timur,38936,50734.7608107853
20,HistGBPoissonRate,Prov. Papua,15342,20421.616106999118
20,HistGBPoissonRate,Prov. Papua Barat,5251,9222.783548696449
20,HistGBPoissonRate,Prov. Riau,49020,52016.177713957455
20,HistGBPoissonRate,Prov. Sulawesi Barat,6371,7821.023426943094
20,HistGBPoissonRate,Prov. Sulawesi Selatan,134479,148673.1680782942
20,HistGBPoissonRate,Prov. Sulawesi Tengah,23182,18332.809721889713
20,HistGBPoissonRate,Prov. Sulawesi Tenggara,30830,32722.027090870994
20,HistGBPoissonRate,Prov. Sulawesi Utara,24974,20563.91464275962
20,HistGBPoissonRate,Prov. Sumatera Barat,86458,56472.68247548247
20,HistGBPoissonRate,Prov. Sumatera Selatan,56467,40925.42254757323
20,HistGBPoissonRate,Prov. Sumatera Utara,141250,156756.1937529004
20,RandomForestLogCount,Prov. Aceh,62922,60473.4631977895
20,RandomForestLogCount,Prov. Bali,57531,56310.101295246124
20,RandomForestLogCount,Prov. Bangka Belitung,4086,4161.49634028352
20,RandomForestLogCount,Prov. Banten,153271,68862.31844357579
20,RandomForestLogCount,Prov. Bengkulu,25023,19904.999209773756
20,RandomForestLogCount,Prov. D.I. Yogyakarta,148425,133584.12271654597
20,RandomForestLogCount,Prov. D.K.I. Jakarta,205158,216933.55323263432
20,RandomForestLogCount,Prov. Gorontalo,23637,21372.05619929057
20,RandomForestLogCount,Prov. Jambi,29648,28858.763064130446
20,RandomForestLogCount,Prov. Jawa Barat,289638,269955.2018237479
20,RandomForestLogCount,Prov. Jawa Tengah,277371,247199.3690211217
20,RandomForestLogCount,Prov. Jawa Timur,384772,315031.89092696557
20,RandomForestLogCount,Prov. Kalimantan Barat,31951,31859.9888511881
20,RandomForestLogCount,Prov. Kalimantan Selatan,40426,33078.394660215454
20,RandomForestLogCount,Prov. Kalimantan Tengah,13721,14655.61542194943
20,RandomForestLogCount,Prov. Kalimantan Timur,26373,32937.790010818935
20,RandomForestLogCount,Prov. Kalimantan Utara,4104,5002.039193090612
20,RandomForestLogCount,Prov. Kepulauan Riau,12556,13442.26161064663
20,RandomForestLogCount,Prov. Lampung,48131,39011.70754625255
20,RandomForestLogCount,Prov. Maluku,18492,16644.437060058415
20,RandomForestLogCount,Prov. Maluku Utara,10471,6841.722018911649
20,RandomForestLogCount,Prov. Nusa Tenggara Barat,64464,46182.51851302223
20,RandomForestLogCount,Prov. Nusa Tenggara Timur,38936,43573.905112987995
20,RandomForestLogCount,Prov. Papua,15342,25193.804151023385
20,RandomForestLogCount,Prov. Papua Barat,5251,9757.603815245951
20,RandomForestLogCount,Prov. Riau,49020,45815.379462649515
20,RandomForestLogCount,Prov. Sulawesi Barat,6371,7280.046682662543
20,RandomForestLogCount,Prov. Sulawesi Selatan,134479,118579.92973897951
20,RandomForestLogCount,Prov. Sulawesi Tengah,23182,19347.936900222106
20,RandomForestLogCount,Prov. Sulawesi Tenggara,30830,26703.91679195556
20,RandomForestLogCount,Prov. Sulawesi Utara,24974,21264.518597479084
20,RandomForestLogCount,Prov. Sumatera Barat,86458,58777.484016285736
20,RandomForestLogCount,Prov. Sumatera Selatan,56467,42903.575121760514
20,RandomForestLogCount,Prov. Sumatera Utara,141250,123489.41851978221
20,ExtraTreesLogCount,Prov. Aceh,62922,60647.84471139369
20,ExtraTreesLogCount,Prov. Bali,57531,58528.565217591415
20,ExtraTreesLogCount,Prov. Bangka Belitung,4086,4143.552012342755
20,ExtraTreesLogCount,Prov. Banten,153271,74886.38941410817
20,ExtraTreesLogCount,Prov. Bengkulu,25023,21145.41207115217
20,ExtraTreesLogCount,Prov. D.I. Yogyakarta,148425,149860.27885686865
20,ExtraTreesLogCount,Prov. D.K.I. Jakarta,205158,218676.32136202496
20,ExtraTreesLogCount,Prov. Gorontalo,23637,22167.36012332868
20,ExtraTreesLogCount,Prov. Jambi,29648,28933.692586047353
20,ExtraTreesLogCount,Prov. Jawa Barat,289638,271468.04838639667
20,ExtraTreesLogCount,Prov. Jawa Tengah,277371,262540.85134886455
20,ExtraTreesLogCount,Prov. Jawa Timur,384772,318489.8103704346
20,ExtraTreesLogCount,Prov. Kalimantan Barat,31951,33038.19407636334
20,ExtraTreesLogCount,Prov. Kalimantan Selatan,40426,34880.468436831936
20,ExtraTreesLogCount,Prov. Kalimantan Tengah,13721,15060.168862810691
20,ExtraTreesLogCount,Prov. Kalimantan Timur,26373,32496.554515015883
20,ExtraTreesLogCount,Prov. Kalimantan Utara,4104,4685.756807460662
20,ExtraTreesLogCount,Prov. Kepulauan Riau,12556,13573.33542677697
20,ExtraTreesLogCount,Prov. Lampung,48131,39130.77424764979
20,ExtraTreesLogCount,Prov. Maluku,18492,17621.091463408768
20,ExtraTreesLogCount,Prov. Maluku Utara,10471,6825.6673577832225
20,ExtraTreesLogCount,Prov. Nusa Tenggara Barat,64464,44349.831709242855
20,ExtraTreesLogCount,Prov. Nusa Tenggara Timur,38936,44278.7360650251
20,ExtraTreesLogCount,Prov. Papua,15342,26986.480800827147
20,ExtraTreesLogCount,Prov. Papua Barat,5251,9648.118075796685
20,ExtraTreesLogCount,Prov. Riau,49020,49889.48274141451
20,ExtraTreesLogCount,Prov. Sulawesi Barat,6371,7222.532686480042
20,ExtraTreesLogCount,Prov. Sulawesi Selatan,134479,137844.36251961868
20,ExtraTreesLogCount,Prov. Sulawesi Tengah,23182,20551.904302401275
20,ExtraTreesLogCount,Prov. Sulawesi Tenggara,30830,27845.661542747257
20,ExtraTreesLogCount,Prov. Sulawesi Utara,24974,22368.667921734854
20,ExtraTreesLogCount,Prov. Sumatera Barat,86458,59544.062113271604
20,ExtraTreesLogCount,Prov. Sumatera Selatan,56467,40058.10820933386
20,ExtraTreesLogCount,Prov. Sumatera Utara,141250,136795.62157946455
